mN (GeV),Lambda (TeV),Lambda (GeV),Ve^2,Total Width,BR Visible,ctau (m),N_events,Br(Mto3)_Lambda,N3_events
0.1,1.0,1000.0,1.0000000000000002e-10,7.252729552928345e-29,0.36999113758490804,2716218749952.6953,0.48385546528950135,0.10277718458155476,0.04972930246685314
0.1,2.0,2000.0,1.0000000000000002e-10,7.252729552928345e-29,0.36999113758490804,2716218749952.6953,0.48385546528950135,0.006423574036347172,0.0031080814041783214
0.1,3.0,3000.0,1.0000000000000002e-10,7.252729552928345e-29,0.36999113758490804,2716218749952.6953,0.48385546528950135,0.0012688541306364787,0.0006139420057636191
0.1,4.0,4000.0,1.0000000000000002e-10,7.252729552928345e-29,0.36999113758490804,2716218749952.6953,0.48385546528950135,0.00040147337727169827,0.0001942550877611451
0.1,5.0,5000.0,1.0000000000000002e-10,7.252729552928345e-29,0.36999113758490804,2716218749952.6953,0.48385546528950135,0.0001644434953304876,7.956688394696503e-05
0.1,6.0,6000.0,1.0000000000000002e-10,7.252729552928345e-29,0.36999113758490804,2716218749952.6953,0.48385546528950135,7.930338316477992e-05,3.8371375360226194e-05
0.1,7.0,7000.0,1.0000000000000002e-10,7.252729552928345e-29,0.36999113758490804,2716218749952.6953,0.48385546528950135,4.280599107936475e-05,2.0711912730884276e-05
0.1,8.0,8000.0,1.0000000000000002e-10,7.252729552928345e-29,0.36999113758490804,2716218749952.6953,0.48385546528950135,2.509208607948114e-05,1.2140942985071568e-05
0.1,9.0,9000.0,1.0000000000000002e-10,7.252729552928345e-29,0.36999113758490804,2716218749952.6953,0.48385546528950135,1.5664865810326897e-05,7.579530935353322e-06
0.1,10.0,10000.0,1.0000000000000002e-10,7.252729552928345e-29,0.36999113758490804,2716218749952.6953,0.48385546528950135,1.0277718458155475e-05,4.972930246685314e-06
0.1,11.0,11000.0,1.0000000000000002e-10,7.252729552928345e-29,0.36999113758490804,2716218749952.6953,0.48385546528950135,7.0198199973741375e-06,3.3965782710780095e-06
0.1,12.0,12000.0,1.0000000000000002e-10,7.252729552928345e-29,0.36999113758490804,2716218749952.6953,0.48385546528950135,4.956461447798745e-06,2.398210960014137e-06
0.1,13.0,13000.0,1.0000000000000002e-10,7.252729552928345e-29,0.36999113758490804,2716218749952.6953,0.48385546528950135,3.598514918299597e-06,1.7411611101450634e-06
0.1,14.0,14000.0,1.0000000000000002e-10,7.252729552928345e-29,0.36999113758490804,2716218749952.6953,0.48385546528950135,2.675374442460297e-06,1.2944945456802673e-06
0.1,15.0,15000.0,1.0000000000000002e-10,7.252729552928345e-29,0.36999113758490804,2716218749952.6953,0.48385546528950135,2.030166609018365e-06,9.823072092217902e-07
0.1,16.0,16000.0,1.0000000000000002e-10,7.252729552928345e-29,0.36999113758490804,2716218749952.6953,0.48385546528950135,1.5682553799675714e-06,7.58808936566973e-07
0.1,17.0,17000.0,1.0000000000000002e-10,7.252729552928345e-29,0.36999113758490804,2716218749952.6953,0.48385546528950135,1.2305550051071559e-06,5.954107645604476e-07
0.1,18.0,18000.0,1.0000000000000002e-10,7.252729552928345e-29,0.36999113758490804,2716218749952.6953,0.48385546528950135,9.79054113145431e-07,4.7372068345958263e-07
0.1,19.0,19000.0,1.0000000000000002e-10,7.252729552928345e-29,0.36999113758490804,2716218749952.6953,0.48385546528950135,7.886463776486885e-07,3.8159086000608595e-07
0.1,20.0,20000.0,1.0000000000000002e-10,7.252729552928345e-29,0.36999113758490804,2716218749952.6953,0.48385546528950135,6.423574036347172e-07,3.1080814041783213e-07
0.1,21.0,21000.0,1.0000000000000002e-10,7.252729552928345e-29,0.36999113758490804,2716218749952.6953,0.48385546528950135,5.284690256711696e-07,2.5570262630721323e-07
0.1,22.0,22000.0,1.0000000000000002e-10,7.252729552928345e-29,0.36999113758490804,2716218749952.6953,0.48385546528950135,4.387387498358836e-07,2.122861419423756e-07
0.1,23.0,23000.0,1.0000000000000002e-10,7.252729552928345e-29,0.36999113758490804,2716218749952.6953,0.48385546528950135,3.6726993035886355e-07,1.7770556304063068e-07
0.1,24.0,24000.0,1.0000000000000002e-10,7.252729552928345e-29,0.36999113758490804,2716218749952.6953,0.48385546528950135,3.0977884048742155e-07,1.4988818500088357e-07
0.1,25.0,25000.0,1.0000000000000002e-10,7.252729552928345e-29,0.36999113758490804,2716218749952.6953,0.48385546528950135,2.631095925287802e-07,1.2730701431514405e-07
0.1,26.0,26000.0,1.0000000000000002e-10,7.252729552928345e-29,0.36999113758490804,2716218749952.6953,0.48385546528950135,2.249071823937248e-07,1.0882256938406646e-07
0.1,27.0,27000.0,1.0000000000000002e-10,7.252729552928345e-29,0.36999113758490804,2716218749952.6953,0.48385546528950135,1.9339340506576406e-07,9.357445599201628e-08
0.1,28.0,28000.0,1.0000000000000002e-10,7.252729552928345e-29,0.36999113758490804,2716218749952.6953,0.48385546528950135,1.6721090265376855e-07,8.09059091050167e-08
0.1,29.0,29000.0,1.0000000000000002e-10,7.252729552928345e-29,0.36999113758490804,2716218749952.6953,0.48385546528950135,1.4531308572060435e-07,7.031053070399622e-08
0.1,30.0,30000.0,1.0000000000000002e-10,7.252729552928345e-29,0.36999113758490804,2716218749952.6953,0.48385546528950135,1.268854130636478e-07,6.139420057636189e-08
0.1,31.0,31000.0,1.0000000000000002e-10,7.252729552928345e-29,0.36999113758490804,2716218749952.6953,0.48385546528950135,1.1128841096364322e-07,5.384750586814283e-08
0.1,32.0,32000.0,1.0000000000000002e-10,7.252729552928345e-29,0.36999113758490804,2716218749952.6953,0.48385546528950135,9.801596124797321e-08,4.742555853543581e-08
0.1,33.0,33000.0,1.0000000000000002e-10,7.252729552928345e-29,0.36999113758490804,2716218749952.6953,0.48385546528950135,8.666444441202642e-08,4.1933065075037166e-08
0.1,34.0,34000.0,1.0000000000000002e-10,7.252729552928345e-29,0.36999113758490804,2716218749952.6953,0.48385546528950135,7.690968781919724e-08,3.721317278502798e-08
0.1,35.0,35000.0,1.0000000000000002e-10,7.252729552928345e-29,0.36999113758490804,2716218749952.6953,0.48385546528950135,6.848958572698358e-08,3.3139060369414834e-08
0.1,36.0,36000.0,1.0000000000000002e-10,7.252729552928345e-29,0.36999113758490804,2716218749952.6953,0.48385546528950135,6.119088207158944e-08,2.9607542716223915e-08
0.1,37.0,37000.0,1.0000000000000002e-10,7.252729552928345e-29,0.36999113758490804,2716218749952.6953,0.48385546528950135,5.4839037084623344e-08,2.653416780460865e-08
0.1,38.0,38000.0,1.0000000000000002e-10,7.252729552928345e-29,0.36999113758490804,2716218749952.6953,0.48385546528950135,4.929039860304303e-08,2.384942875038037e-08
0.1,39.0,39000.0,1.0000000000000002e-10,7.252729552928345e-29,0.36999113758490804,2716218749952.6953,0.48385546528950135,4.442611010246413e-08,2.14958161746304e-08
0.1,40.0,40000.0,1.0000000000000002e-10,7.252729552928345e-29,0.36999113758490804,2716218749952.6953,0.48385546528950135,4.0147337727169825e-08,1.9425508776114508e-08
0.1,41.0,41000.0,1.0000000000000002e-10,7.252729552928345e-29,0.36999113758490804,2716218749952.6953,0.48385546528950135,3.637150650092302e-08,1.759855220128423e-08
0.1,42.0,42000.0,1.0000000000000002e-10,7.252729552928345e-29,0.36999113758490804,2716218749952.6953,0.48385546528950135,3.30293141044481e-08,1.5981414144200827e-08
0.1,43.0,43000.0,1.0000000000000002e-10,7.252729552928345e-29,0.36999113758490804,2716218749952.6953,0.48385546528950135,3.0062347759215803e-08,1.454583126273016e-08
0.1,44.0,44000.0,1.0000000000000002e-10,7.252729552928345e-29,0.36999113758490804,2716218749952.6953,0.48385546528950135,2.7421171864742725e-08,1.3267883871398475e-08
0.1,45.0,45000.0,1.0000000000000002e-10,7.252729552928345e-29,0.36999113758490804,2716218749952.6953,0.48385546528950135,2.5063785296523027e-08,1.2127249496565311e-08
0.1,46.0,46000.0,1.0000000000000002e-10,7.252729552928345e-29,0.36999113758490804,2716218749952.6953,0.48385546528950135,2.2954370647428972e-08,1.1106597690039418e-08
0.1,47.0,47000.0,1.0000000000000002e-10,7.252729552928345e-29,0.36999113758490804,2716218749952.6953,0.48385546528950135,2.1062275296593108e-08,1.0191097013688628e-08
0.1,48.0,48000.0,1.0000000000000002e-10,7.252729552928345e-29,0.36999113758490804,2716218749952.6953,0.48385546528950135,1.9361177530463847e-08,9.368011562555223e-09
0.1,49.0,49000.0,1.0000000000000002e-10,7.252729552928345e-29,0.36999113758490804,2716218749952.6953,0.48385546528950135,1.7828401115937004e-08,8.626369317319565e-09
0.1,50.0,50000.0,1.0000000000000002e-10,7.252729552928345e-29,0.36999113758490804,2716218749952.6953,0.48385546528950135,1.6444349533048763e-08,7.956688394696503e-09
0.1,51.0,51000.0,1.0000000000000002e-10,7.252729552928345e-29,0.36999113758490804,2716218749952.6953,0.48385546528950135,1.519203710008834e-08,7.350750179758611e-09
0.1,52.0,52000.0,1.0000000000000002e-10,7.252729552928345e-29,0.36999113758490804,2716218749952.6953,0.48385546528950135,1.40566988996078e-08,6.801410586504154e-09
0.1,53.0,53000.0,1.0000000000000002e-10,7.252729552928345e-29,0.36999113758490804,2716218749952.6953,0.48385546528950135,1.3025465061199029e-08,6.3024424577986e-09
0.1,54.0,54000.0,1.0000000000000002e-10,7.252729552928345e-29,0.36999113758490804,2716218749952.6953,0.48385546528950135,1.2087087816610254e-08,5.8484034995010174e-09
0.1,55.0,55000.0,1.0000000000000002e-10,7.252729552928345e-29,0.36999113758490804,2716218749952.6953,0.48385546528950135,1.1231711995798622e-08,5.4345252337248165e-09
0.1,56.0,56000.0,1.0000000000000002e-10,7.252729552928345e-29,0.36999113758490804,2716218749952.6953,0.48385546528950135,1.0450681415860535e-08,5.056619319063544e-09
0.1,57.0,57000.0,1.0000000000000002e-10,7.252729552928345e-29,0.36999113758490804,2716218749952.6953,0.48385546528950135,9.736375032699858e-09,4.710998271680074e-09
0.1,58.0,58000.0,1.0000000000000002e-10,7.252729552928345e-29,0.36999113758490804,2716218749952.6953,0.48385546528950135,9.082067857537772e-09,4.3944081689997635e-09
0.1,59.0,59000.0,1.0000000000000002e-10,7.252729552928345e-29,0.36999113758490804,2716218749952.6953,0.48385546528950135,8.481812548256566e-09,4.103971357035012e-09
0.1,60.0,60000.0,1.0000000000000002e-10,7.252729552928345e-29,0.36999113758490804,2716218749952.6953,0.48385546528950135,7.930338316477988e-09,3.837137536022618e-09
0.1,61.0,61000.0,1.0000000000000002e-10,7.252729552928345e-29,0.36999113758490804,2716218749952.6953,0.48385546528950135,7.422964381979738e-09,3.591641884870202e-09
0.1,62.0,62000.0,1.0000000000000002e-10,7.252729552928345e-29,0.36999113758490804,2716218749952.6953,0.48385546528950135,6.955525685227701e-09,3.365469116758927e-09
0.1,63.0,63000.0,1.0000000000000002e-10,7.252729552928345e-29,0.36999113758490804,2716218749952.6953,0.48385546528950135,6.524308958903328e-09,3.156822547002632e-09
0.1,64.0,64000.0,1.0000000000000002e-10,7.252729552928345e-29,0.36999113758490804,2716218749952.6953,0.48385546528950135,6.125997577998326e-09,2.9640974084647383e-09
0.1,65.0,65000.0,1.0000000000000002e-10,7.252729552928345e-29,0.36999113758490804,2716218749952.6953,0.48385546528950135,5.757623869279354e-09,2.785857776232101e-09
0.1,66.0,66000.0,1.0000000000000002e-10,7.252729552928345e-29,0.36999113758490804,2716218749952.6953,0.48385546528950135,5.416527775751651e-09,2.620816567189823e-09
0.1,67.0,67000.0,1.0000000000000002e-10,7.252729552928345e-29,0.36999113758490804,2716218749952.6953,0.48385546528950135,5.100320948971262e-09,2.467818165890281e-09
0.1,68.0,68000.0,1.0000000000000002e-10,7.252729552928345e-29,0.36999113758490804,2716218749952.6953,0.48385546528950135,4.806855488699828e-09,2.3258232990642486e-09
0.1,69.0,69000.0,1.0000000000000002e-10,7.252729552928345e-29,0.36999113758490804,2716218749952.6953,0.48385546528950135,4.534196671097082e-09,2.1938958400077868e-09
0.1,70.0,70000.0,1.0000000000000002e-10,7.252729552928345e-29,0.36999113758490804,2716218749952.6953,0.48385546528950135,4.280599107936474e-09,2.071191273088427e-09
0.1,71.0,71000.0,1.0000000000000002e-10,7.252729552928345e-29,0.36999113758490804,2716218749952.6953,0.48385546528950135,4.044485863865314e-09,1.9569465895173623e-09
0.1,72.0,72000.0,1.0000000000000002e-10,7.252729552928345e-29,0.36999113758490804,2716218749952.6953,0.48385546528950135,3.82443012947434e-09,1.8504714197639947e-09
0.1,73.0,73000.0,1.0000000000000002e-10,7.252729552928345e-29,0.36999113758490804,2716218749952.6953,0.48385546528950135,3.6191391072973403e-09,1.751140236708785e-09
0.1,74.0,74000.0,1.0000000000000002e-10,7.252729552928345e-29,0.36999113758490804,2716218749952.6953,0.48385546528950135,3.427439817788959e-09,1.6583854877880405e-09
0.1,75.0,75000.0,1.0000000000000002e-10,7.252729552928345e-29,0.36999113758490804,2716218749952.6953,0.48385546528950135,3.248266574429385e-09,1.5716915347548647e-09
0.1,76.0,76000.0,1.0000000000000002e-10,7.252729552928345e-29,0.36999113758490804,2716218749952.6953,0.48385546528950135,3.0806499126901894e-09,1.4905892968987732e-09
0.1,77.0,77000.0,1.0000000000000002e-10,7.252729552928345e-29,0.36999113758490804,2716218749952.6953,0.48385546528950135,2.9237067877443293e-09,1.414651508154106e-09
0.1,78.0,78000.0,1.0000000000000002e-10,7.252729552928345e-29,0.36999113758490804,2716218749952.6953,0.48385546528950135,2.7766318814040082e-09,1.3434885109144e-09
0.1,79.0,79000.0,1.0000000000000002e-10,7.252729552928345e-29,0.36999113758490804,2716218749952.6953,0.48385546528950135,2.638689880556469e-09,1.276744519911349e-09
0.1,80.0,80000.0,1.0000000000000002e-10,7.252729552928345e-29,0.36999113758490804,2716218749952.6953,0.48385546528950135,2.509208607948114e-09,1.2140942985071568e-09
0.1,81.0,81000.0,1.0000000000000002e-10,7.252729552928345e-29,0.36999113758490804,2716218749952.6953,0.48385546528950135,2.38757290204647e-09,1.1552401974322997e-09
0.1,82.0,82000.0,1.0000000000000002e-10,7.252729552928345e-29,0.36999113758490804,2716218749952.6953,0.48385546528950135,2.2732191563076888e-09,1.0999095125802645e-09
0.1,83.0,83000.0,1.0000000000000002e-10,7.252729552928345e-29,0.36999113758490804,2716218749952.6953,0.48385546528950135,2.165630439845412e-09,1.0478521241165092e-09
0.1,84.0,84000.0,1.0000000000000002e-10,7.252729552928345e-29,0.36999113758490804,2716218749952.6953,0.48385546528950135,2.0643321315280063e-09,9.988383840125517e-10
0.1,85.0,85000.0,1.0000000000000002e-10,7.252729552928345e-29,0.36999113758490804,2716218749952.6953,0.48385546528950135,1.9688880081714493e-09,9.52657223296716e-10
0.1,86.0,86000.0,1.0000000000000002e-10,7.252729552928345e-29,0.36999113758490804,2716218749952.6953,0.48385546528950135,1.8788967349509877e-09,9.09114453920635e-10
0.1,87.0,87000.0,1.0000000000000002e-10,7.252729552928345e-29,0.36999113758490804,2716218749952.6953,0.48385546528950135,1.7939887126000534e-09,8.680312432592124e-10
0.1,88.0,88000.0,1.0000000000000002e-10,7.252729552928345e-29,0.36999113758490804,2716218749952.6953,0.48385546528950135,1.7138232415464203e-09,8.292427419624047e-10
0.1,89.0,89000.0,1.0000000000000002e-10,7.252729552928345e-29,0.36999113758490804,2716218749952.6953,0.48385546528950135,1.638085967977375e-09,7.92596848219896e-10
0.1,90.0,90000.0,1.0000000000000002e-10,7.252729552928345e-29,0.36999113758490804,2716218749952.6953,0.48385546528950135,1.5664865810326892e-09,7.57953093535332e-10
0.1,91.0,91000.0,1.0000000000000002e-10,7.252729552928345e-29,0.36999113758490804,2716218749952.6953,0.48385546528950135,1.4987567339856707e-09,7.251816368784101e-10
0.1,92.0,92000.0,1.0000000000000002e-10,7.252729552928345e-29,0.36999113758490804,2716218749952.6953,0.48385546528950135,1.4346481654643107e-09,6.941623556274636e-10
0.1,93.0,93000.0,1.0000000000000002e-10,7.252729552928345e-29,0.36999113758490804,2716218749952.6953,0.48385546528950135,1.373930999551151e-09,6.647840230634919e-10
0.1,94.0,94000.0,1.0000000000000002e-10,7.252729552928345e-29,0.36999113758490804,2716218749952.6953,0.48385546528950135,1.3163922060370693e-09,6.369435633555392e-10
0.1,95.0,95000.0,1.0000000000000002e-10,7.252729552928345e-29,0.36999113758490804,2716218749952.6953,0.48385546528950135,1.2618342042379015e-09,6.105453760097375e-10
0.1,96.0,96000.0,1.0000000000000002e-10,7.252729552928345e-29,0.36999113758490804,2716218749952.6953,0.48385546528950135,1.2100735956539904e-09,5.855007226597014e-10
0.1,97.0,97000.0,1.0000000000000002e-10,7.252729552928345e-29,0.36999113758490804,2716218749952.6953,0.48385546528950135,1.160940012396065e-09,5.617271698710975e-10
0.1,98.0,98000.0,1.0000000000000002e-10,7.252729552928345e-29,0.36999113758490804,2716218749952.6953,0.48385546528950135,1.1142750697460628e-09,5.391480823324728e-10
0.1,99.0,99000.0,1.0000000000000002e-10,7.252729552928345e-29,0.36999113758490804,2716218749952.6953,0.48385546528950135,1.069931412494153e-09,5.176921614202117e-10
0.1,100.0,100000.0,1.0000000000000002e-10,7.252729552928345e-29,0.36999113758490804,2716218749952.6953,0.48385546528950135,1.0277718458155477e-09,4.972930246685314e-10
0.15000000000000002,1.0,1000.0,1.0000000000000002e-10,1.6901743406668257e-27,0.7947527032655683,116556023399.50175,36.45348462812795,0.10153011697834279,3.7011265585620516
0.15000000000000002,2.0,2000.0,1.0000000000000002e-10,1.6901743406668257e-27,0.7947527032655683,116556023399.50175,36.45348462812795,0.006345632311146424,0.23132040991012823
0.15000000000000002,3.0,3000.0,1.0000000000000002e-10,1.6901743406668257e-27,0.7947527032655683,116556023399.50175,36.45348462812795,0.0012534582343005285,0.04569292047607472
0.15000000000000002,4.0,4000.0,1.0000000000000002e-10,1.6901743406668257e-27,0.7947527032655683,116556023399.50175,36.45348462812795,0.0003966020194466515,0.014457525619383014
0.15000000000000002,5.0,5000.0,1.0000000000000002e-10,1.6901743406668257e-27,0.7947527032655683,116556023399.50175,36.45348462812795,0.00016244818716534845,0.005921802493699282
0.15000000000000002,6.0,6000.0,1.0000000000000002e-10,1.6901743406668257e-27,0.7947527032655683,116556023399.50175,36.45348462812795,7.834113964378303e-05,0.00285580752975467
0.15000000000000002,7.0,7000.0,1.0000000000000002e-10,1.6901743406668257e-27,0.7947527032655683,116556023399.50175,36.45348462812795,4.228659599264589e-05,0.001541493776993774
0.15000000000000002,8.0,8000.0,1.0000000000000002e-10,1.6901743406668257e-27,0.7947527032655683,116556023399.50175,36.45348462812795,2.478762621541572e-05,0.0009035953512114384
0.15000000000000002,9.0,9000.0,1.0000000000000002e-10,1.6901743406668257e-27,0.7947527032655683,116556023399.50175,36.45348462812795,1.5474793016055903e-05,0.0005641101293342557
0.15000000000000002,10.0,10000.0,1.0000000000000002e-10,1.6901743406668257e-27,0.7947527032655683,116556023399.50175,36.45348462812795,1.0153011697834278e-05,0.00037011265585620514
0.15000000000000002,11.0,11000.0,1.0000000000000002e-10,1.6901743406668257e-27,0.7947527032655683,116556023399.50175,36.45348462812795,6.934643602099773e-06,0.0002527919239506899
0.15000000000000002,12.0,12000.0,1.0000000000000002e-10,1.6901743406668257e-27,0.7947527032655683,116556023399.50175,36.45348462812795,4.896321227736439e-06,0.00017848797060966687
0.15000000000000002,13.0,13000.0,1.0000000000000002e-10,1.6901743406668257e-27,0.7947527032655683,116556023399.50175,36.45348462812795,3.554851615081503e-06,0.0001295867287056494
0.15000000000000002,14.0,14000.0,1.0000000000000002e-10,1.6901743406668257e-27,0.7947527032655683,116556023399.50175,36.45348462812795,2.642912249540368e-06,9.634336106211087e-05
0.15000000000000002,15.0,15000.0,1.0000000000000002e-10,1.6901743406668257e-27,0.7947527032655683,116556023399.50175,36.45348462812795,2.0055331748808448e-06,7.310867276171952e-05
0.15000000000000002,16.0,16000.0,1.0000000000000002e-10,1.6901743406668257e-27,0.7947527032655683,116556023399.50175,36.45348462812795,1.5492266384634824e-06,5.64747094507149e-05
0.15000000000000002,17.0,17000.0,1.0000000000000002e-10,1.6901743406668257e-27,0.7947527032655683,116556023399.50175,36.45348462812795,1.2156238188999508e-06,4.4313724195855554e-05
0.15000000000000002,18.0,18000.0,1.0000000000000002e-10,1.6901743406668257e-27,0.7947527032655683,116556023399.50175,36.45348462812795,9.67174563503494e-07,3.525688308339098e-05
0.15000000000000002,19.0,19000.0,1.0000000000000002e-10,1.6901743406668257e-27,0.7947527032655683,116556023399.50175,36.45348462812795,7.790771784926662e-07,2.8400077950307707e-05
0.15000000000000002,20.0,20000.0,1.0000000000000002e-10,1.6901743406668257e-27,0.7947527032655683,116556023399.50175,36.45348462812795,6.345632311146424e-07,2.313204099101282e-05
0.15000000000000002,21.0,21000.0,1.0000000000000002e-10,1.6901743406668257e-27,0.7947527032655683,116556023399.50175,36.45348462812795,5.220567406499492e-07,1.9030787370293503e-05
0.15000000000000002,22.0,22000.0,1.0000000000000002e-10,1.6901743406668257e-27,0.7947527032655683,116556023399.50175,36.45348462812795,4.334152251312358e-07,1.579949524691812e-05
0.15000000000000002,23.0,23000.0,1.0000000000000002e-10,1.6901743406668257e-27,0.7947527032655683,116556023399.50175,36.45348462812795,3.6281358692379874e-07,1.3225819513802662e-05
0.15000000000000002,24.0,24000.0,1.0000000000000002e-10,1.6901743406668257e-27,0.7947527032655683,116556023399.50175,36.45348462812795,3.0602007673352746e-07,1.115549816310418e-05
0.15000000000000002,25.0,25000.0,1.0000000000000002e-10,1.6901743406668257e-27,0.7947527032655683,116556023399.50175,36.45348462812795,2.599170994645576e-07,9.474883989918854e-06
0.15000000000000002,26.0,26000.0,1.0000000000000002e-10,1.6901743406668257e-27,0.7947527032655683,116556023399.50175,36.45348462812795,2.2217822594259395e-07,8.099170544103087e-06
0.15000000000000002,27.0,27000.0,1.0000000000000002e-10,1.6901743406668257e-27,0.7947527032655683,116556023399.50175,36.45348462812795,1.910468273587148e-07,6.964322584373526e-06
0.15000000000000002,28.0,28000.0,1.0000000000000002e-10,1.6901743406668257e-27,0.7947527032655683,116556023399.50175,36.45348462812795,1.65182015596273e-07,6.021460066381929e-06
0.15000000000000002,29.0,29000.0,1.0000000000000002e-10,1.6901743406668257e-27,0.7947527032655683,116556023399.50175,36.45348462812795,1.4354990022118904e-07,5.232894081082416e-06
0.15000000000000002,30.0,30000.0,1.0000000000000002e-10,1.6901743406668257e-27,0.7947527032655683,116556023399.50175,36.45348462812795,1.253458234300528e-07,4.56929204760747e-06
0.15000000000000002,31.0,31000.0,1.0000000000000002e-10,1.6901743406668257e-27,0.7947527032655683,116556023399.50175,36.45348462812795,1.099380706863653e-07,4.007625769811462e-06
0.15000000000000002,32.0,32000.0,1.0000000000000002e-10,1.6901743406668257e-27,0.7947527032655683,116556023399.50175,36.45348462812795,9.682666490396765e-08,3.529669340669681e-06
0.15000000000000002,33.0,33000.0,1.0000000000000002e-10,1.6901743406668257e-27,0.7947527032655683,116556023399.50175,36.45348462812795,8.561288397654043e-08,3.1208879500085188e-06
0.15000000000000002,34.0,34000.0,1.0000000000000002e-10,1.6901743406668257e-27,0.7947527032655683,116556023399.50175,36.45348462812795,7.597648868124692e-08,2.769607762240972e-06
0.15000000000000002,35.0,35000.0,1.0000000000000002e-10,1.6901743406668257e-27,0.7947527032655683,116556023399.50175,36.45348462812795,6.76585535882334e-08,2.4663900431900376e-06
0.15000000000000002,36.0,36000.0,1.0000000000000002e-10,1.6901743406668257e-27,0.7947527032655683,116556023399.50175,36.45348462812795,6.044841021896837e-08,2.2035551927119363e-06
0.15000000000000002,37.0,37000.0,1.0000000000000002e-10,1.6901743406668257e-27,0.7947527032655683,116556023399.50175,36.45348462812795,5.4173636618381666e-08,1.9748178297179658e-06
0.15000000000000002,38.0,38000.0,1.0000000000000002e-10,1.6901743406668257e-27,0.7947527032655683,116556023399.50175,36.45348462812795,4.869232365579164e-08,1.7750048718942317e-06
0.15000000000000002,39.0,39000.0,1.0000000000000002e-10,1.6901743406668257e-27,0.7947527032655683,116556023399.50175,36.45348462812795,4.388705697631483e-08,1.5998361568598682e-06
0.15000000000000002,40.0,40000.0,1.0000000000000002e-10,1.6901743406668257e-27,0.7947527032655683,116556023399.50175,36.45348462812795,3.966020194466515e-08,1.4457525619383013e-06
0.15000000000000002,41.0,41000.0,1.0000000000000002e-10,1.6901743406668257e-27,0.7947527032655683,116556023399.50175,36.45348462812795,3.593018552465788e-08,1.3097804657089015e-06
0.15000000000000002,42.0,42000.0,1.0000000000000002e-10,1.6901743406668257e-27,0.7947527032655683,116556023399.50175,36.45348462812795,3.262854629062182e-08,1.189424210643344e-06
0.15000000000000002,43.0,43000.0,1.0000000000000002e-10,1.6901743406668257e-27,0.7947527032655683,116556023399.50175,36.45348462812795,2.969758022720327e-08,1.082580284304951e-06
0.15000000000000002,44.0,44000.0,1.0000000000000002e-10,1.6901743406668257e-27,0.7947527032655683,116556023399.50175,36.45348462812795,2.7088451570702238e-08,9.874684529323825e-07
0.15000000000000002,45.0,45000.0,1.0000000000000002e-10,1.6901743406668257e-27,0.7947527032655683,116556023399.50175,36.45348462812795,2.4759668825689442e-08,9.02576206934809e-07
0.15000000000000002,46.0,46000.0,1.0000000000000002e-10,1.6901743406668257e-27,0.7947527032655683,116556023399.50175,36.45348462812795,2.267584918273742e-08,8.266137196126664e-07
0.15000000000000002,47.0,47000.0,1.0000000000000002e-10,1.6901743406668257e-27,0.7947527032655683,116556023399.50175,36.45348462812795,2.0806711950708003e-08,7.584771542570203e-07
0.15000000000000002,48.0,48000.0,1.0000000000000002e-10,1.6901743406668257e-27,0.7947527032655683,116556023399.50175,36.45348462812795,1.9126254795845466e-08,6.972186351940112e-07
0.15000000000000002,49.0,49000.0,1.0000000000000002e-10,1.6901743406668257e-27,0.7947527032655683,116556023399.50175,36.45348462812795,1.761207663167259e-08,6.420215647620883e-07
0.15000000000000002,50.0,50000.0,1.0000000000000002e-10,1.6901743406668257e-27,0.7947527032655683,116556023399.50175,36.45348462812795,1.624481871653485e-08,5.921802493699284e-07
0.15000000000000002,51.0,51000.0,1.0000000000000002e-10,1.6901743406668257e-27,0.7947527032655683,116556023399.50175,36.45348462812795,1.5007701467900625e-08,5.470830147636487e-07
0.15000000000000002,52.0,52000.0,1.0000000000000002e-10,1.6901743406668257e-27,0.7947527032655683,116556023399.50175,36.45348462812795,1.3886139121412122e-08,5.06198159006443e-07
0.15000000000000002,53.0,53000.0,1.0000000000000002e-10,1.6901743406668257e-27,0.7947527032655683,116556023399.50175,36.45348462812795,1.2867417965817649e-08,4.6906222302063114e-07
0.15000000000000002,54.0,54000.0,1.0000000000000002e-10,1.6901743406668257e-27,0.7947527032655683,116556023399.50175,36.45348462812795,1.1940426709919676e-08,4.3527016152334535e-07
0.15000000000000002,55.0,55000.0,1.0000000000000002e-10,1.6901743406668257e-27,0.7947527032655683,116556023399.50175,36.45348462812795,1.1095429763359638e-08,4.0446707832110395e-07
0.15000000000000002,56.0,56000.0,1.0000000000000002e-10,1.6901743406668257e-27,0.7947527032655683,116556023399.50175,36.45348462812795,1.0323875974767063e-08,3.763412541488706e-07
0.15000000000000002,57.0,57000.0,1.0000000000000002e-10,1.6901743406668257e-27,0.7947527032655683,116556023399.50175,36.45348462812795,9.618236771514398e-09,3.5061824630009513e-07
0.15000000000000002,58.0,58000.0,1.0000000000000002e-10,1.6901743406668257e-27,0.7947527032655683,116556023399.50175,36.45348462812795,8.971868763824315e-09,3.27055880067651e-07
0.15000000000000002,59.0,59000.0,1.0000000000000002e-10,1.6901743406668257e-27,0.7947527032655683,116556023399.50175,36.45348462812795,8.378896772848705e-09,3.054399847097112e-07
0.15000000000000002,60.0,60000.0,1.0000000000000002e-10,1.6901743406668257e-27,0.7947527032655683,116556023399.50175,36.45348462812795,7.8341139643783e-09,2.855807529754669e-07
0.15000000000000002,61.0,61000.0,1.0000000000000002e-10,1.6901743406668257e-27,0.7947527032655683,116556023399.50175,36.45348462812795,7.3328963533773605e-09,2.673096244974971e-07
0.15000000000000002,62.0,62000.0,1.0000000000000002e-10,1.6901743406668257e-27,0.7947527032655683,116556023399.50175,36.45348462812795,6.871129417897832e-09,2.5047661061321637e-07
0.15000000000000002,63.0,63000.0,1.0000000000000002e-10,1.6901743406668257e-27,0.7947527032655683,116556023399.50175,36.45348462812795,6.445144946295668e-09,2.349479922258457e-07
0.15000000000000002,64.0,64000.0,1.0000000000000002e-10,1.6901743406668257e-27,0.7947527032655683,116556023399.50175,36.45348462812795,6.051666556497978e-09,2.2060433379185508e-07
0.15000000000000002,65.0,65000.0,1.0000000000000002e-10,1.6901743406668257e-27,0.7947527032655683,116556023399.50175,36.45348462812795,5.687762584130404e-09,2.0733876592903902e-07
0.15000000000000002,66.0,66000.0,1.0000000000000002e-10,1.6901743406668257e-27,0.7947527032655683,116556023399.50175,36.45348462812795,5.350805248533777e-09,1.9505549687553242e-07
0.15000000000000002,67.0,67000.0,1.0000000000000002e-10,1.6901743406668257e-27,0.7947527032655683,116556023399.50175,36.45348462812795,5.038435180769484e-09,1.8366851941199948e-07
0.15000000000000002,68.0,68000.0,1.0000000000000002e-10,1.6901743406668257e-27,0.7947527032655683,116556023399.50175,36.45348462812795,4.748530542577933e-09,1.7310048514006076e-07
0.15000000000000002,69.0,69000.0,1.0000000000000002e-10,1.6901743406668257e-27,0.7947527032655683,116556023399.50175,36.45348462812795,4.4791800854789985e-09,1.6328172239262552e-07
0.15000000000000002,70.0,70000.0,1.0000000000000002e-10,1.6901743406668257e-27,0.7947527032655683,116556023399.50175,36.45348462812795,4.228659599264588e-09,1.5414937769937735e-07
0.15000000000000002,71.0,71000.0,1.0000000000000002e-10,1.6901743406668257e-27,0.7947527032655683,116556023399.50175,36.45348462812795,3.99541128264371e-09,1.4564666377490148e-07
0.15000000000000002,72.0,72000.0,1.0000000000000002e-10,1.6901743406668257e-27,0.7947527032655683,116556023399.50175,36.45348462812795,3.778025638685523e-09,1.3772219954449602e-07
0.15000000000000002,73.0,73000.0,1.0000000000000002e-10,1.6901743406668257e-27,0.7947527032655683,116556023399.50175,36.45348462812795,3.575225556341421e-09,1.303294298601822e-07
0.15000000000000002,74.0,74000.0,1.0000000000000002e-10,1.6901743406668257e-27,0.7947527032655683,116556023399.50175,36.45348462812795,3.385852288648854e-09,1.2342611435737286e-07
0.15000000000000002,75.0,75000.0,1.0000000000000002e-10,1.6901743406668257e-27,0.7947527032655683,116556023399.50175,36.45348462812795,3.208853079809352e-09,1.1697387641875125e-07
0.15000000000000002,76.0,76000.0,1.0000000000000002e-10,1.6901743406668257e-27,0.7947527032655683,116556023399.50175,36.45348462812795,3.0432702284869774e-09,1.1093780449338948e-07
0.15000000000000002,77.0,77000.0,1.0000000000000002e-10,1.6901743406668257e-27,0.7947527032655683,116556023399.50175,36.45348462812795,2.8882314044563806e-09,1.0528609910482709e-07
0.15000000000000002,78.0,78000.0,1.0000000000000002e-10,1.6901743406668257e-27,0.7947527032655683,116556023399.50175,36.45348462812795,2.742941061019677e-09,9.998975980374176e-08
0.15000000000000002,79.0,79000.0,1.0000000000000002e-10,1.6901743406668257e-27,0.7947527032655683,116556023399.50175,36.45348462812795,2.606672807133387e-09,9.502230710539606e-08
0.15000000000000002,80.0,80000.0,1.0000000000000002e-10,1.6901743406668257e-27,0.7947527032655683,116556023399.50175,36.45348462812795,2.4787626215415718e-09,9.035953512114383e-08
0.15000000000000002,81.0,81000.0,1.0000000000000002e-10,1.6901743406668257e-27,0.7947527032655683,116556023399.50175,36.45348462812795,2.3586028068977137e-09,8.597929116510525e-08
0.15000000000000002,82.0,82000.0,1.0000000000000002e-10,1.6901743406668257e-27,0.7947527032655683,116556023399.50175,36.45348462812795,2.2456365952911175e-09,8.186127910680634e-08
0.15000000000000002,83.0,83000.0,1.0000000000000002e-10,1.6901743406668257e-27,0.7947527032655683,116556023399.50175,36.45348462812795,2.1393533281201156e-09,7.798688366076101e-08
0.15000000000000002,84.0,84000.0,1.0000000000000002e-10,1.6901743406668257e-27,0.7947527032655683,116556023399.50175,36.45348462812795,2.039284143163864e-09,7.4339013165209e-08
0.15000000000000002,85.0,85000.0,1.0000000000000002e-10,1.6901743406668257e-27,0.7947527032655683,116556023399.50175,36.45348462812795,1.944998110239921e-09,7.090195871336889e-08
0.15000000000000002,86.0,86000.0,1.0000000000000002e-10,1.6901743406668257e-27,0.7947527032655683,116556023399.50175,36.45348462812795,1.8560987642002045e-09,6.766126776905944e-08
0.15000000000000002,87.0,87000.0,1.0000000000000002e-10,1.6901743406668257e-27,0.7947527032655683,116556023399.50175,36.45348462812795,1.7722209903850494e-09,6.46036306306471e-08
0.15000000000000002,88.0,88000.0,1.0000000000000002e-10,1.6901743406668257e-27,0.7947527032655683,116556023399.50175,36.45348462812795,1.6930282231688899e-09,6.171677830827391e-08
0.15000000000000002,89.0,89000.0,1.0000000000000002e-10,1.6901743406668257e-27,0.7947527032655683,116556023399.50175,36.45348462812795,1.6182099230141107e-09,5.8989390553679e-08
0.15000000000000002,90.0,90000.0,1.0000000000000002e-10,1.6901743406668257e-27,0.7947527032655683,116556023399.50175,36.45348462812795,1.5474793016055901e-09,5.641101293342556e-08
0.15000000000000002,91.0,91000.0,1.0000000000000002e-10,1.6901743406668257e-27,0.7947527032655683,116556023399.50175,36.45348462812795,1.4805712682555194e-09,5.397198196820048e-08
0.15000000000000002,92.0,92000.0,1.0000000000000002e-10,1.6901743406668257e-27,0.7947527032655683,116556023399.50175,36.45348462812795,1.4172405739210888e-09,5.166335747579165e-08
0.15000000000000002,93.0,93000.0,1.0000000000000002e-10,1.6901743406668257e-27,0.7947527032655683,116556023399.50175,36.45348462812795,1.3572601319304362e-09,4.947686135569707e-08
0.15000000000000002,94.0,94000.0,1.0000000000000002e-10,1.6901743406668257e-27,0.7947527032655683,116556023399.50175,36.45348462812795,1.3004194969192502e-09,4.740482214106377e-08
0.15000000000000002,95.0,95000.0,1.0000000000000002e-10,1.6901743406668257e-27,0.7947527032655683,116556023399.50175,36.45348462812795,1.2465234855882661e-09,4.5440124720492335e-08
0.15000000000000002,96.0,96000.0,1.0000000000000002e-10,1.6901743406668257e-27,0.7947527032655683,116556023399.50175,36.45348462812795,1.1953909247403416e-09,4.35761646996257e-08
0.15000000000000002,97.0,97000.0,1.0000000000000002e-10,1.6901743406668257e-27,0.7947527032655683,116556023399.50175,36.45348462812795,1.1468535136791945e-09,4.180680693161904e-08
0.15000000000000002,98.0,98000.0,1.0000000000000002e-10,1.6901743406668257e-27,0.7947527032655683,116556023399.50175,36.45348462812795,1.100754789479537e-09,4.012634779763052e-08
0.15000000000000002,99.0,99000.0,1.0000000000000002e-10,1.6901743406668257e-27,0.7947527032655683,116556023399.50175,36.45348462812795,1.0569491848955605e-09,3.8529480864302686e-08
0.15000000000000002,100.0,100000.0,1.0000000000000002e-10,1.6901743406668257e-27,0.7947527032655683,116556023399.50175,36.45348462812795,1.015301169783428e-09,3.701126558562052e-08
0.20000000000000004,1.0,1000.0,1.0000000000000002e-10,3.260961048080194e-26,0.9551746595942716,6041163850.024477,1131.6949168330405,0.10028304937513083,113.48981722235237
0.20000000000000004,2.0,2000.0,1.0000000000000002e-10,3.260961048080194e-26,0.9551746595942716,6041163850.024477,1131.6949168330405,0.006267690585945677,7.093113576397023
0.20000000000000004,3.0,3000.0,1.0000000000000002e-10,3.260961048080194e-26,0.9551746595942716,6041163850.024477,1131.6949168330405,0.0012380623379645783,1.401108854596943
0.20000000000000004,4.0,4000.0,1.0000000000000002e-10,3.260961048080194e-26,0.9551746595942716,6041163850.024477,1131.6949168330405,0.0003917306616216048,0.44331959852481395
0.20000000000000004,5.0,5000.0,1.0000000000000002e-10,3.260961048080194e-26,0.9551746595942716,6041163850.024477,1131.6949168330405,0.00016045287900020932,0.18158370755576378
0.20000000000000004,6.0,6000.0,1.0000000000000002e-10,3.260961048080194e-26,0.9551746595942716,6041163850.024477,1131.6949168330405,7.737889612278614e-05,0.08756930341230894
0.20000000000000004,7.0,7000.0,1.0000000000000002e-10,3.260961048080194e-26,0.9551746595942716,6041163850.024477,1131.6949168330405,4.176720090592704e-05,0.047267728955582
0.20000000000000004,8.0,8000.0,1.0000000000000002e-10,3.260961048080194e-26,0.9551746595942716,6041163850.024477,1131.6949168330405,2.44831663513503e-05,0.027707474907800872
0.20000000000000004,9.0,9000.0,1.0000000000000002e-10,3.260961048080194e-26,0.9551746595942716,6041163850.024477,1131.6949168330405,1.5284720221784916e-05,0.017297640180209174
0.20000000000000004,10.0,10000.0,1.0000000000000002e-10,3.260961048080194e-26,0.9551746595942716,6041163850.024477,1131.6949168330405,1.0028304937513082e-05,0.011348981722235236
0.20000000000000004,11.0,11000.0,1.0000000000000002e-10,3.260961048080194e-26,0.9551746595942716,6041163850.024477,1131.6949168330405,6.849467206825409e-06,0.0077515072209789196
0.20000000000000004,12.0,12000.0,1.0000000000000002e-10,3.260961048080194e-26,0.9551746595942716,6041163850.024477,1131.6949168330405,4.836181007674134e-06,0.005473081463269309
0.20000000000000004,13.0,13000.0,1.0000000000000002e-10,3.260961048080194e-26,0.9551746595942716,6041163850.024477,1131.6949168330405,3.51118831186341e-06,0.003973593964579405
0.20000000000000004,14.0,14000.0,1.0000000000000002e-10,3.260961048080194e-26,0.9551746595942716,6041163850.024477,1131.6949168330405,2.61045005662044e-06,0.002954233059723875
0.20000000000000004,15.0,15000.0,1.0000000000000002e-10,3.260961048080194e-26,0.9551746595942716,6041163850.024477,1131.6949168330405,1.9808997407433246e-06,0.0022417741673551083
0.20000000000000004,16.0,16000.0,1.0000000000000002e-10,3.260961048080194e-26,0.9551746595942716,6041163850.024477,1131.6949168330405,1.5301978969593937e-06,0.0017317171817375545
0.20000000000000004,17.0,17000.0,1.0000000000000002e-10,3.260961048080194e-26,0.9551746595942716,6041163850.024477,1131.6949168330405,1.200692632692746e-06,0.0013588177490972617
0.20000000000000004,18.0,18000.0,1.0000000000000002e-10,3.260961048080194e-26,0.9551746595942716,6041163850.024477,1131.6949168330405,9.552950138615572e-07,0.0010811025112630733
0.20000000000000004,19.0,19000.0,1.0000000000000002e-10,3.260961048080194e-26,0.9551746595942716,6041163850.024477,1131.6949168330405,7.695079793366442e-07,0.0008708482686777446
0.20000000000000004,20.0,20000.0,1.0000000000000002e-10,3.260961048080194e-26,0.9551746595942716,6041163850.024477,1131.6949168330405,6.267690585945676e-07,0.0007093113576397023
0.20000000000000004,21.0,21000.0,1.0000000000000002e-10,3.260961048080194e-26,0.9551746595942716,6041163850.024477,1131.6949168330405,5.156444556287288e-07,0.0005835522093281727
0.20000000000000004,22.0,22000.0,1.0000000000000002e-10,3.260961048080194e-26,0.9551746595942716,6041163850.024477,1131.6949168330405,4.2809170042658807e-07,0.00048446920131118247
0.20000000000000004,23.0,23000.0,1.0000000000000002e-10,3.260961048080194e-26,0.9551746595942716,6041163850.024477,1131.6949168330405,3.58357243488734e-07,0.0004055510708665004
0.20000000000000004,24.0,24000.0,1.0000000000000002e-10,3.260961048080194e-26,0.9551746595942716,6041163850.024477,1131.6949168330405,3.0226131297963336e-07,0.0003420675914543318
0.20000000000000004,25.0,25000.0,1.0000000000000002e-10,3.260961048080194e-26,0.9551746595942716,6041163850.024477,1131.6949168330405,2.5672460640033495e-07,0.0002905339320892221
0.20000000000000004,26.0,26000.0,1.0000000000000002e-10,3.260961048080194e-26,0.9551746595942716,6041163850.024477,1131.6949168330405,2.1944926949146312e-07,0.0002483496227862128
0.20000000000000004,27.0,27000.0,1.0000000000000002e-10,3.260961048080194e-26,0.9551746595942716,6041163850.024477,1131.6949168330405,1.8870024965166556e-07,0.00021355111333591563
0.20000000000000004,28.0,28000.0,1.0000000000000002e-10,3.260961048080194e-26,0.9551746595942716,6041163850.024477,1131.6949168330405,1.631531285387775e-07,0.00018463956623274218
0.20000000000000004,29.0,29000.0,1.0000000000000002e-10,3.260961048080194e-26,0.9551746595942716,6041163850.024477,1131.6949168330405,1.4178671472177373e-07,0.00016045930432508776
0.20000000000000004,30.0,30000.0,1.0000000000000002e-10,3.260961048080194e-26,0.9551746595942716,6041163850.024477,1131.6949168330405,1.238062337964578e-07,0.00014011088545969427
0.20000000000000004,31.0,31000.0,1.0000000000000002e-10,3.260961048080194e-26,0.9551746595942716,6041163850.024477,1131.6949168330405,1.0858773040908742e-07,0.0001228881825344008
0.20000000000000004,32.0,32000.0,1.0000000000000002e-10,3.260961048080194e-26,0.9551746595942716,6041163850.024477,1131.6949168330405,9.563736855996211e-08,0.00010823232385859716
0.20000000000000004,33.0,33000.0,1.0000000000000002e-10,3.260961048080194e-26,0.9551746595942716,6041163850.024477,1131.6949168330405,8.456132354105446e-08,9.569762001208546e-05
0.20000000000000004,34.0,34000.0,1.0000000000000002e-10,3.260961048080194e-26,0.9551746595942716,6041163850.024477,1131.6949168330405,7.504328954329663e-08,8.492610931857885e-05
0.20000000000000004,35.0,35000.0,1.0000000000000002e-10,3.260961048080194e-26,0.9551746595942716,6041163850.024477,1131.6949168330405,6.682752144948325e-08,7.562836632893118e-05
0.20000000000000004,36.0,36000.0,1.0000000000000002e-10,3.260961048080194e-26,0.9551746595942716,6041163850.024477,1131.6949168330405,5.970593836634733e-08,6.756890695394208e-05
0.20000000000000004,37.0,37000.0,1.0000000000000002e-10,3.260961048080194e-26,0.9551746595942716,6041163850.024477,1131.6949168330405,5.3508236152139996e-08,6.055499886207876e-05
0.20000000000000004,38.0,38000.0,1.0000000000000002e-10,3.260961048080194e-26,0.9551746595942716,6041163850.024477,1131.6949168330405,4.809424870854026e-08,5.4428016792359036e-05
0.20000000000000004,39.0,39000.0,1.0000000000000002e-10,3.260961048080194e-26,0.9551746595942716,6041163850.024477,1131.6949168330405,4.334800385016553e-08,4.9056715612091393e-05
0.20000000000000004,40.0,40000.0,1.0000000000000002e-10,3.260961048080194e-26,0.9551746595942716,6041163850.024477,1131.6949168330405,3.917306616216048e-08,4.433195985248139e-05
0.20000000000000004,41.0,41000.0,1.0000000000000002e-10,3.260961048080194e-26,0.9551746595942716,6041163850.024477,1131.6949168330405,3.548886454839274e-08,4.016256761359236e-05
0.20000000000000004,42.0,42000.0,1.0000000000000002e-10,3.260961048080194e-26,0.9551746595942716,6041163850.024477,1131.6949168330405,3.222777847679555e-08,3.6472013083010796e-05
0.20000000000000004,43.0,43000.0,1.0000000000000002e-10,3.260961048080194e-26,0.9551746595942716,6041163850.024477,1131.6949168330405,2.9332812695190746e-08,3.3195795023563045e-05
0.20000000000000004,44.0,44000.0,1.0000000000000002e-10,3.260961048080194e-26,0.9551746595942716,6041163850.024477,1131.6949168330405,2.6755731276661754e-08,3.0279325081948905e-05
0.20000000000000004,45.0,45000.0,1.0000000000000002e-10,3.260961048080194e-26,0.9551746595942716,6041163850.024477,1131.6949168330405,2.445555235485586e-08,2.767622428833467e-05
0.20000000000000004,46.0,46000.0,1.0000000000000002e-10,3.260961048080194e-26,0.9551746595942716,6041163850.024477,1131.6949168330405,2.2397327718045874e-08,2.5346941929156276e-05
0.20000000000000004,47.0,47000.0,1.0000000000000002e-10,3.260961048080194e-26,0.9551746595942716,6041163850.024477,1131.6949168330405,2.05511486048229e-08,2.3257630411158508e-05
0.20000000000000004,48.0,48000.0,1.0000000000000002e-10,3.260961048080194e-26,0.9551746595942716,6041163850.024477,1131.6949168330405,1.8891332061227085e-08,2.1379224465895737e-05
0.20000000000000004,49.0,49000.0,1.0000000000000002e-10,3.260961048080194e-26,0.9551746595942716,6041163850.024477,1131.6949168330405,1.739575214740818e-08,1.9686684279709285e-05
0.20000000000000004,50.0,50000.0,1.0000000000000002e-10,3.260961048080194e-26,0.9551746595942716,6041163850.024477,1131.6949168330405,1.6045287900020934e-08,1.815837075557638e-05
0.20000000000000004,51.0,51000.0,1.0000000000000002e-10,3.260961048080194e-26,0.9551746595942716,6041163850.024477,1131.6949168330405,1.482336583571291e-08,1.6775527766632854e-05
0.20000000000000004,52.0,52000.0,1.0000000000000002e-10,3.260961048080194e-26,0.9551746595942716,6041163850.024477,1131.6949168330405,1.3715579343216445e-08,1.55218514241383e-05
0.20000000000000004,53.0,53000.0,1.0000000000000002e-10,3.260961048080194e-26,0.9551746595942716,6041163850.024477,1131.6949168330405,1.2709370870436271e-08,1.4383130410218642e-05
0.20000000000000004,54.0,54000.0,1.0000000000000002e-10,3.260961048080194e-26,0.9551746595942716,6041163850.024477,1131.6949168330405,1.1793765603229097e-08,1.3346944583494727e-05
0.20000000000000004,55.0,55000.0,1.0000000000000002e-10,3.260961048080194e-26,0.9551746595942716,6041163850.024477,1131.6949168330405,1.0959147530920656e-08,1.2402411553566272e-05
0.20000000000000004,56.0,56000.0,1.0000000000000002e-10,3.260961048080194e-26,0.9551746595942716,6041163850.024477,1131.6949168330405,1.0197070533673594e-08,1.1539972889546386e-05
0.20000000000000004,57.0,57000.0,1.0000000000000002e-10,3.260961048080194e-26,0.9551746595942716,6041163850.024477,1131.6949168330405,9.50009851032894e-09,1.0751213193552402e-05
0.20000000000000004,58.0,58000.0,1.0000000000000002e-10,3.260961048080194e-26,0.9551746595942716,6041163850.024477,1131.6949168330405,8.861669670110858e-09,1.0028706520317985e-05
0.20000000000000004,59.0,59000.0,1.0000000000000002e-10,3.260961048080194e-26,0.9551746595942716,6041163850.024477,1131.6949168330405,8.275980997440847e-09,9.365885626610643e-06
0.20000000000000004,60.0,60000.0,1.0000000000000002e-10,3.260961048080194e-26,0.9551746595942716,6041163850.024477,1131.6949168330405,7.737889612278612e-09,8.756930341230892e-06
0.20000000000000004,61.0,61000.0,1.0000000000000002e-10,3.260961048080194e-26,0.9551746595942716,6041163850.024477,1131.6949168330405,7.242828324774984e-09,8.196671998642215e-06
0.20000000000000004,62.0,62000.0,1.0000000000000002e-10,3.260961048080194e-26,0.9551746595942716,6041163850.024477,1131.6949168330405,6.786733150567964e-09,7.68051140840005e-06
0.20000000000000004,63.0,63000.0,1.0000000000000002e-10,3.260961048080194e-26,0.9551746595942716,6041163850.024477,1131.6949168330405,6.365980933688009e-09,7.204348263310773e-06
0.20000000000000004,64.0,64000.0,1.0000000000000002e-10,3.260961048080194e-26,0.9551746595942716,6041163850.024477,1131.6949168330405,5.977335534997632e-09,6.764520241162322e-06
0.20000000000000004,65.0,65000.0,1.0000000000000002e-10,3.260961048080194e-26,0.9551746595942716,6041163850.024477,1131.6949168330405,5.6179012989814555e-09,6.357750343327048e-06
0.20000000000000004,66.0,66000.0,1.0000000000000002e-10,3.260961048080194e-26,0.9551746595942716,6041163850.024477,1131.6949168330405,5.285082721315904e-09,5.981101250755341e-06
0.20000000000000004,67.0,67000.0,1.0000000000000002e-10,3.260961048080194e-26,0.9551746595942716,6041163850.024477,1131.6949168330405,4.976549412567707e-09,5.631935673571328e-06
0.20000000000000004,68.0,68000.0,1.0000000000000002e-10,3.260961048080194e-26,0.9551746595942716,6041163850.024477,1131.6949168330405,4.690205596456039e-09,5.307881832411178e-06
0.20000000000000004,69.0,69000.0,1.0000000000000002e-10,3.260961048080194e-26,0.9551746595942716,6041163850.024477,1131.6949168330405,4.424163499860915e-09,5.006803344030871e-06
0.20000000000000004,70.0,70000.0,1.0000000000000002e-10,3.260961048080194e-26,0.9551746595942716,6041163850.024477,1131.6949168330405,4.176720090592703e-09,4.726772895558199e-06
0.20000000000000004,71.0,71000.0,1.0000000000000002e-10,3.260961048080194e-26,0.9551746595942716,6041163850.024477,1131.6949168330405,3.946336701422108e-09,4.466049185111067e-06
0.20000000000000004,72.0,72000.0,1.0000000000000002e-10,3.260961048080194e-26,0.9551746595942716,6041163850.024477,1131.6949168330405,3.731621147896708e-09,4.22305668462138e-06
0.20000000000000004,73.0,73000.0,1.0000000000000002e-10,3.260961048080194e-26,0.9551746595942716,6041163850.024477,1131.6949168330405,3.5313120053855026e-09,3.996367846246264e-06
0.20000000000000004,74.0,74000.0,1.0000000000000002e-10,3.260961048080194e-26,0.9551746595942716,6041163850.024477,1131.6949168330405,3.3442647595087497e-09,3.7846874288799225e-06
0.20000000000000004,75.0,75000.0,1.0000000000000002e-10,3.260961048080194e-26,0.9551746595942716,6041163850.024477,1131.6949168330405,3.16943958518932e-09,3.5868386677681736e-06
0.20000000000000004,76.0,76000.0,1.0000000000000002e-10,3.260961048080194e-26,0.9551746595942716,6041163850.024477,1131.6949168330405,3.0058905442837663e-09,3.4017510495224397e-06
0.20000000000000004,77.0,77000.0,1.0000000000000002e-10,3.260961048080194e-26,0.9551746595942716,6041163850.024477,1131.6949168330405,2.8527560211684328e-09,3.228449488121165e-06
0.20000000000000004,78.0,78000.0,1.0000000000000002e-10,3.260961048080194e-26,0.9551746595942716,6041163850.024477,1131.6949168330405,2.7092502406353456e-09,3.066044725755712e-06
0.20000000000000004,79.0,79000.0,1.0000000000000002e-10,3.260961048080194e-26,0.9551746595942716,6041163850.024477,1131.6949168330405,2.574655733710306e-09,2.913724806434995e-06
0.20000000000000004,80.0,80000.0,1.0000000000000002e-10,3.260961048080194e-26,0.9551746595942716,6041163850.024477,1131.6949168330405,2.44831663513503e-09,2.770747490780087e-06
0.20000000000000004,81.0,81000.0,1.0000000000000002e-10,3.260961048080194e-26,0.9551746595942716,6041163850.024477,1131.6949168330405,2.3296327117489574e-09,2.6364334979742668e-06
0.20000000000000004,82.0,82000.0,1.0000000000000002e-10,3.260961048080194e-26,0.9551746595942716,6041163850.024477,1131.6949168330405,2.218054034274546e-09,2.5101604758495224e-06
0.20000000000000004,83.0,83000.0,1.0000000000000002e-10,3.260961048080194e-26,0.9551746595942716,6041163850.024477,1131.6949168330405,2.1130762163948198e-09,2.3913576129748113e-06
0.20000000000000004,84.0,84000.0,1.0000000000000002e-10,3.260961048080194e-26,0.9551746595942716,6041163850.024477,1131.6949168330405,2.014236154799722e-09,2.2795008176881747e-06
0.20000000000000004,85.0,85000.0,1.0000000000000002e-10,3.260961048080194e-26,0.9551746595942716,6041163850.024477,1131.6949168330405,1.9211082123083934e-09,2.1741083985556183e-06
0.20000000000000004,86.0,86000.0,1.0000000000000002e-10,3.260961048080194e-26,0.9551746595942716,6041163850.024477,1131.6949168330405,1.8333007934494216e-09,2.0747371889726903e-06
0.20000000000000004,87.0,87000.0,1.0000000000000002e-10,3.260961048080194e-26,0.9551746595942716,6041163850.024477,1131.6949168330405,1.7504532681700457e-09,1.9809790657418238e-06
0.20000000000000004,88.0,88000.0,1.0000000000000002e-10,3.260961048080194e-26,0.9551746595942716,6041163850.024477,1131.6949168330405,1.6722332047913596e-09,1.8924578176218065e-06
0.20000000000000004,89.0,89000.0,1.0000000000000002e-10,3.260961048080194e-26,0.9551746595942716,6041163850.024477,1131.6949168330405,1.5983338780508464e-09,1.8088263251921836e-06
0.20000000000000004,90.0,90000.0,1.0000000000000002e-10,3.260961048080194e-26,0.9551746595942716,6041163850.024477,1131.6949168330405,1.5284720221784913e-09,1.729764018020917e-06
0.20000000000000004,91.0,91000.0,1.0000000000000002e-10,3.260961048080194e-26,0.9551746595942716,6041163850.024477,1131.6949168330405,1.4623858025253682e-09,1.6549745791667656e-06
0.20000000000000004,92.0,92000.0,1.0000000000000002e-10,3.260961048080194e-26,0.9551746595942716,6041163850.024477,1131.6949168330405,1.3998329823778671e-09,1.5841838705722673e-06
0.20000000000000004,93.0,93000.0,1.0000000000000002e-10,3.260961048080194e-26,0.9551746595942716,6041163850.024477,1131.6949168330405,1.3405892643097215e-09,1.5171380559802572e-06
0.20000000000000004,94.0,94000.0,1.0000000000000002e-10,3.260961048080194e-26,0.9551746595942716,6041163850.024477,1131.6949168330405,1.2844467878014313e-09,1.4536019006974068e-06
0.20000000000000004,95.0,95000.0,1.0000000000000002e-10,3.260961048080194e-26,0.9551746595942716,6041163850.024477,1131.6949168330405,1.2312127669386307e-09,1.3933572298843912e-06
0.20000000000000004,96.0,96000.0,1.0000000000000002e-10,3.260961048080194e-26,0.9551746595942716,6041163850.024477,1131.6949168330405,1.1807082538266928e-09,1.3362015291184836e-06
0.20000000000000004,97.0,97000.0,1.0000000000000002e-10,3.260961048080194e-26,0.9551746595942716,6041163850.024477,1131.6949168330405,1.132767014962324e-09,1.2819466727889988e-06
0.20000000000000004,98.0,98000.0,1.0000000000000002e-10,3.260961048080194e-26,0.9551746595942716,6041163850.024477,1131.6949168330405,1.0872345092130113e-09,1.2304177674818303e-06
0.20000000000000004,99.0,99000.0,1.0000000000000002e-10,3.260961048080194e-26,0.9551746595942716,6041163850.024477,1131.6949168330405,1.0439669572969683e-09,1.1814520989146348e-06
0.20000000000000004,100.0,100000.0,1.0000000000000002e-10,3.260961048080194e-26,0.9551746595942716,6041163850.024477,1131.6949168330405,1.0028304937513084e-09,1.1348981722235238e-06
0.25000000000000006,1.0,1000.0,1.0000000000000002e-10,1.117069989195558e-25,0.9600677835904459,1763542140.6483827,4893.85064203249,0.09870151475181428,483.0304713377456
0.25000000000000006,2.0,2000.0,1.0000000000000002e-10,1.117069989195558e-25,0.9600677835904459,1763542140.6483827,4893.85064203249,0.006168844671988393,30.1894044586091
0.25000000000000006,3.0,3000.0,1.0000000000000002e-10,1.117069989195558e-25,0.9600677835904459,1763542140.6483827,4893.85064203249,0.0012185372191582011,5.963339152317848
0.25000000000000006,4.0,4000.0,1.0000000000000002e-10,1.117069989195558e-25,0.9600677835904459,1763542140.6483827,4893.85064203249,0.00038555279199927454,1.8868377786630688
0.25000000000000006,5.0,5000.0,1.0000000000000002e-10,1.117069989195558e-25,0.9600677835904459,1763542140.6483827,4893.85064203249,0.00015792242360290285,0.772848754140393
0.25000000000000006,6.0,6000.0,1.0000000000000002e-10,1.117069989195558e-25,0.9600677835904459,1763542140.6483827,4893.85064203249,7.615857619738757e-05,0.3727086970198655
0.25000000000000006,7.0,7000.0,1.0000000000000002e-10,1.117069989195558e-25,0.9600677835904459,1763542140.6483827,4893.85064203249,4.1108502603837686e-05,0.20117887186078534
0.25000000000000006,8.0,8000.0,1.0000000000000002e-10,1.117069989195558e-25,0.9600677835904459,1763542140.6483827,4893.85064203249,2.409704949995466e-05,0.1179273611664418
0.25000000000000006,9.0,9000.0,1.0000000000000002e-10,1.117069989195558e-25,0.9600677835904459,1763542140.6483827,4893.85064203249,1.504366937232347e-05,0.07362147101626973
0.25000000000000006,10.0,10000.0,1.0000000000000002e-10,1.117069989195558e-25,0.9600677835904459,1763542140.6483827,4893.85064203249,9.870151475181428e-06,0.04830304713377456
0.25000000000000006,11.0,11000.0,1.0000000000000002e-10,1.117069989195558e-25,0.9600677835904459,1763542140.6483827,4893.85064203249,6.741446264040316e-06,0.03299163112750123
0.25000000000000006,12.0,12000.0,1.0000000000000002e-10,1.117069989195558e-25,0.9600677835904459,1763542140.6483827,4893.85064203249,4.759911012336723e-06,0.023294293563741592
0.25000000000000006,13.0,13000.0,1.0000000000000002e-10,1.117069989195558e-25,0.9600677835904459,1763542140.6483827,4893.85064203249,3.4558143885653273e-06,0.016912239464225546
0.25000000000000006,14.0,14000.0,1.0000000000000002e-10,1.117069989195558e-25,0.9600677835904459,1763542140.6483827,4893.85064203249,2.5692814127398554e-06,0.012573679491299084
0.25000000000000006,15.0,15000.0,1.0000000000000002e-10,1.117069989195558e-25,0.9600677835904459,1763542140.6483827,4893.85064203249,1.949659550653121e-06,0.009541342643708553
0.25000000000000006,16.0,16000.0,1.0000000000000002e-10,1.117069989195558e-25,0.9600677835904459,1763542140.6483827,4893.85064203249,1.5060655937471662e-06,0.0073704600729026125
0.25000000000000006,17.0,17000.0,1.0000000000000002e-10,1.117069989195558e-25,0.9600677835904459,1763542140.6483827,4893.85064203249,1.1817568605717638e-06,0.005783341570835427
0.25000000000000006,18.0,18000.0,1.0000000000000002e-10,1.117069989195558e-25,0.9600677835904459,1763542140.6483827,4893.85064203249,9.402293357702169e-07,0.004601341938516858
0.25000000000000006,19.0,19000.0,1.0000000000000002e-10,1.117069989195558e-25,0.9600677835904459,1763542140.6483827,4893.85064203249,7.573722941952123e-07,0.0037064668882048598
0.25000000000000006,20.0,20000.0,1.0000000000000002e-10,1.117069989195558e-25,0.9600677835904459,1763542140.6483827,4893.85064203249,6.168844671988392e-07,0.00301894044586091
0.25000000000000006,21.0,21000.0,1.0000000000000002e-10,1.117069989195558e-25,0.9600677835904459,1763542140.6483827,4893.85064203249,5.075123778251565e-07,0.002483689776059078
0.25000000000000006,22.0,22000.0,1.0000000000000002e-10,1.117069989195558e-25,0.9600677835904459,1763542140.6483827,4893.85064203249,4.2134039150251974e-07,0.002061976945468827
0.25000000000000006,23.0,23000.0,1.0000000000000002e-10,1.117069989195558e-25,0.9600677835904459,1763542140.6483827,4893.85064203249,3.527056962768653e-07,0.0017260889981730537
0.25000000000000006,24.0,24000.0,1.0000000000000002e-10,1.117069989195558e-25,0.9600677835904459,1763542140.6483827,4893.85064203249,2.974944382710452e-07,0.0014558933477338495
0.25000000000000006,25.0,25000.0,1.0000000000000002e-10,1.117069989195558e-25,0.9600677835904459,1763542140.6483827,4893.85064203249,2.526758777646446e-07,0.0012365580066246288
0.25000000000000006,26.0,26000.0,1.0000000000000002e-10,1.117069989195558e-25,0.9600677835904459,1763542140.6483827,4893.85064203249,2.1598839928533295e-07,0.0010570149665140966
0.25000000000000006,27.0,27000.0,1.0000000000000002e-10,1.117069989195558e-25,0.9600677835904459,1763542140.6483827,4893.85064203249,1.857243132385613e-07,0.0009089070495835765
0.25000000000000006,28.0,28000.0,1.0000000000000002e-10,1.117069989195558e-25,0.9600677835904459,1763542140.6483827,4893.85064203249,1.6058008829624096e-07,0.0007858549682061927
0.25000000000000006,29.0,29000.0,1.0000000000000002e-10,1.117069989195558e-25,0.9600677835904459,1763542140.6483827,4893.85064203249,1.395506379385482e-07,0.0006829399790716077
0.25000000000000006,30.0,30000.0,1.0000000000000002e-10,1.117069989195558e-25,0.9600677835904459,1763542140.6483827,4893.85064203249,1.2185372191582006e-07,0.0005963339152317846
0.25000000000000006,31.0,31000.0,1.0000000000000002e-10,1.117069989195558e-25,0.9600677835904459,1763542140.6483827,4893.85064203249,1.0687522509159432e-07,0.0005230313889318657
0.25000000000000006,32.0,32000.0,1.0000000000000002e-10,1.117069989195558e-25,0.9600677835904459,1763542140.6483827,4893.85064203249,9.412909960919789e-08,0.0004606537545564133
0.25000000000000006,33.0,33000.0,1.0000000000000002e-10,1.117069989195558e-25,0.9600677835904459,1763542140.6483827,4893.85064203249,8.322773165481874e-08,0.0004073040879938425
0.25000000000000006,34.0,34000.0,1.0000000000000002e-10,1.117069989195558e-25,0.9600677835904459,1763542140.6483827,4893.85064203249,7.385980378573524e-08,0.00036145884817721417
0.25000000000000006,35.0,35000.0,1.0000000000000002e-10,1.117069989195558e-25,0.9600677835904459,1763542140.6483827,4893.85064203249,6.577360416614028e-08,0.00032188619497725647
0.25000000000000006,36.0,36000.0,1.0000000000000002e-10,1.117069989195558e-25,0.9600677835904459,1763542140.6483827,4893.85064203249,5.876433348563856e-08,0.00028758387115730363
0.25000000000000006,37.0,37000.0,1.0000000000000002e-10,1.117069989195558e-25,0.9600677835904459,1763542140.6483827,4893.85064203249,5.2664373419260296e-08,0.0002577315776700858
0.25000000000000006,38.0,38000.0,1.0000000000000002e-10,1.117069989195558e-25,0.9600677835904459,1763542140.6483827,4893.85064203249,4.733576838720077e-08,0.00023165418051280374
0.25000000000000006,39.0,39000.0,1.0000000000000002e-10,1.117069989195558e-25,0.9600677835904459,1763542140.6483827,4893.85064203249,4.266437516747315e-08,0.00020879307980525353
0.25000000000000006,40.0,40000.0,1.0000000000000002e-10,1.117069989195558e-25,0.9600677835904459,1763542140.6483827,4893.85064203249,3.855527919992745e-08,0.00018868377786630689
0.25000000000000006,41.0,41000.0,1.0000000000000002e-10,1.117069989195558e-25,0.9600677835904459,1763542140.6483827,4893.85064203249,3.492918005160885e-08,0.00017093819022123442
0.25000000000000006,42.0,42000.0,1.0000000000000002e-10,1.117069989195558e-25,0.9600677835904459,1763542140.6483827,4893.85064203249,3.1719523614072284e-08,0.00015523061100369237
0.25000000000000006,43.0,43000.0,1.0000000000000002e-10,1.117069989195558e-25,0.9600677835904459,1763542140.6483827,4893.85064203249,2.887021349058172e-08,0.0001412865128264984
0.25000000000000006,44.0,44000.0,1.0000000000000002e-10,1.117069989195558e-25,0.9600677835904459,1763542140.6483827,4893.85064203249,2.6333774468907484e-08,0.0001288735590918017
0.25000000000000006,45.0,45000.0,1.0000000000000002e-10,1.117069989195558e-25,0.9600677835904459,1763542140.6483827,4893.85064203249,2.4069870995717545e-08,0.00011779435362603152
0.25000000000000006,46.0,46000.0,1.0000000000000002e-10,1.117069989195558e-25,0.9600677835904459,1763542140.6483827,4893.85064203249,2.2044106017304082e-08,0.00010788056238581586
0.25000000000000006,47.0,47000.0,1.0000000000000002e-10,1.117069989195558e-25,0.9600677835904459,1763542140.6483827,4893.85064203249,2.022704245458141e-08,9.898812470277168e-05
0.25000000000000006,48.0,48000.0,1.0000000000000002e-10,1.117069989195558e-25,0.9600677835904459,1763542140.6483827,4893.85064203249,1.8593402391940325e-08,9.09933342333656e-05
0.25000000000000006,49.0,49000.0,1.0000000000000002e-10,1.117069989195558e-25,0.9600677835904459,1763542140.6483827,4893.85064203249,1.712140883125268e-08,8.378961760132667e-05
0.25000000000000006,50.0,50000.0,1.0000000000000002e-10,1.117069989195558e-25,0.9600677835904459,1763542140.6483827,4893.85064203249,1.5792242360290286e-08,7.72848754140393e-05
0.25000000000000006,51.0,51000.0,1.0000000000000002e-10,1.117069989195558e-25,0.9600677835904459,1763542140.6483827,4893.85064203249,1.4589590871256341e-08,7.13992786522892e-05
0.25000000000000006,52.0,52000.0,1.0000000000000002e-10,1.117069989195558e-25,0.9600677835904459,1763542140.6483827,4893.85064203249,1.349927495533331e-08,6.606343540713104e-05
0.25000000000000006,53.0,53000.0,1.0000000000000002e-10,1.117069989195558e-25,0.9600677835904459,1763542140.6483827,4893.85064203249,1.250893510190498e-08,6.121686007960044e-05
0.25000000000000006,54.0,54000.0,1.0000000000000002e-10,1.117069989195558e-25,0.9600677835904459,1763542140.6483827,4893.85064203249,1.1607769577410081e-08,5.680669059897353e-05
0.25000000000000006,55.0,55000.0,1.0000000000000002e-10,1.117069989195558e-25,0.9600677835904459,1763542140.6483827,4893.85064203249,1.0786314022464509e-08,5.278660980400199e-05
0.25000000000000006,56.0,56000.0,1.0000000000000002e-10,1.117069989195558e-25,0.9600677835904459,1763542140.6483827,4893.85064203249,1.003625551851506e-08,4.9115935512887046e-05
0.25000000000000006,57.0,57000.0,1.0000000000000002e-10,1.117069989195558e-25,0.9600677835904459,1763542140.6483827,4893.85064203249,9.350275236977929e-09,4.575885047166493e-05
0.25000000000000006,58.0,58000.0,1.0000000000000002e-10,1.117069989195558e-25,0.9600677835904459,1763542140.6483827,4893.85064203249,8.721914871159262e-09,4.268374869197548e-05
0.25000000000000006,59.0,59000.0,1.0000000000000002e-10,1.117069989195558e-25,0.9600677835904459,1763542140.6483827,4893.85064203249,8.14546292314096e-09,3.986267895606523e-05
0.25000000000000006,60.0,60000.0,1.0000000000000002e-10,1.117069989195558e-25,0.9600677835904459,1763542140.6483827,4893.85064203249,7.615857619738754e-09,3.7270869701986535e-05
0.25000000000000006,61.0,61000.0,1.0000000000000002e-10,1.117069989195558e-25,0.9600677835904459,1763542140.6483827,4893.85064203249,7.128603798917974e-09,3.4886322278129975e-05
0.25000000000000006,62.0,62000.0,1.0000000000000002e-10,1.117069989195558e-25,0.9600677835904459,1763542140.6483827,4893.85064203249,6.679701568224645e-09,3.268946180824161e-05
0.25000000000000006,63.0,63000.0,1.0000000000000002e-10,1.117069989195558e-25,0.9600677835904459,1763542140.6483827,4893.85064203249,6.265584911421685e-09,3.0662836741470096e-05
0.25000000000000006,64.0,64000.0,1.0000000000000002e-10,1.117069989195558e-25,0.9600677835904459,1763542140.6483827,4893.85064203249,5.883068725574868e-09,2.879085965977583e-05
0.25000000000000006,65.0,65000.0,1.0000000000000002e-10,1.117069989195558e-25,0.9600677835904459,1763542140.6483827,4893.85064203249,5.529303021704523e-09,2.705958314276087e-05
0.25000000000000006,66.0,66000.0,1.0000000000000002e-10,1.117069989195558e-25,0.9600677835904459,1763542140.6483827,4893.85064203249,5.201733228426171e-09,2.5456505499615157e-05
0.25000000000000006,67.0,67000.0,1.0000000000000002e-10,1.117069989195558e-25,0.9600677835904459,1763542140.6483827,4893.85064203249,4.898065708196296e-09,2.3970402010773767e-05
0.25000000000000006,68.0,68000.0,1.0000000000000002e-10,1.117069989195558e-25,0.9600677835904459,1763542140.6483827,4893.85064203249,4.616237736608452e-09,2.2591178011075885e-05
0.25000000000000006,69.0,69000.0,1.0000000000000002e-10,1.117069989195558e-25,0.9600677835904459,1763542140.6483827,4893.85064203249,4.354391312060067e-09,2.1309740718185856e-05
0.25000000000000006,70.0,70000.0,1.0000000000000002e-10,1.117069989195558e-25,0.9600677835904459,1763542140.6483827,4893.85064203249,4.110850260383768e-09,2.011788718607853e-05
0.25000000000000006,71.0,71000.0,1.0000000000000002e-10,1.117069989195558e-25,0.9600677835904459,1763542140.6483827,4893.85064203249,3.884100180220833e-09,1.900820616069223e-05
0.25000000000000006,72.0,72000.0,1.0000000000000002e-10,1.117069989195558e-25,0.9600677835904459,1763542140.6483827,4893.85064203249,3.67277084285241e-09,1.7973991947331477e-05
0.25000000000000006,73.0,73000.0,1.0000000000000002e-10,1.117069989195558e-25,0.9600677835904459,1763542140.6483827,4893.85064203249,3.475620717206191e-09,1.700916867836094e-05
0.25000000000000006,74.0,74000.0,1.0000000000000002e-10,1.117069989195558e-25,0.9600677835904459,1763542140.6483827,4893.85064203249,3.2915233387037685e-09,1.610822360438036e-05
0.25000000000000006,75.0,75000.0,1.0000000000000002e-10,1.117069989195558e-25,0.9600677835904459,1763542140.6483827,4893.85064203249,3.1194552810449946e-09,1.5266148229933688e-05
0.25000000000000006,76.0,76000.0,1.0000000000000002e-10,1.117069989195558e-25,0.9600677835904459,1763542140.6483827,4893.85064203249,2.958485524200048e-09,1.4478386282050233e-05
0.25000000000000006,77.0,77000.0,1.0000000000000002e-10,1.117069989195558e-25,0.9600677835904459,1763542140.6483827,4893.85064203249,2.807766040833117e-09,1.3740787641608174e-05
0.25000000000000006,78.0,78000.0,1.0000000000000002e-10,1.117069989195558e-25,0.9600677835904459,1763542140.6483827,4893.85064203249,2.666523447967072e-09,1.3049567487828346e-05
0.25000000000000006,79.0,79000.0,1.0000000000000002e-10,1.117069989195558e-25,0.9600677835904459,1763542140.6483827,4893.85064203249,2.5340515916209342e-09,1.2401270008597563e-05
0.25000000000000006,80.0,80000.0,1.0000000000000002e-10,1.117069989195558e-25,0.9600677835904459,1763542140.6483827,4893.85064203249,2.409704949995466e-09,1.179273611664418e-05
0.25000000000000006,81.0,81000.0,1.0000000000000002e-10,1.117069989195558e-25,0.9600677835904459,1763542140.6483827,4893.85064203249,2.292892756031621e-09,1.1221074686216995e-05
0.25000000000000006,82.0,82000.0,1.0000000000000002e-10,1.117069989195558e-25,0.9600677835904459,1763542140.6483827,4893.85064203249,2.183073753225553e-09,1.0683636888827151e-05
0.25000000000000006,83.0,83000.0,1.0000000000000002e-10,1.117069989195558e-25,0.9600677835904459,1763542140.6483827,4893.85064203249,2.0797515097892798e-09,1.0177993261450308e-05
0.25000000000000006,84.0,84000.0,1.0000000000000002e-10,1.117069989195558e-25,0.9600677835904459,1763542140.6483827,4893.85064203249,1.9824702258795177e-09,9.701913187730773e-06
0.25000000000000006,85.0,85000.0,1.0000000000000002e-10,1.117069989195558e-25,0.9600677835904459,1763542140.6483827,4893.85064203249,1.890810976914822e-09,9.253346513336682e-06
0.25000000000000006,86.0,86000.0,1.0000000000000002e-10,1.117069989195558e-25,0.9600677835904459,1763542140.6483827,4893.85064203249,1.8043883431613576e-09,8.83040705165615e-06
0.25000000000000006,87.0,87000.0,1.0000000000000002e-10,1.117069989195558e-25,0.9600677835904459,1763542140.6483827,4893.85064203249,1.7228473819573846e-09,8.431357766316141e-06
0.25000000000000006,88.0,88000.0,1.0000000000000002e-10,1.117069989195558e-25,0.9600677835904459,1763542140.6483827,4893.85064203249,1.6458609043067177e-09,8.054597443237606e-06
0.25000000000000006,89.0,89000.0,1.0000000000000002e-10,1.117069989195558e-25,0.9600677835904459,1763542140.6483827,4893.85064203249,1.5731270222211903e-09,7.698648687695832e-06
0.25000000000000006,90.0,90000.0,1.0000000000000002e-10,1.117069989195558e-25,0.9600677835904459,1763542140.6483827,4893.85064203249,1.5043669372323466e-09,7.36214710162697e-06
0.25000000000000006,91.0,91000.0,1.0000000000000002e-10,1.117069989195558e-25,0.9600677835904459,1763542140.6483827,4893.85064203249,1.439322944008882e-09,7.043831513629962e-06
0.25000000000000006,92.0,92000.0,1.0000000000000002e-10,1.117069989195558e-25,0.9600677835904459,1763542140.6483827,4893.85064203249,1.3777566260815051e-09,6.742535149113491e-06
0.25000000000000006,93.0,93000.0,1.0000000000000002e-10,1.117069989195558e-25,0.9600677835904459,1763542140.6483827,4893.85064203249,1.3194472233530164e-09,6.457177641134146e-06
0.25000000000000006,94.0,94000.0,1.0000000000000002e-10,1.117069989195558e-25,0.9600677835904459,1763542140.6483827,4893.85064203249,1.2641901534113381e-09,6.18675779392323e-06
0.25000000000000006,95.0,95000.0,1.0000000000000002e-10,1.117069989195558e-25,0.9600677835904459,1763542140.6483827,4893.85064203249,1.2117956707123397e-09,5.930347021127776e-06
0.25000000000000006,96.0,96000.0,1.0000000000000002e-10,1.117069989195558e-25,0.9600677835904459,1763542140.6483827,4893.85064203249,1.1620876494962703e-09,5.68708338958535e-06
0.25000000000000006,97.0,97000.0,1.0000000000000002e-10,1.117069989195558e-25,0.9600677835904459,1763542140.6483827,4893.85064203249,1.1149024778797678e-09,5.456166207175516e-06
0.25000000000000006,98.0,98000.0,1.0000000000000002e-10,1.117069989195558e-25,0.9600677835904459,1763542140.6483827,4893.85064203249,1.0700880519532925e-09,5.236851100082917e-06
0.25000000000000006,99.0,99000.0,1.0000000000000002e-10,1.117069989195558e-25,0.9600677835904459,1763542140.6483827,4893.85064203249,1.0275028599360336e-09,5.028445530788178e-06
0.25000000000000006,100.0,100000.0,1.0000000000000002e-10,1.117069989195558e-25,0.9600677835904459,1763542140.6483827,4893.85064203249,9.870151475181429e-10,4.830304713377456e-06
0.30000000000000004,1.0,1000.0,1.0000000000000002e-10,2.5184685683500377e-25,0.9559277634058263,782221396.2712411,13252.629980874293,0.09685228142824426,1283.5474485720245
0.30000000000000004,2.0,2000.0,1.0000000000000002e-10,2.5184685683500377e-25,0.9559277634058263,782221396.2712411,13252.629980874293,0.006053267589265266,80.22171553575153
0.30000000000000004,3.0,3000.0,1.0000000000000002e-10,2.5184685683500377e-25,0.9559277634058263,782221396.2712411,13252.629980874293,0.0011957071781264724,15.846264797185487
0.30000000000000004,4.0,4000.0,1.0000000000000002e-10,2.5184685683500377e-25,0.9559277634058263,782221396.2712411,13252.629980874293,0.00037832922432907913,5.0138572209844705
0.30000000000000004,5.0,5000.0,1.0000000000000002e-10,2.5184685683500377e-25,0.9559277634058263,782221396.2712411,13252.629980874293,0.0001549636502851908,2.053675917715239
0.30000000000000004,6.0,6000.0,1.0000000000000002e-10,2.5184685683500377e-25,0.9559277634058263,782221396.2712411,13252.629980874293,7.473169863290453e-05,0.9903915498240929
0.30000000000000004,7.0,7000.0,1.0000000000000002e-10,2.5184685683500377e-25,0.9559277634058263,782221396.2712411,13252.629980874293,4.033830963275479e-05,0.5345886916168364
0.30000000000000004,8.0,8000.0,1.0000000000000002e-10,2.5184685683500377e-25,0.9559277634058263,782221396.2712411,13252.629980874293,2.3645576520567446e-05,0.3133660763115294
0.30000000000000004,9.0,9000.0,1.0000000000000002e-10,2.5184685683500377e-25,0.9559277634058263,782221396.2712411,13252.629980874293,1.4761817013907068e-05,0.19563289873068504
0.30000000000000004,10.0,10000.0,1.0000000000000002e-10,2.5184685683500377e-25,0.9559277634058263,782221396.2712411,13252.629980874293,9.685228142824425e-06,0.12835474485720244
0.30000000000000004,11.0,11000.0,1.0000000000000002e-10,2.5184685683500377e-25,0.9559277634058263,782221396.2712411,13252.629980874293,6.6151411398295365e-06,0.08766801779741987
0.30000000000000004,12.0,12000.0,1.0000000000000002e-10,2.5184685683500377e-25,0.9559277634058263,782221396.2712411,13252.629980874293,4.670731164556533e-06,0.06189947186400581
0.30000000000000004,13.0,13000.0,1.0000000000000002e-10,2.5184685683500377e-25,0.9559277634058263,782221396.2712411,13252.629980874293,3.3910675896587753e-06,0.04494056400588301
0.30000000000000004,14.0,14000.0,1.0000000000000002e-10,2.5184685683500377e-25,0.9559277634058263,782221396.2712411,13252.629980874293,2.5211443520471745e-06,0.033411793226052276
0.30000000000000004,15.0,15000.0,1.0000000000000002e-10,2.5184685683500377e-25,0.9559277634058263,782221396.2712411,13252.629980874293,1.9131314850023553e-06,0.025354023675496773
0.30000000000000004,16.0,16000.0,1.0000000000000002e-10,2.5184685683500377e-25,0.9559277634058263,782221396.2712411,13252.629980874293,1.4778485325354654e-06,0.019585379769470588
0.30000000000000004,17.0,17000.0,1.0000000000000002e-10,2.5184685683500377e-25,0.9559277634058263,782221396.2712411,13252.629980874293,1.1596159220824017e-06,0.015367960735288426
0.30000000000000004,18.0,18000.0,1.0000000000000002e-10,2.5184685683500377e-25,0.9559277634058263,782221396.2712411,13252.629980874293,9.226135633691917e-07,0.012227056170667815
0.30000000000000004,19.0,19000.0,1.0000000000000002e-10,2.5184685683500377e-25,0.9559277634058263,782221396.2712411,13252.629980874293,7.431824604495379e-07,0.00984912215661347
0.30000000000000004,20.0,20000.0,1.0000000000000002e-10,2.5184685683500377e-25,0.9559277634058263,782221396.2712411,13252.629980874293,6.053267589265266e-07,0.008022171553575153
0.30000000000000004,21.0,21000.0,1.0000000000000002e-10,2.5184685683500377e-25,0.9559277634058263,782221396.2712411,13252.629980874293,4.980038226266023e-07,0.006599860390331313
0.30000000000000004,22.0,22000.0,1.0000000000000002e-10,2.5184685683500377e-25,0.9559277634058263,782221396.2712411,13252.629980874293,4.1344632123934603e-07,0.005479251112338742
0.30000000000000004,23.0,23000.0,1.0000000000000002e-10,2.5184685683500377e-25,0.9559277634058263,782221396.2712411,13252.629980874293,3.460975390605531e-07,0.004586702622460697
0.30000000000000004,24.0,24000.0,1.0000000000000002e-10,2.5184685683500377e-25,0.9559277634058263,782221396.2712411,13252.629980874293,2.919206977847833e-07,0.003868716991500363
0.30000000000000004,25.0,25000.0,1.0000000000000002e-10,2.5184685683500377e-25,0.9559277634058263,782221396.2712411,13252.629980874293,2.479418404563053e-07,0.0032858814683443824
0.30000000000000004,26.0,26000.0,1.0000000000000002e-10,2.5184685683500377e-25,0.9559277634058263,782221396.2712411,13252.629980874293,2.1194172435367346e-07,0.0028087852503676882
0.30000000000000004,27.0,27000.0,1.0000000000000002e-10,2.5184685683500377e-25,0.9559277634058263,782221396.2712411,13252.629980874293,1.8224465449267977e-07,0.0024152209719837648
0.30000000000000004,28.0,28000.0,1.0000000000000002e-10,2.5184685683500377e-25,0.9559277634058263,782221396.2712411,13252.629980874293,1.575715220029484e-07,0.0020882370766282673
0.30000000000000004,29.0,29000.0,1.0000000000000002e-10,2.5184685683500377e-25,0.9559277634058263,782221396.2712411,13252.629980874293,1.3693607127611836e-07,0.0018147630836570254
0.30000000000000004,30.0,30000.0,1.0000000000000002e-10,2.5184685683500377e-25,0.9559277634058263,782221396.2712411,13252.629980874293,1.195707178126472e-07,0.0015846264797185483
0.30000000000000004,31.0,31000.0,1.0000000000000002e-10,2.5184685683500377e-25,0.9559277634058263,782221396.2712411,13252.629980874293,1.0487285229923765e-07,0.0013898411065606784
0.30000000000000004,32.0,32000.0,1.0000000000000002e-10,2.5184685683500377e-25,0.9559277634058263,782221396.2712411,13252.629980874293,9.236553328346659e-08,0.0012240862355919117
0.30000000000000004,33.0,33000.0,1.0000000000000002e-10,2.5184685683500377e-25,0.9559277634058263,782221396.2712411,13252.629980874293,8.166840913369801e-08,0.0010823212073755542
0.30000000000000004,34.0,34000.0,1.0000000000000002e-10,2.5184685683500377e-25,0.9559277634058263,782221396.2712411,13252.629980874293,7.247599513015011e-08,0.0009604975459555266
0.30000000000000004,35.0,35000.0,1.0000000000000002e-10,2.5184685683500377e-25,0.9559277634058263,782221396.2712411,13252.629980874293,6.454129541240766e-08,0.0008553419065869382
0.30000000000000004,36.0,36000.0,1.0000000000000002e-10,2.5184685683500377e-25,0.9559277634058263,782221396.2712411,13252.629980874293,5.766334771057448e-08,0.0007641910106667384
0.30000000000000004,37.0,37000.0,1.0000000000000002e-10,2.5184685683500377e-25,0.9559277634058263,782221396.2712411,13252.629980874293,5.1677674131648385e-08,0.0006848650935389353
0.30000000000000004,38.0,38000.0,1.0000000000000002e-10,2.5184685683500377e-25,0.9559277634058263,782221396.2712411,13252.629980874293,4.644890377809612e-08,0.0006155701347883419
0.30000000000000004,39.0,39000.0,1.0000000000000002e-10,2.5184685683500377e-25,0.9559277634058263,782221396.2712411,13252.629980874293,4.186503197109597e-08,0.0005548217778504073
0.30000000000000004,40.0,40000.0,1.0000000000000002e-10,2.5184685683500377e-25,0.9559277634058263,782221396.2712411,13252.629980874293,3.783292243290791e-08,0.000501385722098447
0.30000000000000004,41.0,41000.0,1.0000000000000002e-10,2.5184685683500377e-25,0.9559277634058263,782221396.2712411,13252.629980874293,3.427476047275203e-08,0.00045423071822847866
0.30000000000000004,42.0,42000.0,1.0000000000000002e-10,2.5184685683500377e-25,0.9559277634058263,782221396.2712411,13252.629980874293,3.112523891416264e-08,0.0004124912743957071
0.30000000000000004,43.0,43000.0,1.0000000000000002e-10,2.5184685683500377e-25,0.9559277634058263,782221396.2712411,13252.629980874293,2.8329312360749938e-08,0.00037543789432962734
0.30000000000000004,44.0,44000.0,1.0000000000000002e-10,2.5184685683500377e-25,0.9559277634058263,782221396.2712411,13252.629980874293,2.5840395077459127e-08,0.00034245319452117136
0.30000000000000004,45.0,45000.0,1.0000000000000002e-10,2.5184685683500377e-25,0.9559277634058263,782221396.2712411,13252.629980874293,2.3618907222251302e-08,0.000313012637969096
0.30000000000000004,46.0,46000.0,1.0000000000000002e-10,2.5184685683500377e-25,0.9559277634058263,782221396.2712411,13252.629980874293,2.1631096191284568e-08,0.0002866689139037936
0.30000000000000004,47.0,47000.0,1.0000000000000002e-10,2.5184685683500377e-25,0.9559277634058263,782221396.2712411,13252.629980874293,1.9848076427177156e-08,0.0002630392127214923
0.30000000000000004,48.0,48000.0,1.0000000000000002e-10,2.5184685683500377e-25,0.9559277634058263,782221396.2712411,13252.629980874293,1.8245043611548956e-08,0.0002417948119687727
0.30000000000000004,49.0,49000.0,1.0000000000000002e-10,2.5184685683500377e-25,0.9559277634058263,782221396.2712411,13252.629980874293,1.680062875166797e-08,0.0002226525162918936
0.30000000000000004,50.0,50000.0,1.0000000000000002e-10,2.5184685683500377e-25,0.9559277634058263,782221396.2712411,13252.629980874293,1.5496365028519082e-08,0.0002053675917715239
0.30000000000000004,51.0,51000.0,1.0000000000000002e-10,2.5184685683500377e-25,0.9559277634058263,782221396.2712411,13252.629980874293,1.4316245951634584e-08,0.0001897279103122027
0.30000000000000004,52.0,52000.0,1.0000000000000002e-10,2.5184685683500377e-25,0.9559277634058263,782221396.2712411,13252.629980874293,1.3246357772104591e-08,0.00017554907814798051
0.30000000000000004,53.0,53000.0,1.0000000000000002e-10,2.5184685683500377e-25,0.9559277634058263,782221396.2712411,13252.629980874293,1.2274572542313237e-08,0.0001626703680766768
0.30000000000000004,54.0,54000.0,1.0000000000000002e-10,2.5184685683500377e-25,0.9559277634058263,782221396.2712411,13252.629980874293,1.1390290905792486e-08,0.0001509513107489853
0.30000000000000004,55.0,55000.0,1.0000000000000002e-10,2.5184685683500377e-25,0.9559277634058263,782221396.2712411,13252.629980874293,1.058422582372726e-08,0.00014026882847587181
0.30000000000000004,56.0,56000.0,1.0000000000000002e-10,2.5184685683500377e-25,0.9559277634058263,782221396.2712411,13252.629980874293,9.848220125184275e-09,0.0001305148172892667
0.30000000000000004,57.0,57000.0,1.0000000000000002e-10,2.5184685683500377e-25,0.9559277634058263,782221396.2712411,13252.629980874293,9.175092104315283e-09,0.00012159410069893173
0.30000000000000004,58.0,58000.0,1.0000000000000002e-10,2.5184685683500377e-25,0.9559277634058263,782221396.2712411,13252.629980874293,8.558504454757398e-09,0.00011342269272856409
0.30000000000000004,59.0,59000.0,1.0000000000000002e-10,2.5184685683500377e-25,0.9559277634058263,782221396.2712411,13252.629980874293,7.992852687003734e-09,0.00010592631915249733
0.30000000000000004,60.0,60000.0,1.0000000000000002e-10,2.5184685683500377e-25,0.9559277634058263,782221396.2712411,13252.629980874293,7.47316986329045e-09,9.903915498240927e-05
0.30000000000000004,61.0,61000.0,1.0000000000000002e-10,2.5184685683500377e-25,0.9559277634058263,782221396.2712411,13252.629980874293,6.99504504119643e-09,9.270274363052587e-05
0.30000000000000004,62.0,62000.0,1.0000000000000002e-10,2.5184685683500377e-25,0.9559277634058263,782221396.2712411,13252.629980874293,6.554553268702353e-09,8.68650691600424e-05
0.30000000000000004,63.0,63000.0,1.0000000000000002e-10,2.5184685683500377e-25,0.9559277634058263,782221396.2712411,13252.629980874293,6.1481953410691635e-09,8.147975790532484e-05
0.30000000000000004,64.0,64000.0,1.0000000000000002e-10,2.5184685683500377e-25,0.9559277634058263,782221396.2712411,13252.629980874293,5.7728458302166616e-09,7.650538972449448e-05
0.30000000000000004,65.0,65000.0,1.0000000000000002e-10,2.5184685683500377e-25,0.9559277634058263,782221396.2712411,13252.629980874293,5.4257081434540406e-09,7.190490240941281e-05
0.30000000000000004,66.0,66000.0,1.0000000000000002e-10,2.5184685683500377e-25,0.9559277634058263,782221396.2712411,13252.629980874293,5.104275570856126e-09,6.764507546097214e-05
0.30000000000000004,67.0,67000.0,1.0000000000000002e-10,2.5184685683500377e-25,0.9559277634058263,782221396.2712411,13252.629980874293,4.806297447583399e-09,6.369608165084335e-05
0.30000000000000004,68.0,68000.0,1.0000000000000002e-10,2.5184685683500377e-25,0.9559277634058263,782221396.2712411,13252.629980874293,4.529749695634382e-09,6.003109662222041e-05
0.30000000000000004,69.0,69000.0,1.0000000000000002e-10,2.5184685683500377e-25,0.9559277634058263,782221396.2712411,13252.629980874293,4.27280912420436e-09,5.662595830198394e-05
0.30000000000000004,70.0,70000.0,1.0000000000000002e-10,2.5184685683500377e-25,0.9559277634058263,782221396.2712411,13252.629980874293,4.0338309632754785e-09,5.345886916168364e-05
0.30000000000000004,71.0,71000.0,1.0000000000000002e-10,2.5184685683500377e-25,0.9559277634058263,782221396.2712411,13252.629980874293,3.811329184725886e-09,5.051013542047945e-05
0.30000000000000004,72.0,72000.0,1.0000000000000002e-10,2.5184685683500377e-25,0.9559277634058263,782221396.2712411,13252.629980874293,3.603959231910905e-09,4.776193816667115e-05
0.30000000000000004,73.0,73000.0,1.0000000000000002e-10,2.5184685683500377e-25,0.9559277634058263,782221396.2712411,13252.629980874293,3.4105028346031796e-09,4.519813211571886e-05
0.30000000000000004,74.0,74000.0,1.0000000000000002e-10,2.5184685683500377e-25,0.9559277634058263,782221396.2712411,13252.629980874293,3.229854633228024e-09,4.2804068346183455e-05
0.30000000000000004,75.0,75000.0,1.0000000000000002e-10,2.5184685683500377e-25,0.9559277634058263,782221396.2712411,13252.629980874293,3.0610103760037693e-09,4.056643788079485e-05
0.30000000000000004,76.0,76000.0,1.0000000000000002e-10,2.5184685683500377e-25,0.9559277634058263,782221396.2712411,13252.629980874293,2.9030564861310074e-09,3.847313342427137e-05
0.30000000000000004,77.0,77000.0,1.0000000000000002e-10,2.5184685683500377e-25,0.9559277634058263,782221396.2712411,13252.629980874293,2.7551608245853952e-09,3.651312694603075e-05
0.30000000000000004,78.0,78000.0,1.0000000000000002e-10,2.5184685683500377e-25,0.9559277634058263,782221396.2712411,13252.629980874293,2.616564498193498e-09,3.4676361115650455e-05
0.30000000000000004,79.0,79000.0,1.0000000000000002e-10,2.5184685683500377e-25,0.9559277634058263,782221396.2712411,13252.629980874293,2.4865745832016184e-09,3.295365287101777e-05
0.30000000000000004,80.0,80000.0,1.0000000000000002e-10,2.5184685683500377e-25,0.9559277634058263,782221396.2712411,13252.629980874293,2.3645576520567445e-09,3.133660763115294e-05
0.30000000000000004,81.0,81000.0,1.0000000000000002e-10,2.5184685683500377e-25,0.9559277634058263,782221396.2712411,13252.629980874293,2.249934006082466e-09,2.9817542863997095e-05
0.30000000000000004,82.0,82000.0,1.0000000000000002e-10,2.5184685683500377e-25,0.9559277634058263,782221396.2712411,13252.629980874293,2.1421725295470017e-09,2.8389419889279917e-05
0.30000000000000004,83.0,83000.0,1.0000000000000002e-10,2.5184685683500377e-25,0.9559277634058263,782221396.2712411,13252.629980874293,2.040786091615931e-09,2.7045782942300557e-05
0.30000000000000004,84.0,84000.0,1.0000000000000002e-10,2.5184685683500377e-25,0.9559277634058263,782221396.2712411,13252.629980874293,1.945327432135165e-09,2.5780704649731692e-05
0.30000000000000004,85.0,85000.0,1.0000000000000002e-10,2.5184685683500377e-25,0.9559277634058263,782221396.2712411,13252.629980874293,1.8553854753318423e-09,2.4588737176461474e-05
0.30000000000000004,86.0,86000.0,1.0000000000000002e-10,2.5184685683500377e-25,0.9559277634058263,782221396.2712411,13252.629980874293,1.7705820225468711e-09,2.346486839560171e-05
0.30000000000000004,87.0,87000.0,1.0000000000000002e-10,2.5184685683500377e-25,0.9559277634058263,782221396.2712411,13252.629980874293,1.690568781186646e-09,2.240448251428426e-05
0.30000000000000004,88.0,88000.0,1.0000000000000002e-10,2.5184685683500377e-25,0.9559277634058263,782221396.2712411,13252.629980874293,1.6150246923411954e-09,2.140332465757321e-05
0.30000000000000004,89.0,89000.0,1.0000000000000002e-10,2.5184685683500377e-25,0.9559277634058263,782221396.2712411,13252.629980874293,1.5436535240786865e-09,2.0457468973287458e-05
0.30000000000000004,90.0,90000.0,1.0000000000000002e-10,2.5184685683500377e-25,0.9559277634058263,782221396.2712411,13252.629980874293,1.4761817013907064e-09,1.95632898730685e-05
0.30000000000000004,91.0,91000.0,1.0000000000000002e-10,2.5184685683500377e-25,0.9559277634058263,782221396.2712411,13252.629980874293,1.4123563472131505e-09,1.87174360707551e-05
0.30000000000000004,92.0,92000.0,1.0000000000000002e-10,2.5184685683500377e-25,0.9559277634058263,782221396.2712411,13252.629980874293,1.3519435119552855e-09,1.79168071189871e-05
0.30000000000000004,93.0,93000.0,1.0000000000000002e-10,2.5184685683500377e-25,0.9559277634058263,782221396.2712411,13252.629980874293,1.2947265715955267e-09,1.7158532179761465e-05
0.30000000000000004,94.0,94000.0,1.0000000000000002e-10,2.5184685683500377e-25,0.9559277634058263,782221396.2712411,13252.629980874293,1.2405047766985722e-09,1.6439950795093268e-05
0.30000000000000004,95.0,95000.0,1.0000000000000002e-10,2.5184685683500377e-25,0.9559277634058263,782221396.2712411,13252.629980874293,1.1890919367192607e-09,1.5758595450581553e-05
0.30000000000000004,96.0,96000.0,1.0000000000000002e-10,2.5184685683500377e-25,0.9559277634058263,782221396.2712411,13252.629980874293,1.1403152257218098e-09,1.5112175748048293e-05
0.30000000000000004,97.0,97000.0,1.0000000000000002e-10,2.5184685683500377e-25,0.9559277634058263,782221396.2712411,13252.629980874293,1.0940140971916876e-09,1.4498564023941681e-05
0.30000000000000004,98.0,98000.0,1.0000000000000002e-10,2.5184685683500377e-25,0.9559277634058263,782221396.2712411,13252.629980874293,1.050039296979248e-09,1.391578226824335e-05
0.30000000000000004,99.0,99000.0,1.0000000000000002e-10,2.5184685683500377e-25,0.9559277634058263,782221396.2712411,13252.629980874293,1.0082519646135554e-09,1.3361990214513011e-05
0.30000000000000004,100.0,100000.0,1.0000000000000002e-10,2.5184685683500377e-25,0.9559277634058263,782221396.2712411,13252.629980874293,9.685228142824426e-10,1.2835474485720244e-05
0.3500000000000001,1.0,1000.0,1.0000000000000002e-10,4.692059062963565e-25,0.9488710309593954,419858312.43047535,28757.70105137266,0.09438990203212438,2714.436584908186
0.3500000000000001,2.0,2000.0,1.0000000000000002e-10,4.692059062963565e-25,0.9488710309593954,419858312.43047535,28757.70105137266,0.005899368877007774,169.65228655676162
0.3500000000000001,3.0,3000.0,1.0000000000000002e-10,4.692059062963565e-25,0.9488710309593954,419858312.43047535,28757.70105137266,0.001165307432495363,33.511562776644276
0.3500000000000001,4.0,4000.0,1.0000000000000002e-10,4.692059062963565e-25,0.9488710309593954,419858312.43047535,28757.70105137266,0.0003687105548129859,10.603267909797601
0.3500000000000001,5.0,5000.0,1.0000000000000002e-10,4.692059062963565e-25,0.9488710309593954,419858312.43047535,28757.70105137266,0.000151023843251399,4.343098535853097
0.3500000000000001,6.0,6000.0,1.0000000000000002e-10,4.692059062963565e-25,0.9488710309593954,419858312.43047535,28757.70105137266,7.283171453096019e-05,2.0944726735402672
0.3500000000000001,7.0,7000.0,1.0000000000000002e-10,4.692059062963565e-25,0.9488710309593954,419858312.43047535,28757.70105137266,3.931274553607846e-05,1.1305441836352295
0.3500000000000001,8.0,8000.0,1.0000000000000002e-10,4.692059062963565e-25,0.9488710309593954,419858312.43047535,28757.70105137266,2.3044409675811617e-05,0.6627042443623501
0.3500000000000001,9.0,9000.0,1.0000000000000002e-10,4.692059062963565e-25,0.9488710309593954,419858312.43047535,28757.70105137266,1.438651151228843e-05,0.4137229972425219
0.3500000000000001,10.0,10000.0,1.0000000000000002e-10,4.692059062963565e-25,0.9488710309593954,419858312.43047535,28757.70105137266,9.438990203212438e-06,0.2714436584908186
0.3500000000000001,11.0,11000.0,1.0000000000000002e-10,4.692059062963565e-25,0.9488710309593954,419858312.43047535,28757.70105137266,6.446957313853178e-06,0.1853996711227502
0.3500000000000001,12.0,12000.0,1.0000000000000002e-10,4.692059062963565e-25,0.9488710309593954,419858312.43047535,28757.70105137266,4.551982158185012e-06,0.1309045420962667
0.3500000000000001,13.0,13000.0,1.0000000000000002e-10,4.692059062963565e-25,0.9488710309593954,419858312.43047535,28757.70105137266,3.3048528424118348e-06,0.09503997006085875
0.3500000000000001,14.0,14000.0,1.0000000000000002e-10,4.692059062963565e-25,0.9488710309593954,419858312.43047535,28757.70105137266,2.457046596004904e-06,0.07065901147720184
0.3500000000000001,15.0,15000.0,1.0000000000000002e-10,4.692059062963565e-25,0.9488710309593954,419858312.43047535,28757.70105137266,1.8644918919925801e-06,0.05361850044263082
0.3500000000000001,16.0,16000.0,1.0000000000000002e-10,4.692059062963565e-25,0.9488710309593954,419858312.43047535,28757.70105137266,1.440275604738226e-06,0.04141901527264688
0.3500000000000001,17.0,17000.0,1.0000000000000002e-10,4.692059062963565e-25,0.9488710309593954,419858312.43047535,28757.70105137266,1.130133763150877e-06,0.03250004890875572
0.3500000000000001,18.0,18000.0,1.0000000000000002e-10,4.692059062963565e-25,0.9488710309593954,419858312.43047535,28757.70105137266,8.991569695180269e-07,0.025857687327657617
0.3500000000000001,19.0,19000.0,1.0000000000000002e-10,4.692059062963565e-25,0.9488710309593954,419858312.43047535,28757.70105137266,7.24287735914583e-07,0.020828850184607124
0.3500000000000001,20.0,20000.0,1.0000000000000002e-10,4.692059062963565e-25,0.9488710309593954,419858312.43047535,28757.70105137266,5.899368877007774e-07,0.01696522865567616
0.3500000000000001,21.0,21000.0,1.0000000000000002e-10,4.692059062963565e-25,0.9488710309593954,419858312.43047535,28757.70105137266,4.8534253748245e-07,0.013957335600434929
0.3500000000000001,22.0,22000.0,1.0000000000000002e-10,4.692059062963565e-25,0.9488710309593954,419858312.43047535,28757.70105137266,4.0293483211582363e-07,0.011587479445171887
0.3500000000000001,23.0,23000.0,1.0000000000000002e-10,4.692059062963565e-25,0.9488710309593954,419858312.43047535,28757.70105137266,3.3729833023797217e-07,0.009699924546110775
0.3500000000000001,24.0,24000.0,1.0000000000000002e-10,4.692059062963565e-25,0.9488710309593954,419858312.43047535,28757.70105137266,2.8449888488656325e-07,0.008181533881016669
0.3500000000000001,25.0,25000.0,1.0000000000000002e-10,4.692059062963565e-25,0.9488710309593954,419858312.43047535,28757.70105137266,2.416381492022385e-07,0.006948957657364957
0.3500000000000001,26.0,26000.0,1.0000000000000002e-10,4.692059062963565e-25,0.9488710309593954,419858312.43047535,28757.70105137266,2.0655330265073967e-07,0.005939998128803672
0.3500000000000001,27.0,27000.0,1.0000000000000002e-10,4.692059062963565e-25,0.9488710309593954,419858312.43047535,28757.70105137266,1.776112532381287e-07,0.0051076913239817496
0.3500000000000001,28.0,28000.0,1.0000000000000002e-10,4.692059062963565e-25,0.9488710309593954,419858312.43047535,28757.70105137266,1.535654122503065e-07,0.004416188217325115
0.3500000000000001,29.0,29000.0,1.0000000000000002e-10,4.692059062963565e-25,0.9488710309593954,419858312.43047535,28757.70105137266,1.3345459871271022e-07,0.0038378474537110233
0.3500000000000001,30.0,30000.0,1.0000000000000002e-10,4.692059062963565e-25,0.9488710309593954,419858312.43047535,28757.70105137266,1.1653074324953626e-07,0.0033511562776644263
0.3500000000000001,31.0,31000.0,1.0000000000000002e-10,4.692059062963565e-25,0.9488710309593954,419858312.43047535,28757.70105137266,1.0220655733017915e-07,0.002939225621191273
0.3500000000000001,32.0,32000.0,1.0000000000000002e-10,4.692059062963565e-25,0.9488710309593954,419858312.43047535,28757.70105137266,9.001722529613913e-08,0.00258868845454043
0.3500000000000001,33.0,33000.0,1.0000000000000002e-10,4.692059062963565e-25,0.9488710309593954,419858312.43047535,28757.70105137266,7.959206560312567e-08,0.002288884828675929
0.3500000000000001,34.0,34000.0,1.0000000000000002e-10,4.692059062963565e-25,0.9488710309593954,419858312.43047535,28757.70105137266,7.063336019692982e-08,0.0020312530567972325
0.3500000000000001,35.0,35000.0,1.0000000000000002e-10,4.692059062963565e-25,0.9488710309593954,419858312.43047535,28757.70105137266,6.290039285772553e-08,0.0018088706938163667
0.3500000000000001,36.0,36000.0,1.0000000000000002e-10,4.692059062963565e-25,0.9488710309593954,419858312.43047535,28757.70105137266,5.619731059487668e-08,0.001616105457978601
0.3500000000000001,37.0,37000.0,1.0000000000000002e-10,4.692059062963565e-25,0.9488710309593954,419858312.43047535,28757.70105137266,5.0363817213208686e-08,0.001448347599223432
0.3500000000000001,38.0,38000.0,1.0000000000000002e-10,4.692059062963565e-25,0.9488710309593954,419858312.43047535,28757.70105137266,4.5267983494661434e-08,0.0013018031365379453
0.3500000000000001,39.0,39000.0,1.0000000000000002e-10,4.692059062963565e-25,0.9488710309593954,419858312.43047535,28757.70105137266,4.080065237545472e-08,0.0011733329637143048
0.3500000000000001,40.0,40000.0,1.0000000000000002e-10,4.692059062963565e-25,0.9488710309593954,419858312.43047535,28757.70105137266,3.687105548129859e-08,0.00106032679097976
0.3500000000000001,41.0,41000.0,1.0000000000000002e-10,4.692059062963565e-25,0.9488710309593954,419858312.43047535,28757.70105137266,3.340335648772999e-08,0.0009606037399865684
0.3500000000000001,42.0,42000.0,1.0000000000000002e-10,4.692059062963565e-25,0.9488710309593954,419858312.43047535,28757.70105137266,3.033390859265313e-08,0.000872333475027183
0.3500000000000001,43.0,43000.0,1.0000000000000002e-10,4.692059062963565e-25,0.9488710309593954,419858312.43047535,28757.70105137266,2.760906587781049e-08,0.0007939732628217277
0.3500000000000001,44.0,44000.0,1.0000000000000002e-10,4.692059062963565e-25,0.9488710309593954,419858312.43047535,28757.70105137266,2.5183427007238977e-08,0.0007242174653232429
0.3500000000000001,45.0,45000.0,1.0000000000000002e-10,4.692059062963565e-25,0.9488710309593954,419858312.43047535,28757.70105137266,2.3018418419661483e-08,0.0006619567955880348
0.3500000000000001,46.0,46000.0,1.0000000000000002e-10,4.692059062963565e-25,0.9488710309593954,419858312.43047535,28757.70105137266,2.108114563987326e-08,0.0006062452841319234
0.3500000000000001,47.0,47000.0,1.0000000000000002e-10,4.692059062963565e-25,0.9488710309593954,419858312.43047535,28757.70105137266,1.9343457498989048e-08,0.0005562733680558597
0.3500000000000001,48.0,48000.0,1.0000000000000002e-10,4.692059062963565e-25,0.9488710309593954,419858312.43047535,28757.70105137266,1.7781180305410203e-08,0.0005113458675635418
0.3500000000000001,49.0,49000.0,1.0000000000000002e-10,4.692059062963565e-25,0.9488710309593954,419858312.43047535,28757.70105137266,1.637348835321885e-08,0.00047086388322999974
0.3500000000000001,50.0,50000.0,1.0000000000000002e-10,4.692059062963565e-25,0.9488710309593954,419858312.43047535,28757.70105137266,1.5102384325139905e-08,0.0004343098535853098
0.3500000000000001,51.0,51000.0,1.0000000000000002e-10,4.692059062963565e-25,0.9488710309593954,419858312.43047535,28757.70105137266,1.3952268680875021e-08,0.00040123517171303344
0.3500000000000001,52.0,52000.0,1.0000000000000002e-10,4.692059062963565e-25,0.9488710309593954,419858312.43047535,28757.70105137266,1.290958141567123e-08,0.0003712498830502295
0.3500000000000001,53.0,53000.0,1.0000000000000002e-10,4.692059062963565e-25,0.9488710309593954,419858312.43047535,28757.70105137266,1.196250292372853e-08,0.00034401408290675646
0.3500000000000001,54.0,54000.0,1.0000000000000002e-10,4.692059062963565e-25,0.9488710309593954,419858312.43047535,28757.70105137266,1.1100703327383044e-08,0.00031923070774885935
0.3500000000000001,55.0,55000.0,1.0000000000000002e-10,4.692059062963565e-25,0.9488710309593954,419858312.43047535,28757.70105137266,1.0315131702165086e-08,0.00029663947379640035
0.3500000000000001,56.0,56000.0,1.0000000000000002e-10,4.692059062963565e-25,0.9488710309593954,419858312.43047535,28757.70105137266,9.597838265644156e-09,0.0002760117635828197
0.3500000000000001,57.0,57000.0,1.0000000000000002e-10,4.692059062963565e-25,0.9488710309593954,419858312.43047535,28757.70105137266,8.941823900180036e-09,0.0002571462985753966
0.3500000000000001,58.0,58000.0,1.0000000000000002e-10,4.692059062963565e-25,0.9488710309593954,419858312.43047535,28757.70105137266,8.340912419544389e-09,0.00023986546585693896
0.3500000000000001,59.0,59000.0,1.0000000000000002e-10,4.692059062963565e-25,0.9488710309593954,419858312.43047535,28757.70105137266,7.789641823176215e-09,0.00022401219084817108
0.3500000000000001,60.0,60000.0,1.0000000000000002e-10,4.692059062963565e-25,0.9488710309593954,419858312.43047535,28757.70105137266,7.283171453096016e-09,0.00020944726735402664
0.3500000000000001,61.0,61000.0,1.0000000000000002e-10,4.692059062963565e-25,0.9488710309593954,419858312.43047535,28757.70105137266,6.817202511001271e-09,0.0001960470718180416
0.3500000000000001,62.0,62000.0,1.0000000000000002e-10,4.692059062963565e-25,0.9488710309593954,419858312.43047535,28757.70105137266,6.387909833136197e-09,0.00018370160132445457
0.3500000000000001,63.0,63000.0,1.0000000000000002e-10,4.692059062963565e-25,0.9488710309593954,419858312.43047535,28757.70105137266,5.991883178795679e-09,0.00017231278519055465
0.3500000000000001,64.0,64000.0,1.0000000000000002e-10,4.692059062963565e-25,0.9488710309593954,419858312.43047535,28757.70105137266,5.626076581008696e-09,0.00016179302840877688
0.3500000000000001,65.0,65000.0,1.0000000000000002e-10,4.692059062963565e-25,0.9488710309593954,419858312.43047535,28757.70105137266,5.287764547858935e-09,0.00015206395209737397
0.3500000000000001,66.0,66000.0,1.0000000000000002e-10,4.692059062963565e-25,0.9488710309593954,419858312.43047535,28757.70105137266,4.974504100195354e-09,0.00014305530179224555
0.3500000000000001,67.0,67000.0,1.0000000000000002e-10,4.692059062963565e-25,0.9488710309593954,419858312.43047535,28757.70105137266,4.6841017942438215e-09,0.00013470399909306212
0.3500000000000001,68.0,68000.0,1.0000000000000002e-10,4.692059062963565e-25,0.9488710309593954,419858312.43047535,28757.70105137266,4.4145850123081136e-09,0.00012695331604982703
0.3500000000000001,69.0,69000.0,1.0000000000000002e-10,4.692059062963565e-25,0.9488710309593954,419858312.43047535,28757.70105137266,4.164176916518176e-09,0.0001197521548902565
0.3500000000000001,70.0,70000.0,1.0000000000000002e-10,4.692059062963565e-25,0.9488710309593954,419858312.43047535,28757.70105137266,3.9312745536078455e-09,0.00011305441836352292
0.3500000000000001,71.0,71000.0,1.0000000000000002e-10,4.692059062963565e-25,0.9488710309593954,419858312.43047535,28757.70105137266,3.714429676341538e-09,0.00010681845820857685
0.3500000000000001,72.0,72000.0,1.0000000000000002e-10,4.692059062963565e-25,0.9488710309593954,419858312.43047535,28757.70105137266,3.5123319121797926e-09,0.00010100659112366257
0.3500000000000001,73.0,73000.0,1.0000000000000002e-10,4.692059062963565e-25,0.9488710309593954,419858312.43047535,28757.70105137266,3.3237939642854768e-09,9.558467318127856e-05
0.3500000000000001,74.0,74000.0,1.0000000000000002e-10,4.692059062963565e-25,0.9488710309593954,419858312.43047535,28757.70105137266,3.147738575825543e-09,9.05217249514645e-05
0.3500000000000001,75.0,75000.0,1.0000000000000002e-10,4.692059062963565e-25,0.9488710309593954,419858312.43047535,28757.70105137266,2.9831870271881287e-09,8.578960070820933e-05
0.3500000000000001,76.0,76000.0,1.0000000000000002e-10,4.692059062963565e-25,0.9488710309593954,419858312.43047535,28757.70105137266,2.8292489684163396e-09,8.136269603362158e-05
0.3500000000000001,77.0,77000.0,1.0000000000000002e-10,4.692059062963565e-25,0.9488710309593954,419858312.43047535,28757.70105137266,2.6851134168484696e-09,7.721768893075807e-05
0.3500000000000001,78.0,78000.0,1.0000000000000002e-10,4.692059062963565e-25,0.9488710309593954,419858312.43047535,28757.70105137266,2.55004077346592e-09,7.333331023214405e-05
0.3500000000000001,79.0,79000.0,1.0000000000000002e-10,4.692059062963565e-25,0.9488710309593954,419858312.43047535,28757.70105137266,2.4233557314585407e-09,6.969013966641524e-05
0.3500000000000001,80.0,80000.0,1.0000000000000002e-10,4.692059062963565e-25,0.9488710309593954,419858312.43047535,28757.70105137266,2.3044409675811617e-09,6.6270424436235e-05
0.3500000000000001,81.0,81000.0,1.0000000000000002e-10,4.692059062963565e-25,0.9488710309593954,419858312.43047535,28757.70105137266,2.1927315214583793e-09,6.305791758002161e-05
0.3500000000000001,82.0,82000.0,1.0000000000000002e-10,4.692059062963565e-25,0.9488710309593954,419858312.43047535,28757.70105137266,2.0877097804831242e-09,6.0037733749160526e-05
0.3500000000000001,83.0,83000.0,1.0000000000000002e-10,4.692059062963565e-25,0.9488710309593954,419858312.43047535,28757.70105137266,1.9889009986704833e-09,5.719622034054229e-05
0.3500000000000001,84.0,84000.0,1.0000000000000002e-10,4.692059062963565e-25,0.9488710309593954,419858312.43047535,28757.70105137266,1.8958692870408204e-09,5.452084218919894e-05
0.3500000000000001,85.0,85000.0,1.0000000000000002e-10,4.692059062963565e-25,0.9488710309593954,419858312.43047535,28757.70105137266,1.8082140210414028e-09,5.200007825400914e-05
0.3500000000000001,86.0,86000.0,1.0000000000000002e-10,4.692059062963565e-25,0.9488710309593954,419858312.43047535,28757.70105137266,1.7255666173631555e-09,4.962332892635798e-05
0.3500000000000001,87.0,87000.0,1.0000000000000002e-10,4.692059062963565e-25,0.9488710309593954,419858312.43047535,28757.70105137266,1.647587638428521e-09,4.7380832761864475e-05
0.3500000000000001,88.0,88000.0,1.0000000000000002e-10,4.692059062963565e-25,0.9488710309593954,419858312.43047535,28757.70105137266,1.573964187952436e-09,4.526359158270268e-05
0.3500000000000001,89.0,89000.0,1.0000000000000002e-10,4.692059062963565e-25,0.9488710309593954,419858312.43047535,28757.70105137266,1.5044075654250918e-09,4.326330302591815e-05
0.3500000000000001,90.0,90000.0,1.0000000000000002e-10,4.692059062963565e-25,0.9488710309593954,419858312.43047535,28757.70105137266,1.4386511512288427e-09,4.1372299724252175e-05
0.3500000000000001,91.0,91000.0,1.0000000000000002e-10,4.692059062963565e-25,0.9488710309593954,419858312.43047535,28757.70105137266,1.3764484974643205e-09,3.958349440269001e-05
0.3500000000000001,92.0,92000.0,1.0000000000000002e-10,4.692059062963565e-25,0.9488710309593954,419858312.43047535,28757.70105137266,1.3175716024920788e-09,3.7890330258245215e-05
0.3500000000000001,93.0,93000.0,1.0000000000000002e-10,4.692059062963565e-25,0.9488710309593954,419858312.43047535,28757.70105137266,1.2618093497552983e-09,3.628673606408979e-05
0.3500000000000001,94.0,94000.0,1.0000000000000002e-10,4.692059062963565e-25,0.9488710309593954,419858312.43047535,28757.70105137266,1.2089660936868155e-09,3.476708550349123e-05
0.3500000000000001,95.0,95000.0,1.0000000000000002e-10,4.692059062963565e-25,0.9488710309593954,419858312.43047535,28757.70105137266,1.1588603774633327e-09,3.33261602953714e-05
0.3500000000000001,96.0,96000.0,1.0000000000000002e-10,4.692059062963565e-25,0.9488710309593954,419858312.43047535,28757.70105137266,1.1113237690881377e-09,3.195911672272136e-05
0.3500000000000001,97.0,97000.0,1.0000000000000002e-10,4.692059062963565e-25,0.9488710309593954,419858312.43047535,28757.70105137266,1.0661998037928756e-09,3.06614552185077e-05
0.3500000000000001,98.0,98000.0,1.0000000000000002e-10,4.692059062963565e-25,0.9488710309593954,419858312.43047535,28757.70105137266,1.0233430220761782e-09,2.9428992701874984e-05
0.3500000000000001,99.0,99000.0,1.0000000000000002e-10,4.692059062963565e-25,0.9488710309593954,419858312.43047535,28757.70105137266,9.826180938657488e-10,2.8257837391060845e-05
0.3500000000000001,100.0,100000.0,1.0000000000000002e-10,4.692059062963565e-25,0.9488710309593954,419858312.43047535,28757.70105137266,9.43899020321244e-10,2.7144365849081864e-05
0.40000000000000013,1.0,1000.0,1.0000000000000002e-10,7.831254349959088e-25,0.9402750737614135,251556125.2343045,54694.24589439536,0.09165410969388507,5012.952412829236
0.40000000000000013,2.0,2000.0,1.0000000000000002e-10,7.831254349959088e-25,0.9402750737614135,251556125.2343045,54694.24589439536,0.005728381855867817,313.30952580182725
0.40000000000000013,3.0,3000.0,1.0000000000000002e-10,7.831254349959088e-25,0.9402750737614135,251556125.2343045,54694.24589439536,0.0011315322184430258,61.88830139295354
0.40000000000000013,4.0,4000.0,1.0000000000000002e-10,7.831254349959088e-25,0.9402750737614135,251556125.2343045,54694.24589439536,0.00035802386599173856,19.581845362614203
0.40000000000000013,5.0,5000.0,1.0000000000000002e-10,7.831254349959088e-25,0.9402750737614135,251556125.2343045,54694.24589439536,0.00014664657551021612,8.020723860526777
0.40000000000000013,6.0,6000.0,1.0000000000000002e-10,7.831254349959088e-25,0.9402750737614135,251556125.2343045,54694.24589439536,7.072076365268911e-05,3.868018837059596
0.40000000000000013,7.0,7000.0,1.0000000000000002e-10,7.831254349959088e-25,0.9402750737614135,251556125.2343045,54694.24589439536,3.817330682794048e-05,2.0878602302495777
0.40000000000000013,8.0,8000.0,1.0000000000000002e-10,7.831254349959088e-25,0.9402750737614135,251556125.2343045,54694.24589439536,2.237649162448366e-05,1.2238653351633877
0.40000000000000013,9.0,9000.0,1.0000000000000002e-10,7.831254349959088e-25,0.9402750737614135,251556125.2343045,54694.24589439536,1.396953356102501e-05,0.7640531036167103
0.40000000000000013,10.0,10000.0,1.0000000000000002e-10,7.831254349959088e-25,0.9402750737614135,251556125.2343045,54694.24589439536,9.165410969388508e-06,0.5012952412829236
0.40000000000000013,11.0,11000.0,1.0000000000000002e-10,7.831254349959088e-25,0.9402750737614135,251556125.2343045,54694.24589439536,6.260099016042966e-06,0.34239139490671644
0.40000000000000013,12.0,12000.0,1.0000000000000002e-10,7.831254349959088e-25,0.9402750737614135,251556125.2343045,54694.24589439536,4.4200477282930695e-06,0.24175117731622475
0.40000000000000013,13.0,13000.0,1.0000000000000002e-10,7.831254349959088e-25,0.9402750737614135,251556125.2343045,54694.24589439536,3.209065148065022e-06,0.17551739829940258
0.40000000000000013,14.0,14000.0,1.0000000000000002e-10,7.831254349959088e-25,0.9402750737614135,251556125.2343045,54694.24589439536,2.38583167674628e-06,0.1304912643905986
0.40000000000000013,15.0,15000.0,1.0000000000000002e-10,7.831254349959088e-25,0.9402750737614135,251556125.2343045,54694.24589439536,1.8104515495088406e-06,0.09902128222872562
0.40000000000000013,16.0,16000.0,1.0000000000000002e-10,7.831254349959088e-25,0.9402750737614135,251556125.2343045,54694.24589439536,1.3985307265302288e-06,0.07649158344771173
0.40000000000000013,17.0,17000.0,1.0000000000000002e-10,7.831254349959088e-25,0.9402750737614135,251556125.2343045,54694.24589439536,1.0973780210232767e-06,0.06002026332095206
0.40000000000000013,18.0,18000.0,1.0000000000000002e-10,7.831254349959088e-25,0.9402750737614135,251556125.2343045,54694.24589439536,8.730958475640631e-07,0.047753318976044394
0.40000000000000013,19.0,19000.0,1.0000000000000002e-10,7.831254349959088e-25,0.9402750737614135,251556125.2343045,54694.24589439536,7.032950153381654e-07,0.03846619050520818
0.40000000000000013,20.0,20000.0,1.0000000000000002e-10,7.831254349959088e-25,0.9402750737614135,251556125.2343045,54694.24589439536,5.728381855867817e-07,0.031330952580182723
0.40000000000000013,21.0,21000.0,1.0000000000000002e-10,7.831254349959088e-25,0.9402750737614135,251556125.2343045,54694.24589439536,4.7127539293753665e-07,0.025776052225303426
0.40000000000000013,22.0,22000.0,1.0000000000000002e-10,7.831254349959088e-25,0.9402750737614135,251556125.2343045,54694.24589439536,3.912561885026854e-07,0.021399462181669777
0.40000000000000013,23.0,23000.0,1.0000000000000002e-10,7.831254349959088e-25,0.9402750737614135,251556125.2343045,54694.24589439536,3.275220918088667e-07,0.017913573825240888
0.40000000000000013,24.0,24000.0,1.0000000000000002e-10,7.831254349959088e-25,0.9402750737614135,251556125.2343045,54694.24589439536,2.7625298301831685e-07,0.015109448582264047
0.40000000000000013,25.0,25000.0,1.0000000000000002e-10,7.831254349959088e-25,0.9402750737614135,251556125.2343045,54694.24589439536,2.3463452081634583e-07,0.012833158176842847
0.40000000000000013,26.0,26000.0,1.0000000000000002e-10,7.831254349959088e-25,0.9402750737614135,251556125.2343045,54694.24589439536,2.0056657175406389e-07,0.010969837393712661
0.40000000000000013,27.0,27000.0,1.0000000000000002e-10,7.831254349959088e-25,0.9402750737614135,251556125.2343045,54694.24589439536,1.72463377296605e-07,0.009432754365638396
0.40000000000000013,28.0,28000.0,1.0000000000000002e-10,7.831254349959088e-25,0.9402750737614135,251556125.2343045,54694.24589439536,1.491144797966425e-07,0.008155704024412413
0.40000000000000013,29.0,29000.0,1.0000000000000002e-10,7.831254349959088e-25,0.9402750737614135,251556125.2343045,54694.24589439536,1.2958655710231874e-07,0.0070876390187623265
0.40000000000000013,30.0,30000.0,1.0000000000000002e-10,7.831254349959088e-25,0.9402750737614135,251556125.2343045,54694.24589439536,1.1315322184430254e-07,0.0061888301392953515
0.40000000000000013,31.0,31000.0,1.0000000000000002e-10,7.831254349959088e-25,0.9402750737614135,251556125.2343045,54694.24589439536,9.9244207434249e-08,0.005428087085003194
0.40000000000000013,32.0,32000.0,1.0000000000000002e-10,7.831254349959088e-25,0.9402750737614135,251556125.2343045,54694.24589439536,8.74081704081393e-08,0.004780723965481983
0.40000000000000013,33.0,33000.0,1.0000000000000002e-10,7.831254349959088e-25,0.9402750737614135,251556125.2343045,54694.24589439536,7.728517303756751e-08,0.004227054258107612
0.40000000000000013,34.0,34000.0,1.0000000000000002e-10,7.831254349959088e-25,0.9402750737614135,251556125.2343045,54694.24589439536,6.85861263139548e-08,0.003751266457559504
0.40000000000000013,35.0,35000.0,1.0000000000000002e-10,7.831254349959088e-25,0.9402750737614135,251556125.2343045,54694.24589439536,6.107729092470475e-08,0.0033405763683993237
0.40000000000000013,36.0,36000.0,1.0000000000000002e-10,7.831254349959088e-25,0.9402750737614135,251556125.2343045,54694.24589439536,5.456849047275394e-08,0.0029845824360027746
0.40000000000000013,37.0,37000.0,1.0000000000000002e-10,7.831254349959088e-25,0.9402750737614135,251556125.2343045,54694.24589439536,4.890407478006697e-08,0.0026747714912588815
0.40000000000000013,38.0,38000.0,1.0000000000000002e-10,7.831254349959088e-25,0.9402750737614135,251556125.2343045,54694.24589439536,4.395593845863534e-08,0.002404136906575511
0.40000000000000013,39.0,39000.0,1.0000000000000002e-10,7.831254349959088e-25,0.9402750737614135,251556125.2343045,54694.24589439536,3.96180882477163e-08,0.0021668814604864505
0.40000000000000013,40.0,40000.0,1.0000000000000002e-10,7.831254349959088e-25,0.9402750737614135,251556125.2343045,54694.24589439536,3.580238659917386e-08,0.0019581845362614202
0.40000000000000013,41.0,41000.0,1.0000000000000002e-10,7.831254349959088e-25,0.9402750737614135,251556125.2343045,54694.24589439536,3.243519522489165e-08,0.0017740185432629423
0.40000000000000013,42.0,42000.0,1.0000000000000002e-10,7.831254349959088e-25,0.9402750737614135,251556125.2343045,54694.24589439536,2.945471205859604e-08,0.0016110032640814641
0.40000000000000013,43.0,43000.0,1.0000000000000002e-10,7.831254349959088e-25,0.9402750737614135,251556125.2343045,54694.24589439536,2.6808846052719965e-08,0.0014662896181524563
0.40000000000000013,44.0,44000.0,1.0000000000000002e-10,7.831254349959088e-25,0.9402750737614135,251556125.2343045,54694.24589439536,2.4453511781417836e-08,0.001337466386354361
0.40000000000000013,45.0,45000.0,1.0000000000000002e-10,7.831254349959088e-25,0.9402750737614135,251556125.2343045,54694.24589439536,2.235125369764001e-08,0.0012224849657867362
0.40000000000000013,46.0,46000.0,1.0000000000000002e-10,7.831254349959088e-25,0.9402750737614135,251556125.2343045,54694.24589439536,2.0470130738054167e-08,0.0011195983640775555
0.40000000000000013,47.0,47000.0,1.0000000000000002e-10,7.831254349959088e-25,0.9402750737614135,251556125.2343045,54694.24589439536,1.8782807665887396e-08,0.0010273115010651793
0.40000000000000013,48.0,48000.0,1.0000000000000002e-10,7.831254349959088e-25,0.9402750737614135,251556125.2343045,54694.24589439536,1.7265811438644803e-08,0.0009443405363915029
0.40000000000000013,49.0,49000.0,1.0000000000000002e-10,7.831254349959088e-25,0.9402750737614135,251556125.2343045,54694.24589439536,1.589891996165784e-08,0.0008695794378382248
0.40000000000000013,50.0,50000.0,1.0000000000000002e-10,7.831254349959088e-25,0.9402750737614135,251556125.2343045,54694.24589439536,1.4664657551021615e-08,0.0008020723860526779
0.40000000000000013,51.0,51000.0,1.0000000000000002e-10,7.831254349959088e-25,0.9402750737614135,251556125.2343045,54694.24589439536,1.3547876802756499e-08,0.0007409909051969387
0.40000000000000013,52.0,52000.0,1.0000000000000002e-10,7.831254349959088e-25,0.9402750737614135,251556125.2343045,54694.24589439536,1.2535410734628993e-08,0.0006856148371070413
0.40000000000000013,53.0,53000.0,1.0000000000000002e-10,7.831254349959088e-25,0.9402750737614135,251556125.2343045,54694.24589439536,1.1615782319719812e-08,0.0006353164544505255
0.40000000000000013,54.0,54000.0,1.0000000000000002e-10,7.831254349959088e-25,0.9402750737614135,251556125.2343045,54694.24589439536,1.0778961081037812e-08,0.0005895471478523998
0.40000000000000013,55.0,55000.0,1.0000000000000002e-10,7.831254349959088e-25,0.9402750737614135,251556125.2343045,54694.24589439536,1.0016158425668747e-08,0.0005478262318507463
0.40000000000000013,56.0,56000.0,1.0000000000000002e-10,7.831254349959088e-25,0.9402750737614135,251556125.2343045,54694.24589439536,9.319654987290156e-09,0.0005097315015257758
0.40000000000000013,57.0,57000.0,1.0000000000000002e-10,7.831254349959088e-25,0.9402750737614135,251556125.2343045,54694.24589439536,8.682654510347722e-09,0.00047489124080503923
0.40000000000000013,58.0,58000.0,1.0000000000000002e-10,7.831254349959088e-25,0.9402750737614135,251556125.2343045,54694.24589439536,8.099159818894921e-09,0.0004429774386726454
0.40000000000000013,59.0,59000.0,1.0000000000000002e-10,7.831254349959088e-25,0.9402750737614135,251556125.2343045,54694.24589439536,7.563867222729856e-09,0.00041370001379254407
0.40000000000000013,60.0,60000.0,1.0000000000000002e-10,7.831254349959088e-25,0.9402750737614135,251556125.2343045,54694.24589439536,7.072076365268909e-09,0.00038680188370595947
0.40000000000000013,61.0,61000.0,1.0000000000000002e-10,7.831254349959088e-25,0.9402750737614135,251556125.2343045,54694.24589439536,6.619613044370872e-09,0.00036205474357456753
0.40000000000000013,62.0,62000.0,1.0000000000000002e-10,7.831254349959088e-25,0.9402750737614135,251556125.2343045,54694.24589439536,6.202762964640562e-09,0.00033925544281269965
0.40000000000000013,63.0,63000.0,1.0000000000000002e-10,7.831254349959088e-25,0.9402750737614135,251556125.2343045,54694.24589439536,5.8182147276239085e-09,0.0003182228669790546
0.40000000000000013,64.0,64000.0,1.0000000000000002e-10,7.831254349959088e-25,0.9402750737614135,251556125.2343045,54694.24589439536,5.463010650508706e-09,0.00029879524784262395
0.40000000000000013,65.0,65000.0,1.0000000000000002e-10,7.831254349959088e-25,0.9402750737614135,251556125.2343045,54694.24589439536,5.134504236904035e-09,0.0002808278372790441
0.40000000000000013,66.0,66000.0,1.0000000000000002e-10,7.831254349959088e-25,0.9402750737614135,251556125.2343045,54694.24589439536,4.8303233148479695e-09,0.00026419089113172573
0.40000000000000013,67.0,67000.0,1.0000000000000002e-10,7.831254349959088e-25,0.9402750737614135,251556125.2343045,54694.24589439536,4.548338015234241e-09,0.00024876791781604777
0.40000000000000013,68.0,68000.0,1.0000000000000002e-10,7.831254349959088e-25,0.9402750737614135,251556125.2343045,54694.24589439536,4.286632894622175e-09,0.000234454153597469
0.40000000000000013,69.0,69000.0,1.0000000000000002e-10,7.831254349959088e-25,0.9402750737614135,251556125.2343045,54694.24589439536,4.0434826149242815e-09,0.0002211552324103814
0.40000000000000013,70.0,70000.0,1.0000000000000002e-10,7.831254349959088e-25,0.9402750737614135,251556125.2343045,54694.24589439536,3.817330682794047e-09,0.00020878602302495773
0.40000000000000013,71.0,71000.0,1.0000000000000002e-10,7.831254349959088e-25,0.9402750737614135,251556125.2343045,54694.24589439536,3.606770826923457e-09,0.00019726961049248325
0.40000000000000013,72.0,72000.0,1.0000000000000002e-10,7.831254349959088e-25,0.9402750737614135,251556125.2343045,54694.24589439536,3.4105306545471214e-09,0.00018653640225017341
0.40000000000000013,73.0,73000.0,1.0000000000000002e-10,7.831254349959088e-25,0.9402750737614135,251556125.2343045,54694.24589439536,3.227457281381796e-09,0.00017652334216155272
0.40000000000000013,74.0,74000.0,1.0000000000000002e-10,7.831254349959088e-25,0.9402750737614135,251556125.2343045,54694.24589439536,3.0565046737541855e-09,0.0001671732182036801
0.40000000000000013,75.0,75000.0,1.0000000000000002e-10,7.831254349959088e-25,0.9402750737614135,251556125.2343045,54694.24589439536,2.8967224792141455e-09,0.00015843405156596102
0.40000000000000013,76.0,76000.0,1.0000000000000002e-10,7.831254349959088e-25,0.9402750737614135,251556125.2343045,54694.24589439536,2.7472461536647087e-09,0.00015025855666096945
0.40000000000000013,77.0,77000.0,1.0000000000000002e-10,7.831254349959088e-25,0.9402750737614135,251556125.2343045,54694.24589439536,2.607288219926266e-09,0.00014260366301820755
0.40000000000000013,78.0,78000.0,1.0000000000000002e-10,7.831254349959088e-25,0.9402750737614135,251556125.2343045,54694.24589439536,2.4761305154822688e-09,0.00013543009128040315
0.40000000000000013,79.0,79000.0,1.0000000000000002e-10,7.831254349959088e-25,0.9402750737614135,251556125.2343045,54694.24589439536,2.353117306582369e-09,0.0001287019765845734
0.40000000000000013,80.0,80000.0,1.0000000000000002e-10,7.831254349959088e-25,0.9402750737614135,251556125.2343045,54694.24589439536,2.237649162448366e-09,0.00012238653351633876
0.40000000000000013,81.0,81000.0,1.0000000000000002e-10,7.831254349959088e-25,0.9402750737614135,251556125.2343045,54694.24589439536,2.1291774974889505e-09,0.00011645375760047402
0.40000000000000013,82.0,82000.0,1.0000000000000002e-10,7.831254349959088e-25,0.9402750737614135,251556125.2343045,54694.24589439536,2.0271997015557283e-09,0.00011087615895393389
0.40000000000000013,83.0,83000.0,1.0000000000000002e-10,7.831254349959088e-25,0.9402750737614135,251556125.2343045,54694.24589439536,1.9312547886783663e-09,0.00010562852429670312
0.40000000000000013,84.0,84000.0,1.0000000000000002e-10,7.831254349959088e-25,0.9402750737614135,251556125.2343045,54694.24589439536,1.8409195036622526e-09,0.00010068770400509151
0.40000000000000013,85.0,85000.0,1.0000000000000002e-10,7.831254349959088e-25,0.9402750737614135,251556125.2343045,54694.24589439536,1.7558048336372423e-09,9.603242131352327e-05
0.40000000000000013,86.0,86000.0,1.0000000000000002e-10,7.831254349959088e-25,0.9402750737614135,251556125.2343045,54694.24589439536,1.6755528782949978e-09,9.164310113452852e-05
0.40000000000000013,87.0,87000.0,1.0000000000000002e-10,7.831254349959088e-25,0.9402750737614135,251556125.2343045,54694.24589439536,1.599834038300231e-09,8.750171628101635e-05
0.40000000000000013,88.0,88000.0,1.0000000000000002e-10,7.831254349959088e-25,0.9402750737614135,251556125.2343045,54694.24589439536,1.5283444863386147e-09,8.359164914714757e-05
0.40000000000000013,89.0,89000.0,1.0000000000000002e-10,7.831254349959088e-25,0.9402750737614135,251556125.2343045,54694.24589439536,1.4608038895819017e-09,7.98975671402817e-05
0.40000000000000013,90.0,90000.0,1.0000000000000002e-10,7.831254349959088e-25,0.9402750737614135,251556125.2343045,54694.24589439536,1.3969533561025006e-09,7.640531036167101e-05
0.40000000000000013,91.0,91000.0,1.0000000000000002e-10,7.831254349959088e-25,0.9402750737614135,251556125.2343045,54694.24589439536,1.3365535810349944e-09,7.310179021216266e-05
0.40000000000000013,92.0,92000.0,1.0000000000000002e-10,7.831254349959088e-25,0.9402750737614135,251556125.2343045,54694.24589439536,1.2793831711283854e-09,6.997489775484722e-05
0.40000000000000013,93.0,93000.0,1.0000000000000002e-10,7.831254349959088e-25,0.9402750737614135,251556125.2343045,54694.24589439536,1.225237128817889e-09,6.701342080250859e-05
0.40000000000000013,94.0,94000.0,1.0000000000000002e-10,7.831254349959088e-25,0.9402750737614135,251556125.2343045,54694.24589439536,1.1739254791179622e-09,6.42069688165737e-05
0.40000000000000013,95.0,95000.0,1.0000000000000002e-10,7.831254349959088e-25,0.9402750737614135,251556125.2343045,54694.24589439536,1.1252720245410647e-09,6.154590480833308e-05
0.40000000000000013,96.0,96000.0,1.0000000000000002e-10,7.831254349959088e-25,0.9402750737614135,251556125.2343045,54694.24589439536,1.0791132149153002e-09,5.9021283524468934e-05
0.40000000000000013,97.0,97000.0,1.0000000000000002e-10,7.831254349959088e-25,0.9402750737614135,251556125.2343045,54694.24589439536,1.0352971204395645e-09,5.662479527908099e-05
0.40000000000000013,98.0,98000.0,1.0000000000000002e-10,7.831254349959088e-25,0.9402750737614135,251556125.2343045,54694.24589439536,9.93682497603615e-10,5.434871486488905e-05
0.40000000000000013,99.0,99000.0,1.0000000000000002e-10,7.831254349959088e-25,0.9402750737614135,251556125.2343045,54694.24589439536,9.54137938735401e-10,5.218585503836556e-05
0.40000000000000013,100.0,100000.0,1.0000000000000002e-10,7.831254349959088e-25,0.9402750737614135,251556125.2343045,54694.24589439536,9.165410969388509e-10,5.012952412829237e-05
0.45000000000000007,1.0,1000.0,1.0000000000000002e-10,1.2163683862142452e-24,0.930708145537822,161957514.0497785,95220.96844427762,0.08891831735564579,8466.88829104021
0.45000000000000007,2.0,2000.0,1.0000000000000002e-10,1.2163683862142452e-24,0.930708145537822,161957514.0497785,95220.96844427762,0.005557394834727862,529.1805181900131
0.45000000000000007,3.0,3000.0,1.0000000000000002e-10,1.2163683862142452e-24,0.930708145537822,161957514.0497785,95220.96844427762,0.001097757004390689,104.52948507457052
0.45000000000000007,4.0,4000.0,1.0000000000000002e-10,1.2163683862142452e-24,0.930708145537822,161957514.0497785,95220.96844427762,0.00034733717717049136,33.07378238687582
0.45000000000000007,5.0,5000.0,1.0000000000000002e-10,1.2163683862142452e-24,0.930708145537822,161957514.0497785,95220.96844427762,0.00014226930776903326,13.547021265664336
0.45000000000000007,6.0,6000.0,1.0000000000000002e-10,1.2163683862142452e-24,0.930708145537822,161957514.0497785,95220.96844427762,6.860981277441806e-05,6.533092817160657
0.45000000000000007,7.0,7000.0,1.0000000000000002e-10,1.2163683862142452e-24,0.930708145537822,161957514.0497785,95220.96844427762,3.7033868119802494e-05,3.5264007876052523
0.45000000000000007,8.0,8000.0,1.0000000000000002e-10,1.2163683862142452e-24,0.930708145537822,161957514.0497785,95220.96844427762,2.170857357315571e-05,2.0671113991797387
0.45000000000000007,9.0,9000.0,1.0000000000000002e-10,1.2163683862142452e-24,0.930708145537822,161957514.0497785,95220.96844427762,1.355255560976159e-05,1.290487470056426
0.45000000000000007,10.0,10000.0,1.0000000000000002e-10,1.2163683862142452e-24,0.930708145537822,161957514.0497785,95220.96844427762,8.891831735564579e-06,0.846688829104021
0.45000000000000007,11.0,11000.0,1.0000000000000002e-10,1.2163683862142452e-24,0.930708145537822,161957514.0497785,95220.96844427762,6.073240718232756e-06,0.5782998627853432
0.45000000000000007,12.0,12000.0,1.0000000000000002e-10,1.2163683862142452e-24,0.930708145537822,161957514.0497785,95220.96844427762,4.288113298401129e-06,0.4083183010725411
0.45000000000000007,13.0,13000.0,1.0000000000000002e-10,1.2163683862142452e-24,0.930708145537822,161957514.0497785,95220.96844427762,3.1132774537182104e-06,0.2964492941787827
0.45000000000000007,14.0,14000.0,1.0000000000000002e-10,1.2163683862142452e-24,0.930708145537822,161957514.0497785,95220.96844427762,2.314616757487656e-06,0.22040004922532827
0.45000000000000007,15.0,15000.0,1.0000000000000002e-10,1.2163683862142452e-24,0.930708145537822,161957514.0497785,95220.96844427762,1.7564112070251015e-06,0.16724717611931275
0.45000000000000007,16.0,16000.0,1.0000000000000002e-10,1.2163683862142452e-24,0.930708145537822,161957514.0497785,95220.96844427762,1.3567858483222319e-06,0.12919446244873367
0.45000000000000007,17.0,17000.0,1.0000000000000002e-10,1.2163683862142452e-24,0.930708145537822,161957514.0497785,95220.96844427762,1.0646222788956764e-06,0.10137436442380013
0.45000000000000007,18.0,18000.0,1.0000000000000002e-10,1.2163683862142452e-24,0.930708145537822,161957514.0497785,95220.96844427762,8.470347256100994e-07,0.08065546687852662
0.45000000000000007,19.0,19000.0,1.0000000000000002e-10,1.2163683862142452e-24,0.930708145537822,161957514.0497785,95220.96844427762,6.82302294761748e-07,0.06496948527896662
0.45000000000000007,20.0,20000.0,1.0000000000000002e-10,1.2163683862142452e-24,0.930708145537822,161957514.0497785,95220.96844427762,5.557394834727862e-07,0.05291805181900131
0.45000000000000007,21.0,21000.0,1.0000000000000002e-10,1.2163683862142452e-24,0.930708145537822,161957514.0497785,95220.96844427762,4.572082483926233e-07,0.043535812192657425
0.45000000000000007,22.0,22000.0,1.0000000000000002e-10,1.2163683862142452e-24,0.930708145537822,161957514.0497785,95220.96844427762,3.795775448895472e-07,0.03614374142408395
0.45000000000000007,23.0,23000.0,1.0000000000000002e-10,1.2163683862142452e-24,0.930708145537822,161957514.0497785,95220.96844427762,3.177458533797613e-07,0.030256067877974312
0.45000000000000007,24.0,24000.0,1.0000000000000002e-10,1.2163683862142452e-24,0.930708145537822,161957514.0497785,95220.96844427762,2.6800708115007055e-07,0.025519893817033817
0.45000000000000007,25.0,25000.0,1.0000000000000002e-10,1.2163683862142452e-24,0.930708145537822,161957514.0497785,95220.96844427762,2.2763089243045326e-07,0.021675234025062943
0.45000000000000007,26.0,26000.0,1.0000000000000002e-10,1.2163683862142452e-24,0.930708145537822,161957514.0497785,95220.96844427762,1.9457984085738815e-07,0.018528080886173918
0.45000000000000007,27.0,27000.0,1.0000000000000002e-10,1.2163683862142452e-24,0.930708145537822,161957514.0497785,95220.96844427762,1.673155013550813e-07,0.015931944074770686
0.45000000000000007,28.0,28000.0,1.0000000000000002e-10,1.2163683862142452e-24,0.930708145537822,161957514.0497785,95220.96844427762,1.446635473429785e-07,0.013775003076583017
0.45000000000000007,29.0,29000.0,1.0000000000000002e-10,1.2163683862142452e-24,0.930708145537822,161957514.0497785,95220.96844427762,1.2571851549192725e-07,0.011971038796518231
0.45000000000000007,30.0,30000.0,1.0000000000000002e-10,1.2163683862142452e-24,0.930708145537822,161957514.0497785,95220.96844427762,1.0977570043906885e-07,0.010452948507457047
0.45000000000000007,31.0,31000.0,1.0000000000000002e-10,1.2163683862142452e-24,0.930708145537822,161957514.0497785,95220.96844427762,9.628185753831887e-08,0.009168051718412694
0.45000000000000007,32.0,32000.0,1.0000000000000002e-10,1.2163683862142452e-24,0.930708145537822,161957514.0497785,95220.96844427762,8.479911552013949e-08,0.008074653903045854
0.45000000000000007,33.0,33000.0,1.0000000000000002e-10,1.2163683862142452e-24,0.930708145537822,161957514.0497785,95220.96844427762,7.497828047200936e-08,0.0071395044788313995
0.45000000000000007,34.0,34000.0,1.0000000000000002e-10,1.2163683862142452e-24,0.930708145537822,161957514.0497785,95220.96844427762,6.653889243097978e-08,0.006335897776487508
0.45000000000000007,35.0,35000.0,1.0000000000000002e-10,1.2163683862142452e-24,0.930708145537822,161957514.0497785,95220.96844427762,5.9254188991683976e-08,0.0056422412601684025
0.45000000000000007,36.0,36000.0,1.0000000000000002e-10,1.2163683862142452e-24,0.930708145537822,161957514.0497785,95220.96844427762,5.293967035063121e-08,0.005040966679907914
0.45000000000000007,37.0,37000.0,1.0000000000000002e-10,1.2163683862142452e-24,0.930708145537822,161957514.0497785,95220.96844427762,4.7444332346925264e-08,0.004517695273266391
0.45000000000000007,38.0,38000.0,1.0000000000000002e-10,1.2163683862142452e-24,0.930708145537822,161957514.0497785,95220.96844427762,4.264389342260925e-08,0.004060592829935414
0.45000000000000007,39.0,39000.0,1.0000000000000002e-10,1.2163683862142452e-24,0.930708145537822,161957514.0497785,95220.96844427762,3.8435524119977884e-08,0.0036598678293676854
0.45000000000000007,40.0,40000.0,1.0000000000000002e-10,1.2163683862142452e-24,0.930708145537822,161957514.0497785,95220.96844427762,3.4733717717049135e-08,0.003307378238687582
0.45000000000000007,41.0,41000.0,1.0000000000000002e-10,1.2163683862142452e-24,0.930708145537822,161957514.0497785,95220.96844427762,3.146703396205333e-08,0.0029963214479356926
0.45000000000000007,42.0,42000.0,1.0000000000000002e-10,1.2163683862142452e-24,0.930708145537822,161957514.0497785,95220.96844427762,2.8575515524538955e-08,0.002720988262041089
0.45000000000000007,43.0,43000.0,1.0000000000000002e-10,1.2163683862142452e-24,0.930708145537822,161957514.0497785,95220.96844427762,2.600862622762945e-08,0.002476566577300115
0.45000000000000007,44.0,44000.0,1.0000000000000002e-10,1.2163683862142452e-24,0.930708145537822,161957514.0497785,95220.96844427762,2.37235965555967e-08,0.002258983839005247
0.45000000000000007,45.0,45000.0,1.0000000000000002e-10,1.2163683862142452e-24,0.930708145537822,161957514.0497785,95220.96844427762,2.168408897561854e-08,0.0020647799520902813
0.45000000000000007,46.0,46000.0,1.0000000000000002e-10,1.2163683862142452e-24,0.930708145537822,161957514.0497785,95220.96844427762,1.985911583623508e-08,0.0018910042423733945
0.45000000000000007,47.0,47000.0,1.0000000000000002e-10,1.2163683862142452e-24,0.930708145537822,161957514.0497785,95220.96844427762,1.8222157832785747e-08,0.0017351315159823378
0.45000000000000007,48.0,48000.0,1.0000000000000002e-10,1.2163683862142452e-24,0.930708145537822,161957514.0497785,95220.96844427762,1.675044257187941e-08,0.0015949933635646136
0.45000000000000007,49.0,49000.0,1.0000000000000002e-10,1.2163683862142452e-24,0.930708145537822,161957514.0497785,95220.96844427762,1.542435157009683e-08,0.0014687216941296343
0.45000000000000007,50.0,50000.0,1.0000000000000002e-10,1.2163683862142452e-24,0.930708145537822,161957514.0497785,95220.96844427762,1.4226930776903329e-08,0.001354702126566434
0.45000000000000007,51.0,51000.0,1.0000000000000002e-10,1.2163683862142452e-24,0.930708145537822,161957514.0497785,95220.96844427762,1.3143484924637978e-08,0.0012515353632567914
0.45000000000000007,52.0,52000.0,1.0000000000000002e-10,1.2163683862142452e-24,0.930708145537822,161957514.0497785,95220.96844427762,1.216124005358676e-08,0.0011580050553858699
0.45000000000000007,53.0,53000.0,1.0000000000000002e-10,1.2163683862142452e-24,0.930708145537822,161957514.0497785,95220.96844427762,1.1269061715711098e-08,0.0010730509700283435
0.45000000000000007,54.0,54000.0,1.0000000000000002e-10,1.2163683862142452e-24,0.930708145537822,161957514.0497785,95220.96844427762,1.0457218834692581e-08,0.0009957465046731679
0.45000000000000007,55.0,55000.0,1.0000000000000002e-10,1.2163683862142452e-24,0.930708145537822,161957514.0497785,95220.96844427762,9.717185149172411e-09,0.0009252797804565493
0.45000000000000007,56.0,56000.0,1.0000000000000002e-10,1.2163683862142452e-24,0.930708145537822,161957514.0497785,95220.96844427762,9.041471708936156e-09,0.0008609376922864386
0.45000000000000007,57.0,57000.0,1.0000000000000002e-10,1.2163683862142452e-24,0.930708145537822,161957514.0497785,95220.96844427762,8.423485120515409e-09,0.0008020924108514398
0.45000000000000007,58.0,58000.0,1.0000000000000002e-10,1.2163683862142452e-24,0.930708145537822,161957514.0497785,95220.96844427762,7.857407218245453e-09,0.0007481899247823895
0.45000000000000007,59.0,59000.0,1.0000000000000002e-10,1.2163683862142452e-24,0.930708145537822,161957514.0497785,95220.96844427762,7.338092622283497e-09,0.0006987402860276433
0.45000000000000007,60.0,60000.0,1.0000000000000002e-10,1.2163683862142452e-24,0.930708145537822,161957514.0497785,95220.96844427762,6.860981277441803e-09,0.0006533092817160654
0.45000000000000007,61.0,61000.0,1.0000000000000002e-10,1.2163683862142452e-24,0.930708145537822,161957514.0497785,95220.96844427762,6.422023577740475e-09,0.0006115113044444327
0.45000000000000007,62.0,62000.0,1.0000000000000002e-10,1.2163683862142452e-24,0.930708145537822,161957514.0497785,95220.96844427762,6.0176160961449295e-09,0.0005730032324007934
0.45000000000000007,63.0,63000.0,1.0000000000000002e-10,1.2163683862142452e-24,0.930708145537822,161957514.0497785,95220.96844427762,5.6445462764521395e-09,0.0005374791628723139
0.45000000000000007,64.0,64000.0,1.0000000000000002e-10,1.2163683862142452e-24,0.930708145537822,161957514.0497785,95220.96844427762,5.299944720008718e-09,0.0005046658689403659
0.45000000000000007,65.0,65000.0,1.0000000000000002e-10,1.2163683862142452e-24,0.930708145537822,161957514.0497785,95220.96844427762,4.9812439259491365e-09,0.0004743188706860523
0.45000000000000007,66.0,66000.0,1.0000000000000002e-10,1.2163683862142452e-24,0.930708145537822,161957514.0497785,95220.96844427762,4.686142529500585e-09,0.00044621902992696247
0.45000000000000007,67.0,67000.0,1.0000000000000002e-10,1.2163683862142452e-24,0.930708145537822,161957514.0497785,95220.96844427762,4.412574236224663e-09,0.00042016959210558106
0.45000000000000007,68.0,68000.0,1.0000000000000002e-10,1.2163683862142452e-24,0.930708145537822,161957514.0497785,95220.96844427762,4.158680776936236e-09,0.00039599361103046925
0.45000000000000007,69.0,69000.0,1.0000000000000002e-10,1.2163683862142452e-24,0.930708145537822,161957514.0497785,95220.96844427762,3.922788313330387e-09,0.0003735317021972138
0.45000000000000007,70.0,70000.0,1.0000000000000002e-10,1.2163683862142452e-24,0.930708145537822,161957514.0497785,95220.96844427762,3.7033868119802485e-09,0.00035264007876052516
0.45000000000000007,71.0,71000.0,1.0000000000000002e-10,1.2163683862142452e-24,0.930708145537822,161957514.0497785,95220.96844427762,3.4991119775053768e-09,0.00033318883119303334
0.45000000000000007,72.0,72000.0,1.0000000000000002e-10,1.2163683862142452e-24,0.930708145537822,161957514.0497785,95220.96844427762,3.3087293969144507e-09,0.0003150604174942446
0.45000000000000007,73.0,73000.0,1.0000000000000002e-10,1.2163683862142452e-24,0.930708145537822,161957514.0497785,95220.96844427762,3.131120598478116e-09,0.00029814833570291233
0.45000000000000007,74.0,74000.0,1.0000000000000002e-10,1.2163683862142452e-24,0.930708145537822,161957514.0497785,95220.96844427762,2.965270771682829e-09,0.0002823559545791494
0.45000000000000007,75.0,75000.0,1.0000000000000002e-10,1.2163683862142452e-24,0.930708145537822,161957514.0497785,95220.96844427762,2.810257931240163e-09,0.0002675954817909005
0.45000000000000007,76.0,76000.0,1.0000000000000002e-10,1.2163683862142452e-24,0.930708145537822,161957514.0497785,95220.96844427762,2.6652433389130782e-09,0.00025378705187096336
0.45000000000000007,77.0,77000.0,1.0000000000000002e-10,1.2163683862142452e-24,0.930708145537822,161957514.0497785,95220.96844427762,2.529463023004062e-09,0.00024085791869443688
0.45000000000000007,78.0,78000.0,1.0000000000000002e-10,1.2163683862142452e-24,0.930708145537822,161957514.0497785,95220.96844427762,2.4022202574986177e-09,0.00022874173933548034
0.45000000000000007,79.0,79000.0,1.0000000000000002e-10,1.2163683862142452e-24,0.930708145537822,161957514.0497785,95220.96844427762,2.2828788817061976e-09,0.00021737793795705362
0.45000000000000007,80.0,80000.0,1.0000000000000002e-10,1.2163683862142452e-24,0.930708145537822,161957514.0497785,95220.96844427762,2.170857357315571e-09,0.00020671113991797387
0.45000000000000007,81.0,81000.0,1.0000000000000002e-10,1.2163683862142452e-24,0.930708145537822,161957514.0497785,95220.96844427762,2.065623473519522e-09,0.00019669066758976154
0.45000000000000007,82.0,82000.0,1.0000000000000002e-10,1.2163683862142452e-24,0.930708145537822,161957514.0497785,95220.96844427762,1.9666896226283332e-09,0.0001872700904959808
0.45000000000000007,83.0,83000.0,1.0000000000000002e-10,1.2163683862142452e-24,0.930708145537822,161957514.0497785,95220.96844427762,1.8736085786862494e-09,0.0001784068233480112
0.45000000000000007,84.0,84000.0,1.0000000000000002e-10,1.2163683862142452e-24,0.930708145537822,161957514.0497785,95220.96844427762,1.7859697202836847e-09,0.00017006176637756807
0.45000000000000007,85.0,85000.0,1.0000000000000002e-10,1.2163683862142452e-24,0.930708145537822,161957514.0497785,95220.96844427762,1.7033956462330821e-09,0.00016219898307808019
0.45000000000000007,86.0,86000.0,1.0000000000000002e-10,1.2163683862142452e-24,0.930708145537822,161957514.0497785,95220.96844427762,1.6255391392268405e-09,0.0001547854110812572
0.45000000000000007,87.0,87000.0,1.0000000000000002e-10,1.2163683862142452e-24,0.930708145537822,161957514.0497785,95220.96844427762,1.5520804381719412e-09,0.000147790602426151
0.45000000000000007,88.0,88000.0,1.0000000000000002e-10,1.2163683862142452e-24,0.930708145537822,161957514.0497785,95220.96844427762,1.4827247847247938e-09,0.00014118648993782792
0.45000000000000007,89.0,89000.0,1.0000000000000002e-10,1.2163683862142452e-24,0.930708145537822,161957514.0497785,95220.96844427762,1.417200213738712e-09,0.0001349471768316374
0.45000000000000007,90.0,90000.0,1.0000000000000002e-10,1.2163683862142452e-24,0.930708145537822,161957514.0497785,95220.96844427762,1.3552555609761587e-09,0.00012904874700564258
0.45000000000000007,91.0,91000.0,1.0000000000000002e-10,1.2163683862142452e-24,0.930708145537822,161957514.0497785,95220.96844427762,1.2966586646056682e-09,0.0001234690937854155
0.45000000000000007,92.0,92000.0,1.0000000000000002e-10,1.2163683862142452e-24,0.930708145537822,161957514.0497785,95220.96844427762,1.2411947397646925e-09,0.00011818776514833716
0.45000000000000007,93.0,93000.0,1.0000000000000002e-10,1.2163683862142452e-24,0.930708145537822,161957514.0497785,95220.96844427762,1.18866490788048e-09,0.00011318582368410735
0.45000000000000007,94.0,94000.0,1.0000000000000002e-10,1.2163683862142452e-24,0.930708145537822,161957514.0497785,95220.96844427762,1.1388848645491092e-09,0.00010844571974889611
0.45000000000000007,95.0,95000.0,1.0000000000000002e-10,1.2163683862142452e-24,0.930708145537822,161957514.0497785,95220.96844427762,1.091683671618797e-09,0.0001039511764463466
0.45000000000000007,96.0,96000.0,1.0000000000000002e-10,1.2163683862142452e-24,0.930708145537822,161957514.0497785,95220.96844427762,1.046902660742463e-09,9.968708522278835e-05
0.45000000000000007,97.0,97000.0,1.0000000000000002e-10,1.2163683862142452e-24,0.930708145537822,161957514.0497785,95220.96844427762,1.0043944370862536e-09,9.563941099939814e-05
0.45000000000000007,98.0,98000.0,1.0000000000000002e-10,1.2163683862142452e-24,0.930708145537822,161957514.0497785,95220.96844427762,9.64021973131052e-10,9.179510588310214e-05
0.45000000000000007,99.0,99000.0,1.0000000000000002e-10,1.2163683862142452e-24,0.930708145537822,161957514.0497785,95220.96844427762,9.256577836050535e-10,8.814203060285677e-05
0.45000000000000007,100.0,100000.0,1.0000000000000002e-10,1.2163683862142452e-24,0.930708145537822,161957514.0497785,95220.96844427762,8.891831735564581e-10,8.466888291040212e-05
0.5000000000000001,1.0,1000.0,1.0000000000000002e-10,1.7955806540182054e-24,0.9205071201416326,109713812.94354412,155539.70521895296,0.086630773152336,13474.524919004325
0.5000000000000001,2.0,2000.0,1.0000000000000002e-10,1.7955806540182054e-24,0.9205071201416326,109713812.94354412,155539.70521895296,0.005414423322021,842.1578074377703
0.5000000000000001,3.0,3000.0,1.0000000000000002e-10,1.7955806540182054e-24,0.9205071201416326,109713812.94354412,155539.70521895296,0.0010695157179300742,166.35215949388058
0.5000000000000001,4.0,4000.0,1.0000000000000002e-10,1.7955806540182054e-24,0.9205071201416326,109713812.94354412,155539.70521895296,0.0003384014576263125,52.634862964860645
0.5000000000000001,5.0,5000.0,1.0000000000000002e-10,1.7955806540182054e-24,0.9205071201416326,109713812.94354412,155539.70521895296,0.0001386092370437376,21.559239870406923
0.5000000000000001,6.0,6000.0,1.0000000000000002e-10,1.7955806540182054e-24,0.9205071201416326,109713812.94354412,155539.70521895296,6.684473237062964e-05,10.397009968367536
0.5000000000000001,7.0,7000.0,1.0000000000000002e-10,1.7955806540182054e-24,0.9205071201416326,109713812.94354412,155539.70521895296,3.6081121679440235e-05,5.6120470299893075
0.5000000000000001,8.0,8000.0,1.0000000000000002e-10,1.7955806540182054e-24,0.9205071201416326,109713812.94354412,155539.70521895296,2.115009110164453e-05,3.2896789353037903
0.5000000000000001,9.0,9000.0,1.0000000000000002e-10,1.7955806540182054e-24,0.9205071201416326,109713812.94354412,155539.70521895296,1.3203897752223138e-05,2.0537303641219826
0.5000000000000001,10.0,10000.0,1.0000000000000002e-10,1.7955806540182054e-24,0.9205071201416326,109713812.94354412,155539.70521895296,8.6630773152336e-06,1.3474524919004327
0.5000000000000001,11.0,11000.0,1.0000000000000002e-10,1.7955806540182054e-24,0.9205071201416326,109713812.94354412,155539.70521895296,5.9169983711724605e-06,0.9203281824331894
0.5000000000000001,12.0,12000.0,1.0000000000000002e-10,1.7955806540182054e-24,0.9205071201416326,109713812.94354412,155539.70521895296,4.177795773164352e-06,0.649813123022971
0.5000000000000001,13.0,13000.0,1.0000000000000002e-10,1.7955806540182054e-24,0.9205071201416326,109713812.94354412,155539.70521895296,3.0331841725547433e-06,0.4717805720739585
0.5000000000000001,14.0,14000.0,1.0000000000000002e-10,1.7955806540182054e-24,0.9205071201416326,109713812.94354412,155539.70521895296,2.2550701049650147e-06,0.3507529393743317
0.5000000000000001,15.0,15000.0,1.0000000000000002e-10,1.7955806540182054e-24,0.9205071201416326,109713812.94354412,155539.70521895296,1.7112251486881181e-06,0.26616345519020884
0.5000000000000001,16.0,16000.0,1.0000000000000002e-10,1.7955806540182054e-24,0.9205071201416326,109713812.94354412,155539.70521895296,1.3218806938527832e-06,0.2056049334564869
0.5000000000000001,17.0,17000.0,1.0000000000000002e-10,1.7955806540182054e-24,0.9205071201416326,109713812.94354412,155539.70521895296,1.0372334281478432e-06,0.16133098165735957
0.5000000000000001,18.0,18000.0,1.0000000000000002e-10,1.7955806540182054e-24,0.9205071201416326,109713812.94354412,155539.70521895296,8.252436095139461e-07,0.1283581477576239
0.5000000000000001,19.0,19000.0,1.0000000000000002e-10,1.7955806540182054e-24,0.9205071201416326,109713812.94354412,155539.70521895296,6.647491436709048e-07,0.10339488585112394
0.5000000000000001,20.0,20000.0,1.0000000000000002e-10,1.7955806540182054e-24,0.9205071201416326,109713812.94354412,155539.70521895296,5.414423322021e-07,0.08421578074377704
0.5000000000000001,21.0,21000.0,1.0000000000000002e-10,1.7955806540182054e-24,0.9205071201416326,109713812.94354412,155539.70521895296,4.454459466597559e-07,0.06928453123443587
0.5000000000000001,22.0,22000.0,1.0000000000000002e-10,1.7955806540182054e-24,0.9205071201416326,109713812.94354412,155539.70521895296,3.698123981982788e-07,0.057520511402074335
0.5000000000000001,23.0,23000.0,1.0000000000000002e-10,1.7955806540182054e-24,0.9205071201416326,109713812.94354412,155539.70521895296,3.095714107380119e-07,0.048150645970405775
0.5000000000000001,24.0,24000.0,1.0000000000000002e-10,1.7955806540182054e-24,0.9205071201416326,109713812.94354412,155539.70521895296,2.61112235822772e-07,0.04061332018893569
0.5000000000000001,25.0,25000.0,1.0000000000000002e-10,1.7955806540182054e-24,0.9205071201416326,109713812.94354412,155539.70521895296,2.217747792699802e-07,0.03449478379265108
0.5000000000000001,26.0,26000.0,1.0000000000000002e-10,1.7955806540182054e-24,0.9205071201416326,109713812.94354412,155539.70521895296,1.8957401078467145e-07,0.029486285754622407
0.5000000000000001,27.0,27000.0,1.0000000000000002e-10,1.7955806540182054e-24,0.9205071201416326,109713812.94354412,155539.70521895296,1.6301108336077943e-07,0.0253546958533578
0.5000000000000001,28.0,28000.0,1.0000000000000002e-10,1.7955806540182054e-24,0.9205071201416326,109713812.94354412,155539.70521895296,1.4094188156031342e-07,0.021922058710895732
0.5000000000000001,29.0,29000.0,1.0000000000000002e-10,1.7955806540182054e-24,0.9205071201416326,109713812.94354412,155539.70521895296,1.224842363252173e-07,0.01905116201199287
0.5000000000000001,30.0,30000.0,1.0000000000000002e-10,1.7955806540182054e-24,0.9205071201416326,109713812.94354412,155539.70521895296,1.0695157179300738e-07,0.016635215949388053
0.5000000000000001,31.0,31000.0,1.0000000000000002e-10,1.7955806540182054e-24,0.9205071201416326,109713812.94354412,155539.70521895296,9.38048762857975e-08,0.014590382805593296
0.5000000000000001,32.0,32000.0,1.0000000000000002e-10,1.7955806540182054e-24,0.9205071201416326,109713812.94354412,155539.70521895296,8.261754336579895e-08,0.01285030834103043
0.5000000000000001,33.0,33000.0,1.0000000000000002e-10,1.7955806540182054e-24,0.9205071201416326,109713812.94354412,155539.70521895296,7.304936260706744e-08,0.011362076326335674
0.5000000000000001,34.0,34000.0,1.0000000000000002e-10,1.7955806540182054e-24,0.9205071201416326,109713812.94354412,155539.70521895296,6.48270892592402e-08,0.010083186353584973
0.5000000000000001,35.0,35000.0,1.0000000000000002e-10,1.7955806540182054e-24,0.9205071201416326,109713812.94354412,155539.70521895296,5.772979468710436e-08,0.00897927524798289
0.5000000000000001,36.0,36000.0,1.0000000000000002e-10,1.7955806540182054e-24,0.9205071201416326,109713812.94354412,155539.70521895296,5.157772559462163e-08,0.008022384234851495
0.5000000000000001,37.0,37000.0,1.0000000000000002e-10,1.7955806540182054e-24,0.9205071201416326,109713812.94354412,155539.70521895296,4.6223762607554e-08,0.00718963041008981
0.5000000000000001,38.0,38000.0,1.0000000000000002e-10,1.7955806540182054e-24,0.9205071201416326,109713812.94354412,155539.70521895296,4.154682147943155e-08,0.006462180365695246
0.5000000000000001,39.0,39000.0,1.0000000000000002e-10,1.7955806540182054e-24,0.9205071201416326,109713812.94354412,155539.70521895296,3.744671817968817e-08,0.005824451507085904
0.5000000000000001,40.0,40000.0,1.0000000000000002e-10,1.7955806540182054e-24,0.9205071201416326,109713812.94354412,155539.70521895296,3.384014576263125e-08,0.005263486296486065
0.5000000000000001,41.0,41000.0,1.0000000000000002e-10,1.7955806540182054e-24,0.9205071201416326,109713812.94354412,155539.70521895296,3.065750187377347e-08,0.004768458804196224
0.5000000000000001,42.0,42000.0,1.0000000000000002e-10,1.7955806540182054e-24,0.9205071201416326,109713812.94354412,155539.70521895296,2.7840371666234743e-08,0.004330283202152242
0.5000000000000001,43.0,43000.0,1.0000000000000002e-10,1.7955806540182054e-24,0.9205071201416326,109713812.94354412,155539.70521895296,2.5339519074768025e-08,0.003941301327279454
0.5000000000000001,44.0,44000.0,1.0000000000000002e-10,1.7955806540182054e-24,0.9205071201416326,109713812.94354412,155539.70521895296,2.3113274887392424e-08,0.003595031962629646
0.5000000000000001,45.0,45000.0,1.0000000000000002e-10,1.7955806540182054e-24,0.9205071201416326,109713812.94354412,155539.70521895296,2.1126236403557015e-08,0.003285968582595171
0.5000000000000001,46.0,46000.0,1.0000000000000002e-10,1.7955806540182054e-24,0.9205071201416326,109713812.94354412,155539.70521895296,1.9348213171125743e-08,0.003009415373150361
0.5000000000000001,47.0,47000.0,1.0000000000000002e-10,1.7955806540182054e-24,0.9205071201416326,109713812.94354412,155539.70521895296,1.775336813048558e-08,0.002761353645659281
0.5000000000000001,48.0,48000.0,1.0000000000000002e-10,1.7955806540182054e-24,0.9205071201416326,109713812.94354412,155539.70521895296,1.631951473892325e-08,0.0025383325118084805
0.5000000000000001,49.0,49000.0,1.0000000000000002e-10,1.7955806540182054e-24,0.9205071201416326,109713812.94354412,155539.70521895296,1.5027539225089645e-08,0.002337379021236696
0.5000000000000001,50.0,50000.0,1.0000000000000002e-10,1.7955806540182054e-24,0.9205071201416326,109713812.94354412,155539.70521895296,1.3860923704373762e-08,0.0021559239870406924
0.5000000000000001,51.0,51000.0,1.0000000000000002e-10,1.7955806540182054e-24,0.9205071201416326,109713812.94354412,155539.70521895296,1.2805350964788184e-08,0.0019917405142883893
0.5000000000000001,52.0,52000.0,1.0000000000000002e-10,1.7955806540182054e-24,0.9205071201416326,109713812.94354412,155539.70521895296,1.1848375674041966e-08,0.0018428928596639004
0.5000000000000001,53.0,53000.0,1.0000000000000002e-10,1.7955806540182054e-24,0.9205071201416326,109713812.94354412,155539.70521895296,1.0979149832860129e-08,0.001707693728557781
0.5000000000000001,54.0,54000.0,1.0000000000000002e-10,1.7955806540182054e-24,0.9205071201416326,109713812.94354412,155539.70521895296,1.0188192710048714e-08,0.0015846684908348626
0.5000000000000001,55.0,55000.0,1.0000000000000002e-10,1.7955806540182054e-24,0.9205071201416326,109713812.94354412,155539.70521895296,9.467197393875938e-09,0.001472525091893103
0.5000000000000001,56.0,56000.0,1.0000000000000002e-10,1.7955806540182054e-24,0.9205071201416326,109713812.94354412,155539.70521895296,8.808867597519589e-09,0.0013701286694309833
0.5000000000000001,57.0,57000.0,1.0000000000000002e-10,1.7955806540182054e-24,0.9205071201416326,109713812.94354412,155539.70521895296,8.206779551492651e-09,0.001276480072236098
0.5000000000000001,58.0,58000.0,1.0000000000000002e-10,1.7955806540182054e-24,0.9205071201416326,109713812.94354412,155539.70521895296,7.655264770326081e-09,0.0011906976257495543
0.5000000000000001,59.0,59000.0,1.0000000000000002e-10,1.7955806540182054e-24,0.9205071201416326,109713812.94354412,155539.70521895296,7.1493102460458174e-09,0.0011120016081888064
0.5000000000000001,60.0,60000.0,1.0000000000000002e-10,1.7955806540182054e-24,0.9205071201416326,109713812.94354412,155539.70521895296,6.684473237062961e-09,0.0010397009968367533
0.5000000000000001,61.0,61000.0,1.0000000000000002e-10,1.7955806540182054e-24,0.9205071201416326,109713812.94354412,155539.70521895296,6.256808318998894e-09,0.0009731821215485806
0.5000000000000001,62.0,62000.0,1.0000000000000002e-10,1.7955806540182054e-24,0.9205071201416326,109713812.94354412,155539.70521895296,5.862804767862344e-09,0.000911898925349581
0.5000000000000001,63.0,63000.0,1.0000000000000002e-10,1.7955806540182054e-24,0.9205071201416326,109713812.94354412,155539.70521895296,5.499332674811801e-09,0.0008553645831411836
0.5000000000000001,64.0,64000.0,1.0000000000000002e-10,1.7955806540182054e-24,0.9205071201416326,109713812.94354412,155539.70521895296,5.163596460362434e-09,0.0008031442713144019
0.5000000000000001,65.0,65000.0,1.0000000000000002e-10,1.7955806540182054e-24,0.9205071201416326,109713812.94354412,155539.70521895296,4.853094676087589e-09,0.0007548489153183336
0.5000000000000001,66.0,66000.0,1.0000000000000002e-10,1.7955806540182054e-24,0.9205071201416326,109713812.94354412,155539.70521895296,4.565585162941715e-09,0.0007101297703959796
0.5000000000000001,67.0,67000.0,1.0000000000000002e-10,1.7955806540182054e-24,0.9205071201416326,109713812.94354412,155539.70521895296,4.299054784710785e-09,0.0006686737139340449
0.5000000000000001,68.0,68000.0,1.0000000000000002e-10,1.7955806540182054e-24,0.9205071201416326,109713812.94354412,155539.70521895296,4.051693078702512e-09,0.0006301991470990608
0.5000000000000001,69.0,69000.0,1.0000000000000002e-10,1.7955806540182054e-24,0.9205071201416326,109713812.94354412,155539.70521895296,3.821869268370518e-09,0.0005944524193877258
0.5000000000000001,70.0,70000.0,1.0000000000000002e-10,1.7955806540182054e-24,0.9205071201416326,109713812.94354412,155539.70521895296,3.6081121679440225e-09,0.0005612047029989306
0.5000000000000001,71.0,71000.0,1.0000000000000002e-10,1.7955806540182054e-24,0.9205071201416326,109713812.94354412,155539.70521895296,3.4090925803899406e-09,0.000530249255017971
0.5000000000000001,72.0,72000.0,1.0000000000000002e-10,1.7955806540182054e-24,0.9205071201416326,109713812.94354412,155539.70521895296,3.223607849663852e-09,0.0005013990146782184
0.5000000000000001,73.0,73000.0,1.0000000000000002e-10,1.7955806540182054e-24,0.9205071201416326,109713812.94354412,155539.70521895296,3.050568278237232e-09,0.000474484490747308
0.5000000000000001,74.0,74000.0,1.0000000000000002e-10,1.7955806540182054e-24,0.9205071201416326,109713812.94354412,155539.70521895296,2.888985162972125e-09,0.0004493519006306131
0.5000000000000001,75.0,75000.0,1.0000000000000002e-10,1.7955806540182054e-24,0.9205071201416326,109713812.94354412,155539.70521895296,2.7379602379009897e-09,0.00042586152830433423
0.5000000000000001,76.0,76000.0,1.0000000000000002e-10,1.7955806540182054e-24,0.9205071201416326,109713812.94354412,155539.70521895296,2.5966763424644717e-09,0.0004038862728559529
0.5000000000000001,77.0,77000.0,1.0000000000000002e-10,1.7955806540182054e-24,0.9205071201416326,109713812.94354412,155539.70521895296,2.4643891591722027e-09,0.00038331036336242775
0.5000000000000001,78.0,78000.0,1.0000000000000002e-10,1.7955806540182054e-24,0.9205071201416326,109713812.94354412,155539.70521895296,2.3404198862305104e-09,0.000364028219192869
0.5000000000000001,79.0,79000.0,1.0000000000000002e-10,1.7955806540182054e-24,0.9205071201416326,109713812.94354412,155539.70521895296,2.224148729044646e-09,0.00034594343767871313
0.5000000000000001,80.0,80000.0,1.0000000000000002e-10,1.7955806540182054e-24,0.9205071201416326,109713812.94354412,155539.70521895296,2.115009110164453e-09,0.0003289678935303791
0.5000000000000001,81.0,81000.0,1.0000000000000002e-10,1.7955806540182054e-24,0.9205071201416326,109713812.94354412,155539.70521895296,2.0124825106269064e-09,0.0003130209364612074
0.5000000000000001,82.0,82000.0,1.0000000000000002e-10,1.7955806540182054e-24,0.9205071201416326,109713812.94354412,155539.70521895296,1.916093867110842e-09,0.000298028675262264
0.5000000000000001,83.0,83000.0,1.0000000000000002e-10,1.7955806540182054e-24,0.9205071201416326,109713812.94354412,155539.70521895296,1.8254074591542333e-09,0.00028392333810132737
0.5000000000000001,84.0,84000.0,1.0000000000000002e-10,1.7955806540182054e-24,0.9205071201416326,109713812.94354412,155539.70521895296,1.7400232291396714e-09,0.0002706427001345151
0.5000000000000001,85.0,85000.0,1.0000000000000002e-10,1.7955806540182054e-24,0.9205071201416326,109713812.94354412,155539.70521895296,1.6595734850365488e-09,0.00025812957065177524
0.5000000000000001,86.0,86000.0,1.0000000000000002e-10,1.7955806540182054e-24,0.9205071201416326,109713812.94354412,155539.70521895296,1.5837199421730015e-09,0.00024633133295496587
0.5000000000000001,87.0,87000.0,1.0000000000000002e-10,1.7955806540182054e-24,0.9205071201416326,109713812.94354412,155539.70521895296,1.512151065743423e-09,0.00023519953101225758
0.5000000000000001,88.0,88000.0,1.0000000000000002e-10,1.7955806540182054e-24,0.9205071201416326,109713812.94354412,155539.70521895296,1.4445796804620265e-09,0.00022468949766435287
0.5000000000000001,89.0,89000.0,1.0000000000000002e-10,1.7955806540182054e-24,0.9205071201416326,109713812.94354412,155539.70521895296,1.3807408178540514e-09,0.00021476001979279518
0.5000000000000001,90.0,90000.0,1.0000000000000002e-10,1.7955806540182054e-24,0.9205071201416326,109713812.94354412,155539.70521895296,1.3203897752223134e-09,0.0002053730364121982
0.5000000000000001,91.0,91000.0,1.0000000000000002e-10,1.7955806540182054e-24,0.9205071201416326,109713812.94354412,155539.70521895296,1.2633003634130538e-09,0.00019649336612826256
0.5000000000000001,92.0,92000.0,1.0000000000000002e-10,1.7955806540182054e-24,0.9205071201416326,109713812.94354412,155539.70521895296,1.209263323195359e-09,0.00018808846082189756
0.5000000000000001,93.0,93000.0,1.0000000000000002e-10,1.7955806540182054e-24,0.9205071201416326,109713812.94354412,155539.70521895296,1.1580848924172532e-09,0.00018012818278510242
0.5000000000000001,94.0,94000.0,1.0000000000000002e-10,1.7955806540182054e-24,0.9205071201416326,109713812.94354412,155539.70521895296,1.1095855081553487e-09,0.00017258460285370507
0.5000000000000001,95.0,95000.0,1.0000000000000002e-10,1.7955806540182054e-24,0.9205071201416326,109713812.94354412,155539.70521895296,1.0635986298734476e-09,0.0001654318173617983
0.5000000000000001,96.0,96000.0,1.0000000000000002e-10,1.7955806540182054e-24,0.9205071201416326,109713812.94354412,155539.70521895296,1.0199696711827032e-09,0.00015864578198803003
0.5000000000000001,97.0,97000.0,1.0000000000000002e-10,1.7955806540182054e-24,0.9205071201416326,109713812.94354412,155539.70521895296,9.785550291810907e-10,0.00015220416077935077
0.5000000000000001,98.0,98000.0,1.0000000000000002e-10,1.7955806540182054e-24,0.9205071201416326,109713812.94354412,155539.70521895296,9.392212015681028e-10,0.0001460861888272935
0.5000000000000001,99.0,99000.0,1.0000000000000002e-10,1.7955806540182054e-24,0.9205071201416326,109713812.94354412,155539.70521895296,9.018439828033014e-10,0.000140272547238712
0.5000000000000001,100.0,100000.0,1.0000000000000002e-10,1.7955806540182054e-24,0.9205071201416326,109713812.94354412,155539.70521895296,8.663077315233601e-10,0.00013474524919004327
0.5500000000000002,1.0,1000.0,1.0000000000000002e-10,2.5741732457461996e-24,0.9106987355130296,76529425.64201571,244428.55721465833,0.0845271915491021,20660.859475754085
0.5500000000000002,2.0,2000.0,1.0000000000000002e-10,2.5741732457461996e-24,0.9106987355130296,76529425.64201571,244428.55721465833,0.005282949471818881,1291.3037172346303
0.5500000000000002,3.0,3000.0,1.0000000000000002e-10,2.5741732457461996e-24,0.9106987355130296,76529425.64201571,244428.55721465833,0.001043545574680273,255.07233920684064
0.5500000000000002,4.0,4000.0,1.0000000000000002e-10,2.5741732457461996e-24,0.9106987355130296,76529425.64201571,244428.55721465833,0.00033018434198868007,80.7064823271644
0.5500000000000002,5.0,5000.0,1.0000000000000002e-10,2.5741732457461996e-24,0.9106987355130296,76529425.64201571,244428.55721465833,0.00013524350647856336,33.05737516120654
0.5500000000000002,6.0,6000.0,1.0000000000000002e-10,2.5741732457461996e-24,0.9106987355130296,76529425.64201571,244428.55721465833,6.522159841751707e-05,15.94202120042754
0.5500000000000002,7.0,7000.0,1.0000000000000002e-10,2.5741732457461996e-24,0.9106987355130296,76529425.64201571,244428.55721465833,3.520499439779346e-05,8.605105987402785
0.5500000000000002,8.0,8000.0,1.0000000000000002e-10,2.5741732457461996e-24,0.9106987355130296,76529425.64201571,244428.55721465833,2.0636521374292505e-05,5.044155145447775
0.5500000000000002,9.0,9000.0,1.0000000000000002e-10,2.5741732457461996e-24,0.9106987355130296,76529425.64201571,244428.55721465833,1.2883278699756456e-05,3.14904122477581
0.5500000000000002,10.0,10000.0,1.0000000000000002e-10,2.5741732457461996e-24,0.9106987355130296,76529425.64201571,244428.55721465833,8.45271915491021e-06,2.0660859475754085
0.5500000000000002,11.0,11000.0,1.0000000000000002e-10,2.5741732457461996e-24,0.9106987355130296,76529425.64201571,244428.55721465833,5.7733209172257426e-06,1.4111645021346961
0.5500000000000002,12.0,12000.0,1.0000000000000002e-10,2.5741732457461996e-24,0.9106987355130296,76529425.64201571,244428.55721465833,4.076349901094817e-06,0.9963763250267212
0.5500000000000002,13.0,13000.0,1.0000000000000002e-10,2.5741732457461996e-24,0.9106987355130296,76529425.64201571,244428.55721465833,2.959531933374256e-06,0.7233941205053777
0.5500000000000002,14.0,14000.0,1.0000000000000002e-10,2.5741732457461996e-24,0.9106987355130296,76529425.64201571,244428.55721465833,2.2003121498620913e-06,0.5378191242126741
0.5500000000000002,15.0,15000.0,1.0000000000000002e-10,2.5741732457461996e-24,0.9106987355130296,76529425.64201571,244428.55721465833,1.6696729194884363e-06,0.40811574273094486
0.5500000000000002,16.0,16000.0,1.0000000000000002e-10,2.5741732457461996e-24,0.9106987355130296,76529425.64201571,244428.55721465833,1.2897825858932815e-06,0.3152596965904859
0.5500000000000002,17.0,17000.0,1.0000000000000002e-10,2.5741732457461996e-24,0.9106987355130296,76529425.64201571,244428.55721465833,1.012047168366065e-06,0.24737322919689766
0.5500000000000002,18.0,18000.0,1.0000000000000002e-10,2.5741732457461996e-24,0.9106987355130296,76529425.64201571,244428.55721465833,8.052049187347785e-07,0.19681507654848812
0.5500000000000002,19.0,19000.0,1.0000000000000002e-10,2.5741732457461996e-24,0.9106987355130296,76529425.64201571,244428.55721465833,6.486076039095931e-07,0.1585382208220784
0.5500000000000002,20.0,20000.0,1.0000000000000002e-10,2.5741732457461996e-24,0.9106987355130296,76529425.64201571,244428.55721465833,5.282949471818881e-07,0.12913037172346303
0.5500000000000002,21.0,21000.0,1.0000000000000002e-10,2.5741732457461996e-24,0.9106987355130296,76529425.64201571,244428.55721465833,4.346295604665859e-07,0.1062358763876887
0.5500000000000002,22.0,22000.0,1.0000000000000002e-10,2.5741732457461996e-24,0.9106987355130296,76529425.64201571,244428.55721465833,3.608325573266089e-07,0.08819778138341851
0.5500000000000002,23.0,23000.0,1.0000000000000002e-10,2.5741732457461996e-24,0.9106987355130296,76529425.64201571,244428.55721465833,3.020543506816445e-07,0.07383070913752482
0.5500000000000002,24.0,24000.0,1.0000000000000002e-10,2.5741732457461996e-24,0.9106987355130296,76529425.64201571,244428.55721465833,2.5477186881842605e-07,0.06227352031417008
0.5500000000000002,25.0,25000.0,1.0000000000000002e-10,2.5741732457461996e-24,0.9106987355130296,76529425.64201571,244428.55721465833,2.163896103657014e-07,0.05289180025793047
0.5500000000000002,26.0,26000.0,1.0000000000000002e-10,2.5741732457461996e-24,0.9106987355130296,76529425.64201571,244428.55721465833,1.84970745835891e-07,0.045212132531586104
0.5500000000000002,27.0,27000.0,1.0000000000000002e-10,2.5741732457461996e-24,0.9106987355130296,76529425.64201571,244428.55721465833,1.5905282345378335e-07,0.038877052157726036
0.5500000000000002,28.0,28000.0,1.0000000000000002e-10,2.5741732457461996e-24,0.9106987355130296,76529425.64201571,244428.55721465833,1.375195093663807e-07,0.03361369526329213
0.5500000000000002,29.0,29000.0,1.0000000000000002e-10,2.5741732457461996e-24,0.9106987355130296,76529425.64201571,244428.55721465833,1.1951005547880136e-07,0.029211670433327192
0.5500000000000002,30.0,30000.0,1.0000000000000002e-10,2.5741732457461996e-24,0.9106987355130296,76529425.64201571,244428.55721465833,1.0435455746802727e-07,0.025507233920684054
0.5500000000000002,31.0,31000.0,1.0000000000000002e-10,2.5741732457461996e-24,0.9106987355130296,76529425.64201571,244428.55721465833,9.15270920196748e-08,0.02237183504842238
0.5500000000000002,32.0,32000.0,1.0000000000000002e-10,2.5741732457461996e-24,0.9106987355130296,76529425.64201571,244428.55721465833,8.06114116183301e-08,0.01970373103690537
0.5500000000000002,33.0,33000.0,1.0000000000000002e-10,2.5741732457461996e-24,0.9106987355130296,76529425.64201571,244428.55721465833,7.127556687933018e-08,0.017421783976971562
0.5500000000000002,34.0,34000.0,1.0000000000000002e-10,2.5741732457461996e-24,0.9106987355130296,76529425.64201571,244428.55721465833,6.325294802287906e-08,0.015460826824806104
0.5500000000000002,35.0,35000.0,1.0000000000000002e-10,2.5741732457461996e-24,0.9106987355130296,76529425.64201571,244428.55721465833,5.6327991036469527e-08,0.013768169579844454
0.5500000000000002,36.0,36000.0,1.0000000000000002e-10,2.5741732457461996e-24,0.9106987355130296,76529425.64201571,244428.55721465833,5.032530742092366e-08,0.012300942284280508
0.5500000000000002,37.0,37000.0,1.0000000000000002e-10,2.5741732457461996e-24,0.9106987355130296,76529425.64201571,244428.55721465833,4.510135017701367e-08,0.011024057952200525
0.5500000000000002,38.0,38000.0,1.0000000000000002e-10,2.5741732457461996e-24,0.9106987355130296,76529425.64201571,244428.55721465833,4.053797524434957e-08,0.0099086388013799
0.5500000000000002,39.0,39000.0,1.0000000000000002e-10,2.5741732457461996e-24,0.9106987355130296,76529425.64201571,244428.55721465833,3.653743127622536e-08,0.008930791611177496
0.5500000000000002,40.0,40000.0,1.0000000000000002e-10,2.5741732457461996e-24,0.9106987355130296,76529425.64201571,244428.55721465833,3.301843419886801e-08,0.00807064823271644
0.5500000000000002,41.0,41000.0,1.0000000000000002e-10,2.5741732457461996e-24,0.9106987355130296,76529425.64201571,244428.55721465833,2.9913071752742746e-08,0.00731160897038146
0.5500000000000002,42.0,42000.0,1.0000000000000002e-10,2.5741732457461996e-24,0.9106987355130296,76529425.64201571,244428.55721465833,2.7164347529161618e-08,0.006639742274230543
0.5500000000000002,43.0,43000.0,1.0000000000000002e-10,2.5741732457461996e-24,0.9106987355130296,76529425.64201571,244428.55721465833,2.4724221020498735e-08,0.006043305672296833
0.5500000000000002,44.0,44000.0,1.0000000000000002e-10,2.5741732457461996e-24,0.9106987355130296,76529425.64201571,244428.55721465833,2.2552034832913057e-08,0.005512361336463657
0.5500000000000002,45.0,45000.0,1.0000000000000002e-10,2.5741732457461996e-24,0.9106987355130296,76529425.64201571,244428.55721465833,2.0613245919610323e-08,0.005038465959641294
0.5500000000000002,46.0,46000.0,1.0000000000000002e-10,2.5741732457461996e-24,0.9106987355130296,76529425.64201571,244428.55721465833,1.8878396917602782e-08,0.004614419321095301
0.5500000000000002,47.0,47000.0,1.0000000000000002e-10,2.5741732457461996e-24,0.9106987355130296,76529425.64201571,244428.55721465833,1.7322278146686658e-08,0.004234059455065626
0.5500000000000002,48.0,48000.0,1.0000000000000002e-10,2.5741732457461996e-24,0.9106987355130296,76529425.64201571,244428.55721465833,1.5923241801151628e-08,0.00389209501963563
0.5500000000000002,49.0,49000.0,1.0000000000000002e-10,2.5741732457461996e-24,0.9106987355130296,76529425.64201571,244428.55721465833,1.466263823315013e-08,0.0035839675082893732
0.5500000000000002,50.0,50000.0,1.0000000000000002e-10,2.5741732457461996e-24,0.9106987355130296,76529425.64201571,244428.55721465833,1.3524350647856338e-08,0.0033057375161206545
0.5500000000000002,51.0,51000.0,1.0000000000000002e-10,2.5741732457461996e-24,0.9106987355130296,76529425.64201571,244428.55721465833,1.24944094860008e-08,0.003053990483912316
0.5500000000000002,52.0,52000.0,1.0000000000000002e-10,2.5741732457461996e-24,0.9106987355130296,76529425.64201571,244428.55721465833,1.1560671614743187e-08,0.0028257582832241315
0.5500000000000002,53.0,53000.0,1.0000000000000002e-10,2.5741732457461996e-24,0.9106987355130296,76529425.64201571,244428.55721465833,1.0712552447576025e-08,0.0026184537388473646
0.5500000000000002,54.0,54000.0,1.0000000000000002e-10,2.5741732457461996e-24,0.9106987355130296,76529425.64201571,244428.55721465833,9.94080146586146e-09,0.0024298157598578772
0.5500000000000002,55.0,55000.0,1.0000000000000002e-10,2.5741732457461996e-24,0.9106987355130296,76529425.64201571,244428.55721465833,9.23731346756119e-09,0.002257863203415514
0.5500000000000002,56.0,56000.0,1.0000000000000002e-10,2.5741732457461996e-24,0.9106987355130296,76529425.64201571,244428.55721465833,8.594969335398794e-09,0.002100855953955758
0.5500000000000002,57.0,57000.0,1.0000000000000002e-10,2.5741732457461996e-24,0.9106987355130296,76529425.64201571,244428.55721465833,8.007501282834483e-09,0.0019572619854577584
0.5500000000000002,58.0,58000.0,1.0000000000000002e-10,2.5741732457461996e-24,0.9106987355130296,76529425.64201571,244428.55721465833,7.469378467425085e-09,0.0018257294020829495
0.5500000000000002,59.0,59000.0,1.0000000000000002e-10,2.5741732457461996e-24,0.9106987355130296,76529425.64201571,244428.55721465833,6.975709607818244e-09,0.0017050626349874435
0.5500000000000002,60.0,60000.0,1.0000000000000002e-10,2.5741732457461996e-24,0.9106987355130296,76529425.64201571,244428.55721465833,6.522159841751704e-09,0.0015942021200427534
0.5500000000000002,61.0,61000.0,1.0000000000000002e-10,2.5741732457461996e-24,0.9106987355130296,76529425.64201571,244428.55721465833,6.104879548241386e-09,0.001492206899945917
0.5500000000000002,62.0,62000.0,1.0000000000000002e-10,2.5741732457461996e-24,0.9106987355130296,76529425.64201571,244428.55721465833,5.720443251229675e-09,0.0013982396905263988
0.5500000000000002,63.0,63000.0,1.0000000000000002e-10,2.5741732457461996e-24,0.9106987355130296,76529425.64201571,244428.55721465833,5.365797042797356e-09,0.001311554029477638
0.5500000000000002,64.0,64000.0,1.0000000000000002e-10,2.5741732457461996e-24,0.9106987355130296,76529425.64201571,244428.55721465833,5.038213226145631e-09,0.0012314831898065856
0.5500000000000002,65.0,65000.0,1.0000000000000002e-10,2.5741732457461996e-24,0.9106987355130296,76529425.64201571,244428.55721465833,4.735251093398809e-09,0.0011574305928086042
0.5500000000000002,66.0,66000.0,1.0000000000000002e-10,2.5741732457461996e-24,0.9106987355130296,76529425.64201571,244428.55721465833,4.454722929958136e-09,0.0010888614985607226
0.5500000000000002,67.0,67000.0,1.0000000000000002e-10,2.5741732457461996e-24,0.9106987355130296,76529425.64201571,244428.55721465833,4.194664482889169e-09,0.0010252957875521705
0.5500000000000002,68.0,68000.0,1.0000000000000002e-10,2.5741732457461996e-24,0.9106987355130296,76529425.64201571,244428.55721465833,3.953309251429941e-09,0.0009663016765503815
0.5500000000000002,69.0,69000.0,1.0000000000000002e-10,2.5741732457461996e-24,0.9106987355130296,76529425.64201571,244428.55721465833,3.729066057798082e-09,0.0009114902362657388
0.5500000000000002,70.0,70000.0,1.0000000000000002e-10,2.5741732457461996e-24,0.9106987355130296,76529425.64201571,244428.55721465833,3.5204994397793454e-09,0.0008605105987402784
0.5500000000000002,71.0,71000.0,1.0000000000000002e-10,2.5741732457461996e-24,0.9106987355130296,76529425.64201571,244428.55721465833,3.3263124761050685e-09,0.0008130457593794795
0.5500000000000002,72.0,72000.0,1.0000000000000002e-10,2.5741732457461996e-24,0.9106987355130296,76529425.64201571,244428.55721465833,3.1453317138077286e-09,0.0007688088927675317
0.5500000000000002,73.0,73000.0,1.0000000000000002e-10,2.5741732457461996e-24,0.9106987355130296,76529425.64201571,244428.55721465833,2.9764939155598434e-09,0.0007275401133385016
0.5500000000000002,74.0,74000.0,1.0000000000000002e-10,2.5741732457461996e-24,0.9106987355130296,76529425.64201571,244428.55721465833,2.818834386063354e-09,0.0006890036220125328
0.5500000000000002,75.0,75000.0,1.0000000000000002e-10,2.5741732457461996e-24,0.9106987355130296,76529425.64201571,244428.55721465833,2.6714766711814987e-09,0.000652985188369512
0.5500000000000002,76.0,76000.0,1.0000000000000002e-10,2.5741732457461996e-24,0.9106987355130296,76529425.64201571,244428.55721465833,2.533623452771848e-09,0.0006192899250862438
0.5500000000000002,77.0,77000.0,1.0000000000000002e-10,2.5741732457461996e-24,0.9106987355130296,76529425.64201571,244428.55721465833,2.4045484869744856e-09,0.0005877403174238631
0.5500000000000002,78.0,78000.0,1.0000000000000002e-10,2.5741732457461996e-24,0.9106987355130296,76529425.64201571,244428.55721465833,2.283589454764085e-09,0.0005581744756985935
0.5500000000000002,79.0,79000.0,1.0000000000000002e-10,2.5741732457461996e-24,0.9106987355130296,76529425.64201571,244428.55721465833,2.170141611492467e-09,0.0005304445830485973
0.5500000000000002,80.0,80000.0,1.0000000000000002e-10,2.5741732457461996e-24,0.9106987355130296,76529425.64201571,244428.55721465833,2.0636521374292505e-09,0.0005044155145447775
0.5500000000000002,81.0,81000.0,1.0000000000000002e-10,2.5741732457461996e-24,0.9106987355130296,76529425.64201571,244428.55721465833,1.9636151043676956e-09,0.00047996360688550656
0.5500000000000002,82.0,82000.0,1.0000000000000002e-10,2.5741732457461996e-24,0.9106987355130296,76529425.64201571,244428.55721465833,1.8695669845464216e-09,0.00045697556064884124
0.5500000000000002,83.0,83000.0,1.0000000000000002e-10,2.5741732457461996e-24,0.9106987355130296,76529425.64201571,244428.55721465833,1.781082637733899e-09,0.0004353474594213749
0.5500000000000002,84.0,84000.0,1.0000000000000002e-10,2.5741732457461996e-24,0.9106987355130296,76529425.64201571,244428.55721465833,1.6977717205726011e-09,0.00041498389213940896
0.5500000000000002,85.0,85000.0,1.0000000000000002e-10,2.5741732457461996e-24,0.9106987355130296,76529425.64201571,244428.55721465833,1.6192754693857037e-09,0.00039579716671503623
0.5500000000000002,86.0,86000.0,1.0000000000000002e-10,2.5741732457461996e-24,0.9106987355130296,76529425.64201571,244428.55721465833,1.545263813781171e-09,0.0003777066045185521
0.5500000000000002,87.0,87000.0,1.0000000000000002e-10,2.5741732457461996e-24,0.9106987355130296,76529425.64201571,244428.55721465833,1.4754327836889055e-09,0.00036063790658428624
0.5500000000000002,88.0,88000.0,1.0000000000000002e-10,2.5741732457461996e-24,0.9106987355130296,76529425.64201571,244428.55721465833,1.409502177057066e-09,0.00034452258352897855
0.5500000000000002,89.0,89000.0,1.0000000000000002e-10,2.5741732457461996e-24,0.9106987355130296,76529425.64201571,244428.55721465833,1.3472134594156766e-09,0.0003292974421451425
0.5500000000000002,90.0,90000.0,1.0000000000000002e-10,2.5741732457461996e-24,0.9106987355130296,76529425.64201571,244428.55721465833,1.2883278699756452e-09,0.0003149041224775809
0.5500000000000002,91.0,91000.0,1.0000000000000002e-10,2.5741732457461996e-24,0.9106987355130296,76529425.64201571,244428.55721465833,1.23262471194263e-09,0.0003012886799272709
0.5500000000000002,92.0,92000.0,1.0000000000000002e-10,2.5741732457461996e-24,0.9106987355130296,76529425.64201571,244428.55721465833,1.1798998073501739e-09,0.0002884012075684563
0.5500000000000002,93.0,93000.0,1.0000000000000002e-10,2.5741732457461996e-24,0.9106987355130296,76529425.64201571,244428.55721465833,1.1299640990083312e-09,0.00027619549442496773
0.5500000000000002,94.0,94000.0,1.0000000000000002e-10,2.5741732457461996e-24,0.9106987355130296,76529425.64201571,244428.55721465833,1.0826423841679161e-09,0.0002646287159416016
0.5500000000000002,95.0,95000.0,1.0000000000000002e-10,2.5741732457461996e-24,0.9106987355130296,76529425.64201571,244428.55721465833,1.037772166255349e-09,0.00025366115331532546
0.5500000000000002,96.0,96000.0,1.0000000000000002e-10,2.5741732457461996e-24,0.9106987355130296,76529425.64201571,244428.55721465833,9.952026125719768e-10,0.00024325593872722687
0.5500000000000002,97.0,97000.0,1.0000000000000002e-10,2.5741732457461996e-24,0.9106987355130296,76529425.64201571,244428.55721465833,9.547936072032719e-10,0.00023337882384647494
0.5500000000000002,98.0,98000.0,1.0000000000000002e-10,2.5741732457461996e-24,0.9106987355130296,76529425.64201571,244428.55721465833,9.164148895718832e-10,0.00022399796926808583
0.5500000000000002,99.0,99000.0,1.0000000000000002e-10,2.5741732457461996e-24,0.9106987355130296,76529425.64201571,244428.55721465833,8.79945270115187e-10,0.00021508375280211798
0.5500000000000002,100.0,100000.0,1.0000000000000002e-10,2.5741732457461996e-24,0.9106987355130296,76529425.64201571,244428.55721465833,8.452719154910211e-10,0.0002066085947575409
0.6000000000000002,1.0,1000.0,1.0000000000000002e-10,3.62109553552245e-24,0.901916197455013,54403425.16994016,374284.3340455915,0.08204357626688674,30707.625305770398
0.6000000000000002,2.0,2000.0,1.0000000000000002e-10,3.62109553552245e-24,0.901916197455013,54403425.16994016,374284.3340455915,0.005127723516680421,1919.2265816106499
0.6000000000000002,3.0,3000.0,1.0000000000000002e-10,3.62109553552245e-24,0.901916197455013,54403425.16994016,374284.3340455915,0.0010128836576158858,379.1064852564247
0.6000000000000002,4.0,4000.0,1.0000000000000002e-10,3.62109553552245e-24,0.901916197455013,54403425.16994016,374284.3340455915,0.00032048271979252634,119.95166135066562
0.6000000000000002,5.0,5000.0,1.0000000000000002e-10,3.62109553552245e-24,0.901916197455013,54403425.16994016,374284.3340455915,0.0001312697220270188,49.13220048923264
0.6000000000000002,6.0,6000.0,1.0000000000000002e-10,3.62109553552245e-24,0.901916197455013,54403425.16994016,374284.3340455915,6.330522860099286e-05,23.694155328526545
0.6000000000000002,7.0,7000.0,1.0000000000000002e-10,3.62109553552245e-24,0.901916197455013,54403425.16994016,374284.3340455915,3.417058570049427e-05,12.789514912857308
0.6000000000000002,8.0,8000.0,1.0000000000000002e-10,3.62109553552245e-24,0.901916197455013,54403425.16994016,374284.3340455915,2.0030169987032896e-05,7.496978834416601
0.6000000000000002,9.0,9000.0,1.0000000000000002e-10,3.62109553552245e-24,0.901916197455013,54403425.16994016,374284.3340455915,1.2504736513776368e-05,4.680326978474379
0.6000000000000002,10.0,10000.0,1.0000000000000002e-10,3.62109553552245e-24,0.901916197455013,54403425.16994016,374284.3340455915,8.204357626688674e-06,3.07076253057704
0.6000000000000002,11.0,11000.0,1.0000000000000002e-10,3.62109553552245e-24,0.901916197455013,54403425.16994016,374284.3340455915,5.603686651655401e-06,2.0973721266150123
0.6000000000000002,12.0,12000.0,1.0000000000000002e-10,3.62109553552245e-24,0.901916197455013,54403425.16994016,374284.3340455915,3.956576787562054e-06,1.480884708032909
0.6000000000000002,13.0,13000.0,1.0000000000000002e-10,3.62109553552245e-24,0.901916197455013,54403425.16994016,374284.3340455915,2.872573658726472e-06,1.0751593188533457
0.6000000000000002,14.0,14000.0,1.0000000000000002e-10,3.62109553552245e-24,0.901916197455013,54403425.16994016,374284.3340455915,2.135661606280892e-06,0.7993446820535818
0.6000000000000002,15.0,15000.0,1.0000000000000002e-10,3.62109553552245e-24,0.901916197455013,54403425.16994016,374284.3340455915,1.6206138521854168e-06,0.6065703764102793
0.6000000000000002,16.0,16000.0,1.0000000000000002e-10,3.62109553552245e-24,0.901916197455013,54403425.16994016,374284.3340455915,1.251885624189556e-06,0.46856117715103757
0.6000000000000002,17.0,17000.0,1.0000000000000002e-10,3.62109553552245e-24,0.901916197455013,54403425.16994016,374284.3340455915,9.823107513905095e-07,0.36766352541002145
0.6000000000000002,18.0,18000.0,1.0000000000000002e-10,3.62109553552245e-24,0.901916197455013,54403425.16994016,374284.3340455915,7.81546032111023e-07,0.2925204361546487
0.6000000000000002,19.0,19000.0,1.0000000000000002e-10,3.62109553552245e-24,0.901916197455013,54403425.16994016,374284.3340455915,6.295499287673262e-07,0.23563067583712824
0.6000000000000002,20.0,20000.0,1.0000000000000002e-10,3.62109553552245e-24,0.901916197455013,54403425.16994016,374284.3340455915,5.127723516680421e-07,0.191922658161065
0.6000000000000002,21.0,21000.0,1.0000000000000002e-10,3.62109553552245e-24,0.901916197455013,54403425.16994016,374284.3340455915,4.2185908272215144e-07,0.15789524583774453
0.6000000000000002,22.0,22000.0,1.0000000000000002e-10,3.62109553552245e-24,0.901916197455013,54403425.16994016,374284.3340455915,3.502304157284626e-07,0.13108575791343827
0.6000000000000002,23.0,23000.0,1.0000000000000002e-10,3.62109553552245e-24,0.901916197455013,54403425.16994016,374284.3340455915,2.931792563165752e-07,0.10973240270643111
0.6000000000000002,24.0,24000.0,1.0000000000000002e-10,3.62109553552245e-24,0.901916197455013,54403425.16994016,374284.3340455915,2.4728604922262837e-07,0.09255529425205682
0.6000000000000002,25.0,25000.0,1.0000000000000002e-10,3.62109553552245e-24,0.901916197455013,54403425.16994016,374284.3340455915,2.100315552432301e-07,0.07861152078277224
0.6000000000000002,26.0,26000.0,1.0000000000000002e-10,3.62109553552245e-24,0.901916197455013,54403425.16994016,374284.3340455915,1.795358536704045e-07,0.0671974574283341
0.6000000000000002,27.0,27000.0,1.0000000000000002e-10,3.62109553552245e-24,0.901916197455013,54403425.16994016,374284.3340455915,1.5437946313304153e-07,0.05778181454906639
0.6000000000000002,28.0,28000.0,1.0000000000000002e-10,3.62109553552245e-24,0.901916197455013,54403425.16994016,374284.3340455915,1.3347885039255574e-07,0.04995904262834886
0.6000000000000002,29.0,29000.0,1.0000000000000002e-10,3.62109553552245e-24,0.901916197455013,54403425.16994016,374284.3340455915,1.1599855823482712e-07,0.043416443119171026
0.6000000000000002,30.0,30000.0,1.0000000000000002e-10,3.62109553552245e-24,0.901916197455013,54403425.16994016,374284.3340455915,1.0128836576158855e-07,0.03791064852564246
0.6000000000000002,31.0,31000.0,1.0000000000000002e-10,3.62109553552245e-24,0.901916197455013,54403425.16994016,374284.3340455915,8.883780256960777e-08,0.033250597772839376
0.6000000000000002,32.0,32000.0,1.0000000000000002e-10,3.62109553552245e-24,0.901916197455013,54403425.16994016,374284.3340455915,7.824285151184725e-08,0.029285073571939848
0.6000000000000002,33.0,33000.0,1.0000000000000002e-10,3.62109553552245e-24,0.901916197455013,54403425.16994016,374284.3340455915,6.918131668710374e-08,0.025893483044629788
0.6000000000000002,34.0,34000.0,1.0000000000000002e-10,3.62109553552245e-24,0.901916197455013,54403425.16994016,374284.3340455915,6.139442196190685e-08,0.02297897033812634
0.6000000000000002,35.0,35000.0,1.0000000000000002e-10,3.62109553552245e-24,0.901916197455013,54403425.16994016,374284.3340455915,5.467293712079082e-08,0.02046322386057169
0.6000000000000002,36.0,36000.0,1.0000000000000002e-10,3.62109553552245e-24,0.901916197455013,54403425.16994016,374284.3340455915,4.884662700693894e-08,0.018282527259665542
0.6000000000000002,37.0,37000.0,1.0000000000000002e-10,3.62109553552245e-24,0.901916197455013,54403425.16994016,374284.3340455915,4.3776162382467013e-08,0.016384731784393338
0.6000000000000002,38.0,38000.0,1.0000000000000002e-10,3.62109553552245e-24,0.901916197455013,54403425.16994016,374284.3340455915,3.934687054795789e-08,0.014726917239820515
0.6000000000000002,39.0,39000.0,1.0000000000000002e-10,3.62109553552245e-24,0.901916197455013,54403425.16994016,374284.3340455915,3.546387232995642e-08,0.013273571837695617
0.6000000000000002,40.0,40000.0,1.0000000000000002e-10,3.62109553552245e-24,0.901916197455013,54403425.16994016,374284.3340455915,3.2048271979252634e-08,0.011995166135066562
0.6000000000000002,41.0,41000.0,1.0000000000000002e-10,3.62109553552245e-24,0.901916197455013,54403425.16994016,374284.3340455915,2.9034152664321835e-08,0.010867028494543733
0.6000000000000002,42.0,42000.0,1.0000000000000002e-10,3.62109553552245e-24,0.901916197455013,54403425.16994016,374284.3340455915,2.6366192670134465e-08,0.009868452864859033
0.6000000000000002,43.0,43000.0,1.0000000000000002e-10,3.62109553552245e-24,0.901916197455013,54403425.16994016,374284.3340455915,2.399776303648172e-08,0.008981986756693473
0.6000000000000002,44.0,44000.0,1.0000000000000002e-10,3.62109553552245e-24,0.901916197455013,54403425.16994016,374284.3340455915,2.188940098302891e-08,0.008192859869589892
0.6000000000000002,45.0,45000.0,1.0000000000000002e-10,3.62109553552245e-24,0.901916197455013,54403425.16994016,374284.3340455915,2.0007578422042184e-08,0.007488523165559004
0.6000000000000002,46.0,46000.0,1.0000000000000002e-10,3.62109553552245e-24,0.901916197455013,54403425.16994016,374284.3340455915,1.832370351978595e-08,0.006858275169151945
0.6000000000000002,47.0,47000.0,1.0000000000000002e-10,3.62109553552245e-24,0.901916197455013,54403425.16994016,374284.3340455915,1.6813307318016636e-08,0.006292957532627726
0.6000000000000002,48.0,48000.0,1.0000000000000002e-10,3.62109553552245e-24,0.901916197455013,54403425.16994016,374284.3340455915,1.5455378076414273e-08,0.005784705890753551
0.6000000000000002,49.0,49000.0,1.0000000000000002e-10,3.62109553552245e-24,0.901916197455013,54403425.16994016,374284.3340455915,1.4231814119322894e-08,0.005326745069911415
0.6000000000000002,50.0,50000.0,1.0000000000000002e-10,3.62109553552245e-24,0.901916197455013,54403425.16994016,374284.3340455915,1.3126972202701881e-08,0.004913220048923265
0.6000000000000002,51.0,51000.0,1.0000000000000002e-10,3.62109553552245e-24,0.901916197455013,54403425.16994016,374284.3340455915,1.2127293227043326e-08,0.004539055869259523
0.6000000000000002,52.0,52000.0,1.0000000000000002e-10,3.62109553552245e-24,0.901916197455013,54403425.16994016,374284.3340455915,1.1220990854400281e-08,0.004199841089270882
0.6000000000000002,53.0,53000.0,1.0000000000000002e-10,3.62109553552245e-24,0.901916197455013,54403425.16994016,374284.3340455915,1.0397791499261802e-08,0.0038917304668461155
0.6000000000000002,54.0,54000.0,1.0000000000000002e-10,3.62109553552245e-24,0.901916197455013,54403425.16994016,374284.3340455915,9.648716445815095e-09,0.0036113634093166494
0.6000000000000002,55.0,55000.0,1.0000000000000002e-10,3.62109553552245e-24,0.901916197455013,54403425.16994016,374284.3340455915,8.965898642648645e-09,0.0033557954025840203
0.6000000000000002,56.0,56000.0,1.0000000000000002e-10,3.62109553552245e-24,0.901916197455013,54403425.16994016,374284.3340455915,8.342428149534734e-09,0.003122440164271804
0.6000000000000002,57.0,57000.0,1.0000000000000002e-10,3.62109553552245e-24,0.901916197455013,54403425.16994016,374284.3340455915,7.772221342806497e-09,0.0029090206893472624
0.6000000000000002,58.0,58000.0,1.0000000000000002e-10,3.62109553552245e-24,0.901916197455013,54403425.16994016,374284.3340455915,7.249909889676695e-09,0.002713527694948189
0.6000000000000002,59.0,59000.0,1.0000000000000002e-10,3.62109553552245e-24,0.901916197455013,54403425.16994016,374284.3340455915,6.7707462265823995e-09,0.0025341842424080946
0.6000000000000002,60.0,60000.0,1.0000000000000002e-10,3.62109553552245e-24,0.901916197455013,54403425.16994016,374284.3340455915,6.3305228600992845e-09,0.0023694155328526536
0.6000000000000002,61.0,61000.0,1.0000000000000002e-10,3.62109553552245e-24,0.901916197455013,54403425.16994016,374284.3340455915,5.925503280507606e-09,0.0022178230492297573
0.6000000000000002,62.0,62000.0,1.0000000000000002e-10,3.62109553552245e-24,0.901916197455013,54403425.16994016,374284.3340455915,5.5523626606004855e-09,0.002078162360802461
0.6000000000000002,63.0,63000.0,1.0000000000000002e-10,3.62109553552245e-24,0.901916197455013,54403425.16994016,374284.3340455915,5.208136823730264e-09,0.0019493240226882039
0.6000000000000002,64.0,64000.0,1.0000000000000002e-10,3.62109553552245e-24,0.901916197455013,54403425.16994016,374284.3340455915,4.890178219490453e-09,0.0018303170982462405
0.6000000000000002,65.0,65000.0,1.0000000000000002e-10,3.62109553552245e-24,0.901916197455013,54403425.16994016,374284.3340455915,4.5961178539623546e-09,0.0017202549101653529
0.6000000000000002,66.0,66000.0,1.0000000000000002e-10,3.62109553552245e-24,0.901916197455013,54403425.16994016,374284.3340455915,4.323832292943984e-09,0.0016183426902893617
0.6000000000000002,67.0,67000.0,1.0000000000000002e-10,3.62109553552245e-24,0.901916197455013,54403425.16994016,374284.3340455915,4.071414998048333e-09,0.0015238668511677535
0.6000000000000002,68.0,68000.0,1.0000000000000002e-10,3.62109553552245e-24,0.901916197455013,54403425.16994016,374284.3340455915,3.837151372619178e-09,0.0014361856461328963
0.6000000000000002,69.0,69000.0,1.0000000000000002e-10,3.62109553552245e-24,0.901916197455013,54403425.16994016,374284.3340455915,3.619496991562658e-09,0.0013547210210670512
0.6000000000000002,70.0,70000.0,1.0000000000000002e-10,3.62109553552245e-24,0.901916197455013,54403425.16994016,374284.3340455915,3.4170585700494263e-09,0.0012789514912857306
0.6000000000000002,71.0,71000.0,1.0000000000000002e-10,3.62109553552245e-24,0.901916197455013,54403425.16994016,374284.3340455915,3.228577293524453e-09,0.001208405902221518
0.6000000000000002,72.0,72000.0,1.0000000000000002e-10,3.62109553552245e-24,0.901916197455013,54403425.16994016,374284.3340455915,3.0529141879336836e-09,0.0011426579537290964
0.6000000000000002,73.0,73000.0,1.0000000000000002e-10,3.62109553552245e-24,0.901916197455013,54403425.16994016,374284.3340455915,2.88903725645848e-09,0.001081321385566465
0.6000000000000002,74.0,74000.0,1.0000000000000002e-10,3.62109553552245e-24,0.901916197455013,54403425.16994016,374284.3340455915,2.7360101489041883e-09,0.0010240457365245836
0.6000000000000002,75.0,75000.0,1.0000000000000002e-10,3.62109553552245e-24,0.901916197455013,54403425.16994016,374284.3340455915,2.5929821634966674e-09,0.0009705126022564472
0.6000000000000002,76.0,76000.0,1.0000000000000002e-10,3.62109553552245e-24,0.901916197455013,54403425.16994016,374284.3340455915,2.459179409247368e-09,0.0009204323274887822
0.6000000000000002,77.0,77000.0,1.0000000000000002e-10,3.62109553552245e-24,0.901916197455013,54403425.16994016,374284.3340455915,2.3338969811142857e-09,0.0008735410773073768
0.6000000000000002,78.0,78000.0,1.0000000000000002e-10,3.62109553552245e-24,0.901916197455013,54403425.16994016,374284.3340455915,2.2164920206222764e-09,0.0008295982398559761
0.6000000000000002,79.0,79000.0,1.0000000000000002e-10,3.62109553552245e-24,0.901916197455013,54403425.16994016,374284.3340455915,2.106377551997562e-09,0.0007883841192979908
0.6000000000000002,80.0,80000.0,1.0000000000000002e-10,3.62109553552245e-24,0.901916197455013,54403425.16994016,374284.3340455915,2.0030169987032896e-09,0.0007496978834416601
0.6000000000000002,81.0,81000.0,1.0000000000000002e-10,3.62109553552245e-24,0.901916197455013,54403425.16994016,374284.3340455915,1.9059192979387844e-09,0.0007133557351736592
0.6000000000000002,82.0,82000.0,1.0000000000000002e-10,3.62109553552245e-24,0.901916197455013,54403425.16994016,374284.3340455915,1.8146345415201147e-09,0.0006791892809089833
0.6000000000000002,83.0,83000.0,1.0000000000000002e-10,3.62109553552245e-24,0.901916197455013,54403425.16994016,374284.3340455915,1.7287500808738417e-09,0.0006470440727511282
0.6000000000000002,84.0,84000.0,1.0000000000000002e-10,3.62109553552245e-24,0.901916197455013,54403425.16994016,374284.3340455915,1.647887041883404e-09,0.0006167783040536896
0.6000000000000002,85.0,85000.0,1.0000000000000002e-10,3.62109553552245e-24,0.901916197455013,54403425.16994016,374284.3340455915,1.5716972022248152e-09,0.0005882616406560343
0.6000000000000002,86.0,86000.0,1.0000000000000002e-10,3.62109553552245e-24,0.901916197455013,54403425.16994016,374284.3340455915,1.4998601897801075e-09,0.000561374172293342
0.6000000000000002,87.0,87000.0,1.0000000000000002e-10,3.62109553552245e-24,0.901916197455013,54403425.16994016,374284.3340455915,1.432080965862063e-09,0.0005360054706070496
0.6000000000000002,88.0,88000.0,1.0000000000000002e-10,3.62109553552245e-24,0.901916197455013,54403425.16994016,374284.3340455915,1.368087561439307e-09,0.0005120537418493682
0.6000000000000002,89.0,89000.0,1.0000000000000002e-10,3.62109553552245e-24,0.901916197455013,54403425.16994016,374284.3340455915,1.3076290384158693e-09,0.0004894250638221608
0.6000000000000002,90.0,90000.0,1.0000000000000002e-10,3.62109553552245e-24,0.901916197455013,54403425.16994016,374284.3340455915,1.2504736513776365e-09,0.0004680326978474378
0.6000000000000002,91.0,91000.0,1.0000000000000002e-10,3.62109553552245e-24,0.901916197455013,54403425.16994016,374284.3340455915,1.1964071881409708e-09,0.0004477964676607019
0.6000000000000002,92.0,92000.0,1.0000000000000002e-10,3.62109553552245e-24,0.901916197455013,54403425.16994016,374284.3340455915,1.145231469986622e-09,0.00042864219807199654
0.6000000000000002,93.0,93000.0,1.0000000000000002e-10,3.62109553552245e-24,0.901916197455013,54403425.16994016,374284.3340455915,1.0967629946865158e-09,0.00041050120707209116
0.6000000000000002,94.0,94000.0,1.0000000000000002e-10,3.62109553552245e-24,0.901916197455013,54403425.16994016,374284.3340455915,1.0508317073760397e-09,0.00039330984578923287
0.6000000000000002,95.0,95000.0,1.0000000000000002e-10,3.62109553552245e-24,0.901916197455013,54403425.16994016,374284.3340455915,1.0072798860277221e-09,0.00037700908133940524
0.6000000000000002,96.0,96000.0,1.0000000000000002e-10,3.62109553552245e-24,0.901916197455013,54403425.16994016,374284.3340455915,9.65961129775892e-10,0.00036154411817209694
0.6000000000000002,97.0,97000.0,1.0000000000000002e-10,3.62109553552245e-24,0.901916197455013,54403425.16994016,374284.3340455915,9.2673943965372e-10,0.0003468640540045772
0.6000000000000002,98.0,98000.0,1.0000000000000002e-10,3.62109553552245e-24,0.901916197455013,54403425.16994016,374284.3340455915,8.894883824576809e-10,0.00033292156686946344
0.6000000000000002,99.0,99000.0,1.0000000000000002e-10,3.62109553552245e-24,0.901916197455013,54403425.16994016,374284.3340455915,8.540903294704163e-10,0.00031967263018061457
0.6000000000000002,100.0,100000.0,1.0000000000000002e-10,3.62109553552245e-24,0.901916197455013,54403425.16994016,374284.3340455915,8.204357626688676e-10,0.00030707625305770406
0.6500000000000001,1.0,1000.0,1.0000000000000002e-10,4.990867413845238e-24,0.8938130688872042,39472096.46433392,558174.001020032,0.07924497679564255,44232.485758763396
0.6500000000000001,2.0,2000.0,1.0000000000000002e-10,4.990867413845238e-24,0.8938130688872042,39472096.46433392,558174.001020032,0.004952811049727659,2764.5303599227123
0.6500000000000001,3.0,3000.0,1.0000000000000002e-10,4.990867413845238e-24,0.8938130688872042,39472096.46433392,558174.001020032,0.0009783330468597846,546.0800710958443
0.6500000000000001,4.0,4000.0,1.0000000000000002e-10,4.990867413845238e-24,0.8938130688872042,39472096.46433392,558174.001020032,0.0003095506906079787,172.78314749516952
0.6500000000000001,5.0,5000.0,1.0000000000000002e-10,4.990867413845238e-24,0.8938130688872042,39472096.46433392,558174.001020032,0.00012679196287302807,70.77197721402142
0.6500000000000001,6.0,6000.0,1.0000000000000002e-10,4.990867413845238e-24,0.8938130688872042,39472096.46433392,558174.001020032,6.114581542873654e-05,34.13000444349027
0.6500000000000001,7.0,7000.0,1.0000000000000002e-10,4.990867413845238e-24,0.8938130688872042,39472096.46433392,558174.001020032,3.3004988253078944e-05,18.42252634684023
0.6500000000000001,8.0,8000.0,1.0000000000000002e-10,4.990867413845238e-24,0.8938130688872042,39472096.46433392,558174.001020032,1.934691816299867e-05,10.798946718448095
0.6500000000000001,9.0,9000.0,1.0000000000000002e-10,4.990867413845238e-24,0.8938130688872042,39472096.46433392,558174.001020032,1.2078185763701044e-05,6.741729272788202
0.6500000000000001,10.0,10000.0,1.0000000000000002e-10,4.990867413845238e-24,0.8938130688872042,39472096.46433392,558174.001020032,7.924497679564254e-06,4.423248575876339
0.6500000000000001,11.0,11000.0,1.0000000000000002e-10,4.990867413845238e-24,0.8938130688872042,39472096.46433392,558174.001020032,5.412538542151665e-06,3.021138293747926
0.6500000000000001,12.0,12000.0,1.0000000000000002e-10,4.990867413845238e-24,0.8938130688872042,39472096.46433392,558174.001020032,3.8216134642960335e-06,2.133125277718142
0.6500000000000001,13.0,13000.0,1.0000000000000002e-10,4.990867413845238e-24,0.8938130688872042,39472096.46433392,558174.001020032,2.7745869120703957e-06,1.5487022778881485
0.6500000000000001,14.0,14000.0,1.0000000000000002e-10,4.990867413845238e-24,0.8938130688872042,39472096.46433392,558174.001020032,2.062811765817434e-06,1.1514078966775143
0.6500000000000001,15.0,15000.0,1.0000000000000002e-10,4.990867413845238e-24,0.8938130688872042,39472096.46433392,558174.001020032,1.5653328749756548e-06,0.8737281137533507
0.6500000000000001,16.0,16000.0,1.0000000000000002e-10,4.990867413845238e-24,0.8938130688872042,39472096.46433392,558174.001020032,1.2091823851874168e-06,0.6749341699030059
0.6500000000000001,17.0,17000.0,1.0000000000000002e-10,4.990867413845238e-24,0.8938130688872042,39472096.46433392,558174.001020032,9.488030171530819e-07,0.5295971762642138
0.6500000000000001,18.0,18000.0,1.0000000000000002e-10,4.990867413845238e-24,0.8938130688872042,39472096.46433392,558174.001020032,7.548866102313153e-07,0.42135807954926263
0.6500000000000001,19.0,19000.0,1.0000000000000002e-10,4.990867413845238e-24,0.8938130688872042,39472096.46433392,558174.001020032,6.080752664240032e-07,0.33941180438120777
0.6500000000000001,20.0,20000.0,1.0000000000000002e-10,4.990867413845238e-24,0.8938130688872042,39472096.46433392,558174.001020032,4.952811049727659e-07,0.27645303599227117
0.6500000000000001,21.0,21000.0,1.0000000000000002e-10,4.990867413845238e-24,0.8938130688872042,39472096.46433392,558174.001020032,4.074689907787523e-07,0.22743859687457071
0.6500000000000001,22.0,22000.0,1.0000000000000002e-10,4.990867413845238e-24,0.8938130688872042,39472096.46433392,558174.001020032,3.3828365888447907e-07,0.18882114335924538
0.6500000000000001,23.0,23000.0,1.0000000000000002e-10,4.990867413845238e-24,0.8938130688872042,39472096.46433392,558174.001020032,2.8317857924908264e-07,0.15806292058262866
0.6500000000000001,24.0,24000.0,1.0000000000000002e-10,4.990867413845238e-24,0.8938130688872042,39472096.46433392,558174.001020032,2.388508415185021e-07,0.13332032985738387
0.6500000000000001,25.0,25000.0,1.0000000000000002e-10,4.990867413845238e-24,0.8938130688872042,39472096.46433392,558174.001020032,2.0286714059684495e-07,0.1132351635424343
0.6500000000000001,26.0,26000.0,1.0000000000000002e-10,4.990867413845238e-24,0.8938130688872042,39472096.46433392,558174.001020032,1.7341168200439973e-07,0.09679389236800928
0.6500000000000001,27.0,27000.0,1.0000000000000002e-10,4.990867413845238e-24,0.8938130688872042,39472096.46433392,558174.001020032,1.4911340449013628e-07,0.08323122558997777
0.6500000000000001,28.0,28000.0,1.0000000000000002e-10,4.990867413845238e-24,0.8938130688872042,39472096.46433392,558174.001020032,1.2892573536358962e-07,0.07196299354234464
0.6500000000000001,29.0,29000.0,1.0000000000000002e-10,4.990867413845238e-24,0.8938130688872042,39472096.46433392,558174.001020032,1.120417158041041e-07,0.06253877279152614
0.6500000000000001,30.0,30000.0,1.0000000000000002e-10,4.990867413845238e-24,0.8938130688872042,39472096.46433392,558174.001020032,9.783330468597842e-08,0.05460800710958442
0.6500000000000001,31.0,31000.0,1.0000000000000002e-10,4.990867413845238e-24,0.8938130688872042,39472096.46433392,558174.001020032,8.580744433060271e-08,0.047895484519316175
0.6500000000000001,32.0,32000.0,1.0000000000000002e-10,4.990867413845238e-24,0.8938130688872042,39472096.46433392,558174.001020032,7.557389907421355e-08,0.04218338561893787
0.6500000000000001,33.0,33000.0,1.0000000000000002e-10,4.990867413845238e-24,0.8938130688872042,39472096.46433392,558174.001020032,6.682146348335391e-08,0.03729800362651762
0.6500000000000001,34.0,34000.0,1.0000000000000002e-10,4.990867413845238e-24,0.8938130688872042,39472096.46433392,558174.001020032,5.930018857206762e-08,0.03309982351651336
0.6500000000000001,35.0,35000.0,1.0000000000000002e-10,4.990867413845238e-24,0.8938130688872042,39472096.46433392,558174.001020032,5.28079812049263e-08,0.02947604215494436
0.6500000000000001,36.0,36000.0,1.0000000000000002e-10,4.990867413845238e-24,0.8938130688872042,39472096.46433392,558174.001020032,4.7180413139457204e-08,0.026334879971828914
0.6500000000000001,37.0,37000.0,1.0000000000000002e-10,4.990867413845238e-24,0.8938130688872042,39472096.46433392,558174.001020032,4.228290781616017e-08,0.023601219830507305
0.6500000000000001,38.0,38000.0,1.0000000000000002e-10,4.990867413845238e-24,0.8938130688872042,39472096.46433392,558174.001020032,3.80047041515002e-08,0.021213237773825486
0.6500000000000001,39.0,39000.0,1.0000000000000002e-10,4.990867413845238e-24,0.8938130688872042,39472096.46433392,558174.001020032,3.425415940827647e-08,0.019119781208495647
0.6500000000000001,40.0,40000.0,1.0000000000000002e-10,4.990867413845238e-24,0.8938130688872042,39472096.46433392,558174.001020032,3.095506906079787e-08,0.017278314749516948
0.6500000000000001,41.0,41000.0,1.0000000000000002e-10,4.990867413845238e-24,0.8938130688872042,39472096.46433392,558174.001020032,2.8043764775450766e-08,0.01565330038837799
0.6500000000000001,42.0,42000.0,1.0000000000000002e-10,4.990867413845238e-24,0.8938130688872042,39472096.46433392,558174.001020032,2.546681192367202e-08,0.01421491230466067
0.6500000000000001,43.0,43000.0,1.0000000000000002e-10,4.990867413845238e-24,0.8938130688872042,39472096.46433392,558174.001020032,2.317917211198971e-08,0.012938011238081241
0.6500000000000001,44.0,44000.0,1.0000000000000002e-10,4.990867413845238e-24,0.8938130688872042,39472096.46433392,558174.001020032,2.1142728680279942e-08,0.011801321459952836
0.6500000000000001,45.0,45000.0,1.0000000000000002e-10,4.990867413845238e-24,0.8938130688872042,39472096.46433392,558174.001020032,1.9325097221921667e-08,0.010786766836461122
0.6500000000000001,46.0,46000.0,1.0000000000000002e-10,4.990867413845238e-24,0.8938130688872042,39472096.46433392,558174.001020032,1.7698661203067665e-08,0.009878932536414291
0.6500000000000001,47.0,47000.0,1.0000000000000002e-10,4.990867413845238e-24,0.8938130688872042,39472096.46433392,558174.001020032,1.623978632940197e-08,0.009064626511192718
0.6500000000000001,48.0,48000.0,1.0000000000000002e-10,4.990867413845238e-24,0.8938130688872042,39472096.46433392,558174.001020032,1.492817759490638e-08,0.008332520616086492
0.6500000000000001,49.0,49000.0,1.0000000000000002e-10,4.990867413845238e-24,0.8938130688872042,39472096.46433392,558174.001020032,1.3746350792619303e-08,0.007672855621341204
0.6500000000000001,50.0,50000.0,1.0000000000000002e-10,4.990867413845238e-24,0.8938130688872042,39472096.46433392,558174.001020032,1.267919628730281e-08,0.007077197721402144
0.6500000000000001,51.0,51000.0,1.0000000000000002e-10,4.990867413845238e-24,0.8938130688872042,39472096.46433392,558174.001020032,1.1713617495717058e-08,0.0065382367440026375
0.6500000000000001,52.0,52000.0,1.0000000000000002e-10,4.990867413845238e-24,0.8938130688872042,39472096.46433392,558174.001020032,1.0838230125274983e-08,0.00604961827300058
0.6500000000000001,53.0,53000.0,1.0000000000000002e-10,4.990867413845238e-24,0.8938130688872042,39472096.46433392,558174.001020032,1.0043111034123594e-08,0.0056058034686051975
0.6500000000000001,54.0,54000.0,1.0000000000000002e-10,4.990867413845238e-24,0.8938130688872042,39472096.46433392,558174.001020032,9.319587780633517e-09,0.0052019515993736104
0.6500000000000001,55.0,55000.0,1.0000000000000002e-10,4.990867413845238e-24,0.8938130688872042,39472096.46433392,558174.001020032,8.660061667442667e-09,0.004833821269996683
0.6500000000000001,56.0,56000.0,1.0000000000000002e-10,4.990867413845238e-24,0.8938130688872042,39472096.46433392,558174.001020032,8.057858460224352e-09,0.00449768709639654
0.6500000000000001,57.0,57000.0,1.0000000000000002e-10,4.990867413845238e-24,0.8938130688872042,39472096.46433392,558174.001020032,7.507102054617325e-09,0.004190269189891455
0.6500000000000001,58.0,58000.0,1.0000000000000002e-10,4.990867413845238e-24,0.8938130688872042,39472096.46433392,558174.001020032,7.0026072377565065e-09,0.003908673299470384
0.6500000000000001,59.0,59000.0,1.0000000000000002e-10,4.990867413845238e-24,0.8938130688872042,39472096.46433392,558174.001020032,6.539788390858581e-09,0.003650339851949891
0.6500000000000001,60.0,60000.0,1.0000000000000002e-10,4.990867413845238e-24,0.8938130688872042,39472096.46433392,558174.001020032,6.1145815428736515e-09,0.003413000444349026
0.6500000000000001,61.0,61000.0,1.0000000000000002e-10,4.990867413845238e-24,0.8938130688872042,39472096.46433392,558174.001020032,5.723377640667874e-09,0.003194640597040178
0.6500000000000001,62.0,62000.0,1.0000000000000002e-10,4.990867413845238e-24,0.8938130688872042,39472096.46433392,558174.001020032,5.362965270662669e-09,0.002993467782457261
0.6500000000000001,63.0,63000.0,1.0000000000000002e-10,4.990867413845238e-24,0.8938130688872042,39472096.46433392,558174.001020032,5.0304813676389175e-09,0.002807883912031737
0.6500000000000001,64.0,64000.0,1.0000000000000002e-10,4.990867413845238e-24,0.8938130688872042,39472096.46433392,558174.001020032,4.723368692138347e-09,0.002636461601183617
0.6500000000000001,65.0,65000.0,1.0000000000000002e-10,4.990867413845238e-24,0.8938130688872042,39472096.46433392,558174.001020032,4.439339059312632e-09,0.002477923644621037
0.6500000000000001,66.0,66000.0,1.0000000000000002e-10,4.990867413845238e-24,0.8938130688872042,39472096.46433392,558174.001020032,4.176341467709619e-09,0.002331125226657351
0.6500000000000001,67.0,67000.0,1.0000000000000002e-10,4.990867413845238e-24,0.8938130688872042,39472096.46433392,558174.001020032,3.9325344131297965e-09,0.002195038467525622
0.6500000000000001,68.0,68000.0,1.0000000000000002e-10,4.990867413845238e-24,0.8938130688872042,39472096.46433392,558174.001020032,3.706261785754226e-09,0.002068738969782085
0.6500000000000001,69.0,69000.0,1.0000000000000002e-10,4.990867413845238e-24,0.8938130688872042,39472096.46433392,558174.001020032,3.496031842581268e-09,0.0019513940812670208
0.6500000000000001,70.0,70000.0,1.0000000000000002e-10,4.990867413845238e-24,0.8938130688872042,39472096.46433392,558174.001020032,3.3004988253078935e-09,0.0018422526346840225
0.6500000000000001,71.0,71000.0,1.0000000000000002e-10,4.990867413845238e-24,0.8938130688872042,39472096.46433392,558174.001020032,3.1184468589717684e-09,0.0017406359602406233
0.6500000000000001,72.0,72000.0,1.0000000000000002e-10,4.990867413845238e-24,0.8938130688872042,39472096.46433392,558174.001020032,2.9487758212160753e-09,0.0016459299982393072
0.6500000000000001,73.0,73000.0,1.0000000000000002e-10,4.990867413845238e-24,0.8938130688872042,39472096.46433392,558174.001020032,2.7904889178045403e-09,0.0015575783640530195
0.6500000000000001,74.0,74000.0,1.0000000000000002e-10,4.990867413845238e-24,0.8938130688872042,39472096.46433392,558174.001020032,2.6426817385100104e-09,0.0014750762394067066
0.6500000000000001,75.0,75000.0,1.0000000000000002e-10,4.990867413845238e-24,0.8938130688872042,39472096.46433392,558174.001020032,2.5045325999610483e-09,0.0013979649820053616
0.6500000000000001,76.0,76000.0,1.0000000000000002e-10,4.990867413845238e-24,0.8938130688872042,39472096.46433392,558174.001020032,2.3752940094687625e-09,0.0013258273608640929
0.6500000000000001,77.0,77000.0,1.0000000000000002e-10,4.990867413845238e-24,0.8938130688872042,39472096.46433392,558174.001020032,2.2542851071019008e-09,0.0012582833376709392
0.6500000000000001,78.0,78000.0,1.0000000000000002e-10,4.990867413845238e-24,0.8938130688872042,39472096.46433392,558174.001020032,2.1408849630172793e-09,0.001194986325530978
0.6500000000000001,79.0,79000.0,1.0000000000000002e-10,4.990867413845238e-24,0.8938130688872042,39472096.46433392,558174.001020032,2.0345266238507324e-09,0.001135619865816541
0.6500000000000001,80.0,80000.0,1.0000000000000002e-10,4.990867413845238e-24,0.8938130688872042,39472096.46433392,558174.001020032,1.9346918162998668e-09,0.0010798946718448092
0.6500000000000001,81.0,81000.0,1.0000000000000002e-10,4.990867413845238e-24,0.8938130688872042,39472096.46433392,558174.001020032,1.8409062282732875e-09,0.0010275459949379972
0.6500000000000001,82.0,82000.0,1.0000000000000002e-10,4.990867413845238e-24,0.8938130688872042,39472096.46433392,558174.001020032,1.7527352984656729e-09,0.0009783312742736245
0.6500000000000001,83.0,83000.0,1.0000000000000002e-10,4.990867413845238e-24,0.8938130688872042,39472096.46433392,558174.001020032,1.6697804542146053e-09,0.0009320280369540126
0.6500000000000001,84.0,84000.0,1.0000000000000002e-10,4.990867413845238e-24,0.8938130688872042,39472096.46433392,558174.001020032,1.5916757452295013e-09,0.0008884320190412919
0.6500000000000001,85.0,85000.0,1.0000000000000002e-10,4.990867413845238e-24,0.8938130688872042,39472096.46433392,558174.001020032,1.518084827444931e-09,0.000847355482022742
0.6500000000000001,86.0,86000.0,1.0000000000000002e-10,4.990867413845238e-24,0.8938130688872042,39472096.46433392,558174.001020032,1.448698256999357e-09,0.0008086257023800776
0.6500000000000001,87.0,87000.0,1.0000000000000002e-10,4.990867413845238e-24,0.8938130688872042,39472096.46433392,558174.001020032,1.383231059309927e-09,0.0007720836147101991
0.6500000000000001,88.0,88000.0,1.0000000000000002e-10,4.990867413845238e-24,0.8938130688872042,39472096.46433392,558174.001020032,1.3214205425174964e-09,0.0007375825912470523
0.6500000000000001,89.0,89000.0,1.0000000000000002e-10,4.990867413845238e-24,0.8938130688872042,39472096.46433392,558174.001020032,1.2630243283092572e-09,0.0007049873427180165
0.6500000000000001,90.0,90000.0,1.0000000000000002e-10,4.990867413845238e-24,0.8938130688872042,39472096.46433392,558174.001020032,1.2078185763701042e-09,0.0006741729272788201
0.6500000000000001,91.0,91000.0,1.0000000000000002e-10,4.990867413845238e-24,0.8938130688872042,39472096.46433392,558174.001020032,1.155596381537024e-09,0.0006450238558467921
0.6500000000000001,92.0,92000.0,1.0000000000000002e-10,4.990867413845238e-24,0.8938130688872042,39472096.46433392,558174.001020032,1.106166325191729e-09,0.0006174332835258932
0.6500000000000001,93.0,93000.0,1.0000000000000002e-10,4.990867413845238e-24,0.8938130688872042,39472096.46433392,558174.001020032,1.0593511645753422e-09,0.0005913022780162492
0.6500000000000001,94.0,94000.0,1.0000000000000002e-10,4.990867413845238e-24,0.8938130688872042,39472096.46433392,558174.001020032,1.0149866455876232e-09,0.0005665391569495449
0.6500000000000001,95.0,95000.0,1.0000000000000002e-10,4.990867413845238e-24,0.8938130688872042,39472096.46433392,558174.001020032,9.729204262784053e-10,0.0005430588870099325
0.6500000000000001,96.0,96000.0,1.0000000000000002e-10,4.990867413845238e-24,0.8938130688872042,39472096.46433392,558174.001020032,9.330110996816488e-10,0.0005207825385054058
0.6500000000000001,97.0,97000.0,1.0000000000000002e-10,4.990867413845238e-24,0.8938130688872042,39472096.46433392,558174.001020032,8.95127305909584e-10,0.0004996367897618346
0.6500000000000001,98.0,98000.0,1.0000000000000002e-10,4.990867413845238e-24,0.8938130688872042,39472096.46433392,558174.001020032,8.591469245387064e-10,0.00047955347633382527
0.6500000000000001,99.0,99000.0,1.0000000000000002e-10,4.990867413845238e-24,0.8938130688872042,39472096.46433392,558174.001020032,8.249563393006654e-10,0.00046046918057429144
0.6500000000000001,100.0,100000.0,1.0000000000000002e-10,4.990867413845238e-24,0.8938130688872042,39472096.46433392,558174.001020032,7.924497679564256e-10,0.000442324857587634
0.7000000000000002,1.0,1000.0,1.0000000000000002e-10,6.73224255735789e-24,0.8859723422313637,29262166.109076418,810244.2356074195,0.07643597164604225,61931.80541925789
0.7000000000000002,2.0,2000.0,1.0000000000000002e-10,6.73224255735789e-24,0.8859723422313637,29262166.109076418,810244.2356074195,0.004777248227877641,3870.7378387036183
0.7000000000000002,3.0,3000.0,1.0000000000000002e-10,6.73224255735789e-24,0.8859723422313637,29262166.109076418,810244.2356074195,0.0009436539709387934,764.5901903612087
0.7000000000000002,4.0,4000.0,1.0000000000000002e-10,6.73224255735789e-24,0.8859723422313637,29262166.109076418,810244.2356074195,0.00029857801424235255,241.92111491897614
0.7000000000000002,5.0,5000.0,1.0000000000000002e-10,6.73224255735789e-24,0.8859723422313637,29262166.109076418,810244.2356074195,0.0001222975546336676,99.09088867081263
0.7000000000000002,6.0,6000.0,1.0000000000000002e-10,6.73224255735789e-24,0.8859723422313637,29262166.109076418,810244.2356074195,5.8978373183674585e-05,47.78688689757554
0.7000000000000002,7.0,7000.0,1.0000000000000002e-10,6.73224255735789e-24,0.8859723422313637,29262166.109076418,810244.2356074195,3.183505691213755e-05,25.794171353293585
0.7000000000000002,8.0,8000.0,1.0000000000000002e-10,6.73224255735789e-24,0.8859723422313637,29262166.109076418,810244.2356074195,1.8661125890147034e-05,15.120069682436009
0.7000000000000002,9.0,9000.0,1.0000000000000002e-10,6.73224255735789e-24,0.8859723422313637,29262166.109076418,810244.2356074195,1.165004902393572e-05,9.439385066187763
0.7000000000000002,10.0,10000.0,1.0000000000000002e-10,6.73224255735789e-24,0.8859723422313637,29262166.109076418,810244.2356074195,7.643597164604225e-06,6.1931805419257895
0.7000000000000002,11.0,11000.0,1.0000000000000002e-10,6.73224255735789e-24,0.8859723422313637,29262166.109076418,810244.2356074195,5.220679710814988e-06,4.230025641640454
0.7000000000000002,12.0,12000.0,1.0000000000000002e-10,6.73224255735789e-24,0.8859723422313637,29262166.109076418,810244.2356074195,3.6861483239796616e-06,2.9866804310984714
0.7000000000000002,13.0,13000.0,1.0000000000000002e-10,6.73224255735789e-24,0.8859723422313637,29262166.109076418,810244.2356074195,2.6762358336907767e-06,2.1684046573739684
0.7000000000000002,14.0,14000.0,1.0000000000000002e-10,6.73224255735789e-24,0.8859723422313637,29262166.109076418,810244.2356074195,1.989691057008597e-06,1.612135709580849
0.7000000000000002,15.0,15000.0,1.0000000000000002e-10,6.73224255735789e-24,0.8859723422313637,29262166.109076418,810244.2356074195,1.5098463535020689e-06,1.2233443045779335
0.7000000000000002,16.0,16000.0,1.0000000000000002e-10,6.73224255735789e-24,0.8859723422313637,29262166.109076418,810244.2356074195,1.1663203681341896e-06,0.9450043551522506
0.7000000000000002,17.0,17000.0,1.0000000000000002e-10,6.73224255735789e-24,0.8859723422313637,29262166.109076418,810244.2356074195,9.151706953465867e-07,0.7415117805014056
0.7000000000000002,18.0,18000.0,1.0000000000000002e-10,6.73224255735789e-24,0.8859723422313637,29262166.109076418,810244.2356074195,7.281280639959825e-07,0.5899615666367352
0.7000000000000002,19.0,19000.0,1.0000000000000002e-10,6.73224255735789e-24,0.8859723422313637,29262166.109076418,810244.2356074195,5.865207575605024e-07,0.4752250628774939
0.7000000000000002,20.0,20000.0,1.0000000000000002e-10,6.73224255735789e-24,0.8859723422313637,29262166.109076418,810244.2356074195,4.777248227877641e-07,0.38707378387036184
0.7000000000000002,21.0,21000.0,1.0000000000000002e-10,6.73224255735789e-24,0.8859723422313637,29262166.109076418,810244.2356074195,3.930253939770067e-07,0.31844655991720466
0.7000000000000002,22.0,22000.0,1.0000000000000002e-10,6.73224255735789e-24,0.8859723422313637,29262166.109076418,810244.2356074195,3.2629248192593676e-07,0.2643766026025284
0.7000000000000002,23.0,23000.0,1.0000000000000002e-10,6.73224255735789e-24,0.8859723422313637,29262166.109076418,810244.2356074195,2.731407179292607e-07,0.22131069221185562
0.7000000000000002,24.0,24000.0,1.0000000000000002e-10,6.73224255735789e-24,0.8859723422313637,29262166.109076418,810244.2356074195,2.3038427024872885e-07,0.18666752694365446
0.7000000000000002,25.0,25000.0,1.0000000000000002e-10,6.73224255735789e-24,0.8859723422313637,29262166.109076418,810244.2356074195,1.956760874138682e-07,0.15854542187330023
0.7000000000000002,26.0,26000.0,1.0000000000000002e-10,6.73224255735789e-24,0.8859723422313637,29262166.109076418,810244.2356074195,1.6726473960567354e-07,0.13552529108587302
0.7000000000000002,27.0,27000.0,1.0000000000000002e-10,6.73224255735789e-24,0.8859723422313637,29262166.109076418,810244.2356074195,1.4382776572760144e-07,0.11653561810108344
0.7000000000000002,28.0,28000.0,1.0000000000000002e-10,6.73224255735789e-24,0.8859723422313637,29262166.109076418,810244.2356074195,1.243556910630373e-07,0.10075848184880307
0.7000000000000002,29.0,29000.0,1.0000000000000002e-10,6.73224255735789e-24,0.8859723422313637,29262166.109076418,810244.2356074195,1.0807016114676101e-07,0.08756322511032802
0.7000000000000002,30.0,30000.0,1.0000000000000002e-10,6.73224255735789e-24,0.8859723422313637,29262166.109076418,810244.2356074195,9.43653970938793e-08,0.07645901903612085
0.7000000000000002,31.0,31000.0,1.0000000000000002e-10,6.73224255735789e-24,0.8859723422313637,29262166.109076418,810244.2356074195,8.276581869393577e-08,0.06706052750209025
0.7000000000000002,32.0,32000.0,1.0000000000000002e-10,6.73224255735789e-24,0.8859723422313637,29262166.109076418,810244.2356074195,7.289502300838685e-08,0.05906277219701566
0.7000000000000002,33.0,33000.0,1.0000000000000002e-10,6.73224255735789e-24,0.8859723422313637,29262166.109076418,810244.2356074195,6.445283593598753e-08,0.052222538785684634
0.7000000000000002,34.0,34000.0,1.0000000000000002e-10,6.73224255735789e-24,0.8859723422313637,29262166.109076418,810244.2356074195,5.7198168459161666e-08,0.04634448628133785
0.7000000000000002,35.0,35000.0,1.0000000000000002e-10,6.73224255735789e-24,0.8859723422313637,29262166.109076418,810244.2356074195,5.093609105942007e-08,0.04127067416526973
0.7000000000000002,36.0,36000.0,1.0000000000000002e-10,6.73224255735789e-24,0.8859723422313637,29262166.109076418,810244.2356074195,4.550800399974891e-08,0.03687259791479595
0.7000000000000002,37.0,37000.0,1.0000000000000002e-10,6.73224255735789e-24,0.8859723422313637,29262166.109076418,810244.2356074195,4.0784101070314805e-08,0.033045082796652955
0.7000000000000002,38.0,38000.0,1.0000000000000002e-10,6.73224255735789e-24,0.8859723422313637,29262166.109076418,810244.2356074195,3.66575473475314e-08,0.029701566429843368
0.7000000000000002,39.0,39000.0,1.0000000000000002e-10,6.73224255735789e-24,0.8859723422313637,29262166.109076418,810244.2356074195,3.303994856408364e-08,0.02677042786881441
0.7000000000000002,40.0,40000.0,1.0000000000000002e-10,6.73224255735789e-24,0.8859723422313637,29262166.109076418,810244.2356074195,2.9857801424235255e-08,0.024192111491897615
0.7000000000000002,41.0,41000.0,1.0000000000000002e-10,6.73224255735789e-24,0.8859723422313637,29262166.109076418,810244.2356074195,2.7049694452588966e-08,0.021916859005152202
0.7000000000000002,42.0,42000.0,1.0000000000000002e-10,6.73224255735789e-24,0.8859723422313637,29262166.109076418,810244.2356074195,2.456408712356292e-08,0.01990290999482529
0.7000000000000002,43.0,43000.0,1.0000000000000002e-10,6.73224255735789e-24,0.8859723422313637,29262166.109076418,810244.2356074195,2.2357537524425155e-08,0.01811506590154206
0.7000000000000002,44.0,44000.0,1.0000000000000002e-10,6.73224255735789e-24,0.8859723422313637,29262166.109076418,810244.2356074195,2.0393280120371047e-08,0.016523537662658024
0.7000000000000002,45.0,45000.0,1.0000000000000002e-10,6.73224255735789e-24,0.8859723422313637,29262166.109076418,810244.2356074195,1.8640078438297147e-08,0.015103016105900414
0.7000000000000002,46.0,46000.0,1.0000000000000002e-10,6.73224255735789e-24,0.8859723422313637,29262166.109076418,810244.2356074195,1.7071294870578794e-08,0.013831918263240976
0.7000000000000002,47.0,47000.0,1.0000000000000002e-10,6.73224255735789e-24,0.8859723422313637,29262166.109076418,810244.2356074195,1.566413289025292e-08,0.012691773380116015
0.7000000000000002,48.0,48000.0,1.0000000000000002e-10,6.73224255735789e-24,0.8859723422313637,29262166.109076418,810244.2356074195,1.4399016890545553e-08,0.011666720433978404
0.7000000000000002,49.0,49000.0,1.0000000000000002e-10,6.73224255735789e-24,0.8859723422313637,29262166.109076418,810244.2356074195,1.325908242904521e-08,0.010743095107577504
0.7000000000000002,50.0,50000.0,1.0000000000000002e-10,6.73224255735789e-24,0.8859723422313637,29262166.109076418,810244.2356074195,1.2229755463366762e-08,0.009909088867081264
0.7000000000000002,51.0,51000.0,1.0000000000000002e-10,6.73224255735789e-24,0.8859723422313637,29262166.109076418,810244.2356074195,1.1298403646254152e-08,0.009154466425943277
0.7000000000000002,52.0,52000.0,1.0000000000000002e-10,6.73224255735789e-24,0.8859723422313637,29262166.109076418,810244.2356074195,1.0454046225354597e-08,0.008470330692867064
0.7000000000000002,53.0,53000.0,1.0000000000000002e-10,6.73224255735789e-24,0.8859723422313637,29262166.109076418,810244.2356074195,9.687111805483376e-09,0.007848926500077487
0.7000000000000002,54.0,54000.0,1.0000000000000002e-10,6.73224255735789e-24,0.8859723422313637,29262166.109076418,810244.2356074195,8.98923535797509e-09,0.007283476131317715
0.7000000000000002,55.0,55000.0,1.0000000000000002e-10,6.73224255735789e-24,0.8859723422313637,29262166.109076418,810244.2356074195,8.353087537303983e-09,0.006768041026624728
0.7000000000000002,56.0,56000.0,1.0000000000000002e-10,6.73224255735789e-24,0.8859723422313637,29262166.109076418,810244.2356074195,7.772230691439831e-09,0.006297405115550192
0.7000000000000002,57.0,57000.0,1.0000000000000002e-10,6.73224255735789e-24,0.8859723422313637,29262166.109076418,810244.2356074195,7.2409970069197835e-09,0.005866976084907332
0.7000000000000002,58.0,58000.0,1.0000000000000002e-10,6.73224255735789e-24,0.8859723422313637,29262166.109076418,810244.2356074195,6.754385071672563e-09,0.005472701569395501
0.7000000000000002,59.0,59000.0,1.0000000000000002e-10,6.73224255735789e-24,0.8859723422313637,29262166.109076418,810244.2356074195,6.307971813833247e-09,0.005110997800532467
0.7000000000000002,60.0,60000.0,1.0000000000000002e-10,6.73224255735789e-24,0.8859723422313637,29262166.109076418,810244.2356074195,5.8978373183674565e-09,0.004778688689757553
0.7000000000000002,61.0,61000.0,1.0000000000000002e-10,6.73224255735789e-24,0.8859723422313637,29262166.109076418,810244.2356074195,5.520500462632947e-09,0.004472953677516438
0.7000000000000002,62.0,62000.0,1.0000000000000002e-10,6.73224255735789e-24,0.8859723422313637,29262166.109076418,810244.2356074195,5.1728636683709855e-09,0.004191282968880641
0.7000000000000002,63.0,63000.0,1.0000000000000002e-10,6.73224255735789e-24,0.8859723422313637,29262166.109076418,810244.2356074195,4.852165357740823e-09,0.003931439011323514
0.7000000000000002,64.0,64000.0,1.0000000000000002e-10,6.73224255735789e-24,0.8859723422313637,29262166.109076418,810244.2356074195,4.555938938024178e-09,0.0036914232623134788
0.7000000000000002,65.0,65000.0,1.0000000000000002e-10,6.73224255735789e-24,0.8859723422313637,29262166.109076418,810244.2356074195,4.2819773339052425e-09,0.0034694474517983492
0.7000000000000002,66.0,66000.0,1.0000000000000002e-10,6.73224255735789e-24,0.8859723422313637,29262166.109076418,810244.2356074195,4.02830224599922e-09,0.0032639086741052896
0.7000000000000002,67.0,67000.0,1.0000000000000002e-10,6.73224255735789e-24,0.8859723422313637,29262166.109076418,810244.2356074195,3.793137446102489e-09,0.0030733677505711907
0.7000000000000002,68.0,68000.0,1.0000000000000002e-10,6.73224255735789e-24,0.8859723422313637,29262166.109076418,810244.2356074195,3.574885528697604e-09,0.002896530392583616
0.7000000000000002,69.0,69000.0,1.0000000000000002e-10,6.73224255735789e-24,0.8859723422313637,29262166.109076418,810244.2356074195,3.3721076287563057e-09,0.0027322307680476008
0.7000000000000002,70.0,70000.0,1.0000000000000002e-10,6.73224255735789e-24,0.8859723422313637,29262166.109076418,810244.2356074195,3.1835056912137543e-09,0.002579417135329358
0.7000000000000002,71.0,71000.0,1.0000000000000002e-10,6.73224255735789e-24,0.8859723422313637,29262166.109076418,810244.2356074195,3.0079069403571636e-09,0.002437139259667942
0.7000000000000002,72.0,72000.0,1.0000000000000002e-10,6.73224255735789e-24,0.8859723422313637,29262166.109076418,810244.2356074195,2.8442502499843068e-09,0.0023045373696747467
0.7000000000000002,73.0,73000.0,1.0000000000000002e-10,6.73224255735789e-24,0.8859723422313637,29262166.109076418,810244.2356074195,2.691574159330581e-09,0.0021808324473074894
0.7000000000000002,74.0,74000.0,1.0000000000000002e-10,6.73224255735789e-24,0.8859723422313637,29262166.109076418,810244.2356074195,2.5490063168946753e-09,0.0020653176747908097
0.7000000000000002,75.0,75000.0,1.0000000000000002e-10,6.73224255735789e-24,0.8859723422313637,29262166.109076418,810244.2356074195,2.4157541656033107e-09,0.001957350887324694
0.7000000000000002,76.0,76000.0,1.0000000000000002e-10,6.73224255735789e-24,0.8859723422313637,29262166.109076418,810244.2356074195,2.2910967092207124e-09,0.0018563479018652105
0.7000000000000002,77.0,77000.0,1.0000000000000002e-10,6.73224255735789e-24,0.8859723422313637,29262166.109076418,810244.2356074195,2.1743772223302734e-09,0.0017617766104291764
0.7000000000000002,78.0,78000.0,1.0000000000000002e-10,6.73224255735789e-24,0.8859723422313637,29262166.109076418,810244.2356074195,2.0649967852552277e-09,0.0016731517418009005
0.7000000000000002,79.0,79000.0,1.0000000000000002e-10,6.73224255735789e-24,0.8859723422313637,29262166.109076418,810244.2356074195,1.9624085414878156e-09,0.0015900302086472662
0.7000000000000002,80.0,80000.0,1.0000000000000002e-10,6.73224255735789e-24,0.8859723422313637,29262166.109076418,810244.2356074195,1.8661125890147034e-09,0.001512006968243601
0.7000000000000002,81.0,81000.0,1.0000000000000002e-10,6.73224255735789e-24,0.8859723422313637,29262166.109076418,810244.2356074195,1.7756514287358202e-09,0.001438711334581277
0.7000000000000002,82.0,82000.0,1.0000000000000002e-10,6.73224255735789e-24,0.8859723422313637,29262166.109076418,810244.2356074195,1.6906059032868104e-09,0.0013698036878220126
0.7000000000000002,83.0,83000.0,1.0000000000000002e-10,6.73224255735789e-24,0.8859723422313637,29262166.109076418,810244.2356074195,1.6105915682529572e-09,0.0013049725340948724
0.7000000000000002,84.0,84000.0,1.0000000000000002e-10,6.73224255735789e-24,0.8859723422313637,29262166.109076418,810244.2356074195,1.5352554452226824e-09,0.0012439318746765807
0.7000000000000002,85.0,85000.0,1.0000000000000002e-10,6.73224255735789e-24,0.8859723422313637,29262166.109076418,810244.2356074195,1.4642731125545384e-09,0.0011864188488022488
0.7000000000000002,86.0,86000.0,1.0000000000000002e-10,6.73224255735789e-24,0.8859723422313637,29262166.109076418,810244.2356074195,1.3973460952765722e-09,0.0011321916188463787
0.7000000000000002,87.0,87000.0,1.0000000000000002e-10,6.73224255735789e-24,0.8859723422313637,29262166.109076418,810244.2356074195,1.3341995203303825e-09,0.0010810274704978766
0.7000000000000002,88.0,88000.0,1.0000000000000002e-10,6.73224255735789e-24,0.8859723422313637,29262166.109076418,810244.2356074195,1.2745800075231905e-09,0.0010327211039161265
0.7000000000000002,89.0,89000.0,1.0000000000000002e-10,6.73224255735789e-24,0.8859723422313637,29262166.109076418,810244.2356074195,1.2182537701521093e-09,0.0009870830947727527
0.7000000000000002,90.0,90000.0,1.0000000000000002e-10,6.73224255735789e-24,0.8859723422313637,29262166.109076418,810244.2356074195,1.1650049023935717e-09,0.0009439385066187759
0.7000000000000002,91.0,91000.0,1.0000000000000002e-10,6.73224255735789e-24,0.8859723422313637,29262166.109076418,810244.2356074195,1.1146338332739592e-09,0.0009031256382232269
0.7000000000000002,92.0,92000.0,1.0000000000000002e-10,6.73224255735789e-24,0.8859723422313637,29262166.109076418,810244.2356074195,1.0669559294111747e-09,0.000864494891452561
0.7000000000000002,93.0,93000.0,1.0000000000000002e-10,6.73224255735789e-24,0.8859723422313637,29262166.109076418,810244.2356074195,1.0218002307893306e-09,0.000827907746939386
0.7000000000000002,94.0,94000.0,1.0000000000000002e-10,6.73224255735789e-24,0.8859723422313637,29262166.109076418,810244.2356074195,9.790083056408074e-10,0.0007932358362572509
0.7000000000000002,95.0,95000.0,1.0000000000000002e-10,6.73224255735789e-24,0.8859723422313637,29262166.109076418,810244.2356074195,9.384332120968039e-10,0.0007603601006039903
0.7000000000000002,96.0,96000.0,1.0000000000000002e-10,6.73224255735789e-24,0.8859723422313637,29262166.109076418,810244.2356074195,8.999385556590971e-10,0.0007291700271236502
0.7000000000000002,97.0,97000.0,1.0000000000000002e-10,6.73224255735789e-24,0.8859723422313637,29262166.109076418,810244.2356074195,8.633976327678775e-10,0.0006995629549872643
0.7000000000000002,98.0,98000.0,1.0000000000000002e-10,6.73224255735789e-24,0.8859723422313637,29262166.109076418,810244.2356074195,8.286926518153256e-10,0.000671443444223594
0.7000000000000002,99.0,99000.0,1.0000000000000002e-10,6.73224255735789e-24,0.8859723422313637,29262166.109076418,810244.2356074195,7.957140239010804e-10,0.0006447227010578349
0.7000000000000002,100.0,100000.0,1.0000000000000002e-10,6.73224255735789e-24,0.8859723422313637,29262166.109076418,810244.2356074195,7.643597164604226e-10,0.000619318054192579
0.7500000000000002,1.0,1000.0,1.0000000000000002e-10,8.900653241063567e-24,0.8782234288868788,22133206.93037805,1147203.758271183,0.0727257550676843,83431.25953675696
0.7500000000000002,2.0,2000.0,1.0000000000000002e-10,8.900653241063567e-24,0.8782234288868788,22133206.93037805,1147203.758271183,0.004545359691730269,5214.45372104731
0.7500000000000002,3.0,3000.0,1.0000000000000002e-10,8.900653241063567e-24,0.8782234288868788,22133206.93037805,1147203.758271183,0.0008978488279961027,1030.015549836506
0.7500000000000002,4.0,4000.0,1.0000000000000002e-10,8.900653241063567e-24,0.8782234288868788,22133206.93037805,1147203.758271183,0.0002840849807331418,325.9033575654569
0.7500000000000002,5.0,5000.0,1.0000000000000002e-10,8.900653241063567e-24,0.8782234288868788,22133206.93037805,1147203.758271183,0.00011636120810829489,133.49001525881113
0.7500000000000002,6.0,6000.0,1.0000000000000002e-10,8.900653241063567e-24,0.8782234288868788,22133206.93037805,1147203.758271183,5.611555174975642e-05,64.37597186478162
0.7500000000000002,7.0,7000.0,1.0000000000000002e-10,8.900653241063567e-24,0.8782234288868788,22133206.93037805,1147203.758271183,3.028977720436664e-05,34.74854624604621
0.7500000000000002,8.0,8000.0,1.0000000000000002e-10,8.900653241063567e-24,0.8782234288868788,22133206.93037805,1147203.758271183,1.7755311295821364e-05,20.368959847841055
0.7500000000000002,9.0,9000.0,1.0000000000000002e-10,8.900653241063567e-24,0.8782234288868788,22133206.93037805,1147203.758271183,1.108455343205065e-05,12.716241356006243
0.7500000000000002,10.0,10000.0,1.0000000000000002e-10,8.900653241063567e-24,0.8782234288868788,22133206.93037805,1147203.758271183,7.27257550676843e-06,8.343125953675695
0.7500000000000002,11.0,11000.0,1.0000000000000002e-10,8.900653241063567e-24,0.8782234288868788,22133206.93037805,1147203.758271183,4.967266926281286e-06,5.6984672861660375
0.7500000000000002,12.0,12000.0,1.0000000000000002e-10,8.900653241063567e-24,0.8782234288868788,22133206.93037805,1147203.758271183,3.507221984359776e-06,4.023498241548851
0.7500000000000002,13.0,13000.0,1.0000000000000002e-10,8.900653241063567e-24,0.8782234288868788,22133206.93037805,1147203.758271183,2.546330838124867e-06,2.9211603072986585
0.7500000000000002,14.0,14000.0,1.0000000000000002e-10,8.900653241063567e-24,0.8782234288868788,22133206.93037805,1147203.758271183,1.893111075272915e-06,2.171784140377888
0.7500000000000002,15.0,15000.0,1.0000000000000002e-10,8.900653241063567e-24,0.8782234288868788,22133206.93037805,1147203.758271183,1.4365581247937638e-06,1.6480248797384087
0.7500000000000002,16.0,16000.0,1.0000000000000002e-10,8.900653241063567e-24,0.8782234288868788,22133206.93037805,1147203.758271183,1.1097069559888352e-06,1.273059990490066
0.7500000000000002,17.0,17000.0,1.0000000000000002e-10,8.900653241063567e-24,0.8782234288868788,22133206.93037805,1147203.758271183,8.707481360099174e-07,0.9989255341382043
0.7500000000000002,18.0,18000.0,1.0000000000000002e-10,8.900653241063567e-24,0.8782234288868788,22133206.93037805,1147203.758271183,6.927845895031656e-07,0.7947650847503902
0.7500000000000002,19.0,19000.0,1.0000000000000002e-10,8.900653241063567e-24,0.8782234288868788,22133206.93037805,1147203.758271183,5.580509286123057e-07,0.6401981226107607
0.7500000000000002,20.0,20000.0,1.0000000000000002e-10,8.900653241063567e-24,0.8782234288868788,22133206.93037805,1147203.758271183,4.545359691730269e-07,0.521445372104731
0.7500000000000002,21.0,21000.0,1.0000000000000002e-10,8.900653241063567e-24,0.8782234288868788,22133206.93037805,1147203.758271183,3.7394786672057577e-07,0.4289943980993359
0.7500000000000002,22.0,22000.0,1.0000000000000002e-10,8.900653241063567e-24,0.8782234288868788,22133206.93037805,1147203.758271183,3.1045418289258035e-07,0.35615420538537734
0.7500000000000002,23.0,23000.0,1.0000000000000002e-10,8.900653241063567e-24,0.8782234288868788,22133206.93037805,1147203.758271183,2.5988241561345297e-07,0.2981380839003468
0.7500000000000002,24.0,24000.0,1.0000000000000002e-10,8.900653241063567e-24,0.8782234288868788,22133206.93037805,1147203.758271183,2.19201374022486e-07,0.2514686400968032
0.7500000000000002,25.0,25000.0,1.0000000000000002e-10,8.900653241063567e-24,0.8782234288868788,22133206.93037805,1147203.758271183,1.8617793297327186e-07,0.21358402441409785
0.7500000000000002,26.0,26000.0,1.0000000000000002e-10,8.900653241063567e-24,0.8782234288868788,22133206.93037805,1147203.758271183,1.5914567738280419e-07,0.18257251920616616
0.7500000000000002,27.0,27000.0,1.0000000000000002e-10,8.900653241063567e-24,0.8782234288868788,22133206.93037805,1147203.758271183,1.368463386672919e-07,0.15699063402476837
0.7500000000000002,28.0,28000.0,1.0000000000000002e-10,8.900653241063567e-24,0.8782234288868788,22133206.93037805,1147203.758271183,1.1831944220455719e-07,0.135736508773618
0.7500000000000002,29.0,29000.0,1.0000000000000002e-10,8.900653241063567e-24,0.8782234288868788,22133206.93037805,1147203.758271183,1.0282441500292574e-07,0.11796055533339221
0.7500000000000002,30.0,30000.0,1.0000000000000002e-10,8.900653241063567e-24,0.8782234288868788,22133206.93037805,1147203.758271183,8.978488279961023e-08,0.10300155498365055
0.7500000000000002,31.0,31000.0,1.0000000000000002e-10,8.900653241063567e-24,0.8782234288868788,22133206.93037805,1147203.758271183,7.874835013787916e-08,0.09034040323583
0.7500000000000002,32.0,32000.0,1.0000000000000002e-10,8.900653241063567e-24,0.8782234288868788,22133206.93037805,1147203.758271183,6.93566847493022e-08,0.07956624940562912
0.7500000000000002,33.0,33000.0,1.0000000000000002e-10,8.900653241063567e-24,0.8782234288868788,22133206.93037805,1147203.758271183,6.132428304050972e-08,0.07035144797735851
0.7500000000000002,34.0,34000.0,1.0000000000000002e-10,8.900653241063567e-24,0.8782234288868788,22133206.93037805,1147203.758271183,5.4421758500619836e-08,0.06243284588363777
0.7500000000000002,35.0,35000.0,1.0000000000000002e-10,8.900653241063567e-24,0.8782234288868788,22133206.93037805,1147203.758271183,4.8463643526986616e-08,0.05559767399367393
0.7500000000000002,36.0,36000.0,1.0000000000000002e-10,8.900653241063567e-24,0.8782234288868788,22133206.93037805,1147203.758271183,4.329903684394785e-08,0.04967281779689939
0.7500000000000002,37.0,37000.0,1.0000000000000002e-10,8.900653241063567e-24,0.8782234288868788,22133206.93037805,1147203.758271183,3.880443305974477e-08,0.04451659144372174
0.7500000000000002,38.0,38000.0,1.0000000000000002e-10,8.900653241063567e-24,0.8782234288868788,22133206.93037805,1147203.758271183,3.4878183038269106e-08,0.040012382663172544
0.7500000000000002,39.0,39000.0,1.0000000000000002e-10,8.900653241063567e-24,0.8782234288868788,22133206.93037805,1147203.758271183,3.143618318672673e-08,0.03606370749751428
0.7500000000000002,40.0,40000.0,1.0000000000000002e-10,8.900653241063567e-24,0.8782234288868788,22133206.93037805,1147203.758271183,2.840849807331418e-08,0.032590335756545685
0.7500000000000002,41.0,41000.0,1.0000000000000002e-10,8.900653241063567e-24,0.8782234288868788,22133206.93037805,1147203.758271183,2.5736697147311573e-08,0.029525235692883067
0.7500000000000002,42.0,42000.0,1.0000000000000002e-10,8.900653241063567e-24,0.8782234288868788,22133206.93037805,1147203.758271183,2.3371741670035986e-08,0.026812149881208495
0.7500000000000002,43.0,43000.0,1.0000000000000002e-10,8.900653241063567e-24,0.8782234288868788,22133206.93037805,1147203.758271183,2.127229840744878e-08,0.024403660680091338
0.7500000000000002,44.0,44000.0,1.0000000000000002e-10,8.900653241063567e-24,0.8782234288868788,22133206.93037805,1147203.758271183,1.9403386430786272e-08,0.022259637836586084
0.7500000000000002,45.0,45000.0,1.0000000000000002e-10,8.900653241063567e-24,0.8782234288868788,22133206.93037805,1147203.758271183,1.7735285491281033e-08,0.020345986169609982
0.7500000000000002,46.0,46000.0,1.0000000000000002e-10,8.900653241063567e-24,0.8782234288868788,22133206.93037805,1147203.758271183,1.624265097584081e-08,0.018633630243771675
0.7500000000000002,47.0,47000.0,1.0000000000000002e-10,8.900653241063567e-24,0.8782234288868788,22133206.93037805,1147203.758271183,1.4903792905250222e-08,0.017097687233398447
0.7500000000000002,48.0,48000.0,1.0000000000000002e-10,8.900653241063567e-24,0.8782234288868788,22133206.93037805,1147203.758271183,1.3700085876405376e-08,0.0157167900060502
0.7500000000000002,49.0,49000.0,1.0000000000000002e-10,8.900653241063567e-24,0.8782234288868788,22133206.93037805,1147203.758271183,1.261548405013188e-08,0.014472530714721456
0.7500000000000002,50.0,50000.0,1.0000000000000002e-10,8.900653241063567e-24,0.8782234288868788,22133206.93037805,1147203.758271183,1.1636120810829491e-08,0.013349001525881116
0.7500000000000002,51.0,51000.0,1.0000000000000002e-10,8.900653241063567e-24,0.8782234288868788,22133206.93037805,1147203.758271183,1.0749976987776755e-08,0.012332414001706224
0.7500000000000002,52.0,52000.0,1.0000000000000002e-10,8.900653241063567e-24,0.8782234288868788,22133206.93037805,1147203.758271183,9.946604836425262e-09,0.011410782450385385
0.7500000000000002,53.0,53000.0,1.0000000000000002e-10,8.900653241063567e-24,0.8782234288868788,22133206.93037805,1147203.758271183,9.216897558930098e-09,0.0105736595192051
0.7500000000000002,54.0,54000.0,1.0000000000000002e-10,8.900653241063567e-24,0.8782234288868788,22133206.93037805,1147203.758271183,8.552896166705744e-09,0.009811914626548023
0.7500000000000002,55.0,55000.0,1.0000000000000002e-10,8.900653241063567e-24,0.8782234288868788,22133206.93037805,1147203.758271183,7.947627082050058e-09,0.009117547657865661
0.7500000000000002,56.0,56000.0,1.0000000000000002e-10,8.900653241063567e-24,0.8782234288868788,22133206.93037805,1147203.758271183,7.394965137784824e-09,0.008483531798351126
0.7500000000000002,57.0,57000.0,1.0000000000000002e-10,8.900653241063567e-24,0.8782234288868788,22133206.93037805,1147203.758271183,6.889517637188959e-09,0.007903680526058774
0.7500000000000002,58.0,58000.0,1.0000000000000002e-10,8.900653241063567e-24,0.8782234288868788,22133206.93037805,1147203.758271183,6.4265259376828585e-09,0.007372534708337013
0.7500000000000002,59.0,59000.0,1.0000000000000002e-10,8.900653241063567e-24,0.8782234288868788,22133206.93037805,1147203.758271183,6.001781664149834e-09,0.006885266481435764
0.7500000000000002,60.0,60000.0,1.0000000000000002e-10,8.900653241063567e-24,0.8782234288868788,22133206.93037805,1147203.758271183,5.61155517497564e-09,0.006437597186478159
0.7500000000000002,61.0,61000.0,1.0000000000000002e-10,8.900653241063567e-24,0.8782234288868788,22133206.93037805,1147203.758271183,5.252534321872126e-09,0.006025727114500082
0.7500000000000002,62.0,62000.0,1.0000000000000002e-10,8.900653241063567e-24,0.8782234288868788,22133206.93037805,1147203.758271183,4.9217718836174475e-09,0.005646275202239375
0.7500000000000002,63.0,63000.0,1.0000000000000002e-10,8.900653241063567e-24,0.8782234288868788,22133206.93037805,1147203.758271183,4.616640329883651e-09,0.0052962271370288385
0.7500000000000002,64.0,64000.0,1.0000000000000002e-10,8.900653241063567e-24,0.8782234288868788,22133206.93037805,1147203.758271183,4.334792796831388e-09,0.00497289058785182
0.7500000000000002,65.0,65000.0,1.0000000000000002e-10,8.900653241063567e-24,0.8782234288868788,22133206.93037805,1147203.758271183,4.0741293409997866e-09,0.004673856491677853
0.7500000000000002,66.0,66000.0,1.0000000000000002e-10,8.900653241063567e-24,0.8782234288868788,22133206.93037805,1147203.758271183,3.832767690031857e-09,0.004396965498584907
0.7500000000000002,67.0,67000.0,1.0000000000000002e-10,8.900653241063567e-24,0.8782234288868788,22133206.93037805,1147203.758271183,3.6090178341782713e-09,0.004140278823037038
0.7500000000000002,68.0,68000.0,1.0000000000000002e-10,8.900653241063567e-24,0.8782234288868788,22133206.93037805,1147203.758271183,3.4013599062887398e-09,0.0039020528677273605
0.7500000000000002,69.0,69000.0,1.0000000000000002e-10,8.900653241063567e-24,0.8782234288868788,22133206.93037805,1147203.758271183,3.2084248841167044e-09,0.003680717085189468
0.7500000000000002,70.0,70000.0,1.0000000000000002e-10,8.900653241063567e-24,0.8782234288868788,22133206.93037805,1147203.758271183,3.0289777204366635e-09,0.0034748546246046205
0.7500000000000002,71.0,71000.0,1.0000000000000002e-10,8.900653241063567e-24,0.8782234288868788,22133206.93037805,1147203.758271183,2.8619025662916326e-09,0.003283185379855704
0.7500000000000002,72.0,72000.0,1.0000000000000002e-10,8.900653241063567e-24,0.8782234288868788,22133206.93037805,1147203.758271183,2.7061898027467406e-09,0.0031045511123062117
0.7500000000000002,73.0,73000.0,1.0000000000000002e-10,8.900653241063567e-24,0.8782234288868788,22133206.93037805,1147203.758271183,2.5609246385254735e-09,0.0029379023699656935
0.7500000000000002,74.0,74000.0,1.0000000000000002e-10,8.900653241063567e-24,0.8782234288868788,22133206.93037805,1147203.758271183,2.425277066234048e-09,0.002782286965232609
0.7500000000000002,75.0,75000.0,1.0000000000000002e-10,8.900653241063567e-24,0.8782234288868788,22133206.93037805,1147203.758271183,2.2984929996700225e-09,0.0026368398075814546
0.7500000000000002,76.0,76000.0,1.0000000000000002e-10,8.900653241063567e-24,0.8782234288868788,22133206.93037805,1147203.758271183,2.179886439891819e-09,0.002500773916448284
0.7500000000000002,77.0,77000.0,1.0000000000000002e-10,8.900653241063567e-24,0.8782234288868788,22133206.93037805,1147203.758271183,2.0688325390592602e-09,0.002373372464042497
0.7500000000000002,78.0,78000.0,1.0000000000000002e-10,8.900653241063567e-24,0.8782234288868788,22133206.93037805,1147203.758271183,1.9647614491704208e-09,0.0022539817185946425
0.7500000000000002,79.0,79000.0,1.0000000000000002e-10,8.900653241063567e-24,0.8782234288868788,22133206.93037805,1147203.758271183,1.8671528582362723e-09,0.0021420047762354326
0.7500000000000002,80.0,80000.0,1.0000000000000002e-10,8.900653241063567e-24,0.8782234288868788,22133206.93037805,1147203.758271183,1.7755311295821363e-09,0.0020368959847841053
0.7500000000000002,81.0,81000.0,1.0000000000000002e-10,8.900653241063567e-24,0.8782234288868788,22133206.93037805,1147203.758271183,1.6894609712011348e-09,0.0019381559756144245
0.7500000000000002,82.0,82000.0,1.0000000000000002e-10,8.900653241063567e-24,0.8782234288868788,22133206.93037805,1147203.758271183,1.6085435717069733e-09,0.0018453272308051917
0.7500000000000002,83.0,83000.0,1.0000000000000002e-10,8.900653241063567e-24,0.8782234288868788,22133206.93037805,1147203.758271183,1.5324131476898287e-09,0.0017579901222539447
0.7500000000000002,84.0,84000.0,1.0000000000000002e-10,8.900653241063567e-24,0.8782234288868788,22133206.93037805,1147203.758271183,1.460733854377249e-09,0.001675759367575531
0.7500000000000002,85.0,85000.0,1.0000000000000002e-10,8.900653241063567e-24,0.8782234288868788,22133206.93037805,1147203.758271183,1.3931970176158676e-09,0.0015982808546211268
0.7500000000000002,86.0,86000.0,1.0000000000000002e-10,8.900653241063567e-24,0.8782234288868788,22133206.93037805,1147203.758271183,1.3295186504655488e-09,0.0015252287925057086
0.7500000000000002,87.0,87000.0,1.0000000000000002e-10,8.900653241063567e-24,0.8782234288868788,22133206.93037805,1147203.758271183,1.2694372222583422e-09,0.001456303152264101
0.7500000000000002,88.0,88000.0,1.0000000000000002e-10,8.900653241063567e-24,0.8782234288868788,22133206.93037805,1147203.758271183,1.212711651924142e-09,0.0013912273647866302
0.7500000000000002,89.0,89000.0,1.0000000000000002e-10,8.900653241063567e-24,0.8782234288868788,22133206.93037805,1147203.758271183,1.1591195008110134e-09,0.0013297462476158121
0.7500000000000002,90.0,90000.0,1.0000000000000002e-10,8.900653241063567e-24,0.8782234288868788,22133206.93037805,1147203.758271183,1.1084553432050646e-09,0.0012716241356006239
0.7500000000000002,91.0,91000.0,1.0000000000000002e-10,8.900653241063567e-24,0.8782234288868788,22133206.93037805,1147203.758271183,1.0605292953456336e-09,0.0012166431933772002
0.7500000000000002,92.0,92000.0,1.0000000000000002e-10,8.900653241063567e-24,0.8782234288868788,22133206.93037805,1147203.758271183,1.0151656859900506e-09,0.0011646018902357297
0.7500000000000002,93.0,93000.0,1.0000000000000002e-10,8.900653241063567e-24,0.8782234288868788,22133206.93037805,1147203.758271183,9.722018535540638e-10,0.001115313620195432
0.7500000000000002,94.0,94000.0,1.0000000000000002e-10,8.900653241063567e-24,0.8782234288868788,22133206.93037805,1147203.758271183,9.314870565781389e-10,0.001068605452087403
0.7500000000000002,95.0,95000.0,1.0000000000000002e-10,8.900653241063567e-24,0.8782234288868788,22133206.93037805,1147203.758271183,8.928814857796891e-10,0.001024316996177217
0.7500000000000002,96.0,96000.0,1.0000000000000002e-10,8.900653241063567e-24,0.8782234288868788,22133206.93037805,1147203.758271183,8.56255367275336e-10,0.0009822993753781375
0.7500000000000002,97.0,97000.0,1.0000000000000002e-10,8.900653241063567e-24,0.8782234288868788,22133206.93037805,1147203.758271183,8.214881477201231e-10,0.0009424142904397579
0.7500000000000002,98.0,98000.0,1.0000000000000002e-10,8.900653241063567e-24,0.8782234288868788,22133206.93037805,1147203.758271183,7.884677531332425e-10,0.000904533169670091
0.7500000000000002,99.0,99000.0,1.0000000000000002e-10,8.900653241063567e-24,0.8782234288868788,22133206.93037805,1147203.758271183,7.570899140803666e-10,0.0008685363947822035
0.7500000000000002,100.0,100000.0,1.0000000000000002e-10,8.900653241063567e-24,0.8782234288868788,22133206.93037805,1147203.758271183,7.272575506768432e-10,0.0008343125953675697
0.8000000000000002,1.0,1000.0,1.0000000000000002e-10,1.1716837072198252e-23,0.8722624800115933,16813411.22916544,1613690.5777380927,0.06901553848932634,111369.72417774661
0.8000000000000002,2.0,2000.0,1.0000000000000002e-10,1.1716837072198252e-23,0.8722624800115933,16813411.22916544,1613690.5777380927,0.0043134711555828965,6960.607761109163
0.8000000000000002,3.0,3000.0,1.0000000000000002e-10,1.1716837072198252e-23,0.8722624800115933,16813411.22916544,1613690.5777380927,0.0008520436850534118,1374.9348663919336
0.8000000000000002,4.0,4000.0,1.0000000000000002e-10,1.1716837072198252e-23,0.8722624800115933,16813411.22916544,1613690.5777380927,0.00026959194722393103,435.0379850693227
0.8000000000000002,5.0,5000.0,1.0000000000000002e-10,1.1716837072198252e-23,0.8722624800115933,16813411.22916544,1613690.5777380927,0.00011042486158292215,178.19155868439458
0.8000000000000002,6.0,6000.0,1.0000000000000002e-10,1.1716837072198252e-23,0.8722624800115933,16813411.22916544,1613690.5777380927,5.325273031583824e-05,85.93342914949585
0.8000000000000002,7.0,7000.0,1.0000000000000002e-10,1.1716837072198252e-23,0.8722624800115933,16813411.22916544,1613690.5777380927,2.874449749659573e-05,46.38472477207272
0.8000000000000002,8.0,8000.0,1.0000000000000002e-10,1.1716837072198252e-23,0.8722624800115933,16813411.22916544,1613690.5777380927,1.684949670149569e-05,27.18987406683267
0.8000000000000002,9.0,9000.0,1.0000000000000002e-10,1.1716837072198252e-23,0.8722624800115933,16813411.22916544,1613690.5777380927,1.0519057840165578e-05,16.974504523357204
0.8000000000000002,10.0,10000.0,1.0000000000000002e-10,1.1716837072198252e-23,0.8722624800115933,16813411.22916544,1613690.5777380927,6.9015538489326345e-06,11.136972417774661
0.8000000000000002,11.0,11000.0,1.0000000000000002e-10,1.1716837072198252e-23,0.8722624800115933,16813411.22916544,1613690.5777380927,4.713854141747581e-06,7.606702013369756
0.8000000000000002,12.0,12000.0,1.0000000000000002e-10,1.1716837072198252e-23,0.8722624800115933,16813411.22916544,1613690.5777380927,3.32829564473989e-06,5.370839321843491
0.8000000000000002,13.0,13000.0,1.0000000000000002e-10,1.1716837072198252e-23,0.8722624800115933,16813411.22916544,1613690.5777380927,2.416425842558957e-06,3.8993636139402206
0.8000000000000002,14.0,14000.0,1.0000000000000002e-10,1.1716837072198252e-23,0.8722624800115933,16813411.22916544,1613690.5777380927,1.796531093537233e-06,2.899045298254545
0.8000000000000002,15.0,15000.0,1.0000000000000002e-10,1.1716837072198252e-23,0.8722624800115933,16813411.22916544,1613690.5777380927,1.3632698960854584e-06,2.199895786227093
0.8000000000000002,16.0,16000.0,1.0000000000000002e-10,1.1716837072198252e-23,0.8722624800115933,16813411.22916544,1613690.5777380927,1.0530935438434806e-06,1.6993671291770418
0.8000000000000002,17.0,17000.0,1.0000000000000002e-10,1.1716837072198252e-23,0.8722624800115933,16813411.22916544,1613690.5777380927,8.263255766732481e-07,1.3334337972216164
0.8000000000000002,18.0,18000.0,1.0000000000000002e-10,1.1716837072198252e-23,0.8722624800115933,16813411.22916544,1613690.5777380927,6.574411150103486e-07,1.0609065327098253
0.8000000000000002,19.0,19000.0,1.0000000000000002e-10,1.1716837072198252e-23,0.8722624800115933,16813411.22916544,1613690.5777380927,5.295810996641089e-07,0.8545800306761504
0.8000000000000002,20.0,20000.0,1.0000000000000002e-10,1.1716837072198252e-23,0.8722624800115933,16813411.22916544,1613690.5777380927,4.3134711555828966e-07,0.6960607761109163
0.8000000000000002,21.0,21000.0,1.0000000000000002e-10,1.1716837072198252e-23,0.8722624800115933,16813411.22916544,1613690.5777380927,3.5487033946414474e-07,0.5726509231120088
0.8000000000000002,22.0,22000.0,1.0000000000000002e-10,1.1716837072198252e-23,0.8722624800115933,16813411.22916544,1613690.5777380927,2.9461588385922384e-07,0.47541887583560977
0.8000000000000002,23.0,23000.0,1.0000000000000002e-10,1.1716837072198252e-23,0.8722624800115933,16813411.22916544,1613690.5777380927,2.466241132976452e-07,0.397975007871422
0.8000000000000002,24.0,24000.0,1.0000000000000002e-10,1.1716837072198252e-23,0.8722624800115933,16813411.22916544,1613690.5777380927,2.0801847779624312e-07,0.33567745761521817
0.8000000000000002,25.0,25000.0,1.0000000000000002e-10,1.1716837072198252e-23,0.8722624800115933,16813411.22916544,1613690.5777380927,1.7667977853267547e-07,0.28510649389503134
0.8000000000000002,26.0,26000.0,1.0000000000000002e-10,1.1716837072198252e-23,0.8722624800115933,16813411.22916544,1613690.5777380927,1.510266151599348e-07,0.24371022587126379
0.8000000000000002,27.0,27000.0,1.0000000000000002e-10,1.1716837072198252e-23,0.8722624800115933,16813411.22916544,1613690.5777380927,1.2986491160698238e-07,0.20956178423897776
0.8000000000000002,28.0,28000.0,1.0000000000000002e-10,1.1716837072198252e-23,0.8722624800115933,16813411.22916544,1613690.5777380927,1.1228319334607707e-07,0.18119033114090907
0.8000000000000002,29.0,29000.0,1.0000000000000002e-10,1.1716837072198252e-23,0.8722624800115933,16813411.22916544,1613690.5777380927,9.757866885909046e-08,0.15746177852613974
0.8000000000000002,30.0,30000.0,1.0000000000000002e-10,1.1716837072198252e-23,0.8722624800115933,16813411.22916544,1613690.5777380927,8.520436850534115e-08,0.1374934866391933
0.8000000000000002,31.0,31000.0,1.0000000000000002e-10,1.1716837072198252e-23,0.8722624800115933,16813411.22916544,1613690.5777380927,7.473088158182255e-08,0.12059251947464823
0.8000000000000002,32.0,32000.0,1.0000000000000002e-10,1.1716837072198252e-23,0.8722624800115933,16813411.22916544,1613690.5777380927,6.581834649021754e-08,0.10621044557356511
0.8000000000000002,33.0,33000.0,1.0000000000000002e-10,1.1716837072198252e-23,0.8722624800115933,16813411.22916544,1613690.5777380927,5.819573014503189e-08,0.09390990139962664
0.8000000000000002,34.0,34000.0,1.0000000000000002e-10,1.1716837072198252e-23,0.8722624800115933,16813411.22916544,1613690.5777380927,5.1645348542078007e-08,0.08333961232635102
0.8000000000000002,35.0,35000.0,1.0000000000000002e-10,1.1716837072198252e-23,0.8722624800115933,16813411.22916544,1613690.5777380927,4.5991195994553156e-08,0.07421555963531634
0.8000000000000002,36.0,36000.0,1.0000000000000002e-10,1.1716837072198252e-23,0.8722624800115933,16813411.22916544,1613690.5777380927,4.109006968814679e-08,0.06630665829436408
0.8000000000000002,37.0,37000.0,1.0000000000000002e-10,1.1716837072198252e-23,0.8722624800115933,16813411.22916544,1613690.5777380927,3.682476504917473e-08,0.059423776387272295
0.8000000000000002,38.0,38000.0,1.0000000000000002e-10,1.1716837072198252e-23,0.8722624800115933,16813411.22916544,1613690.5777380927,3.3098818729006806e-08,0.0534112519172594
0.8000000000000002,39.0,39000.0,1.0000000000000002e-10,1.1716837072198252e-23,0.8722624800115933,16813411.22916544,1613690.5777380927,2.983241780936982e-08,0.04814029153012615
0.8000000000000002,40.0,40000.0,1.0000000000000002e-10,1.1716837072198252e-23,0.8722624800115933,16813411.22916544,1613690.5777380927,2.6959194722393104e-08,0.04350379850693227
0.8000000000000002,41.0,41000.0,1.0000000000000002e-10,1.1716837072198252e-23,0.8722624800115933,16813411.22916544,1613690.5777380927,2.4423699842034177e-08,0.039412294308593894
0.8000000000000002,42.0,42000.0,1.0000000000000002e-10,1.1716837072198252e-23,0.8722624800115933,16813411.22916544,1613690.5777380927,2.2179396216509046e-08,0.03579068269450055
0.8000000000000002,43.0,43000.0,1.0000000000000002e-10,1.1716837072198252e-23,0.8722624800115933,16813411.22916544,1613690.5777380927,2.0187059290472403e-08,0.03257566736927554
0.8000000000000002,44.0,44000.0,1.0000000000000002e-10,1.1716837072198252e-23,0.8722624800115933,16813411.22916544,1613690.5777380927,1.841349274120149e-08,0.02971367973972561
0.8000000000000002,45.0,45000.0,1.0000000000000002e-10,1.1716837072198252e-23,0.8722624800115933,16813411.22916544,1613690.5777380927,1.683049254426492e-08,0.02715920723737152
0.8000000000000002,46.0,46000.0,1.0000000000000002e-10,1.1716837072198252e-23,0.8722624800115933,16813411.22916544,1613690.5777380927,1.5414007081102826e-08,0.024873437991963874
0.8000000000000002,47.0,47000.0,1.0000000000000002e-10,1.1716837072198252e-23,0.8722624800115933,16813411.22916544,1613690.5777380927,1.414345292024752e-08,0.022823156714085736
0.8000000000000002,48.0,48000.0,1.0000000000000002e-10,1.1716837072198252e-23,0.8722624800115933,16813411.22916544,1613690.5777380927,1.3001154862265195e-08,0.020979841100951135
0.8000000000000002,49.0,49000.0,1.0000000000000002e-10,1.1716837072198252e-23,0.8722624800115933,16813411.22916544,1613690.5777380927,1.1971885671218546e-08,0.01931891910540305
0.8000000000000002,50.0,50000.0,1.0000000000000002e-10,1.1716837072198252e-23,0.8722624800115933,16813411.22916544,1613690.5777380927,1.1042486158292217e-08,0.01781915586843946
0.8000000000000002,51.0,51000.0,1.0000000000000002e-10,1.1716837072198252e-23,0.8722624800115933,16813411.22916544,1613690.5777380927,1.0201550329299356e-08,0.01646214564471131
0.8000000000000002,52.0,52000.0,1.0000000000000002e-10,1.1716837072198252e-23,0.8722624800115933,16813411.22916544,1613690.5777380927,9.439163447495925e-09,0.015231889116953987
0.8000000000000002,53.0,53000.0,1.0000000000000002e-10,1.1716837072198252e-23,0.8722624800115933,16813411.22916544,1613690.5777380927,8.746683312376821e-09,0.014114440447641487
0.8000000000000002,54.0,54000.0,1.0000000000000002e-10,1.1716837072198252e-23,0.8722624800115933,16813411.22916544,1613690.5777380927,8.116556975436399e-09,0.01309761151493611
0.8000000000000002,55.0,55000.0,1.0000000000000002e-10,1.1716837072198252e-23,0.8722624800115933,16813411.22916544,1613690.5777380927,7.542166626796131e-09,0.012170723221391611
0.8000000000000002,56.0,56000.0,1.0000000000000002e-10,1.1716837072198252e-23,0.8722624800115933,16813411.22916544,1613690.5777380927,7.017699584129817e-09,0.011324395696306817
0.8000000000000002,57.0,57000.0,1.0000000000000002e-10,1.1716837072198252e-23,0.8722624800115933,16813411.22916544,1613690.5777380927,6.538038267458134e-09,0.010550370749088276
0.8000000000000002,58.0,58000.0,1.0000000000000002e-10,1.1716837072198252e-23,0.8722624800115933,16813411.22916544,1613690.5777380927,6.098666803693154e-09,0.009841361157883734
0.8000000000000002,59.0,59000.0,1.0000000000000002e-10,1.1716837072198252e-23,0.8722624800115933,16813411.22916544,1613690.5777380927,5.69559151446642e-09,0.009190922361539497
0.8000000000000002,60.0,60000.0,1.0000000000000002e-10,1.1716837072198252e-23,0.8722624800115933,16813411.22916544,1613690.5777380927,5.325273031583822e-09,0.008593342914949582
0.8000000000000002,61.0,61000.0,1.0000000000000002e-10,1.1716837072198252e-23,0.8722624800115933,16813411.22916544,1613690.5777380927,4.984568181111304e-09,0.008043550707952415
0.8000000000000002,62.0,62000.0,1.0000000000000002e-10,1.1716837072198252e-23,0.8722624800115933,16813411.22916544,1613690.5777380927,4.6706800988639095e-09,0.0075370324671655145
0.8000000000000002,63.0,63000.0,1.0000000000000002e-10,1.1716837072198252e-23,0.8722624800115933,16813411.22916544,1613690.5777380927,4.381115302026478e-09,0.007069764482864307
0.8000000000000002,64.0,64000.0,1.0000000000000002e-10,1.1716837072198252e-23,0.8722624800115933,16813411.22916544,1613690.5777380927,4.113646655638596e-09,0.0066381528483478195
0.8000000000000002,65.0,65000.0,1.0000000000000002e-10,1.1716837072198252e-23,0.8722624800115933,16813411.22916544,1613690.5777380927,3.8662813480943306e-09,0.006238981782304353
0.8000000000000002,66.0,66000.0,1.0000000000000002e-10,1.1716837072198252e-23,0.8722624800115933,16813411.22916544,1613690.5777380927,3.637233134064493e-09,0.005869368837476665
0.8000000000000002,67.0,67000.0,1.0000000000000002e-10,1.1716837072198252e-23,0.8722624800115933,16813411.22916544,1613690.5777380927,3.4248982222540535e-09,0.00552672599096331
0.8000000000000002,68.0,68000.0,1.0000000000000002e-10,1.1716837072198252e-23,0.8722624800115933,16813411.22916544,1613690.5777380927,3.2278342838798754e-09,0.005208725770396939
0.8000000000000002,69.0,69000.0,1.0000000000000002e-10,1.1716837072198252e-23,0.8722624800115933,16813411.22916544,1613690.5777380927,3.0447421394771023e-09,0.004913271702116322
0.8000000000000002,70.0,70000.0,1.0000000000000002e-10,1.1716837072198252e-23,0.8722624800115933,16813411.22916544,1613690.5777380927,2.8744497496595722e-09,0.004638472477207271
0.8000000000000002,71.0,71000.0,1.0000000000000002e-10,1.1716837072198252e-23,0.8722624800115933,16813411.22916544,1613690.5777380927,2.715898192226101e-09,0.004382619322891179
0.8000000000000002,72.0,72000.0,1.0000000000000002e-10,1.1716837072198252e-23,0.8722624800115933,16813411.22916544,1613690.5777380927,2.5681293555091744e-09,0.004144166143397755
0.8000000000000002,73.0,73000.0,1.0000000000000002e-10,1.1716837072198252e-23,0.8722624800115933,16813411.22916544,1613690.5777380927,2.430275117720366e-09,0.003921712058776689
0.8000000000000002,74.0,74000.0,1.0000000000000002e-10,1.1716837072198252e-23,0.8722624800115933,16813411.22916544,1613690.5777380927,2.3015478155734207e-09,0.0037139860242045184
0.8000000000000002,75.0,75000.0,1.0000000000000002e-10,1.1716837072198252e-23,0.8722624800115933,16813411.22916544,1613690.5777380927,2.181231833736734e-09,0.0035198332579633495
0.8000000000000002,76.0,76000.0,1.0000000000000002e-10,1.1716837072198252e-23,0.8722624800115933,16813411.22916544,1613690.5777380927,2.0686761705629254e-09,0.0033382032448287125
0.8000000000000002,77.0,77000.0,1.0000000000000002e-10,1.1716837072198252e-23,0.8722624800115933,16813411.22916544,1613690.5777380927,1.9632878557882467e-09,0.003168139114273117
0.8000000000000002,78.0,78000.0,1.0000000000000002e-10,1.1716837072198252e-23,0.8722624800115933,16813411.22916544,1613690.5777380927,1.864526113085614e-09,0.0030087682206328846
0.8000000000000002,79.0,79000.0,1.0000000000000002e-10,1.1716837072198252e-23,0.8722624800115933,16813411.22916544,1613690.5777380927,1.7718971749847288e-09,0.0028592937759936016
0.8000000000000002,80.0,80000.0,1.0000000000000002e-10,1.1716837072198252e-23,0.8722624800115933,16813411.22916544,1613690.5777380927,1.684949670149569e-09,0.002718987406683267
0.8000000000000002,81.0,81000.0,1.0000000000000002e-10,1.1716837072198252e-23,0.8722624800115933,16813411.22916544,1613690.5777380927,1.6032705136664493e-09,0.002587182521468861
0.8000000000000002,82.0,82000.0,1.0000000000000002e-10,1.1716837072198252e-23,0.8722624800115933,16813411.22916544,1613690.5777380927,1.526481240127136e-09,0.0024632683942871184
0.8000000000000002,83.0,83000.0,1.0000000000000002e-10,1.1716837072198252e-23,0.8722624800115933,16813411.22916544,1613690.5777380927,1.4542347271267e-09,0.002346684876983882
0.8000000000000002,84.0,84000.0,1.0000000000000002e-10,1.1716837072198252e-23,0.8722624800115933,16813411.22916544,1613690.5777380927,1.3862122635318154e-09,0.0022369176684062845
0.8000000000000002,85.0,85000.0,1.0000000000000002e-10,1.1716837072198252e-23,0.8722624800115933,16813411.22916544,1613690.5777380927,1.3221209226771967e-09,0.0021334940755545857
0.8000000000000002,86.0,86000.0,1.0000000000000002e-10,1.1716837072198252e-23,0.8722624800115933,16813411.22916544,1613690.5777380927,1.2616912056545252e-09,0.0020359792105797215
0.8000000000000002,87.0,87000.0,1.0000000000000002e-10,1.1716837072198252e-23,0.8722624800115933,16813411.22916544,1613690.5777380927,1.2046749241863017e-09,0.0019439725743967862
0.8000000000000002,88.0,88000.0,1.0000000000000002e-10,1.1716837072198252e-23,0.8722624800115933,16813411.22916544,1613690.5777380927,1.1508432963250931e-09,0.0018571049837328507
0.8000000000000002,89.0,89000.0,1.0000000000000002e-10,1.1716837072198252e-23,0.8722624800115933,16813411.22916544,1613690.5777380927,1.0999852314699174e-09,0.0017750358036740608
0.8000000000000002,90.0,90000.0,1.0000000000000002e-10,1.1716837072198252e-23,0.8722624800115933,16813411.22916544,1613690.5777380927,1.0519057840165574e-09,0.00169745045233572
0.8000000000000002,91.0,91000.0,1.0000000000000002e-10,1.1716837072198252e-23,0.8722624800115933,16813411.22916544,1613690.5777380927,1.0064247574173079e-09,0.0016240581482466555
0.8000000000000002,92.0,92000.0,1.0000000000000002e-10,1.1716837072198252e-23,0.8722624800115933,16813411.22916544,1613690.5777380927,9.633754425689266e-10,0.0015545898744977421
0.8000000000000002,93.0,93000.0,1.0000000000000002e-10,1.1716837072198252e-23,0.8722624800115933,16813411.22916544,1613690.5777380927,9.226034763187971e-10,0.0014887965367240525
0.8000000000000002,94.0,94000.0,1.0000000000000002e-10,1.1716837072198252e-23,0.8722624800115933,16813411.22916544,1613690.5777380927,8.8396580751547e-10,0.0014264472946303585
0.8000000000000002,95.0,95000.0,1.0000000000000002e-10,1.1716837072198252e-23,0.8722624800115933,16813411.22916544,1613690.5777380927,8.473297594625742e-10,0.0013673280490818405
0.8000000000000002,96.0,96000.0,1.0000000000000002e-10,1.1716837072198252e-23,0.8722624800115933,16813411.22916544,1613690.5777380927,8.125721788915747e-10,0.001311240068809446
0.8000000000000002,97.0,97000.0,1.0000000000000002e-10,1.1716837072198252e-23,0.8722624800115933,16813411.22916544,1613690.5777380927,7.795786626723685e-10,0.001257998742560064
0.8000000000000002,98.0,98000.0,1.0000000000000002e-10,1.1716837072198252e-23,0.8722624800115933,16813411.22916544,1613690.5777380927,7.482428544511591e-10,0.0012074324440876907
0.8000000000000002,99.0,99000.0,1.0000000000000002e-10,1.1716837072198252e-23,0.8722624800115933,16813411.22916544,1613690.5777380927,7.184658042596527e-10,0.0011593814987608225
0.8000000000000002,100.0,100000.0,1.0000000000000002e-10,1.1716837072198252e-23,0.8722624800115933,16813411.22916544,1613690.5777380927,6.901553848932636e-10,0.0011136972417774662
0.8500000000000002,1.0,1000.0,1.0000000000000002e-10,1.6112197545505095e-23,0.8742180046414789,12226761.709172199,2383907.580164044,0.06585873061022089,157001.12712168734
0.8500000000000002,2.0,2000.0,1.0000000000000002e-10,1.6112197545505095e-23,0.8742180046414789,12226761.709172199,2383907.580164044,0.004116170663138806,9812.570445105459
0.8500000000000002,3.0,3000.0,1.0000000000000002e-10,1.6112197545505095e-23,0.8742180046414789,12226761.709172199,2383907.580164044,0.0008130707482743322,1938.2855200208319
0.8500000000000002,4.0,4000.0,1.0000000000000002e-10,1.6112197545505095e-23,0.8742180046414789,12226761.709172199,2383907.580164044,0.00025726066644617536,613.2856528190912
0.8500000000000002,5.0,5000.0,1.0000000000000002e-10,1.6112197545505095e-23,0.8742180046414789,12226761.709172199,2383907.580164044,0.00010537396897635343,251.20180339469977
0.8500000000000002,6.0,6000.0,1.0000000000000002e-10,1.6112197545505095e-23,0.8742180046414789,12226761.709172199,2383907.580164044,5.081692176714576e-05,121.14284500130199
0.8500000000000002,7.0,7000.0,1.0000000000000002e-10,1.6112197545505095e-23,0.8742180046414789,12226761.709172199,2383907.580164044,2.7429708708963305e-05,65.38989051298933
0.8500000000000002,8.0,8000.0,1.0000000000000002e-10,1.6112197545505095e-23,0.8742180046414789,12226761.709172199,2383907.580164044,1.607879165288596e-05,38.3303533011932
0.8500000000000002,9.0,9000.0,1.0000000000000002e-10,1.6112197545505095e-23,0.8742180046414789,12226761.709172199,2383907.580164044,1.0037910472522618e-05,23.92945086445471
0.8500000000000002,10.0,10000.0,1.0000000000000002e-10,1.6112197545505095e-23,0.8742180046414789,12226761.709172199,2383907.580164044,6.585873061022089e-06,15.700112712168735
0.8500000000000002,11.0,11000.0,1.0000000000000002e-10,1.6112197545505095e-23,0.8742180046414789,12226761.709172199,2383907.580164044,4.498239916004432e-06,10.723388233159438
0.8500000000000002,12.0,12000.0,1.0000000000000002e-10,1.6112197545505095e-23,0.8742180046414789,12226761.709172199,2383907.580164044,3.17605761044661e-06,7.5714278125813745
0.8500000000000002,13.0,13000.0,1.0000000000000002e-10,1.6112197545505095e-23,0.8742180046414789,12226761.709172199,2383907.580164044,2.305897223844435e-06,5.4970458710019745
0.8500000000000002,14.0,14000.0,1.0000000000000002e-10,1.6112197545505095e-23,0.8742180046414789,12226761.709172199,2383907.580164044,1.7143567943102066e-06,4.086868157061833
0.8500000000000002,15.0,15000.0,1.0000000000000002e-10,1.6112197545505095e-23,0.8742180046414789,12226761.709172199,2383907.580164044,1.3009131972389309e-06,3.1012568320333296
0.8500000000000002,16.0,16000.0,1.0000000000000002e-10,1.6112197545505095e-23,0.8742180046414789,12226761.709172199,2383907.580164044,1.0049244783053725e-06,2.395647081324575
0.8500000000000002,17.0,17000.0,1.0000000000000002e-10,1.6112197545505095e-23,0.8742180046414789,12226761.709172199,2383907.580164044,7.885290000146179e-07,1.8797802603140212
0.8500000000000002,18.0,18000.0,1.0000000000000002e-10,1.6112197545505095e-23,0.8742180046414789,12226761.709172199,2383907.580164044,6.273694045326637e-07,1.4955906790284195
0.8500000000000002,19.0,19000.0,1.0000000000000002e-10,1.6112197545505095e-23,0.8742180046414789,12226761.709172199,2383907.580164044,5.053577751108484e-07,1.204726230781588
0.8500000000000002,20.0,20000.0,1.0000000000000002e-10,1.6112197545505095e-23,0.8742180046414789,12226761.709172199,2383907.580164044,4.116170663138806e-07,0.981257044510546
0.8500000000000002,21.0,21000.0,1.0000000000000002e-10,1.6112197545505095e-23,0.8742180046414789,12226761.709172199,2383907.580164044,3.386383791230037e-07,0.8072825989257939
0.8500000000000002,22.0,22000.0,1.0000000000000002e-10,1.6112197545505095e-23,0.8742180046414789,12226761.709172199,2383907.580164044,2.81139994750277e-07,0.6702117645724649
0.8500000000000002,23.0,23000.0,1.0000000000000002e-10,1.6112197545505095e-23,0.8742180046414789,12226761.709172199,2383907.580164044,2.3534339360644395e-07,0.561036899959932
0.8500000000000002,24.0,24000.0,1.0000000000000002e-10,1.6112197545505095e-23,0.8742180046414789,12226761.709172199,2383907.580164044,1.9850360065291313e-07,0.4732142382863359
0.8500000000000002,25.0,25000.0,1.0000000000000002e-10,1.6112197545505095e-23,0.8742180046414789,12226761.709172199,2383907.580164044,1.6859835036216552e-07,0.4019228854315197
0.8500000000000002,26.0,26000.0,1.0000000000000002e-10,1.6112197545505095e-23,0.8742180046414789,12226761.709172199,2383907.580164044,1.441185764902772e-07,0.3435653669376234
0.8500000000000002,27.0,27000.0,1.0000000000000002e-10,1.6112197545505095e-23,0.8742180046414789,12226761.709172199,2383907.580164044,1.2392482064842733e-07,0.2954253193142556
0.8500000000000002,28.0,28000.0,1.0000000000000002e-10,1.6112197545505095e-23,0.8742180046414789,12226761.709172199,2383907.580164044,1.0714729964438791e-07,0.25542925981636455
0.8500000000000002,29.0,29000.0,1.0000000000000002e-10,1.6112197545505095e-23,0.8742180046414789,12226761.709172199,2383907.580164044,9.311536802235732e-08,0.22197843165826225
0.8500000000000002,30.0,30000.0,1.0000000000000002e-10,1.6112197545505095e-23,0.8742180046414789,12226761.709172199,2383907.580164044,8.130707482743318e-08,0.1938285520020831
0.8500000000000002,31.0,31000.0,1.0000000000000002e-10,1.6112197545505095e-23,0.8742180046414789,12226761.709172199,2383907.580164044,7.131265083330091e-08,0.1700027688830978
0.8500000000000002,32.0,32000.0,1.0000000000000002e-10,1.6112197545505095e-23,0.8742180046414789,12226761.709172199,2383907.580164044,6.280777989408578e-08,0.14972794258278593
0.8500000000000002,33.0,33000.0,1.0000000000000002e-10,1.6112197545505095e-23,0.8742180046414789,12226761.709172199,2383907.580164044,5.553382612351152e-08,0.13238750905135113
0.8500000000000002,34.0,34000.0,1.0000000000000002e-10,1.6112197545505095e-23,0.8742180046414789,12226761.709172199,2383907.580164044,4.928306250091362e-08,0.11748626626962633
0.8500000000000002,35.0,35000.0,1.0000000000000002e-10,1.6112197545505095e-23,0.8742180046414789,12226761.709172199,2383907.580164044,4.3887533934341274e-08,0.10462382482078288
0.8500000000000002,36.0,36000.0,1.0000000000000002e-10,1.6112197545505095e-23,0.8742180046414789,12226761.709172199,2383907.580164044,3.921058778329148e-08,0.09347441743927622
0.8500000000000002,37.0,37000.0,1.0000000000000002e-10,1.6112197545505095e-23,0.8742180046414789,12226761.709172199,2383907.580164044,3.514038047436741e-08,0.08377141938269304
0.8500000000000002,38.0,38000.0,1.0000000000000002e-10,1.6112197545505095e-23,0.8742180046414789,12226761.709172199,2383907.580164044,3.158486094442803e-08,0.07529538942384925
0.8500000000000002,39.0,39000.0,1.0000000000000002e-10,1.6112197545505095e-23,0.8742180046414789,12226761.709172199,2383907.580164044,2.846786696104239e-08,0.06786476383953051
0.8500000000000002,40.0,40000.0,1.0000000000000002e-10,1.6112197545505095e-23,0.8742180046414789,12226761.709172199,2383907.580164044,2.5726066644617536e-08,0.06132856528190912
0.8500000000000002,41.0,41000.0,1.0000000000000002e-10,1.6112197545505095e-23,0.8742180046414789,12226761.709172199,2383907.580164044,2.330654666485272e-08,0.05556065326178942
0.8500000000000002,42.0,42000.0,1.0000000000000002e-10,1.6112197545505095e-23,0.8742180046414789,12226761.709172199,2383907.580164044,2.116489869518773e-08,0.05045516243286212
0.8500000000000002,43.0,43000.0,1.0000000000000002e-10,1.6112197545505095e-23,0.8742180046414789,12226761.709172199,2383907.580164044,1.9263692332551935e-08,0.045922862173518535
0.8500000000000002,44.0,44000.0,1.0000000000000002e-10,1.6112197545505095e-23,0.8742180046414789,12226761.709172199,2383907.580164044,1.757124967189231e-08,0.041888235285779056
0.8500000000000002,45.0,45000.0,1.0000000000000002e-10,1.6112197545505095e-23,0.8742180046414789,12226761.709172199,2383907.580164044,1.6060656756036185e-08,0.03828712138312753
0.8500000000000002,46.0,46000.0,1.0000000000000002e-10,1.6112197545505095e-23,0.8742180046414789,12226761.709172199,2383907.580164044,1.4708962100402747e-08,0.03506480624749575
0.8500000000000002,47.0,47000.0,1.0000000000000002e-10,1.6112197545505095e-23,0.8742180046414789,12226761.709172199,2383907.580164044,1.3496523770758967e-08,0.03217446532297651
0.8500000000000002,48.0,48000.0,1.0000000000000002e-10,1.6112197545505095e-23,0.8742180046414789,12226761.709172199,2383907.580164044,1.240647504080707e-08,0.029575889892895994
0.8500000000000002,49.0,49000.0,1.0000000000000002e-10,1.6112197545505095e-23,0.8742180046414789,12226761.709172199,2383907.580164044,1.1424285176577804e-08,0.027234440030399553
0.8500000000000002,50.0,50000.0,1.0000000000000002e-10,1.6112197545505095e-23,0.8742180046414789,12226761.709172199,2383907.580164044,1.0537396897635345e-08,0.025120180339469982
0.8500000000000002,51.0,51000.0,1.0000000000000002e-10,1.6112197545505095e-23,0.8742180046414789,12226761.709172199,2383907.580164044,9.734925926106391e-09,0.023207163707580504
0.8500000000000002,52.0,52000.0,1.0000000000000002e-10,1.6112197545505095e-23,0.8742180046414789,12226761.709172199,2383907.580164044,9.007411030642325e-09,0.021472835433601463
0.8500000000000002,53.0,53000.0,1.0000000000000002e-10,1.6112197545505095e-23,0.8742180046414789,12226761.709172199,2383907.580164044,8.346605309640934e-09,0.019897535666290482
0.8500000000000002,54.0,54000.0,1.0000000000000002e-10,1.6112197545505095e-23,0.8742180046414789,12226761.709172199,2383907.580164044,7.745301290526708e-09,0.018464082457140974
0.8500000000000002,55.0,55000.0,1.0000000000000002e-10,1.6112197545505095e-23,0.8742180046414789,12226761.709172199,2383907.580164044,7.197183865607092e-09,0.017157421173055104
0.8500000000000002,56.0,56000.0,1.0000000000000002e-10,1.6112197545505095e-23,0.8742180046414789,12226761.709172199,2383907.580164044,6.6967062277742444e-09,0.015964328738522784
0.8500000000000002,57.0,57000.0,1.0000000000000002e-10,1.6112197545505095e-23,0.8742180046414789,12226761.709172199,2383907.580164044,6.238984877911709e-09,0.014873163342982566
0.8500000000000002,58.0,58000.0,1.0000000000000002e-10,1.6112197545505095e-23,0.8742180046414789,12226761.709172199,2383907.580164044,5.819710501397333e-09,0.013873651978641391
0.8500000000000002,59.0,59000.0,1.0000000000000002e-10,1.6112197545505095e-23,0.8742180046414789,12226761.709172199,2383907.580164044,5.435072092860886e-09,0.012956709560909123
0.8500000000000002,60.0,60000.0,1.0000000000000002e-10,1.6112197545505095e-23,0.8742180046414789,12226761.709172199,2383907.580164044,5.081692176714574e-09,0.012114284500130194
0.8500000000000002,61.0,61000.0,1.0000000000000002e-10,1.6112197545505095e-23,0.8742180046414789,12226761.709172199,2383907.580164044,4.756571349491943e-09,0.01133922649564496
0.8500000000000002,62.0,62000.0,1.0000000000000002e-10,1.6112197545505095e-23,0.8742180046414789,12226761.709172199,2383907.580164044,4.457040677081307e-09,0.010625173055193612
0.8500000000000002,63.0,63000.0,1.0000000000000002e-10,1.6112197545505095e-23,0.8742180046414789,12226761.709172199,2383907.580164044,4.180720729913626e-09,0.00996645183859005
0.8500000000000002,64.0,64000.0,1.0000000000000002e-10,1.6112197545505095e-23,0.8742180046414789,12226761.709172199,2383907.580164044,3.925486243380361e-09,0.00935799641142412
0.8500000000000002,65.0,65000.0,1.0000000000000002e-10,1.6112197545505095e-23,0.8742180046414789,12226761.709172199,2383907.580164044,3.689435558151096e-09,0.008795273393603158
0.8500000000000002,66.0,66000.0,1.0000000000000002e-10,1.6112197545505095e-23,0.8742180046414789,12226761.709172199,2383907.580164044,3.47086413271947e-09,0.008274219315709446
0.8500000000000002,67.0,67000.0,1.0000000000000002e-10,1.6112197545505095e-23,0.8742180046414789,12226761.709172199,2383907.580164044,3.2682415340675526e-09,0.0077911857668706026
0.8500000000000002,68.0,68000.0,1.0000000000000002e-10,1.6112197545505095e-23,0.8742180046414789,12226761.709172199,2383907.580164044,3.080191406307101e-09,0.0073428916418516454
0.8500000000000002,69.0,69000.0,1.0000000000000002e-10,1.6112197545505095e-23,0.8742180046414789,12226761.709172199,2383907.580164044,2.905473995141284e-09,0.006926381480986816
0.8500000000000002,70.0,70000.0,1.0000000000000002e-10,1.6112197545505095e-23,0.8742180046414789,12226761.709172199,2383907.580164044,2.7429708708963296e-09,0.00653898905129893
0.8500000000000002,71.0,71000.0,1.0000000000000002e-10,1.6112197545505095e-23,0.8742180046414789,12226761.709172199,2383907.580164044,2.591671547042516e-09,0.006178305446290129
0.8500000000000002,72.0,72000.0,1.0000000000000002e-10,1.6112197545505095e-23,0.8742180046414789,12226761.709172199,2383907.580164044,2.4506617364557174e-09,0.0058421510899547635
0.8500000000000002,73.0,73000.0,1.0000000000000002e-10,1.6112197545505095e-23,0.8742180046414789,12226761.709172199,2383907.580164044,2.3191130257053907e-09,0.005528551121236252
0.8500000000000002,74.0,74000.0,1.0000000000000002e-10,1.6112197545505095e-23,0.8742180046414789,12226761.709172199,2383907.580164044,2.1962737796479633e-09,0.005235713711418315
0.8500000000000002,75.0,75000.0,1.0000000000000002e-10,1.6112197545505095e-23,0.8742180046414789,12226761.709172199,2383907.580164044,2.08146111558229e-09,0.004962010931253329
0.8500000000000002,76.0,76000.0,1.0000000000000002e-10,1.6112197545505095e-23,0.8742180046414789,12226761.709172199,2383907.580164044,1.9740538090267517e-09,0.004705961838990578
0.8500000000000002,77.0,77000.0,1.0000000000000002e-10,1.6112197545505095e-23,0.8742180046414789,12226761.709172199,2383907.580164044,1.8734860124966392e-09,0.004466217506522047
0.8500000000000002,78.0,78000.0,1.0000000000000002e-10,1.6112197545505095e-23,0.8742180046414789,12226761.709172199,2383907.580164044,1.7792416850651495e-09,0.004241547739970657
0.8500000000000002,79.0,79000.0,1.0000000000000002e-10,1.6112197545505095e-23,0.8742180046414789,12226761.709172199,2383907.580164044,1.6908496444518539e-09,0.0040308292843264535
0.8500000000000002,80.0,80000.0,1.0000000000000002e-10,1.6112197545505095e-23,0.8742180046414789,12226761.709172199,2383907.580164044,1.607879165288596e-09,0.00383303533011932
0.8500000000000002,81.0,81000.0,1.0000000000000002e-10,1.6112197545505095e-23,0.8742180046414789,12226761.709172199,2383907.580164044,1.529936057387992e-09,0.003647226164373526
0.8500000000000002,82.0,82000.0,1.0000000000000002e-10,1.6112197545505095e-23,0.8742180046414789,12226761.709172199,2383907.580164044,1.456659166553295e-09,0.0034725408288618386
0.8500000000000002,83.0,83000.0,1.0000000000000002e-10,1.6112197545505095e-23,0.8742180046414789,12226761.709172199,2383907.580164044,1.3877172479452211e-09,0.003308189666500999
0.8500000000000002,84.0,84000.0,1.0000000000000002e-10,1.6112197545505095e-23,0.8742180046414789,12226761.709172199,2383907.580164044,1.3228061684492332e-09,0.0031534476520538824
0.8500000000000002,85.0,85000.0,1.0000000000000002e-10,1.6112197545505095e-23,0.8742180046414789,12226761.709172199,2383907.580164044,1.2616464000233885e-09,0.0030076484165024336
0.8500000000000002,86.0,86000.0,1.0000000000000002e-10,1.6112197545505095e-23,0.8742180046414789,12226761.709172199,2383907.580164044,1.203980770784496e-09,0.0028701788858449084
0.8500000000000002,87.0,87000.0,1.0000000000000002e-10,1.6112197545505095e-23,0.8742180046414789,12226761.709172199,2383907.580164044,1.1495724447204605e-09,0.0027404744649168174
0.8500000000000002,88.0,88000.0,1.0000000000000002e-10,1.6112197545505095e-23,0.8742180046414789,12226761.709172199,2383907.580164044,1.0982031044932694e-09,0.002618014705361191
0.8500000000000002,89.0,89000.0,1.0000000000000002e-10,1.6112197545505095e-23,0.8742180046414789,12226761.709172199,2383907.580164044,1.0496713148996526e-09,0.0025023194042700413
0.8500000000000002,90.0,90000.0,1.0000000000000002e-10,1.6112197545505095e-23,0.8742180046414789,12226761.709172199,2383907.580164044,1.0037910472522615e-09,0.0023929450864454706
0.8500000000000002,91.0,91000.0,1.0000000000000002e-10,1.6112197545505095e-23,0.8742180046414789,12226761.709172199,2383907.580164044,9.603903472904766e-10,0.002289481828822146
0.8500000000000002,92.0,92000.0,1.0000000000000002e-10,1.6112197545505095e-23,0.8742180046414789,12226761.709172199,2383907.580164044,9.193101312751717e-10,0.0021915503904684844
0.8500000000000002,93.0,93000.0,1.0000000000000002e-10,1.6112197545505095e-23,0.8742180046414789,12226761.709172199,2383907.580164044,8.804030967074188e-10,0.0020987996158407136
0.8500000000000002,94.0,94000.0,1.0000000000000002e-10,1.6112197545505095e-23,0.8742180046414789,12226761.709172199,2383907.580164044,8.435327356724355e-10,0.002010904082686032
0.8500000000000002,95.0,95000.0,1.0000000000000002e-10,1.6112197545505095e-23,0.8742180046414789,12226761.709172199,2383907.580164044,8.085724401773575e-10,0.0019275619692505407
0.8500000000000002,96.0,96000.0,1.0000000000000002e-10,1.6112197545505095e-23,0.8742180046414789,12226761.709172199,2383907.580164044,7.754046900504419e-10,0.0018484931183059996
0.8500000000000002,97.0,97000.0,1.0000000000000002e-10,1.6112197545505095e-23,0.8742180046414789,12226761.709172199,2383907.580164044,7.439203150223356e-10,0.0017734372780197696
0.8500000000000002,98.0,98000.0,1.0000000000000002e-10,1.6112197545505095e-23,0.8742180046414789,12226761.709172199,2383907.580164044,7.140178235361127e-10,0.001702152501899972
0.8500000000000002,99.0,99000.0,1.0000000000000002e-10,1.6112197545505095e-23,0.8742180046414789,12226761.709172199,2383907.580164044,6.856027916482902e-10,0.001634413691991989
0.8500000000000002,100.0,100000.0,1.0000000000000002e-10,1.6112197545505095e-23,0.8742180046414789,12226761.709172199,2383907.580164044,6.585873061022091e-10,0.001570011271216874
0.9000000000000002,1.0,1000.0,1.0000000000000002e-10,2.2114876184439654e-23,0.8780430913863652,8908030.88188267,3511261.764990095,0.0627480979264929,220324.99707514877
0.9000000000000002,2.0,2000.0,1.0000000000000002e-10,2.2114876184439654e-23,0.8780430913863652,8908030.88188267,3511261.764990095,0.003921756120405806,13770.312317196798
0.9000000000000002,3.0,3000.0,1.0000000000000002e-10,2.2114876184439654e-23,0.8780430913863652,8908030.88188267,3511261.764990095,0.0007746678756357149,2720.061692285788
0.9000000000000002,4.0,4000.0,1.0000000000000002e-10,2.2114876184439654e-23,0.8780430913863652,8908030.88188267,3511261.764990095,0.0002451097575253629,860.6445198247999
0.9000000000000002,5.0,5000.0,1.0000000000000002e-10,2.2114876184439654e-23,0.8780430913863652,8908030.88188267,3511261.764990095,0.00010039695668238863,352.519995320238
0.9000000000000002,6.0,6000.0,1.0000000000000002e-10,2.2114876184439654e-23,0.8780430913863652,8908030.88188267,3511261.764990095,4.841674222723218e-05,170.00385576786175
0.9000000000000002,7.0,7000.0,1.0000000000000002e-10,2.2114876184439654e-23,0.8780430913863652,8908030.88188267,3511261.764990095,2.6134151572883338e-05,91.76384717832102
0.9000000000000002,8.0,8000.0,1.0000000000000002e-10,2.2114876184439654e-23,0.8780430913863652,8908030.88188267,3511261.764990095,1.531935984533518e-05,53.79028248904999
0.9000000000000002,9.0,9000.0,1.0000000000000002e-10,2.2114876184439654e-23,0.8780430913863652,8908030.88188267,3511261.764990095,9.563800933774257e-06,33.58100854673812
0.9000000000000002,10.0,10000.0,1.0000000000000002e-10,2.2114876184439654e-23,0.8780430913863652,8908030.88188267,3511261.764990095,6.274809792649289e-06,22.032499707514877
0.9000000000000002,11.0,11000.0,1.0000000000000002e-10,2.2114876184439654e-23,0.8780430913863652,8908030.88188267,3511261.764990095,4.285779518235973e-06,15.048493755559644
0.9000000000000002,12.0,12000.0,1.0000000000000002e-10,2.2114876184439654e-23,0.8780430913863652,8908030.88188267,3511261.764990095,3.0260463892020114e-06,10.62524098549136
0.9000000000000002,13.0,13000.0,1.0000000000000002e-10,2.2114876184439654e-23,0.8780430913863652,8908030.88188267,3511261.764990095,2.196985327071633e-06,7.714190577190883
0.9000000000000002,14.0,14000.0,1.0000000000000002e-10,2.2114876184439654e-23,0.8780430913863652,8908030.88188267,3511261.764990095,1.6333844733052086e-06,5.735240448645063
0.9000000000000002,15.0,15000.0,1.0000000000000002e-10,2.2114876184439654e-23,0.8780430913863652,8908030.88188267,3511261.764990095,1.2394686010171434e-06,4.352098707657259
0.9000000000000002,16.0,16000.0,1.0000000000000002e-10,2.2114876184439654e-23,0.8780430913863652,8908030.88188267,3511261.764990095,9.574599903334488e-07,3.3618926555656246
0.9000000000000002,17.0,17000.0,1.0000000000000002e-10,2.2114876184439654e-23,0.8780430913863652,8908030.88188267,3511261.764990095,7.512852806658553e-07,2.63795928060187
0.9000000000000002,18.0,18000.0,1.0000000000000002e-10,2.2114876184439654e-23,0.8780430913863652,8908030.88188267,3511261.764990095,5.977375583608911e-07,2.0988130341711324
0.9000000000000002,19.0,19000.0,1.0000000000000002e-10,2.2114876184439654e-23,0.8780430913863652,8908030.88188267,3511261.764990095,4.814887694730157e-07,1.69063310652273
0.9000000000000002,20.0,20000.0,1.0000000000000002e-10,2.2114876184439654e-23,0.8780430913863652,8908030.88188267,3511261.764990095,3.921756120405806e-07,1.3770312317196798
0.9000000000000002,21.0,21000.0,1.0000000000000002e-10,2.2114876184439654e-23,0.8780430913863652,8908030.88188267,3511261.764990095,3.226438465788066e-07,1.1328870022014939
0.9000000000000002,22.0,22000.0,1.0000000000000002e-10,2.2114876184439654e-23,0.8780430913863652,8908030.88188267,3511261.764990095,2.6786121988974833e-07,0.9405308597224777
0.9000000000000002,23.0,23000.0,1.0000000000000002e-10,2.2114876184439654e-23,0.8780430913863652,8908030.88188267,3511261.764990095,2.2422767902663613e-07,0.7873220760186989
0.9000000000000002,24.0,24000.0,1.0000000000000002e-10,2.2114876184439654e-23,0.8780430913863652,8908030.88188267,3511261.764990095,1.891278993251257e-07,0.66407756159321
0.9000000000000002,25.0,25000.0,1.0000000000000002e-10,2.2114876184439654e-23,0.8780430913863652,8908030.88188267,3511261.764990095,1.6063513069182184e-07,0.5640319925123809
0.9000000000000002,26.0,26000.0,1.0000000000000002e-10,2.2114876184439654e-23,0.8780430913863652,8908030.88188267,3511261.764990095,1.3731158294197705e-07,0.4821369110744302
0.9000000000000002,27.0,27000.0,1.0000000000000002e-10,2.2114876184439654e-23,0.8780430913863652,8908030.88188267,3511261.764990095,1.1807161646634881e-07,0.4145803524288655
0.9000000000000002,28.0,28000.0,1.0000000000000002e-10,2.2114876184439654e-23,0.8780430913863652,8908030.88188267,3511261.764990095,1.0208652958157554e-07,0.35845252804031646
0.9000000000000002,29.0,29000.0,1.0000000000000002e-10,2.2114876184439654e-23,0.8780430913863652,8908030.88188267,3511261.764990095,8.871735268795981e-08,0.3115098483843745
0.9000000000000002,30.0,30000.0,1.0000000000000002e-10,2.2114876184439654e-23,0.8780430913863652,8908030.88188267,3511261.764990095,7.746678756357146e-08,0.2720061692285787
0.9000000000000002,31.0,31000.0,1.0000000000000002e-10,2.2114876184439654e-23,0.8780430913863652,8908030.88188267,3511261.764990095,6.794441915938337e-08,0.23857064113880327
0.9000000000000002,32.0,32000.0,1.0000000000000002e-10,2.2114876184439654e-23,0.8780430913863652,8908030.88188267,3511261.764990095,5.984124939584055e-08,0.21011829097285153
0.9000000000000002,33.0,33000.0,1.0000000000000002e-10,2.2114876184439654e-23,0.8780430913863652,8908030.88188267,3511261.764990095,5.2910858249826846e-08,0.18578387352542775
0.9000000000000002,34.0,34000.0,1.0000000000000002e-10,2.2114876184439654e-23,0.8780430913863652,8908030.88188267,3511261.764990095,4.695533004161596e-08,0.16487245503761688
0.9000000000000002,35.0,35000.0,1.0000000000000002e-10,2.2114876184439654e-23,0.8780430913863652,8908030.88188267,3511261.764990095,4.181464251661333e-08,0.14682215548531358
0.9000000000000002,36.0,36000.0,1.0000000000000002e-10,2.2114876184439654e-23,0.8780430913863652,8908030.88188267,3511261.764990095,3.735859739755569e-08,0.13117581463569578
0.9000000000000002,37.0,37000.0,1.0000000000000002e-10,2.2114876184439654e-23,0.8780430913863652,8908030.88188267,3511261.764990095,3.348063369502028e-08,0.11755926896096375
0.9000000000000002,38.0,38000.0,1.0000000000000002e-10,2.2114876184439654e-23,0.8780430913863652,8908030.88188267,3511261.764990095,3.009304809206348e-08,0.10566456915767063
0.9000000000000002,39.0,39000.0,1.0000000000000002e-10,2.2114876184439654e-23,0.8780430913863652,8908030.88188267,3511261.764990095,2.712327564285965e-08,0.09523692070606024
0.9000000000000002,40.0,40000.0,1.0000000000000002e-10,2.2114876184439654e-23,0.8780430913863652,8908030.88188267,3511261.764990095,2.4510975752536286e-08,0.08606445198247999
0.9000000000000002,41.0,41000.0,1.0000000000000002e-10,2.2114876184439654e-23,0.8780430913863652,8908030.88188267,3511261.764990095,2.22057342876814e-08,0.07797014576786526
0.9000000000000002,42.0,42000.0,1.0000000000000002e-10,2.2114876184439654e-23,0.8780430913863652,8908030.88188267,3511261.764990095,2.016524041117541e-08,0.07080543763759337
0.9000000000000002,43.0,43000.0,1.0000000000000002e-10,2.2114876184439654e-23,0.8780430913863652,8908030.88188267,3511261.764990095,1.835383162883505e-08,0.06444510723939438
0.9000000000000002,44.0,44000.0,1.0000000000000002e-10,2.2114876184439654e-23,0.8780430913863652,8908030.88188267,3511261.764990095,1.674132624310927e-08,0.05878317873265486
0.9000000000000002,45.0,45000.0,1.0000000000000002e-10,2.2114876184439654e-23,0.8780430913863652,8908030.88188267,3511261.764990095,1.530208149403881e-08,0.05372961367478098
0.9000000000000002,46.0,46000.0,1.0000000000000002e-10,2.2114876184439654e-23,0.8780430913863652,8908030.88188267,3511261.764990095,1.4014229939164758e-08,0.04920762975116868
0.9000000000000002,47.0,47000.0,1.0000000000000002e-10,2.2114876184439654e-23,0.8780430913863652,8908030.88188267,3511261.764990095,1.2859057370039741e-08,0.04515151647723463
0.9000000000000002,48.0,48000.0,1.0000000000000002e-10,2.2114876184439654e-23,0.8780430913863652,8908030.88188267,3511261.764990095,1.1820493707820357e-08,0.04150484759957562
0.9000000000000002,49.0,49000.0,1.0000000000000002e-10,2.2114876184439654e-23,0.8780430913863652,8908030.88188267,3511261.764990095,1.0884694532646122e-08,0.03821901173607706
0.9000000000000002,50.0,50000.0,1.0000000000000002e-10,2.2114876184439654e-23,0.8780430913863652,8908030.88188267,3511261.764990095,1.0039695668238865e-08,0.035251999532023806
0.9000000000000002,51.0,51000.0,1.0000000000000002e-10,2.2114876184439654e-23,0.8780430913863652,8908030.88188267,3511261.764990095,9.27512692180068e-09,0.032567398525949004
0.9000000000000002,52.0,52000.0,1.0000000000000002e-10,2.2114876184439654e-23,0.8780430913863652,8908030.88188267,3511261.764990095,8.581973933873566e-09,0.030133556942151887
0.9000000000000002,53.0,53000.0,1.0000000000000002e-10,2.2114876184439654e-23,0.8780430913863652,8908030.88188267,3511261.764990095,7.95237931965021e-09,0.02792288544578573
0.9000000000000002,54.0,54000.0,1.0000000000000002e-10,2.2114876184439654e-23,0.8780430913863652,8908030.88188267,3511261.764990095,7.3794760291468006e-09,0.025911272026804093
0.9000000000000002,55.0,55000.0,1.0000000000000002e-10,2.2114876184439654e-23,0.8780430913863652,8908030.88188267,3511261.764990095,6.857247229177559e-09,0.024077590008895432
0.9000000000000002,56.0,56000.0,1.0000000000000002e-10,2.2114876184439654e-23,0.8780430913863652,8908030.88188267,3511261.764990095,6.380408098848471e-09,0.02240328300251978
0.9000000000000002,57.0,57000.0,1.0000000000000002e-10,2.2114876184439654e-23,0.8780430913863652,8908030.88188267,3511261.764990095,5.944305795963157e-09,0.020872013660774447
0.9000000000000002,58.0,58000.0,1.0000000000000002e-10,2.2114876184439654e-23,0.8780430913863652,8908030.88188267,3511261.764990095,5.544834542997488e-09,0.019469365524023407
0.9000000000000002,59.0,59000.0,1.0000000000000002e-10,2.2114876184439654e-23,0.8780430913863652,8908030.88188267,3511261.764990095,5.178363335588738e-09,0.018182589185479308
0.9000000000000002,60.0,60000.0,1.0000000000000002e-10,2.2114876184439654e-23,0.8780430913863652,8908030.88188267,3511261.764990095,4.841674222723216e-09,0.017000385576786167
0.9000000000000002,61.0,61000.0,1.0000000000000002e-10,2.2114876184439654e-23,0.8780430913863652,8908030.88188267,3511261.764990095,4.531909468445642e-09,0.015912720438949767
0.9000000000000002,62.0,62000.0,1.0000000000000002e-10,2.2114876184439654e-23,0.8780430913863652,8908030.88188267,3511261.764990095,4.246526197461461e-09,0.014910665071175205
0.9000000000000002,63.0,63000.0,1.0000000000000002e-10,2.2114876184439654e-23,0.8780430913863652,8908030.88188267,3511261.764990095,3.983257365170451e-09,0.013986259286438193
0.9000000000000002,64.0,64000.0,1.0000000000000002e-10,2.2114876184439654e-23,0.8780430913863652,8908030.88188267,3511261.764990095,3.740078087240034e-09,0.013132393185803221
0.9000000000000002,65.0,65000.0,1.0000000000000002e-10,2.2114876184439654e-23,0.8780430913863652,8908030.88188267,3511261.764990095,3.5151765233146125e-09,0.012342704923505412
0.9000000000000002,66.0,66000.0,1.0000000000000002e-10,2.2114876184439654e-23,0.8780430913863652,8908030.88188267,3511261.764990095,3.306928640614178e-09,0.011611492095339234
0.9000000000000002,67.0,67000.0,1.0000000000000002e-10,2.2114876184439654e-23,0.8780430913863652,8908030.88188267,3511261.764990095,3.113876291373213e-09,0.01093363476280792
0.9000000000000002,68.0,68000.0,1.0000000000000002e-10,2.2114876184439654e-23,0.8780430913863652,8908030.88188267,3511261.764990095,2.9347081276009974e-09,0.010304528439851055
0.9000000000000002,69.0,69000.0,1.0000000000000002e-10,2.2114876184439654e-23,0.8780430913863652,8908030.88188267,3511261.764990095,2.768242950946126e-09,0.009720025629860483
0.9000000000000002,70.0,70000.0,1.0000000000000002e-10,2.2114876184439654e-23,0.8780430913863652,8908030.88188267,3511261.764990095,2.613415157288333e-09,0.009176384717832099
0.9000000000000002,71.0,71000.0,1.0000000000000002e-10,2.2114876184439654e-23,0.8780430913863652,8908030.88188267,3511261.764990095,2.4692619872921004e-09,0.00867022520372221
0.9000000000000002,72.0,72000.0,1.0000000000000002e-10,2.2114876184439654e-23,0.8780430913863652,8908030.88188267,3511261.764990095,2.3349123373472308e-09,0.008198488414730986
0.9000000000000002,73.0,73000.0,1.0000000000000002e-10,2.2114876184439654e-23,0.8780430913863652,8908030.88188267,3511261.764990095,2.209576921559785e-09,0.007758402961477392
0.9000000000000002,74.0,74000.0,1.0000000000000002e-10,2.2114876184439654e-23,0.8780430913863652,8908030.88188267,3511261.764990095,2.0925396059387674e-09,0.007347454310060234
0.9000000000000002,75.0,75000.0,1.0000000000000002e-10,2.2114876184439654e-23,0.8780430913863652,8908030.88188267,3511261.764990095,1.9831497616274298e-09,0.006963357932251615
0.9000000000000002,76.0,76000.0,1.0000000000000002e-10,2.2114876184439654e-23,0.8780430913863652,8908030.88188267,3511261.764990095,1.8808155057539675e-09,0.006604035572354414
0.9000000000000002,77.0,77000.0,1.0000000000000002e-10,2.2114876184439654e-23,0.8780430913863652,8908030.88188267,3511261.764990095,1.7849977168829538e-09,0.006267594233885731
0.9000000000000002,78.0,78000.0,1.0000000000000002e-10,2.2114876184439654e-23,0.8780430913863652,8908030.88188267,3511261.764990095,1.6952047276787282e-09,0.005952307544128765
0.9000000000000002,79.0,79000.0,1.0000000000000002e-10,2.2114876184439654e-23,0.8780430913863652,8908030.88188267,3511261.764990095,1.6109876106931051e-09,0.0056565992012994485
0.9000000000000002,80.0,80000.0,1.0000000000000002e-10,2.2114876184439654e-23,0.8780430913863652,8908030.88188267,3511261.764990095,1.5319359845335179e-09,0.005379028248904999
0.9000000000000002,81.0,81000.0,1.0000000000000002e-10,2.2114876184439654e-23,0.8780430913863652,8908030.88188267,3511261.764990095,1.457674277362331e-09,0.005118275955911919
0.9000000000000002,82.0,82000.0,1.0000000000000002e-10,2.2114876184439654e-23,0.8780430913863652,8908030.88188267,3511261.764990095,1.3878583929800876e-09,0.004873134110491579
0.9000000000000002,83.0,83000.0,1.0000000000000002e-10,2.2114876184439654e-23,0.8780430913863652,8908030.88188267,3511261.764990095,1.3221727318691467e-09,0.0046424945601246355
0.9000000000000002,84.0,84000.0,1.0000000000000002e-10,2.2114876184439654e-23,0.8780430913863652,8908030.88188267,3511261.764990095,1.2603275256984632e-09,0.004425339852349585
0.9000000000000002,85.0,85000.0,1.0000000000000002e-10,2.2114876184439654e-23,0.8780430913863652,8908030.88188267,3511261.764990095,1.2020564490653684e-09,0.004220734848962991
0.9000000000000002,86.0,86000.0,1.0000000000000002e-10,2.2114876184439654e-23,0.8780430913863652,8908030.88188267,3511261.764990095,1.1471144768021906e-09,0.004027819202462149
0.9000000000000002,87.0,87000.0,1.0000000000000002e-10,2.2114876184439654e-23,0.8780430913863652,8908030.88188267,3511261.764990095,1.0952759591106147e-09,0.0038458005973379564
0.9000000000000002,88.0,88000.0,1.0000000000000002e-10,2.2114876184439654e-23,0.8780430913863652,8908030.88188267,3511261.764990095,1.0463328901943294e-09,0.0036739486707909287
0.9000000000000002,89.0,89000.0,1.0000000000000002e-10,2.2114876184439654e-23,0.8780430913863652,8908030.88188267,3511261.764990095,1.0000933490165404e-09,0.003511589537822673
0.9000000000000002,90.0,90000.0,1.0000000000000002e-10,2.2114876184439654e-23,0.8780430913863652,8908030.88188267,3511261.764990095,9.563800933774255e-10,0.003358100854673811
0.9000000000000002,91.0,91000.0,1.0000000000000002e-10,2.2114876184439654e-23,0.8780430913863652,8908030.88188267,3511261.764990095,9.150292907420376e-10,0.0032129073624285217
0.9000000000000002,92.0,92000.0,1.0000000000000002e-10,2.2114876184439654e-23,0.8780430913863652,8908030.88188267,3511261.764990095,8.758893711977974e-10,0.0030754768594480424
0.9000000000000002,93.0,93000.0,1.0000000000000002e-10,2.2114876184439654e-23,0.8780430913863652,8908030.88188267,3511261.764990095,8.388199896220171e-10,0.002945316557269177
0.9000000000000002,94.0,94000.0,1.0000000000000002e-10,2.2114876184439654e-23,0.8780430913863652,8908030.88188267,3511261.764990095,8.036910856274838e-10,0.0028219697798271643
0.9000000000000002,95.0,95000.0,1.0000000000000002e-10,2.2114876184439654e-23,0.8780430913863652,8908030.88188267,3511261.764990095,7.703820311568251e-10,0.002705012970436368
0.9000000000000002,96.0,96000.0,1.0000000000000002e-10,2.2114876184439654e-23,0.8780430913863652,8908030.88188267,3511261.764990095,7.387808567387723e-10,0.0025940529749734764
0.9000000000000002,97.0,97000.0,1.0000000000000002e-10,2.2114876184439654e-23,0.8780430913863652,8908030.88188267,3511261.764990095,7.087835484227289e-10,0.0024887245732307336
0.9000000000000002,98.0,98000.0,1.0000000000000002e-10,2.2114876184439654e-23,0.8780430913863652,8908030.88188267,3511261.764990095,6.802934082903826e-10,0.002388688233504816
0.9000000000000002,99.0,99000.0,1.0000000000000002e-10,2.2114876184439654e-23,0.8780430913863652,8908030.88188267,3511261.764990095,6.532204722200844e-10,0.002293628068215157
0.9000000000000002,100.0,100000.0,1.0000000000000002e-10,2.2114876184439654e-23,0.8780430913863652,8908030.88188267,3511261.764990095,6.274809792649291e-10,0.002203249970751488
0.9500000000000003,1.0,1000.0,1.0000000000000002e-10,2.9795277650204e-23,0.8813825060547099,6611786.012292831,5059184.200425761,0.05925472621349717,299780.5746598791
0.9500000000000003,2.0,2000.0,1.0000000000000002e-10,2.9795277650204e-23,0.8813825060547099,6611786.012292831,5059184.200425761,0.0037034203883435732,18736.285916242443
0.9500000000000003,3.0,3000.0,1.0000000000000002e-10,2.9795277650204e-23,0.8813825060547099,6611786.012292831,5059184.200425761,0.0007315398297962615,3700.9947488873963
0.9500000000000003,4.0,4000.0,1.0000000000000002e-10,2.9795277650204e-23,0.8813825060547099,6611786.012292831,5059184.200425761,0.00023146377427147333,1171.0178697651527
0.9500000000000003,5.0,5000.0,1.0000000000000002e-10,2.9795277650204e-23,0.8813825060547099,6611786.012292831,5059184.200425761,9.480756194159547e-05,479.6489194558065
0.9500000000000003,6.0,6000.0,1.0000000000000002e-10,2.9795277650204e-23,0.8813825060547099,6611786.012292831,5059184.200425761,4.572123936226634e-05,231.31217180546227
0.9500000000000003,7.0,7000.0,1.0000000000000002e-10,2.9795277650204e-23,0.8813825060547099,6611786.012292831,5059184.200425761,2.467918626134826e-05,124.85654921277761
0.9500000000000003,8.0,8000.0,1.0000000000000002e-10,2.9795277650204e-23,0.8813825060547099,6611786.012292831,5059184.200425761,1.4466485891967083e-05,73.18861686032204
0.9500000000000003,9.0,9000.0,1.0000000000000002e-10,2.9795277650204e-23,0.8813825060547099,6611786.012292831,5059184.200425761,9.031355923410635e-06,45.69129319614069
0.9500000000000003,10.0,10000.0,1.0000000000000002e-10,2.9795277650204e-23,0.8813825060547099,6611786.012292831,5059184.200425761,5.925472621349717e-06,29.978057465987906
0.9500000000000003,11.0,11000.0,1.0000000000000002e-10,2.9795277650204e-23,0.8813825060547099,6611786.012292831,5059184.200425761,4.047177529779193e-06,20.475416614977053
0.9500000000000003,12.0,12000.0,1.0000000000000002e-10,2.9795277650204e-23,0.8813825060547099,6611786.012292831,5059184.200425761,2.8575774601416463e-06,14.457010737841392
0.9500000000000003,13.0,13000.0,1.0000000000000002e-10,2.9795277650204e-23,0.8813825060547099,6611786.012292831,5059184.200425761,2.074672672998046e-06,10.496151208286795
0.9500000000000003,14.0,14000.0,1.0000000000000002e-10,2.9795277650204e-23,0.8813825060547099,6611786.012292831,5059184.200425761,1.5424491413342662e-06,7.8035343257986005
0.9500000000000003,15.0,15000.0,1.0000000000000002e-10,2.9795277650204e-23,0.8813825060547099,6611786.012292831,5059184.200425761,1.1704637276740179e-06,5.921591598219831
0.9500000000000003,16.0,16000.0,1.0000000000000002e-10,2.9795277650204e-23,0.8813825060547099,6611786.012292831,5059184.200425761,9.041553682479427e-07,4.574288553770128
0.9500000000000003,17.0,17000.0,1.0000000000000002e-10,2.9795277650204e-23,0.8813825060547099,6611786.012292831,5059184.200425761,7.094590128649942e-07,3.589283828736235
0.9500000000000003,18.0,18000.0,1.0000000000000002e-10,2.9795277650204e-23,0.8813825060547099,6611786.012292831,5059184.200425761,5.644597452131647e-07,2.855705824758793
0.9500000000000003,19.0,19000.0,1.0000000000000002e-10,2.9795277650204e-23,0.8813825060547099,6611786.012292831,5059184.200425761,4.5468286932648734e-07,2.3003243887008153
0.9500000000000003,20.0,20000.0,1.0000000000000002e-10,2.9795277650204e-23,0.8813825060547099,6611786.012292831,5059184.200425761,3.703420388343573e-07,1.873628591624244
0.9500000000000003,21.0,21000.0,1.0000000000000002e-10,2.9795277650204e-23,0.8813825060547099,6611786.012292831,5059184.200425761,3.0468131186849696e-07,1.5414388791700937
0.9500000000000003,22.0,22000.0,1.0000000000000002e-10,2.9795277650204e-23,0.8813825060547099,6611786.012292831,5059184.200425761,2.529485956111996e-07,1.2797135384360658
0.9500000000000003,23.0,23000.0,1.0000000000000002e-10,2.9795277650204e-23,0.8813825060547099,6611786.012292831,5059184.200425761,2.117442626830849e-07,1.071253228297065
0.9500000000000003,24.0,24000.0,1.0000000000000002e-10,2.9795277650204e-23,0.8813825060547099,6611786.012292831,5059184.200425761,1.785985912588529e-07,0.903563171115087
0.9500000000000003,25.0,25000.0,1.0000000000000002e-10,2.9795277650204e-23,0.8813825060547099,6611786.012292831,5059184.200425761,1.516920991065528e-07,0.7674382711292905
0.9500000000000003,26.0,26000.0,1.0000000000000002e-10,2.9795277650204e-23,0.8813825060547099,6611786.012292831,5059184.200425761,1.2966704206237787e-07,0.6560094505179247
0.9500000000000003,27.0,27000.0,1.0000000000000002e-10,2.9795277650204e-23,0.8813825060547099,6611786.012292831,5059184.200425761,1.1149822127667446e-07,0.5640900394585269
0.9500000000000003,28.0,28000.0,1.0000000000000002e-10,2.9795277650204e-23,0.8813825060547099,6611786.012292831,5059184.200425761,9.640307133339164e-08,0.48772089536241253
0.9500000000000003,29.0,29000.0,1.0000000000000002e-10,2.9795277650204e-23,0.8813825060547099,6611786.012292831,5059184.200425761,8.37781959553518e-08,0.4238493253174892
0.9500000000000003,30.0,30000.0,1.0000000000000002e-10,2.9795277650204e-23,0.8813825060547099,6611786.012292831,5059184.200425761,7.315398297962612e-08,0.37009947488873945
0.9500000000000003,31.0,31000.0,1.0000000000000002e-10,2.9795277650204e-23,0.8813825060547099,6611786.012292831,5059184.200425761,6.416175291465724e-08,0.3246061266174554
0.9500000000000003,32.0,32000.0,1.0000000000000002e-10,2.9795277650204e-23,0.8813825060547099,6611786.012292831,5059184.200425761,5.650971051549642e-08,0.285893034610633
0.9500000000000003,33.0,33000.0,1.0000000000000002e-10,2.9795277650204e-23,0.8813825060547099,6611786.012292831,5059184.200425761,4.996515468863203e-08,0.2527829211725563
0.9500000000000003,34.0,34000.0,1.0000000000000002e-10,2.9795277650204e-23,0.8813825060547099,6611786.012292831,5059184.200425761,4.434118830406214e-08,0.2243302392960147
0.9500000000000003,35.0,35000.0,1.0000000000000002e-10,2.9795277650204e-23,0.8813825060547099,6611786.012292831,5059184.200425761,3.948669801815721e-08,0.19977047874044415
0.9500000000000003,36.0,36000.0,1.0000000000000002e-10,2.9795277650204e-23,0.8813825060547099,6611786.012292831,5059184.200425761,3.527873407582279e-08,0.17848161404742457
0.9500000000000003,37.0,37000.0,1.0000000000000002e-10,2.9795277650204e-23,0.8813825060547099,6611786.012292831,5059184.200425761,3.161666805226295e-08,0.15995454748011462
0.9500000000000003,38.0,38000.0,1.0000000000000002e-10,2.9795277650204e-23,0.8813825060547099,6611786.012292831,5059184.200425761,2.841767933290546e-08,0.14377027429380096
0.9500000000000003,39.0,39000.0,1.0000000000000002e-10,2.9795277650204e-23,0.8813825060547099,6611786.012292831,5059184.200425761,2.561324287651907e-08,0.12958211368255296
0.9500000000000003,40.0,40000.0,1.0000000000000002e-10,2.9795277650204e-23,0.8813825060547099,6611786.012292831,5059184.200425761,2.3146377427147332e-08,0.11710178697651526
0.9500000000000003,41.0,41000.0,1.0000000000000002e-10,2.9795277650204e-23,0.8813825060547099,6611786.012292831,5059184.200425761,2.0969475554902613e-08,0.10608843941857751
0.9500000000000003,42.0,42000.0,1.0000000000000002e-10,2.9795277650204e-23,0.8813825060547099,6611786.012292831,5059184.200425761,1.904258199178106e-08,0.09633992994813086
0.9500000000000003,43.0,43000.0,1.0000000000000002e-10,2.9795277650204e-23,0.8813825060547099,6611786.012292831,5059184.200425761,1.7332019679851846e-08,0.08768588012577481
0.9500000000000003,44.0,44000.0,1.0000000000000002e-10,2.9795277650204e-23,0.8813825060547099,6611786.012292831,5059184.200425761,1.5809287225699974e-08,0.07998209615225411
0.9500000000000003,45.0,45000.0,1.0000000000000002e-10,2.9795277650204e-23,0.8813825060547099,6611786.012292831,5059184.200425761,1.4450169477457012e-08,0.07310606911382508
0.9500000000000003,46.0,46000.0,1.0000000000000002e-10,2.9795277650204e-23,0.8813825060547099,6611786.012292831,5059184.200425761,1.3234016417692806e-08,0.06695332676856657
0.9500000000000003,47.0,47000.0,1.0000000000000002e-10,2.9795277650204e-23,0.8813825060547099,6611786.012292831,5059184.200425761,1.2143155713149521e-08,0.06143446152727587
0.9500000000000003,48.0,48000.0,1.0000000000000002e-10,2.9795277650204e-23,0.8813825060547099,6611786.012292831,5059184.200425761,1.1162411953678306e-08,0.05647269819469294
0.9500000000000003,49.0,49000.0,1.0000000000000002e-10,2.9795277650204e-23,0.8813825060547099,6611786.012292831,5059184.200425761,1.0278711479112146e-08,0.052001894715859066
0.9500000000000003,50.0,50000.0,1.0000000000000002e-10,2.9795277650204e-23,0.8813825060547099,6611786.012292831,5059184.200425761,9.48075619415955e-09,0.04796489194558066
0.9500000000000003,51.0,51000.0,1.0000000000000002e-10,2.9795277650204e-23,0.8813825060547099,6611786.012292831,5059184.200425761,8.758753245246839e-09,0.04431214603378067
0.9500000000000003,52.0,52000.0,1.0000000000000002e-10,2.9795277650204e-23,0.8813825060547099,6611786.012292831,5059184.200425761,8.104190128898617e-09,0.041000590657370294
0.9500000000000003,53.0,53000.0,1.0000000000000002e-10,2.9795277650204e-23,0.8813825060547099,6611786.012292831,5059184.200425761,7.509646904098393e-09,0.03799268696799082
0.9500000000000003,54.0,54000.0,1.0000000000000002e-10,2.9795277650204e-23,0.8813825060547099,6611786.012292831,5059184.200425761,6.968638829792154e-09,0.03525562746615793
0.9500000000000003,55.0,55000.0,1.0000000000000002e-10,2.9795277650204e-23,0.8813825060547099,6611786.012292831,5059184.200425761,6.47548404764671e-09,0.03276066658396329
0.9500000000000003,56.0,56000.0,1.0000000000000002e-10,2.9795277650204e-23,0.8813825060547099,6611786.012292831,5059184.200425761,6.025191958336977e-09,0.030482555960150783
0.9500000000000003,57.0,57000.0,1.0000000000000002e-10,2.9795277650204e-23,0.8813825060547099,6611786.012292831,5059184.200425761,5.613368757117128e-09,0.02839906652717056
0.9500000000000003,58.0,58000.0,1.0000000000000002e-10,2.9795277650204e-23,0.8813825060547099,6611786.012292831,5059184.200425761,5.236137247209488e-09,0.026490582832343075
0.9500000000000003,59.0,59000.0,1.0000000000000002e-10,2.9795277650204e-23,0.8813825060547099,6611786.012292831,5059184.200425761,4.89006857297535e-09,0.024739757663395437
0.9500000000000003,60.0,60000.0,1.0000000000000002e-10,2.9795277650204e-23,0.8813825060547099,6611786.012292831,5059184.200425761,4.572123936226632e-09,0.023131217180546216
0.9500000000000003,61.0,61000.0,1.0000000000000002e-10,2.9795277650204e-23,0.8813825060547099,6611786.012292831,5059184.200425761,4.279604699598757e-09,0.021651308480277864
0.9500000000000003,62.0,62000.0,1.0000000000000002e-10,2.9795277650204e-23,0.8813825060547099,6611786.012292831,5059184.200425761,4.010109557166078e-09,0.020287882913590963
0.9500000000000003,63.0,63000.0,1.0000000000000002e-10,2.9795277650204e-23,0.8813825060547099,6611786.012292831,5059184.200425761,3.761497677388851e-09,0.01903010961938387
0.9500000000000003,64.0,64000.0,1.0000000000000002e-10,2.9795277650204e-23,0.8813825060547099,6611786.012292831,5059184.200425761,3.531856907218526e-09,0.01786831466316456
0.9500000000000003,65.0,65000.0,1.0000000000000002e-10,2.9795277650204e-23,0.8813825060547099,6611786.012292831,5059184.200425761,3.319476276796873e-09,0.01679384193325887
0.9500000000000003,66.0,66000.0,1.0000000000000002e-10,2.9795277650204e-23,0.8813825060547099,6611786.012292831,5059184.200425761,3.122822168039502e-09,0.01579893257328477
0.9500000000000003,67.0,67000.0,1.0000000000000002e-10,2.9795277650204e-23,0.8813825060547099,6611786.012292831,5059184.200425761,2.94051761256841e-09,0.014876620246579778
0.9500000000000003,68.0,68000.0,1.0000000000000002e-10,2.9795277650204e-23,0.8813825060547099,6611786.012292831,5059184.200425761,2.7713242690038836e-09,0.014020639956000919
0.9500000000000003,69.0,69000.0,1.0000000000000002e-10,2.9795277650204e-23,0.8813825060547099,6611786.012292831,5059184.200425761,2.614126699791172e-09,0.013225348497494634
0.9500000000000003,70.0,70000.0,1.0000000000000002e-10,2.9795277650204e-23,0.8813825060547099,6611786.012292831,5059184.200425761,2.4679186261348255e-09,0.01248565492127776
0.9500000000000003,71.0,71000.0,1.0000000000000002e-10,2.9795277650204e-23,0.8813825060547099,6611786.012292831,5059184.200425761,2.3317908883515886e-09,0.011796959621045107
0.9500000000000003,72.0,72000.0,1.0000000000000002e-10,2.9795277650204e-23,0.8813825060547099,6611786.012292831,5059184.200425761,2.2049208797389245e-09,0.011155100877964036
0.9500000000000003,73.0,73000.0,1.0000000000000002e-10,2.9795277650204e-23,0.8813825060547099,6611786.012292831,5059184.200425761,2.086563256276935e-09,0.010556307859345197
0.9500000000000003,74.0,74000.0,1.0000000000000002e-10,2.9795277650204e-23,0.8813825060547099,6611786.012292831,5059184.200425761,1.9760417532664344e-09,0.009997159217507164
0.9500000000000003,75.0,75000.0,1.0000000000000002e-10,2.9795277650204e-23,0.8813825060547099,6611786.012292831,5059184.200425761,1.872741964278429e-09,0.009474546557151733
0.9500000000000003,76.0,76000.0,1.0000000000000002e-10,2.9795277650204e-23,0.8813825060547099,6611786.012292831,5059184.200425761,1.7761049583065912e-09,0.00898564214336256
0.9500000000000003,77.0,77000.0,1.0000000000000002e-10,2.9795277650204e-23,0.8813825060547099,6611786.012292831,5059184.200425761,1.6856216283961649e-09,0.00852787031027782
0.9500000000000003,78.0,78000.0,1.0000000000000002e-10,2.9795277650204e-23,0.8813825060547099,6611786.012292831,5059184.200425761,1.600827679782442e-09,0.00809888210515956
0.9500000000000003,79.0,79000.0,1.0000000000000002e-10,2.9795277650204e-23,0.8813825060547099,6611786.012292831,5059184.200425761,1.521299178132574e-09,0.007696532766129013
0.9500000000000003,80.0,80000.0,1.0000000000000002e-10,2.9795277650204e-23,0.8813825060547099,6611786.012292831,5059184.200425761,1.4466485891967082e-09,0.0073188616860322036
0.9500000000000003,81.0,81000.0,1.0000000000000002e-10,2.9795277650204e-23,0.8813825060547099,6611786.012292831,5059184.200425761,1.3765212503293144e-09,0.0069640745612163804
0.9500000000000003,82.0,82000.0,1.0000000000000002e-10,2.9795277650204e-23,0.8813825060547099,6611786.012292831,5059184.200425761,1.3105922221814133e-09,0.0066305274636610945
0.9500000000000003,83.0,83000.0,1.0000000000000002e-10,2.9795277650204e-23,0.8813825060547099,6611786.012292831,5059184.200425761,1.248563475591502e-09,0.006316712608941202
0.9500000000000003,84.0,84000.0,1.0000000000000002e-10,2.9795277650204e-23,0.8813825060547099,6611786.012292831,5059184.200425761,1.1901613744863163e-09,0.0060212456217581785
0.9500000000000003,85.0,85000.0,1.0000000000000002e-10,2.9795277650204e-23,0.8813825060547099,6611786.012292831,5059184.200425761,1.1351344205839906e-09,0.005742854125977976
0.9500000000000003,86.0,86000.0,1.0000000000000002e-10,2.9795277650204e-23,0.8813825060547099,6611786.012292831,5059184.200425761,1.0832512299907404e-09,0.005480367507860926
0.9500000000000003,87.0,87000.0,1.0000000000000002e-10,2.9795277650204e-23,0.8813825060547099,6611786.012292831,5059184.200425761,1.0342987154981701e-09,0.005232707719969002
0.9500000000000003,88.0,88000.0,1.0000000000000002e-10,2.9795277650204e-23,0.8813825060547099,6611786.012292831,5059184.200425761,9.880804516062484e-10,0.004998881009515882
0.9500000000000003,89.0,89000.0,1.0000000000000002e-10,2.9795277650204e-23,0.8813825060547099,6611786.012292831,5059184.200425761,9.44415202088449e-10,0.004777970469047783
0.9500000000000003,90.0,90000.0,1.0000000000000002e-10,2.9795277650204e-23,0.8813825060547099,6611786.012292831,5059184.200425761,9.031355923410632e-10,0.004569129319614068
0.9500000000000003,91.0,91000.0,1.0000000000000002e-10,2.9795277650204e-23,0.8813825060547099,6611786.012292831,5059184.200425761,8.640869108696565e-10,0.004371574847266468
0.9500000000000003,92.0,92000.0,1.0000000000000002e-10,2.9795277650204e-23,0.8813825060547099,6611786.012292831,5059184.200425761,8.271260261058004e-10,0.00418458292303541
0.9500000000000003,93.0,93000.0,1.0000000000000002e-10,2.9795277650204e-23,0.8813825060547099,6611786.012292831,5059184.200425761,7.921204063537932e-10,0.004007483044659943
0.9500000000000003,94.0,94000.0,1.0000000000000002e-10,2.9795277650204e-23,0.8813825060547099,6611786.012292831,5059184.200425761,7.589472320718451e-10,0.003839653845454742
0.9500000000000003,95.0,95000.0,1.0000000000000002e-10,2.9795277650204e-23,0.8813825060547099,6611786.012292831,5059184.200425761,7.274925909223798e-10,0.003680519021921305
0.9500000000000003,96.0,96000.0,1.0000000000000002e-10,2.9795277650204e-23,0.8813825060547099,6611786.012292831,5059184.200425761,6.976507471048941e-10,0.0035295436371683086
0.9500000000000003,97.0,97000.0,1.0000000000000002e-10,2.9795277650204e-23,0.8813825060547099,6611786.012292831,5059184.200425761,6.693234774322538e-10,0.0033862307619992866
0.9500000000000003,98.0,98000.0,1.0000000000000002e-10,2.9795277650204e-23,0.8813825060547099,6611786.012292831,5059184.200425761,6.424194674445091e-10,0.0032501184197411916
0.9500000000000003,99.0,99000.0,1.0000000000000002e-10,2.9795277650204e-23,0.8813825060547099,6611786.012292831,5059184.200425761,6.168537615880496e-10,0.0031207768045994596
0.9500000000000003,100.0,100000.0,1.0000000000000002e-10,2.9795277650204e-23,0.8813825060547099,6611786.012292831,5059184.200425761,5.925472621349719e-10,0.002997805746598791
1.0000000000000004,1.0,1000.0,1.0000000000000002e-10,3.223952051002912e-23,0.858326248225281,6110512.71493684,5665145.990589838,0.055585752900286556,314901.4051769758
1.0000000000000004,2.0,2000.0,1.0000000000000002e-10,3.223952051002912e-23,0.858326248225281,6110512.71493684,5665145.990589838,0.0034741095562679097,19681.33782356099
1.0000000000000004,3.0,3000.0,1.0000000000000002e-10,3.223952051002912e-23,0.858326248225281,6110512.71493684,5665145.990589838,0.0006862438629665008,3887.671668851554
1.0000000000000004,4.0,4000.0,1.0000000000000002e-10,3.223952051002912e-23,0.858326248225281,6110512.71493684,5665145.990589838,0.00021713184726674436,1230.0836139725618
1.0000000000000004,5.0,5000.0,1.0000000000000002e-10,3.223952051002912e-23,0.858326248225281,6110512.71493684,5665145.990589838,8.893720464045849e-05,503.8422482831613
1.0000000000000004,6.0,6000.0,1.0000000000000002e-10,3.223952051002912e-23,0.858326248225281,6110512.71493684,5665145.990589838,4.28902414354063e-05,242.97947930322212
1.0000000000000004,7.0,7000.0,1.0000000000000002e-10,3.223952051002912e-23,0.858326248225281,6110512.71493684,5665145.990589838,2.3151084090081865e-05,131.15427121073546
1.0000000000000004,8.0,8000.0,1.0000000000000002e-10,3.223952051002912e-23,0.858326248225281,6110512.71493684,5665145.990589838,1.3570740454171522e-05,76.88022587328511
1.0000000000000004,9.0,9000.0,1.0000000000000002e-10,3.223952051002912e-23,0.858326248225281,6110512.71493684,5665145.990589838,8.472146456376553e-06,47.99594652903153
1.0000000000000004,10.0,10000.0,1.0000000000000002e-10,3.223952051002912e-23,0.858326248225281,6110512.71493684,5665145.990589838,5.5585752900286555e-06,31.490140517697583
1.0000000000000004,11.0,11000.0,1.0000000000000002e-10,3.223952051002912e-23,0.858326248225281,6110512.71493684,5665145.990589838,3.796581715749372e-06,21.50818968492424
1.0000000000000004,12.0,12000.0,1.0000000000000002e-10,3.223952051002912e-23,0.858326248225281,6110512.71493684,5665145.990589838,2.6806400897128937e-06,15.186217456451383
1.0000000000000004,13.0,13000.0,1.0000000000000002e-10,3.223952051002912e-23,0.858326248225281,6110512.71493684,5665145.990589838,1.9462117187873875e-06,11.025573515527325
1.0000000000000004,14.0,14000.0,1.0000000000000002e-10,3.223952051002912e-23,0.858326248225281,6110512.71493684,5665145.990589838,1.4469427556301165e-06,8.197141950670966
1.0000000000000004,15.0,15000.0,1.0000000000000002e-10,3.223952051002912e-23,0.858326248225281,6110512.71493684,5665145.990589838,1.0979901807464008e-06,6.220274670162484
1.0000000000000004,16.0,16000.0,1.0000000000000002e-10,3.223952051002912e-23,0.858326248225281,6110512.71493684,5665145.990589838,8.481712783857202e-07,4.80501411708032
1.0000000000000004,17.0,17000.0,1.0000000000000002e-10,3.223952051002912e-23,0.858326248225281,6110512.71493684,5665145.990589838,6.655302606564405e-07,3.7703260877740434
1.0000000000000004,18.0,18000.0,1.0000000000000002e-10,3.223952051002912e-23,0.858326248225281,6110512.71493684,5665145.990589838,5.295091535235346e-07,2.9997466580644705
1.0000000000000004,19.0,19000.0,1.0000000000000002e-10,3.223952051002912e-23,0.858326248225281,6110512.71493684,5665145.990589838,4.26529514815621e-07,2.4163519707259438
1.0000000000000004,20.0,20000.0,1.0000000000000002e-10,3.223952051002912e-23,0.858326248225281,6110512.71493684,5665145.990589838,3.4741095562679097e-07,1.968133782356099
1.0000000000000004,21.0,21000.0,1.0000000000000002e-10,3.223952051002912e-23,0.858326248225281,6110512.71493684,5665145.990589838,2.8581585296397356e-07,1.6191885334658693
1.0000000000000004,22.0,22000.0,1.0000000000000002e-10,3.223952051002912e-23,0.858326248225281,6110512.71493684,5665145.990589838,2.3728635723433574e-07,1.344261855307765
1.0000000000000004,23.0,23000.0,1.0000000000000002e-10,3.223952051002912e-23,0.858326248225281,6110512.71493684,5665145.990589838,1.9863334143419493e-07,1.1252868778233918
1.0000000000000004,24.0,24000.0,1.0000000000000002e-10,3.223952051002912e-23,0.858326248225281,6110512.71493684,5665145.990589838,1.6754000560705586e-07,0.9491385910282114
1.0000000000000004,25.0,25000.0,1.0000000000000002e-10,3.223952051002912e-23,0.858326248225281,6110512.71493684,5665145.990589838,1.422995274247336e-07,0.8061475972530582
1.0000000000000004,26.0,26000.0,1.0000000000000002e-10,3.223952051002912e-23,0.858326248225281,6110512.71493684,5665145.990589838,1.2163823242421172e-07,0.6890983447204578
1.0000000000000004,27.0,27000.0,1.0000000000000002e-10,3.223952051002912e-23,0.858326248225281,6110512.71493684,5665145.990589838,1.0459440069600679e-07,0.5925425497411297
1.0000000000000004,28.0,28000.0,1.0000000000000002e-10,3.223952051002912e-23,0.858326248225281,6110512.71493684,5665145.990589838,9.043392222688228e-08,0.5123213719169354
1.0000000000000004,29.0,29000.0,1.0000000000000002e-10,3.223952051002912e-23,0.858326248225281,6110512.71493684,5665145.990589838,7.859076222927884e-08,0.44522814154059825
1.0000000000000004,30.0,30000.0,1.0000000000000002e-10,3.223952051002912e-23,0.858326248225281,6110512.71493684,5665145.990589838,6.862438629665005e-08,0.3887671668851552
1.0000000000000004,31.0,31000.0,1.0000000000000002e-10,3.223952051002912e-23,0.858326248225281,6110512.71493684,5665145.990589838,6.018894307794469e-08,0.3409791495558583
1.0000000000000004,32.0,32000.0,1.0000000000000002e-10,3.223952051002912e-23,0.858326248225281,6110512.71493684,5665145.990589838,5.301070489910751e-08,0.30031338231752
1.0000000000000004,33.0,33000.0,1.0000000000000002e-10,3.223952051002912e-23,0.858326248225281,6110512.71493684,5665145.990589838,4.6871379206782377e-08,0.26553320598671903
1.0000000000000004,34.0,34000.0,1.0000000000000002e-10,3.223952051002912e-23,0.858326248225281,6110512.71493684,5665145.990589838,4.159564129102753e-08,0.23564538048587771
1.0000000000000004,35.0,35000.0,1.0000000000000002e-10,3.223952051002912e-23,0.858326248225281,6110512.71493684,5665145.990589838,3.704173454413098e-08,0.20984683393717668
1.0000000000000004,36.0,36000.0,1.0000000000000002e-10,3.223952051002912e-23,0.858326248225281,6110512.71493684,5665145.990589838,3.309432209522091e-08,0.1874841661290294
1.0000000000000004,37.0,37000.0,1.0000000000000002e-10,3.223952051002912e-23,0.858326248225281,6110512.71493684,5665145.990589838,2.9659006296837127e-08,0.1680226006074056
1.0000000000000004,38.0,38000.0,1.0000000000000002e-10,3.223952051002912e-23,0.858326248225281,6110512.71493684,5665145.990589838,2.665809467597631e-08,0.15102199817037149
1.0000000000000004,39.0,39000.0,1.0000000000000002e-10,3.223952051002912e-23,0.858326248225281,6110512.71493684,5665145.990589838,2.4027305170214644e-08,0.13611819154971996
1.0000000000000004,40.0,40000.0,1.0000000000000002e-10,3.223952051002912e-23,0.858326248225281,6110512.71493684,5665145.990589838,2.1713184726674436e-08,0.12300836139725618
1.0000000000000004,41.0,41000.0,1.0000000000000002e-10,3.223952051002912e-23,0.858326248225281,6110512.71493684,5665145.990589838,1.9671073703786892e-08,0.1114395043236055
1.0000000000000004,42.0,42000.0,1.0000000000000002e-10,3.223952051002912e-23,0.858326248225281,6110512.71493684,5665145.990589838,1.7863490810248348e-08,0.10119928334161683
1.0000000000000004,43.0,43000.0,1.0000000000000002e-10,3.223952051002912e-23,0.858326248225281,6110512.71493684,5665145.990589838,1.6258844226466107e-08,0.09210872618118919
1.0000000000000004,44.0,44000.0,1.0000000000000002e-10,3.223952051002912e-23,0.858326248225281,6110512.71493684,5665145.990589838,1.4830397327145984e-08,0.08401636595673531
1.0000000000000004,45.0,45000.0,1.0000000000000002e-10,3.223952051002912e-23,0.858326248225281,6110512.71493684,5665145.990589838,1.3555434330202481e-08,0.07679351444645043
1.0000000000000004,46.0,46000.0,1.0000000000000002e-10,3.223952051002912e-23,0.858326248225281,6110512.71493684,5665145.990589838,1.2414583839637183e-08,0.07033042986396199
1.0000000000000004,47.0,47000.0,1.0000000000000002e-10,3.223952051002912e-23,0.858326248225281,6110512.71493684,5665145.990589838,1.1391267769406762e-08,0.06453319493158996
1.0000000000000004,48.0,48000.0,1.0000000000000002e-10,3.223952051002912e-23,0.858326248225281,6110512.71493684,5665145.990589838,1.0471250350440991e-08,0.05932116193926321
1.0000000000000004,49.0,49000.0,1.0000000000000002e-10,3.223952051002912e-23,0.858326248225281,6110512.71493684,5665145.990589838,9.642267426106567e-09,0.05462485264920261
1.0000000000000004,50.0,50000.0,1.0000000000000002e-10,3.223952051002912e-23,0.858326248225281,6110512.71493684,5665145.990589838,8.89372046404585e-09,0.050384224828316136
1.0000000000000004,51.0,51000.0,1.0000000000000002e-10,3.223952051002912e-23,0.858326248225281,6110512.71493684,5665145.990589838,8.216422971067164e-09,0.046547235651531384
1.0000000000000004,52.0,52000.0,1.0000000000000002e-10,3.223952051002912e-23,0.858326248225281,6110512.71493684,5665145.990589838,7.602389526513232e-09,0.043068646545028615
1.0000000000000004,53.0,53000.0,1.0000000000000002e-10,3.223952051002912e-23,0.858326248225281,6110512.71493684,5665145.990589838,7.044659622181027e-09,0.039909025213668965
1.0000000000000004,54.0,54000.0,1.0000000000000002e-10,3.223952051002912e-23,0.858326248225281,6110512.71493684,5665145.990589838,6.537150043500424e-09,0.03703390935882061
1.0000000000000004,55.0,55000.0,1.0000000000000002e-10,3.223952051002912e-23,0.858326248225281,6110512.71493684,5665145.990589838,6.074530745198996e-09,0.03441310349587879
1.0000000000000004,56.0,56000.0,1.0000000000000002e-10,3.223952051002912e-23,0.858326248225281,6110512.71493684,5665145.990589838,5.652120139180143e-09,0.03202008574480846
1.0000000000000004,57.0,57000.0,1.0000000000000002e-10,3.223952051002912e-23,0.858326248225281,6110512.71493684,5665145.990589838,5.2657964792051975e-09,0.029831505811431406
1.0000000000000004,58.0,58000.0,1.0000000000000002e-10,3.223952051002912e-23,0.858326248225281,6110512.71493684,5665145.990589838,4.911922639329927e-09,0.02782675884628739
1.0000000000000004,59.0,59000.0,1.0000000000000002e-10,3.223952051002912e-23,0.858326248225281,6110512.71493684,5665145.990589838,4.587282074066007e-09,0.025987622649599675
1.0000000000000004,60.0,60000.0,1.0000000000000002e-10,3.223952051002912e-23,0.858326248225281,6110512.71493684,5665145.990589838,4.289024143540628e-09,0.0242979479303222
1.0000000000000004,61.0,61000.0,1.0000000000000002e-10,3.223952051002912e-23,0.858326248225281,6110512.71493684,5665145.990589838,4.014617306401723e-09,0.022743393137114296
1.0000000000000004,62.0,62000.0,1.0000000000000002e-10,3.223952051002912e-23,0.858326248225281,6110512.71493684,5665145.990589838,3.761808942371543e-09,0.021311196847241143
1.0000000000000004,63.0,63000.0,1.0000000000000002e-10,3.223952051002912e-23,0.858326248225281,6110512.71493684,5665145.990589838,3.528590777333007e-09,0.019989981894640362
1.0000000000000004,64.0,64000.0,1.0000000000000002e-10,3.223952051002912e-23,0.858326248225281,6110512.71493684,5665145.990589838,3.3131690561942193e-09,0.018769586394845
1.0000000000000004,65.0,65000.0,1.0000000000000002e-10,3.223952051002912e-23,0.858326248225281,6110512.71493684,5665145.990589838,3.1139387500598198e-09,0.017640917624843717
1.0000000000000004,66.0,66000.0,1.0000000000000002e-10,3.223952051002912e-23,0.858326248225281,6110512.71493684,5665145.990589838,2.9294612004238985e-09,0.01659582537416994
1.0000000000000004,67.0,67000.0,1.0000000000000002e-10,3.223952051002912e-23,0.858326248225281,6110512.71493684,5665145.990589838,2.7584446989468495e-09,0.015626991926502534
1.0000000000000004,68.0,68000.0,1.0000000000000002e-10,3.223952051002912e-23,0.858326248225281,6110512.71493684,5665145.990589838,2.5997275806892206e-09,0.014727836280367357
1.0000000000000004,69.0,69000.0,1.0000000000000002e-10,3.223952051002912e-23,0.858326248225281,6110512.71493684,5665145.990589838,2.4522634744962344e-09,0.013892430590412248
1.0000000000000004,70.0,70000.0,1.0000000000000002e-10,3.223952051002912e-23,0.858326248225281,6110512.71493684,5665145.990589838,2.315108409008186e-09,0.013115427121073542
1.0000000000000004,71.0,71000.0,1.0000000000000002e-10,3.223952051002912e-23,0.858326248225281,6110512.71493684,5665145.990589838,2.187409518492168e-09,0.012391994263463952
1.0000000000000004,72.0,72000.0,1.0000000000000002e-10,3.223952051002912e-23,0.858326248225281,6110512.71493684,5665145.990589838,2.068395130951307e-09,0.011717760383064338
1.0000000000000004,73.0,73000.0,1.0000000000000002e-10,3.223952051002912e-23,0.858326248225281,6110512.71493684,5665145.990589838,1.9573660530695033e-09,0.011088764447663352
1.0000000000000004,74.0,74000.0,1.0000000000000002e-10,3.223952051002912e-23,0.858326248225281,6110512.71493684,5665145.990589838,1.8536878935523205e-09,0.01050141253796285
1.0000000000000004,75.0,75000.0,1.0000000000000002e-10,3.223952051002912e-23,0.858326248225281,6110512.71493684,5665145.990589838,1.7567842891942418e-09,0.009952439472259976
1.0000000000000004,76.0,76000.0,1.0000000000000002e-10,3.223952051002912e-23,0.858326248225281,6110512.71493684,5665145.990589838,1.6661309172485194e-09,0.009438874885648218
1.0000000000000004,77.0,77000.0,1.0000000000000002e-10,3.223952051002912e-23,0.858326248225281,6110512.71493684,5665145.990589838,1.5812501939814121e-09,0.0089580131965532
1.0000000000000004,78.0,78000.0,1.0000000000000002e-10,3.223952051002912e-23,0.858326248225281,6110512.71493684,5665145.990589838,1.5017065731384153e-09,0.008507386971857498
1.0000000000000004,79.0,79000.0,1.0000000000000002e-10,3.223952051002912e-23,0.858326248225281,6110512.71493684,5665145.990589838,1.427102369832981e-09,0.008084743268620569
1.0000000000000004,80.0,80000.0,1.0000000000000002e-10,3.223952051002912e-23,0.858326248225281,6110512.71493684,5665145.990589838,1.3570740454171522e-09,0.007688022587328511
1.0000000000000004,81.0,81000.0,1.0000000000000002e-10,3.223952051002912e-23,0.858326248225281,6110512.71493684,5665145.990589838,1.2912888974815651e-09,0.00731534012026086
1.0000000000000004,82.0,82000.0,1.0000000000000002e-10,3.223952051002912e-23,0.858326248225281,6110512.71493684,5665145.990589838,1.2294421064866808e-09,0.006964969020225344
1.0000000000000004,83.0,83000.0,1.0000000000000002e-10,3.223952051002912e-23,0.858326248225281,6110512.71493684,5665145.990589838,1.1712540968376558e-09,0.006635325450661767
1.0000000000000004,84.0,84000.0,1.0000000000000002e-10,3.223952051002912e-23,0.858326248225281,6110512.71493684,5665145.990589838,1.1164681756405217e-09,0.006324955208851052
1.0000000000000004,85.0,85000.0,1.0000000000000002e-10,3.223952051002912e-23,0.858326248225281,6110512.71493684,5665145.990589838,1.0648484170503046e-09,0.006032521740438468
1.0000000000000004,86.0,86000.0,1.0000000000000002e-10,3.223952051002912e-23,0.858326248225281,6110512.71493684,5665145.990589838,1.0161777641541317e-09,0.005756795386324324
1.0000000000000004,87.0,87000.0,1.0000000000000002e-10,3.223952051002912e-23,0.858326248225281,6110512.71493684,5665145.990589838,9.70256323818257e-10,0.005496643722723434
1.0000000000000004,88.0,88000.0,1.0000000000000002e-10,3.223952051002912e-23,0.858326248225281,6110512.71493684,5665145.990589838,9.26899832946624e-10,0.005251022872295957
1.0000000000000004,89.0,89000.0,1.0000000000000002e-10,3.223952051002912e-23,0.858326248225281,6110512.71493684,5665145.990589838,8.859382772172028e-10,0.005018969679087105
1.0000000000000004,90.0,90000.0,1.0000000000000002e-10,3.223952051002912e-23,0.858326248225281,6110512.71493684,5665145.990589838,8.472146456376551e-10,0.004799594652903152
1.0000000000000004,91.0,91000.0,1.0000000000000002e-10,3.223952051002912e-23,0.858326248225281,6110512.71493684,5665145.990589838,8.105838062421436e-10,0.004592075599969729
1.0000000000000004,92.0,92000.0,1.0000000000000002e-10,3.223952051002912e-23,0.858326248225281,6110512.71493684,5665145.990589838,7.75911489977324e-10,0.004395651866497624
1.0000000000000004,93.0,93000.0,1.0000000000000002e-10,3.223952051002912e-23,0.858326248225281,6110512.71493684,5665145.990589838,7.430733713326505e-10,0.004209619130319238
1.0000000000000004,94.0,94000.0,1.0000000000000002e-10,3.223952051002912e-23,0.858326248225281,6110512.71493684,5665145.990589838,7.119542355879226e-10,0.0040333246832243725
1.0000000000000004,95.0,95000.0,1.0000000000000002e-10,3.223952051002912e-23,0.858326248225281,6110512.71493684,5665145.990589838,6.824472237049936e-10,0.0038661631531615105
1.0000000000000004,96.0,96000.0,1.0000000000000002e-10,3.223952051002912e-23,0.858326248225281,6110512.71493684,5665145.990589838,6.544531469025619e-10,0.003707572621203951
1.0000000000000004,97.0,97000.0,1.0000000000000002e-10,3.223952051002912e-23,0.858326248225281,6110512.71493684,5665145.990589838,6.278798638417332e-10,0.003557031093215088
1.0000000000000004,98.0,98000.0,1.0000000000000002e-10,3.223952051002912e-23,0.858326248225281,6110512.71493684,5665145.990589838,6.026417141316604e-10,0.003414053290575163
1.0000000000000004,99.0,99000.0,1.0000000000000002e-10,3.223952051002912e-23,0.858326248225281,6110512.71493684,5665145.990589838,5.786590025528687e-10,0.003278187728231099
1.0000000000000004,100.0,100000.0,1.0000000000000002e-10,3.223952051002912e-23,0.858326248225281,6110512.71493684,5665145.990589838,5.558575290028657e-10,0.0031490140517697585
1.0500000000000003,1.0,1000.0,1.0000000000000002e-10,4.124480852527086e-23,0.8586632786041497,4776358.699284476,7687378.1414778875,0.0521087022533941,400579.29868352134
1.0500000000000003,2.0,2000.0,1.0000000000000002e-10,4.124480852527086e-23,0.8586632786041497,4776358.699284476,7687378.1414778875,0.003256793890837131,25036.206167720084
1.0500000000000003,3.0,3000.0,1.0000000000000002e-10,4.124480852527086e-23,0.8586632786041497,4776358.699284476,7687378.1414778875,0.0006433173117702976,4945.423440537302
1.0500000000000003,4.0,4000.0,1.0000000000000002e-10,4.124480852527086e-23,0.8586632786041497,4776358.699284476,7687378.1414778875,0.0002035496181773207,1564.7628854825052
1.0500000000000003,5.0,5000.0,1.0000000000000002e-10,4.124480852527086e-23,0.8586632786041497,4776358.699284476,7687378.1414778875,8.337392360543056e-05,640.9268778936341
1.0500000000000003,6.0,6000.0,1.0000000000000002e-10,4.124480852527086e-23,0.8586632786041497,4776358.699284476,7687378.1414778875,4.02073319856436e-05,309.08896503358136
1.0500000000000003,7.0,7000.0,1.0000000000000002e-10,4.124480852527086e-23,0.8586632786041497,4776358.699284476,7687378.1414778875,2.17029163904182e-05,166.83852506602304
1.0500000000000003,8.0,8000.0,1.0000000000000002e-10,4.124480852527086e-23,0.8586632786041497,4776358.699284476,7687378.1414778875,1.2721851136082543e-05,97.79768034265658
1.0500000000000003,9.0,9000.0,1.0000000000000002e-10,4.124480852527086e-23,0.8586632786041497,4776358.699284476,7687378.1414778875,7.942189034201205e-06,61.05461037700372
1.0500000000000003,10.0,10000.0,1.0000000000000002e-10,4.124480852527086e-23,0.8586632786041497,4776358.699284476,7687378.1414778875,5.21087022533941e-06,40.05792986835213
1.0500000000000003,11.0,11000.0,1.0000000000000002e-10,4.124480852527086e-23,0.8586632786041497,4776358.699284476,7687378.1414778875,3.5590944780680346e-06,27.36010509415486
1.0500000000000003,12.0,12000.0,1.0000000000000002e-10,4.124480852527086e-23,0.8586632786041497,4776358.699284476,7687378.1414778875,2.512958249102725e-06,19.318060314598835
1.0500000000000003,13.0,13000.0,1.0000000000000002e-10,4.124480852527086e-23,0.8586632786041497,4776358.699284476,7687378.1414778875,1.8244705106051648e-06,14.025394722997145
1.0500000000000003,14.0,14000.0,1.0000000000000002e-10,4.124480852527086e-23,0.8586632786041497,4776358.699284476,7687378.1414778875,1.3564322744011375e-06,10.42740781662644
1.0500000000000003,15.0,15000.0,1.0000000000000002e-10,4.124480852527086e-23,0.8586632786041497,4776358.699284476,7687378.1414778875,1.0293076988324758e-06,7.91267750485968
1.0500000000000003,16.0,16000.0,1.0000000000000002e-10,4.124480852527086e-23,0.8586632786041497,4776358.699284476,7687378.1414778875,7.95115696005159e-07,6.112355021416036
1.0500000000000003,17.0,17000.0,1.0000000000000002e-10,4.124480852527086e-23,0.8586632786041497,4776358.699284476,7687378.1414778875,6.238994055793645e-07,4.796150652931854
1.0500000000000003,18.0,18000.0,1.0000000000000002e-10,4.124480852527086e-23,0.8586632786041497,4776358.699284476,7687378.1414778875,4.963868146375753e-07,3.8159131485627324
1.0500000000000003,19.0,19000.0,1.0000000000000002e-10,4.124480852527086e-23,0.8586632786041497,4776358.699284476,7687378.1414778875,3.99848852091329e-07,3.0737893254619073
1.0500000000000003,20.0,20000.0,1.0000000000000002e-10,4.124480852527086e-23,0.8586632786041497,4776358.699284476,7687378.1414778875,3.256793890837131e-07,2.5036206167720083
1.0500000000000003,21.0,21000.0,1.0000000000000002e-10,4.124480852527086e-23,0.8586632786041497,4776358.699284476,7687378.1414778875,2.67937239387879e-07,2.059734877358309
1.0500000000000003,22.0,22000.0,1.0000000000000002e-10,4.124480852527086e-23,0.8586632786041497,4776358.699284476,7687378.1414778875,2.2244340487925216e-07,1.7100065683846788
1.0500000000000003,23.0,23000.0,1.0000000000000002e-10,4.124480852527086e-23,0.8586632786041497,4776358.699284476,7687378.1414778875,1.8620824773136921e-07,1.4314532133730271
1.0500000000000003,24.0,24000.0,1.0000000000000002e-10,4.124480852527086e-23,0.8586632786041497,4776358.699284476,7687378.1414778875,1.5705989056892032e-07,1.2073787696624272
1.0500000000000003,25.0,25000.0,1.0000000000000002e-10,4.124480852527086e-23,0.8586632786041497,4776358.699284476,7687378.1414778875,1.3339827776868892e-07,1.025483004629815
1.0500000000000003,26.0,26000.0,1.0000000000000002e-10,4.124480852527086e-23,0.8586632786041497,4776358.699284476,7687378.1414778875,1.140294069128228e-07,0.8765871701873216
1.0500000000000003,27.0,27000.0,1.0000000000000002e-10,4.124480852527086e-23,0.8586632786041497,4776358.699284476,7687378.1414778875,9.805171647161978e-08,0.7537606219383172
1.0500000000000003,28.0,28000.0,1.0000000000000002e-10,4.124480852527086e-23,0.8586632786041497,4776358.699284476,7687378.1414778875,8.477701715007109e-08,0.6517129885391525
1.0500000000000003,29.0,29000.0,1.0000000000000002e-10,4.124480852527086e-23,0.8586632786041497,4776358.699284476,7687378.1414778875,7.367468128423372e-08,0.5663651344847683
1.0500000000000003,30.0,30000.0,1.0000000000000002e-10,4.124480852527086e-23,0.8586632786041497,4776358.699284476,7687378.1414778875,6.433173117702974e-08,0.49454234405373
1.0500000000000003,31.0,31000.0,1.0000000000000002e-10,4.124480852527086e-23,0.8586632786041497,4776358.699284476,7687378.1414778875,5.6423949486144975e-08,0.4337522359356434
1.0500000000000003,32.0,32000.0,1.0000000000000002e-10,4.124480852527086e-23,0.8586632786041497,4776358.699284476,7687378.1414778875,4.9694731000322435e-08,0.38202218883850225
1.0500000000000003,33.0,33000.0,1.0000000000000002e-10,4.124480852527086e-23,0.8586632786041497,4776358.699284476,7687378.1414778875,4.393943800083995e-08,0.3377790752364799
1.0500000000000003,34.0,34000.0,1.0000000000000002e-10,4.124480852527086e-23,0.8586632786041497,4776358.699284476,7687378.1414778875,3.8993712848710283e-08,0.2997594158082409
1.0500000000000003,35.0,35000.0,1.0000000000000002e-10,4.124480852527086e-23,0.8586632786041497,4776358.699284476,7687378.1414778875,3.472466622466911e-08,0.2669416401056368
1.0500000000000003,36.0,36000.0,1.0000000000000002e-10,4.124480852527086e-23,0.8586632786041497,4776358.699284476,7687378.1414778875,3.1024175914848456e-08,0.23849457178517078
1.0500000000000003,37.0,37000.0,1.0000000000000002e-10,4.124480852527086e-23,0.8586632786041497,4776358.699284476,7687378.1414778875,2.780374911941616e-08,0.21373793323173484
1.0500000000000003,38.0,38000.0,1.0000000000000002e-10,4.124480852527086e-23,0.8586632786041497,4776358.699284476,7687378.1414778875,2.4990553255708062e-08,0.1921118328413692
1.0500000000000003,39.0,39000.0,1.0000000000000002e-10,4.124480852527086e-23,0.8586632786041497,4776358.699284476,7687378.1414778875,2.2524327291421777e-08,0.1731530212715696
1.0500000000000003,40.0,40000.0,1.0000000000000002e-10,4.124480852527086e-23,0.8586632786041497,4776358.699284476,7687378.1414778875,2.035496181773207e-08,0.15647628854825052
1.0500000000000003,41.0,41000.0,1.0000000000000002e-10,4.124480852527086e-23,0.8586632786041497,4776358.699284476,7687378.1414778875,1.8440590783648755e-08,0.14175979450616003
1.0500000000000003,42.0,42000.0,1.0000000000000002e-10,4.124480852527086e-23,0.8586632786041497,4776358.699284476,7687378.1414778875,1.6746077461742437e-08,0.1287334298348943
1.0500000000000003,43.0,43000.0,1.0000000000000002e-10,4.124480852527086e-23,0.8586632786041497,4776358.699284476,7687378.1414778875,1.5241806192695654e-08,0.11716952776237087
1.0500000000000003,44.0,44000.0,1.0000000000000002e-10,4.124480852527086e-23,0.8586632786041497,4776358.699284476,7687378.1414778875,1.390271280495326e-08,0.10687541052404242
1.0500000000000003,45.0,45000.0,1.0000000000000002e-10,4.124480852527086e-23,0.8586632786041497,4776358.699284476,7687378.1414778875,1.2707502454721924e-08,0.09768737660320592
1.0500000000000003,46.0,46000.0,1.0000000000000002e-10,4.124480852527086e-23,0.8586632786041497,4776358.699284476,7687378.1414778875,1.1638015483210576e-08,0.0894658258358142
1.0500000000000003,47.0,47000.0,1.0000000000000002e-10,4.124480852527086e-23,0.8586632786041497,4776358.699284476,7687378.1414778875,1.0678710811914569e-08,0.08209128807467564
1.0500000000000003,48.0,48000.0,1.0000000000000002e-10,4.124480852527086e-23,0.8586632786041497,4776358.699284476,7687378.1414778875,9.81624316055752e-09,0.0754611731039017
1.0500000000000003,49.0,49000.0,1.0000000000000002e-10,4.124480852527086e-23,0.8586632786041497,4776358.699284476,7687378.1414778875,9.039115531202916e-09,0.06948709915286258
1.0500000000000003,50.0,50000.0,1.0000000000000002e-10,4.124480852527086e-23,0.8586632786041497,4776358.699284476,7687378.1414778875,8.337392360543058e-09,0.06409268778936343
1.0500000000000003,51.0,51000.0,1.0000000000000002e-10,4.124480852527086e-23,0.8586632786041497,4776358.699284476,7687378.1414778875,7.702461797276103e-09,0.059211736455948794
1.0500000000000003,52.0,52000.0,1.0000000000000002e-10,4.124480852527086e-23,0.8586632786041497,4776358.699284476,7687378.1414778875,7.126837932051425e-09,0.0547866981367076
1.0500000000000003,53.0,53000.0,1.0000000000000002e-10,4.124480852527086e-23,0.8586632786041497,4776358.699284476,7687378.1414778875,6.6039956567152385e-09,0.05076741185784763
1.0500000000000003,54.0,54000.0,1.0000000000000002e-10,4.124480852527086e-23,0.8586632786041497,4776358.699284476,7687378.1414778875,6.128232279476236e-09,0.04711003887114482
1.0500000000000003,55.0,55000.0,1.0000000000000002e-10,4.124480852527086e-23,0.8586632786041497,4776358.699284476,7687378.1414778875,5.694551164908856e-09,0.04377616815064778
1.0500000000000003,56.0,56000.0,1.0000000000000002e-10,4.124480852527086e-23,0.8586632786041497,4776358.699284476,7687378.1414778875,5.298563571879443e-09,0.04073206178369703
1.0500000000000003,57.0,57000.0,1.0000000000000002e-10,4.124480852527086e-23,0.8586632786041497,4776358.699284476,7687378.1414778875,4.936405581374432e-09,0.03794801636372725
1.0500000000000003,58.0,58000.0,1.0000000000000002e-10,4.124480852527086e-23,0.8586632786041497,4776358.699284476,7687378.1414778875,4.604667580264608e-09,0.03539782090529802
1.0500000000000003,59.0,59000.0,1.0000000000000002e-10,4.124480852527086e-23,0.8586632786041497,4776358.699284476,7687378.1414778875,4.300334227344889e-09,0.0330582953403403
1.0500000000000003,60.0,60000.0,1.0000000000000002e-10,4.124480852527086e-23,0.8586632786041497,4776358.699284476,7687378.1414778875,4.020733198564359e-09,0.030908896503358124
1.0500000000000003,61.0,61000.0,1.0000000000000002e-10,4.124480852527086e-23,0.8586632786041497,4776358.699284476,7687378.1414778875,3.763491307851511e-09,0.028931380815619735
1.0500000000000003,62.0,62000.0,1.0000000000000002e-10,4.124480852527086e-23,0.8586632786041497,4776358.699284476,7687378.1414778875,3.526496842884061e-09,0.02710951474597771
1.0500000000000003,63.0,63000.0,1.0000000000000002e-10,4.124480852527086e-23,0.8586632786041497,4776358.699284476,7687378.1414778875,3.3078671529367774e-09,0.025428825646398874
1.0500000000000003,64.0,64000.0,1.0000000000000002e-10,4.124480852527086e-23,0.8586632786041497,4776358.699284476,7687378.1414778875,3.105920687520152e-09,0.02387638680240639
1.0500000000000003,65.0,65000.0,1.0000000000000002e-10,4.124480852527086e-23,0.8586632786041497,4776358.699284476,7687378.1414778875,2.9191528169682635e-09,0.02244063155679543
1.0500000000000003,66.0,66000.0,1.0000000000000002e-10,4.124480852527086e-23,0.8586632786041497,4776358.699284476,7687378.1414778875,2.7462148750524967e-09,0.021111192202279992
1.0500000000000003,67.0,67000.0,1.0000000000000002e-10,4.124480852527086e-23,0.8586632786041497,4776358.699284476,7687378.1414778875,2.5858959535498835e-09,0.019878760029455492
1.0500000000000003,68.0,68000.0,1.0000000000000002e-10,4.124480852527086e-23,0.8586632786041497,4776358.699284476,7687378.1414778875,2.4371070530443927e-09,0.018734963488015056
1.0500000000000003,69.0,69000.0,1.0000000000000002e-10,4.124480852527086e-23,0.8586632786041497,4776358.699284476,7687378.1414778875,2.29886725594283e-09,0.017672261893494166
1.0500000000000003,70.0,70000.0,1.0000000000000002e-10,4.124480852527086e-23,0.8586632786041497,4776358.699284476,7687378.1414778875,2.1702916390418194e-09,0.0166838525066023
1.0500000000000003,71.0,71000.0,1.0000000000000002e-10,4.124480852527086e-23,0.8586632786041497,4776358.699284476,7687378.1414778875,2.0505806858426293e-09,0.015763589141683364
1.0500000000000003,72.0,72000.0,1.0000000000000002e-10,4.124480852527086e-23,0.8586632786041497,4776358.699284476,7687378.1414778875,1.9390109946780285e-09,0.014905910736573174
1.0500000000000003,73.0,73000.0,1.0000000000000002e-10,4.124480852527086e-23,0.8586632786041497,4776358.699284476,7687378.1414778875,1.8349271088091014e-09,0.014105778547464304
1.0500000000000003,74.0,74000.0,1.0000000000000002e-10,4.124480852527086e-23,0.8586632786041497,4776358.699284476,7687378.1414778875,1.73773431996351e-09,0.013358620826983428
1.0500000000000003,75.0,75000.0,1.0000000000000002e-10,4.124480852527086e-23,0.8586632786041497,4776358.699284476,7687378.1414778875,1.6468923181319616e-09,0.01266028400777549
1.0500000000000003,76.0,76000.0,1.0000000000000002e-10,4.124480852527086e-23,0.8586632786041497,4776358.699284476,7687378.1414778875,1.5619095784817539e-09,0.012006989552585575
1.0500000000000003,77.0,77000.0,1.0000000000000002e-10,4.124480852527086e-23,0.8586632786041497,4776358.699284476,7687378.1414778875,1.4823383915318756e-09,0.011395295749335631
1.0500000000000003,78.0,78000.0,1.0000000000000002e-10,4.124480852527086e-23,0.8586632786041497,4776358.699284476,7687378.1414778875,1.407770455713861e-09,0.0108220638294731
1.0500000000000003,79.0,79000.0,1.0000000000000002e-10,4.124480852527086e-23,0.8586632786041497,4776358.699284476,7687378.1414778875,1.3378329624884249e-09,0.010284427872782125
1.0500000000000003,80.0,80000.0,1.0000000000000002e-10,4.124480852527086e-23,0.8586632786041497,4776358.699284476,7687378.1414778875,1.2721851136082543e-09,0.009779768034265657
1.0500000000000003,81.0,81000.0,1.0000000000000002e-10,4.124480852527086e-23,0.8586632786041497,4776358.699284476,7687378.1414778875,1.2105150181681453e-09,0.009305686690596508
1.0500000000000003,82.0,82000.0,1.0000000000000002e-10,4.124480852527086e-23,0.8586632786041497,4776358.699284476,7687378.1414778875,1.1525369239780472e-09,0.008859987156635002
1.0500000000000003,83.0,83000.0,1.0000000000000002e-10,4.124480852527086e-23,0.8586632786041497,4776358.699284476,7687378.1414778875,1.0979887437103832e-09,0.008440654667987966
1.0500000000000003,84.0,84000.0,1.0000000000000002e-10,4.124480852527086e-23,0.8586632786041497,4776358.699284476,7687378.1414778875,1.0466298413589023e-09,0.008045839364680894
1.0500000000000003,85.0,85000.0,1.0000000000000002e-10,4.124480852527086e-23,0.8586632786041497,4776358.699284476,7687378.1414778875,9.982390489269831e-10,0.007673841044690966
1.0500000000000003,86.0,86000.0,1.0000000000000002e-10,4.124480852527086e-23,0.8586632786041497,4776358.699284476,7687378.1414778875,9.526128870434784e-10,0.007323095485148179
1.0500000000000003,87.0,87000.0,1.0000000000000002e-10,4.124480852527086e-23,0.8586632786041497,4776358.699284476,7687378.1414778875,9.09563966472021e-10,0.0069921621541329405
1.0500000000000003,88.0,88000.0,1.0000000000000002e-10,4.124480852527086e-23,0.8586632786041497,4776358.699284476,7687378.1414778875,8.689195503095788e-10,0.0066797131577526515
1.0500000000000003,89.0,89000.0,1.0000000000000002e-10,4.124480852527086e-23,0.8586632786041497,4776358.699284476,7687378.1414778875,8.305202591248549e-10,0.00638452328605096
1.0500000000000003,90.0,90000.0,1.0000000000000002e-10,4.124480852527086e-23,0.8586632786041497,4776358.699284476,7687378.1414778875,7.942189034201202e-10,0.00610546103770037
1.0500000000000003,91.0,91000.0,1.0000000000000002e-10,4.124480852527086e-23,0.8586632786041497,4776358.699284476,7687378.1414778875,7.598794296564616e-10,0.005841480517699766
1.0500000000000003,92.0,92000.0,1.0000000000000002e-10,4.124480852527086e-23,0.8586632786041497,4776358.699284476,7687378.1414778875,7.27375967700661e-10,0.005591614114738387
1.0500000000000003,93.0,93000.0,1.0000000000000002e-10,4.124480852527086e-23,0.8586632786041497,4776358.699284476,7687378.1414778875,6.965919689647529e-10,0.005354965875748684
1.0500000000000003,94.0,94000.0,1.0000000000000002e-10,4.124480852527086e-23,0.8586632786041497,4776358.699284476,7687378.1414778875,6.674194257446605e-10,0.0051307055046672274
1.0500000000000003,95.0,95000.0,1.0000000000000002e-10,4.124480852527086e-23,0.8586632786041497,4776358.699284476,7687378.1414778875,6.397581633461265e-10,0.004918062920739053
1.0500000000000003,96.0,96000.0,1.0000000000000002e-10,4.124480852527086e-23,0.8586632786041497,4776358.699284476,7687378.1414778875,6.13515197534845e-10,0.004716323318993856
1.0500000000000003,97.0,97000.0,1.0000000000000002e-10,4.124480852527086e-23,0.8586632786041497,4776358.699284476,7687378.1414778875,5.886041506808813e-10,0.004524822681927364
1.0500000000000003,98.0,98000.0,1.0000000000000002e-10,4.124480852527086e-23,0.8586632786041497,4776358.699284476,7687378.1414778875,5.649447207001823e-10,0.004342943697053911
1.0500000000000003,99.0,99000.0,1.0000000000000002e-10,4.124480852527086e-23,0.8586632786041497,4776358.699284476,7687378.1414778875,5.424621975412337e-10,0.00417011203995654
1.0500000000000003,100.0,100000.0,1.0000000000000002e-10,4.124480852527086e-23,0.8586632786041497,4776358.699284476,7687378.1414778875,5.210870225339411e-10,0.0040057929868352144
1.1000000000000005,1.0,1000.0,1.0000000000000002e-10,5.2154476125821357e-23,0.8589576585886392,3777240.5099946256,10289233.99346586,0.04886860062915398,502820.4668065982
1.1000000000000005,2.0,2000.0,1.0000000000000002e-10,5.2154476125821357e-23,0.8589576585886392,3777240.5099946256,10289233.99346586,0.0030542875393221236,31426.279175412386
1.1000000000000005,3.0,3000.0,1.0000000000000002e-10,5.2154476125821357e-23,0.8589576585886392,3777240.5099946256,10289233.99346586,0.0006033160571500492,6207.660084032078
1.1000000000000005,4.0,4000.0,1.0000000000000002e-10,5.2154476125821357e-23,0.8589576585886392,3777240.5099946256,10289233.99346586,0.00019089297120763272,1964.1424484632741
1.1000000000000005,5.0,5000.0,1.0000000000000002e-10,5.2154476125821357e-23,0.8589576585886392,3777240.5099946256,10289233.99346586,7.818976100664636e-05,804.5127468905571
1.1000000000000005,6.0,6000.0,1.0000000000000002e-10,5.2154476125821357e-23,0.8589576585886392,3777240.5099946256,10289233.99346586,3.770725357187808e-05,387.9787552520049
1.1000000000000005,7.0,7000.0,1.0000000000000002e-10,5.2154476125821357e-23,0.8589576585886392,3777240.5099946256,10289233.99346586,2.035343633034318e-05,209.42126897401008
1.1000000000000005,8.0,8000.0,1.0000000000000002e-10,5.2154476125821357e-23,0.8589576585886392,3777240.5099946256,10289233.99346586,1.1930810700477045e-05,122.75890302895463
1.1000000000000005,9.0,9000.0,1.0000000000000002e-10,5.2154476125821357e-23,0.8589576585886392,3777240.5099946256,10289233.99346586,7.448346384568508e-06,76.63777881521082
1.1000000000000005,10.0,10000.0,1.0000000000000002e-10,5.2154476125821357e-23,0.8589576585886392,3777240.5099946256,10289233.99346586,4.886860062915398e-06,50.28204668065982
1.1000000000000005,11.0,11000.0,1.0000000000000002e-10,5.2154476125821357e-23,0.8589576585886392,3777240.5099946256,10289233.99346586,3.3377911774574123e-06,34.343314446185246
1.1000000000000005,12.0,12000.0,1.0000000000000002e-10,5.2154476125821357e-23,0.8589576585886392,3777240.5099946256,10289233.99346586,2.35670334824238e-06,24.248672203250305
1.1000000000000005,13.0,13000.0,1.0000000000000002e-10,5.2154476125821357e-23,0.8589576585886392,3777240.5099946256,10289233.99346586,1.7110255463448057e-06,17.60514221513947
1.1000000000000005,14.0,14000.0,1.0000000000000002e-10,5.2154476125821357e-23,0.8589576585886392,3777240.5099946256,10289233.99346586,1.2720897706464488e-06,13.08882931087563
1.1000000000000005,15.0,15000.0,1.0000000000000002e-10,5.2154476125821357e-23,0.8589576585886392,3777240.5099946256,10289233.99346586,9.653056914400784e-07,9.93225613445132
1.1000000000000005,16.0,16000.0,1.0000000000000002e-10,5.2154476125821357e-23,0.8589576585886392,3777240.5099946256,10289233.99346586,7.456756687798153e-07,7.672431439309665
1.1000000000000005,17.0,17000.0,1.0000000000000002e-10,5.2154476125821357e-23,0.8589576585886392,3777240.5099946256,10289233.99346586,5.851055498515821e-07,6.020287913298431
1.1000000000000005,18.0,18000.0,1.0000000000000002e-10,5.2154476125821357e-23,0.8589576585886392,3777240.5099946256,10289233.99346586,4.6552164903553176e-07,4.789861175950676
1.1000000000000005,19.0,19000.0,1.0000000000000002e-10,5.2154476125821357e-23,0.8589576585886392,3777240.5099946256,10289233.99346586,3.749863846130245e-07,3.8583226556471946
1.1000000000000005,20.0,20000.0,1.0000000000000002e-10,5.2154476125821357e-23,0.8589576585886392,3777240.5099946256,10289233.99346586,3.0542875393221236e-07,3.1426279175412386
1.1000000000000005,21.0,21000.0,1.0000000000000002e-10,5.2154476125821357e-23,0.8589576585886392,3777240.5099946256,10289233.99346586,2.5127699173263183e-07,2.585447765111235
1.1000000000000005,22.0,22000.0,1.0000000000000002e-10,5.2154476125821357e-23,0.8589576585886392,3777240.5099946256,10289233.99346586,2.0861194859108827e-07,2.146457152886578
1.1000000000000005,23.0,23000.0,1.0000000000000002e-10,5.2154476125821357e-23,0.8589576585886392,3777240.5099946256,10289233.99346586,1.7462988135817827e-07,1.796807711545478
1.1000000000000005,24.0,24000.0,1.0000000000000002e-10,5.2154476125821357e-23,0.8589576585886392,3777240.5099946256,10289233.99346586,1.4729395926514874e-07,1.515542012703144
1.1000000000000005,25.0,25000.0,1.0000000000000002e-10,5.2154476125821357e-23,0.8589576585886392,3777240.5099946256,10289233.99346586,1.251036176106342e-07,1.2872203950248915
1.1000000000000005,26.0,26000.0,1.0000000000000002e-10,5.2154476125821357e-23,0.8589576585886392,3777240.5099946256,10289233.99346586,1.0693909664655035e-07,1.1003213884462169
1.1000000000000005,27.0,27000.0,1.0000000000000002e-10,5.2154476125821357e-23,0.8589576585886392,3777240.5099946256,10289233.99346586,9.195489363664821e-08,0.9461454174717383
1.1000000000000005,28.0,28000.0,1.0000000000000002e-10,5.2154476125821357e-23,0.8589576585886392,3777240.5099946256,10289233.99346586,7.950561066540305e-08,0.8180518319297269
1.1000000000000005,29.0,29000.0,1.0000000000000002e-10,5.2154476125821357e-23,0.8589576585886392,3777240.5099946256,10289233.99346586,6.909361431899625e-08,0.7109203651824356
1.1000000000000005,30.0,30000.0,1.0000000000000002e-10,5.2154476125821357e-23,0.8589576585886392,3777240.5099946256,10289233.99346586,6.03316057150049e-08,0.6207660084032075
1.1000000000000005,31.0,31000.0,1.0000000000000002e-10,5.2154476125821357e-23,0.8589576585886392,3777240.5099946256,10289233.99346586,5.2915527236688686e-08,0.5444602416259058
1.1000000000000005,32.0,32000.0,1.0000000000000002e-10,5.2154476125821357e-23,0.8589576585886392,3777240.5099946256,10289233.99346586,4.660472929873846e-08,0.47952696495685404
1.1000000000000005,33.0,33000.0,1.0000000000000002e-10,5.2154476125821357e-23,0.8589576585886392,3777240.5099946256,10289233.99346586,4.120729848712856e-08,0.4239915363726574
1.1000000000000005,34.0,34000.0,1.0000000000000002e-10,5.2154476125821357e-23,0.8589576585886392,3777240.5099946256,10289233.99346586,3.656909686572388e-08,0.37626799458115195
1.1000000000000005,35.0,35000.0,1.0000000000000002e-10,5.2154476125821357e-23,0.8589576585886392,3777240.5099946256,10289233.99346586,3.256549812854908e-08,0.33507403035841604
1.1000000000000005,36.0,36000.0,1.0000000000000002e-10,5.2154476125821357e-23,0.8589576585886392,3777240.5099946256,10289233.99346586,2.9095103064720735e-08,0.2993663234969173
1.1000000000000005,37.0,37000.0,1.0000000000000002e-10,5.2154476125821357e-23,0.8589576585886392,3777240.5099946256,10289233.99346586,2.607492132701192e-08,0.26829096689483894
1.1000000000000005,38.0,38000.0,1.0000000000000002e-10,5.2154476125821357e-23,0.8589576585886392,3777240.5099946256,10289233.99346586,2.343664903831403e-08,0.24114516597794966
1.1000000000000005,39.0,39000.0,1.0000000000000002e-10,5.2154476125821357e-23,0.8589576585886392,3777240.5099946256,10289233.99346586,2.1123772177096353e-08,0.2173474347548081
1.1000000000000005,40.0,40000.0,1.0000000000000002e-10,5.2154476125821357e-23,0.8589576585886392,3777240.5099946256,10289233.99346586,1.9089297120763272e-08,0.1964142448463274
1.1000000000000005,41.0,41000.0,1.0000000000000002e-10,5.2154476125821357e-23,0.8589576585886392,3777240.5099946256,10289233.99346586,1.729396103532959e-08,0.17794161176638723
1.1000000000000005,42.0,42000.0,1.0000000000000002e-10,5.2154476125821357e-23,0.8589576585886392,3777240.5099946256,10289233.99346586,1.570481198328949e-08,0.1615904853194522
1.1000000000000005,43.0,43000.0,1.0000000000000002e-10,5.2154476125821357e-23,0.8589576585886392,3777240.5099946256,10289233.99346586,1.4294075797086165e-08,0.14707509059655657
1.1000000000000005,44.0,44000.0,1.0000000000000002e-10,5.2154476125821357e-23,0.8589576585886392,3777240.5099946256,10289233.99346586,1.3038246786943017e-08,0.13415357205541112
1.1000000000000005,45.0,45000.0,1.0000000000000002e-10,5.2154476125821357e-23,0.8589576585886392,3777240.5099946256,10289233.99346586,1.191735421530961e-08,0.1226204461043373
1.1000000000000005,46.0,46000.0,1.0000000000000002e-10,5.2154476125821357e-23,0.8589576585886392,3777240.5099946256,10289233.99346586,1.0914367584886142e-08,0.11230048197159237
1.1000000000000005,47.0,47000.0,1.0000000000000002e-10,5.2154476125821357e-23,0.8589576585886392,3777240.5099946256,10289233.99346586,1.0014712156215535e-08,0.10304371675250866
1.1000000000000005,48.0,48000.0,1.0000000000000002e-10,5.2154476125821357e-23,0.8589576585886392,3777240.5099946256,10289233.99346586,9.205872454071796e-09,0.0947213757939465
1.1000000000000005,49.0,49000.0,1.0000000000000002e-10,5.2154476125821357e-23,0.8589576585886392,3777240.5099946256,10289233.99346586,8.477066359992996e-09,0.08722251935610584
1.1000000000000005,50.0,50000.0,1.0000000000000002e-10,5.2154476125821357e-23,0.8589576585886392,3777240.5099946256,10289233.99346586,7.818976100664637e-09,0.08045127468905572
1.1000000000000005,51.0,51000.0,1.0000000000000002e-10,5.2154476125821357e-23,0.8589576585886392,3777240.5099946256,10289233.99346586,7.223525306809653e-09,0.07432454213948678
1.1000000000000005,52.0,52000.0,1.0000000000000002e-10,5.2154476125821357e-23,0.8589576585886392,3777240.5099946256,10289233.99346586,6.683693540409397e-09,0.06877008677788855
1.1000000000000005,53.0,53000.0,1.0000000000000002e-10,5.2154476125821357e-23,0.8589576585886392,3777240.5099946256,10289233.99346586,6.193361422345988e-09,0.0637249448806224
1.1000000000000005,54.0,54000.0,1.0000000000000002e-10,5.2154476125821357e-23,0.8589576585886392,3777240.5099946256,10289233.99346586,5.7471808522905134e-09,0.059134088591983644
1.1000000000000005,55.0,55000.0,1.0000000000000002e-10,5.2154476125821357e-23,0.8589576585886392,3777240.5099946256,10289233.99346586,5.340465883931861e-09,0.054949303113896404
1.1000000000000005,56.0,56000.0,1.0000000000000002e-10,5.2154476125821357e-23,0.8589576585886392,3777240.5099946256,10289233.99346586,4.9691006665876906e-09,0.05112823949560793
1.1000000000000005,57.0,57000.0,1.0000000000000002e-10,5.2154476125821357e-23,0.8589576585886392,3777240.5099946256,10289233.99346586,4.6294615384324014e-09,0.04763361303268142
1.1000000000000005,58.0,58000.0,1.0000000000000002e-10,5.2154476125821357e-23,0.8589576585886392,3777240.5099946256,10289233.99346586,4.3183508949372654e-09,0.044432522823902226
1.1000000000000005,59.0,59000.0,1.0000000000000002e-10,5.2154476125821357e-23,0.8589576585886392,3777240.5099946256,10289233.99346586,4.032940887801723e-09,0.04149587247640787
1.1000000000000005,60.0,60000.0,1.0000000000000002e-10,5.2154476125821357e-23,0.8589576585886392,3777240.5099946256,10289233.99346586,3.770725357187806e-09,0.03879787552520047
1.1000000000000005,61.0,61000.0,1.0000000000000002e-10,5.2154476125821357e-23,0.8589576585886392,3777240.5099946256,10289233.99346586,3.52947868093776e-09,0.03631563202311784
1.1000000000000005,62.0,62000.0,1.0000000000000002e-10,5.2154476125821357e-23,0.8589576585886392,3777240.5099946256,10289233.99346586,3.307220452293043e-09,0.03402876510161911
1.1000000000000005,63.0,63000.0,1.0000000000000002e-10,5.2154476125821357e-23,0.8589576585886392,3777240.5099946256,10289233.99346586,3.1021850831189114e-09,0.03191910821124982
1.1000000000000005,64.0,64000.0,1.0000000000000002e-10,5.2154476125821357e-23,0.8589576585886392,3777240.5099946256,10289233.99346586,2.9127955811711536e-09,0.029970435309803378
1.1000000000000005,65.0,65000.0,1.0000000000000002e-10,5.2154476125821357e-23,0.8589576585886392,3777240.5099946256,10289233.99346586,2.7376408741516886e-09,0.028168227544223146
1.1000000000000005,66.0,66000.0,1.0000000000000002e-10,5.2154476125821357e-23,0.8589576585886392,3777240.5099946256,10289233.99346586,2.575456155445535e-09,0.026499471023291088
1.1000000000000005,67.0,67000.0,1.0000000000000002e-10,5.2154476125821357e-23,0.8589576585886392,3777240.5099946256,10289233.99346586,2.425105810696783e-09,0.02495248114517292
1.1000000000000005,68.0,68000.0,1.0000000000000002e-10,5.2154476125821357e-23,0.8589576585886392,3777240.5099946256,10289233.99346586,2.2855685541077425e-09,0.023516749661321997
1.1000000000000005,69.0,69000.0,1.0000000000000002e-10,5.2154476125821357e-23,0.8589576585886392,3777240.5099946256,10289233.99346586,2.1559244612120782e-09,0.022182811253647884
1.1000000000000005,70.0,70000.0,1.0000000000000002e-10,5.2154476125821357e-23,0.8589576585886392,3777240.5099946256,10289233.99346586,2.0353436330343177e-09,0.020942126897401003
1.1000000000000005,71.0,71000.0,1.0000000000000002e-10,5.2154476125821357e-23,0.8589576585886392,3777240.5099946256,10289233.99346586,1.923076266743392e-09,0.019786981695803528
1.1000000000000005,72.0,72000.0,1.0000000000000002e-10,5.2154476125821357e-23,0.8589576585886392,3777240.5099946256,10289233.99346586,1.818443941545046e-09,0.01871039521855733
1.1000000000000005,73.0,73000.0,1.0000000000000002e-10,5.2154476125821357e-23,0.8589576585886392,3777240.5099946256,10289233.99346586,1.720831956780491e-09,0.0177060426667482
1.1000000000000005,74.0,74000.0,1.0000000000000002e-10,5.2154476125821357e-23,0.8589576585886392,3777240.5099946256,10289233.99346586,1.629682582938245e-09,0.016768185430927434
1.1000000000000005,75.0,75000.0,1.0000000000000002e-10,5.2154476125821357e-23,0.8589576585886392,3777240.5099946256,10289233.99346586,1.5444891063041257e-09,0.015891609815122117
1.1000000000000005,76.0,76000.0,1.0000000000000002e-10,5.2154476125821357e-23,0.8589576585886392,3777240.5099946256,10289233.99346586,1.464790564894627e-09,0.015071572873621854
1.1000000000000005,77.0,77000.0,1.0000000000000002e-10,5.2154476125821357e-23,0.8589576585886392,3777240.5099946256,10289233.99346586,1.3901670876540654e-09,0.014303754454887642
1.1000000000000005,78.0,78000.0,1.0000000000000002e-10,5.2154476125821357e-23,0.8589576585886392,3777240.5099946256,10289233.99346586,1.320235761068522e-09,0.013584214672175507
1.1000000000000005,79.0,79000.0,1.0000000000000002e-10,5.2154476125821357e-23,0.8589576585886392,3777240.5099946256,10289233.99346586,1.2546469577086114e-09,0.012909356127053967
1.1000000000000005,80.0,80000.0,1.0000000000000002e-10,5.2154476125821357e-23,0.8589576585886392,3777240.5099946256,10289233.99346586,1.1930810700477045e-09,0.012275890302895463
1.1000000000000005,81.0,81000.0,1.0000000000000002e-10,5.2154476125821357e-23,0.8589576585886392,3777240.5099946256,10289233.99346586,1.1352456004524471e-09,0.011680807623107881
1.1000000000000005,82.0,82000.0,1.0000000000000002e-10,5.2154476125821357e-23,0.8589576585886392,3777240.5099946256,10289233.99346586,1.0808725647080993e-09,0.011121350735399202
1.1000000000000005,83.0,83000.0,1.0000000000000002e-10,5.2154476125821357e-23,0.8589576585886392,3777240.5099946256,10289233.99346586,1.0297161719891855e-09,0.010594990640452665
1.1000000000000005,84.0,84000.0,1.0000000000000002e-10,5.2154476125821357e-23,0.8589576585886392,3777240.5099946256,10289233.99346586,9.81550748955593e-10,0.010099405332465762
1.1000000000000005,85.0,85000.0,1.0000000000000002e-10,5.2154476125821357e-23,0.8589576585886392,3777240.5099946256,10289233.99346586,9.361688797625312e-10,0.009632460661277488
1.1000000000000005,86.0,86000.0,1.0000000000000002e-10,5.2154476125821357e-23,0.8589576585886392,3777240.5099946256,10289233.99346586,8.933797373178853e-10,0.009192193162284786
1.1000000000000005,87.0,87000.0,1.0000000000000002e-10,5.2154476125821357e-23,0.8589576585886392,3777240.5099946256,10289233.99346586,8.530075841851387e-10,0.008776794631881921
1.1000000000000005,88.0,88000.0,1.0000000000000002e-10,5.2154476125821357e-23,0.8589576585886392,3777240.5099946256,10289233.99346586,8.148904241839386e-10,0.008384598253463195
1.1000000000000005,89.0,89000.0,1.0000000000000002e-10,5.2154476125821357e-23,0.8589576585886392,3777240.5099946256,10289233.99346586,7.788787880425562e-10,0.008014066102716958
1.1000000000000005,90.0,90000.0,1.0000000000000002e-10,5.2154476125821357e-23,0.8589576585886392,3777240.5099946256,10289233.99346586,7.448346384568506e-10,0.007663777881521081
1.1000000000000005,91.0,91000.0,1.0000000000000002e-10,5.2154476125821357e-23,0.8589576585886392,3777240.5099946256,10289233.99346586,7.126303816513141e-10,0.00733242074766325
1.1000000000000005,92.0,92000.0,1.0000000000000002e-10,5.2154476125821357e-23,0.8589576585886392,3777240.5099946256,10289233.99346586,6.821479740553839e-10,0.007018780123224523
1.1000000000000005,93.0,93000.0,1.0000000000000002e-10,5.2154476125821357e-23,0.8589576585886392,3777240.5099946256,10289233.99346586,6.532781140331938e-10,0.0067217313780976035
1.1000000000000005,94.0,94000.0,1.0000000000000002e-10,5.2154476125821357e-23,0.8589576585886392,3777240.5099946256,10289233.99346586,6.259195097634709e-10,0.006440232297031791
1.1000000000000005,95.0,95000.0,1.0000000000000002e-10,5.2154476125821357e-23,0.8589576585886392,3777240.5099946256,10289233.99346586,5.999782153808393e-10,0.006173316249035513
1.1000000000000005,96.0,96000.0,1.0000000000000002e-10,5.2154476125821357e-23,0.8589576585886392,3777240.5099946256,10289233.99346586,5.753670283794873e-10,0.005920085987121656
1.1000000000000005,97.0,97000.0,1.0000000000000002e-10,5.2154476125821357e-23,0.8589576585886392,3777240.5099946256,10289233.99346586,5.520049420615307e-10,0.005679708014420653
1.1000000000000005,98.0,98000.0,1.0000000000000002e-10,5.2154476125821357e-23,0.8589576585886392,3777240.5099946256,10289233.99346586,5.298166474995623e-10,0.005451407459756615
1.1000000000000005,99.0,99000.0,1.0000000000000002e-10,5.2154476125821357e-23,0.8589576585886392,3777240.5099946256,10289233.99346586,5.087320800880068e-10,0.005234463412008115
1.1000000000000005,100.0,100000.0,1.0000000000000002e-10,5.2154476125821357e-23,0.8589576585886392,3777240.5099946256,10289233.99346586,4.886860062915398e-10,0.005028204668065982
1.1500000000000004,1.0,1000.0,1.0000000000000002e-10,6.525505996992258e-23,0.8592162405258097,3018922.978398938,13601240.309131294,0.045501242064499854,618873.3276832158
1.1500000000000004,2.0,2000.0,1.0000000000000002e-10,6.525505996992258e-23,0.8592162405258097,3018922.978398938,13601240.309131294,0.002843827629031241,38679.58298020099
1.1500000000000004,3.0,3000.0,1.0000000000000002e-10,6.525505996992258e-23,0.8592162405258097,3018922.978398938,13601240.309131294,0.0005617437291913563,7640.41145287921
1.1500000000000004,4.0,4000.0,1.0000000000000002e-10,6.525505996992258e-23,0.8592162405258097,3018922.978398938,13601240.309131294,0.00017773922681445256,2417.473936262562
1.1500000000000004,5.0,5000.0,1.0000000000000002e-10,6.525505996992258e-23,0.8592162405258097,3018922.978398938,13601240.309131294,7.280198730319976e-05,990.1973242931454
1.1500000000000004,6.0,6000.0,1.0000000000000002e-10,6.525505996992258e-23,0.8592162405258097,3018922.978398938,13601240.309131294,3.510898307445977e-05,477.5257158049506
1.1500000000000004,7.0,7000.0,1.0000000000000002e-10,6.525505996992258e-23,0.8592162405258097,3018922.978398938,13601240.309131294,1.895095462911281e-05,257.75648799800746
1.1500000000000004,8.0,8000.0,1.0000000000000002e-10,6.525505996992258e-23,0.8592162405258097,3018922.978398938,13601240.309131294,1.1108701675903285e-05,151.09212101641012
1.1500000000000004,9.0,9000.0,1.0000000000000002e-10,6.525505996992258e-23,0.8592162405258097,3018922.978398938,13601240.309131294,6.935107767794522e-06,94.3260673194964
1.1500000000000004,10.0,10000.0,1.0000000000000002e-10,6.525505996992258e-23,0.8592162405258097,3018922.978398938,13601240.309131294,4.550124206449985e-06,61.887332768321585
1.1500000000000004,11.0,11000.0,1.0000000000000002e-10,6.525505996992258e-23,0.8592162405258097,3018922.978398938,13601240.309131294,3.1077960565876543e-06,42.269880997419286
1.1500000000000004,12.0,12000.0,1.0000000000000002e-10,6.525505996992258e-23,0.8592162405258097,3018922.978398938,13601240.309131294,2.1943114421537357e-06,29.845357237809413
1.1500000000000004,13.0,13000.0,1.0000000000000002e-10,6.525505996992258e-23,0.8592162405258097,3018922.978398938,13601240.309131294,1.5931249628689425e-06,21.668475462456357
1.1500000000000004,14.0,14000.0,1.0000000000000002e-10,6.525505996992258e-23,0.8592162405258097,3018922.978398938,13601240.309131294,1.1844346643195506e-06,16.109780499875466
1.1500000000000004,15.0,15000.0,1.0000000000000002e-10,6.525505996992258e-23,0.8592162405258097,3018922.978398938,13601240.309131294,8.987899667061698e-07,12.22465832460673
1.1500000000000004,16.0,16000.0,1.0000000000000002e-10,6.525505996992258e-23,0.8592162405258097,3018922.978398938,13601240.309131294,6.942938547439553e-07,9.443257563525632
1.1500000000000004,17.0,17000.0,1.0000000000000002e-10,6.525505996992258e-23,0.8592162405258097,3018922.978398938,13601240.309131294,5.447880421031819e-07,7.409793078186515
1.1500000000000004,18.0,18000.0,1.0000000000000002e-10,6.525505996992258e-23,0.8592162405258097,3018922.978398938,13601240.309131294,4.334442354871576e-07,5.895379207468525
1.1500000000000004,19.0,19000.0,1.0000000000000002e-10,6.525505996992258e-23,0.8592162405258097,3018922.978398938,13601240.309131294,3.4914742876819426e-07,4.7488380819915115
1.1500000000000004,20.0,20000.0,1.0000000000000002e-10,6.525505996992258e-23,0.8592162405258097,3018922.978398938,13601240.309131294,2.843827629031241e-07,3.867958298020099
1.1500000000000004,21.0,21000.0,1.0000000000000002e-10,6.525505996992258e-23,0.8592162405258097,3018922.978398938,13601240.309131294,2.3396240282855314e-07,3.1821788641729305
1.1500000000000004,22.0,22000.0,1.0000000000000002e-10,6.525505996992258e-23,0.8592162405258097,3018922.978398938,13601240.309131294,1.942372535367284e-07,2.6418675623387053
1.1500000000000004,23.0,23000.0,1.0000000000000002e-10,6.525505996992258e-23,0.8592162405258097,3018922.978398938,13601240.309131294,1.625967676805752e-07,2.211517710711496
1.1500000000000004,24.0,24000.0,1.0000000000000002e-10,6.525505996992258e-23,0.8592162405258097,3018922.978398938,13601240.309131294,1.3714446513460848e-07,1.8653348273630883
1.1500000000000004,25.0,25000.0,1.0000000000000002e-10,6.525505996992258e-23,0.8592162405258097,3018922.978398938,13601240.309131294,1.1648317968511965e-07,1.5843157188690329
1.1500000000000004,26.0,26000.0,1.0000000000000002e-10,6.525505996992258e-23,0.8592162405258097,3018922.978398938,13601240.309131294,9.95703101793089e-08,1.3542797164035223
1.1500000000000004,27.0,27000.0,1.0000000000000002e-10,6.525505996992258e-23,0.8592162405258097,3018922.978398938,13601240.309131294,8.561861441721628e-08,1.1645193496234119
1.1500000000000004,28.0,28000.0,1.0000000000000002e-10,6.525505996992258e-23,0.8592162405258097,3018922.978398938,13601240.309131294,7.402716651997191e-08,1.0068612812422166
1.1500000000000004,29.0,29000.0,1.0000000000000002e-10,6.525505996992258e-23,0.8592162405258097,3018922.978398938,13601240.309131294,6.433262319290333e-08,0.8750034677634716
1.1500000000000004,30.0,30000.0,1.0000000000000002e-10,6.525505996992258e-23,0.8592162405258097,3018922.978398938,13601240.309131294,5.617437291913561e-08,0.7640411452879207
1.1500000000000004,31.0,31000.0,1.0000000000000002e-10,6.525505996992258e-23,0.8592162405258097,3018922.978398938,13601240.309131294,4.926930959285154e-08,0.6701237196373615
1.1500000000000004,32.0,32000.0,1.0000000000000002e-10,6.525505996992258e-23,0.8592162405258097,3018922.978398938,13601240.309131294,4.3393365921497206e-08,0.590203597720352
1.1500000000000004,33.0,33000.0,1.0000000000000002e-10,6.525505996992258e-23,0.8592162405258097,3018922.978398938,13601240.309131294,3.836785255046488e-08,0.5218503826841888
1.1500000000000004,34.0,34000.0,1.0000000000000002e-10,6.525505996992258e-23,0.8592162405258097,3018922.978398938,13601240.309131294,3.404925263144887e-08,0.46311206738665717
1.1500000000000004,35.0,35000.0,1.0000000000000002e-10,6.525505996992258e-23,0.8592162405258097,3018922.978398938,13601240.309131294,3.032152740658048e-08,0.41241038079681175
1.1500000000000004,36.0,36000.0,1.0000000000000002e-10,6.525505996992258e-23,0.8592162405258097,3018922.978398938,13601240.309131294,2.709026471794735e-08,0.3684612004667828
1.1500000000000004,37.0,37000.0,1.0000000000000002e-10,6.525505996992258e-23,0.8592162405258097,3018922.978398938,13601240.309131294,2.427819278306392e-08,0.33021353431386946
1.1500000000000004,38.0,38000.0,1.0000000000000002e-10,6.525505996992258e-23,0.8592162405258097,3018922.978398938,13601240.309131294,2.182171429801214e-08,0.29680238012446947
1.1500000000000004,39.0,39000.0,1.0000000000000002e-10,6.525505996992258e-23,0.8592162405258097,3018922.978398938,13601240.309131294,1.966820941813508e-08,0.26751204274637463
1.1500000000000004,40.0,40000.0,1.0000000000000002e-10,6.525505996992258e-23,0.8592162405258097,3018922.978398938,13601240.309131294,1.7773922681445255e-08,0.2417473936262562
1.1500000000000004,41.0,41000.0,1.0000000000000002e-10,6.525505996992258e-23,0.8592162405258097,3018922.978398938,13601240.309131294,1.6102296713876313e-08,0.2190112071343669
1.1500000000000004,42.0,42000.0,1.0000000000000002e-10,6.525505996992258e-23,0.8592162405258097,3018922.978398938,13601240.309131294,1.4622650176784571e-08,0.19888617901080816
1.1500000000000004,43.0,43000.0,1.0000000000000002e-10,6.525505996992258e-23,0.8592162405258097,3018922.978398938,13601240.309131294,1.3309122720070531e-08,0.18102057641939845
1.1500000000000004,44.0,44000.0,1.0000000000000002e-10,6.525505996992258e-23,0.8592162405258097,3018922.978398938,13601240.309131294,1.2139828346045525e-08,0.16511672264616908
1.1500000000000004,45.0,45000.0,1.0000000000000002e-10,6.525505996992258e-23,0.8592162405258097,3018922.978398938,13601240.309131294,1.1096172428471232e-08,0.1509217077111942
1.1500000000000004,46.0,46000.0,1.0000000000000002e-10,6.525505996992258e-23,0.8592162405258097,3018922.978398938,13601240.309131294,1.016229798003595e-08,0.1382198569194685
1.1500000000000004,47.0,47000.0,1.0000000000000002e-10,6.525505996992258e-23,0.8592162405258097,3018922.978398938,13601240.309131294,9.324634553877569e-09,0.1268265953621181
1.1500000000000004,48.0,48000.0,1.0000000000000002e-10,6.525505996992258e-23,0.8592162405258097,3018922.978398938,13601240.309131294,8.57152907091303e-09,0.11658342671019302
1.1500000000000004,49.0,49000.0,1.0000000000000002e-10,6.525505996992258e-23,0.8592162405258097,3018922.978398938,13601240.309131294,7.892942369476388e-09,0.10735380591337253
1.1500000000000004,50.0,50000.0,1.0000000000000002e-10,6.525505996992258e-23,0.8592162405258097,3018922.978398938,13601240.309131294,7.280198730319978e-09,0.09901973242931456
1.1500000000000004,51.0,51000.0,1.0000000000000002e-10,6.525505996992258e-23,0.8592162405258097,3018922.978398938,13601240.309131294,6.725778297570146e-09,0.09147892689119153
1.1500000000000004,52.0,52000.0,1.0000000000000002e-10,6.525505996992258e-23,0.8592162405258097,3018922.978398938,13601240.309131294,6.2231443862068065e-09,0.08464248227522014
1.1500000000000004,53.0,53000.0,1.0000000000000002e-10,6.525505996992258e-23,0.8592162405258097,3018922.978398938,13601240.309131294,5.766599281399938e-09,0.0784329025927844
1.1500000000000004,54.0,54000.0,1.0000000000000002e-10,6.525505996992258e-23,0.8592162405258097,3018922.978398938,13601240.309131294,5.3511634010760174e-09,0.07278245935146324
1.1500000000000004,55.0,55000.0,1.0000000000000002e-10,6.525505996992258e-23,0.8592162405258097,3018922.978398938,13601240.309131294,4.972473690540248e-09,0.06763180959587087
1.1500000000000004,56.0,56000.0,1.0000000000000002e-10,6.525505996992258e-23,0.8592162405258097,3018922.978398938,13601240.309131294,4.6266979074982445e-09,0.06292883007763854
1.1500000000000004,57.0,57000.0,1.0000000000000002e-10,6.525505996992258e-23,0.8592162405258097,3018922.978398938,13601240.309131294,4.310462083557953e-09,0.0586276306418705
1.1500000000000004,58.0,58000.0,1.0000000000000002e-10,6.525505996992258e-23,0.8592162405258097,3018922.978398938,13601240.309131294,4.020788949556458e-09,0.054687716735216975
1.1500000000000004,59.0,59000.0,1.0000000000000002e-10,6.525505996992258e-23,0.8592162405258097,3018922.978398938,13601240.309131294,3.75504551399433e-09,0.051073276407562325
1.1500000000000004,60.0,60000.0,1.0000000000000002e-10,6.525505996992258e-23,0.8592162405258097,3018922.978398938,13601240.309131294,3.5108983074459757e-09,0.04775257158049504
1.1500000000000004,61.0,61000.0,1.0000000000000002e-10,6.525505996992258e-23,0.8592162405258097,3018922.978398938,13601240.309131294,3.2862750673288705e-09,0.044697416912646594
1.1500000000000004,62.0,62000.0,1.0000000000000002e-10,6.525505996992258e-23,0.8592162405258097,3018922.978398938,13601240.309131294,3.0793318495532213e-09,0.041882732477335094
1.1500000000000004,63.0,63000.0,1.0000000000000002e-10,6.525505996992258e-23,0.8592162405258097,3018922.978398938,13601240.309131294,2.8884247262784338e-09,0.03928615881694976
1.1500000000000004,64.0,64000.0,1.0000000000000002e-10,6.525505996992258e-23,0.8592162405258097,3018922.978398938,13601240.309131294,2.7120853700935754e-09,0.036887724857522
1.1500000000000004,65.0,65000.0,1.0000000000000002e-10,6.525505996992258e-23,0.8592162405258097,3018922.978398938,13601240.309131294,2.548999940590308e-09,0.03466956073993017
1.1500000000000004,66.0,66000.0,1.0000000000000002e-10,6.525505996992258e-23,0.8592162405258097,3018922.978398938,13601240.309131294,2.397990784404055e-09,0.0326156489177618
1.1500000000000004,67.0,67000.0,1.0000000000000002e-10,6.525505996992258e-23,0.8592162405258097,3018922.978398938,13601240.309131294,2.2580005382578883e-09,0.03071160793899335
1.1500000000000004,68.0,68000.0,1.0000000000000002e-10,6.525505996992258e-23,0.8592162405258097,3018922.978398938,13601240.309131294,2.1280782894655545e-09,0.028944504211666073
1.1500000000000004,69.0,69000.0,1.0000000000000002e-10,6.525505996992258e-23,0.8592162405258097,3018922.978398938,13601240.309131294,2.007367502229324e-09,0.027302687786561686
1.1500000000000004,70.0,70000.0,1.0000000000000002e-10,6.525505996992258e-23,0.8592162405258097,3018922.978398938,13601240.309131294,1.89509546291128e-09,0.025775648799800734
1.1500000000000004,71.0,71000.0,1.0000000000000002e-10,6.525505996992258e-23,0.8592162405258097,3018922.978398938,13601240.309131294,1.7905640348822206e-09,0.02435389172732083
1.1500000000000004,72.0,72000.0,1.0000000000000002e-10,6.525505996992258e-23,0.8592162405258097,3018922.978398938,13601240.309131294,1.6931415448717094e-09,0.023028825029173926
1.1500000000000004,73.0,73000.0,1.0000000000000002e-10,6.525505996992258e-23,0.8592162405258097,3018922.978398938,13601240.309131294,1.6022556490206503e-09,0.021792664118992992
1.1500000000000004,74.0,74000.0,1.0000000000000002e-10,6.525505996992258e-23,0.8592162405258097,3018922.978398938,13601240.309131294,1.517387048941495e-09,0.02063834589461684
1.1500000000000004,75.0,75000.0,1.0000000000000002e-10,6.525505996992258e-23,0.8592162405258097,3018922.978398938,13601240.309131294,1.4380639467298718e-09,0.01955945331937077
1.1500000000000004,76.0,76000.0,1.0000000000000002e-10,6.525505996992258e-23,0.8592162405258097,3018922.978398938,13601240.309131294,1.3638571436257588e-09,0.01855014875777934
1.1500000000000004,77.0,77000.0,1.0000000000000002e-10,6.525505996992258e-23,0.8592162405258097,3018922.978398938,13601240.309131294,1.2943757003697015e-09,0.017605114951028435
1.1500000000000004,78.0,78000.0,1.0000000000000002e-10,6.525505996992258e-23,0.8592162405258097,3018922.978398938,13601240.309131294,1.2292630886334425e-09,0.016719502671648415
1.1500000000000004,79.0,79000.0,1.0000000000000002e-10,6.525505996992258e-23,0.8592162405258097,3018922.978398938,13601240.309131294,1.1681937725495325e-09,0.015888884228076855
1.1500000000000004,80.0,80000.0,1.0000000000000002e-10,6.525505996992258e-23,0.8592162405258097,3018922.978398938,13601240.309131294,1.1108701675903284e-09,0.015109212101641012
1.1500000000000004,81.0,81000.0,1.0000000000000002e-10,6.525505996992258e-23,0.8592162405258097,3018922.978398938,13601240.309131294,1.0570199310767443e-09,0.014376782094116199
1.1500000000000004,82.0,82000.0,1.0000000000000002e-10,6.525505996992258e-23,0.8592162405258097,3018922.978398938,13601240.309131294,1.0063935446172696e-09,0.01368820044589793
1.1500000000000004,83.0,83000.0,1.0000000000000002e-10,6.525505996992258e-23,0.8592162405258097,3018922.978398938,13601240.309131294,9.587621539434539e-10,0.013040354455085248
1.1500000000000004,84.0,84000.0,1.0000000000000002e-10,6.525505996992258e-23,0.8592162405258097,3018922.978398938,13601240.309131294,9.139156360490357e-10,0.01243038618817551
1.1500000000000004,85.0,85000.0,1.0000000000000002e-10,6.525505996992258e-23,0.8592162405258097,3018922.978398938,13601240.309131294,8.716608673650909e-10,0.011855668925098421
1.1500000000000004,86.0,86000.0,1.0000000000000002e-10,6.525505996992258e-23,0.8592162405258097,3018922.978398938,13601240.309131294,8.318201700044082e-10,0.011313786026212403
1.1500000000000004,87.0,87000.0,1.0000000000000002e-10,6.525505996992258e-23,0.8592162405258097,3018922.978398938,13601240.309131294,7.942299159617694e-10,0.010802511947697178
1.1500000000000004,88.0,88000.0,1.0000000000000002e-10,6.525505996992258e-23,0.8592162405258097,3018922.978398938,13601240.309131294,7.587392716278453e-10,0.010319795165385568
1.1500000000000004,89.0,89000.0,1.0000000000000002e-10,6.525505996992258e-23,0.8592162405258097,3018922.978398938,13601240.309131294,7.252090671179541e-10,0.009863742796232219
1.1500000000000004,90.0,90000.0,1.0000000000000002e-10,6.525505996992258e-23,0.8592162405258097,3018922.978398938,13601240.309131294,6.93510776779452e-10,0.009432606731949638
1.1500000000000004,91.0,91000.0,1.0000000000000002e-10,6.525505996992258e-23,0.8592162405258097,3018922.978398938,13601240.309131294,6.635255988625331e-10,0.009024771121389568
1.1500000000000004,92.0,92000.0,1.0000000000000002e-10,6.525505996992258e-23,0.8592162405258097,3018922.978398938,13601240.309131294,6.351436237522469e-10,0.008638741057466781
1.1500000000000004,93.0,93000.0,1.0000000000000002e-10,6.525505996992258e-23,0.8592162405258097,3018922.978398938,13601240.309131294,6.08263081393229e-10,0.008273132341201996
1.1500000000000004,94.0,94000.0,1.0000000000000002e-10,6.525505996992258e-23,0.8592162405258097,3018922.978398938,13601240.309131294,5.827896596173481e-10,0.007926662210132381
1.1500000000000004,95.0,95000.0,1.0000000000000002e-10,6.525505996992258e-23,0.8592162405258097,3018922.978398938,13601240.309131294,5.586358860291108e-10,0.007598140931186418
1.1500000000000004,96.0,96000.0,1.0000000000000002e-10,6.525505996992258e-23,0.8592162405258097,3018922.978398938,13601240.309131294,5.357205669320644e-10,0.007286464169387064
1.1500000000000004,97.0,97000.0,1.0000000000000002e-10,6.525505996992258e-23,0.8592162405258097,3018922.978398938,13601240.309131294,5.139682775069622e-10,0.006990606053642474
1.1500000000000004,98.0,98000.0,1.0000000000000002e-10,6.525505996992258e-23,0.8592162405258097,3018922.978398938,13601240.309131294,4.933088980922743e-10,0.006709612869585783
1.1500000000000004,99.0,99000.0,1.0000000000000002e-10,6.525505996992258e-23,0.8592162405258097,3018922.978398938,13601240.309131294,4.736771919810478e-10,0.00644259731708875
1.1500000000000004,100.0,100000.0,1.0000000000000002e-10,6.525505996992258e-23,0.8592162405258097,3018922.978398938,13601240.309131294,4.550124206449986e-10,0.00618873327683216
1.2000000000000004,1.0,1000.0,1.0000000000000002e-10,8.086042626404159e-23,0.8594445637418007,2436296.827779714,17776532.207666945,0.04201058542376686,746802.5248485351
1.2000000000000004,2.0,2000.0,1.0000000000000002e-10,8.086042626404159e-23,0.8594445637418007,2436296.827779714,17776532.207666945,0.0026256615889854286,46675.15780303344
1.2000000000000004,3.0,3000.0,1.0000000000000002e-10,8.086042626404159e-23,0.8594445637418007,2436296.827779714,17776532.207666945,0.0005186492027625539,9219.784257389323
1.2000000000000004,4.0,4000.0,1.0000000000000002e-10,8.086042626404159e-23,0.8594445637418007,2436296.827779714,17776532.207666945,0.0001641038493115893,2917.19736268959
1.2000000000000004,5.0,5000.0,1.0000000000000002e-10,8.086042626404159e-23,0.8594445637418007,2436296.827779714,17776532.207666945,6.721693667802697e-05,1194.884039757656
1.2000000000000004,6.0,6000.0,1.0000000000000002e-10,8.086042626404159e-23,0.8594445637418007,2436296.827779714,17776532.207666945,3.2415575172659616e-05,576.2365160868327
1.2000000000000004,7.0,7000.0,1.0000000000000002e-10,8.086042626404159e-23,0.8594445637418007,2436296.827779714,17776532.207666945,1.749712012651681e-05,311.0381194704436
1.2000000000000004,8.0,8000.0,1.0000000000000002e-10,8.086042626404159e-23,0.8594445637418007,2436296.827779714,17776532.207666945,1.025649058197433e-05,182.32483516809938
1.2000000000000004,9.0,9000.0,1.0000000000000002e-10,8.086042626404159e-23,0.8594445637418007,2436296.827779714,17776532.207666945,6.40307657731548e-06,113.82449700480645
1.2000000000000004,10.0,10000.0,1.0000000000000002e-10,8.086042626404159e-23,0.8594445637418007,2436296.827779714,17776532.207666945,4.201058542376686e-06,74.6802524848535
1.2000000000000004,11.0,11000.0,1.0000000000000002e-10,8.086042626404159e-23,0.8594445637418007,2436296.827779714,17776532.207666945,2.869379511219647e-06,51.00761729721569
1.2000000000000004,12.0,12000.0,1.0000000000000002e-10,8.086042626404159e-23,0.8594445637418007,2436296.827779714,17776532.207666945,2.025973448291226e-06,36.01478225542704
1.2000000000000004,13.0,13000.0,1.0000000000000002e-10,8.086042626404159e-23,0.8594445637418007,2436296.827779714,17776532.207666945,1.4709073710222635e-06,26.14763225547198
1.2000000000000004,14.0,14000.0,1.0000000000000002e-10,8.086042626404159e-23,0.8594445637418007,2436296.827779714,17776532.207666945,1.0935700079073005e-06,19.439882466902723
1.2000000000000004,15.0,15000.0,1.0000000000000002e-10,8.086042626404159e-23,0.8594445637418007,2436296.827779714,17776532.207666945,8.298387244200859e-07,14.751654811822911
1.2000000000000004,16.0,16000.0,1.0000000000000002e-10,8.086042626404159e-23,0.8594445637418007,2436296.827779714,17776532.207666945,6.410306613733957e-07,11.395302198006211
1.2000000000000004,17.0,17000.0,1.0000000000000002e-10,8.086042626404159e-23,0.8594445637418007,2436296.827779714,17776532.207666945,5.029942819622234e-07,8.941494053573773
1.2000000000000004,18.0,18000.0,1.0000000000000002e-10,8.086042626404159e-23,0.8594445637418007,2436296.827779714,17776532.207666945,4.001922860822175e-07,7.114031062800403
1.2000000000000004,19.0,19000.0,1.0000000000000002e-10,8.086042626404159e-23,0.8594445637418007,2436296.827779714,17776532.207666945,3.223623623496355e-07,5.730484916847897
1.2000000000000004,20.0,20000.0,1.0000000000000002e-10,8.086042626404159e-23,0.8594445637418007,2436296.827779714,17776532.207666945,2.6256615889854286e-07,4.667515780303344
1.2000000000000004,21.0,21000.0,1.0000000000000002e-10,8.086042626404159e-23,0.8594445637418007,2436296.827779714,17776532.207666945,2.160138287224297e-07,3.839976783585722
1.2000000000000004,22.0,22000.0,1.0000000000000002e-10,8.086042626404159e-23,0.8594445637418007,2436296.827779714,17776532.207666945,1.7933621945122794e-07,3.1879760810759805
1.2000000000000004,23.0,23000.0,1.0000000000000002e-10,8.086042626404159e-23,0.8594445637418007,2436296.827779714,17776532.207666945,1.5012305353313792e-07,2.668667296245135
1.2000000000000004,24.0,24000.0,1.0000000000000002e-10,8.086042626404159e-23,0.8594445637418007,2436296.827779714,17776532.207666945,1.2662334051820163e-07,2.25092389096419
1.2000000000000004,25.0,25000.0,1.0000000000000002e-10,8.086042626404159e-23,0.8594445637418007,2436296.827779714,17776532.207666945,1.0754709868484317e-07,1.91181446361225
1.2000000000000004,26.0,26000.0,1.0000000000000002e-10,8.086042626404159e-23,0.8594445637418007,2436296.827779714,17776532.207666945,9.193171068889147e-08,1.6342270159669987
1.2000000000000004,27.0,27000.0,1.0000000000000002e-10,8.086042626404159e-23,0.8594445637418007,2436296.827779714,17776532.207666945,7.90503281150059e-08,1.405240703763042
1.2000000000000004,28.0,28000.0,1.0000000000000002e-10,8.086042626404159e-23,0.8594445637418007,2436296.827779714,17776532.207666945,6.834812549420628e-08,1.2149926541814202
1.2000000000000004,29.0,29000.0,1.0000000000000002e-10,8.086042626404159e-23,0.8594445637418007,2436296.827779714,17776532.207666945,5.9397305206511795e-08,1.0558781090521805
1.2000000000000004,30.0,30000.0,1.0000000000000002e-10,8.086042626404159e-23,0.8594445637418007,2436296.827779714,17776532.207666945,5.186492027625537e-08,0.921978425738932
1.2000000000000004,31.0,31000.0,1.0000000000000002e-10,8.086042626404159e-23,0.8594445637418007,2436296.827779714,17776532.207666945,4.548958326206644e-08,0.8086470419714712
1.2000000000000004,32.0,32000.0,1.0000000000000002e-10,8.086042626404159e-23,0.8594445637418007,2436296.827779714,17776532.207666945,4.006441633583723e-08,0.7122063873753882
1.2000000000000004,33.0,33000.0,1.0000000000000002e-10,8.086042626404159e-23,0.8594445637418007,2436296.827779714,17776532.207666945,3.542443841011911e-08,0.6297236703359964
1.2000000000000004,34.0,34000.0,1.0000000000000002e-10,8.086042626404159e-23,0.8594445637418007,2436296.827779714,17776532.207666945,3.143714262263896e-08,0.5588433783483608
1.2000000000000004,35.0,35000.0,1.0000000000000002e-10,8.086042626404159e-23,0.8594445637418007,2436296.827779714,17776532.207666945,2.7995392202426888e-08,0.4976609911527096
1.2000000000000004,36.0,36000.0,1.0000000000000002e-10,8.086042626404159e-23,0.8594445637418007,2436296.827779714,17776532.207666945,2.5012017880138593e-08,0.4446269414250252
1.2000000000000004,37.0,37000.0,1.0000000000000002e-10,8.086042626404159e-23,0.8594445637418007,2436296.827779714,17776532.207666945,2.2415675827085754e-08,0.3984729832968113
1.2000000000000004,38.0,38000.0,1.0000000000000002e-10,8.086042626404159e-23,0.8594445637418007,2436296.827779714,17776532.207666945,2.0147647646852218e-08,0.35815530730299355
1.2000000000000004,39.0,39000.0,1.0000000000000002e-10,8.086042626404159e-23,0.8594445637418007,2436296.827779714,17776532.207666945,1.8159350259534108e-08,0.32281027475891316
1.2000000000000004,40.0,40000.0,1.0000000000000002e-10,8.086042626404159e-23,0.8594445637418007,2436296.827779714,17776532.207666945,1.641038493115893e-08,0.291719736268959
1.2000000000000004,41.0,41000.0,1.0000000000000002e-10,8.086042626404159e-23,0.8594445637418007,2436296.827779714,17776532.207666945,1.486699880979561e-08,0.2642836831736778
1.2000000000000004,42.0,42000.0,1.0000000000000002e-10,8.086042626404159e-23,0.8594445637418007,2436296.827779714,17776532.207666945,1.3500864295151856e-08,0.23999854897410763
1.2000000000000004,43.0,43000.0,1.0000000000000002e-10,8.086042626404159e-23,0.8594445637418007,2436296.827779714,17776532.207666945,1.2288104930286044e-08,0.21843989306442085
1.2000000000000004,44.0,44000.0,1.0000000000000002e-10,8.086042626404159e-23,0.8594445637418007,2436296.827779714,17776532.207666945,1.1208513715701746e-08,0.19924850506724878
1.2000000000000004,45.0,45000.0,1.0000000000000002e-10,8.086042626404159e-23,0.8594445637418007,2436296.827779714,17776532.207666945,1.0244922523704765e-08,0.18211919520769027
1.2000000000000004,46.0,46000.0,1.0000000000000002e-10,8.086042626404159e-23,0.8594445637418007,2436296.827779714,17776532.207666945,9.38269084582112e-09,0.16679170601532095
1.2000000000000004,47.0,47000.0,1.0000000000000002e-10,8.086042626404159e-23,0.8594445637418007,2436296.827779714,17776532.207666945,8.60928930062577e-09,0.1530433085376964
1.2000000000000004,48.0,48000.0,1.0000000000000002e-10,8.086042626404159e-23,0.8594445637418007,2436296.827779714,17776532.207666945,7.913958782387602e-09,0.1406827431852619
1.2000000000000004,49.0,49000.0,1.0000000000000002e-10,8.086042626404159e-23,0.8594445637418007,2436296.827779714,17776532.207666945,7.287430290094464e-09,0.1295452392629919
1.2000000000000004,50.0,50000.0,1.0000000000000002e-10,8.086042626404159e-23,0.8594445637418007,2436296.827779714,17776532.207666945,6.721693667802698e-09,0.11948840397576563
1.2000000000000004,51.0,51000.0,1.0000000000000002e-10,8.086042626404159e-23,0.8594445637418007,2436296.827779714,17776532.207666945,6.209805950150905e-09,0.1103888154762194
1.2000000000000004,52.0,52000.0,1.0000000000000002e-10,8.086042626404159e-23,0.8594445637418007,2436296.827779714,17776532.207666945,5.745731918055717e-09,0.10213918849793742
1.2000000000000004,53.0,53000.0,1.0000000000000002e-10,8.086042626404159e-23,0.8594445637418007,2436296.827779714,17776532.207666945,5.324210960493647e-09,0.09464600761962867
1.2000000000000004,54.0,54000.0,1.0000000000000002e-10,8.086042626404159e-23,0.8594445637418007,2436296.827779714,17776532.207666945,4.940645507187868e-09,0.08782754398519013
1.2000000000000004,55.0,55000.0,1.0000000000000002e-10,8.086042626404159e-23,0.8594445637418007,2436296.827779714,17776532.207666945,4.591007217951437e-09,0.08161218767554514
1.2000000000000004,56.0,56000.0,1.0000000000000002e-10,8.086042626404159e-23,0.8594445637418007,2436296.827779714,17776532.207666945,4.271757843387893e-09,0.07593704088633876
1.2000000000000004,57.0,57000.0,1.0000000000000002e-10,8.086042626404159e-23,0.8594445637418007,2436296.827779714,17776532.207666945,3.979782251230068e-09,0.07074672736849257
1.2000000000000004,58.0,58000.0,1.0000000000000002e-10,8.086042626404159e-23,0.8594445637418007,2436296.827779714,17776532.207666945,3.712331575406987e-09,0.06599238181576128
1.2000000000000004,59.0,59000.0,1.0000000000000002e-10,8.086042626404159e-23,0.8594445637418007,2436296.827779714,17776532.207666945,3.4669748160318777e-09,0.061630789480360854
1.2000000000000004,60.0,60000.0,1.0000000000000002e-10,8.086042626404159e-23,0.8594445637418007,2436296.827779714,17776532.207666945,3.2415575172659607e-09,0.05762365160868325
1.2000000000000004,61.0,61000.0,1.0000000000000002e-10,8.086042626404159e-23,0.8594445637418007,2436296.827779714,17776532.207666945,3.0341663914649058e-09,0.05393695658129649
1.2000000000000004,62.0,62000.0,1.0000000000000002e-10,8.086042626404159e-23,0.8594445637418007,2436296.827779714,17776532.207666945,2.8430989538791523e-09,0.05054044012321695
1.2000000000000004,63.0,63000.0,1.0000000000000002e-10,8.086042626404159e-23,0.8594445637418007,2436296.827779714,17776532.207666945,2.6668373916349345e-09,0.047407120785008916
1.2000000000000004,64.0,64000.0,1.0000000000000002e-10,8.086042626404159e-23,0.8594445637418007,2436296.827779714,17776532.207666945,2.504026020989827e-09,0.044512899210961764
1.2000000000000004,65.0,65000.0,1.0000000000000002e-10,8.086042626404159e-23,0.8594445637418007,2436296.827779714,17776532.207666945,2.3534517936356216e-09,0.04183621160875517
1.2000000000000004,66.0,66000.0,1.0000000000000002e-10,8.086042626404159e-23,0.8594445637418007,2436296.827779714,17776532.207666945,2.2140274006324446e-09,0.039357729395999776
1.2000000000000004,67.0,67000.0,1.0000000000000002e-10,8.086042626404159e-23,0.8594445637418007,2436296.827779714,17776532.207666945,2.0847765949977097e-09,0.03706009828676701
1.2000000000000004,68.0,68000.0,1.0000000000000002e-10,8.086042626404159e-23,0.8594445637418007,2436296.827779714,17776532.207666945,1.964821413914935e-09,0.03492771114677255
1.2000000000000004,69.0,69000.0,1.0000000000000002e-10,8.086042626404159e-23,0.8594445637418007,2436296.827779714,17776532.207666945,1.8533710312733083e-09,0.03294650983018686
1.2000000000000004,70.0,70000.0,1.0000000000000002e-10,8.086042626404159e-23,0.8594445637418007,2436296.827779714,17776532.207666945,1.7497120126516805e-09,0.03110381194704435
1.2000000000000004,71.0,71000.0,1.0000000000000002e-10,8.086042626404159e-23,0.8594445637418007,2436296.827779714,17776532.207666945,1.6531997794150992e-09,0.0293881591244804
1.2000000000000004,72.0,72000.0,1.0000000000000002e-10,8.086042626404159e-23,0.8594445637418007,2436296.827779714,17776532.207666945,1.563251117508662e-09,0.027789183839064074
1.2000000000000004,73.0,73000.0,1.0000000000000002e-10,8.086042626404159e-23,0.8594445637418007,2436296.827779714,17776532.207666945,1.4793375907953894e-09,0.026297492328786663
1.2000000000000004,74.0,74000.0,1.0000000000000002e-10,8.086042626404159e-23,0.8594445637418007,2436296.827779714,17776532.207666945,1.4009797391928596e-09,0.024904561456050706
1.2000000000000004,75.0,75000.0,1.0000000000000002e-10,8.086042626404159e-23,0.8594445637418007,2436296.827779714,17776532.207666945,1.3277419590721377e-09,0.02360264769891666
1.2000000000000004,76.0,76000.0,1.0000000000000002e-10,8.086042626404159e-23,0.8594445637418007,2436296.827779714,17776532.207666945,1.2592279779282636e-09,0.022384706706437097
1.2000000000000004,77.0,77000.0,1.0000000000000002e-10,8.086042626404159e-23,0.8594445637418007,2436296.827779714,17776532.207666945,1.1950768476549963e-09,0.021244322072976125
1.2000000000000004,78.0,78000.0,1.0000000000000002e-10,8.086042626404159e-23,0.8594445637418007,2436296.827779714,17776532.207666945,1.1349593912208817e-09,0.020175642172432073
1.2000000000000004,79.0,79000.0,1.0000000000000002e-10,8.086042626404159e-23,0.8594445637418007,2436296.827779714,17776532.207666945,1.0785750464489886e-09,0.019173324051586317
1.2000000000000004,80.0,80000.0,1.0000000000000002e-10,8.086042626404159e-23,0.8594445637418007,2436296.827779714,17776532.207666945,1.025649058197433e-09,0.018232483516809936
1.2000000000000004,81.0,81000.0,1.0000000000000002e-10,8.086042626404159e-23,0.8594445637418007,2436296.827779714,17776532.207666945,9.759299767284679e-10,0.01734865066374126
1.2000000000000004,82.0,82000.0,1.0000000000000002e-10,8.086042626404159e-23,0.8594445637418007,2436296.827779714,17776532.207666945,9.291874256122256e-10,0.01651773019835486
1.2000000000000004,83.0,83000.0,1.0000000000000002e-10,8.086042626404159e-23,0.8594445637418007,2436296.827779714,17776532.207666945,8.852101072805938e-10,0.015735965982625787
1.2000000000000004,84.0,84000.0,1.0000000000000002e-10,8.086042626404159e-23,0.8594445637418007,2436296.827779714,17776532.207666945,8.43804018446991e-10,0.014999909310881727
1.2000000000000004,85.0,85000.0,1.0000000000000002e-10,8.086042626404159e-23,0.8594445637418007,2436296.827779714,17776532.207666945,8.047908511395573e-10,0.014306390485718034
1.2000000000000004,86.0,86000.0,1.0000000000000002e-10,8.086042626404159e-23,0.8594445637418007,2436296.827779714,17776532.207666945,7.680065581428778e-10,0.013652493316526303
1.2000000000000004,87.0,87000.0,1.0000000000000002e-10,8.086042626404159e-23,0.8594445637418007,2436296.827779714,17776532.207666945,7.333000642779231e-10,0.013035532210520742
1.2000000000000004,88.0,88000.0,1.0000000000000002e-10,8.086042626404159e-23,0.8594445637418007,2436296.827779714,17776532.207666945,7.005321072313591e-10,0.012453031566703049
1.2000000000000004,89.0,89000.0,1.0000000000000002e-10,8.086042626404159e-23,0.8594445637418007,2436296.827779714,17776532.207666945,6.695741936244651e-10,0.011902707218387926
1.2000000000000004,90.0,90000.0,1.0000000000000002e-10,8.086042626404159e-23,0.8594445637418007,2436296.827779714,17776532.207666945,6.403076577315478e-10,0.011382449700480642
1.2000000000000004,91.0,91000.0,1.0000000000000002e-10,8.086042626404159e-23,0.8594445637418007,2436296.827779714,17776532.207666945,6.126228117543786e-10,0.010890309144303195
1.2000000000000004,92.0,92000.0,1.0000000000000002e-10,8.086042626404159e-23,0.8594445637418007,2436296.827779714,17776532.207666945,5.8641817786382e-10,0.01042448162595756
1.2000000000000004,93.0,93000.0,1.0000000000000002e-10,8.086042626404159e-23,0.8594445637418007,2436296.827779714,17776532.207666945,5.615997933588449e-10,0.009983296814462608
1.2000000000000004,94.0,94000.0,1.0000000000000002e-10,8.086042626404159e-23,0.8594445637418007,2436296.827779714,17776532.207666945,5.380805812891106e-10,0.009565206783606025
1.2000000000000004,95.0,95000.0,1.0000000000000002e-10,8.086042626404159e-23,0.8594445637418007,2436296.827779714,17776532.207666945,5.157797797594168e-10,0.009168775866956635
1.2000000000000004,96.0,96000.0,1.0000000000000002e-10,8.086042626404159e-23,0.8594445637418007,2436296.827779714,17776532.207666945,4.946224238992251e-10,0.008792671449078868
1.2000000000000004,97.0,97000.0,1.0000000000000002e-10,8.086042626404159e-23,0.8594445637418007,2436296.827779714,17776532.207666945,4.745388751521301e-10,0.008435655597931885
1.2000000000000004,98.0,98000.0,1.0000000000000002e-10,8.086042626404159e-23,0.8594445637418007,2436296.827779714,17776532.207666945,4.55464393130904e-10,0.008096577453936995
1.2000000000000004,99.0,99000.0,1.0000000000000002e-10,8.086042626404159e-23,0.8594445637418007,2436296.827779714,17776532.207666945,4.3733874580393953e-10,0.007774366300444398
1.2000000000000004,100.0,100000.0,1.0000000000000002e-10,8.086042626404159e-23,0.8594445637418007,2436296.827779714,17776532.207666945,4.2010585423766864e-10,0.007468025248485352
1.2500000000000004,1.0,1000.0,1.0000000000000002e-10,9.931301296167207e-23,0.859647143041453,1983627.2621799153,22993888.760558005,0.03851992878303387,885722.9575016972
1.2500000000000004,2.0,2000.0,1.0000000000000002e-10,9.931301296167207e-23,0.859647143041453,1983627.2621799153,22993888.760558005,0.002407495548939617,55357.68484385608
1.2500000000000004,3.0,3000.0,1.0000000000000002e-10,9.931301296167207e-23,0.859647143041453,1983627.2621799153,22993888.760558005,0.0004755546763337516,10934.85132718145
1.2500000000000004,4.0,4000.0,1.0000000000000002e-10,9.931301296167207e-23,0.859647143041453,1983627.2621799153,22993888.760558005,0.00015046847180872605,3459.855302741005
1.2500000000000004,5.0,5000.0,1.0000000000000002e-10,9.931301296167207e-23,0.859647143041453,1983627.2621799153,22993888.760558005,6.16318860528542e-05,1417.1567320027157
1.2500000000000004,6.0,6000.0,1.0000000000000002e-10,9.931301296167207e-23,0.859647143041453,1983627.2621799153,22993888.760558005,2.9722167270859474e-05,683.4282079488406
1.2500000000000004,7.0,7000.0,1.0000000000000002e-10,9.931301296167207e-23,0.859647143041453,1983627.2621799153,22993888.760558005,1.6043285623920815e-05,368.89752499029464
1.2500000000000004,8.0,8000.0,1.0000000000000002e-10,9.931301296167207e-23,0.859647143041453,1983627.2621799153,22993888.760558005,9.404279488045378e-06,216.2409564213128
1.2500000000000004,9.0,9000.0,1.0000000000000002e-10,9.931301296167207e-23,0.859647143041453,1983627.2621799153,22993888.760558005,5.871045386836439e-06,134.99816453310433
1.2500000000000004,10.0,10000.0,1.0000000000000002e-10,9.931301296167207e-23,0.859647143041453,1983627.2621799153,22993888.760558005,3.851992878303387e-06,88.57229575016973
1.2500000000000004,11.0,11000.0,1.0000000000000002e-10,9.931301296167207e-23,0.859647143041453,1983627.2621799153,22993888.760558005,2.6309629658516405e-06,60.49606976994039
1.2500000000000004,12.0,12000.0,1.0000000000000002e-10,9.931301296167207e-23,0.859647143041453,1983627.2621799153,22993888.760558005,1.8576354544287171e-06,42.71426299680254
1.2500000000000004,13.0,13000.0,1.0000000000000002e-10,9.931301296167207e-23,0.859647143041453,1983627.2621799153,22993888.760558005,1.348689779175585e-06,31.011622754864945
1.2500000000000004,14.0,14000.0,1.0000000000000002e-10,9.931301296167207e-23,0.859647143041453,1983627.2621799153,22993888.760558005,1.002705351495051e-06,23.056095311893415
1.2500000000000004,15.0,15000.0,1.0000000000000002e-10,9.931301296167207e-23,0.859647143041453,1983627.2621799153,22993888.760558005,7.608874821340023e-07,17.495762123490316
1.2500000000000004,16.0,16000.0,1.0000000000000002e-10,9.931301296167207e-23,0.859647143041453,1983627.2621799153,22993888.760558005,5.877674680028361e-07,13.51505977633205
1.2500000000000004,17.0,17000.0,1.0000000000000002e-10,9.931301296167207e-23,0.859647143041453,1983627.2621799153,22993888.760558005,4.6120052182126505e-07,10.604793495069474
1.2500000000000004,18.0,18000.0,1.0000000000000002e-10,9.931301296167207e-23,0.859647143041453,1983627.2621799153,22993888.760558005,3.6694033667727746e-07,8.43738528331902
1.2500000000000004,19.0,19000.0,1.0000000000000002e-10,9.931301296167207e-23,0.859647143041453,1983627.2621799153,22993888.760558005,2.955772959310768e-07,6.796471462785715
1.2500000000000004,20.0,20000.0,1.0000000000000002e-10,9.931301296167207e-23,0.859647143041453,1983627.2621799153,22993888.760558005,2.407495548939617e-07,5.535768484385608
1.2500000000000004,21.0,21000.0,1.0000000000000002e-10,9.931301296167207e-23,0.859647143041453,1983627.2621799153,22993888.760558005,1.980652546163063e-07,4.554290431978945
1.2500000000000004,22.0,22000.0,1.0000000000000002e-10,9.931301296167207e-23,0.859647143041453,1983627.2621799153,22993888.760558005,1.6443518536572753e-07,3.7810043606212744
1.2500000000000004,23.0,23000.0,1.0000000000000002e-10,9.931301296167207e-23,0.859647143041453,1983627.2621799153,22993888.760558005,1.376493393857007e-07,3.1650935977990975
1.2500000000000004,24.0,24000.0,1.0000000000000002e-10,9.931301296167207e-23,0.859647143041453,1983627.2621799153,22993888.760558005,1.1610221590179482e-07,2.6696414373001587
1.2500000000000004,25.0,25000.0,1.0000000000000002e-10,9.931301296167207e-23,0.859647143041453,1983627.2621799153,22993888.760558005,9.861101768456672e-08,2.2674507712043455
1.2500000000000004,26.0,26000.0,1.0000000000000002e-10,9.931301296167207e-23,0.859647143041453,1983627.2621799153,22993888.760558005,8.429311119847407e-08,1.938226422179059
1.2500000000000004,27.0,27000.0,1.0000000000000002e-10,9.931301296167207e-23,0.859647143041453,1983627.2621799153,22993888.760558005,7.248204181279552e-08,1.6666440065815344
1.2500000000000004,28.0,28000.0,1.0000000000000002e-10,9.931301296167207e-23,0.859647143041453,1983627.2621799153,22993888.760558005,6.266908446844068e-08,1.4410059569933384
1.2500000000000004,29.0,29000.0,1.0000000000000002e-10,9.931301296167207e-23,0.859647143041453,1983627.2621799153,22993888.760558005,5.4461987220120266e-08,1.2522928758183771
1.2500000000000004,30.0,30000.0,1.0000000000000002e-10,9.931301296167207e-23,0.859647143041453,1983627.2621799153,22993888.760558005,4.7555467633375144e-08,1.0934851327181447
1.2500000000000004,31.0,31000.0,1.0000000000000002e-10,9.931301296167207e-23,0.859647143041453,1983627.2621799153,22993888.760558005,4.1709856931281334e-08,0.9590718104966722
1.2500000000000004,32.0,32000.0,1.0000000000000002e-10,9.931301296167207e-23,0.859647143041453,1983627.2621799153,22993888.760558005,3.673546675017726e-08,0.8446912360207531
1.2500000000000004,33.0,33000.0,1.0000000000000002e-10,9.931301296167207e-23,0.859647143041453,1983627.2621799153,22993888.760558005,3.248102426977335e-08,0.7468650588881532
1.2500000000000004,34.0,34000.0,1.0000000000000002e-10,9.931301296167207e-23,0.859647143041453,1983627.2621799153,22993888.760558005,2.8825032613829066e-08,0.6627995934418421
1.2500000000000004,35.0,35000.0,1.0000000000000002e-10,9.931301296167207e-23,0.859647143041453,1983627.2621799153,22993888.760558005,2.5669256998273296e-08,0.5902360399844713
1.2500000000000004,36.0,36000.0,1.0000000000000002e-10,9.931301296167207e-23,0.859647143041453,1983627.2621799153,22993888.760558005,2.293377104232984e-08,0.5273365802074388
1.2500000000000004,37.0,37000.0,1.0000000000000002e-10,9.931301296167207e-23,0.859647143041453,1983627.2621799153,22993888.760558005,2.0553158871107595e-08,0.472597048760324
1.2500000000000004,38.0,38000.0,1.0000000000000002e-10,9.931301296167207e-23,0.859647143041453,1983627.2621799153,22993888.760558005,1.84735809956923e-08,0.4247794664241072
1.2500000000000004,39.0,39000.0,1.0000000000000002e-10,9.931301296167207e-23,0.859647143041453,1983627.2621799153,22993888.760558005,1.665049110093314e-08,0.3828595401835176
1.2500000000000004,40.0,40000.0,1.0000000000000002e-10,9.931301296167207e-23,0.859647143041453,1983627.2621799153,22993888.760558005,1.5046847180872606e-08,0.3459855302741005
1.2500000000000004,41.0,41000.0,1.0000000000000002e-10,9.931301296167207e-23,0.859647143041453,1983627.2621799153,22993888.760558005,1.363170090571491e-08,0.31344581424320644
1.2500000000000004,42.0,42000.0,1.0000000000000002e-10,9.931301296167207e-23,0.859647143041453,1983627.2621799153,22993888.760558005,1.2379078413519144e-08,0.28464315199868406
1.2500000000000004,43.0,43000.0,1.0000000000000002e-10,9.931301296167207e-23,0.859647143041453,1983627.2621799153,22993888.760558005,1.126708714050156e-08,0.25907414836420645
1.2500000000000004,44.0,44000.0,1.0000000000000002e-10,9.931301296167207e-23,0.859647143041453,1983627.2621799153,22993888.760558005,1.027719908535797e-08,0.23631277253882965
1.2500000000000004,45.0,45000.0,1.0000000000000002e-10,9.931301296167207e-23,0.859647143041453,1983627.2621799153,22993888.760558005,9.3936726189383e-09,0.21599706325296686
1.2500000000000004,46.0,46000.0,1.0000000000000002e-10,9.931301296167207e-23,0.859647143041453,1983627.2621799153,22993888.760558005,8.603083711606293e-09,0.1978183498624436
1.2500000000000004,47.0,47000.0,1.0000000000000002e-10,9.931301296167207e-23,0.859647143041453,1983627.2621799153,22993888.760558005,7.893944047373972e-09,0.18151247130738615
1.2500000000000004,48.0,48000.0,1.0000000000000002e-10,9.931301296167207e-23,0.859647143041453,1983627.2621799153,22993888.760558005,7.256388493862176e-09,0.16685258983125992
1.2500000000000004,49.0,49000.0,1.0000000000000002e-10,9.931301296167207e-23,0.859647143041453,1983627.2621799153,22993888.760558005,6.681918210712543e-09,0.153643284044271
1.2500000000000004,50.0,50000.0,1.0000000000000002e-10,9.931301296167207e-23,0.859647143041453,1983627.2621799153,22993888.760558005,6.16318860528542e-09,0.1417156732002716
1.2500000000000004,51.0,51000.0,1.0000000000000002e-10,9.931301296167207e-23,0.859647143041453,1983627.2621799153,22993888.760558005,5.693833602731666e-09,0.13092337648233915
1.2500000000000004,52.0,52000.0,1.0000000000000002e-10,9.931301296167207e-23,0.859647143041453,1983627.2621799153,22993888.760558005,5.268319449904629e-09,0.12113915138619119
1.2500000000000004,53.0,53000.0,1.0000000000000002e-10,9.931301296167207e-23,0.859647143041453,1983627.2621799153,22993888.760558005,4.881822639587356e-09,0.11225208672344532
1.2500000000000004,54.0,54000.0,1.0000000000000002e-10,9.931301296167207e-23,0.859647143041453,1983627.2621799153,22993888.760558005,4.53012761329972e-09,0.1041652504113459
1.2500000000000004,55.0,55000.0,1.0000000000000002e-10,9.931301296167207e-23,0.859647143041453,1983627.2621799153,22993888.760558005,4.2095407453626255e-09,0.09679371163190464
1.2500000000000004,56.0,56000.0,1.0000000000000002e-10,9.931301296167207e-23,0.859647143041453,1983627.2621799153,22993888.760558005,3.916817779277543e-09,0.09006287231208365
1.2500000000000004,57.0,57000.0,1.0000000000000002e-10,9.931301296167207e-23,0.859647143041453,1983627.2621799153,22993888.760558005,3.649102418902183e-09,0.08390705509611994
1.2500000000000004,58.0,58000.0,1.0000000000000002e-10,9.931301296167207e-23,0.859647143041453,1983627.2621799153,22993888.760558005,3.4038742012575166e-09,0.07826830473864857
1.2500000000000004,59.0,59000.0,1.0000000000000002e-10,9.931301296167207e-23,0.859647143041453,1983627.2621799153,22993888.760558005,3.1789041180694266e-09,0.07309536767136815
1.2500000000000004,60.0,60000.0,1.0000000000000002e-10,9.931301296167207e-23,0.859647143041453,1983627.2621799153,22993888.760558005,2.9722167270859465e-09,0.06834282079488405
1.2500000000000004,61.0,61000.0,1.0000000000000002e-10,9.931301296167207e-23,0.859647143041453,1983627.2621799153,22993888.760558005,2.782057715600942e-09,0.06397032563798018
1.2500000000000004,62.0,62000.0,1.0000000000000002e-10,9.931301296167207e-23,0.859647143041453,1983627.2621799153,22993888.760558005,2.6068660582050834e-09,0.059941988156042014
1.2500000000000004,63.0,63000.0,1.0000000000000002e-10,9.931301296167207e-23,0.859647143041453,1983627.2621799153,22993888.760558005,2.4452500569914356e-09,0.05622580780220919
1.2500000000000004,64.0,64000.0,1.0000000000000002e-10,9.931301296167207e-23,0.859647143041453,1983627.2621799153,22993888.760558005,2.2959666718860786e-09,0.05279320225129707
1.2500000000000004,65.0,65000.0,1.0000000000000002e-10,9.931301296167207e-23,0.859647143041453,1983627.2621799153,22993888.760558005,2.157903646680936e-09,0.049618596407783905
1.2500000000000004,66.0,66000.0,1.0000000000000002e-10,9.931301296167207e-23,0.859647143041453,1983627.2621799153,22993888.760558005,2.0300640168608343e-09,0.04667906618050958
1.2500000000000004,67.0,67000.0,1.0000000000000002e-10,9.931301296167207e-23,0.859647143041453,1983627.2621799153,22993888.760558005,1.9115526517375314e-09,0.04395402903400247
1.2500000000000004,68.0,68000.0,1.0000000000000002e-10,9.931301296167207e-23,0.859647143041453,1983627.2621799153,22993888.760558005,1.8015645383643166e-09,0.041424974590115134
1.2500000000000004,69.0,69000.0,1.0000000000000002e-10,9.931301296167207e-23,0.859647143041453,1983627.2621799153,22993888.760558005,1.699374560317293e-09,0.039075229602458
1.2500000000000004,70.0,70000.0,1.0000000000000002e-10,9.931301296167207e-23,0.859647143041453,1983627.2621799153,22993888.760558005,1.604328562392081e-09,0.036889752499029455
1.2500000000000004,71.0,71000.0,1.0000000000000002e-10,9.931301296167207e-23,0.859647143041453,1983627.2621799153,22993888.760558005,1.515835523947978e-09,0.034854953416961966
1.2500000000000004,72.0,72000.0,1.0000000000000002e-10,9.931301296167207e-23,0.859647143041453,1983627.2621799153,22993888.760558005,1.433360690145615e-09,0.032958536262964924
1.2500000000000004,73.0,73000.0,1.0000000000000002e-10,9.931301296167207e-23,0.859647143041453,1983627.2621799153,22993888.760558005,1.3564195325701287e-09,0.031189359844565626
1.2500000000000004,74.0,74000.0,1.0000000000000002e-10,9.931301296167207e-23,0.859647143041453,1983627.2621799153,22993888.760558005,1.2845724294442247e-09,0.02953731554752025
1.2500000000000004,75.0,75000.0,1.0000000000000002e-10,9.931301296167207e-23,0.859647143041453,1983627.2621799153,22993888.760558005,1.2174199714144038e-09,0.027993219397584507
1.2500000000000004,76.0,76000.0,1.0000000000000002e-10,9.931301296167207e-23,0.859647143041453,1983627.2621799153,22993888.760558005,1.1545988122307688e-09,0.0265487166515067
1.2500000000000004,77.0,77000.0,1.0000000000000002e-10,9.931301296167207e-23,0.859647143041453,1983627.2621799153,22993888.760558005,1.0957779949402914e-09,0.025196197321924352
1.2500000000000004,78.0,78000.0,1.0000000000000002e-10,9.931301296167207e-23,0.859647143041453,1983627.2621799153,22993888.760558005,1.0406556938083212e-09,0.02392872126146985
1.2500000000000004,79.0,79000.0,1.0000000000000002e-10,9.931301296167207e-23,0.859647143041453,1983627.2621799153,22993888.760558005,9.88956320348445e-10,0.022739951619142915
1.2500000000000004,80.0,80000.0,1.0000000000000002e-10,9.931301296167207e-23,0.859647143041453,1983627.2621799153,22993888.760558005,9.404279488045379e-10,0.02162409564213128
1.2500000000000004,81.0,81000.0,1.0000000000000002e-10,9.931301296167207e-23,0.859647143041453,1983627.2621799153,22993888.760558005,8.948400223801916e-10,0.020575851933105363
1.2500000000000004,82.0,82000.0,1.0000000000000002e-10,9.931301296167207e-23,0.859647143041453,1983627.2621799153,22993888.760558005,8.519813066071819e-10,0.019590363390200403
1.2500000000000004,83.0,83000.0,1.0000000000000002e-10,9.931301296167207e-23,0.859647143041453,1983627.2621799153,22993888.760558005,8.116580606177338e-10,0.018663175157454418
1.2500000000000004,84.0,84000.0,1.0000000000000002e-10,9.931301296167207e-23,0.859647143041453,1983627.2621799153,22993888.760558005,7.736924008449465e-10,0.017790196999917754
1.2500000000000004,85.0,85000.0,1.0000000000000002e-10,9.931301296167207e-23,0.859647143041453,1983627.2621799153,22993888.760558005,7.37920834914024e-10,0.016967669592111156
1.2500000000000004,86.0,86000.0,1.0000000000000002e-10,9.931301296167207e-23,0.859647143041453,1983627.2621799153,22993888.760558005,7.041929462813475e-10,0.016192134272762903
1.2500000000000004,87.0,87000.0,1.0000000000000002e-10,9.931301296167207e-23,0.859647143041453,1983627.2621799153,22993888.760558005,6.723702125940772e-10,0.01546040587430095
1.2500000000000004,88.0,88000.0,1.0000000000000002e-10,9.931301296167207e-23,0.859647143041453,1983627.2621799153,22993888.760558005,6.423249428348732e-10,0.014769548283676853
1.2500000000000004,89.0,89000.0,1.0000000000000002e-10,9.931301296167207e-23,0.859647143041453,1983627.2621799153,22993888.760558005,6.139393201309763e-10,0.014116852432824279
1.2500000000000004,90.0,90000.0,1.0000000000000002e-10,9.931301296167207e-23,0.859647143041453,1983627.2621799153,22993888.760558005,5.871045386836437e-10,0.013499816453310429
1.2500000000000004,91.0,91000.0,1.0000000000000002e-10,9.931301296167207e-23,0.859647143041453,1983627.2621799153,22993888.760558005,5.617200246462243e-10,0.012916127761293182
1.2500000000000004,92.0,92000.0,1.0000000000000002e-10,9.931301296167207e-23,0.859647143041453,1983627.2621799153,22993888.760558005,5.376927319753933e-10,0.012363646866402725
1.2500000000000004,93.0,93000.0,1.0000000000000002e-10,9.931301296167207e-23,0.859647143041453,1983627.2621799153,22993888.760558005,5.14936505324461e-10,0.011840392722181141
1.2500000000000004,94.0,94000.0,1.0000000000000002e-10,9.931301296167207e-23,0.859647143041453,1983627.2621799153,22993888.760558005,4.933715029608732e-10,0.011344529456711635
1.2500000000000004,95.0,95000.0,1.0000000000000002e-10,9.931301296167207e-23,0.859647143041453,1983627.2621799153,22993888.760558005,4.72923673489723e-10,0.010874354340457144
1.2500000000000004,96.0,96000.0,1.0000000000000002e-10,9.931301296167207e-23,0.859647143041453,1983627.2621799153,22993888.760558005,4.53524280866386e-10,0.010428286864453745
1.2500000000000004,97.0,97000.0,1.0000000000000002e-10,9.931301296167207e-23,0.859647143041453,1983627.2621799153,22993888.760558005,4.351094727972981e-10,0.010004858816166112
1.2500000000000004,98.0,98000.0,1.0000000000000002e-10,9.931301296167207e-23,0.859647143041453,1983627.2621799153,22993888.760558005,4.176198881695339e-10,0.009602705252766937
1.2500000000000004,99.0,99000.0,1.0000000000000002e-10,9.931301296167207e-23,0.859647143041453,1983627.2621799153,22993888.760558005,4.010002996268314e-10,0.00922055628256979
1.2500000000000004,100.0,100000.0,1.0000000000000002e-10,9.931301296167207e-23,0.859647143041453,1983627.2621799153,22993888.760558005,3.8519928783033877e-10,0.008857229575016974
1.3000000000000005,1.0,1000.0,1.0000000000000002e-10,1.2098507215289211e-22,0.8598276866759436,1628300.0579695136,29461138.067629218,0.034823060970254636,1025927.0071821421
1.3000000000000005,2.0,2000.0,1.0000000000000002e-10,1.2098507215289211e-22,0.8598276866759436,1628300.0579695136,29461138.067629218,0.0021764413106409148,64120.43794888388
1.3000000000000005,3.0,3000.0,1.0000000000000002e-10,1.2098507215289211e-22,0.8598276866759436,1628300.0579695136,29461138.067629218,0.0004299143329661067,12665.765520767189
1.3000000000000005,4.0,4000.0,1.0000000000000002e-10,1.2098507215289211e-22,0.8598276866759436,1628300.0579695136,29461138.067629218,0.00013602758191505717,4007.5273718052426
1.3000000000000005,5.0,5000.0,1.0000000000000002e-10,1.2098507215289211e-22,0.8598276866759436,1628300.0579695136,29461138.067629218,5.571689755240742e-05,1641.4832114914275
1.3000000000000005,6.0,6000.0,1.0000000000000002e-10,1.2098507215289211e-22,0.8598276866759436,1628300.0579695136,29461138.067629218,2.686964581038167e-05,791.6103450479493
1.3000000000000005,7.0,7000.0,1.0000000000000002e-10,1.2098507215289211e-22,0.8598276866759436,1628300.0579695136,29461138.067629218,1.45035655852789e-05,427.29154818081724
1.3000000000000005,8.0,8000.0,1.0000000000000002e-10,1.2098507215289211e-22,0.8598276866759436,1628300.0579695136,29461138.067629218,8.501723869691073e-06,250.47046073782766
1.3000000000000005,9.0,9000.0,1.0000000000000002e-10,1.2098507215289211e-22,0.8598276866759436,1628300.0579695136,29461138.067629218,5.307584357606255e-06,156.367475565027
1.3000000000000005,10.0,10000.0,1.0000000000000002e-10,1.2098507215289211e-22,0.8598276866759436,1628300.0579695136,29461138.067629218,3.4823060970254636e-06,102.59270071821422
1.3000000000000005,11.0,11000.0,1.0000000000000002e-10,1.2098507215289211e-22,0.8598276866759436,1628300.0579695136,29461138.067629218,2.3784619199682148e-06,70.07219501278205
1.3000000000000005,12.0,12000.0,1.0000000000000002e-10,1.2098507215289211e-22,0.8598276866759436,1628300.0579695136,29461138.067629218,1.6793528631488544e-06,49.47564656549683
1.3000000000000005,13.0,13000.0,1.0000000000000002e-10,1.2098507215289211e-22,0.8598276866759436,1628300.0579695136,29461138.067629218,1.2192521609976767e-06,35.92055625440784
1.3000000000000005,14.0,14000.0,1.0000000000000002e-10,1.2098507215289211e-22,0.8598276866759436,1628300.0579695136,29461138.067629218,9.064728490799312e-07,26.705721761301078
1.3000000000000005,15.0,15000.0,1.0000000000000002e-10,1.2098507215289211e-22,0.8598276866759436,1628300.0579695136,29461138.067629218,6.878629327457705e-07,20.265224833227496
1.3000000000000005,16.0,16000.0,1.0000000000000002e-10,1.2098507215289211e-22,0.8598276866759436,1628300.0579695136,29461138.067629218,5.313577418556921e-07,15.654403796114229
1.3000000000000005,17.0,17000.0,1.0000000000000002e-10,1.2098507215289211e-22,0.8598276866759436,1628300.0579695136,29461138.067629218,4.169377877450538e-07,12.283461730368916
1.3000000000000005,18.0,18000.0,1.0000000000000002e-10,1.2098507215289211e-22,0.8598276866759436,1628300.0579695136,29461138.067629218,3.3172402235039094e-07,9.772967222814188
1.3000000000000005,19.0,19000.0,1.0000000000000002e-10,1.2098507215289211e-22,0.8598276866759436,1628300.0579695136,29461138.067629218,2.6720989687199015e-07,7.872307664782666
1.3000000000000005,20.0,20000.0,1.0000000000000002e-10,1.2098507215289211e-22,0.8598276866759436,1628300.0579695136,29461138.067629218,2.1764413106409147e-07,6.412043794888389
1.3000000000000005,21.0,21000.0,1.0000000000000002e-10,1.2098507215289211e-22,0.8598276866759436,1628300.0579695136,29461138.067629218,1.7905636525035675e-07,5.275204298528607
1.3000000000000005,22.0,22000.0,1.0000000000000002e-10,1.2098507215289211e-22,0.8598276866759436,1628300.0579695136,29461138.067629218,1.4865386999801342e-07,4.379512188298878
1.3000000000000005,23.0,23000.0,1.0000000000000002e-10,1.2098507215289211e-22,0.8598276866759436,1628300.0579695136,29461138.067629218,1.2443873832016977e-07,3.6661068506121044
1.3000000000000005,24.0,24000.0,1.0000000000000002e-10,1.2098507215289211e-22,0.8598276866759436,1628300.0579695136,29461138.067629218,1.049595539468034e-07,3.092227910343552
1.3000000000000005,25.0,25000.0,1.0000000000000002e-10,1.2098507215289211e-22,0.8598276866759436,1628300.0579695136,29461138.067629218,8.914703608385189e-08,2.6263731383862843
1.3000000000000005,26.0,26000.0,1.0000000000000002e-10,1.2098507215289211e-22,0.8598276866759436,1628300.0579695136,29461138.067629218,7.62032600623548e-08,2.24503476590049
1.3000000000000005,27.0,27000.0,1.0000000000000002e-10,1.2098507215289211e-22,0.8598276866759436,1628300.0579695136,29461138.067629218,6.552573280995374e-08,1.9304626612966291
1.3000000000000005,28.0,28000.0,1.0000000000000002e-10,1.2098507215289211e-22,0.8598276866759436,1628300.0579695136,29461138.067629218,5.66545530674957e-08,1.6691076100813174
1.3000000000000005,29.0,29000.0,1.0000000000000002e-10,1.2098507215289211e-22,0.8598276866759436,1628300.0579695136,29461138.067629218,4.923511443154085e-08,1.4505225040431486
1.3000000000000005,30.0,30000.0,1.0000000000000002e-10,1.2098507215289211e-22,0.8598276866759436,1628300.0579695136,29461138.067629218,4.2991433296610656e-08,1.2665765520767185
1.3000000000000005,31.0,31000.0,1.0000000000000002e-10,1.2098507215289211e-22,0.8598276866759436,1628300.0579695136,29461138.067629218,3.770684258425595e-08,1.1108864954691253
1.3000000000000005,32.0,32000.0,1.0000000000000002e-10,1.2098507215289211e-22,0.8598276866759436,1628300.0579695136,29461138.067629218,3.3209858865980755e-08,0.9784002372571393
1.3000000000000005,33.0,33000.0,1.0000000000000002e-10,1.2098507215289211e-22,0.8598276866759436,1628300.0579695136,29461138.067629218,2.9363727407015004e-08,0.8650888273182972
1.3000000000000005,34.0,34000.0,1.0000000000000002e-10,1.2098507215289211e-22,0.8598276866759436,1628300.0579695136,29461138.067629218,2.6058611734065864e-08,0.7677163581480573
1.3000000000000005,35.0,35000.0,1.0000000000000002e-10,1.2098507215289211e-22,0.8598276866759436,1628300.0579695136,29461138.067629218,2.3205704936446233e-08,0.6836664770893074
1.3000000000000005,36.0,36000.0,1.0000000000000002e-10,1.2098507215289211e-22,0.8598276866759436,1628300.0579695136,29461138.067629218,2.0732751396899434e-08,0.6108104514258867
1.3000000000000005,37.0,37000.0,1.0000000000000002e-10,1.2098507215289211e-22,0.8598276866759436,1628300.0579695136,29461138.067629218,1.858061338927373e-08,0.5474060164426334
1.3000000000000005,38.0,38000.0,1.0000000000000002e-10,1.2098507215289211e-22,0.8598276866759436,1628300.0579695136,29461138.067629218,1.6700618554499385e-08,0.49201922904891665
1.3000000000000005,39.0,39000.0,1.0000000000000002e-10,1.2098507215289211e-22,0.8598276866759436,1628300.0579695136,29461138.067629218,1.5052495814786125e-08,0.443463657461825
1.3000000000000005,40.0,40000.0,1.0000000000000002e-10,1.2098507215289211e-22,0.8598276866759436,1628300.0579695136,29461138.067629218,1.3602758191505717e-08,0.4007527371805243
1.3000000000000005,41.0,41000.0,1.0000000000000002e-10,1.2098507215289211e-22,0.8598276866759436,1628300.0579695136,29461138.067629218,1.232342755464975e-08,0.3630622006539626
1.3000000000000005,42.0,42000.0,1.0000000000000002e-10,1.2098507215289211e-22,0.8598276866759436,1628300.0579695136,29461138.067629218,1.1191022828147297e-08,0.3297002686580379
1.3000000000000005,43.0,43000.0,1.0000000000000002e-10,1.2098507215289211e-22,0.8598276866759436,1628300.0579695136,29461138.067629218,1.0185752540219402e-08,0.30008386191010883
1.3000000000000005,44.0,44000.0,1.0000000000000002e-10,1.2098507215289211e-22,0.8598276866759436,1628300.0579695136,29461138.067629218,9.290866874875839e-09,0.27371951176867987
1.3000000000000005,45.0,45000.0,1.0000000000000002e-10,1.2098507215289211e-22,0.8598276866759436,1628300.0579695136,29461138.067629218,8.492134972170005e-09,0.25018796090404316
1.3000000000000005,46.0,46000.0,1.0000000000000002e-10,1.2098507215289211e-22,0.8598276866759436,1628300.0579695136,29461138.067629218,7.77742114501061e-09,0.22913167816325652
1.3000000000000005,47.0,47000.0,1.0000000000000002e-10,1.2098507215289211e-22,0.8598276866759436,1628300.0579695136,29461138.067629218,7.136339643975628e-09,0.2102446875486619
1.3000000000000005,48.0,48000.0,1.0000000000000002e-10,1.2098507215289211e-22,0.8598276866759436,1628300.0579695136,29461138.067629218,6.559972121675212e-09,0.193264244396472
1.3000000000000005,49.0,49000.0,1.0000000000000002e-10,1.2098507215289211e-22,0.8598276866759436,1628300.0579695136,29461138.067629218,6.040635395784631e-09,0.17796399341141908
1.3000000000000005,50.0,50000.0,1.0000000000000002e-10,1.2098507215289211e-22,0.8598276866759436,1628300.0579695136,29461138.067629218,5.571689755240743e-09,0.16414832114914277
1.3000000000000005,51.0,51000.0,1.0000000000000002e-10,1.2098507215289211e-22,0.8598276866759436,1628300.0579695136,29461138.067629218,5.147380095617947e-09,0.15164767568356682
1.3000000000000005,52.0,52000.0,1.0000000000000002e-10,1.2098507215289211e-22,0.8598276866759436,1628300.0579695136,29461138.067629218,4.762703753897175e-09,0.14031467286878063
1.3000000000000005,53.0,53000.0,1.0000000000000002e-10,1.2098507215289211e-22,0.8598276866759436,1628300.0579695136,29461138.067629218,4.413300148654391e-09,0.13002084501339556
1.3000000000000005,54.0,54000.0,1.0000000000000002e-10,1.2098507215289211e-22,0.8598276866759436,1628300.0579695136,29461138.067629218,4.095358300622109e-09,0.12065391633103932
1.3000000000000005,55.0,55000.0,1.0000000000000002e-10,1.2098507215289211e-22,0.8598276866759436,1628300.0579695136,29461138.067629218,3.805539071949145e-09,0.11211551202045131
1.3000000000000005,56.0,56000.0,1.0000000000000002e-10,1.2098507215289211e-22,0.8598276866759436,1628300.0579695136,29461138.067629218,3.5409095667184813e-09,0.10431922563008234
1.3000000000000005,57.0,57000.0,1.0000000000000002e-10,1.2098507215289211e-22,0.8598276866759436,1628300.0579695136,29461138.067629218,3.2988876157035822e-09,0.0971889835158354
1.3000000000000005,58.0,58000.0,1.0000000000000002e-10,1.2098507215289211e-22,0.8598276866759436,1628300.0579695136,29461138.067629218,3.077194651971303e-09,0.09065765650269679
1.3000000000000005,59.0,59000.0,1.0000000000000002e-10,1.2098507215289211e-22,0.8598276866759436,1628300.0579695136,29461138.067629218,2.873815591551216e-09,0.08466587792359591
1.3000000000000005,60.0,60000.0,1.0000000000000002e-10,1.2098507215289211e-22,0.8598276866759436,1628300.0579695136,29461138.067629218,2.686964581038166e-09,0.0791610345047949
1.3000000000000005,61.0,61000.0,1.0000000000000002e-10,1.2098507215289211e-22,0.8598276866759436,1628300.0579695136,29461138.067629218,2.515055674137427e-09,0.074096402463537
1.3000000000000005,62.0,62000.0,1.0000000000000002e-10,1.2098507215289211e-22,0.8598276866759436,1628300.0579695136,29461138.067629218,2.3566776615159968e-09,0.06943040596682033
1.3000000000000005,63.0,63000.0,1.0000000000000002e-10,1.2098507215289211e-22,0.8598276866759436,1628300.0579695136,29461138.067629218,2.2105724104982315e-09,0.06512597899418034
1.3000000000000005,64.0,64000.0,1.0000000000000002e-10,1.2098507215289211e-22,0.8598276866759436,1628300.0579695136,29461138.067629218,2.0756161791237972e-09,0.06115001482857121
1.3000000000000005,65.0,65000.0,1.0000000000000002e-10,1.2098507215289211e-22,0.8598276866759436,1628300.0579695136,29461138.067629218,1.9508034575962827e-09,0.057472890007052545
1.3000000000000005,66.0,66000.0,1.0000000000000002e-10,1.2098507215289211e-22,0.8598276866759436,1628300.0579695136,29461138.067629218,1.8352329629384378e-09,0.05406805170739357
1.3000000000000005,67.0,67000.0,1.0000000000000002e-10,1.2098507215289211e-22,0.8598276866759436,1628300.0579695136,29461138.067629218,1.7280954727161147e-09,0.05091165931573444
1.3000000000000005,68.0,68000.0,1.0000000000000002e-10,1.2098507215289211e-22,0.8598276866759436,1628300.0579695136,29461138.067629218,1.6286632333791165e-09,0.04798227238425358
1.3000000000000005,69.0,69000.0,1.0000000000000002e-10,1.2098507215289211e-22,0.8598276866759436,1628300.0579695136,29461138.067629218,1.5362807200020964e-09,0.04526057840261859
1.3000000000000005,70.0,70000.0,1.0000000000000002e-10,1.2098507215289211e-22,0.8598276866759436,1628300.0579695136,29461138.067629218,1.4503565585278895e-09,0.04272915481808171
1.3000000000000005,71.0,71000.0,1.0000000000000002e-10,1.2098507215289211e-22,0.8598276866759436,1628300.0579695136,29461138.067629218,1.3703564502582354e-09,0.04037226058292414
1.3000000000000005,72.0,72000.0,1.0000000000000002e-10,1.2098507215289211e-22,0.8598276866759436,1628300.0579695136,29461138.067629218,1.2957969623062146e-09,0.03817565321411792
1.3000000000000005,73.0,73000.0,1.0000000000000002e-10,1.2098507215289211e-22,0.8598276866759436,1628300.0579695136,29461138.067629218,1.2262400678357024e-09,0.036126427942566645
1.3000000000000005,74.0,74000.0,1.0000000000000002e-10,1.2098507215289211e-22,0.8598276866759436,1628300.0579695136,29461138.067629218,1.161288336829608e-09,0.03421287602766459
1.3000000000000005,75.0,75000.0,1.0000000000000002e-10,1.2098507215289211e-22,0.8598276866759436,1628300.0579695136,29461138.067629218,1.100580692393233e-09,0.032424359733164
1.3000000000000005,76.0,76000.0,1.0000000000000002e-10,1.2098507215289211e-22,0.8598276866759436,1628300.0579695136,29461138.067629218,1.0437886596562115e-09,0.03075120181555729
1.3000000000000005,77.0,77000.0,1.0000000000000002e-10,1.2098507215289211e-22,0.8598276866759436,1628300.0579695136,29461138.067629218,9.90613044551526e-10,0.02918458767712704
1.3000000000000005,78.0,78000.0,1.0000000000000002e-10,1.2098507215289211e-22,0.8598276866759436,1628300.0579695136,29461138.067629218,9.407809884241328e-10,0.02771647859136406
1.3000000000000005,79.0,79000.0,1.0000000000000002e-10,1.2098507215289211e-22,0.8598276866759436,1628300.0579695136,29461138.067629218,8.940433518034184e-10,0.026339534625926513
1.3000000000000005,80.0,80000.0,1.0000000000000002e-10,1.2098507215289211e-22,0.8598276866759436,1628300.0579695136,29461138.067629218,8.501723869691073e-10,0.025047046073782768
1.3000000000000005,81.0,81000.0,1.0000000000000002e-10,1.2098507215289211e-22,0.8598276866759436,1628300.0579695136,29461138.067629218,8.089596643204166e-10,0.02383287236168678
1.3000000000000005,82.0,82000.0,1.0000000000000002e-10,1.2098507215289211e-22,0.8598276866759436,1628300.0579695136,29461138.067629218,7.702142221656094e-10,0.022691387540872663
1.3000000000000005,83.0,83000.0,1.0000000000000002e-10,1.2098507215289211e-22,0.8598276866759436,1628300.0579695136,29461138.067629218,7.337609135024949e-10,0.02161743158132674
1.3000000000000005,84.0,84000.0,1.0000000000000002e-10,1.2098507215289211e-22,0.8598276866759436,1628300.0579695136,29461138.067629218,6.99438926759206e-10,0.02060626679112737
1.3000000000000005,85.0,85000.0,1.0000000000000002e-10,1.2098507215289211e-22,0.8598276866759436,1628300.0579695136,29461138.067629218,6.671004603920861e-10,0.019653538768590266
1.3000000000000005,86.0,86000.0,1.0000000000000002e-10,1.2098507215289211e-22,0.8598276866759436,1628300.0579695136,29461138.067629218,6.366095337637126e-10,0.018755241369381802
1.3000000000000005,87.0,87000.0,1.0000000000000002e-10,1.2098507215289211e-22,0.8598276866759436,1628300.0579695136,29461138.067629218,6.078409189079116e-10,0.0179076852351006
1.3000000000000005,88.0,88000.0,1.0000000000000002e-10,1.2098507215289211e-22,0.8598276866759436,1628300.0579695136,29461138.067629218,5.806791796797399e-10,0.017107469485542492
1.3000000000000005,89.0,89000.0,1.0000000000000002e-10,1.2098507215289211e-22,0.8598276866759436,1628300.0579695136,29461138.067629218,5.550178064289198e-10,0.016351456225195113
1.3000000000000005,90.0,90000.0,1.0000000000000002e-10,1.2098507215289211e-22,0.8598276866759436,1628300.0579695136,29461138.067629218,5.307584357606253e-10,0.015636747556502698
1.3000000000000005,91.0,91000.0,1.0000000000000002e-10,1.2098507215289211e-22,0.8598276866759436,1628300.0579695136,29461138.067629218,5.078101461881201e-10,0.014960664828991183
1.3000000000000005,92.0,92000.0,1.0000000000000002e-10,1.2098507215289211e-22,0.8598276866759436,1628300.0579695136,29461138.067629218,4.860888215631632e-10,0.014320729885203533
1.3000000000000005,93.0,93000.0,1.0000000000000002e-10,1.2098507215289211e-22,0.8598276866759436,1628300.0579695136,29461138.067629218,4.65516575114271e-10,0.013714648092211425
1.3000000000000005,94.0,94000.0,1.0000000000000002e-10,1.2098507215289211e-22,0.8598276866759436,1628300.0579695136,29461138.067629218,4.4602122774847675e-10,0.01314029297179137
1.3000000000000005,95.0,95000.0,1.0000000000000002e-10,1.2098507215289211e-22,0.8598276866759436,1628300.0579695136,29461138.067629218,4.2753583499518427e-10,0.012595692263652267
1.3000000000000005,96.0,96000.0,1.0000000000000002e-10,1.2098507215289211e-22,0.8598276866759436,1628300.0579695136,29461138.067629218,4.0999825760470077e-10,0.0120790152747795
1.3000000000000005,97.0,97000.0,1.0000000000000002e-10,1.2098507215289211e-22,0.8598276866759436,1628300.0579695136,29461138.067629218,3.933507713708262e-10,0.011588561384364366
1.3000000000000005,98.0,98000.0,1.0000000000000002e-10,1.2098507215289211e-22,0.8598276866759436,1628300.0579695136,29461138.067629218,3.7753971223653944e-10,0.011122749588213693
1.3000000000000005,99.0,99000.0,1.0000000000000002e-10,1.2098507215289211e-22,0.8598276866759436,1628300.0579695136,29461138.067629218,3.6251515317302467e-10,0.010680108979238235
1.3000000000000005,100.0,100000.0,1.0000000000000002e-10,1.2098507215289211e-22,0.8598276866759436,1628300.0579695136,29461138.067629218,3.4823060970254645e-10,0.010259270071821423
1.3500000000000005,1.0,1000.0,1.0000000000000002e-10,1.462799374737042e-22,0.859989286264346,1346732.8698811715,37419002.05626487,0.03110232375767288,1163817.9166429772
1.3500000000000005,2.0,2000.0,1.0000000000000002e-10,1.462799374737042e-22,0.859989286264346,1346732.8698811715,37419002.05626487,0.001943895234854555,72738.61979018607
1.3500000000000005,3.0,3000.0,1.0000000000000002e-10,1.462799374737042e-22,0.859989286264346,1346732.8698811715,37419002.05626487,0.00038397930565028254,14368.12242769108
1.3500000000000005,4.0,4000.0,1.0000000000000002e-10,1.462799374737042e-22,0.859989286264346,1346732.8698811715,37419002.05626487,0.00012149345217840969,4546.1637368866295
1.3500000000000005,5.0,5000.0,1.0000000000000002e-10,1.462799374737042e-22,0.859989286264346,1346732.8698811715,37419002.05626487,4.9763718012276606e-05,1862.1086666287636
1.3500000000000005,6.0,6000.0,1.0000000000000002e-10,1.462799374737042e-22,0.859989286264346,1346732.8698811715,37419002.05626487,2.399870660314266e-05,898.0076517306925
1.3500000000000005,7.0,7000.0,1.0000000000000002e-10,1.462799374737042e-22,0.859989286264346,1346732.8698811715,37419002.05626487,1.2953904105653012e-05,484.722164366088
1.3500000000000005,8.0,8000.0,1.0000000000000002e-10,1.462799374737042e-22,0.859989286264346,1346732.8698811715,37419002.05626487,7.593340761150606e-06,284.13523355541435
1.3500000000000005,9.0,9000.0,1.0000000000000002e-10,1.462799374737042e-22,0.859989286264346,1346732.8698811715,37419002.05626487,4.740485254941759e-06,177.38422750235898
1.3500000000000005,10.0,10000.0,1.0000000000000002e-10,1.462799374737042e-22,0.859989286264346,1346732.8698811715,37419002.05626487,3.110232375767288e-06,116.38179166429772
1.3500000000000005,11.0,11000.0,1.0000000000000002e-10,1.462799374737042e-22,0.859989286264346,1346732.8698811715,37419002.05626487,2.1243305619611282e-06,79.49032966620976
1.3500000000000005,12.0,12000.0,1.0000000000000002e-10,1.462799374737042e-22,0.859989286264346,1346732.8698811715,37419002.05626487,1.4999191626964162e-06,56.12547823316828
1.3500000000000005,13.0,13000.0,1.0000000000000002e-10,1.462799374737042e-22,0.859989286264346,1346732.8698811715,37419002.05626487,1.0889788087837571e-06,40.74850028510828
1.3500000000000005,14.0,14000.0,1.0000000000000002e-10,1.462799374737042e-22,0.859989286264346,1346732.8698811715,37419002.05626487,8.096190066033133e-07,30.2951352728805
1.3500000000000005,15.0,15000.0,1.0000000000000002e-10,1.462799374737042e-22,0.859989286264346,1346732.8698811715,37419002.05626487,6.143668890404518e-07,22.988995884305716
1.3500000000000005,16.0,16000.0,1.0000000000000002e-10,1.462799374737042e-22,0.859989286264346,1346732.8698811715,37419002.05626487,4.7458379757191285e-07,17.758452097213397
1.3500000000000005,17.0,17000.0,1.0000000000000002e-10,1.462799374737042e-22,0.859989286264346,1346732.8698811715,37419002.05626487,3.7238926446849153e-07,13.934434652877448
1.3500000000000005,18.0,18000.0,1.0000000000000002e-10,1.462799374737042e-22,0.859989286264346,1346732.8698811715,37419002.05626487,2.9628032843385994e-07,11.086514218897436
1.3500000000000005,19.0,19000.0,1.0000000000000002e-10,1.462799374737042e-22,0.859989286264346,1346732.8698811715,37419002.05626487,2.386593393058131e-07,8.930394308231037
1.3500000000000005,20.0,20000.0,1.0000000000000002e-10,1.462799374737042e-22,0.859989286264346,1346732.8698811715,37419002.05626487,1.943895234854555e-07,7.273861979018608
1.3500000000000005,21.0,21000.0,1.0000000000000002e-10,1.462799374737042e-22,0.859989286264346,1346732.8698811715,37419002.05626487,1.5992474204509888e-07,5.984224251433184
1.3500000000000005,22.0,22000.0,1.0000000000000002e-10,1.462799374737042e-22,0.859989286264346,1346732.8698811715,37419002.05626487,1.3277066012257051e-07,4.96814560413811
1.3500000000000005,23.0,23000.0,1.0000000000000002e-10,1.462799374737042e-22,0.859989286264346,1346732.8698811715,37419002.05626487,1.1114284096209231e-07,4.158854194499652
1.3500000000000005,24.0,24000.0,1.0000000000000002e-10,1.462799374737042e-22,0.859989286264346,1346732.8698811715,37419002.05626487,9.374494766852601e-08,3.5078423895730175
1.3500000000000005,25.0,25000.0,1.0000000000000002e-10,1.462799374737042e-22,0.859989286264346,1346732.8698811715,37419002.05626487,7.962194881964258e-08,2.979373866606022
1.3500000000000005,26.0,26000.0,1.0000000000000002e-10,1.462799374737042e-22,0.859989286264346,1346732.8698811715,37419002.05626487,6.806117554898482e-08,2.5467812678192674
1.3500000000000005,27.0,27000.0,1.0000000000000002e-10,1.462799374737042e-22,0.859989286264346,1346732.8698811715,37419002.05626487,5.852450932026861e-08,2.1899287345970238
1.3500000000000005,28.0,28000.0,1.0000000000000002e-10,1.462799374737042e-22,0.859989286264346,1346732.8698811715,37419002.05626487,5.060118791270708e-08,1.8934459545550313
1.3500000000000005,29.0,29000.0,1.0000000000000002e-10,1.462799374737042e-22,0.859989286264346,1346732.8698811715,37419002.05626487,4.397449352898337e-08,1.6454816637842349
1.3500000000000005,30.0,30000.0,1.0000000000000002e-10,1.462799374737042e-22,0.859989286264346,1346732.8698811715,37419002.05626487,3.839793056502824e-08,1.4368122427691072
1.3500000000000005,31.0,31000.0,1.0000000000000002e-10,1.462799374737042e-22,0.859989286264346,1346732.8698811715,37419002.05626487,3.3677982154897266e-08,1.2601964835049524
1.3500000000000005,32.0,32000.0,1.0000000000000002e-10,1.462799374737042e-22,0.859989286264346,1346732.8698811715,37419002.05626487,2.9661487348244553e-08,1.1099032560758373
1.3500000000000005,33.0,33000.0,1.0000000000000002e-10,1.462799374737042e-22,0.859989286264346,1346732.8698811715,37419002.05626487,2.6226303234088007e-08,0.9813620946445651
1.3500000000000005,34.0,34000.0,1.0000000000000002e-10,1.462799374737042e-22,0.859989286264346,1346732.8698811715,37419002.05626487,2.327432902928072e-08,0.8709021658048405
1.3500000000000005,35.0,35000.0,1.0000000000000002e-10,1.462799374737042e-22,0.859989286264346,1346732.8698811715,37419002.05626487,2.0726246569044813e-08,0.7755554629857405
1.3500000000000005,36.0,36000.0,1.0000000000000002e-10,1.462799374737042e-22,0.859989286264346,1346732.8698811715,37419002.05626487,1.8517520527116246e-08,0.6929071386810898
1.3500000000000005,37.0,37000.0,1.0000000000000002e-10,1.462799374737042e-22,0.859989286264346,1346732.8698811715,37419002.05626487,1.6595331861922688e-08,0.620980757065683
1.3500000000000005,38.0,38000.0,1.0000000000000002e-10,1.462799374737042e-22,0.859989286264346,1346732.8698811715,37419002.05626487,1.491620870661332e-08,0.5581496442644398
1.3500000000000005,39.0,39000.0,1.0000000000000002e-10,1.462799374737042e-22,0.859989286264346,1346732.8698811715,37419002.05626487,1.3444182824490821e-08,0.5030679047544229
1.3500000000000005,40.0,40000.0,1.0000000000000002e-10,1.462799374737042e-22,0.859989286264346,1346732.8698811715,37419002.05626487,1.2149345217840968e-08,0.454616373688663
1.3500000000000005,41.0,41000.0,1.0000000000000002e-10,1.462799374737042e-22,0.859989286264346,1346732.8698811715,37419002.05626487,1.1006707133997843e-08,0.4118599968797705
1.3500000000000005,42.0,42000.0,1.0000000000000002e-10,1.462799374737042e-22,0.859989286264346,1346732.8698811715,37419002.05626487,9.99529637781868e-09,0.374014015714574
1.3500000000000005,43.0,43000.0,1.0000000000000002e-10,1.462799374737042e-22,0.859989286264346,1346732.8698811715,37419002.05626487,9.097436135555383e-09,0.3404169814630852
1.3500000000000005,44.0,44000.0,1.0000000000000002e-10,1.462799374737042e-22,0.859989286264346,1346732.8698811715,37419002.05626487,8.298166257660657e-09,0.3105091002586319
1.3500000000000005,45.0,45000.0,1.0000000000000002e-10,1.462799374737042e-22,0.859989286264346,1346732.8698811715,37419002.05626487,7.584776407906812e-09,0.28381476400377426
1.3500000000000005,46.0,46000.0,1.0000000000000002e-10,1.462799374737042e-22,0.859989286264346,1346732.8698811715,37419002.05626487,6.946427560130769e-09,0.25992838715622824
1.3500000000000005,47.0,47000.0,1.0000000000000002e-10,1.462799374737042e-22,0.859989286264346,1346732.8698811715,37419002.05626487,6.373843650368308e-09,0.2385028686594425
1.3500000000000005,48.0,48000.0,1.0000000000000002e-10,1.462799374737042e-22,0.859989286264346,1346732.8698811715,37419002.05626487,5.859059229282876e-09,0.2192401493483136
1.3500000000000005,49.0,49000.0,1.0000000000000002e-10,1.462799374737042e-22,0.859989286264346,1346732.8698811715,37419002.05626487,5.395212039005835e-09,0.20188345038154432
1.3500000000000005,50.0,50000.0,1.0000000000000002e-10,1.462799374737042e-22,0.859989286264346,1346732.8698811715,37419002.05626487,4.976371801227661e-09,0.18621086666287637
1.3500000000000005,51.0,51000.0,1.0000000000000002e-10,1.462799374737042e-22,0.859989286264346,1346732.8698811715,37419002.05626487,4.5973983267715e-09,0.17203005744293143
1.3500000000000005,52.0,52000.0,1.0000000000000002e-10,1.462799374737042e-22,0.859989286264346,1346732.8698811715,37419002.05626487,4.253823471811551e-09,0.1591738292387042
1.3500000000000005,53.0,53000.0,1.0000000000000002e-10,1.462799374737042e-22,0.859989286264346,1346732.8698811715,37419002.05626487,3.941752569668806e-09,0.14749644750972438
1.3500000000000005,54.0,54000.0,1.0000000000000002e-10,1.462799374737042e-22,0.859989286264346,1346732.8698811715,37419002.05626487,3.6577818325167883e-09,0.13687054591231398
1.3500000000000005,55.0,55000.0,1.0000000000000002e-10,1.462799374737042e-22,0.859989286264346,1346732.8698811715,37419002.05626487,3.3989288991378057e-09,0.12718452746593564
1.3500000000000005,56.0,56000.0,1.0000000000000002e-10,1.462799374737042e-22,0.859989286264346,1346732.8698811715,37419002.05626487,3.1625742445441924e-09,0.11834037215968946
1.3500000000000005,57.0,57000.0,1.0000000000000002e-10,1.462799374737042e-22,0.859989286264346,1346732.8698811715,37419002.05626487,2.9464115963680634e-09,0.11025178158309923
1.3500000000000005,58.0,58000.0,1.0000000000000002e-10,1.462799374737042e-22,0.859989286264346,1346732.8698811715,37419002.05626487,2.7484058455614604e-09,0.10284260398651468
1.3500000000000005,59.0,59000.0,1.0000000000000002e-10,1.462799374737042e-22,0.859989286264346,1346732.8698811715,37419002.05626487,2.566757213693054e-09,0.09604549345711307
1.3500000000000005,60.0,60000.0,1.0000000000000002e-10,1.462799374737042e-22,0.859989286264346,1346732.8698811715,37419002.05626487,2.399870660314265e-09,0.0898007651730692
1.3500000000000005,61.0,61000.0,1.0000000000000002e-10,1.462799374737042e-22,0.859989286264346,1346732.8698811715,37419002.05626487,2.2463296926255954e-09,0.08405541538740599
1.3500000000000005,62.0,62000.0,1.0000000000000002e-10,1.462799374737042e-22,0.859989286264346,1346732.8698811715,37419002.05626487,2.104873884681079e-09,0.07876228021905952
1.3500000000000005,63.0,63000.0,1.0000000000000002e-10,1.462799374737042e-22,0.859989286264346,1346732.8698811715,37419002.05626487,1.9743795314209736e-09,0.07387931174608868
1.3500000000000005,64.0,64000.0,1.0000000000000002e-10,1.462799374737042e-22,0.859989286264346,1346732.8698811715,37419002.05626487,1.8538429592652846e-09,0.06936895350473983
1.3500000000000005,65.0,65000.0,1.0000000000000002e-10,1.462799374737042e-22,0.859989286264346,1346732.8698811715,37419002.05626487,1.7423660940540114e-09,0.06519760045617325
1.3500000000000005,66.0,66000.0,1.0000000000000002e-10,1.462799374737042e-22,0.859989286264346,1346732.8698811715,37419002.05626487,1.6391439521305005e-09,0.06133513091528532
1.3500000000000005,67.0,67000.0,1.0000000000000002e-10,1.462799374737042e-22,0.859989286264346,1346732.8698811715,37419002.05626487,1.5434537739946511e-09,0.05775449994285563
1.3500000000000005,68.0,68000.0,1.0000000000000002e-10,1.462799374737042e-22,0.859989286264346,1346732.8698811715,37419002.05626487,1.454645564330045e-09,0.05443138536280253
1.3500000000000005,69.0,69000.0,1.0000000000000002e-10,1.462799374737042e-22,0.859989286264346,1346732.8698811715,37419002.05626487,1.3721338390381772e-09,0.05134387894444016
1.3500000000000005,70.0,70000.0,1.0000000000000002e-10,1.462799374737042e-22,0.859989286264346,1346732.8698811715,37419002.05626487,1.2953904105653008e-09,0.04847221643660878
1.3500000000000005,71.0,71000.0,1.0000000000000002e-10,1.462799374737042e-22,0.859989286264346,1346732.8698811715,37419002.05626487,1.2239380683896075e-09,0.045798541097811576
1.3500000000000005,72.0,72000.0,1.0000000000000002e-10,1.462799374737042e-22,0.859989286264346,1346732.8698811715,37419002.05626487,1.1573450329447654e-09,0.04330669616756811
1.3500000000000005,73.0,73000.0,1.0000000000000002e-10,1.462799374737042e-22,0.859989286264346,1346732.8698811715,37419002.05626487,1.0952200792180358e-09,0.040982042396322256
1.3500000000000005,74.0,74000.0,1.0000000000000002e-10,1.462799374737042e-22,0.859989286264346,1346732.8698811715,37419002.05626487,1.037208241370168e-09,0.03881129731660519
1.3500000000000005,75.0,75000.0,1.0000000000000002e-10,1.462799374737042e-22,0.859989286264346,1346732.8698811715,37419002.05626487,9.82987022464723e-10,0.036782393414889154
1.3500000000000005,76.0,76000.0,1.0000000000000002e-10,1.462799374737042e-22,0.859989286264346,1346732.8698811715,37419002.05626487,9.322630441633325e-10,0.03488435276652749
1.3500000000000005,77.0,77000.0,1.0000000000000002e-10,1.462799374737042e-22,0.859989286264346,1346732.8698811715,37419002.05626487,8.847690803669835e-10,0.03310717603757173
1.3500000000000005,78.0,78000.0,1.0000000000000002e-10,1.462799374737042e-22,0.859989286264346,1346732.8698811715,37419002.05626487,8.402614265306763e-10,0.03144174404715143
1.3500000000000005,79.0,79000.0,1.0000000000000002e-10,1.462799374737042e-22,0.859989286264346,1346732.8698811715,37419002.05626487,7.98517562971766e-10,0.029879730330804124
1.3500000000000005,80.0,80000.0,1.0000000000000002e-10,1.462799374737042e-22,0.859989286264346,1346732.8698811715,37419002.05626487,7.593340761150605e-10,0.028413523355541436
1.3500000000000005,81.0,81000.0,1.0000000000000002e-10,1.462799374737042e-22,0.859989286264346,1346732.8698811715,37419002.05626487,7.225248064230692e-10,0.027036157217247204
1.3500000000000005,82.0,82000.0,1.0000000000000002e-10,1.462799374737042e-22,0.859989286264346,1346732.8698811715,37419002.05626487,6.879191958748652e-10,0.025741249804985655
1.3500000000000005,83.0,83000.0,1.0000000000000002e-10,1.462799374737042e-22,0.859989286264346,1346732.8698811715,37419002.05626487,6.553608113880152e-10,0.024522947548923552
1.3500000000000005,84.0,84000.0,1.0000000000000002e-10,1.462799374737042e-22,0.859989286264346,1346732.8698811715,37419002.05626487,6.247060236136675e-10,0.023375875982160874
1.3500000000000005,85.0,85000.0,1.0000000000000002e-10,1.462799374737042e-22,0.859989286264346,1346732.8698811715,37419002.05626487,5.958228231495864e-10,0.022295095444603914
1.3500000000000005,86.0,86000.0,1.0000000000000002e-10,1.462799374737042e-22,0.859989286264346,1346732.8698811715,37419002.05626487,5.685897584722114e-10,0.021276061341442824
1.3500000000000005,87.0,87000.0,1.0000000000000002e-10,1.462799374737042e-22,0.859989286264346,1346732.8698811715,37419002.05626487,5.428949818393007e-10,0.020314588441780673
1.3500000000000005,88.0,88000.0,1.0000000000000002e-10,1.462799374737042e-22,0.859989286264346,1346732.8698811715,37419002.05626487,5.186353911037911e-10,0.019406818766164492
1.3500000000000005,89.0,89000.0,1.0000000000000002e-10,1.462799374737042e-22,0.859989286264346,1346732.8698811715,37419002.05626487,4.957158568447193e-10,0.018549192666595656
1.3500000000000005,90.0,90000.0,1.0000000000000002e-10,1.462799374737042e-22,0.859989286264346,1346732.8698811715,37419002.05626487,4.740485254941758e-10,0.01773842275023589
1.3500000000000005,91.0,91000.0,1.0000000000000002e-10,1.462799374737042e-22,0.859989286264346,1346732.8698811715,37419002.05626487,4.535521902472956e-10,0.01697147033948699
1.3500000000000005,92.0,92000.0,1.0000000000000002e-10,1.462799374737042e-22,0.859989286264346,1346732.8698811715,37419002.05626487,4.341517225081731e-10,0.016245524197264265
1.3500000000000005,93.0,93000.0,1.0000000000000002e-10,1.462799374737042e-22,0.859989286264346,1346732.8698811715,37419002.05626487,4.1577755746786756e-10,0.015557981277838922
1.3500000000000005,94.0,94000.0,1.0000000000000002e-10,1.462799374737042e-22,0.859989286264346,1346732.8698811715,37419002.05626487,3.9836522814801927e-10,0.014906429291215157
1.3500000000000005,95.0,95000.0,1.0000000000000002e-10,1.462799374737042e-22,0.859989286264346,1346732.8698811715,37419002.05626487,3.81854942889301e-10,0.014288630893169658
1.3500000000000005,96.0,96000.0,1.0000000000000002e-10,1.462799374737042e-22,0.859989286264346,1346732.8698811715,37419002.05626487,3.6619120183017973e-10,0.0137025093342696
1.3500000000000005,97.0,97000.0,1.0000000000000002e-10,1.462799374737042e-22,0.859989286264346,1346732.8698811715,37419002.05626487,3.513224484187652e-10,0.013146135419793783
1.3500000000000005,98.0,98000.0,1.0000000000000002e-10,1.462799374737042e-22,0.859989286264346,1346732.8698811715,37419002.05626487,3.372007524378647e-10,0.01261771564884652
1.3500000000000005,99.0,99000.0,1.0000000000000002e-10,1.462799374737042e-22,0.859989286264346,1346732.8698811715,37419002.05626487,3.237815214084938e-10,0.012115581415364998
1.3500000000000005,100.0,100000.0,1.0000000000000002e-10,1.462799374737042e-22,0.859989286264346,1346732.8698811715,37419002.05626487,3.1102323757672883e-10,0.011638179166429773
1.4000000000000006,1.0,1000.0,1.0000000000000002e-10,1.7563372959616743e-22,0.8601348931062256,1121652.4323258395,47145592.66163721,0.02753034087572457,1297934.236762931
1.4000000000000006,2.0,2000.0,1.0000000000000002e-10,1.7563372959616743e-22,0.8601348931062256,1121652.4323258395,47145592.66163721,0.0017206463047327856,81120.8897976832
1.4000000000000006,3.0,3000.0,1.0000000000000002e-10,1.7563372959616743e-22,0.8601348931062256,1121652.4323258395,47145592.66163721,0.00033988075155215523,16023.87946620903
1.4000000000000006,4.0,4000.0,1.0000000000000002e-10,1.7563372959616743e-22,0.8601348931062256,1121652.4323258395,47145592.66163721,0.0001075403940457991,5070.0556123552
1.4000000000000006,5.0,5000.0,1.0000000000000002e-10,1.7563372959616743e-22,0.8601348931062256,1121652.4323258395,47145592.66163721,4.404854540115931e-05,2076.69477882069
1.4000000000000006,6.0,6000.0,1.0000000000000002e-10,1.7563372959616743e-22,0.8601348931062256,1121652.4323258395,47145592.66163721,2.1242546972009702e-05,1001.4924666380643
1.4000000000000006,7.0,7000.0,1.0000000000000002e-10,1.7563372959616743e-22,0.8601348931062256,1121652.4323258395,47145592.66163721,1.1466197782475873e-05,540.5806900303753
1.4000000000000006,8.0,8000.0,1.0000000000000002e-10,1.7563372959616743e-22,0.8601348931062256,1121652.4323258395,47145592.66163721,6.721274627862444e-06,316.8784757722
1.4000000000000006,9.0,9000.0,1.0000000000000002e-10,1.7563372959616743e-22,0.8601348931062256,1121652.4323258395,47145592.66163721,4.1960586611377185e-06,197.82567242233367
1.4000000000000006,10.0,10000.0,1.0000000000000002e-10,1.7563372959616743e-22,0.8601348931062256,1121652.4323258395,47145592.66163721,2.753034087572457e-06,129.79342367629312
1.4000000000000006,11.0,11000.0,1.0000000000000002e-10,1.7563372959616743e-22,0.8601348931062256,1121652.4323258395,47145592.66163721,1.8803593248906883e-06,88.65065478880753
1.4000000000000006,12.0,12000.0,1.0000000000000002e-10,1.7563372959616743e-22,0.8601348931062256,1121652.4323258395,47145592.66163721,1.3276591857506064e-06,62.59327916487902
1.4000000000000006,13.0,13000.0,1.0000000000000002e-10,1.7563372959616743e-22,0.8601348931062256,1121652.4323258395,47145592.66163721,9.63913759172458e-07,45.444285450892174
1.4000000000000006,14.0,14000.0,1.0000000000000002e-10,1.7563372959616743e-22,0.8601348931062256,1121652.4323258395,47145592.66163721,7.16637361404742e-07,33.78629312689846
1.4000000000000006,15.0,15000.0,1.0000000000000002e-10,1.7563372959616743e-22,0.8601348931062256,1121652.4323258395,47145592.66163721,5.438092024834482e-07,25.638207145934437
1.4000000000000006,16.0,16000.0,1.0000000000000002e-10,1.7563372959616743e-22,0.8601348931062256,1121652.4323258395,47145592.66163721,4.2007966424140273e-07,19.8049047357625
1.4000000000000006,17.0,17000.0,1.0000000000000002e-10,1.7563372959616743e-22,0.8601348931062256,1121652.4323258395,47145592.66163721,3.2962178225505646e-07,15.540214278599768
1.4000000000000006,18.0,18000.0,1.0000000000000002e-10,1.7563372959616743e-22,0.8601348931062256,1121652.4323258395,47145592.66163721,2.622536663211074e-07,12.364104526395854
1.4000000000000006,19.0,19000.0,1.0000000000000002e-10,1.7563372959616743e-22,0.8601348931062256,1121652.4323258395,47145592.66163721,2.112502273288615e-07,9.959517167324766
1.4000000000000006,20.0,20000.0,1.0000000000000002e-10,1.7563372959616743e-22,0.8601348931062256,1121652.4323258395,47145592.66163721,1.7206463047327855e-07,8.11208897976832
1.4000000000000006,21.0,21000.0,1.0000000000000002e-10,1.7563372959616743e-22,0.8601348931062256,1121652.4323258395,47145592.66163721,1.415579973145169e-07,6.673835679387348
1.4000000000000006,22.0,22000.0,1.0000000000000002e-10,1.7563372959616743e-22,0.8601348931062256,1121652.4323258395,47145592.66163721,1.1752245780566802e-07,5.540665924300471
1.4000000000000006,23.0,23000.0,1.0000000000000002e-10,1.7563372959616743e-22,0.8601348931062256,1121652.4323258395,47145592.66163721,9.837851092486292e-08,4.638113202722013
1.4000000000000006,24.0,24000.0,1.0000000000000002e-10,1.7563372959616743e-22,0.8601348931062256,1121652.4323258395,47145592.66163721,8.29786991094129e-08,3.912079947804939
1.4000000000000006,25.0,25000.0,1.0000000000000002e-10,1.7563372959616743e-22,0.8601348931062256,1121652.4323258395,47145592.66163721,7.04776726418549e-08,3.3227116461131043
1.4000000000000006,26.0,26000.0,1.0000000000000002e-10,1.7563372959616743e-22,0.8601348931062256,1121652.4323258395,47145592.66163721,6.024460994827863e-08,2.840267840680761
1.4000000000000006,27.0,27000.0,1.0000000000000002e-10,1.7563372959616743e-22,0.8601348931062256,1121652.4323258395,47145592.66163721,5.180319334737922e-08,2.4422922521275754
1.4000000000000006,28.0,28000.0,1.0000000000000002e-10,1.7563372959616743e-22,0.8601348931062256,1121652.4323258395,47145592.66163721,4.478983508779638e-08,2.1116433204311535
1.4000000000000006,29.0,29000.0,1.0000000000000002e-10,1.7563372959616743e-22,0.8601348931062256,1121652.4323258395,47145592.66163721,3.892419119943074e-08,1.8351040629720456
1.4000000000000006,30.0,30000.0,1.0000000000000002e-10,1.7563372959616743e-22,0.8601348931062256,1121652.4323258395,47145592.66163721,3.398807515521551e-08,1.6023879466209023
1.4000000000000006,31.0,31000.0,1.0000000000000002e-10,1.7563372959616743e-22,0.8601348931062256,1121652.4323258395,47145592.66163721,2.981019476083875e-08,1.4054192993585755
1.4000000000000006,32.0,32000.0,1.0000000000000002e-10,1.7563372959616743e-22,0.8601348931062256,1121652.4323258395,47145592.66163721,2.625497901508767e-08,1.2378065459851562
1.4000000000000006,33.0,33000.0,1.0000000000000002e-10,1.7563372959616743e-22,0.8601348931062256,1121652.4323258395,47145592.66163721,2.3214312652971468e-08,1.0944525282568833
1.4000000000000006,34.0,34000.0,1.0000000000000002e-10,1.7563372959616743e-22,0.8601348931062256,1121652.4323258395,47145592.66163721,2.060136139094103e-08,0.9712633924124855
1.4000000000000006,35.0,35000.0,1.0000000000000002e-10,1.7563372959616743e-22,0.8601348931062256,1121652.4323258395,47145592.66163721,1.8345916451961392e-08,0.8649291040486004
1.4000000000000006,36.0,36000.0,1.0000000000000002e-10,1.7563372959616743e-22,0.8601348931062256,1121652.4323258395,47145592.66163721,1.6390854145069213e-08,0.7727565328997409
1.4000000000000006,37.0,37000.0,1.0000000000000002e-10,1.7563372959616743e-22,0.8601348931062256,1121652.4323258395,47145592.66163721,1.4689421493524075e-08,0.6925414821687845
1.4000000000000006,38.0,38000.0,1.0000000000000002e-10,1.7563372959616743e-22,0.8601348931062256,1121652.4323258395,47145592.66163721,1.3203139208053845e-08,0.6224698229577978
1.4000000000000006,39.0,39000.0,1.0000000000000002e-10,1.7563372959616743e-22,0.8601348931062256,1121652.4323258395,47145592.66163721,1.1900169866326637e-08,0.5610405611221253
1.4000000000000006,40.0,40000.0,1.0000000000000002e-10,1.7563372959616743e-22,0.8601348931062256,1121652.4323258395,47145592.66163721,1.075403940457991e-08,0.50700556123552
1.4000000000000006,41.0,41000.0,1.0000000000000002e-10,1.7563372959616743e-22,0.8601348931062256,1121652.4323258395,47145592.66163721,9.74262893278114e-09,0.4593220151183809
1.4000000000000006,42.0,42000.0,1.0000000000000002e-10,1.7563372959616743e-22,0.8601348931062256,1121652.4323258395,47145592.66163721,8.847374832157307e-09,0.41711472996170923
1.4000000000000006,43.0,43000.0,1.0000000000000002e-10,1.7563372959616743e-22,0.8601348931062256,1121652.4323258395,47145592.66163721,8.052630403385446e-09,0.3796460328527256
1.4000000000000006,44.0,44000.0,1.0000000000000002e-10,1.7563372959616743e-22,0.8601348931062256,1121652.4323258395,47145592.66163721,7.345153612854251e-09,0.3462916202687794
1.4000000000000006,45.0,45000.0,1.0000000000000002e-10,1.7563372959616743e-22,0.8601348931062256,1121652.4323258395,47145592.66163721,6.713693857820348e-09,0.3165210758757338
1.4000000000000006,46.0,46000.0,1.0000000000000002e-10,1.7563372959616743e-22,0.8601348931062256,1121652.4323258395,47145592.66163721,6.1486569328039325e-09,0.2898820751701258
1.4000000000000006,47.0,47000.0,1.0000000000000002e-10,1.7563372959616743e-22,0.8601348931062256,1121652.4323258395,47145592.66163721,5.641832094295625e-09,0.2659875177830131
1.4000000000000006,48.0,48000.0,1.0000000000000002e-10,1.7563372959616743e-22,0.8601348931062256,1121652.4323258395,47145592.66163721,5.186168694338306e-09,0.24450499673780868
1.4000000000000006,49.0,49000.0,1.0000000000000002e-10,1.7563372959616743e-22,0.8601348931062256,1121652.4323258395,47145592.66163721,4.7755925791236455e-09,0.22514814245330086
1.4000000000000006,50.0,50000.0,1.0000000000000002e-10,1.7563372959616743e-22,0.8601348931062256,1121652.4323258395,47145592.66163721,4.4048545401159315e-09,0.20766947788206902
1.4000000000000006,51.0,51000.0,1.0000000000000002e-10,1.7563372959616743e-22,0.8601348931062256,1121652.4323258395,47145592.66163721,4.0694047191982274e-09,0.1918544972666638
1.4000000000000006,52.0,52000.0,1.0000000000000002e-10,1.7563372959616743e-22,0.8601348931062256,1121652.4323258395,47145592.66163721,3.765288121767414e-09,0.17751674004254756
1.4000000000000006,53.0,53000.0,1.0000000000000002e-10,1.7563372959616743e-22,0.8601348931062256,1121652.4323258395,47145592.66163721,3.4890573687110553e-09,0.16449367747833515
1.4000000000000006,54.0,54000.0,1.0000000000000002e-10,1.7563372959616743e-22,0.8601348931062256,1121652.4323258395,47145592.66163721,3.237699584211201e-09,0.15264326575797346
1.4000000000000006,55.0,55000.0,1.0000000000000002e-10,1.7563372959616743e-22,0.8601348931062256,1121652.4323258395,47145592.66163721,3.008574919825102e-09,0.14184104766209207
1.4000000000000006,56.0,56000.0,1.0000000000000002e-10,1.7563372959616743e-22,0.8601348931062256,1121652.4323258395,47145592.66163721,2.7993646929872736e-09,0.1319777075269471
1.4000000000000006,57.0,57000.0,1.0000000000000002e-10,1.7563372959616743e-22,0.8601348931062256,1121652.4323258395,47145592.66163721,2.6080274978871795e-09,0.12295700206573786
1.4000000000000006,58.0,58000.0,1.0000000000000002e-10,1.7563372959616743e-22,0.8601348931062256,1121652.4323258395,47145592.66163721,2.4327619499644213e-09,0.11469400393575285
1.4000000000000006,59.0,59000.0,1.0000000000000002e-10,1.7563372959616743e-22,0.8601348931062256,1121652.4323258395,47145592.66163721,2.2719749684543166e-09,0.10711360640018326
1.4000000000000006,60.0,60000.0,1.0000000000000002e-10,1.7563372959616743e-22,0.8601348931062256,1121652.4323258395,47145592.66163721,2.1242546972009695e-09,0.1001492466638064
1.4000000000000006,61.0,61000.0,1.0000000000000002e-10,1.7563372959616743e-22,0.8601348931062256,1121652.4323258395,47145592.66163721,1.9883473221832143e-09,0.09374181292150695
1.4000000000000006,62.0,62000.0,1.0000000000000002e-10,1.7563372959616743e-22,0.8601348931062256,1121652.4323258395,47145592.66163721,1.863137172552422e-09,0.08783870620991097
1.4000000000000006,63.0,63000.0,1.0000000000000002e-10,1.7563372959616743e-22,0.8601348931062256,1121652.4323258395,47145592.66163721,1.7476295964755174e-09,0.08239303307885615
1.4000000000000006,64.0,64000.0,1.0000000000000002e-10,1.7563372959616743e-22,0.8601348931062256,1121652.4323258395,47145592.66163721,1.6409361884429794e-09,0.07736290912407226
1.4000000000000006,65.0,65000.0,1.0000000000000002e-10,1.7563372959616743e-22,0.8601348931062256,1121652.4323258395,47145592.66163721,1.542262014675933e-09,0.07271085672142748
1.4000000000000006,66.0,66000.0,1.0000000000000002e-10,1.7563372959616743e-22,0.8601348931062256,1121652.4323258395,47145592.66163721,1.4508945408107167e-09,0.06840328301605521
1.4000000000000006,67.0,67000.0,1.0000000000000002e-10,1.7563372959616743e-22,0.8601348931062256,1121652.4323258395,47145592.66163721,1.3661940135104425e-09,0.06441002645773061
1.4000000000000006,68.0,68000.0,1.0000000000000002e-10,1.7563372959616743e-22,0.8601348931062256,1121652.4323258395,47145592.66163721,1.2875850869338143e-09,0.06070396202578034
1.4000000000000006,69.0,69000.0,1.0000000000000002e-10,1.7563372959616743e-22,0.8601348931062256,1121652.4323258395,47145592.66163721,1.2145495175909006e-09,0.05726065682372858
1.4000000000000006,70.0,70000.0,1.0000000000000002e-10,1.7563372959616743e-22,0.8601348931062256,1121652.4323258395,47145592.66163721,1.146619778247587e-09,0.05405806900303752
1.4000000000000006,71.0,71000.0,1.0000000000000002e-10,1.7563372959616743e-22,0.8601348931062256,1121652.4323258395,47145592.66163721,1.0833734641846234e-09,0.051076284042875064
1.4000000000000006,72.0,72000.0,1.0000000000000002e-10,1.7563372959616743e-22,0.8601348931062256,1121652.4323258395,47145592.66163721,1.0244283840668258e-09,0.048297283306233806
1.4000000000000006,73.0,73000.0,1.0000000000000002e-10,1.7563372959616743e-22,0.8601348931062256,1121652.4323258395,47145592.66163721,9.694382435772893e-10,0.045704740542307914
1.4000000000000006,74.0,74000.0,1.0000000000000002e-10,1.7563372959616743e-22,0.8601348931062256,1121652.4323258395,47145592.66163721,9.180888433452547e-10,0.04328384263554903
1.4000000000000006,75.0,75000.0,1.0000000000000002e-10,1.7563372959616743e-22,0.8601348931062256,1121652.4323258395,47145592.66163721,8.700947239735172e-10,0.04102113143349511
1.4000000000000006,76.0,76000.0,1.0000000000000002e-10,1.7563372959616743e-22,0.8601348931062256,1121652.4323258395,47145592.66163721,8.251962005033653e-10,0.038904363934862365
1.4000000000000006,77.0,77000.0,1.0000000000000002e-10,1.7563372959616743e-22,0.8601348931062256,1121652.4323258395,47145592.66163721,7.831567367308153e-10,0.03692238850012807
1.4000000000000006,78.0,78000.0,1.0000000000000002e-10,1.7563372959616743e-22,0.8601348931062256,1121652.4323258395,47145592.66163721,7.437606166454148e-10,0.03506503507013283
1.4000000000000006,79.0,79000.0,1.0000000000000002e-10,1.7563372959616743e-22,0.8601348931062256,1121652.4323258395,47145592.66163721,7.068108760986807e-10,0.033323017653363325
1.4000000000000006,80.0,80000.0,1.0000000000000002e-10,1.7563372959616743e-22,0.8601348931062256,1121652.4323258395,47145592.66163721,6.721274627862444e-10,0.03168784757722
1.4000000000000006,81.0,81000.0,1.0000000000000002e-10,1.7563372959616743e-22,0.8601348931062256,1121652.4323258395,47145592.66163721,6.39545596881225e-10,0.03015175619910587
1.4000000000000006,82.0,82000.0,1.0000000000000002e-10,1.7563372959616743e-22,0.8601348931062256,1121652.4323258395,47145592.66163721,6.089143082988213e-10,0.028707625944898806
1.4000000000000006,83.0,83000.0,1.0000000000000002e-10,1.7563372959616743e-22,0.8601348931062256,1121652.4323258395,47145592.66163721,5.800951296975838e-10,0.027348928689721892
1.4000000000000006,84.0,84000.0,1.0000000000000002e-10,1.7563372959616743e-22,0.8601348931062256,1121652.4323258395,47145592.66163721,5.529609270098317e-10,0.026069670622606827
1.4000000000000006,85.0,85000.0,1.0000000000000002e-10,1.7563372959616743e-22,0.8601348931062256,1121652.4323258395,47145592.66163721,5.273948516080903e-10,0.024864342845759627
1.4000000000000006,86.0,86000.0,1.0000000000000002e-10,1.7563372959616743e-22,0.8601348931062256,1121652.4323258395,47145592.66163721,5.032894002115904e-10,0.02372787705329535
1.4000000000000006,87.0,87000.0,1.0000000000000002e-10,1.7563372959616743e-22,0.8601348931062256,1121652.4323258395,47145592.66163721,4.805455703633424e-10,0.022655605715704262
1.4000000000000006,88.0,88000.0,1.0000000000000002e-10,1.7563372959616743e-22,0.8601348931062256,1121652.4323258395,47145592.66163721,4.590721008033907e-10,0.021643226266798713
1.4000000000000006,89.0,89000.0,1.0000000000000002e-10,1.7563372959616743e-22,0.8601348931062256,1121652.4323258395,47145592.66163721,4.38784787360792e-10,0.020686768851034997
1.4000000000000006,90.0,90000.0,1.0000000000000002e-10,1.7563372959616743e-22,0.8601348931062256,1121652.4323258395,47145592.66163721,4.1960586611377176e-10,0.019782567242233363
1.4000000000000006,91.0,91000.0,1.0000000000000002e-10,1.7563372959616743e-22,0.8601348931062256,1121652.4323258395,47145592.66163721,4.0146345654829564e-10,0.018927232590958836
1.4000000000000006,92.0,92000.0,1.0000000000000002e-10,1.7563372959616743e-22,0.8601348931062256,1121652.4323258395,47145592.66163721,3.842910583002458e-10,0.018117629698132864
1.4000000000000006,93.0,93000.0,1.0000000000000002e-10,1.7563372959616743e-22,0.8601348931062256,1121652.4323258395,47145592.66163721,3.6802709581282417e-10,0.017350855547636736
1.4000000000000006,94.0,94000.0,1.0000000000000002e-10,1.7563372959616743e-22,0.8601348931062256,1121652.4323258395,47145592.66163721,3.5261450589347655e-10,0.01662421986143832
1.4000000000000006,95.0,95000.0,1.0000000000000002e-10,1.7563372959616743e-22,0.8601348931062256,1121652.4323258395,47145592.66163721,3.3800036372617845e-10,0.015935227467719627
1.4000000000000006,96.0,96000.0,1.0000000000000002e-10,1.7563372959616743e-22,0.8601348931062256,1121652.4323258395,47145592.66163721,3.2413554339614413e-10,0.015281562296113042
1.4000000000000006,97.0,97000.0,1.0000000000000002e-10,1.7563372959616743e-22,0.8601348931062256,1121652.4323258395,47145592.66163721,3.109744094242058e-10,0.014661072834906802
1.4000000000000006,98.0,98000.0,1.0000000000000002e-10,1.7563372959616743e-22,0.8601348931062256,1121652.4323258395,47145592.66163721,2.9847453619522785e-10,0.014071758903331304
1.4000000000000006,99.0,99000.0,1.0000000000000002e-10,1.7563372959616743e-22,0.8601348931062256,1121652.4323258395,47145592.66163721,2.865964525058205e-10,0.013511759608109668
1.4000000000000006,100.0,100000.0,1.0000000000000002e-10,1.7563372959616743e-22,0.8601348931062256,1121652.4323258395,47145592.66163721,2.753034087572457e-10,0.012979342367629314
1.4500000000000006,1.0,1000.0,1.0000000000000002e-10,2.0952235059080924e-22,0.8602709453154704,940233.8196593403,58963296.38042901,0.024521876079573113,1445890.647084022
1.4500000000000006,2.0,2000.0,1.0000000000000002e-10,2.0952235059080924e-22,0.8602709453154704,940233.8196593403,58963296.38042901,0.0015326172549733196,90368.16544275137
1.4500000000000006,3.0,3000.0,1.0000000000000002e-10,2.0952235059080924e-22,0.8602709453154704,940233.8196593403,58963296.38042901,0.0003027392108589274,17850.501815852127
1.4500000000000006,4.0,4000.0,1.0000000000000002e-10,2.0952235059080924e-22,0.8602709453154704,940233.8196593403,58963296.38042901,9.578857843583247e-05,5648.010340171961
1.4500000000000006,5.0,5000.0,1.0000000000000002e-10,2.0952235059080924e-22,0.8602709453154704,940233.8196593403,58963296.38042901,3.923500172731698e-05,2313.425035334435
1.4500000000000006,6.0,6000.0,1.0000000000000002e-10,2.0952235059080924e-22,0.8602709453154704,940233.8196593403,58963296.38042901,1.892120067868296e-05,1115.656363490758
1.4500000000000006,7.0,7000.0,1.0000000000000002e-10,2.0952235059080924e-22,0.8602709453154704,940233.8196593403,58963296.38042901,1.0213192869459856e-05,602.2035181524457
1.4500000000000006,8.0,8000.0,1.0000000000000002e-10,2.0952235059080924e-22,0.8602709453154704,940233.8196593403,58963296.38042901,5.98678615223953e-06,353.00064626074754
1.4500000000000006,9.0,9000.0,1.0000000000000002e-10,2.0952235059080924e-22,0.8602709453154704,940233.8196593403,58963296.38042901,3.7375211217151525e-06,220.376565627804
1.4500000000000006,10.0,10000.0,1.0000000000000002e-10,2.0952235059080924e-22,0.8602709453154704,940233.8196593403,58963296.38042901,2.452187607957311e-06,144.5890647084022
1.4500000000000006,11.0,11000.0,1.0000000000000002e-10,2.0952235059080924e-22,0.8602709453154704,940233.8196593403,58963296.38042901,1.6748771313143303e-06,98.75627669448957
1.4500000000000006,12.0,12000.0,1.0000000000000002e-10,2.0952235059080924e-22,0.8602709453154704,940233.8196593403,58963296.38042901,1.182575042417685e-06,69.72852271817237
1.4500000000000006,13.0,13000.0,1.0000000000000002e-10,2.0952235059080924e-22,0.8602709453154704,940233.8196593403,58963296.38042901,8.585790441361688e-07,50.624650645426364
1.4500000000000006,14.0,14000.0,1.0000000000000002e-10,2.0952235059080924e-22,0.8602709453154704,940233.8196593403,58963296.38042901,6.38324554341241e-07,37.637719884527854
1.4500000000000006,15.0,15000.0,1.0000000000000002e-10,2.0952235059080924e-22,0.8602709453154704,940233.8196593403,58963296.38042901,4.843827373742836e-07,28.56080290536339
1.4500000000000006,16.0,16000.0,1.0000000000000002e-10,2.0952235059080924e-22,0.8602709453154704,940233.8196593403,58963296.38042901,3.741741345149706e-07,22.06254039129672
1.4500000000000006,17.0,17000.0,1.0000000000000002e-10,2.0952235059080924e-22,0.8602709453154704,940233.8196593403,58963296.38042901,2.9360132277598585e-07,17.311701812526454
1.4500000000000006,18.0,18000.0,1.0000000000000002e-10,2.0952235059080924e-22,0.8602709453154704,940233.8196593403,58963296.38042901,2.3359507010719703e-07,13.77353535173775
1.4500000000000006,19.0,19000.0,1.0000000000000002e-10,2.0952235059080924e-22,0.8602709453154704,940233.8196593403,58963296.38042901,1.881651927131706e-07,11.09484002642722
1.4500000000000006,20.0,20000.0,1.0000000000000002e-10,2.0952235059080924e-22,0.8602709453154704,940233.8196593403,58963296.38042901,1.5326172549733195e-07,9.036816544275137
1.4500000000000006,21.0,21000.0,1.0000000000000002e-10,2.0952235059080924e-22,0.8602709453154704,940233.8196593403,58963296.38042901,1.2608880085752906e-07,7.4346113352153775
1.4500000000000006,22.0,22000.0,1.0000000000000002e-10,2.0952235059080924e-22,0.8602709453154704,940233.8196593403,58963296.38042901,1.0467982070714565e-07,6.172267293405598
1.4500000000000006,23.0,23000.0,1.0000000000000002e-10,2.0952235059080924e-22,0.8602709453154704,940233.8196593403,58963296.38042901,8.762788897828806e-08,5.166829189018127
1.4500000000000006,24.0,24000.0,1.0000000000000002e-10,2.0952235059080924e-22,0.8602709453154704,940233.8196593403,58963296.38042901,7.391094015110532e-08,4.358032669885773
1.4500000000000006,25.0,25000.0,1.0000000000000002e-10,2.0952235059080924e-22,0.8602709453154704,940233.8196593403,58963296.38042901,6.277600276370718e-08,3.7014800565350967
1.4500000000000006,26.0,26000.0,1.0000000000000002e-10,2.0952235059080924e-22,0.8602709453154704,940233.8196593403,58963296.38042901,5.366119025851055e-08,3.1640406653391477
1.4500000000000006,27.0,27000.0,1.0000000000000002e-10,2.0952235059080924e-22,0.8602709453154704,940233.8196593403,58963296.38042901,4.614223607055742e-08,2.7206983410839993
1.4500000000000006,28.0,28000.0,1.0000000000000002e-10,2.0952235059080924e-22,0.8602709453154704,940233.8196593403,58963296.38042901,3.989528464632756e-08,2.352357492782991
1.4500000000000006,29.0,29000.0,1.0000000000000002e-10,2.0952235059080924e-22,0.8602709453154704,940233.8196593403,58963296.38042901,3.467062748691555e-08,2.04429448420645
1.4500000000000006,30.0,30000.0,1.0000000000000002e-10,2.0952235059080924e-22,0.8602709453154704,940233.8196593403,58963296.38042901,3.027392108589272e-08,1.7850501815852118
1.4500000000000006,31.0,31000.0,1.0000000000000002e-10,2.0952235059080924e-22,0.8602709453154704,940233.8196593403,58963296.38042901,2.6552591743526254e-08,1.5656283366420707
1.4500000000000006,32.0,32000.0,1.0000000000000002e-10,2.0952235059080924e-22,0.8602709453154704,940233.8196593403,58963296.38042901,2.3385883407185663e-08,1.378908774456045
1.4500000000000006,33.0,33000.0,1.0000000000000002e-10,2.0952235059080924e-22,0.8602709453154704,940233.8196593403,58963296.38042901,2.0677495448325072e-08,1.219213292524563
1.4500000000000006,34.0,34000.0,1.0000000000000002e-10,2.0952235059080924e-22,0.8602709453154704,940233.8196593403,58963296.38042901,1.8350082673499116e-08,1.0819813632829034
1.4500000000000006,35.0,35000.0,1.0000000000000002e-10,2.0952235059080924e-22,0.8602709453154704,940233.8196593403,58963296.38042901,1.6341108591135766e-08,0.9635256290439128
1.4500000000000006,36.0,36000.0,1.0000000000000002e-10,2.0952235059080924e-22,0.8602709453154704,940233.8196593403,58963296.38042901,1.4599691881699815e-08,0.8608459594836094
1.4500000000000006,37.0,37000.0,1.0000000000000002e-10,2.0952235059080924e-22,0.8602709453154704,940233.8196593403,58963296.38042901,1.3084188647385745e-08,0.7714868931132502
1.4500000000000006,38.0,38000.0,1.0000000000000002e-10,2.0952235059080924e-22,0.8602709453154704,940233.8196593403,58963296.38042901,1.1760324544573163e-08,0.6934275016517012
1.4500000000000006,39.0,39000.0,1.0000000000000002e-10,2.0952235059080924e-22,0.8602709453154704,940233.8196593403,58963296.38042901,1.0599741285631708e-08,0.6249956869805721
1.4500000000000006,40.0,40000.0,1.0000000000000002e-10,2.0952235059080924e-22,0.8602709453154704,940233.8196593403,58963296.38042901,9.578857843583247e-09,0.5648010340171961
1.4500000000000006,41.0,41000.0,1.0000000000000002e-10,2.0952235059080924e-22,0.8602709453154704,940233.8196593403,58963296.38042901,8.67797243983943e-09,0.511681860951447
1.4500000000000006,42.0,42000.0,1.0000000000000002e-10,2.0952235059080924e-22,0.8602709453154704,940233.8196593403,58963296.38042901,7.880550053595566e-09,0.4646632084509611
1.4500000000000006,43.0,43000.0,1.0000000000000002e-10,2.0952235059080924e-22,0.8602709453154704,940233.8196593403,58963296.38042901,7.172653827927718e-09,0.4229233134903207
1.4500000000000006,44.0,44000.0,1.0000000000000002e-10,2.0952235059080924e-22,0.8602709453154704,940233.8196593403,58963296.38042901,6.542488794196603e-09,0.3857667058378499
1.4500000000000006,45.0,45000.0,1.0000000000000002e-10,2.0952235059080924e-22,0.8602709453154704,940233.8196593403,58963296.38042901,5.980033794744242e-09,0.3526025050044863
1.4500000000000006,46.0,46000.0,1.0000000000000002e-10,2.0952235059080924e-22,0.8602709453154704,940233.8196593403,58963296.38042901,5.476743061143004e-09,0.32292682431363295
1.4500000000000006,47.0,47000.0,1.0000000000000002e-10,2.0952235059080924e-22,0.8602709453154704,940233.8196593403,58963296.38042901,5.025303104767117e-09,0.29630843636787363
1.4500000000000006,48.0,48000.0,1.0000000000000002e-10,2.0952235059080924e-22,0.8602709453154704,940233.8196593403,58963296.38042901,4.619433759444082e-09,0.2723770418678608
1.4500000000000006,49.0,49000.0,1.0000000000000002e-10,2.0952235059080924e-22,0.8602709453154704,940233.8196593403,58963296.38042901,4.2537246436734095e-09,0.25081362688565
1.4500000000000006,50.0,50000.0,1.0000000000000002e-10,2.0952235059080924e-22,0.8602709453154704,940233.8196593403,58963296.38042901,3.923500172731699e-09,0.23134250353344354
1.4500000000000006,51.0,51000.0,1.0000000000000002e-10,2.0952235059080924e-22,0.8602709453154704,940233.8196593403,58963296.38042901,3.624707688592417e-09,0.21372471373489446
1.4500000000000006,52.0,52000.0,1.0000000000000002e-10,2.0952235059080924e-22,0.8602709453154704,940233.8196593403,58963296.38042901,3.3538243911569095e-09,0.19775254158369673
1.4500000000000006,53.0,53000.0,1.0000000000000002e-10,2.0952235059080924e-22,0.8602709453154704,940233.8196593403,58963296.38042901,3.107779624534058e-09,0.18324493108646003
1.4500000000000006,54.0,54000.0,1.0000000000000002e-10,2.0952235059080924e-22,0.8602709453154704,940233.8196593403,58963296.38042901,2.8838897544098388e-09,0.17004364631774996
1.4500000000000006,55.0,55000.0,1.0000000000000002e-10,2.0952235059080924e-22,0.8602709453154704,940233.8196593403,58963296.38042901,2.679803410102929e-09,0.15801004271118332
1.4500000000000006,56.0,56000.0,1.0000000000000002e-10,2.0952235059080924e-22,0.8602709453154704,940233.8196593403,58963296.38042901,2.4934552903954727e-09,0.14702234329893693
1.4500000000000006,57.0,57000.0,1.0000000000000002e-10,2.0952235059080924e-22,0.8602709453154704,940233.8196593403,58963296.38042901,2.3230270705329706e-09,0.1369733336595953
1.4500000000000006,58.0,58000.0,1.0000000000000002e-10,2.0952235059080924e-22,0.8602709453154704,940233.8196593403,58963296.38042901,2.166914217932222e-09,0.12776840526290312
1.4500000000000006,59.0,59000.0,1.0000000000000002e-10,2.0952235059080924e-22,0.8602709453154704,940233.8196593403,58963296.38042901,2.0236977407517287e-09,0.11932388967234876
1.4500000000000006,60.0,60000.0,1.0000000000000002e-10,2.0952235059080924e-22,0.8602709453154704,940233.8196593403,58963296.38042901,1.892120067868295e-09,0.11156563634907574
1.4500000000000006,61.0,61000.0,1.0000000000000002e-10,2.0952235059080924e-22,0.8602709453154704,940233.8196593403,58963296.38042901,1.7710643997409116e-09,0.10442779511074997
1.4500000000000006,62.0,62000.0,1.0000000000000002e-10,2.0952235059080924e-22,0.8602709453154704,940233.8196593403,58963296.38042901,1.6595369839703909e-09,0.09785177104012942
1.4500000000000006,63.0,63000.0,1.0000000000000002e-10,2.0952235059080924e-22,0.8602709453154704,940233.8196593403,58963296.38042901,1.5566518624386302e-09,0.09178532512611576
1.4500000000000006,64.0,64000.0,1.0000000000000002e-10,2.0952235059080924e-22,0.8602709453154704,940233.8196593403,58963296.38042901,1.461617712949104e-09,0.08618179840350282
1.4500000000000006,65.0,65000.0,1.0000000000000002e-10,2.0952235059080924e-22,0.8602709453154704,940233.8196593403,58963296.38042901,1.3737264706178702e-09,0.08099944103268218
1.4500000000000006,66.0,66000.0,1.0000000000000002e-10,2.0952235059080924e-22,0.8602709453154704,940233.8196593403,58963296.38042901,1.292343465520317e-09,0.07620083078278518
1.4500000000000006,67.0,67000.0,1.0000000000000002e-10,2.0952235059080924e-22,0.8602709453154704,940233.8196593403,58963296.38042901,1.2168988553824428e-09,0.07175236787491979
1.4500000000000006,68.0,68000.0,1.0000000000000002e-10,2.0952235059080924e-22,0.8602709453154704,940233.8196593403,58963296.38042901,1.1468801670936947e-09,0.06762383520518146
1.4500000000000006,69.0,69000.0,1.0000000000000002e-10,2.0952235059080924e-22,0.8602709453154704,940233.8196593403,58963296.38042901,1.0818257898554085e-09,0.06378801467923616
1.4500000000000006,70.0,70000.0,1.0000000000000002e-10,2.0952235059080924e-22,0.8602709453154704,940233.8196593403,58963296.38042901,1.0213192869459854e-09,0.06022035181524455
1.4500000000000006,71.0,71000.0,1.0000000000000002e-10,2.0952235059080924e-22,0.8602709453154704,940233.8196593403,58963296.38042901,9.649844132536183e-10,0.05689866196116748
1.4500000000000006,72.0,72000.0,1.0000000000000002e-10,2.0952235059080924e-22,0.8602709453154704,940233.8196593403,58963296.38042901,9.124807426062384e-10,0.05380287246772559
1.4500000000000006,73.0,73000.0,1.0000000000000002e-10,2.0952235059080924e-22,0.8602709453154704,940233.8196593403,58963296.38042901,8.634998230902085e-10,0.05091479599331598
1.4500000000000006,74.0,74000.0,1.0000000000000002e-10,2.0952235059080924e-22,0.8602709453154704,940233.8196593403,58963296.38042901,8.177617904616091e-10,0.04821793081957814
1.4500000000000006,75.0,75000.0,1.0000000000000002e-10,2.0952235059080924e-22,0.8602709453154704,940233.8196593403,58963296.38042901,7.750123797988539e-10,0.045697284648581436
1.4500000000000006,76.0,76000.0,1.0000000000000002e-10,2.0952235059080924e-22,0.8602709453154704,940233.8196593403,58963296.38042901,7.350202840358227e-10,0.043339218853231325
1.4500000000000006,77.0,77000.0,1.0000000000000002e-10,2.0952235059080924e-22,0.8602709453154704,940233.8196593403,58963296.38042901,6.975748152079674e-10,0.04113131057663038
1.4500000000000006,78.0,78000.0,1.0000000000000002e-10,2.0952235059080924e-22,0.8602709453154704,940233.8196593403,58963296.38042901,6.624838303519818e-10,0.039062230436285754
1.4500000000000006,79.0,79000.0,1.0000000000000002e-10,2.0952235059080924e-22,0.8602709453154704,940233.8196593403,58963296.38042901,6.295718891976917e-10,0.03712163389555011
1.4500000000000006,80.0,80000.0,1.0000000000000002e-10,2.0952235059080924e-22,0.8602709453154704,940233.8196593403,58963296.38042901,5.986786152239529e-10,0.035300064626074754
1.4500000000000006,81.0,81000.0,1.0000000000000002e-10,2.0952235059080924e-22,0.8602709453154704,940233.8196593403,58963296.38042901,5.696572354389805e-10,0.03358886840844443
1.4500000000000006,82.0,82000.0,1.0000000000000002e-10,2.0952235059080924e-22,0.8602709453154704,940233.8196593403,58963296.38042901,5.423732774899644e-10,0.031980116309465435
1.4500000000000006,83.0,83000.0,1.0000000000000002e-10,2.0952235059080924e-22,0.8602709453154704,940233.8196593403,58963296.38042901,5.167034054907486e-10,0.030466536038728
1.4500000000000006,84.0,84000.0,1.0000000000000002e-10,2.0952235059080924e-22,0.8602709453154704,940233.8196593403,58963296.38042901,4.925343783497229e-10,0.02904145052818507
1.4500000000000006,85.0,85000.0,1.0000000000000002e-10,2.0952235059080924e-22,0.8602709453154704,940233.8196593403,58963296.38042901,4.697621164415773e-10,0.027698722900042327
1.4500000000000006,86.0,86000.0,1.0000000000000002e-10,2.0952235059080924e-22,0.8602709453154704,940233.8196593403,58963296.38042901,4.482908642454824e-10,0.026432707093145043
1.4500000000000006,87.0,87000.0,1.0000000000000002e-10,2.0952235059080924e-22,0.8602709453154704,940233.8196593403,58963296.38042901,4.280324381100684e-10,0.0252382035087216
1.4500000000000006,88.0,88000.0,1.0000000000000002e-10,2.0952235059080924e-22,0.8602709453154704,940233.8196593403,58963296.38042901,4.089055496372877e-10,0.024110419114865618
1.4500000000000006,89.0,89000.0,1.0000000000000002e-10,2.0952235059080924e-22,0.8602709453154704,940233.8196593403,58963296.38042901,3.9083519633245346e-10,0.023044931517253613
1.4500000000000006,90.0,90000.0,1.0000000000000002e-10,2.0952235059080924e-22,0.8602709453154704,940233.8196593403,58963296.38042901,3.7375211217151513e-10,0.022037656562780394
1.4500000000000006,91.0,91000.0,1.0000000000000002e-10,2.0952235059080924e-22,0.8602709453154704,940233.8196593403,58963296.38042901,3.5759227161023267e-10,0.02108481909430502
1.4500000000000006,92.0,92000.0,1.0000000000000002e-10,2.0952235059080924e-22,0.8602709453154704,940233.8196593403,58963296.38042901,3.4229644132143774e-10,0.02018292651960206
1.4500000000000006,93.0,93000.0,1.0000000000000002e-10,2.0952235059080924e-22,0.8602709453154704,940233.8196593403,58963296.38042901,3.278097746114353e-10,0.01932874489681569
1.4500000000000006,94.0,94000.0,1.0000000000000002e-10,2.0952235059080924e-22,0.8602709453154704,940233.8196593403,58963296.38042901,3.1408144404794483e-10,0.018519277272992102
1.4500000000000006,95.0,95000.0,1.0000000000000002e-10,2.0952235059080924e-22,0.8602709453154704,940233.8196593403,58963296.38042901,3.0106430834107296e-10,0.017751744042283548
1.4500000000000006,96.0,96000.0,1.0000000000000002e-10,2.0952235059080924e-22,0.8602709453154704,940233.8196593403,58963296.38042901,2.8871460996525515e-10,0.0170235651167413
1.4500000000000006,97.0,97000.0,1.0000000000000002e-10,2.0952235059080924e-22,0.8602709453154704,940233.8196593403,58963296.38042901,2.769917004021879e-10,0.016332343725733202
1.4500000000000006,98.0,98000.0,1.0000000000000002e-10,2.0952235059080924e-22,0.8602709453154704,940233.8196593403,58963296.38042901,2.658577902295881e-10,0.015675851680353126
1.4500000000000006,99.0,99000.0,1.0000000000000002e-10,2.0952235059080924e-22,0.8602709453154704,940233.8196593403,58963296.38042901,2.552777215842601e-10,0.015052015957093367
1.4500000000000006,100.0,100000.0,1.0000000000000002e-10,2.0952235059080924e-22,0.8602709453154704,940233.8196593403,58963296.38042901,2.4521876079573117e-10,0.014458906470840222
1.5000000000000004,1.0,1000.0,1.0000000000000002e-10,2.484697754247311e-22,0.8604082532730148,792852.9724118384,73247394.06134123,0.02155934672291848,1579165.9651186953
1.5000000000000004,2.0,2000.0,1.0000000000000002e-10,2.484697754247311e-22,0.8604082532730148,792852.9724118384,73247394.06134123,0.001347459170182405,98697.87281991846
1.5000000000000004,3.0,3000.0,1.0000000000000002e-10,2.484697754247311e-22,0.8604082532730148,792852.9724118384,73247394.06134123,0.0002661647743570183,19495.876112576487
1.5000000000000004,4.0,4000.0,1.0000000000000002e-10,2.484697754247311e-22,0.8604082532730148,792852.9724118384,73247394.06134123,8.421619813640031e-05,6168.617051244903
1.5000000000000004,5.0,5000.0,1.0000000000000002e-10,2.484697754247311e-22,0.8604082532730148,792852.9724118384,73247394.06134123,3.449495475666956e-05,2526.6655441899125
1.5000000000000004,6.0,6000.0,1.0000000000000002e-10,2.484697754247311e-22,0.8604082532730148,792852.9724118384,73247394.06134123,1.6635298397313643e-05,1218.4922570360304
1.5000000000000004,7.0,7000.0,1.0000000000000002e-10,2.484697754247311e-22,0.8604082532730148,792852.9724118384,73247394.06134123,8.97931975131965e-06,657.7117722276948
1.5000000000000004,8.0,8000.0,1.0000000000000002e-10,2.484697754247311e-22,0.8604082532730148,792852.9724118384,73247394.06134123,5.263512383525019e-06,385.53856570280647
1.5000000000000004,9.0,9000.0,1.0000000000000002e-10,2.484697754247311e-22,0.8604082532730148,792852.9724118384,73247394.06134123,3.2859848686051637e-06,240.689828550327
1.5000000000000004,10.0,10000.0,1.0000000000000002e-10,2.484697754247311e-22,0.8604082532730148,792852.9724118384,73247394.06134123,2.1559346722918477e-06,157.91659651186953
1.5000000000000004,11.0,11000.0,1.0000000000000002e-10,2.484697754247311e-22,0.8604082532730148,792852.9724118384,73247394.06134123,1.4725323900634161e-06,107.85916024306367
1.5000000000000004,12.0,12000.0,1.0000000000000002e-10,2.484697754247311e-22,0.8604082532730148,792852.9724118384,73247394.06134123,1.0397061498321027e-06,76.1557660647519
1.5000000000000004,13.0,13000.0,1.0000000000000002e-10,2.484697754247311e-22,0.8604082532730148,792852.9724118384,73247394.06134123,7.548526565217773e-07,55.29098999050088
1.5000000000000004,14.0,14000.0,1.0000000000000002e-10,2.484697754247311e-22,0.8604082532730148,792852.9724118384,73247394.06134123,5.612074844574781e-07,41.10698576423093
1.5000000000000004,15.0,15000.0,1.0000000000000002e-10,2.484697754247311e-22,0.8604082532730148,792852.9724118384,73247394.06134123,4.258636389712291e-07,31.193401780122368
1.5000000000000004,16.0,16000.0,1.0000000000000002e-10,2.484697754247311e-22,0.8604082532730148,792852.9724118384,73247394.06134123,3.289695239703137e-07,24.096160356425404
1.5000000000000004,17.0,17000.0,1.0000000000000002e-10,2.484697754247311e-22,0.8604082532730148,792852.9724118384,73247394.06134123,2.5813085000081994e-07,18.90741208939902
1.5000000000000004,18.0,18000.0,1.0000000000000002e-10,2.484697754247311e-22,0.8604082532730148,792852.9724118384,73247394.06134123,2.0537405428782273e-07,15.043114284395438
1.5000000000000004,19.0,19000.0,1.0000000000000002e-10,2.484697754247311e-22,0.8604082532730148,792852.9724118384,73247394.06134123,1.6543263727962855e-07,12.117509573427881
1.5000000000000004,20.0,20000.0,1.0000000000000002e-10,2.484697754247311e-22,0.8604082532730148,792852.9724118384,73247394.06134123,1.3474591701824048e-07,9.869787281991846
1.5000000000000004,21.0,21000.0,1.0000000000000002e-10,2.484697754247311e-22,0.8604082532730148,792852.9724118384,73247394.06134123,1.10855799399008e-07,8.119898422564132
1.5000000000000004,22.0,22000.0,1.0000000000000002e-10,2.484697754247311e-22,0.8604082532730148,792852.9724118384,73247394.06134123,9.203327437896351e-08,6.741197515191479
1.5000000000000004,23.0,23000.0,1.0000000000000002e-10,2.484697754247311e-22,0.8604082532730148,792852.9724118384,73247394.06134123,7.704141538558851e-08,5.643082911791678
1.5000000000000004,24.0,24000.0,1.0000000000000002e-10,2.484697754247311e-22,0.8604082532730148,792852.9724118384,73247394.06134123,6.498163436450642e-08,4.759735379046994
1.5000000000000004,25.0,25000.0,1.0000000000000002e-10,2.484697754247311e-22,0.8604082532730148,792852.9724118384,73247394.06134123,5.519192761067131e-08,4.04266487070386
1.5000000000000004,26.0,26000.0,1.0000000000000002e-10,2.484697754247311e-22,0.8604082532730148,792852.9724118384,73247394.06134123,4.7178291032611084e-08,3.455686874406305
1.5000000000000004,27.0,27000.0,1.0000000000000002e-10,2.484697754247311e-22,0.8604082532730148,792852.9724118384,73247394.06134123,4.0567714427224226e-08,2.9714793648188507
1.5000000000000004,28.0,28000.0,1.0000000000000002e-10,2.484697754247311e-22,0.8604082532730148,792852.9724118384,73247394.06134123,3.507546777859238e-08,2.569186610264433
1.5000000000000004,29.0,29000.0,1.0000000000000002e-10,2.484697754247311e-22,0.8604082532730148,792852.9724118384,73247394.06134123,3.048201029423734e-08,2.2327278198038623
1.5000000000000004,30.0,30000.0,1.0000000000000002e-10,2.484697754247311e-22,0.8604082532730148,792852.9724118384,73247394.06134123,2.6616477435701818e-08,1.949587611257648
1.5000000000000004,31.0,31000.0,1.0000000000000002e-10,2.484697754247311e-22,0.8604082532730148,792852.9724118384,73247394.06134123,2.334472819017486e-08,1.709940505000639
1.5000000000000004,32.0,32000.0,1.0000000000000002e-10,2.484697754247311e-22,0.8604082532730148,792852.9724118384,73247394.06134123,2.0560595248144606e-08,1.5060100222765878
1.5000000000000004,33.0,33000.0,1.0000000000000002e-10,2.484697754247311e-22,0.8604082532730148,792852.9724118384,73247394.06134123,1.8179412223005143e-08,1.331594570902021
1.5000000000000004,34.0,34000.0,1.0000000000000002e-10,2.484697754247311e-22,0.8604082532730148,792852.9724118384,73247394.06134123,1.6133178125051246e-08,1.1817132555874388
1.5000000000000004,35.0,35000.0,1.0000000000000002e-10,2.484697754247311e-22,0.8604082532730148,792852.9724118384,73247394.06134123,1.4366911602111435e-08,1.0523388355643115
1.5000000000000004,36.0,36000.0,1.0000000000000002e-10,2.484697754247311e-22,0.8604082532730148,792852.9724118384,73247394.06134123,1.283587839298892e-08,0.9401946427747149
1.5000000000000004,37.0,37000.0,1.0000000000000002e-10,2.484697754247311e-22,0.8604082532730148,792852.9724118384,73247394.06134123,1.1503465669661508e-08,0.8425988829768071
1.5000000000000004,38.0,38000.0,1.0000000000000002e-10,2.484697754247311e-22,0.8604082532730148,792852.9724118384,73247394.06134123,1.0339539829976785e-08,0.7573443483392426
1.5000000000000004,39.0,39000.0,1.0000000000000002e-10,2.484697754247311e-22,0.8604082532730148,792852.9724118384,73247394.06134123,9.319168599034283e-09,0.6826048146975414
1.5000000000000004,40.0,40000.0,1.0000000000000002e-10,2.484697754247311e-22,0.8604082532730148,792852.9724118384,73247394.06134123,8.42161981364003e-09,0.6168617051244903
1.5000000000000004,41.0,41000.0,1.0000000000000002e-10,2.484697754247311e-22,0.8604082532730148,792852.9724118384,73247394.06134123,7.629571900425575e-09,0.5588462595098082
1.5000000000000004,42.0,42000.0,1.0000000000000002e-10,2.484697754247311e-22,0.8604082532730148,792852.9724118384,73247394.06134123,6.928487462438e-09,0.5074936514102583
1.5000000000000004,43.0,43000.0,1.0000000000000002e-10,2.484697754247311e-22,0.8604082532730148,792852.9724118384,73247394.06134123,6.3061133780288696e-09,0.4619063715959763
1.5000000000000004,44.0,44000.0,1.0000000000000002e-10,2.484697754247311e-22,0.8604082532730148,792852.9724118384,73247394.06134123,5.752079648685219e-09,0.42132484469946746
1.5000000000000004,45.0,45000.0,1.0000000000000002e-10,2.484697754247311e-22,0.8604082532730148,792852.9724118384,73247394.06134123,5.257575789768261e-09,0.3851037256805231
1.5000000000000004,46.0,46000.0,1.0000000000000002e-10,2.484697754247311e-22,0.8604082532730148,792852.9724118384,73247394.06134123,4.815088461599282e-09,0.3526926819869799
1.5000000000000004,47.0,47000.0,1.0000000000000002e-10,2.484697754247311e-22,0.8604082532730148,792852.9724118384,73247394.06134123,4.418187730492726e-09,0.32362073773238353
1.5000000000000004,48.0,48000.0,1.0000000000000002e-10,2.484697754247311e-22,0.8604082532730148,792852.9724118384,73247394.06134123,4.061352147781651e-09,0.2974834611904371
1.5000000000000004,49.0,49000.0,1.0000000000000002e-10,2.484697754247311e-22,0.8604082532730148,792852.9724118384,73247394.06134123,3.73982496931264e-09,0.2739324332476863
1.5000000000000004,50.0,50000.0,1.0000000000000002e-10,2.484697754247311e-22,0.8604082532730148,792852.9724118384,73247394.06134123,3.449495475666957e-09,0.2526665544189913
1.5000000000000004,51.0,51000.0,1.0000000000000002e-10,2.484697754247311e-22,0.8604082532730148,792852.9724118384,73247394.06134123,3.1868006172940723e-09,0.23342484060986438
1.5000000000000004,52.0,52000.0,1.0000000000000002e-10,2.484697754247311e-22,0.8604082532730148,792852.9724118384,73247394.06134123,2.9486431895381927e-09,0.21598042965039407
1.5000000000000004,53.0,53000.0,1.0000000000000002e-10,2.484697754247311e-22,0.8604082532730148,792852.9724118384,73247394.06134123,2.7323235076440184e-09,0.2001355766674675
1.5000000000000004,54.0,54000.0,1.0000000000000002e-10,2.484697754247311e-22,0.8604082532730148,792852.9724118384,73247394.06134123,2.535482151701514e-09,0.18571746030117817
1.5000000000000004,55.0,55000.0,1.0000000000000002e-10,2.484697754247311e-22,0.8604082532730148,792852.9724118384,73247394.06134123,2.356051824101466e-09,0.17257465638890188
1.5000000000000004,56.0,56000.0,1.0000000000000002e-10,2.484697754247311e-22,0.8604082532730148,792852.9724118384,73247394.06134123,2.192216736162024e-09,0.16057416314152706
1.5000000000000004,57.0,57000.0,1.0000000000000002e-10,2.484697754247311e-22,0.8604082532730148,792852.9724118384,73247394.06134123,2.0423782380201057e-09,0.14959888362256646
1.5000000000000004,58.0,58000.0,1.0000000000000002e-10,2.484697754247311e-22,0.8604082532730148,792852.9724118384,73247394.06134123,1.9051256433898337e-09,0.1395454887377414
1.5000000000000004,59.0,59000.0,1.0000000000000002e-10,2.484697754247311e-22,0.8604082532730148,792852.9724118384,73247394.06134123,1.7792113912359692e-09,0.1303225978922882
1.5000000000000004,60.0,60000.0,1.0000000000000002e-10,2.484697754247311e-22,0.8604082532730148,792852.9724118384,73247394.06134123,1.6635298397313636e-09,0.121849225703603
1.5000000000000004,61.0,61000.0,1.0000000000000002e-10,2.484697754247311e-22,0.8604082532730148,792852.9724118384,73247394.06134123,1.5570991117779318e-09,0.11405345223296258
1.5000000000000004,62.0,62000.0,1.0000000000000002e-10,2.484697754247311e-22,0.8604082532730148,792852.9724118384,73247394.06134123,1.4590455118859287e-09,0.10687128156253994
1.5000000000000004,63.0,63000.0,1.0000000000000002e-10,2.484697754247311e-22,0.8604082532730148,792852.9724118384,73247394.06134123,1.3685901160371357e-09,0.1002456595378288
1.5000000000000004,64.0,64000.0,1.0000000000000002e-10,2.484697754247311e-22,0.8604082532730148,792852.9724118384,73247394.06134123,1.2850372030090379e-09,0.09412562639228673
1.5000000000000004,65.0,65000.0,1.0000000000000002e-10,2.484697754247311e-22,0.8604082532730148,792852.9724118384,73247394.06134123,1.2077642504348438e-09,0.08846558398480141
1.5000000000000004,66.0,66000.0,1.0000000000000002e-10,2.484697754247311e-22,0.8604082532730148,792852.9724118384,73247394.06134123,1.1362132639378214e-09,0.08322466068137631
1.5000000000000004,67.0,67000.0,1.0000000000000002e-10,2.484697754247311e-22,0.8604082532730148,792852.9724118384,73247394.06134123,1.069883244853647e-09,0.07836615963542151
1.5000000000000004,68.0,68000.0,1.0000000000000002e-10,2.484697754247311e-22,0.8604082532730148,792852.9724118384,73247394.06134123,1.0083236328157029e-09,0.07385707847421492
1.5000000000000004,69.0,69000.0,1.0000000000000002e-10,2.484697754247311e-22,0.8604082532730148,792852.9724118384,73247394.06134123,9.511285850072658e-10,0.06966769026903308
1.5000000000000004,70.0,70000.0,1.0000000000000002e-10,2.484697754247311e-22,0.8604082532730148,792852.9724118384,73247394.06134123,8.979319751319647e-10,0.06577117722276947
1.5000000000000004,71.0,71000.0,1.0000000000000002e-10,2.484697754247311e-22,0.8604082532730148,792852.9724118384,73247394.06134123,8.484030128868091e-10,0.062143309807749264
1.5000000000000004,72.0,72000.0,1.0000000000000002e-10,2.484697754247311e-22,0.8604082532730148,792852.9724118384,73247394.06134123,8.022423995618075e-10,0.05876216517341968
1.5000000000000004,73.0,73000.0,1.0000000000000002e-10,2.484697754247311e-22,0.8604082532730148,792852.9724118384,73247394.06134123,7.591789478411171e-10,0.05560787955559272
1.5000000000000004,74.0,74000.0,1.0000000000000002e-10,2.484697754247311e-22,0.8604082532730148,792852.9724118384,73247394.06134123,7.189666043538443e-10,0.05266243018605044
1.5000000000000004,75.0,75000.0,1.0000000000000002e-10,2.484697754247311e-22,0.8604082532730148,792852.9724118384,73247394.06134123,6.813818223539667e-10,0.049909442848195804
1.5000000000000004,76.0,76000.0,1.0000000000000002e-10,2.484697754247311e-22,0.8604082532730148,792852.9724118384,73247394.06134123,6.46221239373549e-10,0.04733402177120266
1.5000000000000004,77.0,77000.0,1.0000000000000002e-10,2.484697754247311e-22,0.8604082532730148,792852.9724118384,73247394.06134123,6.132996210176658e-10,0.0449225990183522
1.5000000000000004,78.0,78000.0,1.0000000000000002e-10,2.484697754247311e-22,0.8604082532730148,792852.9724118384,73247394.06134123,5.824480374396427e-10,0.04266280091859634
1.5000000000000004,79.0,79000.0,1.0000000000000002e-10,2.484697754247311e-22,0.8604082532730148,792852.9724118384,73247394.06134123,5.535122436053081e-10,0.040543329425135104
1.5000000000000004,80.0,80000.0,1.0000000000000002e-10,2.484697754247311e-22,0.8604082532730148,792852.9724118384,73247394.06134123,5.263512383525019e-10,0.03855385657028065
1.5000000000000004,81.0,81000.0,1.0000000000000002e-10,2.484697754247311e-22,0.8604082532730148,792852.9724118384,73247394.06134123,5.008359805830152e-10,0.03668493042986236
1.5000000000000004,82.0,82000.0,1.0000000000000002e-10,2.484697754247311e-22,0.8604082532730148,792852.9724118384,73247394.06134123,4.768482437765984e-10,0.03492789121936301
1.5000000000000004,83.0,83000.0,1.0000000000000002e-10,2.484697754247311e-22,0.8604082532730148,792852.9724118384,73247394.06134123,4.5427959246426937e-10,0.033274796323255834
1.5000000000000004,84.0,84000.0,1.0000000000000002e-10,2.484697754247311e-22,0.8604082532730148,792852.9724118384,73247394.06134123,4.33030466402375e-10,0.03171835321314114
1.5000000000000004,85.0,85000.0,1.0000000000000002e-10,2.484697754247311e-22,0.8604082532730148,792852.9724118384,73247394.06134123,4.130093600013118e-10,0.030251859343038427
1.5000000000000004,86.0,86000.0,1.0000000000000002e-10,2.484697754247311e-22,0.8604082532730148,792852.9724118384,73247394.06134123,3.9413208612680435e-10,0.02886914822474852
1.5000000000000004,87.0,87000.0,1.0000000000000002e-10,2.484697754247311e-22,0.8604082532730148,792852.9724118384,73247394.06134123,3.763211147436708e-10,0.027564540985232863
1.5000000000000004,88.0,88000.0,1.0000000000000002e-10,2.484697754247311e-22,0.8604082532730148,792852.9724118384,73247394.06134123,3.595049780428262e-10,0.026332802793716716
1.5000000000000004,89.0,89000.0,1.0000000000000002e-10,2.484697754247311e-22,0.8604082532730148,792852.9724118384,73247394.06134123,3.4361773470792153e-10,0.025169103620616536
1.5000000000000004,90.0,90000.0,1.0000000000000002e-10,2.484697754247311e-22,0.8604082532730148,792852.9724118384,73247394.06134123,3.285984868605163e-10,0.024068982855032693
1.5000000000000004,91.0,91000.0,1.0000000000000002e-10,2.484697754247311e-22,0.8604082532730148,792852.9724118384,73247394.06134123,3.1439094399074433e-10,0.02302831736380711
1.5000000000000004,92.0,92000.0,1.0000000000000002e-10,2.484697754247311e-22,0.8604082532730148,792852.9724118384,73247394.06134123,3.0094302884995513e-10,0.022043292624186243
1.5000000000000004,93.0,93000.0,1.0000000000000002e-10,2.484697754247311e-22,0.8604082532730148,792852.9724118384,73247394.06134123,2.8820652086635634e-10,0.021110376604946166
1.5000000000000004,94.0,94000.0,1.0000000000000002e-10,2.484697754247311e-22,0.8604082532730148,792852.9724118384,73247394.06134123,2.7613673315579537e-10,0.02022629610827397
1.5000000000000004,95.0,95000.0,1.0000000000000002e-10,2.484697754247311e-22,0.8604082532730148,792852.9724118384,73247394.06134123,2.646922196474057e-10,0.01938801531748461
1.5000000000000004,96.0,96000.0,1.0000000000000002e-10,2.484697754247311e-22,0.8604082532730148,792852.9724118384,73247394.06134123,2.538345092363532e-10,0.01859271632440232
1.5000000000000004,97.0,97000.0,1.0000000000000002e-10,2.484697754247311e-22,0.8604082532730148,792852.9724118384,73247394.06134123,2.435278642206353e-10,0.017837781435485676
1.5000000000000004,98.0,98000.0,1.0000000000000002e-10,2.484697754247311e-22,0.8604082532730148,792852.9724118384,73247394.06134123,2.3373906058204e-10,0.017120777077980393
1.5000000000000004,99.0,99000.0,1.0000000000000002e-10,2.484697754247311e-22,0.8604082532730148,792852.9724118384,73247394.06134123,2.2443718793833504e-10,0.016439439146938527
1.5000000000000004,100.0,100000.0,1.0000000000000002e-10,2.484697754247311e-22,0.8604082532730148,792852.9724118384,73247394.06134123,2.155934672291848e-10,0.015791659651186955
1.5500000000000005,1.0,1000.0,1.0000000000000002e-10,2.9305081863546033e-22,0.8605583486600719,672238.3541438167,90434356.38369985,0.018722437685509914,1693151.6020230162
1.5500000000000005,2.0,2000.0,1.0000000000000002e-10,2.9305081863546033e-22,0.8605583486600719,672238.3541438167,90434356.38369985,0.0011701523553443696,105821.97512643851
1.5500000000000005,3.0,3000.0,1.0000000000000002e-10,2.9305081863546033e-22,0.8605583486600719,672238.3541438167,90434356.38369985,0.0002311412059939496,20903.106197815017
1.5500000000000005,4.0,4000.0,1.0000000000000002e-10,2.9305081863546033e-22,0.8605583486600719,672238.3541438167,90434356.38369985,7.31345222090231e-05,6613.873445402407
1.5500000000000005,5.0,5000.0,1.0000000000000002e-10,2.9305081863546033e-22,0.8605583486600719,672238.3541438167,90434356.38369985,2.995590029681586e-05,2709.0425632368256
1.5500000000000005,6.0,6000.0,1.0000000000000002e-10,2.9305081863546033e-22,0.8605583486600719,672238.3541438167,90434356.38369985,1.444632537462185e-05,1306.4441373634386
1.5500000000000005,7.0,7000.0,1.0000000000000002e-10,2.9305081863546033e-22,0.8605583486600719,672238.3541438167,90434356.38369985,7.797766632865437e-06,705.1860066734762
1.5500000000000005,8.0,8000.0,1.0000000000000002e-10,2.9305081863546033e-22,0.8605583486600719,672238.3541438167,90434356.38369985,4.570907638063944e-06,413.36709033765044
1.5500000000000005,9.0,9000.0,1.0000000000000002e-10,2.9305081863546033e-22,0.8605583486600719,672238.3541438167,90434356.38369985,2.8535951357277723e-06,258.0630394791977
1.5500000000000005,10.0,10000.0,1.0000000000000002e-10,2.9305081863546033e-22,0.8605583486600719,672238.3541438167,90434356.38369985,1.8722437685509913e-06,169.3151602023016
1.5500000000000005,11.0,11000.0,1.0000000000000002e-10,2.9305081863546033e-22,0.8605583486600719,672238.3541438167,90434356.38369985,1.2787676856437342e-06,115.64453261546451
1.5500000000000005,12.0,12000.0,1.0000000000000002e-10,2.9305081863546033e-22,0.8605583486600719,672238.3541438167,90434356.38369985,9.028953359138656e-07,81.65275858521491
1.5500000000000005,13.0,13000.0,1.0000000000000002e-10,2.9305081863546033e-22,0.8605583486600719,672238.3541438167,90434356.38369985,6.555245854665424e-07,59.281943980358406
1.5500000000000005,14.0,14000.0,1.0000000000000002e-10,2.9305081863546033e-22,0.8605583486600719,672238.3541438167,90434356.38369985,4.873604145540898e-07,44.07412541709226
1.5500000000000005,15.0,15000.0,1.0000000000000002e-10,2.9305081863546033e-22,0.8605583486600719,672238.3541438167,90434356.38369985,3.698259295903192e-07,33.444969916504014
1.5500000000000005,16.0,16000.0,1.0000000000000002e-10,2.9305081863546033e-22,0.8605583486600719,672238.3541438167,90434356.38369985,2.856817273789965e-07,25.835443146103152
1.5500000000000005,17.0,17000.0,1.0000000000000002e-10,2.9305081863546033e-22,0.8605583486600719,672238.3541438167,90434356.38369985,2.2416443392092906e-07,20.272166305755633
1.5500000000000005,18.0,18000.0,1.0000000000000002e-10,2.9305081863546033e-22,0.8605583486600719,672238.3541438167,90434356.38369985,1.7834969598298577e-07,16.128939967449856
1.5500000000000005,19.0,19000.0,1.0000000000000002e-10,2.9305081863546033e-22,0.8605583486600719,672238.3541438167,90434356.38369985,1.4366401182856109e-07,12.992162445216165
1.5500000000000005,20.0,20000.0,1.0000000000000002e-10,2.9305081863546033e-22,0.8605583486600719,672238.3541438167,90434356.38369985,1.1701523553443696e-07,10.58219751264385
1.5500000000000005,21.0,21000.0,1.0000000000000002e-10,2.9305081863546033e-22,0.8605583486600719,672238.3541438167,90434356.38369985,9.626872386253625e-08,8.706000082388593
1.5500000000000005,22.0,22000.0,1.0000000000000002e-10,2.9305081863546033e-22,0.8605583486600719,672238.3541438167,90434356.38369985,7.992298035273339e-08,7.227783288466532
1.5500000000000005,23.0,23000.0,1.0000000000000002e-10,2.9305081863546033e-22,0.8605583486600719,672238.3541438167,90434356.38369985,6.690384070064755e-08,6.050405773360644
1.5500000000000005,24.0,24000.0,1.0000000000000002e-10,2.9305081863546033e-22,0.8605583486600719,672238.3541438167,90434356.38369985,5.64309584946166e-08,5.103297411575932
1.5500000000000005,25.0,25000.0,1.0000000000000002e-10,2.9305081863546033e-22,0.8605583486600719,672238.3541438167,90434356.38369985,4.792944047490539e-08,4.3344681011789215
1.5500000000000005,26.0,26000.0,1.0000000000000002e-10,2.9305081863546033e-22,0.8605583486600719,672238.3541438167,90434356.38369985,4.09702865916589e-08,3.7051214987724004
1.5500000000000005,27.0,27000.0,1.0000000000000002e-10,2.9305081863546033e-22,0.8605583486600719,672238.3541438167,90434356.38369985,3.5229569576886066e-08,3.1859634503604646
1.5500000000000005,28.0,28000.0,1.0000000000000002e-10,2.9305081863546033e-22,0.8605583486600719,672238.3541438167,90434356.38369985,3.0460025909630615e-08,2.7546328385682664
1.5500000000000005,29.0,29000.0,1.0000000000000002e-10,2.9305081863546033e-22,0.8605583486600719,672238.3541438167,90434356.38369985,2.6471003300682356e-08,2.393888146328003
1.5500000000000005,30.0,30000.0,1.0000000000000002e-10,2.9305081863546033e-22,0.8605583486600719,672238.3541438167,90434356.38369985,2.311412059939495e-08,2.090310619781501
1.5500000000000005,31.0,31000.0,1.0000000000000002e-10,2.9305081863546033e-22,0.8605583486600719,672238.3541438167,90434356.38369985,2.0272887877492675e-08,1.833365567239961
1.5500000000000005,32.0,32000.0,1.0000000000000002e-10,2.9305081863546033e-22,0.8605583486600719,672238.3541438167,90434356.38369985,1.785510796118728e-08,1.614715196631447
1.5500000000000005,33.0,33000.0,1.0000000000000002e-10,2.9305081863546033e-22,0.8605583486600719,672238.3541438167,90434356.38369985,1.578725537831771e-08,1.4277102792032659
1.5500000000000005,34.0,34000.0,1.0000000000000002e-10,2.9305081863546033e-22,0.8605583486600719,672238.3541438167,90434356.38369985,1.4010277120058066e-08,1.267010394109727
1.5500000000000005,35.0,35000.0,1.0000000000000002e-10,2.9305081863546033e-22,0.8605583486600719,672238.3541438167,90434356.38369985,1.2476426612584695e-08,1.1282976106775615
1.5500000000000005,36.0,36000.0,1.0000000000000002e-10,2.9305081863546033e-22,0.8605583486600719,672238.3541438167,90434356.38369985,1.114685599893661e-08,1.008058747965616
1.5500000000000005,37.0,37000.0,1.0000000000000002e-10,2.9305081863546033e-22,0.8605583486600719,672238.3541438167,90434356.38369985,9.98977018810546e-09,0.9034184373823895
1.5500000000000005,38.0,38000.0,1.0000000000000002e-10,2.9305081863546033e-22,0.8605583486600719,672238.3541438167,90434356.38369985,8.979000739285068e-09,0.8120101528260103
1.5500000000000005,39.0,39000.0,1.0000000000000002e-10,2.9305081863546033e-22,0.8605583486600719,672238.3541438167,90434356.38369985,8.09289611687089e-09,0.7318758516093626
1.5500000000000005,40.0,40000.0,1.0000000000000002e-10,2.9305081863546033e-22,0.8605583486600719,672238.3541438167,90434356.38369985,7.31345222090231e-09,0.6613873445402406
1.5500000000000005,41.0,41000.0,1.0000000000000002e-10,2.9305081863546033e-22,0.8605583486600719,672238.3541438167,90434356.38369985,6.625626755238646e-09,0.5991842912486286
1.5500000000000005,42.0,42000.0,1.0000000000000002e-10,2.9305081863546033e-22,0.8605583486600719,672238.3541438167,90434356.38369985,6.016795241408515e-09,0.5441250051492871
1.5500000000000005,43.0,43000.0,1.0000000000000002e-10,2.9305081863546033e-22,0.8605583486600719,672238.3541438167,90434356.38369985,5.476316897505854e-09,0.4952471939791219
1.5500000000000005,44.0,44000.0,1.0000000000000002e-10,2.9305081863546033e-22,0.8605583486600719,672238.3541438167,90434356.38369985,4.9951862720458366e-09,0.45173645552915825
1.5500000000000005,45.0,45000.0,1.0000000000000002e-10,2.9305081863546033e-22,0.8605583486600719,672238.3541438167,90434356.38369985,4.565752217164435e-09,0.41290086316671626
1.5500000000000005,46.0,46000.0,1.0000000000000002e-10,2.9305081863546033e-22,0.8605583486600719,672238.3541438167,90434356.38369985,4.181490043790472e-09,0.3781503608350402
1.5500000000000005,47.0,47000.0,1.0000000000000002e-10,2.9305081863546033e-22,0.8605583486600719,672238.3541438167,90434356.38369985,3.8368159077427215e-09,0.3469799771794541
1.5500000000000005,48.0,48000.0,1.0000000000000002e-10,2.9305081863546033e-22,0.8605583486600719,672238.3541438167,90434356.38369985,3.5269349059135376e-09,0.31895608822349575
1.5500000000000005,49.0,49000.0,1.0000000000000002e-10,2.9305081863546033e-22,0.8605583486600719,672238.3541438167,90434356.38369985,3.2477162152709027e-09,0.2937051256449297
1.5500000000000005,50.0,50000.0,1.0000000000000002e-10,2.9305081863546033e-22,0.8605583486600719,672238.3541438167,90434356.38369985,2.9955900296815867e-09,0.2709042563236826
1.5500000000000005,51.0,51000.0,1.0000000000000002e-10,2.9305081863546033e-22,0.8605583486600719,672238.3541438167,90434356.38369985,2.767462147171963e-09,0.25027365809574853
1.5500000000000005,52.0,52000.0,1.0000000000000002e-10,2.9305081863546033e-22,0.8605583486600719,672238.3541438167,90434356.38369985,2.5606429119786813e-09,0.23157009367327502
1.5500000000000005,53.0,53000.0,1.0000000000000002e-10,2.9305081863546033e-22,0.8605583486600719,672238.3541438167,90434356.38369985,2.372787880169779e-09,0.2145815447781975
1.5500000000000005,54.0,54000.0,1.0000000000000002e-10,2.9305081863546033e-22,0.8605583486600719,672238.3541438167,90434356.38369985,2.201848098555379e-09,0.19912271564752904
1.5500000000000005,55.0,55000.0,1.0000000000000002e-10,2.9305081863546033e-22,0.8605583486600719,672238.3541438167,90434356.38369985,2.046028297029975e-09,0.18503125218474326
1.5500000000000005,56.0,56000.0,1.0000000000000002e-10,2.9305081863546033e-22,0.8605583486600719,672238.3541438167,90434356.38369985,1.9037516193519134e-09,0.17216455241051665
1.5500000000000005,57.0,57000.0,1.0000000000000002e-10,2.9305081863546033e-22,0.8605583486600719,672238.3541438167,90434356.38369985,1.773629775661248e-09,0.16039706722489092
1.5500000000000005,58.0,58000.0,1.0000000000000002e-10,2.9305081863546033e-22,0.8605583486600719,672238.3541438167,90434356.38369985,1.6544377062926473e-09,0.1496180091455002
1.5500000000000005,59.0,59000.0,1.0000000000000002e-10,2.9305081863546033e-22,0.8605583486600719,672238.3541438167,90434356.38369985,1.5450920118258349e-09,0.13972940164306533
1.5500000000000005,60.0,60000.0,1.0000000000000002e-10,2.9305081863546033e-22,0.8605583486600719,672238.3541438167,90434356.38369985,1.4446325374621844e-09,0.1306444137363438
1.5500000000000005,61.0,61000.0,1.0000000000000002e-10,2.9305081863546033e-22,0.8605583486600719,672238.3541438167,90434356.38369985,1.352206607421673e-09,0.1222859342399653
1.5500000000000005,62.0,62000.0,1.0000000000000002e-10,2.9305081863546033e-22,0.8605583486600719,672238.3541438167,90434356.38369985,1.2670554923432922e-09,0.11458534795249756
1.5500000000000005,63.0,63000.0,1.0000000000000002e-10,2.9305081863546033e-22,0.8605583486600719,672238.3541438167,90434356.38369985,1.1885027637350152e-09,0.10748148249862459
1.5500000000000005,64.0,64000.0,1.0000000000000002e-10,2.9305081863546033e-22,0.8605583486600719,672238.3541438167,90434356.38369985,1.115944247574205e-09,0.10091969978946544
1.5500000000000005,65.0,65000.0,1.0000000000000002e-10,2.9305081863546033e-22,0.8605583486600719,672238.3541438167,90434356.38369985,1.0488393367464679e-09,0.09485111036857345
1.5500000000000005,66.0,66000.0,1.0000000000000002e-10,2.9305081863546033e-22,0.8605583486600719,672238.3541438167,90434356.38369985,9.867034611448569e-10,0.08923189245020412
1.5500000000000005,67.0,67000.0,1.0000000000000002e-10,2.9305081863546033e-22,0.8605583486600719,672238.3541438167,90434356.38369985,9.291015465348011e-10,0.0840227003759749
1.5500000000000005,68.0,68000.0,1.0000000000000002e-10,2.9305081863546033e-22,0.8605583486600719,672238.3541438167,90434356.38369985,8.756423200036291e-10,0.07918814963185794
1.5500000000000005,69.0,69000.0,1.0000000000000002e-10,2.9305081863546033e-22,0.8605583486600719,672238.3541438167,90434356.38369985,8.259733419833033e-10,0.07469636757235365
1.5500000000000005,70.0,70000.0,1.0000000000000002e-10,2.9305081863546033e-22,0.8605583486600719,672238.3541438167,90434356.38369985,7.797766632865434e-10,0.0705186006673476
1.5500000000000005,71.0,71000.0,1.0000000000000002e-10,2.9305081863546033e-22,0.8605583486600719,672238.3541438167,90434356.38369985,7.367650209960497e-10,0.06662887047980086
1.5500000000000005,72.0,72000.0,1.0000000000000002e-10,2.9305081863546033e-22,0.8605583486600719,672238.3541438167,90434356.38369985,6.966784999335382e-10,0.063003671747851
1.5500000000000005,73.0,73000.0,1.0000000000000002e-10,2.9305081863546033e-22,0.8605583486600719,672238.3541438167,90434356.38369985,6.592815972478686e-10,0.05962170692272862
1.5500000000000005,74.0,74000.0,1.0000000000000002e-10,2.9305081863546033e-22,0.8605583486600719,672238.3541438167,90434356.38369985,6.243606367565913e-10,0.05646365233639934
1.5500000000000005,75.0,75000.0,1.0000000000000002e-10,2.9305081863546033e-22,0.8605583486600719,672238.3541438167,90434356.38369985,5.917214873445109e-10,0.053511951866406435
1.5500000000000005,76.0,76000.0,1.0000000000000002e-10,2.9305081863546033e-22,0.8605583486600719,672238.3541438167,90434356.38369985,5.611875462053167e-10,0.050750634551625644
1.5500000000000005,77.0,77000.0,1.0000000000000002e-10,2.9305081863546033e-22,0.8605583486600719,672238.3541438167,90434356.38369985,5.325979532043872e-10,0.04816515310931465
1.5500000000000005,78.0,78000.0,1.0000000000000002e-10,2.9305081863546033e-22,0.8605583486600719,672238.3541438167,90434356.38369985,5.058060073044306e-10,0.045742240725585165
1.5500000000000005,79.0,79000.0,1.0000000000000002e-10,2.9305081863546033e-22,0.8605583486600719,672238.3541438167,90434356.38369985,4.806777599643482e-10,0.0434697838503344
1.5500000000000005,80.0,80000.0,1.0000000000000002e-10,2.9305081863546033e-22,0.8605583486600719,672238.3541438167,90434356.38369985,4.5709076380639437e-10,0.04133670903376504
1.5500000000000005,81.0,81000.0,1.0000000000000002e-10,2.9305081863546033e-22,0.8605583486600719,672238.3541438167,90434356.38369985,4.3493295773933417e-10,0.03933288210321561
1.5500000000000005,82.0,82000.0,1.0000000000000002e-10,2.9305081863546033e-22,0.8605583486600719,672238.3541438167,90434356.38369985,4.1410167220241537e-10,0.03744901820303929
1.5500000000000005,83.0,83000.0,1.0000000000000002e-10,2.9305081863546033e-22,0.8605583486600719,672238.3541438167,90434356.38369985,3.945027403204996e-10,0.03567660141249026
1.5500000000000005,84.0,84000.0,1.0000000000000002e-10,2.9305081863546033e-22,0.8605583486600719,672238.3541438167,90434356.38369985,3.760497025880322e-10,0.03400781282183044
1.5500000000000005,85.0,85000.0,1.0000000000000002e-10,2.9305081863546033e-22,0.8605583486600719,672238.3541438167,90434356.38369985,3.5866309427348646e-10,0.03243546608920901
1.5500000000000005,86.0,86000.0,1.0000000000000002e-10,2.9305081863546033e-22,0.8605583486600719,672238.3541438167,90434356.38369985,3.422698060941159e-10,0.03095294962369512
1.5500000000000005,87.0,87000.0,1.0000000000000002e-10,2.9305081863546033e-22,0.8605583486600719,672238.3541438167,90434356.38369985,3.2680250988496726e-10,0.029554174646024722
1.5500000000000005,88.0,88000.0,1.0000000000000002e-10,2.9305081863546033e-22,0.8605583486600719,672238.3541438167,90434356.38369985,3.121991420028648e-10,0.02823352847057239
1.5500000000000005,89.0,89000.0,1.0000000000000002e-10,2.9305081863546033e-22,0.8605583486600719,672238.3541438167,90434356.38369985,2.9840243808808026e-10,0.02698583243182238
1.5500000000000005,90.0,90000.0,1.0000000000000002e-10,2.9305081863546033e-22,0.8605583486600719,672238.3541438167,90434356.38369985,2.853595135727772e-10,0.025806303947919766
1.5500000000000005,91.0,91000.0,1.0000000000000002e-10,2.9305081863546033e-22,0.8605583486600719,672238.3541438167,90434356.38369985,2.7302148499231244e-10,0.024690522274201744
1.5500000000000005,92.0,92000.0,1.0000000000000002e-10,2.9305081863546033e-22,0.8605583486600719,672238.3541438167,90434356.38369985,2.613431277369045e-10,0.023634397552190014
1.5500000000000005,93.0,93000.0,1.0000000000000002e-10,2.9305081863546033e-22,0.8605583486600719,672238.3541438167,90434356.38369985,2.502825663887985e-10,0.02263414280543162
1.5500000000000005,94.0,94000.0,1.0000000000000002e-10,2.9305081863546033e-22,0.8605583486600719,672238.3541438167,90434356.38369985,2.398009942339201e-10,0.021686248573715882
1.5500000000000005,95.0,95000.0,1.0000000000000002e-10,2.9305081863546033e-22,0.8605583486600719,672238.3541438167,90434356.38369985,2.2986241892569775e-10,0.020787459912345863
1.5500000000000005,96.0,96000.0,1.0000000000000002e-10,2.9305081863546033e-22,0.8605583486600719,672238.3541438167,90434356.38369985,2.204334316195961e-10,0.019934755513968484
1.5500000000000005,97.0,97000.0,1.0000000000000002e-10,2.9305081863546033e-22,0.8605583486600719,672238.3541438167,90434356.38369985,2.1148299719625994e-10,0.019125328737539568
1.5500000000000005,98.0,98000.0,1.0000000000000002e-10,2.9305081863546033e-22,0.8605583486600719,672238.3541438167,90434356.38369985,2.0298226345443142e-10,0.018356570352808105
1.5500000000000005,99.0,99000.0,1.0000000000000002e-10,2.9305081863546033e-22,0.8605583486600719,672238.3541438167,90434356.38369985,1.9490438738663836e-10,0.017626052829669947
1.5500000000000005,100.0,100000.0,1.0000000000000002e-10,2.9305081863546033e-22,0.8605583486600719,672238.3541438167,90434356.38369985,1.8722437685509917e-10,0.016931516020230162
1.6000000000000005,1.0,1000.0,1.0000000000000002e-10,3.438938214783889e-22,0.8607316400180637,572851.2340032835,111031555.39593704,0.01593157447579592,1768907.4939538313
1.6000000000000005,2.0,2000.0,1.0000000000000002e-10,3.438938214783889e-22,0.8607316400180637,572851.2340032835,111031555.39593704,0.000995723404737245,110556.71837211445
1.6000000000000005,3.0,3000.0,1.0000000000000002e-10,3.438938214783889e-22,0.8607316400180637,572851.2340032835,111031555.39593704,0.00019668610463945585,21838.36412288681
1.6000000000000005,4.0,4000.0,1.0000000000000002e-10,3.438938214783889e-22,0.8607316400180637,572851.2340032835,111031555.39593704,6.223271279607781e-05,6909.794898257153
1.6000000000000005,5.0,5000.0,1.0000000000000002e-10,3.438938214783889e-22,0.8607316400180637,572851.2340032835,111031555.39593704,2.5490519161273475e-05,2830.2519903261305
1.6000000000000005,6.0,6000.0,1.0000000000000002e-10,3.438938214783889e-22,0.8607316400180637,572851.2340032835,111031555.39593704,1.229288153996599e-05,1364.8977576804257
1.6000000000000005,7.0,7000.0,1.0000000000000002e-10,3.438938214783889e-22,0.8607316400180637,572851.2340032835,111031555.39593704,6.6353912852127955e-06,736.7378150578223
1.6000000000000005,8.0,8000.0,1.0000000000000002e-10,3.438938214783889e-22,0.8607316400180637,572851.2340032835,111031555.39593704,3.889544549754863e-06,431.8621811410721
1.6000000000000005,9.0,9000.0,1.0000000000000002e-10,3.438938214783889e-22,0.8607316400180637,572851.2340032835,111031555.39593704,2.4282235140673563e-06,269.6094336158866
1.6000000000000005,10.0,10000.0,1.0000000000000002e-10,3.438938214783889e-22,0.8607316400180637,572851.2340032835,111031555.39593704,1.5931574475795922e-06,176.89074939538315
1.6000000000000005,11.0,11000.0,1.0000000000000002e-10,3.438938214783889e-22,0.8607316400180637,572851.2340032835,111031555.39593704,1.0881479732119336e-06,120.81876196665742
1.6000000000000005,12.0,12000.0,1.0000000000000002e-10,3.438938214783889e-22,0.8607316400180637,572851.2340032835,111031555.39593704,7.683050962478744e-07,85.3061098550266
1.6000000000000005,13.0,13000.0,1.0000000000000002e-10,3.438938214783889e-22,0.8607316400180637,572851.2340032835,111031555.39593704,5.578087068308507e-07,61.934368332825606
1.6000000000000005,14.0,14000.0,1.0000000000000002e-10,3.438938214783889e-22,0.8607316400180637,572851.2340032835,111031555.39593704,4.147119553257997e-07,46.046113441113896
1.6000000000000005,15.0,15000.0,1.0000000000000002e-10,3.438938214783889e-22,0.8607316400180637,572851.2340032835,111031555.39593704,3.1469776742312925e-07,34.94138259661889
1.6000000000000005,16.0,16000.0,1.0000000000000002e-10,3.438938214783889e-22,0.8607316400180637,572851.2340032835,111031555.39593704,2.4309653435967896e-07,26.991386321317005
1.6000000000000005,17.0,17000.0,1.0000000000000002e-10,3.438938214783889e-22,0.8607316400180637,572851.2340032835,111031555.39593704,1.9074932622688815e-07,21.179194381698398
1.6000000000000005,18.0,18000.0,1.0000000000000002e-10,3.438938214783889e-22,0.8607316400180637,572851.2340032835,111031555.39593704,1.5176396962920977e-07,16.85058960099291
1.6000000000000005,19.0,19000.0,1.0000000000000002e-10,3.438938214783889e-22,0.8607316400180637,572851.2340032835,111031555.39593704,1.2224871260806715e-07,13.573464706024595
1.6000000000000005,20.0,20000.0,1.0000000000000002e-10,3.438938214783889e-22,0.8607316400180637,572851.2340032835,111031555.39593704,9.957234047372451e-08,11.055671837211447
1.6000000000000005,21.0,21000.0,1.0000000000000002e-10,3.438938214783889e-22,0.8607316400180637,572851.2340032835,111031555.39593704,8.191841092855302e-08,9.095528580960769
1.6000000000000005,22.0,22000.0,1.0000000000000002e-10,3.438938214783889e-22,0.8607316400180637,572851.2340032835,111031555.39593704,6.800924832574585e-08,7.551172622916089
1.6000000000000005,23.0,23000.0,1.0000000000000002e-10,3.438938214783889e-22,0.8607316400180637,572851.2340032835,111031555.39593704,5.693080883714652e-08,6.321116255137135
1.6000000000000005,24.0,24000.0,1.0000000000000002e-10,3.438938214783889e-22,0.8607316400180637,572851.2340032835,111031555.39593704,4.801906851549215e-08,5.331631865939163
1.6000000000000005,25.0,25000.0,1.0000000000000002e-10,3.438938214783889e-22,0.8607316400180637,572851.2340032835,111031555.39593704,4.0784830658037566e-08,4.528403184521809
1.6000000000000005,26.0,26000.0,1.0000000000000002e-10,3.438938214783889e-22,0.8607316400180637,572851.2340032835,111031555.39593704,3.486304417692817e-08,3.8708980208016004
1.6000000000000005,27.0,27000.0,1.0000000000000002e-10,3.438938214783889e-22,0.8607316400180637,572851.2340032835,111031555.39593704,2.997806807490562e-08,3.328511526122055
1.6000000000000005,28.0,28000.0,1.0000000000000002e-10,3.438938214783889e-22,0.8607316400180637,572851.2340032835,111031555.39593704,2.5919497207862482e-08,2.8778820900696185
1.6000000000000005,29.0,29000.0,1.0000000000000002e-10,3.438938214783889e-22,0.8607316400180637,572851.2340032835,111031555.39593704,2.252509890099681e-08,2.5009967664249877
1.6000000000000005,30.0,30000.0,1.0000000000000002e-10,3.438938214783889e-22,0.8607316400180637,572851.2340032835,111031555.39593704,1.9668610463945578e-08,2.1838364122886804
1.6000000000000005,31.0,31000.0,1.0000000000000002e-10,3.438938214783889e-22,0.8607316400180637,572851.2340032835,111031555.39593704,1.725090655848207e-08,1.9153949871782356
1.6000000000000005,32.0,32000.0,1.0000000000000002e-10,3.438938214783889e-22,0.8607316400180637,572851.2340032835,111031555.39593704,1.5193533397479935e-08,1.6869616450823128
1.6000000000000005,33.0,33000.0,1.0000000000000002e-10,3.438938214783889e-22,0.8607316400180637,572851.2340032835,111031555.39593704,1.3433925595209062e-08,1.4915896539093514
1.6000000000000005,34.0,34000.0,1.0000000000000002e-10,3.438938214783889e-22,0.8607316400180637,572851.2340032835,111031555.39593704,1.192183288918051e-08,1.3236996488561499
1.6000000000000005,35.0,35000.0,1.0000000000000002e-10,3.438938214783889e-22,0.8607316400180637,572851.2340032835,111031555.39593704,1.0616626056340471e-08,1.1787805040925157
1.6000000000000005,36.0,36000.0,1.0000000000000002e-10,3.438938214783889e-22,0.8607316400180637,572851.2340032835,111031555.39593704,9.48524810182561e-09,1.053161850062057
1.6000000000000005,37.0,37000.0,1.0000000000000002e-10,3.438938214783889e-22,0.8607316400180637,572851.2340032835,111031555.39593704,8.500643475024785e-09,0.9438396668983252
1.6000000000000005,38.0,38000.0,1.0000000000000002e-10,3.438938214783889e-22,0.8607316400180637,572851.2340032835,111031555.39593704,7.640544538004197e-09,0.8483415441265372
1.6000000000000005,39.0,39000.0,1.0000000000000002e-10,3.438938214783889e-22,0.8607316400180637,572851.2340032835,111031555.39593704,6.886527244825313e-09,0.7646218312694515
1.6000000000000005,40.0,40000.0,1.0000000000000002e-10,3.438938214783889e-22,0.8607316400180637,572851.2340032835,111031555.39593704,6.223271279607782e-09,0.6909794898257154
1.6000000000000005,41.0,41000.0,1.0000000000000002e-10,3.438938214783889e-22,0.8607316400180637,572851.2340032835,111031555.39593704,5.6379766285244646e-09,0.6259933143510125
1.6000000000000005,42.0,42000.0,1.0000000000000002e-10,3.438938214783889e-22,0.8607316400180637,572851.2340032835,111031555.39593704,5.119900683034564e-09,0.5684705363100481
1.6000000000000005,43.0,43000.0,1.0000000000000002e-10,3.438938214783889e-22,0.8607316400180637,572851.2340032835,111031555.39593704,4.659988831112405e-09,0.5174058080461049
1.6000000000000005,44.0,44000.0,1.0000000000000002e-10,3.438938214783889e-22,0.8607316400180637,572851.2340032835,111031555.39593704,4.250578020359116e-09,0.47194828893225554
1.6000000000000005,45.0,45000.0,1.0000000000000002e-10,3.438938214783889e-22,0.8607316400180637,572851.2340032835,111031555.39593704,3.885157622507769e-09,0.43137509378541844
1.6000000000000005,46.0,46000.0,1.0000000000000002e-10,3.438938214783889e-22,0.8607316400180637,572851.2340032835,111031555.39593704,3.5581755523216574e-09,0.39506976594607096
1.6000000000000005,47.0,47000.0,1.0000000000000002e-10,3.438938214783889e-22,0.8607316400180637,572851.2340032835,111031555.39593704,3.264880322257935e-09,0.3625047403618867
1.6000000000000005,48.0,48000.0,1.0000000000000002e-10,3.438938214783889e-22,0.8607316400180637,572851.2340032835,111031555.39593704,3.0011917822182595e-09,0.3332269916211977
1.6000000000000005,49.0,49000.0,1.0000000000000002e-10,3.438938214783889e-22,0.8607316400180637,572851.2340032835,111031555.39593704,2.7635948709757583e-09,0.30684623700867236
1.6000000000000005,50.0,50000.0,1.0000000000000002e-10,3.438938214783889e-22,0.8607316400180637,572851.2340032835,111031555.39593704,2.549051916127348e-09,0.2830251990326131
1.6000000000000005,51.0,51000.0,1.0000000000000002e-10,3.438938214783889e-22,0.8607316400180637,572851.2340032835,111031555.39593704,2.3549299534183713e-09,0.2614715355765233
1.6000000000000005,52.0,52000.0,1.0000000000000002e-10,3.438938214783889e-22,0.8607316400180637,572851.2340032835,111031555.39593704,2.1789402610580106e-09,0.24193112630010002
1.6000000000000005,53.0,53000.0,1.0000000000000002e-10,3.438938214783889e-22,0.8607316400180637,572851.2340032835,111031555.39593704,2.019087870029207e-09,0.22418246669041242
1.6000000000000005,54.0,54000.0,1.0000000000000002e-10,3.438938214783889e-22,0.8607316400180637,572851.2340032835,111031555.39593704,1.873629254681601e-09,0.20803197038262844
1.6000000000000005,55.0,55000.0,1.0000000000000002e-10,3.438938214783889e-22,0.8607316400180637,572851.2340032835,111031555.39593704,1.7410367571390942e-09,0.1933100191466519
1.6000000000000005,56.0,56000.0,1.0000000000000002e-10,3.438938214783889e-22,0.8607316400180637,572851.2340032835,111031555.39593704,1.6199685754914052e-09,0.17986763062935116
1.6000000000000005,57.0,57000.0,1.0000000000000002e-10,3.438938214783889e-22,0.8607316400180637,572851.2340032835,111031555.39593704,1.5092433655316931e-09,0.16757363834598263
1.6000000000000005,58.0,58000.0,1.0000000000000002e-10,3.438938214783889e-22,0.8607316400180637,572851.2340032835,111031555.39593704,1.4078186813123007e-09,0.15631229790156173
1.6000000000000005,59.0,59000.0,1.0000000000000002e-10,3.438938214783889e-22,0.8607316400180637,572851.2340032835,111031555.39593704,1.3147726205232245e-09,0.1459812490486857
1.6000000000000005,60.0,60000.0,1.0000000000000002e-10,3.438938214783889e-22,0.8607316400180637,572851.2340032835,111031555.39593704,1.2292881539965986e-09,0.13648977576804253
1.6000000000000005,61.0,61000.0,1.0000000000000002e-10,3.438938214783889e-22,0.8607316400180637,572851.2340032835,111031555.39593704,1.150639710205824e-09,0.1277573167244829
1.6000000000000005,62.0,62000.0,1.0000000000000002e-10,3.438938214783889e-22,0.8607316400180637,572851.2340032835,111031555.39593704,1.0781816599051295e-09,0.11971218669863973
1.6000000000000005,63.0,63000.0,1.0000000000000002e-10,3.438938214783889e-22,0.8607316400180637,572851.2340032835,111031555.39593704,1.0113384065253458e-09,0.11229047630815762
1.6000000000000005,64.0,64000.0,1.0000000000000002e-10,3.438938214783889e-22,0.8607316400180637,572851.2340032835,111031555.39593704,9.49595837342496e-10,0.10543510281764455
1.6000000000000005,65.0,65000.0,1.0000000000000002e-10,3.438938214783889e-22,0.8607316400180637,572851.2340032835,111031555.39593704,8.92493930929361e-10,0.09909498933252095
1.6000000000000005,66.0,66000.0,1.0000000000000002e-10,3.438938214783889e-22,0.8607316400180637,572851.2340032835,111031555.39593704,8.396203497005664e-10,0.09322435336933446
1.6000000000000005,67.0,67000.0,1.0000000000000002e-10,3.438938214783889e-22,0.8607316400180637,572851.2340032835,111031555.39593704,7.906048738328709e-10,0.08778208884527222
1.6000000000000005,68.0,68000.0,1.0000000000000002e-10,3.438938214783889e-22,0.8607316400180637,572851.2340032835,111031555.39593704,7.451145555737818e-10,0.08273122805350937
1.6000000000000005,69.0,69000.0,1.0000000000000002e-10,3.438938214783889e-22,0.8607316400180637,572851.2340032835,111031555.39593704,7.028494918166239e-10,0.07803847228564367
1.6000000000000005,70.0,70000.0,1.0000000000000002e-10,3.438938214783889e-22,0.8607316400180637,572851.2340032835,111031555.39593704,6.635391285212794e-10,0.07367378150578223
1.6000000000000005,71.0,71000.0,1.0000000000000002e-10,3.438938214783889e-22,0.8607316400180637,572851.2340032835,111031555.39593704,6.269390236637995e-10,0.06961001493580184
1.6000000000000005,72.0,72000.0,1.0000000000000002e-10,3.438938214783889e-22,0.8607316400180637,572851.2340032835,111031555.39593704,5.928280063641007e-10,0.06582261562887856
1.6000000000000005,73.0,73000.0,1.0000000000000002e-10,3.438938214783889e-22,0.8607316400180637,572851.2340032835,111031555.39593704,5.610056790417377e-10,0.06228933312995798
1.6000000000000005,74.0,74000.0,1.0000000000000002e-10,3.438938214783889e-22,0.8607316400180637,572851.2340032835,111031555.39593704,5.312902171890491e-10,0.058989979181145326
1.6000000000000005,75.0,75000.0,1.0000000000000002e-10,3.438938214783889e-22,0.8607316400180637,572851.2340032835,111031555.39593704,5.035164278770069e-10,0.055906212154590226
1.6000000000000005,76.0,76000.0,1.0000000000000002e-10,3.438938214783889e-22,0.8607316400180637,572851.2340032835,111031555.39593704,4.775340336252623e-10,0.05302134650790857
1.6000000000000005,77.0,77000.0,1.0000000000000002e-10,3.438938214783889e-22,0.8607316400180637,572851.2340032835,111031555.39593704,4.532061529412467e-10,0.050320184076075546
1.6000000000000005,78.0,78000.0,1.0000000000000002e-10,3.438938214783889e-22,0.8607316400180637,572851.2340032835,111031555.39593704,4.304079528015821e-10,0.04778886445434072
1.6000000000000005,79.0,79000.0,1.0000000000000002e-10,3.438938214783889e-22,0.8607316400180637,572851.2340032835,111031555.39593704,4.090254517261704e-10,0.04541473210168246
1.6000000000000005,80.0,80000.0,1.0000000000000002e-10,3.438938214783889e-22,0.8607316400180637,572851.2340032835,111031555.39593704,3.889544549754864e-10,0.043186218114107215
1.6000000000000005,81.0,81000.0,1.0000000000000002e-10,3.438938214783889e-22,0.8607316400180637,572851.2340032835,111031555.39593704,3.7009960586303237e-10,0.04109273489039574
1.6000000000000005,82.0,82000.0,1.0000000000000002e-10,3.438938214783889e-22,0.8607316400180637,572851.2340032835,111031555.39593704,3.5237353928277903e-10,0.03912458214693828
1.6000000000000005,83.0,83000.0,1.0000000000000002e-10,3.438938214783889e-22,0.8607316400180637,572851.2340032835,111031555.39593704,3.3569612536010113e-10,0.03727286293912149
1.6000000000000005,84.0,84000.0,1.0000000000000002e-10,3.438938214783889e-22,0.8607316400180637,572851.2340032835,111031555.39593704,3.1999379268966025e-10,0.035529408519378004
1.6000000000000005,85.0,85000.0,1.0000000000000002e-10,3.438938214783889e-22,0.8607316400180637,572851.2340032835,111031555.39593704,3.0519892196302097e-10,0.03388671101071743
1.6000000000000005,86.0,86000.0,1.0000000000000002e-10,3.438938214783889e-22,0.8607316400180637,572851.2340032835,111031555.39593704,2.912493019445253e-10,0.03233786300288156
1.6000000000000005,87.0,87000.0,1.0000000000000002e-10,3.438938214783889e-22,0.8607316400180637,572851.2340032835,111031555.39593704,2.78087640753047e-10,0.030876503289197374
1.6000000000000005,88.0,88000.0,1.0000000000000002e-10,3.438938214783889e-22,0.8607316400180637,572851.2340032835,111031555.39593704,2.6566112627244474e-10,0.02949676805826597
1.6000000000000005,89.0,89000.0,1.0000000000000002e-10,3.438938214783889e-22,0.8607316400180637,572851.2340032835,111031555.39593704,2.539210302640596e-10,0.02819324693795734
1.6000000000000005,90.0,90000.0,1.0000000000000002e-10,3.438938214783889e-22,0.8607316400180637,572851.2340032835,111031555.39593704,2.428223514067356e-10,0.026960943361588652
1.6000000000000005,91.0,91000.0,1.0000000000000002e-10,3.438938214783889e-22,0.8607316400180637,572851.2340032835,111031555.39593704,2.323234930574138e-10,0.025795238789181836
1.6000000000000005,92.0,92000.0,1.0000000000000002e-10,3.438938214783889e-22,0.8607316400180637,572851.2340032835,111031555.39593704,2.2238597202010359e-10,0.024691860371629435
1.6000000000000005,93.0,93000.0,1.0000000000000002e-10,3.438938214783889e-22,0.8607316400180637,572851.2340032835,111031555.39593704,2.1297415504298857e-10,0.023646851693558468
1.6000000000000005,94.0,94000.0,1.0000000000000002e-10,3.438938214783889e-22,0.8607316400180637,572851.2340032835,111031555.39593704,2.0405502014112093e-10,0.022656546272617917
1.6000000000000005,95.0,95000.0,1.0000000000000002e-10,3.438938214783889e-22,0.8607316400180637,572851.2340032835,111031555.39593704,1.9559794017290745e-10,0.021717543529639352
1.6000000000000005,96.0,96000.0,1.0000000000000002e-10,3.438938214783889e-22,0.8607316400180637,572851.2340032835,111031555.39593704,1.8757448638864122e-10,0.020826686976324855
1.6000000000000005,97.0,97000.0,1.0000000000000002e-10,3.438938214783889e-22,0.8607316400180637,572851.2340032835,111031555.39593704,1.7995824992406658e-10,0.019981044395399883
1.6000000000000005,98.0,98000.0,1.0000000000000002e-10,3.438938214783889e-22,0.8607316400180637,572851.2340032835,111031555.39593704,1.727246794359849e-10,0.019177889813042023
1.6000000000000005,99.0,99000.0,1.0000000000000002e-10,3.438938214783889e-22,0.8607316400180637,572851.2340032835,111031555.39593704,1.658509332741859e-10,0.01841468708530063
1.6000000000000005,100.0,100000.0,1.0000000000000002e-10,3.438938214783889e-22,0.8607316400180637,572851.2340032835,111031555.39593704,1.5931574475795924e-10,0.017689074939538318
1.6500000000000006,1.0,1000.0,1.0000000000000002e-10,4.016831321146107e-22,0.8609365474389254,490436.32716892567,135628721.92406595,0.013546821703281281,1837338.1137492382
1.6500000000000006,2.0,2000.0,1.0000000000000002e-10,4.016831321146107e-22,0.8609365474389254,490436.32716892567,135628721.92406595,0.0008466763564550801,114833.63210932739
1.6500000000000006,3.0,3000.0,1.0000000000000002e-10,4.016831321146107e-22,0.8609365474389254,490436.32716892567,135628721.92406595,0.00016724471238618868,22683.186589496774
1.6500000000000006,4.0,4000.0,1.0000000000000002e-10,4.016831321146107e-22,0.8609365474389254,490436.32716892567,135628721.92406595,5.2917272278442504e-05,7177.102006832962
1.6500000000000006,5.0,5000.0,1.0000000000000002e-10,4.016831321146107e-22,0.8609365474389254,490436.32716892567,135628721.92406595,2.167491472525005e-05,2939.740981998781
1.6500000000000006,6.0,6000.0,1.0000000000000002e-10,4.016831321146107e-22,0.8609365474389254,490436.32716892567,135628721.92406595,1.0452794524136793e-05,1417.6991618435484
1.6500000000000006,7.0,7000.0,1.0000000000000002e-10,4.016831321146107e-22,0.8609365474389254,490436.32716892567,135628721.92406595,5.642158143807281e-06,765.2386979380418
1.6500000000000006,8.0,8000.0,1.0000000000000002e-10,4.016831321146107e-22,0.8609365474389254,490436.32716892567,135628721.92406595,3.3073295174026565e-06,448.5688754270601
1.6500000000000006,9.0,9000.0,1.0000000000000002e-10,4.016831321146107e-22,0.8609365474389254,490436.32716892567,135628721.92406595,2.064749535631959e-06,280.0393406110713
1.6500000000000006,10.0,10000.0,1.0000000000000002e-10,4.016831321146107e-22,0.8609365474389254,490436.32716892567,135628721.92406595,1.3546821703281281e-06,183.73381137492382
1.6500000000000006,11.0,11000.0,1.0000000000000002e-10,4.016831321146107e-22,0.8609365474389254,490436.32716892567,135628721.92406595,9.252661500772679e-07,125.49266537458084
1.6500000000000006,12.0,12000.0,1.0000000000000002e-10,4.016831321146107e-22,0.8609365474389254,490436.32716892567,135628721.92406595,6.532996577585495e-07,88.60619761522177
1.6500000000000006,13.0,13000.0,1.0000000000000002e-10,4.016831321146107e-22,0.8609365474389254,490436.32716892567,135628721.92406595,4.743118834523051e-07,64.33031454603267
1.6500000000000006,14.0,14000.0,1.0000000000000002e-10,4.016831321146107e-22,0.8609365474389254,490436.32716892567,135628721.92406595,3.5263488398795507e-07,47.82741862112761
1.6500000000000006,15.0,15000.0,1.0000000000000002e-10,4.016831321146107e-22,0.8609365474389254,490436.32716892567,135628721.92406595,2.675915398179018e-07,36.29309854319482
1.6500000000000006,16.0,16000.0,1.0000000000000002e-10,4.016831321146107e-22,0.8609365474389254,490436.32716892567,135628721.92406595,2.0670809483766603e-07,28.035554714191257
1.6500000000000006,17.0,17000.0,1.0000000000000002e-10,4.016831321146107e-22,0.8609365474389254,490436.32716892567,135628721.92406595,1.621965937103397e-07,21.998516705370367
1.6500000000000006,18.0,18000.0,1.0000000000000002e-10,4.016831321146107e-22,0.8609365474389254,490436.32716892567,135628721.92406595,1.2904684597699745e-07,17.502458788191955
1.6500000000000006,19.0,19000.0,1.0000000000000002e-10,4.016831321146107e-22,0.8609365474389254,490436.32716892567,135628721.92406595,1.0394964513226017e-07,14.09855751374865
1.6500000000000006,20.0,20000.0,1.0000000000000002e-10,4.016831321146107e-22,0.8609365474389254,490436.32716892567,135628721.92406595,8.466763564550801e-08,11.483363210932739
1.6500000000000006,21.0,21000.0,1.0000000000000002e-10,4.016831321146107e-22,0.8609365474389254,490436.32716892567,135628721.92406595,6.96562733803368e-08,9.447391332568417
1.6500000000000006,22.0,22000.0,1.0000000000000002e-10,4.016831321146107e-22,0.8609365474389254,490436.32716892567,135628721.92406595,5.7829134379829245e-08,7.843291585911302
1.6500000000000006,23.0,23000.0,1.0000000000000002e-10,4.016831321146107e-22,0.8609365474389254,490436.32716892567,135628721.92406595,4.840899547700758e-08,6.565650186174427
1.6500000000000006,24.0,24000.0,1.0000000000000002e-10,4.016831321146107e-22,0.8609365474389254,490436.32716892567,135628721.92406595,4.0831228609909346e-08,5.537887350951361
1.6500000000000006,25.0,25000.0,1.0000000000000002e-10,4.016831321146107e-22,0.8609365474389254,490436.32716892567,135628721.92406595,3.4679863560400084e-08,4.703585571198051
1.6500000000000006,26.0,26000.0,1.0000000000000002e-10,4.016831321146107e-22,0.8609365474389254,490436.32716892567,135628721.92406595,2.9644492715769067e-08,4.020644659127042
1.6500000000000006,27.0,27000.0,1.0000000000000002e-10,4.016831321146107e-22,0.8609365474389254,490436.32716892567,135628721.92406595,2.5490735007801952e-08,3.457275810013224
1.6500000000000006,28.0,28000.0,1.0000000000000002e-10,4.016831321146107e-22,0.8609365474389254,490436.32716892567,135628721.92406595,2.2039680249247192e-08,2.989213663820476
1.6500000000000006,29.0,29000.0,1.0000000000000002e-10,4.016831321146107e-22,0.8609365474389254,490436.32716892567,135628721.92406595,1.9153379920118432e-08,2.597748439091731
1.6500000000000006,30.0,30000.0,1.0000000000000002e-10,4.016831321146107e-22,0.8609365474389254,490436.32716892567,135628721.92406595,1.6724471238618862e-08,2.2683186589496764
1.6500000000000006,31.0,31000.0,1.0000000000000002e-10,4.016831321146107e-22,0.8609365474389254,490436.32716892567,135628721.92406595,1.4668666660835304e-08,1.9894925115392486
1.6500000000000006,32.0,32000.0,1.0000000000000002e-10,4.016831321146107e-22,0.8609365474389254,490436.32716892567,135628721.92406595,1.2919255927354127e-08,1.7522221696369535
1.6500000000000006,33.0,33000.0,1.0000000000000002e-10,4.016831321146107e-22,0.8609365474389254,490436.32716892567,135628721.92406595,1.1423038889842818e-08,1.5492921651182825
1.6500000000000006,34.0,34000.0,1.0000000000000002e-10,4.016831321146107e-22,0.8609365474389254,490436.32716892567,135628721.92406595,1.0137287106896232e-08,1.374907294085648
1.6500000000000006,35.0,35000.0,1.0000000000000002e-10,4.016831321146107e-22,0.8609365474389254,490436.32716892567,135628721.92406595,9.027453030091647e-09,1.2243819167008665
1.6500000000000006,36.0,36000.0,1.0000000000000002e-10,4.016831321146107e-22,0.8609365474389254,490436.32716892567,135628721.92406595,8.06542787356234e-09,1.0939036742619972
1.6500000000000006,37.0,37000.0,1.0000000000000002e-10,4.016831321146107e-22,0.8609365474389254,490436.32716892567,135628721.92406595,7.228205956308601e-09,0.9803523356580565
1.6500000000000006,38.0,38000.0,1.0000000000000002e-10,4.016831321146107e-22,0.8609365474389254,490436.32716892567,135628721.92406595,6.4968528207662605e-09,0.8811598446092906
1.6500000000000006,39.0,39000.0,1.0000000000000002e-10,4.016831321146107e-22,0.8609365474389254,490436.32716892567,135628721.92406595,5.8557022648432696e-09,0.7942014141485509
1.6500000000000006,40.0,40000.0,1.0000000000000002e-10,4.016831321146107e-22,0.8609365474389254,490436.32716892567,135628721.92406595,5.2917272278442504e-09,0.7177102006832962
1.6500000000000006,41.0,41000.0,1.0000000000000002e-10,4.016831321146107e-22,0.8609365474389254,490436.32716892567,135628721.92406595,4.794043694169917e-09,0.6502100190883936
1.6500000000000006,42.0,42000.0,1.0000000000000002e-10,4.016831321146107e-22,0.8609365474389254,490436.32716892567,135628721.92406595,4.35351708627105e-09,0.5904619582855261
1.6500000000000006,43.0,43000.0,1.0000000000000002e-10,4.016831321146107e-22,0.8609365474389254,490436.32716892567,135628721.92406595,3.962448151641842e-09,0.5374217784975605
1.6500000000000006,44.0,44000.0,1.0000000000000002e-10,4.016831321146107e-22,0.8609365474389254,490436.32716892567,135628721.92406595,3.614320898739328e-09,0.4902057241194564
1.6500000000000006,45.0,45000.0,1.0000000000000002e-10,4.016831321146107e-22,0.8609365474389254,490436.32716892567,135628721.92406595,3.3035992570111335e-09,0.4480629449777139
1.6500000000000006,46.0,46000.0,1.0000000000000002e-10,4.016831321146107e-22,0.8609365474389254,490436.32716892567,135628721.92406595,3.0255622173129737e-09,0.41035313663590167
1.6500000000000006,47.0,47000.0,1.0000000000000002e-10,4.016831321146107e-22,0.8609365474389254,490436.32716892567,135628721.92406595,2.7761695289674223e-09,0.3765283250583877
1.6500000000000006,48.0,48000.0,1.0000000000000002e-10,4.016831321146107e-22,0.8609365474389254,490436.32716892567,135628721.92406595,2.551951788119334e-09,0.34611795943446005
1.6500000000000006,49.0,49000.0,1.0000000000000002e-10,4.016831321146107e-22,0.8609365474389254,490436.32716892567,135628721.92406595,2.3499200932141946e-09,0.3187166588663231
1.6500000000000006,50.0,50000.0,1.0000000000000002e-10,4.016831321146107e-22,0.8609365474389254,490436.32716892567,135628721.92406595,2.1674914725250053e-09,0.2939740981998782
1.6500000000000006,51.0,51000.0,1.0000000000000002e-10,4.016831321146107e-22,0.8609365474389254,490436.32716892567,135628721.92406595,2.0024270828436996e-09,0.2715866259922267
1.6500000000000006,52.0,52000.0,1.0000000000000002e-10,4.016831321146107e-22,0.8609365474389254,490436.32716892567,135628721.92406595,1.8527807947355667e-09,0.2512902911954401
1.6500000000000006,53.0,53000.0,1.0000000000000002e-10,4.016831321146107e-22,0.8609365474389254,490436.32716892567,135628721.92406595,1.7168562605095032e-09,0.23285502034023514
1.6500000000000006,54.0,54000.0,1.0000000000000002e-10,4.016831321146107e-22,0.8609365474389254,490436.32716892567,135628721.92406595,1.593170937987622e-09,0.2160797381258265
1.6500000000000006,55.0,55000.0,1.0000000000000002e-10,4.016831321146107e-22,0.8609365474389254,490436.32716892567,135628721.92406595,1.480425840123629e-09,0.2007882645993294
1.6500000000000006,56.0,56000.0,1.0000000000000002e-10,4.016831321146107e-22,0.8609365474389254,490436.32716892567,135628721.92406595,1.3774800155779495e-09,0.18682585398877974
1.6500000000000006,57.0,57000.0,1.0000000000000002e-10,4.016831321146107e-22,0.8609365474389254,490436.32716892567,135628721.92406595,1.2833289522501257e-09,0.1740562656018352
1.6500000000000006,58.0,58000.0,1.0000000000000002e-10,4.016831321146107e-22,0.8609365474389254,490436.32716892567,135628721.92406595,1.197086245007402e-09,0.1623592774432332
1.6500000000000006,59.0,59000.0,1.0000000000000002e-10,4.016831321146107e-22,0.8609365474389254,490436.32716892567,135628721.92406595,1.1179679885150966e-09,0.1516285694343214
1.6500000000000006,60.0,60000.0,1.0000000000000002e-10,4.016831321146107e-22,0.8609365474389254,490436.32716892567,135628721.92406595,1.0452794524136789e-09,0.14176991618435478
1.6500000000000006,61.0,61000.0,1.0000000000000002e-10,4.016831321146107e-22,0.8609365474389254,490436.32716892567,135628721.92406595,9.784036739466585e-10,0.13269963982319583
1.6500000000000006,62.0,62000.0,1.0000000000000002e-10,4.016831321146107e-22,0.8609365474389254,490436.32716892567,135628721.92406595,9.167916663022065e-10,0.12434328197120303
1.6500000000000006,63.0,63000.0,1.0000000000000002e-10,4.016831321146107e-22,0.8609365474389254,490436.32716892567,135628721.92406595,8.599539923498369e-10,0.11663446089590636
1.6500000000000006,64.0,64000.0,1.0000000000000002e-10,4.016831321146107e-22,0.8609365474389254,490436.32716892567,135628721.92406595,8.074534954596329e-10,0.1095138856023096
1.6500000000000006,65.0,65000.0,1.0000000000000002e-10,4.016831321146107e-22,0.8609365474389254,490436.32716892567,135628721.92406595,7.58899013523688e-10,0.10292850327365224
1.6500000000000006,66.0,66000.0,1.0000000000000002e-10,4.016831321146107e-22,0.8609365474389254,490436.32716892567,135628721.92406595,7.139399306151761e-10,0.09683076031989266
1.6500000000000006,67.0,67000.0,1.0000000000000002e-10,4.016831321146107e-22,0.8609365474389254,490436.32716892567,135628721.92406595,6.722614440795268e-10,0.09117796045933314
1.6500000000000006,68.0,68000.0,1.0000000000000002e-10,4.016831321146107e-22,0.8609365474389254,490436.32716892567,135628721.92406595,6.335804441810145e-10,0.085931705880353
1.6500000000000006,69.0,69000.0,1.0000000000000002e-10,4.016831321146107e-22,0.8609365474389254,490436.32716892567,135628721.92406595,5.976419194692296e-10,0.08105740970585716
1.6500000000000006,70.0,70000.0,1.0000000000000002e-10,4.016831321146107e-22,0.8609365474389254,490436.32716892567,135628721.92406595,5.642158143807279e-10,0.07652386979380416
1.6500000000000006,71.0,71000.0,1.0000000000000002e-10,4.016831321146107e-22,0.8609365474389254,490436.32716892567,135628721.92406595,5.33094276733652e-10,0.07230289541841954
1.6500000000000006,72.0,72000.0,1.0000000000000002e-10,4.016831321146107e-22,0.8609365474389254,490436.32716892567,135628721.92406595,5.040892420976463e-10,0.06836897964137482
1.6500000000000006,73.0,73000.0,1.0000000000000002e-10,4.016831321146107e-22,0.8609365474389254,490436.32716892567,135628721.92406595,4.7703030984494e-10,0.06469901124331039
1.6500000000000006,74.0,74000.0,1.0000000000000002e-10,4.016831321146107e-22,0.8609365474389254,490436.32716892567,135628721.92406595,4.5176287226928757e-10,0.06127202097862853
1.6500000000000006,75.0,75000.0,1.0000000000000002e-10,4.016831321146107e-22,0.8609365474389254,490436.32716892567,135628721.92406595,4.2814646370864294e-10,0.05806895766911173
1.6500000000000006,76.0,76000.0,1.0000000000000002e-10,4.016831321146107e-22,0.8609365474389254,490436.32716892567,135628721.92406595,4.060533012978913e-10,0.055072490288080665
1.6500000000000006,77.0,77000.0,1.0000000000000002e-10,4.016831321146107e-22,0.8609365474389254,490436.32716892567,135628721.92406595,3.8536699295179827e-10,0.05226683272577293
1.6500000000000006,78.0,78000.0,1.0000000000000002e-10,4.016831321146107e-22,0.8609365474389254,490436.32716892567,135628721.92406595,3.6598139155270435e-10,0.049637588384284434
1.6500000000000006,79.0,79000.0,1.0000000000000002e-10,4.016831321146107e-22,0.8609365474389254,490436.32716892567,135628721.92406595,3.4779957718910226e-10,0.047171612139888464
1.6500000000000006,80.0,80000.0,1.0000000000000002e-10,4.016831321146107e-22,0.8609365474389254,490436.32716892567,135628721.92406595,3.3073295174026565e-10,0.04485688754270601
1.6500000000000006,81.0,81000.0,1.0000000000000002e-10,4.016831321146107e-22,0.8609365474389254,490436.32716892567,135628721.92406595,3.1470043219508584e-10,0.042682417407570665
1.6500000000000006,82.0,82000.0,1.0000000000000002e-10,4.016831321146107e-22,0.8609365474389254,490436.32716892567,135628721.92406595,2.9962773088561984e-10,0.0406381261930246
1.6500000000000006,83.0,83000.0,1.0000000000000002e-10,4.016831321146107e-22,0.8609365474389254,490436.32716892567,135628721.92406595,2.8544671235379946e-10,0.038714772773972304
1.6500000000000006,84.0,84000.0,1.0000000000000002e-10,4.016831321146107e-22,0.8609365474389254,490436.32716892567,135628721.92406595,2.720948178919406e-10,0.03690387239284538
1.6500000000000006,85.0,85000.0,1.0000000000000002e-10,4.016831321146107e-22,0.8609365474389254,490436.32716892567,135628721.92406595,2.595145499365435e-10,0.035197626728592585
1.6500000000000006,86.0,86000.0,1.0000000000000002e-10,4.016831321146107e-22,0.8609365474389254,490436.32716892567,135628721.92406595,2.476530094776151e-10,0.03358886115609753
1.6500000000000006,87.0,87000.0,1.0000000000000002e-10,4.016831321146107e-22,0.8609365474389254,490436.32716892567,135628721.92406595,2.3646148049528923e-10,0.03207096838384853
1.6500000000000006,88.0,88000.0,1.0000000000000002e-10,4.016831321146107e-22,0.8609365474389254,490436.32716892567,135628721.92406595,2.25895056171208e-10,0.030637857757466025
1.6500000000000006,89.0,89000.0,1.0000000000000002e-10,4.016831321146107e-22,0.8609365474389254,490436.32716892567,135628721.92406595,2.1591230226031106e-10,0.029283909603248604
1.6500000000000006,90.0,90000.0,1.0000000000000002e-10,4.016831321146107e-22,0.8609365474389254,490436.32716892567,135628721.92406595,2.0647495356319584e-10,0.028003934061107117
1.6500000000000006,91.0,91000.0,1.0000000000000002e-10,4.016831321146107e-22,0.8609365474389254,490436.32716892567,135628721.92406595,1.975476399218263e-10,0.026793133921712887
1.6500000000000006,92.0,92000.0,1.0000000000000002e-10,4.016831321146107e-22,0.8609365474389254,490436.32716892567,135628721.92406595,1.8909763858206086e-10,0.025647071039743854
1.6500000000000006,93.0,93000.0,1.0000000000000002e-10,4.016831321146107e-22,0.8609365474389254,490436.32716892567,135628721.92406595,1.8109465013376922e-10,0.024561635944928998
1.6500000000000006,94.0,94000.0,1.0000000000000002e-10,4.016831321146107e-22,0.8609365474389254,490436.32716892567,135628721.92406595,1.735105955604639e-10,0.02353302031614923
1.6500000000000006,95.0,95000.0,1.0000000000000002e-10,4.016831321146107e-22,0.8609365474389254,490436.32716892567,135628721.92406595,1.6631943221161628e-10,0.022557692021997842
1.6500000000000006,96.0,96000.0,1.0000000000000002e-10,4.016831321146107e-22,0.8609365474389254,490436.32716892567,135628721.92406595,1.5949698675745838e-10,0.021632372464653753
1.6500000000000006,97.0,97000.0,1.0000000000000002e-10,4.016831321146107e-22,0.8609365474389254,490436.32716892567,135628721.92406595,1.530208034026762e-10,0.020754015993298736
1.6500000000000006,98.0,98000.0,1.0000000000000002e-10,4.016831321146107e-22,0.8609365474389254,490436.32716892567,135628721.92406595,1.4687000582588716e-10,0.019919791179145194
1.6500000000000006,99.0,99000.0,1.0000000000000002e-10,4.016831321146107e-22,0.8609365474389254,490436.32716892567,135628721.92406595,1.4102517147954091e-10,0.01912706376689237
1.6500000000000006,100.0,100000.0,1.0000000000000002e-10,4.016831321146107e-22,0.8609365474389254,490436.32716892567,135628721.92406595,1.3546821703281283e-10,0.018373381137492387
1.7000000000000006,1.0,1000.0,1.0000000000000002e-10,4.6716134568832745e-22,0.8611791974752434,421695.8483791829,164911658.1698895,0.011218233142779293,1850017.429312144
1.7000000000000006,2.0,2000.0,1.0000000000000002e-10,4.6716134568832745e-22,0.8611791974752434,421695.8483791829,164911658.1698895,0.0007011395714237058,115626.089332009
1.7000000000000006,3.0,3000.0,1.0000000000000002e-10,4.6716134568832745e-22,0.8611791974752434,421695.8483791829,164911658.1698895,0.00013849670546641106,22839.72134953265
1.7000000000000006,4.0,4000.0,1.0000000000000002e-10,4.6716134568832745e-22,0.8611791974752434,421695.8483791829,164911658.1698895,4.382122321398161e-05,7226.630583250562
1.7000000000000006,5.0,5000.0,1.0000000000000002e-10,4.6716134568832745e-22,0.8611791974752434,421695.8483791829,164911658.1698895,1.794917302844687e-05,2960.0278868994305
1.7000000000000006,6.0,6000.0,1.0000000000000002e-10,4.6716134568832745e-22,0.8611791974752434,421695.8483791829,164911658.1698895,8.656044091650691e-06,1427.4825843457907
1.7000000000000006,7.0,7000.0,1.0000000000000002e-10,4.6716134568832745e-22,0.8611791974752434,421695.8483791829,164911658.1698895,4.672317010736899e-06,770.5195457360035
1.7000000000000006,8.0,8000.0,1.0000000000000002e-10,4.6716134568832745e-22,0.8611791974752434,421695.8483791829,164911658.1698895,2.738826450873851e-06,451.66441145316014
1.7000000000000006,9.0,9000.0,1.0000000000000002e-10,4.6716134568832745e-22,0.8611791974752434,421695.8483791829,164911658.1698895,1.709835869955692e-06,281.9718685127487
1.7000000000000006,10.0,10000.0,1.0000000000000002e-10,4.6716134568832745e-22,0.8611791974752434,421695.8483791829,164911658.1698895,1.1218233142779294e-06,185.0017429312144
1.7000000000000006,11.0,11000.0,1.0000000000000002e-10,4.6716134568832745e-22,0.8611791974752434,421695.8483791829,164911658.1698895,7.662204181940642e-07,126.3586796880093
1.7000000000000006,12.0,12000.0,1.0000000000000002e-10,4.6716134568832745e-22,0.8611791974752434,421695.8483791829,164911658.1698895,5.410027557281682e-07,89.21766152161192
1.7000000000000006,13.0,13000.0,1.0000000000000002e-10,4.6716134568832745e-22,0.8611791974752434,421695.8483791829,164911658.1698895,3.927815252539931e-07,64.77425262813433
1.7000000000000006,14.0,14000.0,1.0000000000000002e-10,4.6716134568832745e-22,0.8611791974752434,421695.8483791829,164911658.1698895,2.920198131710562e-07,48.15747160850022
1.7000000000000006,15.0,15000.0,1.0000000000000002e-10,4.6716134568832745e-22,0.8611791974752434,421695.8483791829,164911658.1698895,2.215947287462576e-07,36.543554159252224
1.7000000000000006,16.0,16000.0,1.0000000000000002e-10,4.6716134568832745e-22,0.8611791974752434,421695.8483791829,164911658.1698895,1.7117665317961568e-07,28.22902571582251
1.7000000000000006,17.0,17000.0,1.0000000000000002e-10,4.6716134568832745e-22,0.8611791974752434,421695.8483791829,164911658.1698895,1.3431631736664187e-07,22.150326616206037
1.7000000000000006,18.0,18000.0,1.0000000000000002e-10,4.6716134568832745e-22,0.8611791974752434,421695.8483791829,164911658.1698895,1.0686474187223075e-07,17.623241782046794
1.7000000000000006,19.0,19000.0,1.0000000000000002e-10,4.6716134568832745e-22,0.8611791974752434,421695.8483791829,164911658.1698895,8.608154589651163e-08,14.195850471621181
1.7000000000000006,20.0,20000.0,1.0000000000000002e-10,4.6716134568832745e-22,0.8611791974752434,421695.8483791829,164911658.1698895,7.011395714237059e-08,11.5626089332009
1.7000000000000006,21.0,21000.0,1.0000000000000002e-10,4.6716134568832745e-22,0.8611791974752434,421695.8483791829,164911658.1698895,5.7682926058480224e-08,9.512586984395103
1.7000000000000006,22.0,22000.0,1.0000000000000002e-10,4.6716134568832745e-22,0.8611791974752434,421695.8483791829,164911658.1698895,4.788877613712901e-08,7.8974174805005815
1.7000000000000006,23.0,23000.0,1.0000000000000002e-10,4.6716134568832745e-22,0.8611791974752434,421695.8483791829,164911658.1698895,4.0087882557521205e-08,6.610959185080613
1.7000000000000006,24.0,24000.0,1.0000000000000002e-10,4.6716134568832745e-22,0.8611791974752434,421695.8483791829,164911658.1698895,3.381267223301051e-08,5.576103845100745
1.7000000000000006,25.0,25000.0,1.0000000000000002e-10,4.6716134568832745e-22,0.8611791974752434,421695.8483791829,164911658.1698895,2.8718676845514998e-08,4.73604461903909
1.7000000000000006,26.0,26000.0,1.0000000000000002e-10,4.6716134568832745e-22,0.8611791974752434,421695.8483791829,164911658.1698895,2.454884532837457e-08,4.048390789258396
1.7000000000000006,27.0,27000.0,1.0000000000000002e-10,4.6716134568832745e-22,0.8611791974752434,421695.8483791829,164911658.1698895,2.1109084814267795e-08,3.4811341791697363
1.7000000000000006,28.0,28000.0,1.0000000000000002e-10,4.6716134568832745e-22,0.8611791974752434,421695.8483791829,164911658.1698895,1.825123832319101e-08,3.0098419755312635
1.7000000000000006,29.0,29000.0,1.0000000000000002e-10,4.6716134568832745e-22,0.8611791974752434,421695.8483791829,164911658.1698895,1.5861069564684044e-08,2.6156752822600136
1.7000000000000006,30.0,30000.0,1.0000000000000002e-10,4.6716134568832745e-22,0.8611791974752434,421695.8483791829,164911658.1698895,1.38496705466411e-08,2.283972134953264
1.7000000000000006,31.0,31000.0,1.0000000000000002e-10,4.6716134568832745e-22,0.8611791974752434,421695.8483791829,164911658.1698895,1.214724206897222e-08,2.003221831785248
1.7000000000000006,32.0,32000.0,1.0000000000000002e-10,4.6716134568832745e-22,0.8611791974752434,421695.8483791829,164911658.1698895,1.069854082372598e-08,1.7643141072389068
1.7000000000000006,33.0,33000.0,1.0000000000000002e-10,4.6716134568832745e-22,0.8611791974752434,421695.8483791829,164911658.1698895,9.45951133572919e-09,1.559983699851967
1.7000000000000006,34.0,34000.0,1.0000000000000002e-10,4.6716134568832745e-22,0.8611791974752434,421695.8483791829,164911658.1698895,8.394769835415117e-09,1.3843954135128773
1.7000000000000006,35.0,35000.0,1.0000000000000002e-10,4.6716134568832745e-22,0.8611791974752434,421695.8483791829,164911658.1698895,7.475707217179037e-09,1.2328312731776052
1.7000000000000006,36.0,36000.0,1.0000000000000002e-10,4.6716134568832745e-22,0.8611791974752434,421695.8483791829,164911658.1698895,6.679046367014422e-09,1.1014526113779246
1.7000000000000006,37.0,37000.0,1.0000000000000002e-10,4.6716134568832745e-22,0.8611791974752434,421695.8483791829,164911658.1698895,5.9857360935262745e-09,0.9871176645507748
1.7000000000000006,38.0,38000.0,1.0000000000000002e-10,4.6716134568832745e-22,0.8611791974752434,421695.8483791829,164911658.1698895,5.380096618531977e-09,0.8872406544763238
1.7000000000000006,39.0,39000.0,1.0000000000000002e-10,4.6716134568832745e-22,0.8611791974752434,421695.8483791829,164911658.1698895,4.849154632765344e-09,0.7996821312115345
1.7000000000000006,40.0,40000.0,1.0000000000000002e-10,4.6716134568832745e-22,0.8611791974752434,421695.8483791829,164911658.1698895,4.382122321398162e-09,0.7226630583250563
1.7000000000000006,41.0,41000.0,1.0000000000000002e-10,4.6716134568832745e-22,0.8611791974752434,421695.8483791829,164911658.1698895,3.9699865426620626e-09,0.6546970636625475
1.7000000000000006,42.0,42000.0,1.0000000000000002e-10,4.6716134568832745e-22,0.8611791974752434,421695.8483791829,164911658.1698895,3.605182878655014e-09,0.5945366865246939
1.7000000000000006,43.0,43000.0,1.0000000000000002e-10,4.6716134568832745e-22,0.8611791974752434,421695.8483791829,164911658.1698895,3.2813355158078206e-09,0.5411304809236174
1.7000000000000006,44.0,44000.0,1.0000000000000002e-10,4.6716134568832745e-22,0.8611791974752434,421695.8483791829,164911658.1698895,2.993048508570563e-09,0.49358859253128634
1.7000000000000006,45.0,45000.0,1.0000000000000002e-10,4.6716134568832745e-22,0.8611791974752434,421695.8483791829,164911658.1698895,2.7357373919291064e-09,0.45115498962039785
1.7000000000000006,46.0,46000.0,1.0000000000000002e-10,4.6716134568832745e-22,0.8611791974752434,421695.8483791829,164911658.1698895,2.5054926598450753e-09,0.41318494906753833
1.7000000000000006,47.0,47000.0,1.0000000000000002e-10,4.6716134568832745e-22,0.8611791974752434,421695.8483791829,164911658.1698895,2.2989685478987854e-09,0.3791267153144118
1.7000000000000006,48.0,48000.0,1.0000000000000002e-10,4.6716134568832745e-22,0.8611791974752434,421695.8483791829,164911658.1698895,2.113292014563157e-09,0.34850649031879655
1.7000000000000006,49.0,49000.0,1.0000000000000002e-10,4.6716134568832745e-22,0.8611791974752434,421695.8483791829,164911658.1698895,1.9459879261711368e-09,0.3209160956834667
1.7000000000000006,50.0,50000.0,1.0000000000000002e-10,4.6716134568832745e-22,0.8611791974752434,421695.8483791829,164911658.1698895,1.7949173028446874e-09,0.2960027886899431
1.7000000000000006,51.0,51000.0,1.0000000000000002e-10,4.6716134568832745e-22,0.8611791974752434,421695.8483791829,164911658.1698895,1.6582261403289116e-09,0.2734608224222967
1.7000000000000006,52.0,52000.0,1.0000000000000002e-10,4.6716134568832745e-22,0.8611791974752434,421695.8483791829,164911658.1698895,1.5343028330234106e-09,0.25302442432864974
1.7000000000000006,53.0,53000.0,1.0000000000000002e-10,4.6716134568832745e-22,0.8611791974752434,421695.8483791829,164911658.1698895,1.4217426216195561e-09,0.2344619332220868
1.7000000000000006,54.0,54000.0,1.0000000000000002e-10,4.6716134568832745e-22,0.8611791974752434,421695.8483791829,164911658.1698895,1.3193178008917372e-09,0.21757088619810852
1.7000000000000006,55.0,55000.0,1.0000000000000002e-10,4.6716134568832745e-22,0.8611791974752434,421695.8483791829,164911658.1698895,1.225952669110503e-09,0.20217388750081491
1.7000000000000006,56.0,56000.0,1.0000000000000002e-10,4.6716134568832745e-22,0.8611791974752434,421695.8483791829,164911658.1698895,1.1407023951994382e-09,0.18811512347070397
1.7000000000000006,57.0,57000.0,1.0000000000000002e-10,4.6716134568832745e-22,0.8611791974752434,421695.8483791829,164911658.1698895,1.062735134524835e-09,0.1752574132298911
1.7000000000000006,58.0,58000.0,1.0000000000000002e-10,4.6716134568832745e-22,0.8611791974752434,421695.8483791829,164911658.1698895,9.913168477927528e-10,0.16347970514125085
1.7000000000000006,59.0,59000.0,1.0000000000000002e-10,4.6716134568832745e-22,0.8611791974752434,421695.8483791829,164911658.1698895,9.257983766250169e-10,0.15267494542022342
1.7000000000000006,60.0,60000.0,1.0000000000000002e-10,4.6716134568832745e-22,0.8611791974752434,421695.8483791829,164911658.1698895,8.656044091650688e-10,0.142748258434579
1.7000000000000006,61.0,61000.0,1.0000000000000002e-10,4.6716134568832745e-22,0.8611791974752434,421695.8483791829,164911658.1698895,8.102240335404177e-10,0.13361538886024646
1.7000000000000006,62.0,62000.0,1.0000000000000002e-10,4.6716134568832745e-22,0.8611791974752434,421695.8483791829,164911658.1698895,7.592026293107637e-10,0.125201364486578
1.7000000000000006,63.0,63000.0,1.0000000000000002e-10,4.6716134568832745e-22,0.8611791974752434,421695.8483791829,164911658.1698895,7.121348896108669e-10,0.11743934548635929
1.7000000000000006,64.0,64000.0,1.0000000000000002e-10,4.6716134568832745e-22,0.8611791974752434,421695.8483791829,164911658.1698895,6.686588014828737e-10,0.11026963170243168
1.7000000000000006,65.0,65000.0,1.0000000000000002e-10,4.6716134568832745e-22,0.8611791974752434,421695.8483791829,164911658.1698895,6.284504404063889e-10,0.10363880420501492
1.7000000000000006,66.0,66000.0,1.0000000000000002e-10,4.6716134568832745e-22,0.8611791974752434,421695.8483791829,164911658.1698895,5.912194584830743e-10,0.09749898124074793
1.7000000000000006,67.0,67000.0,1.0000000000000002e-10,4.6716134568832745e-22,0.8611791974752434,421695.8483791829,164911658.1698895,5.567051650763891e-10,0.09180717188448939
1.7000000000000006,68.0,68000.0,1.0000000000000002e-10,4.6716134568832745e-22,0.8611791974752434,421695.8483791829,164911658.1698895,5.246731147134448e-10,0.08652471334455483
1.7000000000000006,69.0,69000.0,1.0000000000000002e-10,4.6716134568832745e-22,0.8611791974752434,421695.8483791829,164911658.1698895,4.949121303397681e-10,0.08161678006272365
1.7000000000000006,70.0,70000.0,1.0000000000000002e-10,4.6716134568832745e-22,0.8611791974752434,421695.8483791829,164911658.1698895,4.672317010736898e-10,0.07705195457360033
1.7000000000000006,71.0,71000.0,1.0000000000000002e-10,4.6716134568832745e-22,0.8611791974752434,421695.8483791829,164911658.1698895,4.4145970283427125e-10,0.07280185160958634
1.7000000000000006,72.0,72000.0,1.0000000000000002e-10,4.6716134568832745e-22,0.8611791974752434,421695.8483791829,164911658.1698895,4.1744039793840135e-10,0.06884078821112029
1.7000000000000006,73.0,73000.0,1.0000000000000002e-10,4.6716134568832745e-22,0.8611791974752434,421695.8483791829,164911658.1698895,3.950326762414366e-10,0.06514549367026443
1.7000000000000006,74.0,74000.0,1.0000000000000002e-10,4.6716134568832745e-22,0.8611791974752434,421695.8483791829,164911658.1698895,3.7410850584539215e-10,0.06169485403442342
1.7000000000000006,75.0,75000.0,1.0000000000000002e-10,4.6716134568832745e-22,0.8611791974752434,421695.8483791829,164911658.1698895,3.5455156599401226e-10,0.05846968665480357
1.7000000000000006,76.0,76000.0,1.0000000000000002e-10,4.6716134568832745e-22,0.8611791974752434,421695.8483791829,164911658.1698895,3.3625603865824855e-10,0.05545254090477024
1.7000000000000006,77.0,77000.0,1.0000000000000002e-10,4.6716134568832745e-22,0.8611791974752434,421695.8483791829,164911658.1698895,3.191255386064406e-10,0.05262752173594721
1.7000000000000006,78.0,78000.0,1.0000000000000002e-10,4.6716134568832745e-22,0.8611791974752434,421695.8483791829,164911658.1698895,3.03072164547834e-10,0.04998013320072091
1.7000000000000006,79.0,79000.0,1.0000000000000002e-10,4.6716134568832745e-22,0.8611791974752434,421695.8483791829,164911658.1698895,2.8801565631607536e-10,0.047497139461972995
1.7000000000000006,80.0,80000.0,1.0000000000000002e-10,4.6716134568832745e-22,0.8611791974752434,421695.8483791829,164911658.1698895,2.738826450873851e-10,0.04516644114531602
1.7000000000000006,81.0,81000.0,1.0000000000000002e-10,4.6716134568832745e-22,0.8611791974752434,421695.8483791829,164911658.1698895,2.606059853613308e-10,0.04297696517493501
1.7000000000000006,82.0,82000.0,1.0000000000000002e-10,4.6716134568832745e-22,0.8611791974752434,421695.8483791829,164911658.1698895,2.481241589163789e-10,0.04091856647890922
1.7000000000000006,83.0,83000.0,1.0000000000000002e-10,4.6716134568832745e-22,0.8611791974752434,421695.8483791829,164911658.1698895,2.3638074222599013e-10,0.03898194015991725
1.7000000000000006,84.0,84000.0,1.0000000000000002e-10,4.6716134568832745e-22,0.8611791974752434,421695.8483791829,164911658.1698895,2.2532392991593838e-10,0.03715854290779337
1.7000000000000006,85.0,85000.0,1.0000000000000002e-10,4.6716134568832745e-22,0.8611791974752434,421695.8483791829,164911658.1698895,2.1490610778662696e-10,0.035440522585929654
1.7000000000000006,86.0,86000.0,1.0000000000000002e-10,4.6716134568832745e-22,0.8611791974752434,421695.8483791829,164911658.1698895,2.050834697379888e-10,0.033820655057726086
1.7000000000000006,87.0,87000.0,1.0000000000000002e-10,4.6716134568832745e-22,0.8611791974752434,421695.8483791829,164911658.1698895,1.958156736380746e-10,0.0322922874353088
1.7000000000000006,88.0,88000.0,1.0000000000000002e-10,4.6716134568832745e-22,0.8611791974752434,421695.8483791829,164911658.1698895,1.870655317856602e-10,0.030849287033205396
1.7000000000000006,89.0,89000.0,1.0000000000000002e-10,4.6716134568832745e-22,0.8611791974752434,421695.8483791829,164911658.1698895,1.7879873214568942e-10,0.029485995396819568
1.7000000000000006,90.0,90000.0,1.0000000000000002e-10,4.6716134568832745e-22,0.8611791974752434,421695.8483791829,164911658.1698895,1.7098358699556915e-10,0.028197186851274866
1.7000000000000006,91.0,91000.0,1.0000000000000002e-10,4.6716134568832745e-22,0.8611791974752434,421695.8483791829,164911658.1698895,1.6359080601998876e-10,0.02697803108210509
1.7000000000000006,92.0,92000.0,1.0000000000000002e-10,4.6716134568832745e-22,0.8611791974752434,421695.8483791829,164911658.1698895,1.565932912403172e-10,0.025824059316721146
1.7000000000000006,93.0,93000.0,1.0000000000000002e-10,4.6716134568832745e-22,0.8611791974752434,421695.8483791829,164911658.1698895,1.4996595146879285e-10,0.024731133725743804
1.7000000000000006,94.0,94000.0,1.0000000000000002e-10,4.6716134568832745e-22,0.8611791974752434,421695.8483791829,164911658.1698895,1.4368553424367409e-10,0.023695419707150736
1.7000000000000006,95.0,95000.0,1.0000000000000002e-10,4.6716134568832745e-22,0.8611791974752434,421695.8483791829,164911658.1698895,1.377304734344186e-10,0.022713360754593886
1.7000000000000006,96.0,96000.0,1.0000000000000002e-10,4.6716134568832745e-22,0.8611791974752434,421695.8483791829,164911658.1698895,1.3208075091019732e-10,0.021781655644924784
1.7000000000000006,97.0,97000.0,1.0000000000000002e-10,4.6716134568832745e-22,0.8611791974752434,421695.8483791829,164911658.1698895,1.267177708444203e-10,0.020897237709545432
1.7000000000000006,98.0,98000.0,1.0000000000000002e-10,4.6716134568832745e-22,0.8611791974752434,421695.8483791829,164911658.1698895,1.2162424538569605e-10,0.020057255980216668
1.7000000000000006,99.0,99000.0,1.0000000000000002e-10,4.6716134568832745e-22,0.8611791974752434,421695.8483791829,164911658.1698895,1.1678409056455786e-10,0.019259058022863783
1.7000000000000006,100.0,100000.0,1.0000000000000002e-10,4.6716134568832745e-22,0.8611791974752434,421695.8483791829,164911658.1698895,1.1218233142779296e-10,0.018500174293121445
1.7500000000000007,1.0,1000.0,1.0000000000000002e-10,5.411313629632665e-22,0.8614634561040727,364052.08325242257,199678991.45497766,0.009073447888501215,1811776.9233952193
1.7500000000000007,2.0,2000.0,1.0000000000000002e-10,5.411313629632665e-22,0.8614634561040727,364052.08325242257,199678991.45497766,0.000567090493031326,113236.0577122012
1.7500000000000007,3.0,3000.0,1.0000000000000002e-10,5.411313629632665e-22,0.8614634561040727,364052.08325242257,199678991.45497766,0.00011201787516668169,22367.616338212585
1.7500000000000007,4.0,4000.0,1.0000000000000002e-10,5.411313629632665e-22,0.8614634561040727,364052.08325242257,199678991.45497766,3.544315581445787e-05,7077.253607012575
1.7500000000000007,5.0,5000.0,1.0000000000000002e-10,5.411313629632665e-22,0.8614634561040727,364052.08325242257,199678991.45497766,1.4517516621601944e-05,2898.8430774323506
1.7500000000000007,6.0,6000.0,1.0000000000000002e-10,5.411313629632665e-22,0.8614634561040727,364052.08325242257,199678991.45497766,7.001117197917605e-06,1397.9760211382866
1.7500000000000007,7.0,7000.0,1.0000000000000002e-10,5.411313629632665e-22,0.8614634561040727,364052.08325242257,199678991.45497766,3.779028691587345e-06,754.5926378155849
1.7500000000000007,8.0,8000.0,1.0000000000000002e-10,5.411313629632665e-22,0.8614634561040727,364052.08325242257,199678991.45497766,2.215197238403617e-06,442.32835043828595
1.7500000000000007,9.0,9000.0,1.0000000000000002e-10,5.411313629632665e-22,0.8614634561040727,364052.08325242257,199678991.45497766,1.3829367304528602e-06,276.1434115828714
1.7500000000000007,10.0,10000.0,1.0000000000000002e-10,5.411313629632665e-22,0.8614634561040727,364052.08325242257,199678991.45497766,9.073447888501215e-07,181.1776923395219
1.7500000000000007,11.0,11000.0,1.0000000000000002e-10,5.411313629632665e-22,0.8614634561040727,364052.08325242257,199678991.45497766,6.197286994400119e-07,123.74680167988656
1.7500000000000007,12.0,12000.0,1.0000000000000002e-10,5.411313629632665e-22,0.8614634561040727,364052.08325242257,199678991.45497766,4.3756982486985034e-07,87.37350132114291
1.7500000000000007,13.0,13000.0,1.0000000000000002e-10,5.411313629632665e-22,0.8614634561040727,364052.08325242257,199678991.45497766,3.176866317181197e-07,63.43534622020306
1.7500000000000007,14.0,14000.0,1.0000000000000002e-10,5.411313629632665e-22,0.8614634561040727,364052.08325242257,199678991.45497766,2.3618929322420907e-07,47.16203986347406
1.7500000000000007,15.0,15000.0,1.0000000000000002e-10,5.411313629632665e-22,0.8614634561040727,364052.08325242257,199678991.45497766,1.7922860026669063e-07,35.78818614114012
1.7500000000000007,16.0,16000.0,1.0000000000000002e-10,5.411313629632665e-22,0.8614634561040727,364052.08325242257,199678991.45497766,1.3844982740022607e-07,27.645521902392872
1.7500000000000007,17.0,17000.0,1.0000000000000002e-10,5.411313629632665e-22,0.8614634561040727,364052.08325242257,199678991.45497766,1.0863672475785989e-07,21.692471634621466
1.7500000000000007,18.0,18000.0,1.0000000000000002e-10,5.411313629632665e-22,0.8614634561040727,364052.08325242257,199678991.45497766,8.643354565330376e-08,17.258963223929463
1.7500000000000007,19.0,19000.0,1.0000000000000002e-10,5.411313629632665e-22,0.8614634561040727,364052.08325242257,199678991.45497766,6.962383567115978e-08,13.902417288044282
1.7500000000000007,20.0,20000.0,1.0000000000000002e-10,5.411313629632665e-22,0.8614634561040727,364052.08325242257,199678991.45497766,5.670904930313259e-08,11.32360577122012
1.7500000000000007,21.0,21000.0,1.0000000000000002e-10,5.411313629632665e-22,0.8614634561040727,364052.08325242257,199678991.45497766,4.665467520478203e-08,9.315958491550429
1.7500000000000007,22.0,22000.0,1.0000000000000002e-10,5.411313629632665e-22,0.8614634561040727,364052.08325242257,199678991.45497766,3.8733043715000744e-08,7.73417510499291
1.7500000000000007,23.0,23000.0,1.0000000000000002e-10,5.411313629632665e-22,0.8614634561040727,364052.08325242257,199678991.45497766,3.242358299356139e-08,6.4743083515111035
1.7500000000000007,24.0,24000.0,1.0000000000000002e-10,5.411313629632665e-22,0.8614634561040727,364052.08325242257,199678991.45497766,2.7348114054365646e-08,5.460843832571432
1.7500000000000007,25.0,25000.0,1.0000000000000002e-10,5.411313629632665e-22,0.8614634561040727,364052.08325242257,199678991.45497766,2.3228026594563114e-08,4.6381489238917615
1.7500000000000007,26.0,26000.0,1.0000000000000002e-10,5.411313629632665e-22,0.8614634561040727,364052.08325242257,199678991.45497766,1.9855414482382482e-08,3.964709138762691
1.7500000000000007,27.0,27000.0,1.0000000000000002e-10,5.411313629632665e-22,0.8614634561040727,364052.08325242257,199678991.45497766,1.7073292968553823e-08,3.409177920776189
1.7500000000000007,28.0,28000.0,1.0000000000000002e-10,5.411313629632665e-22,0.8614634561040727,364052.08325242257,199678991.45497766,1.4761830826513067e-08,2.9476274914671285
1.7500000000000007,29.0,29000.0,1.0000000000000002e-10,5.411313629632665e-22,0.8614634561040727,364052.08325242257,199678991.45497766,1.2828632309508126e-08,2.5616083613093235
1.7500000000000007,30.0,30000.0,1.0000000000000002e-10,5.411313629632665e-22,0.8614634561040727,364052.08325242257,199678991.45497766,1.1201787516668164e-08,2.2367616338212577
1.7500000000000007,31.0,31000.0,1.0000000000000002e-10,5.411313629632665e-22,0.8614634561040727,364052.08325242257,199678991.45497766,9.824841978147995e-09,1.9618145374011193
1.7500000000000007,32.0,32000.0,1.0000000000000002e-10,5.411313629632665e-22,0.8614634561040727,364052.08325242257,199678991.45497766,8.653114212514129e-09,1.7278451188995545
1.7500000000000007,33.0,33000.0,1.0000000000000002e-10,5.411313629632665e-22,0.8614634561040727,364052.08325242257,199678991.45497766,7.650971598024841e-09,1.527738292344279
1.7500000000000007,34.0,34000.0,1.0000000000000002e-10,5.411313629632665e-22,0.8614634561040727,364052.08325242257,199678991.45497766,6.789795297366243e-09,1.3557794771638416
1.7500000000000007,35.0,35000.0,1.0000000000000002e-10,5.411313629632665e-22,0.8614634561040727,364052.08325242257,199678991.45497766,6.04644590653975e-09,1.2073482205049355
1.7500000000000007,36.0,36000.0,1.0000000000000002e-10,5.411313629632665e-22,0.8614634561040727,364052.08325242257,199678991.45497766,5.402096603331485e-09,1.0786852014955914
1.7500000000000007,37.0,37000.0,1.0000000000000002e-10,5.411313629632665e-22,0.8614634561040727,364052.08325242257,199678991.45497766,4.841338544821505e-09,0.9667135979220672
1.7500000000000007,38.0,38000.0,1.0000000000000002e-10,5.411313629632665e-22,0.8614634561040727,364052.08325242257,199678991.45497766,4.351489729447486e-09,0.8689010805027676
1.7500000000000007,39.0,39000.0,1.0000000000000002e-10,5.411313629632665e-22,0.8614634561040727,364052.08325242257,199678991.45497766,3.92205718170518e-09,0.7831524224716424
1.7500000000000007,40.0,40000.0,1.0000000000000002e-10,5.411313629632665e-22,0.8614634561040727,364052.08325242257,199678991.45497766,3.544315581445787e-09,0.7077253607012575
1.7500000000000007,41.0,41000.0,1.0000000000000002e-10,5.411313629632665e-22,0.8614634561040727,364052.08325242257,199678991.45497766,3.2109749863846283e-09,0.6411642468684432
1.7500000000000007,42.0,42000.0,1.0000000000000002e-10,5.411313629632665e-22,0.8614634561040727,364052.08325242257,199678991.45497766,2.915917200298877e-09,0.5822474057219018
1.7500000000000007,43.0,43000.0,1.0000000000000002e-10,5.411313629632665e-22,0.8614634561040727,364052.08325242257,199678991.45497766,2.653985385081265e-09,0.5299451250292775
1.7500000000000007,44.0,44000.0,1.0000000000000002e-10,5.411313629632665e-22,0.8614634561040727,364052.08325242257,199678991.45497766,2.4208152321875465e-09,0.48338594406205687
1.7500000000000007,45.0,45000.0,1.0000000000000002e-10,5.411313629632665e-22,0.8614634561040727,364052.08325242257,199678991.45497766,2.2126987687245757e-09,0.44182945853259414
1.7500000000000007,46.0,46000.0,1.0000000000000002e-10,5.411313629632665e-22,0.8614634561040727,364052.08325242257,199678991.45497766,2.0264739370975867e-09,0.40464427196944397
1.7500000000000007,47.0,47000.0,1.0000000000000002e-10,5.411313629632665e-22,0.8614634561040727,364052.08325242257,199678991.45497766,1.8594346410146922e-09,0.3712900337942622
1.7500000000000007,48.0,48000.0,1.0000000000000002e-10,5.411313629632665e-22,0.8614634561040727,364052.08325242257,199678991.45497766,1.7092571283978529e-09,0.3413027395357145
1.7500000000000007,49.0,49000.0,1.0000000000000002e-10,5.411313629632665e-22,0.8614634561040727,364052.08325242257,199678991.45497766,1.5739394800447085e-09,0.31428264798649935
1.7500000000000007,50.0,50000.0,1.0000000000000002e-10,5.411313629632665e-22,0.8614634561040727,364052.08325242257,199678991.45497766,1.4517516621601946e-09,0.2898843077432351
1.7500000000000007,51.0,51000.0,1.0000000000000002e-10,5.411313629632665e-22,0.8614634561040727,364052.08325242257,199678991.45497766,1.3411941328130847e-09,0.2678082917854501
1.7500000000000007,52.0,52000.0,1.0000000000000002e-10,5.411313629632665e-22,0.8614634561040727,364052.08325242257,199678991.45497766,1.2409634051489051e-09,0.2477943211726682
1.7500000000000007,53.0,53000.0,1.0000000000000002e-10,5.411313629632665e-22,0.8614634561040727,364052.08325242257,199678991.45497766,1.149923292192354e-09,0.22961552323555684
1.7500000000000007,54.0,54000.0,1.0000000000000002e-10,5.411313629632665e-22,0.8614634561040727,364052.08325242257,199678991.45497766,1.067080810534614e-09,0.21307362004851182
1.7500000000000007,55.0,55000.0,1.0000000000000002e-10,5.411313629632665e-22,0.8614634561040727,364052.08325242257,199678991.45497766,9.915659191040192e-10,0.1979948826878185
1.7500000000000007,56.0,56000.0,1.0000000000000002e-10,5.411313629632665e-22,0.8614634561040727,364052.08325242257,199678991.45497766,9.226144266570667e-10,0.18422671821669553
1.7500000000000007,57.0,57000.0,1.0000000000000002e-10,5.411313629632665e-22,0.8614634561040727,364052.08325242257,199678991.45497766,8.595535268044417e-10,0.17163478133388002
1.7500000000000007,58.0,58000.0,1.0000000000000002e-10,5.411313629632665e-22,0.8614634561040727,364052.08325242257,199678991.45497766,8.017895193442579e-10,0.16010052258183272
1.7500000000000007,59.0,59000.0,1.0000000000000002e-10,5.411313629632665e-22,0.8614634561040727,364052.08325242257,199678991.45497766,7.487973568255673e-10,0.1495191010150823
1.7500000000000007,60.0,60000.0,1.0000000000000002e-10,5.411313629632665e-22,0.8614634561040727,364052.08325242257,199678991.45497766,7.001117197917603e-10,0.1397976021138286
1.7500000000000007,61.0,61000.0,1.0000000000000002e-10,5.411313629632665e-22,0.8614634561040727,364052.08325242257,199678991.45497766,6.553193763023287e-10,0.130853512140954
1.7500000000000007,62.0,62000.0,1.0000000000000002e-10,5.411313629632665e-22,0.8614634561040727,364052.08325242257,199678991.45497766,6.140526236342497e-10,0.12261340858756996
1.7500000000000007,63.0,63000.0,1.0000000000000002e-10,5.411313629632665e-22,0.8614634561040727,364052.08325242257,199678991.45497766,5.759836445034817e-10,0.11501183322901762
1.7500000000000007,64.0,64000.0,1.0000000000000002e-10,5.411313629632665e-22,0.8614634561040727,364052.08325242257,199678991.45497766,5.408196382821331e-10,0.10799031993122216
1.7500000000000007,65.0,65000.0,1.0000000000000002e-10,5.411313629632665e-22,0.8614634561040727,364052.08325242257,199678991.45497766,5.082986107489915e-10,0.10149655395232489
1.7500000000000007,66.0,66000.0,1.0000000000000002e-10,5.411313629632665e-22,0.8614634561040727,364052.08325242257,199678991.45497766,4.781857248765526e-10,0.09548364327151744
1.7500000000000007,67.0,67000.0,1.0000000000000002e-10,5.411313629632665e-22,0.8614634561040727,364052.08325242257,199678991.45497766,4.5027013080320504e-10,0.08990948560108485
1.7500000000000007,68.0,68000.0,1.0000000000000002e-10,5.411313629632665e-22,0.8614634561040727,364052.08325242257,199678991.45497766,4.243622060853902e-10,0.0847362173227401
1.7500000000000007,69.0,69000.0,1.0000000000000002e-10,5.411313629632665e-22,0.8614634561040727,364052.08325242257,199678991.45497766,4.002911480686593e-10,0.07992973273470501
1.7500000000000007,70.0,70000.0,1.0000000000000002e-10,5.411313629632665e-22,0.8614634561040727,364052.08325242257,199678991.45497766,3.779028691587344e-10,0.07545926378155847
1.7500000000000007,71.0,71000.0,1.0000000000000002e-10,5.411313629632665e-22,0.8614634561040727,364052.08325242257,199678991.45497766,3.5705815323674247e-10,0.0712970119290896
1.7500000000000007,72.0,72000.0,1.0000000000000002e-10,5.411313629632665e-22,0.8614634561040727,364052.08325242257,199678991.45497766,3.376310377082178e-10,0.06741782509347446
1.7500000000000007,73.0,73000.0,1.0000000000000002e-10,5.411313629632665e-22,0.8614634561040727,364052.08325242257,199678991.45497766,3.195073909155575e-10,0.06379891358042981
1.7500000000000007,74.0,74000.0,1.0000000000000002e-10,5.411313629632665e-22,0.8614634561040727,364052.08325242257,199678991.45497766,3.0258365905134406e-10,0.0604195998701292
1.7500000000000007,75.0,75000.0,1.0000000000000002e-10,5.411313629632665e-22,0.8614634561040727,364052.08325242257,199678991.45497766,2.8676576042670506e-10,0.05726109782582421
1.7500000000000007,76.0,76000.0,1.0000000000000002e-10,5.411313629632665e-22,0.8614634561040727,364052.08325242257,199678991.45497766,2.719681080904679e-10,0.054306317531422975
1.7500000000000007,77.0,77000.0,1.0000000000000002e-10,5.411313629632665e-22,0.8614634561040727,364052.08325242257,199678991.45497766,2.581127444564813e-10,0.05153969249474656
1.7500000000000007,78.0,78000.0,1.0000000000000002e-10,5.411313629632665e-22,0.8614634561040727,364052.08325242257,199678991.45497766,2.4512857385657373e-10,0.04894702640447765
1.7500000000000007,79.0,79000.0,1.0000000000000002e-10,5.411313629632665e-22,0.8614634561040727,364052.08325242257,199678991.45497766,2.3295068085997604e-10,0.046515357012870386
1.7500000000000007,80.0,80000.0,1.0000000000000002e-10,5.411313629632665e-22,0.8614634561040727,364052.08325242257,199678991.45497766,2.2151972384036169e-10,0.04423283504382859
1.7500000000000007,81.0,81000.0,1.0000000000000002e-10,5.411313629632665e-22,0.8614634561040727,364052.08325242257,199678991.45497766,2.1078139467350399e-10,0.04208861630587887
1.7500000000000007,82.0,82000.0,1.0000000000000002e-10,5.411313629632665e-22,0.8614634561040727,364052.08325242257,199678991.45497766,2.0068593664903927e-10,0.0400727654292777
1.7500000000000007,83.0,83000.0,1.0000000000000002e-10,5.411313629632665e-22,0.8614634561040727,364052.08325242257,199678991.45497766,1.911877137099143e-10,0.03817616985217869
1.7500000000000007,84.0,84000.0,1.0000000000000002e-10,5.411313629632665e-22,0.8614634561040727,364052.08325242257,199678991.45497766,1.822448250186798e-10,0.03639046285761886
1.7500000000000007,85.0,85000.0,1.0000000000000002e-10,5.411313629632665e-22,0.8614634561040727,364052.08325242257,199678991.45497766,1.738187596125758e-10,0.03470795461539434
1.7500000000000007,86.0,86000.0,1.0000000000000002e-10,5.411313629632665e-22,0.8614634561040727,364052.08325242257,199678991.45497766,1.6587408656757906e-10,0.03312157031432984
1.7500000000000007,87.0,87000.0,1.0000000000000002e-10,5.411313629632665e-22,0.8614634561040727,364052.08325242257,199678991.45497766,1.583781766605941e-10,0.03162479458406571
1.7500000000000007,88.0,88000.0,1.0000000000000002e-10,5.411313629632665e-22,0.8614634561040727,364052.08325242257,199678991.45497766,1.5130095201172166e-10,0.030211621503878554
1.7500000000000007,89.0,89000.0,1.0000000000000002e-10,5.411313629632665e-22,0.8614634561040727,364052.08325242257,199678991.45497766,1.44614660615983e-10,0.028876509581403365
1.7500000000000007,90.0,90000.0,1.0000000000000002e-10,5.411313629632665e-22,0.8614634561040727,364052.08325242257,199678991.45497766,1.3829367304528598e-10,0.027614341158287134
1.7500000000000007,91.0,91000.0,1.0000000000000002e-10,5.411313629632665e-22,0.8614634561040727,364052.08325242257,199678991.45497766,1.3231429892466456e-10,0.026420385764349456
1.7500000000000007,92.0,92000.0,1.0000000000000002e-10,5.411313629632665e-22,0.8614634561040727,364052.08325242257,199678991.45497766,1.2665462106859917e-10,0.025290266998090248
1.7500000000000007,93.0,93000.0,1.0000000000000002e-10,5.411313629632665e-22,0.8614634561040727,364052.08325242257,199678991.45497766,1.2129434540923452e-10,0.02421993256050765
1.7500000000000007,94.0,94000.0,1.0000000000000002e-10,5.411313629632665e-22,0.8614634561040727,364052.08325242257,199678991.45497766,1.1621466506341826e-10,0.023205627112141386
1.7500000000000007,95.0,95000.0,1.0000000000000002e-10,5.411313629632665e-22,0.8614634561040727,364052.08325242257,199678991.45497766,1.1139813707385564e-10,0.02224386766087085
1.7500000000000007,96.0,96000.0,1.0000000000000002e-10,5.411313629632665e-22,0.8614634561040727,364052.08325242257,199678991.45497766,1.068285705248658e-10,0.021331421220982156
1.7500000000000007,97.0,97000.0,1.0000000000000002e-10,5.411313629632665e-22,0.8614634561040727,364052.08325242257,199678991.45497766,1.024909248783034e-10,0.020465284512987503
1.7500000000000007,98.0,98000.0,1.0000000000000002e-10,5.411313629632665e-22,0.8614634561040727,364052.08325242257,199678991.45497766,9.837121750279428e-11,0.01964266549915621
1.7500000000000007,99.0,99000.0,1.0000000000000002e-10,5.411313629632665e-22,0.8614634561040727,364052.08325242257,199678991.45497766,9.445643948178813e-11,0.018860966572151586
1.7500000000000007,100.0,100000.0,1.0000000000000002e-10,5.411313629632665e-22,0.8614634561040727,364052.08325242257,199678991.45497766,9.073447888501216e-11,0.018117769233952193
1.8000000000000007,1.0,1000.0,1.0000000000000002e-10,6.244583195667735e-22,0.8617911511078109,315473.4172437184,240863145.35056955,0.007086591906524104,1706898.816421285
1.8000000000000007,2.0,2000.0,1.0000000000000002e-10,6.244583195667735e-22,0.8617911511078109,315473.4172437184,240863145.35056955,0.0004429119941577565,106681.17602633031
1.8000000000000007,3.0,3000.0,1.0000000000000002e-10,6.244583195667735e-22,0.8617911511078109,315473.4172437184,240863145.35056955,8.748878896943339e-05,21072.82489408994
1.8000000000000007,4.0,4000.0,1.0000000000000002e-10,6.244583195667735e-22,0.8617911511078109,315473.4172437184,240863145.35056955,2.768199963485978e-05,6667.573501645645
1.8000000000000007,5.0,5000.0,1.0000000000000002e-10,6.244583195667735e-22,0.8617911511078109,315473.4172437184,240863145.35056955,1.1338547050438566e-05,2731.0381062740557
1.8000000000000007,6.0,6000.0,1.0000000000000002e-10,6.244583195667735e-22,0.8617911511078109,315473.4172437184,240863145.35056955,5.468049310589587e-06,1317.0515558806212
1.8000000000000007,7.0,7000.0,1.0000000000000002e-10,6.244583195667735e-22,0.8617911511078109,315473.4172437184,240863145.35056955,2.9515168290396102e-06,710.9116269976198
1.8000000000000007,8.0,8000.0,1.0000000000000002e-10,6.244583195667735e-22,0.8617911511078109,315473.4172437184,240863145.35056955,1.7301249771787363e-06,416.7233438528528
1.8000000000000007,9.0,9000.0,1.0000000000000002e-10,6.244583195667735e-22,0.8617911511078109,315473.4172437184,240863145.35056955,1.080108505795474e-06,260.1583320258017
1.8000000000000007,10.0,10000.0,1.0000000000000002e-10,6.244583195667735e-22,0.8617911511078109,315473.4172437184,240863145.35056955,7.086591906524104e-07,170.68988164212848
1.8000000000000007,11.0,11000.0,1.0000000000000002e-10,6.244583195667735e-22,0.8617911511078109,315473.4172437184,240863145.35056955,4.840237624837172e-07,116.58348585624512
1.8000000000000007,12.0,12000.0,1.0000000000000002e-10,6.244583195667735e-22,0.8617911511078109,315473.4172437184,240863145.35056955,3.417530819118492e-07,82.31572224253883
1.8000000000000007,13.0,13000.0,1.0000000000000002e-10,6.244583195667735e-22,0.8617911511078109,315473.4172437184,240863145.35056955,2.481212809959072e-07,59.763272169086704
1.8000000000000007,14.0,14000.0,1.0000000000000002e-10,6.244583195667735e-22,0.8617911511078109,315473.4172437184,240863145.35056955,1.8446980181497564e-07,44.43197668735124
1.8000000000000007,15.0,15000.0,1.0000000000000002e-10,6.244583195667735e-22,0.8617911511078109,315473.4172437184,240863145.35056955,1.3998206235109339e-07,33.716519830543895
1.8000000000000007,16.0,16000.0,1.0000000000000002e-10,6.244583195667735e-22,0.8617911511078109,315473.4172437184,240863145.35056955,1.0813281107367102e-07,26.0452089908033
1.8000000000000007,17.0,17000.0,1.0000000000000002e-10,6.244583195667735e-22,0.8617911511078109,315473.4172437184,240863145.35056955,8.484802512570617e-08,20.436762208561742
1.8000000000000007,18.0,18000.0,1.0000000000000002e-10,6.244583195667735e-22,0.8617911511078109,315473.4172437184,240863145.35056955,6.750678161221712e-08,16.259895751612607
1.8000000000000007,19.0,19000.0,1.0000000000000002e-10,6.244583195667735e-22,0.8617911511078109,315473.4172437184,240863145.35056955,5.437797366904875e-08,13.097649775717533
1.8000000000000007,20.0,20000.0,1.0000000000000002e-10,6.244583195667735e-22,0.8617911511078109,315473.4172437184,240863145.35056955,4.429119941577565e-08,10.66811760263303
1.8000000000000007,21.0,21000.0,1.0000000000000002e-10,6.244583195667735e-22,0.8617911511078109,315473.4172437184,240863145.35056955,3.6438479370859376e-08,8.776686753057032
1.8000000000000007,22.0,22000.0,1.0000000000000002e-10,6.244583195667735e-22,0.8617911511078109,315473.4172437184,240863145.35056955,3.0251485155232323e-08,7.28646786601532
1.8000000000000007,23.0,23000.0,1.0000000000000002e-10,6.244583195667735e-22,0.8617911511078109,315473.4172437184,240863145.35056955,2.5323637017177976e-08,6.0995308636736025
1.8000000000000007,24.0,24000.0,1.0000000000000002e-10,6.244583195667735e-22,0.8617911511078109,315473.4172437184,240863145.35056955,2.1359567619490574e-08,5.144732640158677
1.8000000000000007,25.0,25000.0,1.0000000000000002e-10,6.244583195667735e-22,0.8617911511078109,315473.4172437184,240863145.35056955,1.814167528070171e-08,4.36966097003849
1.8000000000000007,26.0,26000.0,1.0000000000000002e-10,6.244583195667735e-22,0.8617911511078109,315473.4172437184,240863145.35056955,1.55075800622442e-08,3.735204510567919
1.8000000000000007,27.0,27000.0,1.0000000000000002e-10,6.244583195667735e-22,0.8617911511078109,315473.4172437184,240863145.35056955,1.3334672911055229e-08,3.211831259577798
1.8000000000000007,28.0,28000.0,1.0000000000000002e-10,6.244583195667735e-22,0.8617911511078109,315473.4172437184,240863145.35056955,1.1529362613435977e-08,2.7769985429594524
1.8000000000000007,29.0,29000.0,1.0000000000000002e-10,6.244583195667735e-22,0.8617911511078109,315473.4172437184,240863145.35056955,1.0019485758169815e-08,2.4133248545080175
1.8000000000000007,30.0,30000.0,1.0000000000000002e-10,6.244583195667735e-22,0.8617911511078109,315473.4172437184,240863145.35056955,8.748878896943337e-09,2.1072824894089934
1.8000000000000007,31.0,31000.0,1.0000000000000002e-10,6.244583195667735e-22,0.8617911511078109,315473.4172437184,240863145.35056955,7.67344966332558e-09,1.8482512215978684
1.8000000000000007,32.0,32000.0,1.0000000000000002e-10,6.244583195667735e-22,0.8617911511078109,315473.4172437184,240863145.35056955,6.7583006921044386e-09,1.6278255619252062
1.8000000000000007,33.0,33000.0,1.0000000000000002e-10,6.244583195667735e-22,0.8617911511078109,315473.4172437184,240863145.35056955,5.9756020059718186e-09,1.439302294521545
1.8000000000000007,34.0,34000.0,1.0000000000000002e-10,6.244583195667735e-22,0.8617911511078109,315473.4172437184,240863145.35056955,5.303001570356635e-09,1.2772976380351089
1.8000000000000007,35.0,35000.0,1.0000000000000002e-10,6.244583195667735e-22,0.8617911511078109,315473.4172437184,240863145.35056955,4.722426926463375e-09,1.1374586031961913
1.8000000000000007,36.0,36000.0,1.0000000000000002e-10,6.244583195667735e-22,0.8617911511078109,315473.4172437184,240863145.35056955,4.21917385076357e-09,1.016243484475788
1.8000000000000007,37.0,37000.0,1.0000000000000002e-10,6.244583195667735e-22,0.8617911511078109,315473.4172437184,240863145.35056955,3.781207647861686e-09,0.9107535672875945
1.8000000000000007,38.0,38000.0,1.0000000000000002e-10,6.244583195667735e-22,0.8617911511078109,315473.4172437184,240863145.35056955,3.398623354315547e-09,0.8186031109823458
1.8000000000000007,39.0,39000.0,1.0000000000000002e-10,6.244583195667735e-22,0.8617911511078109,315473.4172437184,240863145.35056955,3.0632256913074946e-09,0.737818174926996
1.8000000000000007,40.0,40000.0,1.0000000000000002e-10,6.244583195667735e-22,0.8617911511078109,315473.4172437184,240863145.35056955,2.768199963485978e-09,0.6667573501645644
1.8000000000000007,41.0,41000.0,1.0000000000000002e-10,6.244583195667735e-22,0.8617911511078109,315473.4172437184,240863145.35056955,2.507852541854779e-09,0.604049251306563
1.8000000000000007,42.0,42000.0,1.0000000000000002e-10,6.244583195667735e-22,0.8617911511078109,315473.4172437184,240863145.35056955,2.277404960678711e-09,0.5485429220660645
1.8000000000000007,43.0,43000.0,1.0000000000000002e-10,6.244583195667735e-22,0.8617911511078109,315473.4172437184,240863145.35056955,2.0728295991852416e-09,0.4992682570355177
1.8000000000000007,44.0,44000.0,1.0000000000000002e-10,6.244583195667735e-22,0.8617911511078109,315473.4172437184,240863145.35056955,1.8907178222020202e-09,0.4554042416259575
1.8000000000000007,45.0,45000.0,1.0000000000000002e-10,6.244583195667735e-22,0.8617911511078109,315473.4172437184,240863145.35056955,1.7281736092727579e-09,0.41625333124128266
1.8000000000000007,46.0,46000.0,1.0000000000000002e-10,6.244583195667735e-22,0.8617911511078109,315473.4172437184,240863145.35056955,1.5827273135736235e-09,0.38122067897960016
1.8000000000000007,47.0,47000.0,1.0000000000000002e-10,6.244583195667735e-22,0.8617911511078109,315473.4172437184,240863145.35056955,1.45226540557141e-09,0.34979721346975035
1.8000000000000007,48.0,48000.0,1.0000000000000002e-10,6.244583195667735e-22,0.8617911511078109,315473.4172437184,240863145.35056955,1.3349729762181609e-09,0.3215457900099173
1.8000000000000007,49.0,49000.0,1.0000000000000002e-10,6.244583195667735e-22,0.8617911511078109,315473.4172437184,240863145.35056955,1.2292864760681426e-09,0.29608980716269045
1.8000000000000007,50.0,50000.0,1.0000000000000002e-10,6.244583195667735e-22,0.8617911511078109,315473.4172437184,240863145.35056955,1.1338547050438568e-09,0.27310381062740563
1.8000000000000007,51.0,51000.0,1.0000000000000002e-10,6.244583195667735e-22,0.8617911511078109,315473.4172437184,240863145.35056955,1.0475064830334091e-09,0.25230570627853993
1.8000000000000007,52.0,52000.0,1.0000000000000002e-10,6.244583195667735e-22,0.8617911511078109,315473.4172437184,240863145.35056955,9.692237538902625e-10,0.23345028191049494
1.8000000000000007,53.0,53000.0,1.0000000000000002e-10,6.244583195667735e-22,0.8617911511078109,315473.4172437184,240863145.35056955,8.98119126897854e-10,0.21632379780412442
1.8000000000000007,54.0,54000.0,1.0000000000000002e-10,6.244583195667735e-22,0.8617911511078109,315473.4172437184,240863145.35056955,8.334170569409518e-10,0.20073945372361238
1.8000000000000007,55.0,55000.0,1.0000000000000002e-10,6.244583195667735e-22,0.8617911511078109,315473.4172437184,240863145.35056955,7.744380199739476e-10,0.1865335773699922
1.8000000000000007,56.0,56000.0,1.0000000000000002e-10,6.244583195667735e-22,0.8617911511078109,315473.4172437184,240863145.35056955,7.205851633397486e-10,0.17356240893496577
1.8000000000000007,57.0,57000.0,1.0000000000000002e-10,6.244583195667735e-22,0.8617911511078109,315473.4172437184,240863145.35056955,6.713330082598611e-10,0.16169937994713005
1.8000000000000007,58.0,58000.0,1.0000000000000002e-10,6.244583195667735e-22,0.8617911511078109,315473.4172437184,240863145.35056955,6.262178598856134e-10,0.1508328034067511
1.8000000000000007,59.0,59000.0,1.0000000000000002e-10,6.244583195667735e-22,0.8617911511078109,315473.4172437184,240863145.35056955,5.848296429003067e-10,0.14086390728321824
1.8000000000000007,60.0,60000.0,1.0000000000000002e-10,6.244583195667735e-22,0.8617911511078109,315473.4172437184,240863145.35056955,5.468049310589585e-10,0.1317051555880621
1.8000000000000007,61.0,61000.0,1.0000000000000002e-10,6.244583195667735e-22,0.8617911511078109,315473.4172437184,240863145.35056955,5.118209797818783e-10,0.12327881104667346
1.8000000000000007,62.0,62000.0,1.0000000000000002e-10,6.244583195667735e-22,0.8617911511078109,315473.4172437184,240863145.35056955,4.795906039578488e-10,0.11551570134986677
1.8000000000000007,63.0,63000.0,1.0000000000000002e-10,6.244583195667735e-22,0.8617911511078109,315473.4172437184,240863145.35056955,4.4985777001060955e-10,0.10835415744514854
1.8000000000000007,64.0,64000.0,1.0000000000000002e-10,6.244583195667735e-22,0.8617911511078109,315473.4172437184,240863145.35056955,4.223937932565274e-10,0.10173909762032539
1.8000000000000007,65.0,65000.0,1.0000000000000002e-10,6.244583195667735e-22,0.8617911511078109,315473.4172437184,240863145.35056955,3.969940495934515e-10,0.09562123547053873
1.8000000000000007,66.0,66000.0,1.0000000000000002e-10,6.244583195667735e-22,0.8617911511078109,315473.4172437184,240863145.35056955,3.7347512537323866e-10,0.08995639340759656
1.8000000000000007,67.0,67000.0,1.0000000000000002e-10,6.244583195667735e-22,0.8617911511078109,315473.4172437184,240863145.35056955,3.516723415299874e-10,0.0847049063137125
1.8000000000000007,68.0,68000.0,1.0000000000000002e-10,6.244583195667735e-22,0.8617911511078109,315473.4172437184,240863145.35056955,3.314375981472897e-10,0.0798311023771943
1.8000000000000007,69.0,69000.0,1.0000000000000002e-10,6.244583195667735e-22,0.8617911511078109,315473.4172437184,240863145.35056955,3.126374940392344e-10,0.07530285016880993
1.8000000000000007,70.0,70000.0,1.0000000000000002e-10,6.244583195667735e-22,0.8617911511078109,315473.4172437184,240863145.35056955,2.9515168290396095e-10,0.07109116269976196
1.8000000000000007,71.0,71000.0,1.0000000000000002e-10,6.244583195667735e-22,0.8617911511078109,315473.4172437184,240863145.35056955,2.788714334374064e-10,0.0671698506061557
1.8000000000000007,72.0,72000.0,1.0000000000000002e-10,6.244583195667735e-22,0.8617911511078109,315473.4172437184,240863145.35056955,2.6369836567272313e-10,0.06351521777973675
1.8000000000000007,73.0,73000.0,1.0000000000000002e-10,6.244583195667735e-22,0.8617911511078109,315473.4172437184,240863145.35056955,2.4954333990348564e-10,0.06010579375043984
1.8000000000000007,74.0,74000.0,1.0000000000000002e-10,6.244583195667735e-22,0.8617911511078109,315473.4172437184,240863145.35056955,2.363254779913554e-10,0.056922097955474656
1.8000000000000007,75.0,75000.0,1.0000000000000002e-10,6.244583195667735e-22,0.8617911511078109,315473.4172437184,240863145.35056955,2.2397129976174945e-10,0.05394643172887024
1.8000000000000007,76.0,76000.0,1.0000000000000002e-10,6.244583195667735e-22,0.8617911511078109,315473.4172437184,240863145.35056955,2.124139596447217e-10,0.051162694436396615
1.8000000000000007,77.0,77000.0,1.0000000000000002e-10,6.244583195667735e-22,0.8617911511078109,315473.4172437184,240863145.35056955,2.0159257079704999e-10,0.04855622068148483
1.8000000000000007,78.0,78000.0,1.0000000000000002e-10,6.244583195667735e-22,0.8617911511078109,315473.4172437184,240863145.35056955,1.9145160570671841e-10,0.04611363593293725
1.8000000000000007,79.0,79000.0,1.0000000000000002e-10,6.244583195667735e-22,0.8617911511078109,315473.4172437184,240863145.35056955,1.819403637831743e-10,0.04382272828704221
1.8000000000000007,80.0,80000.0,1.0000000000000002e-10,6.244583195667735e-22,0.8617911511078109,315473.4172437184,240863145.35056955,1.7301249771787362e-10,0.041672334385285274
1.8000000000000007,81.0,81000.0,1.0000000000000002e-10,6.244583195667735e-22,0.8617911511078109,315473.4172437184,240863145.35056955,1.64625591494509e-10,0.03965223777256541
1.8000000000000007,82.0,82000.0,1.0000000000000002e-10,6.244583195667735e-22,0.8617911511078109,315473.4172437184,240863145.35056955,1.567407838659237e-10,0.037753078206660184
1.8000000000000007,83.0,83000.0,1.0000000000000002e-10,6.244583195667735e-22,0.8617911511078109,315473.4172437184,240863145.35056955,1.4932243191924348e-10,0.03596627062346527
1.8000000000000007,84.0,84000.0,1.0000000000000002e-10,6.244583195667735e-22,0.8617911511078109,315473.4172437184,240863145.35056955,1.4233781004241944e-10,0.03428393262912903
1.8000000000000007,85.0,85000.0,1.0000000000000002e-10,6.244583195667735e-22,0.8617911511078109,315473.4172437184,240863145.35056955,1.3575684020112983e-10,0.03269881953369878
1.8000000000000007,86.0,86000.0,1.0000000000000002e-10,6.244583195667735e-22,0.8617911511078109,315473.4172437184,240863145.35056955,1.295518499490776e-10,0.031204266064719856
1.8000000000000007,87.0,87000.0,1.0000000000000002e-10,6.244583195667735e-22,0.8617911511078109,315473.4172437184,240863145.35056955,1.236973550391335e-10,0.02979413400627182
1.8000000000000007,88.0,88000.0,1.0000000000000002e-10,6.244583195667735e-22,0.8617911511078109,315473.4172437184,240863145.35056955,1.1816986388762626e-10,0.028462765101622343
1.8000000000000007,89.0,89000.0,1.0000000000000002e-10,6.244583195667735e-22,0.8617911511078109,315473.4172437184,240863145.35056955,1.1294770147792622e-10,0.02720493863809048
1.8000000000000007,90.0,90000.0,1.0000000000000002e-10,6.244583195667735e-22,0.8617911511078109,315473.4172437184,240863145.35056955,1.0801085057954737e-10,0.026015833202580167
1.8000000000000007,91.0,91000.0,1.0000000000000002e-10,6.244583195667735e-22,0.8617911511078109,315473.4172437184,240863145.35056955,1.0334080841145653e-10,0.024890992157054016
1.8000000000000007,92.0,92000.0,1.0000000000000002e-10,6.244583195667735e-22,0.8617911511078109,315473.4172437184,240863145.35056955,9.892045709835147e-11,0.02382629243622501
1.8000000000000007,93.0,93000.0,1.0000000000000002e-10,6.244583195667735e-22,0.8617911511078109,315473.4172437184,240863145.35056955,9.473394646080965e-11,0.02281791631602307
1.8000000000000007,94.0,94000.0,1.0000000000000002e-10,6.244583195667735e-22,0.8617911511078109,315473.4172437184,240863145.35056955,9.076658784821313e-11,0.021862325841859397
1.8000000000000007,95.0,95000.0,1.0000000000000002e-10,6.244583195667735e-22,0.8617911511078109,315473.4172437184,240863145.35056955,8.700475787047801e-11,0.020956239641148053
1.8000000000000007,96.0,96000.0,1.0000000000000002e-10,6.244583195667735e-22,0.8617911511078109,315473.4172437184,240863145.35056955,8.343581101363505e-11,0.02009661187561983
1.8000000000000007,97.0,97000.0,1.0000000000000002e-10,6.244583195667735e-22,0.8617911511078109,315473.4172437184,240863145.35056955,8.004800023761745e-11,0.019280613116255677
1.8000000000000007,98.0,98000.0,1.0000000000000002e-10,6.244583195667735e-22,0.8617911511078109,315473.4172437184,240863145.35056955,7.683040475425891e-11,0.018505612947668153
1.8000000000000007,99.0,99000.0,1.0000000000000002e-10,6.244583195667735e-22,0.8617911511078109,315473.4172437184,240863145.35056955,7.3772864271257e-11,0.017769164129895612
1.8000000000000007,100.0,100000.0,1.0000000000000002e-10,6.244583195667735e-22,0.8617911511078109,315473.4172437184,240863145.35056955,7.086591906524105e-11,0.017068988164212852
1.8500000000000008,1.0,1000.0,1.0000000000000002e-10,7.180715372732441e-22,0.8621624067282858,274345.9248476473,289557393.08335644,0.005253929656923145,1521314.1749019993
1.8500000000000008,2.0,2000.0,1.0000000000000002e-10,7.180715372732441e-22,0.8621624067282858,274345.9248476473,289557393.08335644,0.0003283706035576966,95082.13593137496
1.8500000000000008,3.0,3000.0,1.0000000000000002e-10,7.180715372732441e-22,0.8621624067282858,274345.9248476473,289557393.08335644,6.486332909781662e-05,18781.6564802716
1.8500000000000008,4.0,4000.0,1.0000000000000002e-10,7.180715372732441e-22,0.8621624067282858,274345.9248476473,289557393.08335644,2.0523162722356036e-05,5942.633495710935
1.8500000000000008,5.0,5000.0,1.0000000000000002e-10,7.180715372732441e-22,0.8621624067282858,274345.9248476473,289557393.08335644,8.406287451077032e-06,2434.1026798431985
1.8500000000000008,6.0,6000.0,1.0000000000000002e-10,7.180715372732441e-22,0.8621624067282858,274345.9248476473,289557393.08335644,4.0539580686135386e-06,1173.853530016975
1.8500000000000008,7.0,7000.0,1.0000000000000002e-10,7.180715372732441e-22,0.8621624067282858,274345.9248476473,289557393.08335644,2.1882255963861498e-06,633.6168991678464
1.8500000000000008,8.0,8000.0,1.0000000000000002e-10,7.180715372732441e-22,0.8621624067282858,274345.9248476473,289557393.08335644,1.2826976701472523e-06,371.4145934819334
1.8500000000000008,9.0,9000.0,1.0000000000000002e-10,7.180715372732441e-22,0.8621624067282858,274345.9248476473,289557393.08335644,8.007818407137854e-07,231.87230222557528
1.8500000000000008,10.0,10000.0,1.0000000000000002e-10,7.180715372732441e-22,0.8621624067282858,274345.9248476473,289557393.08335644,5.253929656923145e-07,152.1314174901999
1.8500000000000008,11.0,11000.0,1.0000000000000002e-10,7.180715372732441e-22,0.8621624067282858,274345.9248476473,289557393.08335644,3.5885046492200977e-07,103.90780512956759
1.8500000000000008,12.0,12000.0,1.0000000000000002e-10,7.180715372732441e-22,0.8621624067282858,274345.9248476473,289557393.08335644,2.5337237928834616e-07,73.36584562606093
1.8500000000000008,13.0,13000.0,1.0000000000000002e-10,7.180715372732441e-22,0.8621624067282858,274345.9248476473,289557393.08335644,1.8395468145103977e-07,53.26543800644234
1.8500000000000008,14.0,14000.0,1.0000000000000002e-10,7.180715372732441e-22,0.8621624067282858,274345.9248476473,289557393.08335644,1.3676409977413436e-07,39.6010561979904
1.8500000000000008,15.0,15000.0,1.0000000000000002e-10,7.180715372732441e-22,0.8621624067282858,274345.9248476473,289557393.08335644,1.0378132655650655e-07,30.050650368434546
1.8500000000000008,16.0,16000.0,1.0000000000000002e-10,7.180715372732441e-22,0.8621624067282858,274345.9248476473,289557393.08335644,8.016860438420327e-08,23.21341209262084
1.8500000000000008,17.0,17000.0,1.0000000000000002e-10,7.180715372732441e-22,0.8621624067282858,274345.9248476473,289557393.08335644,6.290549271348698e-08,18.214750480741365
1.8500000000000008,18.0,18000.0,1.0000000000000002e-10,7.180715372732441e-22,0.8621624067282858,274345.9248476473,289557393.08335644,5.0048865044611585e-08,14.492018889098455
1.8500000000000008,19.0,19000.0,1.0000000000000002e-10,7.180715372732441e-22,0.8621624067282858,274345.9248476473,289557393.08335644,4.031529574606659e-08,11.673591937615573
1.8500000000000008,20.0,20000.0,1.0000000000000002e-10,7.180715372732441e-22,0.8621624067282858,274345.9248476473,289557393.08335644,3.283706035576966e-08,9.508213593137494
1.8500000000000008,21.0,21000.0,1.0000000000000002e-10,7.180715372732441e-22,0.8621624067282858,274345.9248476473,289557393.08335644,2.701513081958209e-08,7.822430853924029
1.8500000000000008,22.0,22000.0,1.0000000000000002e-10,7.180715372732441e-22,0.8621624067282858,274345.9248476473,289557393.08335644,2.242815405762561e-08,6.4942378205979745
1.8500000000000008,23.0,23000.0,1.0000000000000002e-10,7.180715372732441e-22,0.8621624067282858,274345.9248476473,289557393.08335644,1.877469583414562e-08,5.436351981668158
1.8500000000000008,24.0,24000.0,1.0000000000000002e-10,7.180715372732441e-22,0.8621624067282858,274345.9248476473,289557393.08335644,1.5835773705521635e-08,4.585365351628808
1.8500000000000008,25.0,25000.0,1.0000000000000002e-10,7.180715372732441e-22,0.8621624067282858,274345.9248476473,289557393.08335644,1.3450059921723254e-08,3.8945642877491187
1.8500000000000008,26.0,26000.0,1.0000000000000002e-10,7.180715372732441e-22,0.8621624067282858,274345.9248476473,289557393.08335644,1.1497167590689985e-08,3.329089875402646
1.8500000000000008,27.0,27000.0,1.0000000000000002e-10,7.180715372732441e-22,0.8621624067282858,274345.9248476473,289557393.08335644,9.886195564367717e-09,2.862621015130558
1.8500000000000008,28.0,28000.0,1.0000000000000002e-10,7.180715372732441e-22,0.8621624067282858,274345.9248476473,289557393.08335644,8.547756235883398e-09,2.4750660123744
1.8500000000000008,29.0,29000.0,1.0000000000000002e-10,7.180715372732441e-22,0.8621624067282858,274345.9248476473,289557393.08335644,7.4283483607267076e-09,2.1509331862470495
1.8500000000000008,30.0,30000.0,1.0000000000000002e-10,7.180715372732441e-22,0.8621624067282858,274345.9248476473,289557393.08335644,6.486332909781659e-09,1.8781656480271591
1.8500000000000008,31.0,31000.0,1.0000000000000002e-10,7.180715372732441e-22,0.8621624067282858,274345.9248476473,289557393.08335644,5.689020235515105e-09,1.6472978685942163
1.8500000000000008,32.0,32000.0,1.0000000000000002e-10,7.180715372732441e-22,0.8621624067282858,274345.9248476473,289557393.08335644,5.010537774012704e-09,1.4508382557888024
1.8500000000000008,33.0,33000.0,1.0000000000000002e-10,7.180715372732441e-22,0.8621624067282858,274345.9248476473,289557393.08335644,4.430252653358147e-09,1.2828124090070077
1.8500000000000008,34.0,34000.0,1.0000000000000002e-10,7.180715372732441e-22,0.8621624067282858,274345.9248476473,289557393.08335644,3.9315932945929365e-09,1.1384219050463353
1.8500000000000008,35.0,35000.0,1.0000000000000002e-10,7.180715372732441e-22,0.8621624067282858,274345.9248476473,289557393.08335644,3.5011609542178384e-09,1.013787038668554
1.8500000000000008,36.0,36000.0,1.0000000000000002e-10,7.180715372732441e-22,0.8621624067282858,274345.9248476473,289557393.08335644,3.128054065288224e-09,0.9057511805686534
1.8500000000000008,37.0,37000.0,1.0000000000000002e-10,7.180715372732441e-22,0.8621624067282858,274345.9248476473,289557393.08335644,2.803350222805376e-09,0.8117307824151712
1.8500000000000008,38.0,38000.0,1.0000000000000002e-10,7.180715372732441e-22,0.8621624067282858,274345.9248476473,289557393.08335644,2.519705984129162e-09,0.7295994961009733
1.8500000000000008,39.0,39000.0,1.0000000000000002e-10,7.180715372732441e-22,0.8621624067282858,274345.9248476473,289557393.08335644,2.2710454500128355e-09,0.6575980000795347
1.8500000000000008,40.0,40000.0,1.0000000000000002e-10,7.180715372732441e-22,0.8621624067282858,274345.9248476473,289557393.08335644,2.0523162722356036e-09,0.5942633495710934
1.8500000000000008,41.0,41000.0,1.0000000000000002e-10,7.180715372732441e-22,0.8621624067282858,274345.9248476473,289557393.08335644,1.859297250164874e-09,0.5383732647247941
1.8500000000000008,42.0,42000.0,1.0000000000000002e-10,7.180715372732441e-22,0.8621624067282858,274345.9248476473,289557393.08335644,1.6884456762238807e-09,0.4889019283702518
1.8500000000000008,43.0,43000.0,1.0000000000000002e-10,7.180715372732441e-22,0.8621624067282858,274345.9248476473,289557393.08335644,1.5367755119186946e-09,0.4449847109855178
1.8500000000000008,44.0,44000.0,1.0000000000000002e-10,7.180715372732441e-22,0.8621624067282858,274345.9248476473,289557393.08335644,1.4017596286016006e-09,0.4058898637873734
1.8500000000000008,45.0,45000.0,1.0000000000000002e-10,7.180715372732441e-22,0.8621624067282858,274345.9248476473,289557393.08335644,1.2812509451420563e-09,0.3709956835609204
1.8500000000000008,46.0,46000.0,1.0000000000000002e-10,7.180715372732441e-22,0.8621624067282858,274345.9248476473,289557393.08335644,1.1734184896341012e-09,0.33977199885425985
1.8500000000000008,47.0,47000.0,1.0000000000000002e-10,7.180715372732441e-22,0.8621624067282858,274345.9248476473,289557393.08335644,1.0766953120343614e-09,0.3117650876977407
1.8500000000000008,48.0,48000.0,1.0000000000000002e-10,7.180715372732441e-22,0.8621624067282858,274345.9248476473,289557393.08335644,9.897358565951022e-10,0.2865853344768005
1.8500000000000008,49.0,49000.0,1.0000000000000002e-10,7.180715372732441e-22,0.8621624067282858,274345.9248476473,289557393.08335644,9.113809231096001e-10,0.26389708420151875
1.8500000000000008,50.0,50000.0,1.0000000000000002e-10,7.180715372732441e-22,0.8621624067282858,274345.9248476473,289557393.08335644,8.406287451077034e-10,0.24341026798431992
1.8500000000000008,51.0,51000.0,1.0000000000000002e-10,7.180715372732441e-22,0.8621624067282858,274345.9248476473,289557393.08335644,7.7661102115416e-10,0.22487346272520195
1.8500000000000008,52.0,52000.0,1.0000000000000002e-10,7.180715372732441e-22,0.8621624067282858,274345.9248476473,289557393.08335644,7.185729744181241e-10,0.20806811721266538
1.8500000000000008,53.0,53000.0,1.0000000000000002e-10,7.180715372732441e-22,0.8621624067282858,274345.9248476473,289557393.08335644,6.658567021355412e-10,0.19280373083744828
1.8500000000000008,54.0,54000.0,1.0000000000000002e-10,7.180715372732441e-22,0.8621624067282858,274345.9248476473,289557393.08335644,6.178872227729823e-10,0.17891381344565987
1.8500000000000008,55.0,55000.0,1.0000000000000002e-10,7.180715372732441e-22,0.8621624067282858,274345.9248476473,289557393.08335644,5.741607438752157e-10,0.16625248820730817
1.8500000000000008,56.0,56000.0,1.0000000000000002e-10,7.180715372732441e-22,0.8621624067282858,274345.9248476473,289557393.08335644,5.342347647427124e-10,0.1546916257734
1.8500000000000008,57.0,57000.0,1.0000000000000002e-10,7.180715372732441e-22,0.8621624067282858,274345.9248476473,289557393.08335644,4.977197005687233e-10,0.14411841898290828
1.8500000000000008,58.0,58000.0,1.0000000000000002e-10,7.180715372732441e-22,0.8621624067282858,274345.9248476473,289557393.08335644,4.642717725454192e-10,0.1344333241404406
1.8500000000000008,59.0,59000.0,1.0000000000000002e-10,7.180715372732441e-22,0.8621624067282858,274345.9248476473,289557393.08335644,4.3358695485949e-10,0.12554830832406488
1.8500000000000008,60.0,60000.0,1.0000000000000002e-10,7.180715372732441e-22,0.8621624067282858,274345.9248476473,289557393.08335644,4.053958068613537e-10,0.11738535300169745
1.8500000000000008,61.0,61000.0,1.0000000000000002e-10,7.180715372732441e-22,0.8621624067282858,274345.9248476473,289557393.08335644,3.794590488886261e-10,0.10987517297808047
1.8500000000000008,62.0,62000.0,1.0000000000000002e-10,7.180715372732441e-22,0.8621624067282858,274345.9248476473,289557393.08335644,3.5556376471969406e-10,0.10295611678713852
1.8500000000000008,63.0,63000.0,1.0000000000000002e-10,7.180715372732441e-22,0.8621624067282858,274345.9248476473,289557393.08335644,3.335201335750875e-10,0.09657322041881515
1.8500000000000008,64.0,64000.0,1.0000000000000002e-10,7.180715372732441e-22,0.8621624067282858,274345.9248476473,289557393.08335644,3.13158610875794e-10,0.09067739098680015
1.8500000000000008,65.0,65000.0,1.0000000000000002e-10,7.180715372732441e-22,0.8621624067282858,274345.9248476473,289557393.08335644,2.943274903216636e-10,0.08522470081030774
1.8500000000000008,66.0,66000.0,1.0000000000000002e-10,7.180715372732441e-22,0.8621624067282858,274345.9248476473,289557393.08335644,2.7689079083488416e-10,0.08017577556293798
1.8500000000000008,67.0,67000.0,1.0000000000000002e-10,7.180715372732441e-22,0.8621624067282858,274345.9248476473,289557393.08335644,2.6072642097296444e-10,0.07549526276488533
1.8500000000000008,68.0,68000.0,1.0000000000000002e-10,7.180715372732441e-22,0.8621624067282858,274345.9248476473,289557393.08335644,2.4572458091205853e-10,0.07115136906539596
1.8500000000000008,69.0,69000.0,1.0000000000000002e-10,7.180715372732441e-22,0.8621624067282858,274345.9248476473,289557393.08335644,2.317863683227855e-10,0.06711545656380444
1.8500000000000008,70.0,70000.0,1.0000000000000002e-10,7.180715372732441e-22,0.8621624067282858,274345.9248476473,289557393.08335644,2.188225596386149e-10,0.06336168991678462
1.8500000000000008,71.0,71000.0,1.0000000000000002e-10,7.180715372732441e-22,0.8621624067282858,274345.9248476473,289557393.08335644,2.0675254253833686e-10,0.05986672723075658
1.8500000000000008,72.0,72000.0,1.0000000000000002e-10,7.180715372732441e-22,0.8621624067282858,274345.9248476473,289557393.08335644,1.95503379080514e-10,0.05660944878554084
1.8500000000000008,73.0,73000.0,1.0000000000000002e-10,7.180715372732441e-22,0.8621624067282858,274345.9248476473,289557393.08335644,1.8500898196205687e-10,0.0535707185139389
1.8500000000000008,74.0,74000.0,1.0000000000000002e-10,7.180715372732441e-22,0.8621624067282858,274345.9248476473,289557393.08335644,1.75209388925336e-10,0.0507331739009482
1.8500000000000008,75.0,75000.0,1.0000000000000002e-10,7.180715372732441e-22,0.8621624067282858,274345.9248476473,289557393.08335644,1.660501224904105e-10,0.048081040589495284
1.8500000000000008,76.0,76000.0,1.0000000000000002e-10,7.180715372732441e-22,0.8621624067282858,274345.9248476473,289557393.08335644,1.5748162400807263e-10,0.04559996850631083
1.8500000000000008,77.0,77000.0,1.0000000000000002e-10,7.180715372732441e-22,0.8621624067282858,274345.9248476473,289557393.08335644,1.494587525705996e-10,0.04327688676783322
1.8500000000000008,78.0,78000.0,1.0000000000000002e-10,7.180715372732441e-22,0.8621624067282858,274345.9248476473,289557393.08335644,1.4194034062580222e-10,0.04109987500497092
1.8500000000000008,79.0,79000.0,1.0000000000000002e-10,7.180715372732441e-22,0.8621624067282858,274345.9248476473,289557393.08335644,1.34888799253669e-10,0.03905804906803659
1.8500000000000008,80.0,80000.0,1.0000000000000002e-10,7.180715372732441e-22,0.8621624067282858,274345.9248476473,289557393.08335644,1.2826976701472523e-10,0.03714145934819334
1.8500000000000008,81.0,81000.0,1.0000000000000002e-10,7.180715372732441e-22,0.8621624067282858,274345.9248476473,289557393.08335644,1.2205179709095947e-10,0.03534100018679701
1.8500000000000008,82.0,82000.0,1.0000000000000002e-10,7.180715372732441e-22,0.8621624067282858,274345.9248476473,289557393.08335644,1.1620607813530462e-10,0.03364832904529963
1.8500000000000008,83.0,83000.0,1.0000000000000002e-10,7.180715372732441e-22,0.8621624067282858,274345.9248476473,289557393.08335644,1.1070618484213011e-10,0.032055794281091385
1.8500000000000008,84.0,84000.0,1.0000000000000002e-10,7.180715372732441e-22,0.8621624067282858,274345.9248476473,289557393.08335644,1.0552785476399254e-10,0.03055637052314074
1.8500000000000008,85.0,85000.0,1.0000000000000002e-10,7.180715372732441e-22,0.8621624067282858,274345.9248476473,289557393.08335644,1.0064878834157915e-10,0.029143600769186175
1.8500000000000008,86.0,86000.0,1.0000000000000002e-10,7.180715372732441e-22,0.8621624067282858,274345.9248476473,289557393.08335644,9.604846949491842e-11,0.02781154443659486
1.8500000000000008,87.0,87000.0,1.0000000000000002e-10,7.180715372732441e-22,0.8621624067282858,274345.9248476473,289557393.08335644,9.170800445341612e-11,0.026554730694408012
1.8500000000000008,88.0,88000.0,1.0000000000000002e-10,7.180715372732441e-22,0.8621624067282858,274345.9248476473,289557393.08335644,8.760997678760004e-11,0.025368116486710838
1.8500000000000008,89.0,89000.0,1.0000000000000002e-10,7.180715372732441e-22,0.8621624067282858,274345.9248476473,289557393.08335644,8.373831685296585e-11,0.024247048729132883
1.8500000000000008,90.0,90000.0,1.0000000000000002e-10,7.180715372732441e-22,0.8621624067282858,274345.9248476473,289557393.08335644,8.007818407137852e-11,0.023187230222557524
1.8500000000000008,91.0,91000.0,1.0000000000000002e-10,7.180715372732441e-22,0.8621624067282858,274345.9248476473,289557393.08335644,7.661586066265711e-11,0.02218468888231667
1.8500000000000008,92.0,92000.0,1.0000000000000002e-10,7.180715372732441e-22,0.8621624067282858,274345.9248476473,289557393.08335644,7.333865560213132e-11,0.02123574992839124
1.8500000000000008,93.0,93000.0,1.0000000000000002e-10,7.180715372732441e-22,0.8621624067282858,274345.9248476473,289557393.08335644,7.023481772240871e-11,0.02033701072338539
1.8500000000000008,94.0,94000.0,1.0000000000000002e-10,7.180715372732441e-22,0.8621624067282858,274345.9248476473,289557393.08335644,6.729345700214759e-11,0.019485317981108793
1.8500000000000008,95.0,95000.0,1.0000000000000002e-10,7.180715372732441e-22,0.8621624067282858,274345.9248476473,289557393.08335644,6.450447319370655e-11,0.018677747100184914
1.8500000000000008,96.0,96000.0,1.0000000000000002e-10,7.180715372732441e-22,0.8621624067282858,274345.9248476473,289557393.08335644,6.185849103719389e-11,0.017911583404800032
1.8500000000000008,97.0,97000.0,1.0000000000000002e-10,7.180715372732441e-22,0.8621624067282858,274345.9248476473,289557393.08335644,5.934680139244713e-11,0.0171843050990327
1.8500000000000008,98.0,98000.0,1.0000000000000002e-10,7.180715372732441e-22,0.8621624067282858,274345.9248476473,289557393.08335644,5.6961307694350006e-11,0.016493567762594922
1.8500000000000008,99.0,99000.0,1.0000000000000002e-10,7.180715372732441e-22,0.8621624067282858,274345.9248476473,289557393.08335644,5.469447720195241e-11,0.01583719023465441
1.8500000000000008,100.0,100000.0,1.0000000000000002e-10,7.180715372732441e-22,0.8621624067282858,274345.9248476473,289557393.08335644,5.253929656923146e-11,0.015213141749019995
1.9000000000000008,1.0,1000.0,1.0000000000000002e-10,8.229672258485123e-22,0.8625761248985917,239377.69793552236,347052252.5027644,0.003640280812592458,1263367.655752806
1.9000000000000008,2.0,2000.0,1.0000000000000002e-10,8.229672258485123e-22,0.8625761248985917,239377.69793552236,347052252.5027644,0.0002275175507870286,78960.47848455037
1.9000000000000008,3.0,3000.0,1.0000000000000002e-10,8.229672258485123e-22,0.8625761248985917,239377.69793552236,347052252.5027644,4.494173842706739e-05,15597.131552503783
1.9000000000000008,4.0,4000.0,1.0000000000000002e-10,8.229672258485123e-22,0.8625761248985917,239377.69793552236,347052252.5027644,1.4219846924189288e-05,4935.029905284398
1.9000000000000008,5.0,5000.0,1.0000000000000002e-10,8.229672258485123e-22,0.8625761248985917,239377.69793552236,347052252.5027644,5.824449300147933e-06,2021.3882492044897
1.9000000000000008,6.0,6000.0,1.0000000000000002e-10,8.229672258485123e-22,0.8625761248985917,239377.69793552236,347052252.5027644,2.808858651691712e-06,974.8207220314864
1.9000000000000008,7.0,7000.0,1.0000000000000002e-10,8.229672258485123e-22,0.8625761248985917,239377.69793552236,347052252.5027644,1.516151941937717e-06,526.1839465859251
1.9000000000000008,8.0,8000.0,1.0000000000000002e-10,8.229672258485123e-22,0.8625761248985917,239377.69793552236,347052252.5027644,8.887404327618305e-07,308.4393690802749
1.9000000000000008,9.0,9000.0,1.0000000000000002e-10,8.229672258485123e-22,0.8625761248985917,239377.69793552236,347052252.5027644,5.548362768773752e-07,192.55717966054053
1.9000000000000008,10.0,10000.0,1.0000000000000002e-10,8.229672258485123e-22,0.8625761248985917,239377.69793552236,347052252.5027644,3.640280812592458e-07,126.33676557528061
1.9000000000000008,11.0,11000.0,1.0000000000000002e-10,8.229672258485123e-22,0.8625761248985917,239377.69793552236,347052252.5027644,2.4863607763079416e-07,86.2897107952193
1.9000000000000008,12.0,12000.0,1.0000000000000002e-10,8.229672258485123e-22,0.8625761248985917,239377.69793552236,347052252.5027644,1.75553665730732e-07,60.9262951269679
1.9000000000000008,13.0,13000.0,1.0000000000000002e-10,8.229672258485123e-22,0.8625761248985917,239377.69793552236,347052252.5027644,1.2745635000848917e-07,44.234013366226904
1.9000000000000008,14.0,14000.0,1.0000000000000002e-10,8.229672258485123e-22,0.8625761248985917,239377.69793552236,347052252.5027644,9.475949637110731e-08,32.88649666162032
1.9000000000000008,15.0,15000.0,1.0000000000000002e-10,8.229672258485123e-22,0.8625761248985917,239377.69793552236,347052252.5027644,7.19067814833078e-08,24.95541048400604
1.9000000000000008,16.0,16000.0,1.0000000000000002e-10,8.229672258485123e-22,0.8625761248985917,239377.69793552236,347052252.5027644,5.554627704761441e-08,19.27746056751718
1.9000000000000008,17.0,17000.0,1.0000000000000002e-10,8.229672258485123e-22,0.8625761248985917,239377.69793552236,347052252.5027644,4.35852158450265e-08,15.126347334835625
1.9000000000000008,18.0,18000.0,1.0000000000000002e-10,8.229672258485123e-22,0.8625761248985917,239377.69793552236,347052252.5027644,3.467726730483595e-08,12.034823728783783
1.9000000000000008,19.0,19000.0,1.0000000000000002e-10,8.229672258485123e-22,0.8625761248985917,239377.69793552236,347052252.5027644,2.7933186612997578e-08,9.694275333620874
1.9000000000000008,20.0,20000.0,1.0000000000000002e-10,8.229672258485123e-22,0.8625761248985917,239377.69793552236,347052252.5027644,2.2751755078702863e-08,7.896047848455038
1.9000000000000008,21.0,21000.0,1.0000000000000002e-10,8.229672258485123e-22,0.8625761248985917,239377.69793552236,347052252.5027644,1.871792520910761e-08,6.4960981059990734
1.9000000000000008,22.0,22000.0,1.0000000000000002e-10,8.229672258485123e-22,0.8625761248985917,239377.69793552236,347052252.5027644,1.5539754851924635e-08,5.393106924701207
1.9000000000000008,23.0,23000.0,1.0000000000000002e-10,8.229672258485123e-22,0.8625761248985917,239377.69793552236,347052252.5027644,1.3008389809186135e-08,4.514590984712054
1.9000000000000008,24.0,24000.0,1.0000000000000002e-10,8.229672258485123e-22,0.8625761248985917,239377.69793552236,347052252.5027644,1.097210410817075e-08,3.807893445435494
1.9000000000000008,25.0,25000.0,1.0000000000000002e-10,8.229672258485123e-22,0.8625761248985917,239377.69793552236,347052252.5027644,9.319118880236694e-09,3.234221198727184
1.9000000000000008,26.0,26000.0,1.0000000000000002e-10,8.229672258485123e-22,0.8625761248985917,239377.69793552236,347052252.5027644,7.966021875530573e-09,2.7646258353891815
1.9000000000000008,27.0,27000.0,1.0000000000000002e-10,8.229672258485123e-22,0.8625761248985917,239377.69793552236,347052252.5027644,6.849830578733024e-09,2.3772491316116104
1.9000000000000008,28.0,28000.0,1.0000000000000002e-10,8.229672258485123e-22,0.8625761248985917,239377.69793552236,347052252.5027644,5.922468523194207e-09,2.05540604135127
1.9000000000000008,29.0,29000.0,1.0000000000000002e-10,8.229672258485123e-22,0.8625761248985917,239377.69793552236,347052252.5027644,5.1468663976445835e-09,1.7862315766333414
1.9000000000000008,30.0,30000.0,1.0000000000000002e-10,8.229672258485123e-22,0.8625761248985917,239377.69793552236,347052252.5027644,4.494173842706737e-09,1.5597131552503776
1.9000000000000008,31.0,31000.0,1.0000000000000002e-10,8.229672258485123e-22,0.8625761248985917,239377.69793552236,347052252.5027644,3.941741240959824e-09,1.3679901764581488
1.9000000000000008,32.0,32000.0,1.0000000000000002e-10,8.229672258485123e-22,0.8625761248985917,239377.69793552236,347052252.5027644,3.4716423154759005e-09,1.2048412854698238
1.9000000000000008,33.0,33000.0,1.0000000000000002e-10,8.229672258485123e-22,0.8625761248985917,239377.69793552236,347052252.5027644,3.0695812053184475e-09,1.0653050715459178
1.9000000000000008,34.0,34000.0,1.0000000000000002e-10,8.229672258485123e-22,0.8625761248985917,239377.69793552236,347052252.5027644,2.7240759903141563e-09,0.9453967084272266
1.9000000000000008,35.0,35000.0,1.0000000000000002e-10,8.229672258485123e-22,0.8625761248985917,239377.69793552236,347052252.5027644,2.4258431071003465e-09,0.84189431453748
1.9000000000000008,36.0,36000.0,1.0000000000000002e-10,8.229672258485123e-22,0.8625761248985917,239377.69793552236,347052252.5027644,2.167329206552247e-09,0.7521764830489864
1.9000000000000008,37.0,37000.0,1.0000000000000002e-10,8.229672258485123e-22,0.8625761248985917,239377.69793552236,347052252.5027644,1.9423522379307106e-09,0.6740977193276385
1.9000000000000008,38.0,38000.0,1.0000000000000002e-10,8.229672258485123e-22,0.8625761248985917,239377.69793552236,347052252.5027644,1.7458241633123486e-09,0.6058922083513046
1.9000000000000008,39.0,39000.0,1.0000000000000002e-10,8.229672258485123e-22,0.8625761248985917,239377.69793552236,347052252.5027644,1.5735351852899887e-09,0.5460989304472453
1.9000000000000008,40.0,40000.0,1.0000000000000002e-10,8.229672258485123e-22,0.8625761248985917,239377.69793552236,347052252.5027644,1.421984692418929e-09,0.4935029905284399
1.9000000000000008,41.0,41000.0,1.0000000000000002e-10,8.229672258485123e-22,0.8625761248985917,239377.69793552236,347052252.5027644,1.2882479489923095e-09,0.4470893524798473
1.9000000000000008,42.0,42000.0,1.0000000000000002e-10,8.229672258485123e-22,0.8625761248985917,239377.69793552236,347052252.5027644,1.1698703255692257e-09,0.4060061316249421
1.9000000000000008,43.0,43000.0,1.0000000000000002e-10,8.229672258485123e-22,0.8625761248985917,239377.69793552236,347052252.5027644,1.0647828910171893e-09,0.36953530075392105
1.9000000000000008,44.0,44000.0,1.0000000000000002e-10,8.229672258485123e-22,0.8625761248985917,239377.69793552236,347052252.5027644,9.712346782452897e-10,0.3370691827938254
1.9000000000000008,45.0,45000.0,1.0000000000000002e-10,8.229672258485123e-22,0.8625761248985917,239377.69793552236,347052252.5027644,8.877380430038e-10,0.3080914874568647
1.9000000000000008,46.0,46000.0,1.0000000000000002e-10,8.229672258485123e-22,0.8625761248985917,239377.69793552236,347052252.5027644,8.130243630741334e-10,0.2821619365445034
1.9000000000000008,47.0,47000.0,1.0000000000000002e-10,8.229672258485123e-22,0.8625761248985917,239377.69793552236,347052252.5027644,7.460079485918153e-10,0.25890373894375596
1.9000000000000008,48.0,48000.0,1.0000000000000002e-10,8.229672258485123e-22,0.8625761248985917,239377.69793552236,347052252.5027644,6.857565067606719e-10,0.23799334033971836
1.9000000000000008,49.0,49000.0,1.0000000000000002e-10,8.229672258485123e-22,0.8625761248985917,239377.69793552236,347052252.5027644,6.31466864613793e-10,0.21915199774507502
1.9000000000000008,50.0,50000.0,1.0000000000000002e-10,8.229672258485123e-22,0.8625761248985917,239377.69793552236,347052252.5027644,5.824449300147933e-10,0.202138824920449
1.9000000000000008,51.0,51000.0,1.0000000000000002e-10,8.229672258485123e-22,0.8625761248985917,239377.69793552236,347052252.5027644,5.380890845064999e-10,0.18674502882513114
1.9000000000000008,52.0,52000.0,1.0000000000000002e-10,8.229672258485123e-22,0.8625761248985917,239377.69793552236,347052252.5027644,4.978763672206608e-10,0.17278911471182384
1.9000000000000008,53.0,53000.0,1.0000000000000002e-10,8.229672258485123e-22,0.8625761248985917,239377.69793552236,347052252.5027644,4.613509382498303e-10,0.16011288231386736
1.9000000000000008,54.0,54000.0,1.0000000000000002e-10,8.229672258485123e-22,0.8625761248985917,239377.69793552236,347052252.5027644,4.28114411170814e-10,0.14857807072572565
1.9000000000000008,55.0,55000.0,1.0000000000000002e-10,8.229672258485123e-22,0.8625761248985917,239377.69793552236,347052252.5027644,3.978177242092708e-10,0.13806353727235093
1.9000000000000008,56.0,56000.0,1.0000000000000002e-10,8.229672258485123e-22,0.8625761248985917,239377.69793552236,347052252.5027644,3.7015428269963793e-10,0.12846287758445438
1.9000000000000008,57.0,57000.0,1.0000000000000002e-10,8.229672258485123e-22,0.8625761248985917,239377.69793552236,347052252.5027644,3.448541557160195e-10,0.11968241152618363
1.9000000000000008,58.0,58000.0,1.0000000000000002e-10,8.229672258485123e-22,0.8625761248985917,239377.69793552236,347052252.5027644,3.2167914985278647e-10,0.11163947353958384
1.9000000000000008,59.0,59000.0,1.0000000000000002e-10,8.229672258485123e-22,0.8625761248985917,239377.69793552236,347052252.5027644,3.004186152902812e-10,0.10426095713025352
1.9000000000000008,60.0,60000.0,1.0000000000000002e-10,8.229672258485123e-22,0.8625761248985917,239377.69793552236,347052252.5027644,2.808858651691711e-10,0.0974820722031486
1.9000000000000008,61.0,61000.0,1.0000000000000002e-10,8.229672258485123e-22,0.8625761248985917,239377.69793552236,347052252.5027644,2.6291511021919556e-10,0.0912452812185844
1.9000000000000008,62.0,62000.0,1.0000000000000002e-10,8.229672258485123e-22,0.8625761248985917,239377.69793552236,347052252.5027644,2.46358827559989e-10,0.0854993860286343
1.9000000000000008,63.0,63000.0,1.0000000000000002e-10,8.229672258485123e-22,0.8625761248985917,239377.69793552236,347052252.5027644,2.3108549640873593e-10,0.08019874204937127
1.9000000000000008,64.0,64000.0,1.0000000000000002e-10,8.229672258485123e-22,0.8625761248985917,239377.69793552236,347052252.5027644,2.1697764471724378e-10,0.07530258034186399
1.9000000000000008,65.0,65000.0,1.0000000000000002e-10,8.229672258485123e-22,0.8625761248985917,239377.69793552236,347052252.5027644,2.0393016001358264e-10,0.07077442138596303
1.9000000000000008,66.0,66000.0,1.0000000000000002e-10,8.229672258485123e-22,0.8625761248985917,239377.69793552236,347052252.5027644,1.9184882533240297e-10,0.06658156697161986
1.9000000000000008,67.0,67000.0,1.0000000000000002e-10,8.229672258485123e-22,0.8625761248985917,239377.69793552236,347052252.5027644,1.8064904739505346e-10,0.06269465881093195
1.9000000000000008,68.0,68000.0,1.0000000000000002e-10,8.229672258485123e-22,0.8625761248985917,239377.69793552236,347052252.5027644,1.7025474939463477e-10,0.05908729427670166
1.9000000000000008,69.0,69000.0,1.0000000000000002e-10,8.229672258485123e-22,0.8625761248985917,239377.69793552236,347052252.5027644,1.6059740505168073e-10,0.05573569116928463
1.9000000000000008,70.0,70000.0,1.0000000000000002e-10,8.229672258485123e-22,0.8625761248985917,239377.69793552236,347052252.5027644,1.5161519419377165e-10,0.0526183946585925
1.9000000000000008,71.0,71000.0,1.0000000000000002e-10,8.229672258485123e-22,0.8625761248985917,239377.69793552236,347052252.5027644,1.4325226310657916e-10,0.04971602058725695
1.9000000000000008,72.0,72000.0,1.0000000000000002e-10,8.229672258485123e-22,0.8625761248985917,239377.69793552236,347052252.5027644,1.3545807540951543e-10,0.04701103019056165
1.9000000000000008,73.0,73000.0,1.0000000000000002e-10,8.229672258485123e-22,0.8625761248985917,239377.69793552236,347052252.5027644,1.281868413114903e-10,0.044487532018367124
1.9000000000000008,74.0,74000.0,1.0000000000000002e-10,8.229672258485123e-22,0.8625761248985917,239377.69793552236,347052252.5027644,1.213970148706694e-10,0.04213110745797741
1.9000000000000008,75.0,75000.0,1.0000000000000002e-10,8.229672258485123e-22,0.8625761248985917,239377.69793552236,347052252.5027644,1.150508503732925e-10,0.039928656774409675
1.9000000000000008,76.0,76000.0,1.0000000000000002e-10,8.229672258485123e-22,0.8625761248985917,239377.69793552236,347052252.5027644,1.0911401020702179e-10,0.03786826302195654
1.9000000000000008,77.0,77000.0,1.0000000000000002e-10,8.229672258485123e-22,0.8625761248985917,239377.69793552236,347052252.5027644,1.0355521767213415e-10,0.03593907155152823
1.9000000000000008,78.0,78000.0,1.0000000000000002e-10,8.229672258485123e-22,0.8625761248985917,239377.69793552236,347052252.5027644,9.83459490806243e-11,0.03413118315295283
1.9000000000000008,79.0,79000.0,1.0000000000000002e-10,8.229672258485123e-22,0.8625761248985917,239377.69793552236,347052252.5027644,9.346016026494165e-11,0.03243555913921736
1.9000000000000008,80.0,80000.0,1.0000000000000002e-10,8.229672258485123e-22,0.8625761248985917,239377.69793552236,347052252.5027644,8.887404327618306e-11,0.030843936908027492
1.9000000000000008,81.0,81000.0,1.0000000000000002e-10,8.229672258485123e-22,0.8625761248985917,239377.69793552236,347052252.5027644,8.456580961398796e-11,0.02934875471125445
1.9000000000000008,82.0,82000.0,1.0000000000000002e-10,8.229672258485123e-22,0.8625761248985917,239377.69793552236,347052252.5027644,8.051549681201934e-11,0.027943084529990458
1.9000000000000008,83.0,83000.0,1.0000000000000002e-10,8.229672258485123e-22,0.8625761248985917,239377.69793552236,347052252.5027644,7.670479561618832e-11,0.026620572096362323
1.9000000000000008,84.0,84000.0,1.0000000000000002e-10,8.229672258485123e-22,0.8625761248985917,239377.69793552236,347052252.5027644,7.31168953480766e-11,0.02537538322655888
1.9000000000000008,85.0,85000.0,1.0000000000000002e-10,8.229672258485123e-22,0.8625761248985917,239377.69793552236,347052252.5027644,6.97363453520424e-11,0.024202155735737
1.9000000000000008,86.0,86000.0,1.0000000000000002e-10,8.229672258485123e-22,0.8625761248985917,239377.69793552236,347052252.5027644,6.654893068857433e-11,0.023095956297120065
1.9000000000000008,87.0,87000.0,1.0000000000000002e-10,8.229672258485123e-22,0.8625761248985917,239377.69793552236,347052252.5027644,6.354156046474793e-11,0.02205224168683137
1.9000000000000008,88.0,88000.0,1.0000000000000002e-10,8.229672258485123e-22,0.8625761248985917,239377.69793552236,347052252.5027644,6.07021673903306e-11,0.02106682392461409
1.9000000000000008,89.0,89000.0,1.0000000000000002e-10,8.229672258485123e-22,0.8625761248985917,239377.69793552236,347052252.5027644,5.8019617319573555e-11,0.020135838880106404
1.9000000000000008,90.0,90000.0,1.0000000000000002e-10,8.229672258485123e-22,0.8625761248985917,239377.69793552236,347052252.5027644,5.54836276877375e-11,0.019255717966054044
1.9000000000000008,91.0,91000.0,1.0000000000000002e-10,8.229672258485123e-22,0.8625761248985917,239377.69793552236,347052252.5027644,5.308469388108668e-11,0.018423162584850848
1.9000000000000008,92.0,92000.0,1.0000000000000002e-10,8.229672258485123e-22,0.8625761248985917,239377.69793552236,347052252.5027644,5.081402269213334e-11,0.017635121034031462
1.9000000000000008,93.0,93000.0,1.0000000000000002e-10,8.229672258485123e-22,0.8625761248985917,239377.69793552236,347052252.5027644,4.866347211061512e-11,0.01688876761059443
1.9000000000000008,94.0,94000.0,1.0000000000000002e-10,8.229672258485123e-22,0.8625761248985917,239377.69793552236,347052252.5027644,4.662549678698846e-11,0.016181483683984747
1.9000000000000008,95.0,95000.0,1.0000000000000002e-10,8.229672258485123e-22,0.8625761248985917,239377.69793552236,347052252.5027644,4.4693098580796125e-11,0.015510840533793398
1.9000000000000008,96.0,96000.0,1.0000000000000002e-10,8.229672258485123e-22,0.8625761248985917,239377.69793552236,347052252.5027644,4.285978167254199e-11,0.014874583771232398
1.9000000000000008,97.0,97000.0,1.0000000000000002e-10,8.229672258485123e-22,0.8625761248985917,239377.69793552236,347052252.5027644,4.111951177591126e-11,0.014270619183643949
1.9000000000000008,98.0,98000.0,1.0000000000000002e-10,8.229672258485123e-22,0.8625761248985917,239377.69793552236,347052252.5027644,3.946667903836206e-11,0.013696999859067189
1.9000000000000008,99.0,99000.0,1.0000000000000002e-10,8.229672258485123e-22,0.8625761248985917,239377.69793552236,347052252.5027644,3.78960642631907e-11,0.013151914463529845
1.9000000000000008,100.0,100000.0,1.0000000000000002e-10,8.229672258485123e-22,0.8625761248985917,239377.69793552236,347052252.5027644,3.6402808125924584e-11,0.012633676557528062
1.9500000000000006,1.0,1000.0,1.0000000000000002e-10,9.402118010483834e-22,0.8630304399641404,209527.2573481157,414886125.82204825,0.00239872208133053,995196.5112470236
1.9500000000000006,2.0,2000.0,1.0000000000000002e-10,9.402118010483834e-22,0.8630304399641404,209527.2573481157,414886125.82204825,0.00014992013008315811,62199.781952938974
1.9500000000000006,3.0,3000.0,1.0000000000000002e-10,9.402118010483834e-22,0.8630304399641404,209527.2573481157,414886125.82204825,2.9613852855932475e-05,12286.376682062024
1.9500000000000006,4.0,4000.0,1.0000000000000002e-10,9.402118010483834e-22,0.8630304399641404,209527.2573481157,414886125.82204825,9.370008130197382e-06,3887.486372058686
1.9500000000000006,5.0,5000.0,1.0000000000000002e-10,9.402118010483834e-22,0.8630304399641404,209527.2573481157,414886125.82204825,3.837955330128848e-06,1592.314417995238
1.9500000000000006,6.0,6000.0,1.0000000000000002e-10,9.402118010483834e-22,0.8630304399641404,209527.2573481157,414886125.82204825,1.8508658034957797e-06,767.8985426288765
1.9500000000000006,7.0,7000.0,1.0000000000000002e-10,9.402118010483834e-22,0.8630304399641404,209527.2573481157,414886125.82204825,9.990512625283342e-07,414.4925078080066
1.9500000000000006,8.0,8000.0,1.0000000000000002e-10,9.402118010483834e-22,0.8630304399641404,209527.2573481157,414886125.82204825,5.856255081373364e-07,242.96789825366787
1.9500000000000006,9.0,9000.0,1.0000000000000002e-10,9.402118010483834e-22,0.8630304399641404,209527.2573481157,414886125.82204825,3.6560312167817866e-07,151.68366274150645
1.9500000000000006,10.0,10000.0,1.0000000000000002e-10,9.402118010483834e-22,0.8630304399641404,209527.2573481157,414886125.82204825,2.39872208133053e-07,99.51965112470238
1.9500000000000006,11.0,11000.0,1.0000000000000002e-10,9.402118010483834e-22,0.8630304399641404,209527.2573481157,414886125.82204825,1.6383594572300593e-07,67.9732607914093
1.9500000000000006,12.0,12000.0,1.0000000000000002e-10,9.402118010483834e-22,0.8630304399641404,209527.2573481157,414886125.82204825,1.1567911271848623e-07,47.99365891430478
1.9500000000000006,13.0,13000.0,1.0000000000000002e-10,9.402118010483834e-22,0.8630304399641404,209527.2573481157,414886125.82204825,8.398592771018279e-08,34.84459617124835
1.9500000000000006,14.0,14000.0,1.0000000000000002e-10,9.402118010483834e-22,0.8630304399641404,209527.2573481157,414886125.82204825,6.244070390802089e-08,25.905781738000414
1.9500000000000006,15.0,15000.0,1.0000000000000002e-10,9.402118010483834e-22,0.8630304399641404,209527.2573481157,414886125.82204825,4.738216456949194e-08,19.65820269129923
1.9500000000000006,16.0,16000.0,1.0000000000000002e-10,9.402118010483834e-22,0.8630304399641404,209527.2573481157,414886125.82204825,3.6601594258583524e-08,15.185493640854242
1.9500000000000006,17.0,17000.0,1.0000000000000002e-10,9.402118010483834e-22,0.8630304399641404,209527.2573481157,414886125.82204825,2.87199875639723e-08,11.915524374073872
1.9500000000000006,18.0,18000.0,1.0000000000000002e-10,9.402118010483834e-22,0.8630304399641404,209527.2573481157,414886125.82204825,2.2850195104886166e-08,9.480228921344153
1.9500000000000006,19.0,19000.0,1.0000000000000002e-10,9.402118010483834e-22,0.8630304399641404,209527.2573481157,414886125.82204825,1.8406259016816396e-08,7.636501494364097
1.9500000000000006,20.0,20000.0,1.0000000000000002e-10,9.402118010483834e-22,0.8630304399641404,209527.2573481157,414886125.82204825,1.4992013008315812e-08,6.219978195293899
1.9500000000000006,21.0,21000.0,1.0000000000000002e-10,9.402118010483834e-22,0.8630304399641404,209527.2573481157,414886125.82204825,1.2333966204053505e-08,5.117191454419833
1.9500000000000006,22.0,22000.0,1.0000000000000002e-10,9.402118010483834e-22,0.8630304399641404,209527.2573481157,414886125.82204825,1.0239746607687871e-08,4.248328799463081
1.9500000000000006,23.0,23000.0,1.0000000000000002e-10,9.402118010483834e-22,0.8630304399641404,209527.2573481157,414886125.82204825,8.571732095477537e-09,3.556292720677183
1.9500000000000006,24.0,24000.0,1.0000000000000002e-10,9.402118010483834e-22,0.8630304399641404,209527.2573481157,414886125.82204825,7.229944544905389e-09,2.999603682144049
1.9500000000000006,25.0,25000.0,1.0000000000000002e-10,9.402118010483834e-22,0.8630304399641404,209527.2573481157,414886125.82204825,6.140728528206158e-09,2.5477030687923814
1.9500000000000006,26.0,26000.0,1.0000000000000002e-10,9.402118010483834e-22,0.8630304399641404,209527.2573481157,414886125.82204825,5.2491204818864245e-09,2.1777872607030218
1.9500000000000006,27.0,27000.0,1.0000000000000002e-10,9.402118010483834e-22,0.8630304399641404,209527.2573481157,414886125.82204825,4.513618786150352e-09,1.8726378116235356
1.9500000000000006,28.0,28000.0,1.0000000000000002e-10,9.402118010483834e-22,0.8630304399641404,209527.2573481157,414886125.82204825,3.902543994251305e-09,1.6191113586250259
1.9500000000000006,29.0,29000.0,1.0000000000000002e-10,9.402118010483834e-22,0.8630304399641404,209527.2573481157,414886125.82204825,3.3914697006289302e-09,1.4070737249367986
1.9500000000000006,30.0,30000.0,1.0000000000000002e-10,9.402118010483834e-22,0.8630304399641404,209527.2573481157,414886125.82204825,2.9613852855932463e-09,1.228637668206202
1.9500000000000006,31.0,31000.0,1.0000000000000002e-10,9.402118010483834e-22,0.8630304399641404,209527.2573481157,414886125.82204825,2.5973660385963393e-09,1.0776111330949958
1.9500000000000006,32.0,32000.0,1.0000000000000002e-10,9.402118010483834e-22,0.8630304399641404,209527.2573481157,414886125.82204825,2.2875996411614702e-09,0.9490933525533901
1.9500000000000006,33.0,33000.0,1.0000000000000002e-10,9.402118010483834e-22,0.8630304399641404,209527.2573481157,414886125.82204825,2.0226659965803208e-09,0.8391760591532016
1.9500000000000006,34.0,34000.0,1.0000000000000002e-10,9.402118010483834e-22,0.8630304399641404,209527.2573481157,414886125.82204825,1.7949992227482687e-09,0.744720273379617
1.9500000000000006,35.0,35000.0,1.0000000000000002e-10,9.402118010483834e-22,0.8630304399641404,209527.2573481157,414886125.82204825,1.598482020045334e-09,0.6631880124928103
1.9500000000000006,36.0,36000.0,1.0000000000000002e-10,9.402118010483834e-22,0.8630304399641404,209527.2573481157,414886125.82204825,1.4281371940553854e-09,0.5925143075840096
1.9500000000000006,37.0,37000.0,1.0000000000000002e-10,9.402118010483834e-22,0.8630304399641404,209527.2573481157,414886125.82204825,1.2798911520037662e-09,0.5310090815287608
1.9500000000000006,38.0,38000.0,1.0000000000000002e-10,9.402118010483834e-22,0.8630304399641404,209527.2573481157,414886125.82204825,1.1503911885510247e-09,0.4772813433977561
1.9500000000000006,39.0,39000.0,1.0000000000000002e-10,9.402118010483834e-22,0.8630304399641404,209527.2573481157,414886125.82204825,1.0368633050639845e-09,0.43018019964504106
1.9500000000000006,40.0,40000.0,1.0000000000000002e-10,9.402118010483834e-22,0.8630304399641404,209527.2573481157,414886125.82204825,9.370008130197383e-10,0.38874863720586866
1.9500000000000006,41.0,41000.0,1.0000000000000002e-10,9.402118010483834e-22,0.8630304399641404,209527.2573481157,414886125.82204825,8.488764907331263e-10,0.35218707854168263
1.9500000000000006,42.0,42000.0,1.0000000000000002e-10,9.402118010483834e-22,0.8630304399641404,209527.2573481157,414886125.82204825,7.708728877533441e-10,0.3198244659012396
1.9500000000000006,43.0,43000.0,1.0000000000000002e-10,9.402118010483834e-22,0.8630304399641404,209527.2573481157,414886125.82204825,7.016267051900739e-10,0.2910951854895982
1.9500000000000006,44.0,44000.0,1.0000000000000002e-10,9.402118010483834e-22,0.8630304399641404,209527.2573481157,414886125.82204825,6.399841629804919e-10,0.2655205499664426
1.9500000000000006,45.0,45000.0,1.0000000000000002e-10,9.402118010483834e-22,0.8630304399641404,209527.2573481157,414886125.82204825,5.849649946850858e-10,0.24269386038641028
1.9500000000000006,46.0,46000.0,1.0000000000000002e-10,9.402118010483834e-22,0.8630304399641404,209527.2573481157,414886125.82204825,5.35733255967346e-10,0.22226829504232393
1.9500000000000006,47.0,47000.0,1.0000000000000002e-10,9.402118010483834e-22,0.8630304399641404,209527.2573481157,414886125.82204825,4.915735437071665e-10,0.2039470431052816
1.9500000000000006,48.0,48000.0,1.0000000000000002e-10,9.402118010483834e-22,0.8630304399641404,209527.2573481157,414886125.82204825,4.5187153405658684e-10,0.18747523013400305
1.9500000000000006,49.0,49000.0,1.0000000000000002e-10,9.402118010483834e-22,0.8630304399641404,209527.2573481157,414886125.82204825,4.160979852262949e-10,0.17263328105289735
1.9500000000000006,50.0,50000.0,1.0000000000000002e-10,9.402118010483834e-22,0.8630304399641404,209527.2573481157,414886125.82204825,3.8379553301288487e-10,0.15923144179952384
1.9500000000000006,51.0,51000.0,1.0000000000000002e-10,9.402118010483834e-22,0.8630304399641404,209527.2573481157,414886125.82204825,3.545677477033616e-10,0.14710523918609714
1.9500000000000006,52.0,52000.0,1.0000000000000002e-10,9.402118010483834e-22,0.8630304399641404,209527.2573481157,414886125.82204825,3.2807003011790153e-10,0.13611170379393886
1.9500000000000006,53.0,53000.0,1.0000000000000002e-10,9.402118010483834e-22,0.8630304399641404,209527.2573481157,414886125.82204825,3.040020096785647e-10,0.12612621603765653
1.9500000000000006,54.0,54000.0,1.0000000000000002e-10,9.402118010483834e-22,0.8630304399641404,209527.2573481157,414886125.82204825,2.82101174134397e-10,0.11703986322647097
1.9500000000000006,55.0,55000.0,1.0000000000000002e-10,9.402118010483834e-22,0.8630304399641404,209527.2573481157,414886125.82204825,2.6213751315680955e-10,0.10875721726625491
1.9500000000000006,56.0,56000.0,1.0000000000000002e-10,9.402118010483834e-22,0.8630304399641404,209527.2573481157,414886125.82204825,2.439089996407066e-10,0.10119445991406412
1.9500000000000006,57.0,57000.0,1.0000000000000002e-10,9.402118010483834e-22,0.8630304399641404,209527.2573481157,414886125.82204825,2.2723776563970858e-10,0.09427779622671725
1.9500000000000006,58.0,58000.0,1.0000000000000002e-10,9.402118010483834e-22,0.8630304399641404,209527.2573481157,414886125.82204825,2.1196685628930814e-10,0.08794210780854991
1.9500000000000006,59.0,59000.0,1.0000000000000002e-10,9.402118010483834e-22,0.8630304399641404,209527.2573481157,414886125.82204825,1.979574662610555e-10,0.08212980625459813
1.9500000000000006,60.0,60000.0,1.0000000000000002e-10,9.402118010483834e-22,0.8630304399641404,209527.2573481157,414886125.82204825,1.850865803495779e-10,0.07678985426288762
1.9500000000000006,61.0,61000.0,1.0000000000000002e-10,9.402118010483834e-22,0.8630304399641404,209527.2573481157,414886125.82204825,1.7324495358068384e-10,0.0718769276093105
1.9500000000000006,62.0,62000.0,1.0000000000000002e-10,9.402118010483834e-22,0.8630304399641404,209527.2573481157,414886125.82204825,1.623353774122712e-10,0.06735069581843724
1.9500000000000006,63.0,63000.0,1.0000000000000002e-10,9.402118010483834e-22,0.8630304399641404,209527.2573481157,414886125.82204825,1.5227118770436425e-10,0.0631752031409856
1.9500000000000006,64.0,64000.0,1.0000000000000002e-10,9.402118010483834e-22,0.8630304399641404,209527.2573481157,414886125.82204825,1.429749775725919e-10,0.05931833453458688
1.9500000000000006,65.0,65000.0,1.0000000000000002e-10,9.402118010483834e-22,0.8630304399641404,209527.2573481157,414886125.82204825,1.3437748433629245e-10,0.05575135387399735
1.9500000000000006,66.0,66000.0,1.0000000000000002e-10,9.402118010483834e-22,0.8630304399641404,209527.2573481157,414886125.82204825,1.2641662478627005e-10,0.0524485036970751
1.9500000000000006,67.0,67000.0,1.0000000000000002e-10,9.402118010483834e-22,0.8630304399641404,209527.2573481157,414886125.82204825,1.190366571333937e-10,0.049386657508881195
1.9500000000000006,68.0,68000.0,1.0000000000000002e-10,9.402118010483834e-22,0.8630304399641404,209527.2573481157,414886125.82204825,1.1218745142176679e-10,0.04654501708622606
1.9500000000000006,69.0,69000.0,1.0000000000000002e-10,9.402118010483834e-22,0.8630304399641404,209527.2573481157,414886125.82204825,1.0582385303058691e-10,0.04390484840342202
1.9500000000000006,70.0,70000.0,1.0000000000000002e-10,9.402118010483834e-22,0.8630304399641404,209527.2573481157,414886125.82204825,9.990512625283337e-11,0.041449250780800646
1.9500000000000006,71.0,71000.0,1.0000000000000002e-10,9.402118010483834e-22,0.8630304399641404,209527.2573481157,414886125.82204825,9.439446691191073e-11,0.03916295467612017
1.9500000000000006,72.0,72000.0,1.0000000000000002e-10,9.402118010483834e-22,0.8630304399641404,209527.2573481157,414886125.82204825,8.925857462846159e-11,0.0370321442240006
1.9500000000000006,73.0,73000.0,1.0000000000000002e-10,9.402118010483834e-22,0.8630304399641404,209527.2573481157,414886125.82204825,8.446727673486993e-11,0.03504430120326901
1.9500000000000006,74.0,74000.0,1.0000000000000002e-10,9.402118010483834e-22,0.8630304399641404,209527.2573481157,414886125.82204825,7.999319700023539e-11,0.03318806759554755
1.9500000000000006,75.0,75000.0,1.0000000000000002e-10,9.402118010483834e-22,0.8630304399641404,209527.2573481157,414886125.82204825,7.581146331118712e-11,0.03145312430607877
1.9500000000000006,76.0,76000.0,1.0000000000000002e-10,9.402118010483834e-22,0.8630304399641404,209527.2573481157,414886125.82204825,7.189944928443905e-11,0.029830083962359755
1.9500000000000006,77.0,77000.0,1.0000000000000002e-10,9.402118010483834e-22,0.8630304399641404,209527.2573481157,414886125.82204825,6.823654549063135e-11,0.028310395998088
1.9500000000000006,78.0,78000.0,1.0000000000000002e-10,9.402118010483834e-22,0.8630304399641404,209527.2573481157,414886125.82204825,6.480395656649903e-11,0.026886262477815066
1.9500000000000006,79.0,79000.0,1.0000000000000002e-10,9.402118010483834e-22,0.8630304399641404,209527.2573481157,414886125.82204825,6.158452100088138e-11,0.02555056332866224
1.9500000000000006,80.0,80000.0,1.0000000000000002e-10,9.402118010483834e-22,0.8630304399641404,209527.2573481157,414886125.82204825,5.856255081373364e-11,0.02429678982536679
1.9500000000000006,81.0,81000.0,1.0000000000000002e-10,9.402118010483834e-22,0.8630304399641404,209527.2573481157,414886125.82204825,5.572368871790559e-11,0.02311898532868563
1.9500000000000006,82.0,82000.0,1.0000000000000002e-10,9.402118010483834e-22,0.8630304399641404,209527.2573481157,414886125.82204825,5.3054780670820394e-11,0.022011692408855164
1.9500000000000006,83.0,83000.0,1.0000000000000002e-10,9.402118010483834e-22,0.8630304399641404,209527.2573481157,414886125.82204825,5.054376199551033e-11,0.02096990559878896
1.9500000000000006,84.0,84000.0,1.0000000000000002e-10,9.402118010483834e-22,0.8630304399641404,209527.2573481157,414886125.82204825,4.8179555484584004e-11,0.019989029118827474
1.9500000000000006,85.0,85000.0,1.0000000000000002e-10,9.402118010483834e-22,0.8630304399641404,209527.2573481157,414886125.82204825,4.595198010235567e-11,0.019064838998518192
1.9500000000000006,86.0,86000.0,1.0000000000000002e-10,9.402118010483834e-22,0.8630304399641404,209527.2573481157,414886125.82204825,4.385166907437962e-11,0.018193449093099886
1.9500000000000006,87.0,87000.0,1.0000000000000002e-10,9.402118010483834e-22,0.8630304399641404,209527.2573481157,414886125.82204825,4.186999630406086e-11,0.017371280554775288
1.9500000000000006,88.0,88000.0,1.0000000000000002e-10,9.402118010483834e-22,0.8630304399641404,209527.2573481157,414886125.82204825,3.9999010186280746e-11,0.01659503437290266
1.9500000000000006,89.0,89000.0,1.0000000000000002e-10,9.402118010483834e-22,0.8630304399641404,209527.2573481157,414886125.82204825,3.823137400097854e-11,0.015861666644119768
1.9500000000000006,90.0,90000.0,1.0000000000000002e-10,9.402118010483834e-22,0.8630304399641404,209527.2573481157,414886125.82204825,3.656031216781786e-11,0.015168366274150642
1.9500000000000006,91.0,91000.0,1.0000000000000002e-10,9.402118010483834e-22,0.8630304399641404,209527.2573481157,414886125.82204825,3.4979561728522603e-11,0.014512534848499932
1.9500000000000006,92.0,92000.0,1.0000000000000002e-10,9.402118010483834e-22,0.8630304399641404,209527.2573481157,414886125.82204825,3.348332849795913e-11,0.013891768440145245
1.9500000000000006,93.0,93000.0,1.0000000000000002e-10,9.402118010483834e-22,0.8630304399641404,209527.2573481157,414886125.82204825,3.206624739007827e-11,0.01330384114932094
1.9500000000000006,94.0,94000.0,1.0000000000000002e-10,9.402118010483834e-22,0.8630304399641404,209527.2573481157,414886125.82204825,3.0723346481697906e-11,0.0127466901940801
1.9500000000000006,95.0,95000.0,1.0000000000000002e-10,9.402118010483834e-22,0.8630304399641404,209527.2573481157,414886125.82204825,2.9450014426906235e-11,0.012218402390982557
1.9500000000000006,96.0,96000.0,1.0000000000000002e-10,9.402118010483834e-22,0.8630304399641404,209527.2573481157,414886125.82204825,2.8241970878536677e-11,0.01171720188337519
1.9500000000000006,97.0,97000.0,1.0000000000000002e-10,9.402118010483834e-22,0.8630304399641404,209527.2573481157,414886125.82204825,2.7095239611519373e-11,0.011241438990643372
1.9500000000000006,98.0,98000.0,1.0000000000000002e-10,9.402118010483834e-22,0.8630304399641404,209527.2573481157,414886125.82204825,2.6006124076643432e-11,0.010789580065806085
1.9500000000000006,99.0,99000.0,1.0000000000000002e-10,9.402118010483834e-22,0.8630304399641404,209527.2573481157,414886125.82204825,2.4971185142966916e-11,0.010360198261150633
1.9500000000000006,100.0,100000.0,1.0000000000000002e-10,9.402118010483834e-22,0.8630304399641404,209527.2573481157,414886125.82204825,2.3987220813305304e-11,0.00995196511247024
2.0000000000000004,1.0,1000.0,1.0000000000000002e-10,1.0709449600705863e-21,0.8635229877092705,183949.696151533,494918410.64516413,0.0014657776997401206,725440.3695145051
2.0000000000000004,2.0,2000.0,1.0000000000000002e-10,1.0709449600705863e-21,0.8635229877092705,183949.696151533,494918410.64516413,9.161110623375754e-05,45340.02309465657
2.0000000000000004,3.0,3000.0,1.0000000000000002e-10,1.0709449600705863e-21,0.8635229877092705,183949.696151533,494918410.64516413,1.809602098444594e-05,8956.053944623523
2.0000000000000004,4.0,4000.0,1.0000000000000002e-10,1.0709449600705863e-21,0.8635229877092705,183949.696151533,494918410.64516413,5.725694139609846e-06,2833.7514434160357
2.0000000000000004,5.0,5000.0,1.0000000000000002e-10,1.0709449600705863e-21,0.8635229877092705,183949.696151533,494918410.64516413,2.345244319584193e-06,1160.7045912232081
2.0000000000000004,6.0,6000.0,1.0000000000000002e-10,1.0709449600705863e-21,0.8635229877092705,183949.696151533,494918410.64516413,1.1310013115278712e-06,559.7533715389702
2.0000000000000004,7.0,7000.0,1.0000000000000002e-10,1.0709449600705863e-21,0.8635229877092705,183949.696151533,494918410.64516413,6.104863389171681e-07,302.1409285774699
2.0000000000000004,8.0,8000.0,1.0000000000000002e-10,1.0709449600705863e-21,0.8635229877092705,183949.696151533,494918410.64516413,3.578558837256154e-07,177.10946521350223
2.0000000000000004,9.0,9000.0,1.0000000000000002e-10,1.0709449600705863e-21,0.8635229877092705,183949.696151533,494918410.64516413,2.2340766647464118e-07,110.56856721757433
2.0000000000000004,10.0,10000.0,1.0000000000000002e-10,1.0709449600705863e-21,0.8635229877092705,183949.696151533,494918410.64516413,1.4657776997401207e-07,72.54403695145051
2.0000000000000004,11.0,11000.0,1.0000000000000002e-10,1.0709449600705863e-21,0.8635229877092705,183949.696151533,494918410.64516413,1.0011458914965648e-07,49.54855334434158
2.0000000000000004,12.0,12000.0,1.0000000000000002e-10,1.0709449600705863e-21,0.8635229877092705,183949.696151533,494918410.64516413,7.068758197049195e-08,34.98458572118564
2.0000000000000004,13.0,13000.0,1.0000000000000002e-10,1.0709449600705863e-21,0.8635229877092705,183949.696151533,494918410.64516413,5.13209516382522e-08,25.39968381760111
2.0000000000000004,14.0,14000.0,1.0000000000000002e-10,1.0709449600705863e-21,0.8635229877092705,183949.696151533,494918410.64516413,3.815539618232301e-08,18.883808036091867
2.0000000000000004,15.0,15000.0,1.0000000000000002e-10,1.0709449600705863e-21,0.8635229877092705,183949.696151533,494918410.64516413,2.895363357511349e-08,14.32968631139763
2.0000000000000004,16.0,16000.0,1.0000000000000002e-10,1.0709449600705863e-21,0.8635229877092705,183949.696151533,494918410.64516413,2.236599273285096e-08,11.06934157584389
2.0000000000000004,17.0,17000.0,1.0000000000000002e-10,1.0709449600705863e-21,0.8635229877092705,183949.696151533,494918410.64516413,1.7549810224256424e-08,8.68572418331324
2.0000000000000004,18.0,18000.0,1.0000000000000002e-10,1.0709449600705863e-21,0.8635229877092705,183949.696151533,494918410.64516413,1.3962979154665073e-08,6.910535451098395
2.0000000000000004,19.0,19000.0,1.0000000000000002e-10,1.0709449600705863e-21,0.8635229877092705,183949.696151533,494918410.64516413,1.1247440548646192e-08,5.566565400161946
2.0000000000000004,20.0,20000.0,1.0000000000000002e-10,1.0709449600705863e-21,0.8635229877092705,183949.696151533,494918410.64516413,9.161110623375754e-09,4.534002309465657
2.0000000000000004,21.0,21000.0,1.0000000000000002e-10,1.0709449600705863e-21,0.8635229877092705,183949.696151533,494918410.64516413,7.536868381693432e-09,3.730134920709504
2.0000000000000004,22.0,22000.0,1.0000000000000002e-10,1.0709449600705863e-21,0.8635229877092705,183949.696151533,494918410.64516413,6.25716182185353e-09,3.0967845840213486
2.0000000000000004,23.0,23000.0,1.0000000000000002e-10,1.0709449600705863e-21,0.8635229877092705,183949.696151533,494918410.64516413,5.237894732151902e-09,2.5923305359632973
2.0000000000000004,24.0,24000.0,1.0000000000000002e-10,1.0709449600705863e-21,0.8635229877092705,183949.696151533,494918410.64516413,4.417973873155747e-09,2.1865366075741024
2.0000000000000004,25.0,25000.0,1.0000000000000002e-10,1.0709449600705863e-21,0.8635229877092705,183949.696151533,494918410.64516413,3.7523909113347095e-09,1.8571273459571334
2.0000000000000004,26.0,26000.0,1.0000000000000002e-10,1.0709449600705863e-21,0.8635229877092705,183949.696151533,494918410.64516413,3.2075594773907624e-09,1.5874802386000695
2.0000000000000004,27.0,27000.0,1.0000000000000002e-10,1.0709449600705863e-21,0.8635229877092705,183949.696151533,494918410.64516413,2.7581193391931e-09,1.3650440397231394
2.0000000000000004,28.0,28000.0,1.0000000000000002e-10,1.0709449600705863e-21,0.8635229877092705,183949.696151533,494918410.64516413,2.384712261395188e-09,1.1802380022557417
2.0000000000000004,29.0,29000.0,1.0000000000000002e-10,1.0709449600705863e-21,0.8635229877092705,183949.696151533,494918410.64516413,2.0724120960977615e-09,1.0256749008025172
2.0000000000000004,30.0,30000.0,1.0000000000000002e-10,1.0709449600705863e-21,0.8635229877092705,183949.696151533,494918410.64516413,1.809602098444593e-09,0.8956053944623519
2.0000000000000004,31.0,31000.0,1.0000000000000002e-10,1.0709449600705863e-21,0.8635229877092705,183949.696151533,494918410.64516413,1.5871622840629728e-09,0.785515835064395
2.0000000000000004,32.0,32000.0,1.0000000000000002e-10,1.0709449600705863e-21,0.8635229877092705,183949.696151533,494918410.64516413,1.397874545803185e-09,0.6918338484902431
2.0000000000000004,33.0,33000.0,1.0000000000000002e-10,1.0709449600705863e-21,0.8635229877092705,183949.696151533,494918410.64516413,1.2359825820945247e-09,0.6117105351153282
2.0000000000000004,34.0,34000.0,1.0000000000000002e-10,1.0709449600705863e-21,0.8635229877092705,183949.696151533,494918410.64516413,1.0968631390160265e-09,0.5428577614570775
2.0000000000000004,35.0,35000.0,1.0000000000000002e-10,1.0709449600705863e-21,0.8635229877092705,183949.696151533,494918410.64516413,9.767781422674687e-10,0.48342548572395166
2.0000000000000004,36.0,36000.0,1.0000000000000002e-10,1.0709449600705863e-21,0.8635229877092705,183949.696151533,494918410.64516413,8.726861971665671e-10,0.4319084656936497
2.0000000000000004,37.0,37000.0,1.0000000000000002e-10,1.0709449600705863e-21,0.8635229877092705,183949.696151533,494918410.64516413,7.820980693441603e-10,0.3870747334484632
2.0000000000000004,38.0,38000.0,1.0000000000000002e-10,1.0709449600705863e-21,0.8635229877092705,183949.696151533,494918410.64516413,7.02965034290387e-10,0.3479103375101216
2.0000000000000004,39.0,39000.0,1.0000000000000002e-10,1.0709449600705863e-21,0.8635229877092705,183949.696151533,494918410.64516413,6.335919955339774e-10,0.31357634342717405
2.0000000000000004,40.0,40000.0,1.0000000000000002e-10,1.0709449600705863e-21,0.8635229877092705,183949.696151533,494918410.64516413,5.725694139609846e-10,0.28337514434160355
2.0000000000000004,41.0,41000.0,1.0000000000000002e-10,1.0709449600705863e-21,0.8635229877092705,183949.696151533,494918410.64516413,5.187196297705717e-10,0.2567238947364993
2.0000000000000004,42.0,42000.0,1.0000000000000002e-10,1.0709449600705863e-21,0.8635229877092705,183949.696151533,494918410.64516413,4.710542738558395e-10,0.233133432544344
2.0000000000000004,43.0,43000.0,1.0000000000000002e-10,1.0709449600705863e-21,0.8635229877092705,183949.696151533,494918410.64516413,4.287402805077337e-10,0.21219145820844942
2.0000000000000004,44.0,44000.0,1.0000000000000002e-10,1.0709449600705863e-21,0.8635229877092705,183949.696151533,494918410.64516413,3.910726138658456e-10,0.1935490365013343
2.0000000000000004,45.0,45000.0,1.0000000000000002e-10,1.0709449600705863e-21,0.8635229877092705,183949.696151533,494918410.64516413,3.574522663594258e-10,0.17690970754811888
2.0000000000000004,46.0,46000.0,1.0000000000000002e-10,1.0709449600705863e-21,0.8635229877092705,183949.696151533,494918410.64516413,3.273684207594939e-10,0.16202065849770608
2.0000000000000004,47.0,47000.0,1.0000000000000002e-10,1.0709449600705863e-21,0.8635229877092705,183949.696151533,494918410.64516413,3.003839184856798e-10,0.14866553152029918
2.0000000000000004,48.0,48000.0,1.0000000000000002e-10,1.0709449600705863e-21,0.8635229877092705,183949.696151533,494918410.64516413,2.761233670722342e-10,0.1366585379733814
2.0000000000000004,49.0,49000.0,1.0000000000000002e-10,1.0709449600705863e-21,0.8635229877092705,183949.696151533,494918410.64516413,2.542633648134811e-10,0.12583962039877963
2.0000000000000004,50.0,50000.0,1.0000000000000002e-10,1.0709449600705863e-21,0.8635229877092705,183949.696151533,494918410.64516413,2.3452443195841934e-10,0.11607045912232083
2.0000000000000004,51.0,51000.0,1.0000000000000002e-10,1.0709449600705863e-21,0.8635229877092705,183949.696151533,494918410.64516413,2.166643237562521e-10,0.10723116275695356
2.0000000000000004,52.0,52000.0,1.0000000000000002e-10,1.0709449600705863e-21,0.8635229877092705,183949.696151533,494918410.64516413,2.0047246733692265e-10,0.09921751491250434
2.0000000000000004,53.0,53000.0,1.0000000000000002e-10,1.0709449600705863e-21,0.8635229877092705,183949.696151533,494918410.64516413,1.8576531642876031e-10,0.09193867515991805
2.0000000000000004,54.0,54000.0,1.0000000000000002e-10,1.0709449600705863e-21,0.8635229877092705,183949.696151533,494918410.64516413,1.7238245869956876e-10,0.08531525248269621
2.0000000000000004,55.0,55000.0,1.0000000000000002e-10,1.0709449600705863e-21,0.8635229877092705,183949.696151533,494918410.64516413,1.601833426394504e-10,0.07927768535094655
2.0000000000000004,56.0,56000.0,1.0000000000000002e-10,1.0709449600705863e-21,0.8635229877092705,183949.696151533,494918410.64516413,1.4904451633719925e-10,0.07376487514098386
2.0000000000000004,57.0,57000.0,1.0000000000000002e-10,1.0709449600705863e-21,0.8635229877092705,183949.696151533,494918410.64516413,1.3885729072402705e-10,0.06872302963162896
2.0000000000000004,58.0,58000.0,1.0000000000000002e-10,1.0709449600705863e-21,0.8635229877092705,183949.696151533,494918410.64516413,1.295257560061101e-10,0.06410468130015733
2.0000000000000004,59.0,59000.0,1.0000000000000002e-10,1.0709449600705863e-21,0.8635229877092705,183949.696151533,494918410.64516413,1.20965092955481e-10,0.059867851549071205
2.0000000000000004,60.0,60000.0,1.0000000000000002e-10,1.0709449600705863e-21,0.8635229877092705,183949.696151533,494918410.64516413,1.1310013115278706e-10,0.05597533715389699
2.0000000000000004,61.0,61000.0,1.0000000000000002e-10,1.0709449600705863e-21,0.8635229877092705,183949.696151533,494918410.64516413,1.0586411469986692e-10,0.052394099391615497
2.0000000000000004,62.0,62000.0,1.0000000000000002e-10,1.0709449600705863e-21,0.8635229877092705,183949.696151533,494918410.64516413,9.91976427539358e-11,0.04909473969152469
2.0000000000000004,63.0,63000.0,1.0000000000000002e-10,1.0709449600705863e-21,0.8635229877092705,183949.696151533,494918410.64516413,9.304775779868435e-11,0.046051048403821036
2.0000000000000004,64.0,64000.0,1.0000000000000002e-10,1.0709449600705863e-21,0.8635229877092705,183949.696151533,494918410.64516413,8.736715911269907e-11,0.043239615530640194
2.0000000000000004,65.0,65000.0,1.0000000000000002e-10,1.0709449600705863e-21,0.8635229877092705,183949.696151533,494918410.64516413,8.211352262120352e-11,0.040639494108161776
2.0000000000000004,66.0,66000.0,1.0000000000000002e-10,1.0709449600705863e-21,0.8635229877092705,183949.696151533,494918410.64516413,7.72489113809078e-11,0.038231908444708015
2.0000000000000004,67.0,67000.0,1.0000000000000002e-10,1.0709449600705863e-21,0.8635229877092705,183949.696151533,494918410.64516413,7.273926347522404e-11,0.03600000067065772
2.0000000000000004,68.0,68000.0,1.0000000000000002e-10,1.0709449600705863e-21,0.8635229877092705,183949.696151533,494918410.64516413,6.855394618850165e-11,0.033928610091067346
2.0000000000000004,69.0,69000.0,1.0000000000000002e-10,1.0709449600705863e-21,0.8635229877092705,183949.696151533,494918410.64516413,6.466536706360375e-11,0.032004080690904914
2.0000000000000004,70.0,70000.0,1.0000000000000002e-10,1.0709449600705863e-21,0.8635229877092705,183949.696151533,494918410.64516413,6.10486338917168e-11,0.03021409285774698
2.0000000000000004,71.0,71000.0,1.0000000000000002e-10,1.0709449600705863e-21,0.8635229877092705,183949.696151533,494918410.64516413,5.768125688891345e-11,0.02854751598347647
2.0000000000000004,72.0,72000.0,1.0000000000000002e-10,1.0709449600705863e-21,0.8635229877092705,183949.696151533,494918410.64516413,5.4542887322910443e-11,0.026994279105853107
2.0000000000000004,73.0,73000.0,1.0000000000000002e-10,1.0709449600705863e-21,0.8635229877092705,183949.696151533,494918410.64516413,5.161508769997833e-11,0.025545257169784036
2.0000000000000004,74.0,74000.0,1.0000000000000002e-10,1.0709449600705863e-21,0.8635229877092705,183949.696151533,494918410.64516413,4.888112933401002e-11,0.02419217084052895
2.0000000000000004,75.0,75000.0,1.0000000000000002e-10,1.0709449600705863e-21,0.8635229877092705,183949.696151533,494918410.64516413,4.632581372018159e-11,0.022927498098236212
2.0000000000000004,76.0,76000.0,1.0000000000000002e-10,1.0709449600705863e-21,0.8635229877092705,183949.696151533,494918410.64516413,4.393531464314919e-11,0.0217443960943826
2.0000000000000004,77.0,77000.0,1.0000000000000002e-10,1.0709449600705863e-21,0.8635229877092705,183949.696151533,494918410.64516413,4.169703837969865e-11,0.020636631963490863
2.0000000000000004,78.0,78000.0,1.0000000000000002e-10,1.0709449600705863e-21,0.8635229877092705,183949.696151533,494918410.64516413,3.959949972087359e-11,0.01959852146419838
2.0000000000000004,79.0,79000.0,1.0000000000000002e-10,1.0709449600705863e-21,0.8635229877092705,183949.696151533,494918410.64516413,3.763221184931865e-11,0.0186248744775269
2.0000000000000004,80.0,80000.0,1.0000000000000002e-10,1.0709449600705863e-21,0.8635229877092705,183949.696151533,494918410.64516413,3.578558837256154e-11,0.01771094652135022
2.0000000000000004,81.0,81000.0,1.0000000000000002e-10,1.0709449600705863e-21,0.8635229877092705,183949.696151533,494918410.64516413,3.405085603942099e-11,0.016852395552137526
2.0000000000000004,82.0,82000.0,1.0000000000000002e-10,1.0709449600705863e-21,0.8635229877092705,183949.696151533,494918410.64516413,3.241997686066073e-11,0.016045243421031207
2.0000000000000004,83.0,83000.0,1.0000000000000002e-10,1.0709449600705863e-21,0.8635229877092705,183949.696151533,494918410.64516413,3.0885578521417153e-11,0.015285841433676195
2.0000000000000004,84.0,84000.0,1.0000000000000002e-10,1.0709449600705863e-21,0.8635229877092705,183949.696151533,494918410.64516413,2.944089211598997e-11,0.0145708395340215
2.0000000000000004,85.0,85000.0,1.0000000000000002e-10,1.0709449600705863e-21,0.8635229877092705,183949.696151533,494918410.64516413,2.8079696358810277e-11,0.013897158693301185
2.0000000000000004,86.0,86000.0,1.0000000000000002e-10,1.0709449600705863e-21,0.8635229877092705,183949.696151533,494918410.64516413,2.6796267531733357e-11,0.013261966138028089
2.0000000000000004,87.0,87000.0,1.0000000000000002e-10,1.0709449600705863e-21,0.8635229877092705,183949.696151533,494918410.64516413,2.5585334519725447e-11,0.012662653096327373
2.0000000000000004,88.0,88000.0,1.0000000000000002e-10,1.0709449600705863e-21,0.8635229877092705,183949.696151533,494918410.64516413,2.444203836661535e-11,0.012096814781333393
2.0000000000000004,89.0,89000.0,1.0000000000000002e-10,1.0709449600705863e-21,0.8635229877092705,183949.696151533,494918410.64516413,2.3361895851634e-11,0.011562232364548551
2.0000000000000004,90.0,90000.0,1.0000000000000002e-10,1.0709449600705863e-21,0.8635229877092705,183949.696151533,494918410.64516413,2.2340766647464112e-11,0.01105685672175743
2.0000000000000004,91.0,91000.0,1.0000000000000002e-10,1.0709449600705863e-21,0.8635229877092705,183949.696151533,494918410.64516413,2.1374823672741435e-11,0.01057879375993382
2.0000000000000004,92.0,92000.0,1.0000000000000002e-10,1.0709449600705863e-21,0.8635229877092705,183949.696151533,494918410.64516413,2.0460526297468368e-11,0.01012629115610663
2.0000000000000004,93.0,93000.0,1.0000000000000002e-10,1.0709449600705863e-21,0.8635229877092705,183949.696151533,494918410.64516413,1.9594596099542877e-11,0.009697726358819693
2.0000000000000004,94.0,94000.0,1.0000000000000002e-10,1.0709449600705863e-21,0.8635229877092705,183949.696151533,494918410.64516413,1.877399490535499e-11,0.009291595720018699
2.0000000000000004,95.0,95000.0,1.0000000000000002e-10,1.0709449600705863e-21,0.8635229877092705,183949.696151533,494918410.64516413,1.7995904877833906e-11,0.008906504640259114
2.0000000000000004,96.0,96000.0,1.0000000000000002e-10,1.0709449600705863e-21,0.8635229877092705,183949.696151533,494918410.64516413,1.7257710442014636e-11,0.008541158623336337
2.0000000000000004,97.0,97000.0,1.0000000000000002e-10,1.0709449600705863e-21,0.8635229877092705,183949.696151533,494918410.64516413,1.6556981861629717e-11,0.00819435514803859
2.0000000000000004,98.0,98000.0,1.0000000000000002e-10,1.0709449600705863e-21,0.8635229877092705,183949.696151533,494918410.64516413,1.589146030084257e-11,0.007864976274923727
2.0000000000000004,99.0,99000.0,1.0000000000000002e-10,1.0709449600705863e-21,0.8635229877092705,183949.696151533,494918410.64516413,1.5259044223389193e-11,0.007551981915004052
2.0000000000000004,100.0,100000.0,1.0000000000000002e-10,1.0709449600705863e-21,0.8635229877092705,183949.696151533,494918410.64516413,1.465777699740121e-11,0.007254403695145052
2.0500000000000007,1.0,1000.0,1.0000000000000002e-10,1.2163824530324992e-21,0.8640510625676554,161955.64109698363,589441147.4936258,0.0008319153137925853,490365.1171794212
2.0500000000000007,2.0,2000.0,1.0000000000000002e-10,1.2163824530324992e-21,0.8640510625676554,161955.64109698363,589441147.4936258,5.199470711203658e-05,30647.819823713824
2.0500000000000007,3.0,3000.0,1.0000000000000002e-10,1.2163824530324992e-21,0.8640510625676554,161955.64109698363,589441147.4936258,1.0270559429538091e-05,6053.890335548411
2.0500000000000007,4.0,4000.0,1.0000000000000002e-10,1.2163824530324992e-21,0.8640510625676554,161955.64109698363,589441147.4936258,3.249669194502286e-06,1915.488738982114
2.0500000000000007,5.0,5000.0,1.0000000000000002e-10,1.2163824530324992e-21,0.8640510625676554,161955.64109698363,589441147.4936258,1.3310645020681364e-06,784.5841874870739
2.0500000000000007,6.0,6000.0,1.0000000000000002e-10,1.2163824530324992e-21,0.8640510625676554,161955.64109698363,589441147.4936258,6.419099643461307e-07,378.3681459717757
2.0500000000000007,7.0,7000.0,1.0000000000000002e-10,1.2163824530324992e-21,0.8640510625676554,161955.64109698363,589441147.4936258,3.4648701115892766e-07,204.23370144915503
2.0500000000000007,8.0,8000.0,1.0000000000000002e-10,1.2163824530324992e-21,0.8640510625676554,161955.64109698363,589441147.4936258,2.0310432465639288e-07,119.71804618638213
2.0500000000000007,9.0,9000.0,1.0000000000000002e-10,1.2163824530324992e-21,0.8640510625676554,161955.64109698363,589441147.4936258,1.2679702999429743e-07,74.73938685862235
2.0500000000000007,10.0,10000.0,1.0000000000000002e-10,1.2163824530324992e-21,0.8640510625676554,161955.64109698363,589441147.4936258,8.319153137925853e-08,49.03651171794212
2.0500000000000007,11.0,11000.0,1.0000000000000002e-10,1.2163824530324992e-21,0.8640510625676554,161955.64109698363,589441147.4936258,5.682093530445906e-08,33.49259730752142
2.0500000000000007,12.0,12000.0,1.0000000000000002e-10,1.2163824530324992e-21,0.8640510625676554,161955.64109698363,589441147.4936258,4.011937277163317e-08,23.64800912323598
2.0500000000000007,13.0,13000.0,1.0000000000000002e-10,1.2163824530324992e-21,0.8640510625676554,161955.64109698363,589441147.4936258,2.9127667581407707e-08,17.169045802997843
2.0500000000000007,14.0,14000.0,1.0000000000000002e-10,1.2163824530324992e-21,0.8640510625676554,161955.64109698363,589441147.4936258,2.165543819743298e-08,12.76460634057219
2.0500000000000007,15.0,15000.0,1.0000000000000002e-10,1.2163824530324992e-21,0.8640510625676554,161955.64109698363,589441147.4936258,1.643289508726094e-08,9.686224536877454
2.0500000000000007,16.0,16000.0,1.0000000000000002e-10,1.2163824530324992e-21,0.8640510625676554,161955.64109698363,589441147.4936258,1.2694020291024555e-08,7.482377886648883
2.0500000000000007,17.0,17000.0,1.0000000000000002e-10,1.2163824530324992e-21,0.8640510625676554,161955.64109698363,589441147.4936258,9.960552601053453e-09,5.871159554835566
2.0500000000000007,18.0,18000.0,1.0000000000000002e-10,1.2163824530324992e-21,0.8640510625676554,161955.64109698363,589441147.4936258,7.92481437464359e-09,4.671211678663897
2.0500000000000007,19.0,19000.0,1.0000000000000002e-10,1.2163824530324992e-21,0.8640510625676554,161955.64109698363,589441147.4936258,6.383586020615136e-09,3.7627482691156535
2.0500000000000007,20.0,20000.0,1.0000000000000002e-10,1.2163824530324992e-21,0.8640510625676554,161955.64109698363,589441147.4936258,5.199470711203658e-09,3.0647819823713824
2.0500000000000007,21.0,21000.0,1.0000000000000002e-10,1.2163824530324992e-21,0.8640510625676554,161955.64109698363,589441147.4936258,4.277617421715155e-09,2.521403721594506
2.0500000000000007,22.0,22000.0,1.0000000000000002e-10,1.2163824530324992e-21,0.8640510625676554,161955.64109698363,589441147.4936258,3.5513084565286915e-09,2.093287331720089
2.0500000000000007,23.0,23000.0,1.0000000000000002e-10,1.2163824530324992e-21,0.8640510625676554,161955.64109698363,589441147.4936258,2.9728142544966075e-09,1.752299045455888
2.0500000000000007,24.0,24000.0,1.0000000000000002e-10,1.2163824530324992e-21,0.8640510625676554,161955.64109698363,589441147.4936258,2.507460798227073e-09,1.4780005702022487
2.0500000000000007,25.0,25000.0,1.0000000000000002e-10,1.2163824530324992e-21,0.8640510625676554,161955.64109698363,589441147.4936258,2.1297032033090186e-09,1.2553346999793185
2.0500000000000007,26.0,26000.0,1.0000000000000002e-10,1.2163824530324992e-21,0.8640510625676554,161955.64109698363,589441147.4936258,1.8204792238379817e-09,1.0730653626873652
2.0500000000000007,27.0,27000.0,1.0000000000000002e-10,1.2163824530324992e-21,0.8640510625676554,161955.64109698363,589441147.4936258,1.5653954320283626e-09,0.9227084797360781
2.0500000000000007,28.0,28000.0,1.0000000000000002e-10,1.2163824530324992e-21,0.8640510625676554,161955.64109698363,589441147.4936258,1.3534648873395612e-09,0.7977878962857619
2.0500000000000007,29.0,29000.0,1.0000000000000002e-10,1.2163824530324992e-21,0.8640510625676554,161955.64109698363,589441147.4936258,1.1762161203151016e-09,0.6933101796590341
2.0500000000000007,30.0,30000.0,1.0000000000000002e-10,1.2163824530324992e-21,0.8640510625676554,161955.64109698363,589441147.4936258,1.0270559429538087e-09,0.6053890335548409
2.0500000000000007,31.0,31000.0,1.0000000000000002e-10,1.2163824530324992e-21,0.8640510625676554,161955.64109698363,589441147.4936258,9.008082261178525e-10,0.5309734344746044
2.0500000000000007,32.0,32000.0,1.0000000000000002e-10,1.2163824530324992e-21,0.8640510625676554,161955.64109698363,589441147.4936258,7.933762681890347e-10,0.4676486179155552
2.0500000000000007,33.0,33000.0,1.0000000000000002e-10,1.2163824530324992e-21,0.8640510625676554,161955.64109698363,589441147.4936258,7.014930284501122e-10,0.4134888556484128
2.0500000000000007,34.0,34000.0,1.0000000000000002e-10,1.2163824530324992e-21,0.8640510625676554,161955.64109698363,589441147.4936258,6.225345375658408e-10,0.3669474721772229
2.0500000000000007,35.0,35000.0,1.0000000000000002e-10,1.2163824530324992e-21,0.8640510625676554,161955.64109698363,589441147.4936258,5.543792178542841e-10,0.326773922318648
2.0500000000000007,36.0,36000.0,1.0000000000000002e-10,1.2163824530324992e-21,0.8640510625676554,161955.64109698363,589441147.4936258,4.953008984152243e-10,0.29195072991649357
2.0500000000000007,37.0,37000.0,1.0000000000000002e-10,1.2163824530324992e-21,0.8640510625676554,161955.64109698363,589441147.4936258,4.4388679189919405e-10,0.2616451399743252
2.0500000000000007,38.0,38000.0,1.0000000000000002e-10,1.2163824530324992e-21,0.8640510625676554,161955.64109698363,589441147.4936258,3.98974126288446e-10,0.23517176681972835
2.0500000000000007,39.0,39000.0,1.0000000000000002e-10,1.2163824530324992e-21,0.8640510625676554,161955.64109698363,589441147.4936258,3.5960083433836653e-10,0.211963528432072
2.0500000000000007,40.0,40000.0,1.0000000000000002e-10,1.2163824530324992e-21,0.8640510625676554,161955.64109698363,589441147.4936258,3.249669194502286e-10,0.1915488738982114
2.0500000000000007,41.0,41000.0,1.0000000000000002e-10,1.2163824530324992e-21,0.8640510625676554,161955.64109698363,589441147.4936258,2.9440399021452456e-10,0.17353382581875154
2.0500000000000007,42.0,42000.0,1.0000000000000002e-10,1.2163824530324992e-21,0.8640510625676554,161955.64109698363,589441147.4936258,2.673510888571972e-10,0.15758773259965664
2.0500000000000007,43.0,43000.0,1.0000000000000002e-10,1.2163824530324992e-21,0.8640510625676554,161955.64109698363,589441147.4936258,2.433354014441277e-10,0.1434318982530487
2.0500000000000007,44.0,44000.0,1.0000000000000002e-10,1.2163824530324992e-21,0.8640510625676554,161955.64109698363,589441147.4936258,2.2195677853304322e-10,0.13083045823250555
2.0500000000000007,45.0,45000.0,1.0000000000000002e-10,1.2163824530324992e-21,0.8640510625676554,161955.64109698363,589441147.4936258,2.028752479908758e-10,0.11958301897379572
2.0500000000000007,46.0,46000.0,1.0000000000000002e-10,1.2163824530324992e-21,0.8640510625676554,161955.64109698363,589441147.4936258,1.8580089090603797e-10,0.109518690340993
2.0500000000000007,47.0,47000.0,1.0000000000000002e-10,1.2163824530324992e-21,0.8640510625676554,161955.64109698363,589441147.4936258,1.7048559399530117e-10,0.10049122415572272
2.0500000000000007,48.0,48000.0,1.0000000000000002e-10,1.2163824530324992e-21,0.8640510625676554,161955.64109698363,589441147.4936258,1.5671629988919206e-10,0.09237503563764055
2.0500000000000007,49.0,49000.0,1.0000000000000002e-10,1.2163824530324992e-21,0.8640510625676554,161955.64109698363,589441147.4936258,1.4430945904161917e-10,0.0850619331316764
2.0500000000000007,50.0,50000.0,1.0000000000000002e-10,1.2163824530324992e-21,0.8640510625676554,161955.64109698363,589441147.4936258,1.3310645020681366e-10,0.0784584187487074
2.0500000000000007,51.0,51000.0,1.0000000000000002e-10,1.2163824530324992e-21,0.8640510625676554,161955.64109698363,589441147.4936258,1.2296978519819073e-10,0.07248345129426623
2.0500000000000007,52.0,52000.0,1.0000000000000002e-10,1.2163824530324992e-21,0.8640510625676554,161955.64109698363,589441147.4936258,1.1377995148987386e-10,0.06706658516796032
2.0500000000000007,53.0,53000.0,1.0000000000000002e-10,1.2163824530324992e-21,0.8640510625676554,161955.64109698363,589441147.4936258,1.0543277574492423e-10,0.06214641631852625
2.0500000000000007,54.0,54000.0,1.0000000000000002e-10,1.2163824530324992e-21,0.8640510625676554,161955.64109698363,589441147.4936258,9.783721450177266e-11,0.05766927998350488
2.0500000000000007,55.0,55000.0,1.0000000000000002e-10,1.2163824530324992e-21,0.8640510625676554,161955.64109698363,589441147.4936258,9.091349648713452e-11,0.05358815569203429
2.0500000000000007,56.0,56000.0,1.0000000000000002e-10,1.2163824530324992e-21,0.8640510625676554,161955.64109698363,589441147.4936258,8.459155545872257e-11,0.049861743517860116
2.0500000000000007,57.0,57000.0,1.0000000000000002e-10,1.2163824530324992e-21,0.8640510625676554,161955.64109698363,589441147.4936258,7.880970395821155e-11,0.04645368233476116
2.0500000000000007,58.0,58000.0,1.0000000000000002e-10,1.2163824530324992e-21,0.8640510625676554,161955.64109698363,589441147.4936258,7.351350751969385e-11,0.04333188622868963
2.0500000000000007,59.0,59000.0,1.0000000000000002e-10,1.2163824530324992e-21,0.8640510625676554,161955.64109698363,589441147.4936258,6.865482622764026e-11,0.04046797955259575
2.0500000000000007,60.0,60000.0,1.0000000000000002e-10,1.2163824530324992e-21,0.8640510625676554,161955.64109698363,589441147.4936258,6.419099643461304e-11,0.037836814597177554
2.0500000000000007,61.0,61000.0,1.0000000000000002e-10,1.2163824530324992e-21,0.8640510625676554,161955.64109698363,589441147.4936258,6.008413023034029e-11,0.035416058669128225
2.0500000000000007,62.0,62000.0,1.0000000000000002e-10,1.2163824530324992e-21,0.8640510625676554,161955.64109698363,589441147.4936258,5.630051413236578e-11,0.03318583965466278
2.0500000000000007,63.0,63000.0,1.0000000000000002e-10,1.2163824530324992e-21,0.8640510625676554,161955.64109698363,589441147.4936258,5.281009162611303e-11,0.03112844100733958
2.0500000000000007,64.0,64000.0,1.0000000000000002e-10,1.2163824530324992e-21,0.8640510625676554,161955.64109698363,589441147.4936258,4.958601676181467e-11,0.0292280386197222
2.0500000000000007,65.0,65000.0,1.0000000000000002e-10,1.2163824530324992e-21,0.8640510625676554,161955.64109698363,589441147.4936258,4.6604268130252326e-11,0.027470473284796543
2.0500000000000007,66.0,66000.0,1.0000000000000002e-10,1.2163824530324992e-21,0.8640510625676554,161955.64109698363,589441147.4936258,4.384331427813201e-11,0.0258430534780258
2.0500000000000007,67.0,67000.0,1.0000000000000002e-10,1.2163824530324992e-21,0.8640510625676554,161955.64109698363,589441147.4936258,4.128382305840876e-11,0.024334384036472267
2.0500000000000007,68.0,68000.0,1.0000000000000002e-10,1.2163824530324992e-21,0.8640510625676554,161955.64109698363,589441147.4936258,3.890840859786505e-11,0.02293421701107643
2.0500000000000007,69.0,69000.0,1.0000000000000002e-10,1.2163824530324992e-21,0.8640510625676554,161955.64109698363,589441147.4936258,3.670141054934084e-11,0.021633321548838128
2.0500000000000007,70.0,70000.0,1.0000000000000002e-10,1.2163824530324992e-21,0.8640510625676554,161955.64109698363,589441147.4936258,3.464870111589276e-11,0.0204233701449155
2.0500000000000007,71.0,71000.0,1.0000000000000002e-10,1.2163824530324992e-21,0.8640510625676554,161955.64109698363,589441147.4936258,3.2737516018424184e-11,0.019296839007990906
2.0500000000000007,72.0,72000.0,1.0000000000000002e-10,1.2163824530324992e-21,0.8640510625676554,161955.64109698363,589441147.4936258,3.095630615095152e-11,0.018246920619780848
2.0500000000000007,73.0,73000.0,1.0000000000000002e-10,1.2163824530324992e-21,0.8640510625676554,161955.64109698363,589441147.4936258,2.929460714811826e-11,0.0172674468527618
2.0500000000000007,74.0,74000.0,1.0000000000000002e-10,1.2163824530324992e-21,0.8640510625676554,161955.64109698363,589441147.4936258,2.7742924493699628e-11,0.016352821248395325
2.0500000000000007,75.0,75000.0,1.0000000000000002e-10,1.2163824530324992e-21,0.8640510625676554,161955.64109698363,589441147.4936258,2.629263213961751e-11,0.01549795925900393
2.0500000000000007,76.0,76000.0,1.0000000000000002e-10,1.2163824530324992e-21,0.8640510625676554,161955.64109698363,589441147.4936258,2.4935882893027874e-11,0.014698235426233022
2.0500000000000007,77.0,77000.0,1.0000000000000002e-10,1.2163824530324992e-21,0.8640510625676554,161955.64109698363,589441147.4936258,2.3665529073077486e-11,0.013949436612878554
2.0500000000000007,78.0,78000.0,1.0000000000000002e-10,1.2163824530324992e-21,0.8640510625676554,161955.64109698363,589441147.4936258,2.247505214614791e-11,0.0132477205270045
2.0500000000000007,79.0,79000.0,1.0000000000000002e-10,1.2163824530324992e-21,0.8640510625676554,161955.64109698363,589441147.4936258,2.1358500224751407e-11,0.012589578881220333
2.0500000000000007,80.0,80000.0,1.0000000000000002e-10,1.2163824530324992e-21,0.8640510625676554,161955.64109698363,589441147.4936258,2.031043246563929e-11,0.011971804618638213
2.0500000000000007,81.0,81000.0,1.0000000000000002e-10,1.2163824530324992e-21,0.8640510625676554,161955.64109698363,589441147.4936258,1.9325869531214355e-11,0.011391462712791088
2.0500000000000007,82.0,82000.0,1.0000000000000002e-10,1.2163824530324992e-21,0.8640510625676554,161955.64109698363,589441147.4936258,1.8400249388407785e-11,0.010845864113671971
2.0500000000000007,83.0,83000.0,1.0000000000000002e-10,1.2163824530324992e-21,0.8640510625676554,161955.64109698363,589441147.4936258,1.7529387813626723e-11,0.010332542467724916
2.0500000000000007,84.0,84000.0,1.0000000000000002e-10,1.2163824530324992e-21,0.8640510625676554,161955.64109698363,589441147.4936258,1.6709443053574825e-11,0.00984923328747854
2.0500000000000007,85.0,85000.0,1.0000000000000002e-10,1.2163824530324992e-21,0.8640510625676554,161955.64109698363,589441147.4936258,1.593688416168552e-11,0.009393855287736903
2.0500000000000007,86.0,86000.0,1.0000000000000002e-10,1.2163824530324992e-21,0.8640510625676554,161955.64109698363,589441147.4936258,1.520846259025798e-11,0.008964493640815543
2.0500000000000007,87.0,87000.0,1.0000000000000002e-10,1.2163824530324992e-21,0.8640510625676554,161955.64109698363,589441147.4936258,1.4521186670556807e-11,0.008559384934062147
2.0500000000000007,88.0,88000.0,1.0000000000000002e-10,1.2163824530324992e-21,0.8640510625676554,161955.64109698363,589441147.4936258,1.3872298658315201e-11,0.008176903639531597
2.0500000000000007,89.0,89000.0,1.0000000000000002e-10,1.2163824530324992e-21,0.8640510625676554,161955.64109698363,589441147.4936258,1.3259254061272456e-11,0.007815549928785954
2.0500000000000007,90.0,90000.0,1.0000000000000002e-10,1.2163824530324992e-21,0.8640510625676554,161955.64109698363,589441147.4936258,1.2679702999429738e-11,0.007473938685862233
2.0500000000000007,91.0,91000.0,1.0000000000000002e-10,1.2163824530324992e-21,0.8640510625676554,161955.64109698363,589441147.4936258,1.2131473378345564e-11,0.0071507895889203815
2.0500000000000007,92.0,92000.0,1.0000000000000002e-10,1.2163824530324992e-21,0.8640510625676554,161955.64109698363,589441147.4936258,1.1612555681627373e-11,0.0068449181463120625
2.0500000000000007,93.0,93000.0,1.0000000000000002e-10,1.2163824530324992e-21,0.8640510625676554,161955.64109698363,589441147.4936258,1.1121089211331513e-11,0.006555227586106229
2.0500000000000007,94.0,94000.0,1.0000000000000002e-10,1.2163824530324992e-21,0.8640510625676554,161955.64109698363,589441147.4936258,1.0655349624706323e-11,0.00628070150973267
2.0500000000000007,95.0,95000.0,1.0000000000000002e-10,1.2163824530324992e-21,0.8640510625676554,161955.64109698363,589441147.4936258,1.0213737632984217e-11,0.006020397230585045
2.0500000000000007,96.0,96000.0,1.0000000000000002e-10,1.2163824530324992e-21,0.8640510625676554,161955.64109698363,589441147.4936258,9.794768743074504e-12,0.005773439727352534
2.0500000000000007,97.0,97000.0,1.0000000000000002e-10,1.2163824530324992e-21,0.8640510625676554,161955.64109698363,589441147.4936258,9.39706393631035e-12,0.00553901614968974
2.0500000000000007,98.0,98000.0,1.0000000000000002e-10,1.2163824530324992e-21,0.8640510625676554,161955.64109698363,589441147.4936258,9.019341190101198e-12,0.005316370820729775
2.0500000000000007,99.0,99000.0,1.0000000000000002e-10,1.2163824530324992e-21,0.8640510625676554,161955.64109698363,589441147.4936258,8.660407758643357e-12,0.00510480068701744
2.0500000000000007,100.0,100000.0,1.0000000000000002e-10,1.2163824530324992e-21,0.8640510625676554,161955.64109698363,589441147.4936258,8.319153137925854e-12,0.004903651171794213
2.100000000000001,1.0,1000.0,1.0000000000000002e-10,1.3778186246570518e-21,0.8646117227091848,142979.6320608125,701361983.428109,0.00035372218938902226,248087.29633241787
2.100000000000001,2.0,2000.0,1.0000000000000002e-10,1.3778186246570518e-21,0.8646117227091848,142979.6320608125,701361983.428109,2.210763683681389e-05,15505.456020776117
2.100000000000001,3.0,3000.0,1.0000000000000002e-10,1.3778186246570518e-21,0.8646117227091848,142979.6320608125,701361983.428109,4.3669406097410165e-06,3062.806127560715
2.100000000000001,4.0,4000.0,1.0000000000000002e-10,1.3778186246570518e-21,0.8646117227091848,142979.6320608125,701361983.428109,1.3817273023008682e-06,969.0910012985073
2.100000000000001,5.0,5000.0,1.0000000000000002e-10,1.3778186246570518e-21,0.8646117227091848,142979.6320608125,701361983.428109,5.659555030224356e-07,396.93967413186857
2.100000000000001,6.0,6000.0,1.0000000000000002e-10,1.3778186246570518e-21,0.8646117227091848,142979.6320608125,701361983.428109,2.7293378810881353e-07,191.4253829725447
2.100000000000001,7.0,7000.0,1.0000000000000002e-10,1.3778186246570518e-21,0.8646117227091848,142979.6320608125,701361983.428109,1.4732286105332038e-07,103.3266540326605
2.100000000000001,8.0,8000.0,1.0000000000000002e-10,1.3778186246570518e-21,0.8646117227091848,142979.6320608125,701361983.428109,8.635795639380426e-08,60.56818758115671
2.100000000000001,9.0,9000.0,1.0000000000000002e-10,1.3778186246570518e-21,0.8646117227091848,142979.6320608125,701361983.428109,5.39128470338397e-08,37.81242132791006
2.100000000000001,10.0,10000.0,1.0000000000000002e-10,1.3778186246570518e-21,0.8646117227091848,142979.6320608125,701361983.428109,3.5372218938902224e-08,24.808729633241786
2.100000000000001,11.0,11000.0,1.0000000000000002e-10,1.3778186246570518e-21,0.8646117227091848,142979.6320608125,701361983.428109,2.41597014813894e-08,16.944696150018295
2.100000000000001,12.0,12000.0,1.0000000000000002e-10,1.3778186246570518e-21,0.8646117227091848,142979.6320608125,701361983.428109,1.7058361756800846e-08,11.964086435784044
2.100000000000001,13.0,13000.0,1.0000000000000002e-10,1.3778186246570518e-21,0.8646117227091848,142979.6320608125,701361983.428109,1.2384797079549818e-08,8.686225844067714
2.100000000000001,14.0,14000.0,1.0000000000000002e-10,1.3778186246570518e-21,0.8646117227091848,142979.6320608125,701361983.428109,9.207678815832524e-09,6.457915877041281
2.100000000000001,15.0,15000.0,1.0000000000000002e-10,1.3778186246570518e-21,0.8646117227091848,142979.6320608125,701361983.428109,6.987104975585623e-09,4.900489804097142
2.100000000000001,16.0,16000.0,1.0000000000000002e-10,1.3778186246570518e-21,0.8646117227091848,142979.6320608125,701361983.428109,5.397372274612766e-09,3.785511723822294
2.100000000000001,17.0,17000.0,1.0000000000000002e-10,1.3778186246570518e-21,0.8646117227091848,142979.6320608125,701361983.428109,4.235128762694679e-09,2.9703583090769734
2.100000000000001,18.0,18000.0,1.0000000000000002e-10,1.3778186246570518e-21,0.8646117227091848,142979.6320608125,701361983.428109,3.3695529396149814e-09,2.3632763329943787
2.100000000000001,19.0,19000.0,1.0000000000000002e-10,1.3778186246570518e-21,0.8646117227091848,142979.6320608125,701361983.428109,2.7142378387905414e-09,1.9036632341097581
2.100000000000001,20.0,20000.0,1.0000000000000002e-10,1.3778186246570518e-21,0.8646117227091848,142979.6320608125,701361983.428109,2.210763683681389e-09,1.5505456020776116
2.100000000000001,21.0,21000.0,1.0000000000000002e-10,1.3778186246570518e-21,0.8646117227091848,142979.6320608125,701361983.428109,1.8188007537446958e-09,1.2756377041069196
2.100000000000001,22.0,22000.0,1.0000000000000002e-10,1.3778186246570518e-21,0.8646117227091848,142979.6320608125,701361983.428109,1.5099813425868375e-09,1.0590435093761434
2.100000000000001,23.0,23000.0,1.0000000000000002e-10,1.3778186246570518e-21,0.8646117227091848,142979.6320608125,701361983.428109,1.2640113113840437e-09,0.886529480427878
2.100000000000001,24.0,24000.0,1.0000000000000002e-10,1.3778186246570518e-21,0.8646117227091848,142979.6320608125,701361983.428109,1.0661476098000529e-09,0.7477554022365027
2.100000000000001,25.0,25000.0,1.0000000000000002e-10,1.3778186246570518e-21,0.8646117227091848,142979.6320608125,701361983.428109,9.055288048358971e-10,0.6351034786109898
2.100000000000001,26.0,26000.0,1.0000000000000002e-10,1.3778186246570518e-21,0.8646117227091848,142979.6320608125,701361983.428109,7.740498174718637e-10,0.5428891152542321
2.100000000000001,27.0,27000.0,1.0000000000000002e-10,1.3778186246570518e-21,0.8646117227091848,142979.6320608125,701361983.428109,6.655907041214775e-10,0.46682001639395115
2.100000000000001,28.0,28000.0,1.0000000000000002e-10,1.3778186246570518e-21,0.8646117227091848,142979.6320608125,701361983.428109,5.754799259895327e-10,0.4036197423150801
2.100000000000001,29.0,29000.0,1.0000000000000002e-10,1.3778186246570518e-21,0.8646117227091848,142979.6320608125,701361983.428109,5.001154977852117e-10,0.3507619974697722
2.100000000000001,30.0,30000.0,1.0000000000000002e-10,1.3778186246570518e-21,0.8646117227091848,142979.6320608125,701361983.428109,4.3669406097410145e-10,0.3062806127560714
2.100000000000001,31.0,31000.0,1.0000000000000002e-10,1.3778186246570518e-21,0.8646117227091848,142979.6320608125,701361983.428109,3.8301477647938944e-10,0.26863200331385845
2.100000000000001,32.0,32000.0,1.0000000000000002e-10,1.3778186246570518e-21,0.8646117227091848,142979.6320608125,701361983.428109,3.373357671632979e-10,0.23659448273889339
2.100000000000001,33.0,33000.0,1.0000000000000002e-10,1.3778186246570518e-21,0.8646117227091848,142979.6320608125,701361983.428109,2.9826791952332604e-10,0.20919377962985555
2.100000000000001,34.0,34000.0,1.0000000000000002e-10,1.3778186246570518e-21,0.8646117227091848,142979.6320608125,701361983.428109,2.6469554766841743e-10,0.18564739431731084
2.100000000000001,35.0,35000.0,1.0000000000000002e-10,1.3778186246570518e-21,0.8646117227091848,142979.6320608125,701361983.428109,2.3571657768531254e-10,0.16532264645225675
2.100000000000001,36.0,36000.0,1.0000000000000002e-10,1.3778186246570518e-21,0.8646117227091848,142979.6320608125,701361983.428109,2.1059705872593634e-10,0.14770477081214867
2.100000000000001,37.0,37000.0,1.0000000000000002e-10,1.3778186246570518e-21,0.8646117227091848,142979.6320608125,701361983.428109,1.8873628753827568e-10,0.13237245697270295
2.100000000000001,38.0,38000.0,1.0000000000000002e-10,1.3778186246570518e-21,0.8646117227091848,142979.6320608125,701361983.428109,1.6963986492440884e-10,0.11897895213185988
2.100000000000001,39.0,39000.0,1.0000000000000002e-10,1.3778186246570518e-21,0.8646117227091848,142979.6320608125,701361983.428109,1.5289872937715816e-10,0.10723735609960133
2.100000000000001,40.0,40000.0,1.0000000000000002e-10,1.3778186246570518e-21,0.8646117227091848,142979.6320608125,701361983.428109,1.3817273023008681e-10,0.09690910012985073
2.100000000000001,41.0,41000.0,1.0000000000000002e-10,1.3778186246570518e-21,0.8646117227091848,142979.6320608125,701361983.428109,1.2517767404568972e-10,0.08779486174960227
2.100000000000001,42.0,42000.0,1.0000000000000002e-10,1.3778186246570518e-21,0.8646117227091848,142979.6320608125,701361983.428109,1.1367504710904349e-10,0.07972735650668247
2.100000000000001,43.0,43000.0,1.0000000000000002e-10,1.3778186246570518e-21,0.8646117227091848,142979.6320608125,701361983.428109,1.0346381359693712e-10,0.07256558551738397
2.100000000000001,44.0,44000.0,1.0000000000000002e-10,1.3778186246570518e-21,0.8646117227091848,142979.6320608125,701361983.428109,9.437383391167735e-11,0.06619021933600897
2.100000000000001,45.0,45000.0,1.0000000000000002e-10,1.3778186246570518e-21,0.8646117227091848,142979.6320608125,701361983.428109,8.62605552541435e-11,0.06049987412465608
2.100000000000001,46.0,46000.0,1.0000000000000002e-10,1.3778186246570518e-21,0.8646117227091848,142979.6320608125,701361983.428109,7.900070696150273e-11,0.05540809252674238
2.100000000000001,47.0,47000.0,1.0000000000000002e-10,1.3778186246570518e-21,0.8646117227091848,142979.6320608125,701361983.428109,7.248879371192957e-11,0.05084088413410996
2.100000000000001,48.0,48000.0,1.0000000000000002e-10,1.3778186246570518e-21,0.8646117227091848,142979.6320608125,701361983.428109,6.66342256125033e-11,0.04673471263978142
2.100000000000001,49.0,49000.0,1.0000000000000002e-10,1.3778186246570518e-21,0.8646117227091848,142979.6320608125,701361983.428109,6.135895920588105e-11,0.043034841329721164
2.100000000000001,50.0,50000.0,1.0000000000000002e-10,1.3778186246570518e-21,0.8646117227091848,142979.6320608125,701361983.428109,5.659555030224357e-11,0.03969396741318686
2.100000000000001,51.0,51000.0,1.0000000000000002e-10,1.3778186246570518e-21,0.8646117227091848,142979.6320608125,701361983.428109,5.228554028018121e-11,0.03667109023551818
2.100000000000001,52.0,52000.0,1.0000000000000002e-10,1.3778186246570518e-21,0.8646117227091848,142979.6320608125,701361983.428109,4.837811359199148e-11,0.03393056970338951
2.100000000000001,53.0,53000.0,1.0000000000000002e-10,1.3778186246570518e-21,0.8646117227091848,142979.6320608125,701361983.428109,4.4828976761875775e-11,0.0314413400567618
2.100000000000001,54.0,54000.0,1.0000000000000002e-10,1.3778186246570518e-21,0.8646117227091848,142979.6320608125,701361983.428109,4.1599419007592346e-11,0.029176251024621947
2.100000000000001,55.0,55000.0,1.0000000000000002e-10,1.3778186246570518e-21,0.8646117227091848,142979.6320608125,701361983.428109,3.865552237022305e-11,0.027111513840029276
2.100000000000001,56.0,56000.0,1.0000000000000002e-10,1.3778186246570518e-21,0.8646117227091848,142979.6320608125,701361983.428109,3.5967495374345796e-11,0.025226233894692505
2.100000000000001,57.0,57000.0,1.0000000000000002e-10,1.3778186246570518e-21,0.8646117227091848,142979.6320608125,701361983.428109,3.3509109120870887e-11,0.023502015235922945
2.100000000000001,58.0,58000.0,1.0000000000000002e-10,1.3778186246570518e-21,0.8646117227091848,142979.6320608125,701361983.428109,3.1257218611575734e-11,0.021922624841860763
2.100000000000001,59.0,59000.0,1.0000000000000002e-10,1.3778186246570518e-21,0.8646117227091848,142979.6320608125,701361983.428109,2.91913552289993e-11,0.020473706802365453
2.100000000000001,60.0,60000.0,1.0000000000000002e-10,1.3778186246570518e-21,0.8646117227091848,142979.6320608125,701361983.428109,2.729337881088134e-11,0.01914253829725446
2.100000000000001,61.0,61000.0,1.0000000000000002e-10,1.3778186246570518e-21,0.8646117227091848,142979.6320608125,701361983.428109,2.5547179791319436e-11,0.017917820689434306
2.100000000000001,62.0,62000.0,1.0000000000000002e-10,1.3778186246570518e-21,0.8646117227091848,142979.6320608125,701361983.428109,2.393842352996184e-11,0.016789500207116153
2.100000000000001,63.0,63000.0,1.0000000000000002e-10,1.3778186246570518e-21,0.8646117227091848,142979.6320608125,701361983.428109,2.245433029314439e-11,0.015748613630949624
2.100000000000001,64.0,64000.0,1.0000000000000002e-10,1.3778186246570518e-21,0.8646117227091848,142979.6320608125,701361983.428109,2.108348544770612e-11,0.014787155171180837
2.100000000000001,65.0,65000.0,1.0000000000000002e-10,1.3778186246570518e-21,0.8646117227091848,142979.6320608125,701361983.428109,1.9815675327279706e-11,0.013897961350508338
2.100000000000001,66.0,66000.0,1.0000000000000002e-10,1.3778186246570518e-21,0.8646117227091848,142979.6320608125,701361983.428109,1.8641744970207877e-11,0.013074611226865972
2.100000000000001,67.0,67000.0,1.0000000000000002e-10,1.3778186246570518e-21,0.8646117227091848,142979.6320608125,701361983.428109,1.755347453816699e-11,0.01231133971814361
2.100000000000001,68.0,68000.0,1.0000000000000002e-10,1.3778186246570518e-21,0.8646117227091848,142979.6320608125,701361983.428109,1.654347172927609e-11,0.011602962144831927
2.100000000000001,69.0,69000.0,1.0000000000000002e-10,1.3778186246570518e-21,0.8646117227091848,142979.6320608125,701361983.428109,1.5605077918321534e-11,0.010944808400344178
2.100000000000001,70.0,70000.0,1.0000000000000002e-10,1.3778186246570518e-21,0.8646117227091848,142979.6320608125,701361983.428109,1.4732286105332034e-11,0.010332665403266047
2.100000000000001,71.0,71000.0,1.0000000000000002e-10,1.3778186246570518e-21,0.8646117227091848,142979.6320608125,701361983.428109,1.3919669044681552e-11,0.009762726689840705
2.100000000000001,72.0,72000.0,1.0000000000000002e-10,1.3778186246570518e-21,0.8646117227091848,142979.6320608125,701361983.428109,1.3162316170371021e-11,0.009231548175759292
2.100000000000001,73.0,73000.0,1.0000000000000002e-10,1.3778186246570518e-21,0.8646117227091848,142979.6320608125,701361983.428109,1.2455778137421333e-11,0.008736009259602304
2.100000000000001,74.0,74000.0,1.0000000000000002e-10,1.3778186246570518e-21,0.8646117227091848,142979.6320608125,701361983.428109,1.179601797114223e-11,0.008273278560793934
2.100000000000001,75.0,75000.0,1.0000000000000002e-10,1.3778186246570518e-21,0.8646117227091848,142979.6320608125,701361983.428109,1.1179367960936999e-11,0.00784078368655543
2.100000000000001,76.0,76000.0,1.0000000000000002e-10,1.3778186246570518e-21,0.8646117227091848,142979.6320608125,701361983.428109,1.0602491557775552e-11,0.007436184508241243
2.100000000000001,77.0,77000.0,1.0000000000000002e-10,1.3778186246570518e-21,0.8646117227091848,142979.6320608125,701361983.428109,1.0062349638229651e-11,0.007057349500215864
2.100000000000001,78.0,78000.0,1.0000000000000002e-10,1.3778186246570518e-21,0.8646117227091848,142979.6320608125,701361983.428109,9.556170586072385e-12,0.006702334756225083
2.100000000000001,79.0,79000.0,1.0000000000000002e-10,1.3778186246570518e-21,0.8646117227091848,142979.6320608125,701361983.428109,9.081423717424935e-12,0.0063693653508042234
2.100000000000001,80.0,80000.0,1.0000000000000002e-10,1.3778186246570518e-21,0.8646117227091848,142979.6320608125,701361983.428109,8.635795639380426e-12,0.00605681875811567
2.100000000000001,81.0,81000.0,1.0000000000000002e-10,1.3778186246570518e-21,0.8646117227091848,142979.6320608125,701361983.428109,8.217169186684909e-12,0.005763210078937669
2.100000000000001,82.0,82000.0,1.0000000000000002e-10,1.3778186246570518e-21,0.8646117227091848,142979.6320608125,701361983.428109,7.823604627855608e-12,0.005487178859350142
2.100000000000001,83.0,83000.0,1.0000000000000002e-10,1.3778186246570518e-21,0.8646117227091848,142979.6320608125,701361983.428109,7.453322872274015e-12,0.005227477312828194
2.100000000000001,84.0,84000.0,1.0000000000000002e-10,1.3778186246570518e-21,0.8646117227091848,142979.6320608125,701361983.428109,7.104690444315218e-12,0.0049829597816676546
2.100000000000001,85.0,85000.0,1.0000000000000002e-10,1.3778186246570518e-21,0.8646117227091848,142979.6320608125,701361983.428109,6.776206020311486e-12,0.004752573294523157
2.100000000000001,86.0,86000.0,1.0000000000000002e-10,1.3778186246570518e-21,0.8646117227091848,142979.6320608125,701361983.428109,6.46648834980857e-12,0.004535349094836498
2.100000000000001,87.0,87000.0,1.0000000000000002e-10,1.3778186246570518e-21,0.8646117227091848,142979.6320608125,701361983.428109,6.174265404755699e-12,0.004330395030491013
2.100000000000001,88.0,88000.0,1.0000000000000002e-10,1.3778186246570518e-21,0.8646117227091848,142979.6320608125,701361983.428109,5.898364619479834e-12,0.00413688870850056
2.100000000000001,89.0,89000.0,1.0000000000000002e-10,1.3778186246570518e-21,0.8646117227091848,142979.6320608125,701361983.428109,5.637704100958431e-12,0.00395407133022899
2.100000000000001,90.0,90000.0,1.0000000000000002e-10,1.3778186246570518e-21,0.8646117227091848,142979.6320608125,701361983.428109,5.391284703383969e-12,0.003781242132791005
2.100000000000001,91.0,91000.0,1.0000000000000002e-10,1.3778186246570518e-21,0.8646117227091848,142979.6320608125,701361983.428109,5.1581828736150825e-12,0.0036177533711235776
2.100000000000001,92.0,92000.0,1.0000000000000002e-10,1.3778186246570518e-21,0.8646117227091848,142979.6320608125,701361983.428109,4.937544185093921e-12,0.0034630057829213986
2.100000000000001,93.0,93000.0,1.0000000000000002e-10,1.3778186246570518e-21,0.8646117227091848,142979.6320608125,701361983.428109,4.72857748739987e-12,0.0033164444853562773
2.100000000000001,94.0,94000.0,1.0000000000000002e-10,1.3778186246570518e-21,0.8646117227091848,142979.6320608125,701361983.428109,4.530549606995598e-12,0.0031775552583818726
2.100000000000001,95.0,95000.0,1.0000000000000002e-10,1.3778186246570518e-21,0.8646117227091848,142979.6320608125,701361983.428109,4.342780542064867e-12,0.0030458611745756135
2.100000000000001,96.0,96000.0,1.0000000000000002e-10,1.3778186246570518e-21,0.8646117227091848,142979.6320608125,701361983.428109,4.1646391007814565e-12,0.0029209195399863387
2.100000000000001,97.0,97000.0,1.0000000000000002e-10,1.3778186246570518e-21,0.8646117227091848,142979.6320608125,701361983.428109,3.995538938004276e-12,0.0028023191144229197
2.100000000000001,98.0,98000.0,1.0000000000000002e-10,1.3778186246570518e-21,0.8646117227091848,142979.6320608125,701361983.428109,3.8349349503675656e-12,0.0026896775831075728
2.100000000000001,99.0,99000.0,1.0000000000000002e-10,1.3778186246570518e-21,0.8646117227091848,142979.6320608125,701361983.428109,3.6823199941151354e-12,0.0025826392546895744
2.100000000000001,100.0,100000.0,1.0000000000000002e-10,1.3778186246570518e-21,0.8646117227091848,142979.6320608125,701361983.428109,3.537221893890223e-12,0.002480872963324179
2.150000000000001,1.0,1000.0,1.0000000000000002e-10,1.5566287823604094e-21,0.8652018708031195,126555.54248539405,834532224.5593715,0.0,0.0
2.150000000000001,2.0,2000.0,1.0000000000000002e-10,1.5566287823604094e-21,0.8652018708031195,126555.54248539405,834532224.5593715,0.0,0.0
2.150000000000001,3.0,3000.0,1.0000000000000002e-10,1.5566287823604094e-21,0.8652018708031195,126555.54248539405,834532224.5593715,0.0,0.0
2.150000000000001,4.0,4000.0,1.0000000000000002e-10,1.5566287823604094e-21,0.8652018708031195,126555.54248539405,834532224.5593715,0.0,0.0
2.150000000000001,5.0,5000.0,1.0000000000000002e-10,1.5566287823604094e-21,0.8652018708031195,126555.54248539405,834532224.5593715,0.0,0.0
2.150000000000001,6.0,6000.0,1.0000000000000002e-10,1.5566287823604094e-21,0.8652018708031195,126555.54248539405,834532224.5593715,0.0,0.0
2.150000000000001,7.0,7000.0,1.0000000000000002e-10,1.5566287823604094e-21,0.8652018708031195,126555.54248539405,834532224.5593715,0.0,0.0
2.150000000000001,8.0,8000.0,1.0000000000000002e-10,1.5566287823604094e-21,0.8652018708031195,126555.54248539405,834532224.5593715,0.0,0.0
2.150000000000001,9.0,9000.0,1.0000000000000002e-10,1.5566287823604094e-21,0.8652018708031195,126555.54248539405,834532224.5593715,0.0,0.0
2.150000000000001,10.0,10000.0,1.0000000000000002e-10,1.5566287823604094e-21,0.8652018708031195,126555.54248539405,834532224.5593715,0.0,0.0
2.150000000000001,11.0,11000.0,1.0000000000000002e-10,1.5566287823604094e-21,0.8652018708031195,126555.54248539405,834532224.5593715,0.0,0.0
2.150000000000001,12.0,12000.0,1.0000000000000002e-10,1.5566287823604094e-21,0.8652018708031195,126555.54248539405,834532224.5593715,0.0,0.0
2.150000000000001,13.0,13000.0,1.0000000000000002e-10,1.5566287823604094e-21,0.8652018708031195,126555.54248539405,834532224.5593715,0.0,0.0
2.150000000000001,14.0,14000.0,1.0000000000000002e-10,1.5566287823604094e-21,0.8652018708031195,126555.54248539405,834532224.5593715,0.0,0.0
2.150000000000001,15.0,15000.0,1.0000000000000002e-10,1.5566287823604094e-21,0.8652018708031195,126555.54248539405,834532224.5593715,0.0,0.0
2.150000000000001,16.0,16000.0,1.0000000000000002e-10,1.5566287823604094e-21,0.8652018708031195,126555.54248539405,834532224.5593715,0.0,0.0
2.150000000000001,17.0,17000.0,1.0000000000000002e-10,1.5566287823604094e-21,0.8652018708031195,126555.54248539405,834532224.5593715,0.0,0.0
2.150000000000001,18.0,18000.0,1.0000000000000002e-10,1.5566287823604094e-21,0.8652018708031195,126555.54248539405,834532224.5593715,0.0,0.0
2.150000000000001,19.0,19000.0,1.0000000000000002e-10,1.5566287823604094e-21,0.8652018708031195,126555.54248539405,834532224.5593715,0.0,0.0
2.150000000000001,20.0,20000.0,1.0000000000000002e-10,1.5566287823604094e-21,0.8652018708031195,126555.54248539405,834532224.5593715,0.0,0.0
2.150000000000001,21.0,21000.0,1.0000000000000002e-10,1.5566287823604094e-21,0.8652018708031195,126555.54248539405,834532224.5593715,0.0,0.0
2.150000000000001,22.0,22000.0,1.0000000000000002e-10,1.5566287823604094e-21,0.8652018708031195,126555.54248539405,834532224.5593715,0.0,0.0
2.150000000000001,23.0,23000.0,1.0000000000000002e-10,1.5566287823604094e-21,0.8652018708031195,126555.54248539405,834532224.5593715,0.0,0.0
2.150000000000001,24.0,24000.0,1.0000000000000002e-10,1.5566287823604094e-21,0.8652018708031195,126555.54248539405,834532224.5593715,0.0,0.0
2.150000000000001,25.0,25000.0,1.0000000000000002e-10,1.5566287823604094e-21,0.8652018708031195,126555.54248539405,834532224.5593715,0.0,0.0
2.150000000000001,26.0,26000.0,1.0000000000000002e-10,1.5566287823604094e-21,0.8652018708031195,126555.54248539405,834532224.5593715,0.0,0.0
2.150000000000001,27.0,27000.0,1.0000000000000002e-10,1.5566287823604094e-21,0.8652018708031195,126555.54248539405,834532224.5593715,0.0,0.0
2.150000000000001,28.0,28000.0,1.0000000000000002e-10,1.5566287823604094e-21,0.8652018708031195,126555.54248539405,834532224.5593715,0.0,0.0
2.150000000000001,29.0,29000.0,1.0000000000000002e-10,1.5566287823604094e-21,0.8652018708031195,126555.54248539405,834532224.5593715,0.0,0.0
2.150000000000001,30.0,30000.0,1.0000000000000002e-10,1.5566287823604094e-21,0.8652018708031195,126555.54248539405,834532224.5593715,0.0,0.0
2.150000000000001,31.0,31000.0,1.0000000000000002e-10,1.5566287823604094e-21,0.8652018708031195,126555.54248539405,834532224.5593715,0.0,0.0
2.150000000000001,32.0,32000.0,1.0000000000000002e-10,1.5566287823604094e-21,0.8652018708031195,126555.54248539405,834532224.5593715,0.0,0.0
2.150000000000001,33.0,33000.0,1.0000000000000002e-10,1.5566287823604094e-21,0.8652018708031195,126555.54248539405,834532224.5593715,0.0,0.0
2.150000000000001,34.0,34000.0,1.0000000000000002e-10,1.5566287823604094e-21,0.8652018708031195,126555.54248539405,834532224.5593715,0.0,0.0
2.150000000000001,35.0,35000.0,1.0000000000000002e-10,1.5566287823604094e-21,0.8652018708031195,126555.54248539405,834532224.5593715,0.0,0.0
2.150000000000001,36.0,36000.0,1.0000000000000002e-10,1.5566287823604094e-21,0.8652018708031195,126555.54248539405,834532224.5593715,0.0,0.0
2.150000000000001,37.0,37000.0,1.0000000000000002e-10,1.5566287823604094e-21,0.8652018708031195,126555.54248539405,834532224.5593715,0.0,0.0
2.150000000000001,38.0,38000.0,1.0000000000000002e-10,1.5566287823604094e-21,0.8652018708031195,126555.54248539405,834532224.5593715,0.0,0.0
2.150000000000001,39.0,39000.0,1.0000000000000002e-10,1.5566287823604094e-21,0.8652018708031195,126555.54248539405,834532224.5593715,0.0,0.0
2.150000000000001,40.0,40000.0,1.0000000000000002e-10,1.5566287823604094e-21,0.8652018708031195,126555.54248539405,834532224.5593715,0.0,0.0
2.150000000000001,41.0,41000.0,1.0000000000000002e-10,1.5566287823604094e-21,0.8652018708031195,126555.54248539405,834532224.5593715,0.0,0.0
2.150000000000001,42.0,42000.0,1.0000000000000002e-10,1.5566287823604094e-21,0.8652018708031195,126555.54248539405,834532224.5593715,0.0,0.0
2.150000000000001,43.0,43000.0,1.0000000000000002e-10,1.5566287823604094e-21,0.8652018708031195,126555.54248539405,834532224.5593715,0.0,0.0
2.150000000000001,44.0,44000.0,1.0000000000000002e-10,1.5566287823604094e-21,0.8652018708031195,126555.54248539405,834532224.5593715,0.0,0.0
2.150000000000001,45.0,45000.0,1.0000000000000002e-10,1.5566287823604094e-21,0.8652018708031195,126555.54248539405,834532224.5593715,0.0,0.0
2.150000000000001,46.0,46000.0,1.0000000000000002e-10,1.5566287823604094e-21,0.8652018708031195,126555.54248539405,834532224.5593715,0.0,0.0
2.150000000000001,47.0,47000.0,1.0000000000000002e-10,1.5566287823604094e-21,0.8652018708031195,126555.54248539405,834532224.5593715,0.0,0.0
2.150000000000001,48.0,48000.0,1.0000000000000002e-10,1.5566287823604094e-21,0.8652018708031195,126555.54248539405,834532224.5593715,0.0,0.0
2.150000000000001,49.0,49000.0,1.0000000000000002e-10,1.5566287823604094e-21,0.8652018708031195,126555.54248539405,834532224.5593715,0.0,0.0
2.150000000000001,50.0,50000.0,1.0000000000000002e-10,1.5566287823604094e-21,0.8652018708031195,126555.54248539405,834532224.5593715,0.0,0.0
2.150000000000001,51.0,51000.0,1.0000000000000002e-10,1.5566287823604094e-21,0.8652018708031195,126555.54248539405,834532224.5593715,0.0,0.0
2.150000000000001,52.0,52000.0,1.0000000000000002e-10,1.5566287823604094e-21,0.8652018708031195,126555.54248539405,834532224.5593715,0.0,0.0
2.150000000000001,53.0,53000.0,1.0000000000000002e-10,1.5566287823604094e-21,0.8652018708031195,126555.54248539405,834532224.5593715,0.0,0.0
2.150000000000001,54.0,54000.0,1.0000000000000002e-10,1.5566287823604094e-21,0.8652018708031195,126555.54248539405,834532224.5593715,0.0,0.0
2.150000000000001,55.0,55000.0,1.0000000000000002e-10,1.5566287823604094e-21,0.8652018708031195,126555.54248539405,834532224.5593715,0.0,0.0
2.150000000000001,56.0,56000.0,1.0000000000000002e-10,1.5566287823604094e-21,0.8652018708031195,126555.54248539405,834532224.5593715,0.0,0.0
2.150000000000001,57.0,57000.0,1.0000000000000002e-10,1.5566287823604094e-21,0.8652018708031195,126555.54248539405,834532224.5593715,0.0,0.0
2.150000000000001,58.0,58000.0,1.0000000000000002e-10,1.5566287823604094e-21,0.8652018708031195,126555.54248539405,834532224.5593715,0.0,0.0
2.150000000000001,59.0,59000.0,1.0000000000000002e-10,1.5566287823604094e-21,0.8652018708031195,126555.54248539405,834532224.5593715,0.0,0.0
2.150000000000001,60.0,60000.0,1.0000000000000002e-10,1.5566287823604094e-21,0.8652018708031195,126555.54248539405,834532224.5593715,0.0,0.0
2.150000000000001,61.0,61000.0,1.0000000000000002e-10,1.5566287823604094e-21,0.8652018708031195,126555.54248539405,834532224.5593715,0.0,0.0
2.150000000000001,62.0,62000.0,1.0000000000000002e-10,1.5566287823604094e-21,0.8652018708031195,126555.54248539405,834532224.5593715,0.0,0.0
2.150000000000001,63.0,63000.0,1.0000000000000002e-10,1.5566287823604094e-21,0.8652018708031195,126555.54248539405,834532224.5593715,0.0,0.0
2.150000000000001,64.0,64000.0,1.0000000000000002e-10,1.5566287823604094e-21,0.8652018708031195,126555.54248539405,834532224.5593715,0.0,0.0
2.150000000000001,65.0,65000.0,1.0000000000000002e-10,1.5566287823604094e-21,0.8652018708031195,126555.54248539405,834532224.5593715,0.0,0.0
2.150000000000001,66.0,66000.0,1.0000000000000002e-10,1.5566287823604094e-21,0.8652018708031195,126555.54248539405,834532224.5593715,0.0,0.0
2.150000000000001,67.0,67000.0,1.0000000000000002e-10,1.5566287823604094e-21,0.8652018708031195,126555.54248539405,834532224.5593715,0.0,0.0
2.150000000000001,68.0,68000.0,1.0000000000000002e-10,1.5566287823604094e-21,0.8652018708031195,126555.54248539405,834532224.5593715,0.0,0.0
2.150000000000001,69.0,69000.0,1.0000000000000002e-10,1.5566287823604094e-21,0.8652018708031195,126555.54248539405,834532224.5593715,0.0,0.0
2.150000000000001,70.0,70000.0,1.0000000000000002e-10,1.5566287823604094e-21,0.8652018708031195,126555.54248539405,834532224.5593715,0.0,0.0
2.150000000000001,71.0,71000.0,1.0000000000000002e-10,1.5566287823604094e-21,0.8652018708031195,126555.54248539405,834532224.5593715,0.0,0.0
2.150000000000001,72.0,72000.0,1.0000000000000002e-10,1.5566287823604094e-21,0.8652018708031195,126555.54248539405,834532224.5593715,0.0,0.0
2.150000000000001,73.0,73000.0,1.0000000000000002e-10,1.5566287823604094e-21,0.8652018708031195,126555.54248539405,834532224.5593715,0.0,0.0
2.150000000000001,74.0,74000.0,1.0000000000000002e-10,1.5566287823604094e-21,0.8652018708031195,126555.54248539405,834532224.5593715,0.0,0.0
2.150000000000001,75.0,75000.0,1.0000000000000002e-10,1.5566287823604094e-21,0.8652018708031195,126555.54248539405,834532224.5593715,0.0,0.0
2.150000000000001,76.0,76000.0,1.0000000000000002e-10,1.5566287823604094e-21,0.8652018708031195,126555.54248539405,834532224.5593715,0.0,0.0
2.150000000000001,77.0,77000.0,1.0000000000000002e-10,1.5566287823604094e-21,0.8652018708031195,126555.54248539405,834532224.5593715,0.0,0.0
2.150000000000001,78.0,78000.0,1.0000000000000002e-10,1.5566287823604094e-21,0.8652018708031195,126555.54248539405,834532224.5593715,0.0,0.0
2.150000000000001,79.0,79000.0,1.0000000000000002e-10,1.5566287823604094e-21,0.8652018708031195,126555.54248539405,834532224.5593715,0.0,0.0
2.150000000000001,80.0,80000.0,1.0000000000000002e-10,1.5566287823604094e-21,0.8652018708031195,126555.54248539405,834532224.5593715,0.0,0.0
2.150000000000001,81.0,81000.0,1.0000000000000002e-10,1.5566287823604094e-21,0.8652018708031195,126555.54248539405,834532224.5593715,0.0,0.0
2.150000000000001,82.0,82000.0,1.0000000000000002e-10,1.5566287823604094e-21,0.8652018708031195,126555.54248539405,834532224.5593715,0.0,0.0
2.150000000000001,83.0,83000.0,1.0000000000000002e-10,1.5566287823604094e-21,0.8652018708031195,126555.54248539405,834532224.5593715,0.0,0.0
2.150000000000001,84.0,84000.0,1.0000000000000002e-10,1.5566287823604094e-21,0.8652018708031195,126555.54248539405,834532224.5593715,0.0,0.0
2.150000000000001,85.0,85000.0,1.0000000000000002e-10,1.5566287823604094e-21,0.8652018708031195,126555.54248539405,834532224.5593715,0.0,0.0
2.150000000000001,86.0,86000.0,1.0000000000000002e-10,1.5566287823604094e-21,0.8652018708031195,126555.54248539405,834532224.5593715,0.0,0.0
2.150000000000001,87.0,87000.0,1.0000000000000002e-10,1.5566287823604094e-21,0.8652018708031195,126555.54248539405,834532224.5593715,0.0,0.0
2.150000000000001,88.0,88000.0,1.0000000000000002e-10,1.5566287823604094e-21,0.8652018708031195,126555.54248539405,834532224.5593715,0.0,0.0
2.150000000000001,89.0,89000.0,1.0000000000000002e-10,1.5566287823604094e-21,0.8652018708031195,126555.54248539405,834532224.5593715,0.0,0.0
2.150000000000001,90.0,90000.0,1.0000000000000002e-10,1.5566287823604094e-21,0.8652018708031195,126555.54248539405,834532224.5593715,0.0,0.0
2.150000000000001,91.0,91000.0,1.0000000000000002e-10,1.5566287823604094e-21,0.8652018708031195,126555.54248539405,834532224.5593715,0.0,0.0
2.150000000000001,92.0,92000.0,1.0000000000000002e-10,1.5566287823604094e-21,0.8652018708031195,126555.54248539405,834532224.5593715,0.0,0.0
2.150000000000001,93.0,93000.0,1.0000000000000002e-10,1.5566287823604094e-21,0.8652018708031195,126555.54248539405,834532224.5593715,0.0,0.0
2.150000000000001,94.0,94000.0,1.0000000000000002e-10,1.5566287823604094e-21,0.8652018708031195,126555.54248539405,834532224.5593715,0.0,0.0
2.150000000000001,95.0,95000.0,1.0000000000000002e-10,1.5566287823604094e-21,0.8652018708031195,126555.54248539405,834532224.5593715,0.0,0.0
2.150000000000001,96.0,96000.0,1.0000000000000002e-10,1.5566287823604094e-21,0.8652018708031195,126555.54248539405,834532224.5593715,0.0,0.0
2.150000000000001,97.0,97000.0,1.0000000000000002e-10,1.5566287823604094e-21,0.8652018708031195,126555.54248539405,834532224.5593715,0.0,0.0
2.150000000000001,98.0,98000.0,1.0000000000000002e-10,1.5566287823604094e-21,0.8652018708031195,126555.54248539405,834532224.5593715,0.0,0.0
2.150000000000001,99.0,99000.0,1.0000000000000002e-10,1.5566287823604094e-21,0.8652018708031195,126555.54248539405,834532224.5593715,0.0,0.0
2.150000000000001,100.0,100000.0,1.0000000000000002e-10,1.5566287823604094e-21,0.8652018708031195,126555.54248539405,834532224.5593715,0.0,0.0
2.2000000000000006,1.0,1000.0,1.0000000000000002e-10,1.7542714332166116e-21,0.8658183222737647,112297.33111413842,994410521.7434156,0.0,0.0
2.2000000000000006,2.0,2000.0,1.0000000000000002e-10,1.7542714332166116e-21,0.8658183222737647,112297.33111413842,994410521.7434156,0.0,0.0
2.2000000000000006,3.0,3000.0,1.0000000000000002e-10,1.7542714332166116e-21,0.8658183222737647,112297.33111413842,994410521.7434156,0.0,0.0
2.2000000000000006,4.0,4000.0,1.0000000000000002e-10,1.7542714332166116e-21,0.8658183222737647,112297.33111413842,994410521.7434156,0.0,0.0
2.2000000000000006,5.0,5000.0,1.0000000000000002e-10,1.7542714332166116e-21,0.8658183222737647,112297.33111413842,994410521.7434156,0.0,0.0
2.2000000000000006,6.0,6000.0,1.0000000000000002e-10,1.7542714332166116e-21,0.8658183222737647,112297.33111413842,994410521.7434156,0.0,0.0
2.2000000000000006,7.0,7000.0,1.0000000000000002e-10,1.7542714332166116e-21,0.8658183222737647,112297.33111413842,994410521.7434156,0.0,0.0
2.2000000000000006,8.0,8000.0,1.0000000000000002e-10,1.7542714332166116e-21,0.8658183222737647,112297.33111413842,994410521.7434156,0.0,0.0
2.2000000000000006,9.0,9000.0,1.0000000000000002e-10,1.7542714332166116e-21,0.8658183222737647,112297.33111413842,994410521.7434156,0.0,0.0
2.2000000000000006,10.0,10000.0,1.0000000000000002e-10,1.7542714332166116e-21,0.8658183222737647,112297.33111413842,994410521.7434156,0.0,0.0
2.2000000000000006,11.0,11000.0,1.0000000000000002e-10,1.7542714332166116e-21,0.8658183222737647,112297.33111413842,994410521.7434156,0.0,0.0
2.2000000000000006,12.0,12000.0,1.0000000000000002e-10,1.7542714332166116e-21,0.8658183222737647,112297.33111413842,994410521.7434156,0.0,0.0
2.2000000000000006,13.0,13000.0,1.0000000000000002e-10,1.7542714332166116e-21,0.8658183222737647,112297.33111413842,994410521.7434156,0.0,0.0
2.2000000000000006,14.0,14000.0,1.0000000000000002e-10,1.7542714332166116e-21,0.8658183222737647,112297.33111413842,994410521.7434156,0.0,0.0
2.2000000000000006,15.0,15000.0,1.0000000000000002e-10,1.7542714332166116e-21,0.8658183222737647,112297.33111413842,994410521.7434156,0.0,0.0
2.2000000000000006,16.0,16000.0,1.0000000000000002e-10,1.7542714332166116e-21,0.8658183222737647,112297.33111413842,994410521.7434156,0.0,0.0
2.2000000000000006,17.0,17000.0,1.0000000000000002e-10,1.7542714332166116e-21,0.8658183222737647,112297.33111413842,994410521.7434156,0.0,0.0
2.2000000000000006,18.0,18000.0,1.0000000000000002e-10,1.7542714332166116e-21,0.8658183222737647,112297.33111413842,994410521.7434156,0.0,0.0
2.2000000000000006,19.0,19000.0,1.0000000000000002e-10,1.7542714332166116e-21,0.8658183222737647,112297.33111413842,994410521.7434156,0.0,0.0
2.2000000000000006,20.0,20000.0,1.0000000000000002e-10,1.7542714332166116e-21,0.8658183222737647,112297.33111413842,994410521.7434156,0.0,0.0
2.2000000000000006,21.0,21000.0,1.0000000000000002e-10,1.7542714332166116e-21,0.8658183222737647,112297.33111413842,994410521.7434156,0.0,0.0
2.2000000000000006,22.0,22000.0,1.0000000000000002e-10,1.7542714332166116e-21,0.8658183222737647,112297.33111413842,994410521.7434156,0.0,0.0
2.2000000000000006,23.0,23000.0,1.0000000000000002e-10,1.7542714332166116e-21,0.8658183222737647,112297.33111413842,994410521.7434156,0.0,0.0
2.2000000000000006,24.0,24000.0,1.0000000000000002e-10,1.7542714332166116e-21,0.8658183222737647,112297.33111413842,994410521.7434156,0.0,0.0
2.2000000000000006,25.0,25000.0,1.0000000000000002e-10,1.7542714332166116e-21,0.8658183222737647,112297.33111413842,994410521.7434156,0.0,0.0
2.2000000000000006,26.0,26000.0,1.0000000000000002e-10,1.7542714332166116e-21,0.8658183222737647,112297.33111413842,994410521.7434156,0.0,0.0
2.2000000000000006,27.0,27000.0,1.0000000000000002e-10,1.7542714332166116e-21,0.8658183222737647,112297.33111413842,994410521.7434156,0.0,0.0
2.2000000000000006,28.0,28000.0,1.0000000000000002e-10,1.7542714332166116e-21,0.8658183222737647,112297.33111413842,994410521.7434156,0.0,0.0
2.2000000000000006,29.0,29000.0,1.0000000000000002e-10,1.7542714332166116e-21,0.8658183222737647,112297.33111413842,994410521.7434156,0.0,0.0
2.2000000000000006,30.0,30000.0,1.0000000000000002e-10,1.7542714332166116e-21,0.8658183222737647,112297.33111413842,994410521.7434156,0.0,0.0
2.2000000000000006,31.0,31000.0,1.0000000000000002e-10,1.7542714332166116e-21,0.8658183222737647,112297.33111413842,994410521.7434156,0.0,0.0
2.2000000000000006,32.0,32000.0,1.0000000000000002e-10,1.7542714332166116e-21,0.8658183222737647,112297.33111413842,994410521.7434156,0.0,0.0
2.2000000000000006,33.0,33000.0,1.0000000000000002e-10,1.7542714332166116e-21,0.8658183222737647,112297.33111413842,994410521.7434156,0.0,0.0
2.2000000000000006,34.0,34000.0,1.0000000000000002e-10,1.7542714332166116e-21,0.8658183222737647,112297.33111413842,994410521.7434156,0.0,0.0
2.2000000000000006,35.0,35000.0,1.0000000000000002e-10,1.7542714332166116e-21,0.8658183222737647,112297.33111413842,994410521.7434156,0.0,0.0
2.2000000000000006,36.0,36000.0,1.0000000000000002e-10,1.7542714332166116e-21,0.8658183222737647,112297.33111413842,994410521.7434156,0.0,0.0
2.2000000000000006,37.0,37000.0,1.0000000000000002e-10,1.7542714332166116e-21,0.8658183222737647,112297.33111413842,994410521.7434156,0.0,0.0
2.2000000000000006,38.0,38000.0,1.0000000000000002e-10,1.7542714332166116e-21,0.8658183222737647,112297.33111413842,994410521.7434156,0.0,0.0
2.2000000000000006,39.0,39000.0,1.0000000000000002e-10,1.7542714332166116e-21,0.8658183222737647,112297.33111413842,994410521.7434156,0.0,0.0
2.2000000000000006,40.0,40000.0,1.0000000000000002e-10,1.7542714332166116e-21,0.8658183222737647,112297.33111413842,994410521.7434156,0.0,0.0
2.2000000000000006,41.0,41000.0,1.0000000000000002e-10,1.7542714332166116e-21,0.8658183222737647,112297.33111413842,994410521.7434156,0.0,0.0
2.2000000000000006,42.0,42000.0,1.0000000000000002e-10,1.7542714332166116e-21,0.8658183222737647,112297.33111413842,994410521.7434156,0.0,0.0
2.2000000000000006,43.0,43000.0,1.0000000000000002e-10,1.7542714332166116e-21,0.8658183222737647,112297.33111413842,994410521.7434156,0.0,0.0
2.2000000000000006,44.0,44000.0,1.0000000000000002e-10,1.7542714332166116e-21,0.8658183222737647,112297.33111413842,994410521.7434156,0.0,0.0
2.2000000000000006,45.0,45000.0,1.0000000000000002e-10,1.7542714332166116e-21,0.8658183222737647,112297.33111413842,994410521.7434156,0.0,0.0
2.2000000000000006,46.0,46000.0,1.0000000000000002e-10,1.7542714332166116e-21,0.8658183222737647,112297.33111413842,994410521.7434156,0.0,0.0
2.2000000000000006,47.0,47000.0,1.0000000000000002e-10,1.7542714332166116e-21,0.8658183222737647,112297.33111413842,994410521.7434156,0.0,0.0
2.2000000000000006,48.0,48000.0,1.0000000000000002e-10,1.7542714332166116e-21,0.8658183222737647,112297.33111413842,994410521.7434156,0.0,0.0
2.2000000000000006,49.0,49000.0,1.0000000000000002e-10,1.7542714332166116e-21,0.8658183222737647,112297.33111413842,994410521.7434156,0.0,0.0
2.2000000000000006,50.0,50000.0,1.0000000000000002e-10,1.7542714332166116e-21,0.8658183222737647,112297.33111413842,994410521.7434156,0.0,0.0
2.2000000000000006,51.0,51000.0,1.0000000000000002e-10,1.7542714332166116e-21,0.8658183222737647,112297.33111413842,994410521.7434156,0.0,0.0
2.2000000000000006,52.0,52000.0,1.0000000000000002e-10,1.7542714332166116e-21,0.8658183222737647,112297.33111413842,994410521.7434156,0.0,0.0
2.2000000000000006,53.0,53000.0,1.0000000000000002e-10,1.7542714332166116e-21,0.8658183222737647,112297.33111413842,994410521.7434156,0.0,0.0
2.2000000000000006,54.0,54000.0,1.0000000000000002e-10,1.7542714332166116e-21,0.8658183222737647,112297.33111413842,994410521.7434156,0.0,0.0
2.2000000000000006,55.0,55000.0,1.0000000000000002e-10,1.7542714332166116e-21,0.8658183222737647,112297.33111413842,994410521.7434156,0.0,0.0
2.2000000000000006,56.0,56000.0,1.0000000000000002e-10,1.7542714332166116e-21,0.8658183222737647,112297.33111413842,994410521.7434156,0.0,0.0
2.2000000000000006,57.0,57000.0,1.0000000000000002e-10,1.7542714332166116e-21,0.8658183222737647,112297.33111413842,994410521.7434156,0.0,0.0
2.2000000000000006,58.0,58000.0,1.0000000000000002e-10,1.7542714332166116e-21,0.8658183222737647,112297.33111413842,994410521.7434156,0.0,0.0
2.2000000000000006,59.0,59000.0,1.0000000000000002e-10,1.7542714332166116e-21,0.8658183222737647,112297.33111413842,994410521.7434156,0.0,0.0
2.2000000000000006,60.0,60000.0,1.0000000000000002e-10,1.7542714332166116e-21,0.8658183222737647,112297.33111413842,994410521.7434156,0.0,0.0
2.2000000000000006,61.0,61000.0,1.0000000000000002e-10,1.7542714332166116e-21,0.8658183222737647,112297.33111413842,994410521.7434156,0.0,0.0
2.2000000000000006,62.0,62000.0,1.0000000000000002e-10,1.7542714332166116e-21,0.8658183222737647,112297.33111413842,994410521.7434156,0.0,0.0
2.2000000000000006,63.0,63000.0,1.0000000000000002e-10,1.7542714332166116e-21,0.8658183222737647,112297.33111413842,994410521.7434156,0.0,0.0
2.2000000000000006,64.0,64000.0,1.0000000000000002e-10,1.7542714332166116e-21,0.8658183222737647,112297.33111413842,994410521.7434156,0.0,0.0
2.2000000000000006,65.0,65000.0,1.0000000000000002e-10,1.7542714332166116e-21,0.8658183222737647,112297.33111413842,994410521.7434156,0.0,0.0
2.2000000000000006,66.0,66000.0,1.0000000000000002e-10,1.7542714332166116e-21,0.8658183222737647,112297.33111413842,994410521.7434156,0.0,0.0
2.2000000000000006,67.0,67000.0,1.0000000000000002e-10,1.7542714332166116e-21,0.8658183222737647,112297.33111413842,994410521.7434156,0.0,0.0
2.2000000000000006,68.0,68000.0,1.0000000000000002e-10,1.7542714332166116e-21,0.8658183222737647,112297.33111413842,994410521.7434156,0.0,0.0
2.2000000000000006,69.0,69000.0,1.0000000000000002e-10,1.7542714332166116e-21,0.8658183222737647,112297.33111413842,994410521.7434156,0.0,0.0
2.2000000000000006,70.0,70000.0,1.0000000000000002e-10,1.7542714332166116e-21,0.8658183222737647,112297.33111413842,994410521.7434156,0.0,0.0
2.2000000000000006,71.0,71000.0,1.0000000000000002e-10,1.7542714332166116e-21,0.8658183222737647,112297.33111413842,994410521.7434156,0.0,0.0
2.2000000000000006,72.0,72000.0,1.0000000000000002e-10,1.7542714332166116e-21,0.8658183222737647,112297.33111413842,994410521.7434156,0.0,0.0
2.2000000000000006,73.0,73000.0,1.0000000000000002e-10,1.7542714332166116e-21,0.8658183222737647,112297.33111413842,994410521.7434156,0.0,0.0
2.2000000000000006,74.0,74000.0,1.0000000000000002e-10,1.7542714332166116e-21,0.8658183222737647,112297.33111413842,994410521.7434156,0.0,0.0
2.2000000000000006,75.0,75000.0,1.0000000000000002e-10,1.7542714332166116e-21,0.8658183222737647,112297.33111413842,994410521.7434156,0.0,0.0
2.2000000000000006,76.0,76000.0,1.0000000000000002e-10,1.7542714332166116e-21,0.8658183222737647,112297.33111413842,994410521.7434156,0.0,0.0
2.2000000000000006,77.0,77000.0,1.0000000000000002e-10,1.7542714332166116e-21,0.8658183222737647,112297.33111413842,994410521.7434156,0.0,0.0
2.2000000000000006,78.0,78000.0,1.0000000000000002e-10,1.7542714332166116e-21,0.8658183222737647,112297.33111413842,994410521.7434156,0.0,0.0
2.2000000000000006,79.0,79000.0,1.0000000000000002e-10,1.7542714332166116e-21,0.8658183222737647,112297.33111413842,994410521.7434156,0.0,0.0
2.2000000000000006,80.0,80000.0,1.0000000000000002e-10,1.7542714332166116e-21,0.8658183222737647,112297.33111413842,994410521.7434156,0.0,0.0
2.2000000000000006,81.0,81000.0,1.0000000000000002e-10,1.7542714332166116e-21,0.8658183222737647,112297.33111413842,994410521.7434156,0.0,0.0
2.2000000000000006,82.0,82000.0,1.0000000000000002e-10,1.7542714332166116e-21,0.8658183222737647,112297.33111413842,994410521.7434156,0.0,0.0
2.2000000000000006,83.0,83000.0,1.0000000000000002e-10,1.7542714332166116e-21,0.8658183222737647,112297.33111413842,994410521.7434156,0.0,0.0
2.2000000000000006,84.0,84000.0,1.0000000000000002e-10,1.7542714332166116e-21,0.8658183222737647,112297.33111413842,994410521.7434156,0.0,0.0
2.2000000000000006,85.0,85000.0,1.0000000000000002e-10,1.7542714332166116e-21,0.8658183222737647,112297.33111413842,994410521.7434156,0.0,0.0
2.2000000000000006,86.0,86000.0,1.0000000000000002e-10,1.7542714332166116e-21,0.8658183222737647,112297.33111413842,994410521.7434156,0.0,0.0
2.2000000000000006,87.0,87000.0,1.0000000000000002e-10,1.7542714332166116e-21,0.8658183222737647,112297.33111413842,994410521.7434156,0.0,0.0
2.2000000000000006,88.0,88000.0,1.0000000000000002e-10,1.7542714332166116e-21,0.8658183222737647,112297.33111413842,994410521.7434156,0.0,0.0
2.2000000000000006,89.0,89000.0,1.0000000000000002e-10,1.7542714332166116e-21,0.8658183222737647,112297.33111413842,994410521.7434156,0.0,0.0
2.2000000000000006,90.0,90000.0,1.0000000000000002e-10,1.7542714332166116e-21,0.8658183222737647,112297.33111413842,994410521.7434156,0.0,0.0
2.2000000000000006,91.0,91000.0,1.0000000000000002e-10,1.7542714332166116e-21,0.8658183222737647,112297.33111413842,994410521.7434156,0.0,0.0
2.2000000000000006,92.0,92000.0,1.0000000000000002e-10,1.7542714332166116e-21,0.8658183222737647,112297.33111413842,994410521.7434156,0.0,0.0
2.2000000000000006,93.0,93000.0,1.0000000000000002e-10,1.7542714332166116e-21,0.8658183222737647,112297.33111413842,994410521.7434156,0.0,0.0
2.2000000000000006,94.0,94000.0,1.0000000000000002e-10,1.7542714332166116e-21,0.8658183222737647,112297.33111413842,994410521.7434156,0.0,0.0
2.2000000000000006,95.0,95000.0,1.0000000000000002e-10,1.7542714332166116e-21,0.8658183222737647,112297.33111413842,994410521.7434156,0.0,0.0
2.2000000000000006,96.0,96000.0,1.0000000000000002e-10,1.7542714332166116e-21,0.8658183222737647,112297.33111413842,994410521.7434156,0.0,0.0
2.2000000000000006,97.0,97000.0,1.0000000000000002e-10,1.7542714332166116e-21,0.8658183222737647,112297.33111413842,994410521.7434156,0.0,0.0
2.2000000000000006,98.0,98000.0,1.0000000000000002e-10,1.7542714332166116e-21,0.8658183222737647,112297.33111413842,994410521.7434156,0.0,0.0
2.2000000000000006,99.0,99000.0,1.0000000000000002e-10,1.7542714332166116e-21,0.8658183222737647,112297.33111413842,994410521.7434156,0.0,0.0
2.2000000000000006,100.0,100000.0,1.0000000000000002e-10,1.7542714332166116e-21,0.8658183222737647,112297.33111413842,994410521.7434156,0.0,0.0
2.250000000000001,1.0,1000.0,1.0000000000000002e-10,1.9722904218617446e-21,0.8664578652982478,99883.86994955933,1189663135.5244308,0.0,0.0
2.250000000000001,2.0,2000.0,1.0000000000000002e-10,1.9722904218617446e-21,0.8664578652982478,99883.86994955933,1189663135.5244308,0.0,0.0
2.250000000000001,3.0,3000.0,1.0000000000000002e-10,1.9722904218617446e-21,0.8664578652982478,99883.86994955933,1189663135.5244308,0.0,0.0
2.250000000000001,4.0,4000.0,1.0000000000000002e-10,1.9722904218617446e-21,0.8664578652982478,99883.86994955933,1189663135.5244308,0.0,0.0
2.250000000000001,5.0,5000.0,1.0000000000000002e-10,1.9722904218617446e-21,0.8664578652982478,99883.86994955933,1189663135.5244308,0.0,0.0
2.250000000000001,6.0,6000.0,1.0000000000000002e-10,1.9722904218617446e-21,0.8664578652982478,99883.86994955933,1189663135.5244308,0.0,0.0
2.250000000000001,7.0,7000.0,1.0000000000000002e-10,1.9722904218617446e-21,0.8664578652982478,99883.86994955933,1189663135.5244308,0.0,0.0
2.250000000000001,8.0,8000.0,1.0000000000000002e-10,1.9722904218617446e-21,0.8664578652982478,99883.86994955933,1189663135.5244308,0.0,0.0
2.250000000000001,9.0,9000.0,1.0000000000000002e-10,1.9722904218617446e-21,0.8664578652982478,99883.86994955933,1189663135.5244308,0.0,0.0
2.250000000000001,10.0,10000.0,1.0000000000000002e-10,1.9722904218617446e-21,0.8664578652982478,99883.86994955933,1189663135.5244308,0.0,0.0
2.250000000000001,11.0,11000.0,1.0000000000000002e-10,1.9722904218617446e-21,0.8664578652982478,99883.86994955933,1189663135.5244308,0.0,0.0
2.250000000000001,12.0,12000.0,1.0000000000000002e-10,1.9722904218617446e-21,0.8664578652982478,99883.86994955933,1189663135.5244308,0.0,0.0
2.250000000000001,13.0,13000.0,1.0000000000000002e-10,1.9722904218617446e-21,0.8664578652982478,99883.86994955933,1189663135.5244308,0.0,0.0
2.250000000000001,14.0,14000.0,1.0000000000000002e-10,1.9722904218617446e-21,0.8664578652982478,99883.86994955933,1189663135.5244308,0.0,0.0
2.250000000000001,15.0,15000.0,1.0000000000000002e-10,1.9722904218617446e-21,0.8664578652982478,99883.86994955933,1189663135.5244308,0.0,0.0
2.250000000000001,16.0,16000.0,1.0000000000000002e-10,1.9722904218617446e-21,0.8664578652982478,99883.86994955933,1189663135.5244308,0.0,0.0
2.250000000000001,17.0,17000.0,1.0000000000000002e-10,1.9722904218617446e-21,0.8664578652982478,99883.86994955933,1189663135.5244308,0.0,0.0
2.250000000000001,18.0,18000.0,1.0000000000000002e-10,1.9722904218617446e-21,0.8664578652982478,99883.86994955933,1189663135.5244308,0.0,0.0
2.250000000000001,19.0,19000.0,1.0000000000000002e-10,1.9722904218617446e-21,0.8664578652982478,99883.86994955933,1189663135.5244308,0.0,0.0
2.250000000000001,20.0,20000.0,1.0000000000000002e-10,1.9722904218617446e-21,0.8664578652982478,99883.86994955933,1189663135.5244308,0.0,0.0
2.250000000000001,21.0,21000.0,1.0000000000000002e-10,1.9722904218617446e-21,0.8664578652982478,99883.86994955933,1189663135.5244308,0.0,0.0
2.250000000000001,22.0,22000.0,1.0000000000000002e-10,1.9722904218617446e-21,0.8664578652982478,99883.86994955933,1189663135.5244308,0.0,0.0
2.250000000000001,23.0,23000.0,1.0000000000000002e-10,1.9722904218617446e-21,0.8664578652982478,99883.86994955933,1189663135.5244308,0.0,0.0
2.250000000000001,24.0,24000.0,1.0000000000000002e-10,1.9722904218617446e-21,0.8664578652982478,99883.86994955933,1189663135.5244308,0.0,0.0
2.250000000000001,25.0,25000.0,1.0000000000000002e-10,1.9722904218617446e-21,0.8664578652982478,99883.86994955933,1189663135.5244308,0.0,0.0
2.250000000000001,26.0,26000.0,1.0000000000000002e-10,1.9722904218617446e-21,0.8664578652982478,99883.86994955933,1189663135.5244308,0.0,0.0
2.250000000000001,27.0,27000.0,1.0000000000000002e-10,1.9722904218617446e-21,0.8664578652982478,99883.86994955933,1189663135.5244308,0.0,0.0
2.250000000000001,28.0,28000.0,1.0000000000000002e-10,1.9722904218617446e-21,0.8664578652982478,99883.86994955933,1189663135.5244308,0.0,0.0
2.250000000000001,29.0,29000.0,1.0000000000000002e-10,1.9722904218617446e-21,0.8664578652982478,99883.86994955933,1189663135.5244308,0.0,0.0
2.250000000000001,30.0,30000.0,1.0000000000000002e-10,1.9722904218617446e-21,0.8664578652982478,99883.86994955933,1189663135.5244308,0.0,0.0
2.250000000000001,31.0,31000.0,1.0000000000000002e-10,1.9722904218617446e-21,0.8664578652982478,99883.86994955933,1189663135.5244308,0.0,0.0
2.250000000000001,32.0,32000.0,1.0000000000000002e-10,1.9722904218617446e-21,0.8664578652982478,99883.86994955933,1189663135.5244308,0.0,0.0
2.250000000000001,33.0,33000.0,1.0000000000000002e-10,1.9722904218617446e-21,0.8664578652982478,99883.86994955933,1189663135.5244308,0.0,0.0
2.250000000000001,34.0,34000.0,1.0000000000000002e-10,1.9722904218617446e-21,0.8664578652982478,99883.86994955933,1189663135.5244308,0.0,0.0
2.250000000000001,35.0,35000.0,1.0000000000000002e-10,1.9722904218617446e-21,0.8664578652982478,99883.86994955933,1189663135.5244308,0.0,0.0
2.250000000000001,36.0,36000.0,1.0000000000000002e-10,1.9722904218617446e-21,0.8664578652982478,99883.86994955933,1189663135.5244308,0.0,0.0
2.250000000000001,37.0,37000.0,1.0000000000000002e-10,1.9722904218617446e-21,0.8664578652982478,99883.86994955933,1189663135.5244308,0.0,0.0
2.250000000000001,38.0,38000.0,1.0000000000000002e-10,1.9722904218617446e-21,0.8664578652982478,99883.86994955933,1189663135.5244308,0.0,0.0
2.250000000000001,39.0,39000.0,1.0000000000000002e-10,1.9722904218617446e-21,0.8664578652982478,99883.86994955933,1189663135.5244308,0.0,0.0
2.250000000000001,40.0,40000.0,1.0000000000000002e-10,1.9722904218617446e-21,0.8664578652982478,99883.86994955933,1189663135.5244308,0.0,0.0
2.250000000000001,41.0,41000.0,1.0000000000000002e-10,1.9722904218617446e-21,0.8664578652982478,99883.86994955933,1189663135.5244308,0.0,0.0
2.250000000000001,42.0,42000.0,1.0000000000000002e-10,1.9722904218617446e-21,0.8664578652982478,99883.86994955933,1189663135.5244308,0.0,0.0
2.250000000000001,43.0,43000.0,1.0000000000000002e-10,1.9722904218617446e-21,0.8664578652982478,99883.86994955933,1189663135.5244308,0.0,0.0
2.250000000000001,44.0,44000.0,1.0000000000000002e-10,1.9722904218617446e-21,0.8664578652982478,99883.86994955933,1189663135.5244308,0.0,0.0
2.250000000000001,45.0,45000.0,1.0000000000000002e-10,1.9722904218617446e-21,0.8664578652982478,99883.86994955933,1189663135.5244308,0.0,0.0
2.250000000000001,46.0,46000.0,1.0000000000000002e-10,1.9722904218617446e-21,0.8664578652982478,99883.86994955933,1189663135.5244308,0.0,0.0
2.250000000000001,47.0,47000.0,1.0000000000000002e-10,1.9722904218617446e-21,0.8664578652982478,99883.86994955933,1189663135.5244308,0.0,0.0
2.250000000000001,48.0,48000.0,1.0000000000000002e-10,1.9722904218617446e-21,0.8664578652982478,99883.86994955933,1189663135.5244308,0.0,0.0
2.250000000000001,49.0,49000.0,1.0000000000000002e-10,1.9722904218617446e-21,0.8664578652982478,99883.86994955933,1189663135.5244308,0.0,0.0
2.250000000000001,50.0,50000.0,1.0000000000000002e-10,1.9722904218617446e-21,0.8664578652982478,99883.86994955933,1189663135.5244308,0.0,0.0
2.250000000000001,51.0,51000.0,1.0000000000000002e-10,1.9722904218617446e-21,0.8664578652982478,99883.86994955933,1189663135.5244308,0.0,0.0
2.250000000000001,52.0,52000.0,1.0000000000000002e-10,1.9722904218617446e-21,0.8664578652982478,99883.86994955933,1189663135.5244308,0.0,0.0
2.250000000000001,53.0,53000.0,1.0000000000000002e-10,1.9722904218617446e-21,0.8664578652982478,99883.86994955933,1189663135.5244308,0.0,0.0
2.250000000000001,54.0,54000.0,1.0000000000000002e-10,1.9722904218617446e-21,0.8664578652982478,99883.86994955933,1189663135.5244308,0.0,0.0
2.250000000000001,55.0,55000.0,1.0000000000000002e-10,1.9722904218617446e-21,0.8664578652982478,99883.86994955933,1189663135.5244308,0.0,0.0
2.250000000000001,56.0,56000.0,1.0000000000000002e-10,1.9722904218617446e-21,0.8664578652982478,99883.86994955933,1189663135.5244308,0.0,0.0
2.250000000000001,57.0,57000.0,1.0000000000000002e-10,1.9722904218617446e-21,0.8664578652982478,99883.86994955933,1189663135.5244308,0.0,0.0
2.250000000000001,58.0,58000.0,1.0000000000000002e-10,1.9722904218617446e-21,0.8664578652982478,99883.86994955933,1189663135.5244308,0.0,0.0
2.250000000000001,59.0,59000.0,1.0000000000000002e-10,1.9722904218617446e-21,0.8664578652982478,99883.86994955933,1189663135.5244308,0.0,0.0
2.250000000000001,60.0,60000.0,1.0000000000000002e-10,1.9722904218617446e-21,0.8664578652982478,99883.86994955933,1189663135.5244308,0.0,0.0
2.250000000000001,61.0,61000.0,1.0000000000000002e-10,1.9722904218617446e-21,0.8664578652982478,99883.86994955933,1189663135.5244308,0.0,0.0
2.250000000000001,62.0,62000.0,1.0000000000000002e-10,1.9722904218617446e-21,0.8664578652982478,99883.86994955933,1189663135.5244308,0.0,0.0
2.250000000000001,63.0,63000.0,1.0000000000000002e-10,1.9722904218617446e-21,0.8664578652982478,99883.86994955933,1189663135.5244308,0.0,0.0
2.250000000000001,64.0,64000.0,1.0000000000000002e-10,1.9722904218617446e-21,0.8664578652982478,99883.86994955933,1189663135.5244308,0.0,0.0
2.250000000000001,65.0,65000.0,1.0000000000000002e-10,1.9722904218617446e-21,0.8664578652982478,99883.86994955933,1189663135.5244308,0.0,0.0
2.250000000000001,66.0,66000.0,1.0000000000000002e-10,1.9722904218617446e-21,0.8664578652982478,99883.86994955933,1189663135.5244308,0.0,0.0
2.250000000000001,67.0,67000.0,1.0000000000000002e-10,1.9722904218617446e-21,0.8664578652982478,99883.86994955933,1189663135.5244308,0.0,0.0
2.250000000000001,68.0,68000.0,1.0000000000000002e-10,1.9722904218617446e-21,0.8664578652982478,99883.86994955933,1189663135.5244308,0.0,0.0
2.250000000000001,69.0,69000.0,1.0000000000000002e-10,1.9722904218617446e-21,0.8664578652982478,99883.86994955933,1189663135.5244308,0.0,0.0
2.250000000000001,70.0,70000.0,1.0000000000000002e-10,1.9722904218617446e-21,0.8664578652982478,99883.86994955933,1189663135.5244308,0.0,0.0
2.250000000000001,71.0,71000.0,1.0000000000000002e-10,1.9722904218617446e-21,0.8664578652982478,99883.86994955933,1189663135.5244308,0.0,0.0
2.250000000000001,72.0,72000.0,1.0000000000000002e-10,1.9722904218617446e-21,0.8664578652982478,99883.86994955933,1189663135.5244308,0.0,0.0
2.250000000000001,73.0,73000.0,1.0000000000000002e-10,1.9722904218617446e-21,0.8664578652982478,99883.86994955933,1189663135.5244308,0.0,0.0
2.250000000000001,74.0,74000.0,1.0000000000000002e-10,1.9722904218617446e-21,0.8664578652982478,99883.86994955933,1189663135.5244308,0.0,0.0
2.250000000000001,75.0,75000.0,1.0000000000000002e-10,1.9722904218617446e-21,0.8664578652982478,99883.86994955933,1189663135.5244308,0.0,0.0
2.250000000000001,76.0,76000.0,1.0000000000000002e-10,1.9722904218617446e-21,0.8664578652982478,99883.86994955933,1189663135.5244308,0.0,0.0
2.250000000000001,77.0,77000.0,1.0000000000000002e-10,1.9722904218617446e-21,0.8664578652982478,99883.86994955933,1189663135.5244308,0.0,0.0
2.250000000000001,78.0,78000.0,1.0000000000000002e-10,1.9722904218617446e-21,0.8664578652982478,99883.86994955933,1189663135.5244308,0.0,0.0
2.250000000000001,79.0,79000.0,1.0000000000000002e-10,1.9722904218617446e-21,0.8664578652982478,99883.86994955933,1189663135.5244308,0.0,0.0
2.250000000000001,80.0,80000.0,1.0000000000000002e-10,1.9722904218617446e-21,0.8664578652982478,99883.86994955933,1189663135.5244308,0.0,0.0
2.250000000000001,81.0,81000.0,1.0000000000000002e-10,1.9722904218617446e-21,0.8664578652982478,99883.86994955933,1189663135.5244308,0.0,0.0
2.250000000000001,82.0,82000.0,1.0000000000000002e-10,1.9722904218617446e-21,0.8664578652982478,99883.86994955933,1189663135.5244308,0.0,0.0
2.250000000000001,83.0,83000.0,1.0000000000000002e-10,1.9722904218617446e-21,0.8664578652982478,99883.86994955933,1189663135.5244308,0.0,0.0
2.250000000000001,84.0,84000.0,1.0000000000000002e-10,1.9722904218617446e-21,0.8664578652982478,99883.86994955933,1189663135.5244308,0.0,0.0
2.250000000000001,85.0,85000.0,1.0000000000000002e-10,1.9722904218617446e-21,0.8664578652982478,99883.86994955933,1189663135.5244308,0.0,0.0
2.250000000000001,86.0,86000.0,1.0000000000000002e-10,1.9722904218617446e-21,0.8664578652982478,99883.86994955933,1189663135.5244308,0.0,0.0
2.250000000000001,87.0,87000.0,1.0000000000000002e-10,1.9722904218617446e-21,0.8664578652982478,99883.86994955933,1189663135.5244308,0.0,0.0
2.250000000000001,88.0,88000.0,1.0000000000000002e-10,1.9722904218617446e-21,0.8664578652982478,99883.86994955933,1189663135.5244308,0.0,0.0
2.250000000000001,89.0,89000.0,1.0000000000000002e-10,1.9722904218617446e-21,0.8664578652982478,99883.86994955933,1189663135.5244308,0.0,0.0
2.250000000000001,90.0,90000.0,1.0000000000000002e-10,1.9722904218617446e-21,0.8664578652982478,99883.86994955933,1189663135.5244308,0.0,0.0
2.250000000000001,91.0,91000.0,1.0000000000000002e-10,1.9722904218617446e-21,0.8664578652982478,99883.86994955933,1189663135.5244308,0.0,0.0
2.250000000000001,92.0,92000.0,1.0000000000000002e-10,1.9722904218617446e-21,0.8664578652982478,99883.86994955933,1189663135.5244308,0.0,0.0
2.250000000000001,93.0,93000.0,1.0000000000000002e-10,1.9722904218617446e-21,0.8664578652982478,99883.86994955933,1189663135.5244308,0.0,0.0
2.250000000000001,94.0,94000.0,1.0000000000000002e-10,1.9722904218617446e-21,0.8664578652982478,99883.86994955933,1189663135.5244308,0.0,0.0
2.250000000000001,95.0,95000.0,1.0000000000000002e-10,1.9722904218617446e-21,0.8664578652982478,99883.86994955933,1189663135.5244308,0.0,0.0
2.250000000000001,96.0,96000.0,1.0000000000000002e-10,1.9722904218617446e-21,0.8664578652982478,99883.86994955933,1189663135.5244308,0.0,0.0
2.250000000000001,97.0,97000.0,1.0000000000000002e-10,1.9722904218617446e-21,0.8664578652982478,99883.86994955933,1189663135.5244308,0.0,0.0
2.250000000000001,98.0,98000.0,1.0000000000000002e-10,1.9722904218617446e-21,0.8664578652982478,99883.86994955933,1189663135.5244308,0.0,0.0
2.250000000000001,99.0,99000.0,1.0000000000000002e-10,1.9722904218617446e-21,0.8664578652982478,99883.86994955933,1189663135.5244308,0.0,0.0
2.250000000000001,100.0,100000.0,1.0000000000000002e-10,1.9722904218617446e-21,0.8664578652982478,99883.86994955933,1189663135.5244308,0.0,0.0
2.3000000000000007,1.0,1000.0,1.0000000000000002e-10,2.2123169937115907e-21,0.8671173135696384,89046.91351192593,1437336191.7806478,0.0,0.0
2.3000000000000007,2.0,2000.0,1.0000000000000002e-10,2.2123169937115907e-21,0.8671173135696384,89046.91351192593,1437336191.7806478,0.0,0.0
2.3000000000000007,3.0,3000.0,1.0000000000000002e-10,2.2123169937115907e-21,0.8671173135696384,89046.91351192593,1437336191.7806478,0.0,0.0
2.3000000000000007,4.0,4000.0,1.0000000000000002e-10,2.2123169937115907e-21,0.8671173135696384,89046.91351192593,1437336191.7806478,0.0,0.0
2.3000000000000007,5.0,5000.0,1.0000000000000002e-10,2.2123169937115907e-21,0.8671173135696384,89046.91351192593,1437336191.7806478,0.0,0.0
2.3000000000000007,6.0,6000.0,1.0000000000000002e-10,2.2123169937115907e-21,0.8671173135696384,89046.91351192593,1437336191.7806478,0.0,0.0
2.3000000000000007,7.0,7000.0,1.0000000000000002e-10,2.2123169937115907e-21,0.8671173135696384,89046.91351192593,1437336191.7806478,0.0,0.0
2.3000000000000007,8.0,8000.0,1.0000000000000002e-10,2.2123169937115907e-21,0.8671173135696384,89046.91351192593,1437336191.7806478,0.0,0.0
2.3000000000000007,9.0,9000.0,1.0000000000000002e-10,2.2123169937115907e-21,0.8671173135696384,89046.91351192593,1437336191.7806478,0.0,0.0
2.3000000000000007,10.0,10000.0,1.0000000000000002e-10,2.2123169937115907e-21,0.8671173135696384,89046.91351192593,1437336191.7806478,0.0,0.0
2.3000000000000007,11.0,11000.0,1.0000000000000002e-10,2.2123169937115907e-21,0.8671173135696384,89046.91351192593,1437336191.7806478,0.0,0.0
2.3000000000000007,12.0,12000.0,1.0000000000000002e-10,2.2123169937115907e-21,0.8671173135696384,89046.91351192593,1437336191.7806478,0.0,0.0
2.3000000000000007,13.0,13000.0,1.0000000000000002e-10,2.2123169937115907e-21,0.8671173135696384,89046.91351192593,1437336191.7806478,0.0,0.0
2.3000000000000007,14.0,14000.0,1.0000000000000002e-10,2.2123169937115907e-21,0.8671173135696384,89046.91351192593,1437336191.7806478,0.0,0.0
2.3000000000000007,15.0,15000.0,1.0000000000000002e-10,2.2123169937115907e-21,0.8671173135696384,89046.91351192593,1437336191.7806478,0.0,0.0
2.3000000000000007,16.0,16000.0,1.0000000000000002e-10,2.2123169937115907e-21,0.8671173135696384,89046.91351192593,1437336191.7806478,0.0,0.0
2.3000000000000007,17.0,17000.0,1.0000000000000002e-10,2.2123169937115907e-21,0.8671173135696384,89046.91351192593,1437336191.7806478,0.0,0.0
2.3000000000000007,18.0,18000.0,1.0000000000000002e-10,2.2123169937115907e-21,0.8671173135696384,89046.91351192593,1437336191.7806478,0.0,0.0
2.3000000000000007,19.0,19000.0,1.0000000000000002e-10,2.2123169937115907e-21,0.8671173135696384,89046.91351192593,1437336191.7806478,0.0,0.0
2.3000000000000007,20.0,20000.0,1.0000000000000002e-10,2.2123169937115907e-21,0.8671173135696384,89046.91351192593,1437336191.7806478,0.0,0.0
2.3000000000000007,21.0,21000.0,1.0000000000000002e-10,2.2123169937115907e-21,0.8671173135696384,89046.91351192593,1437336191.7806478,0.0,0.0
2.3000000000000007,22.0,22000.0,1.0000000000000002e-10,2.2123169937115907e-21,0.8671173135696384,89046.91351192593,1437336191.7806478,0.0,0.0
2.3000000000000007,23.0,23000.0,1.0000000000000002e-10,2.2123169937115907e-21,0.8671173135696384,89046.91351192593,1437336191.7806478,0.0,0.0
2.3000000000000007,24.0,24000.0,1.0000000000000002e-10,2.2123169937115907e-21,0.8671173135696384,89046.91351192593,1437336191.7806478,0.0,0.0
2.3000000000000007,25.0,25000.0,1.0000000000000002e-10,2.2123169937115907e-21,0.8671173135696384,89046.91351192593,1437336191.7806478,0.0,0.0
2.3000000000000007,26.0,26000.0,1.0000000000000002e-10,2.2123169937115907e-21,0.8671173135696384,89046.91351192593,1437336191.7806478,0.0,0.0
2.3000000000000007,27.0,27000.0,1.0000000000000002e-10,2.2123169937115907e-21,0.8671173135696384,89046.91351192593,1437336191.7806478,0.0,0.0
2.3000000000000007,28.0,28000.0,1.0000000000000002e-10,2.2123169937115907e-21,0.8671173135696384,89046.91351192593,1437336191.7806478,0.0,0.0
2.3000000000000007,29.0,29000.0,1.0000000000000002e-10,2.2123169937115907e-21,0.8671173135696384,89046.91351192593,1437336191.7806478,0.0,0.0
2.3000000000000007,30.0,30000.0,1.0000000000000002e-10,2.2123169937115907e-21,0.8671173135696384,89046.91351192593,1437336191.7806478,0.0,0.0
2.3000000000000007,31.0,31000.0,1.0000000000000002e-10,2.2123169937115907e-21,0.8671173135696384,89046.91351192593,1437336191.7806478,0.0,0.0
2.3000000000000007,32.0,32000.0,1.0000000000000002e-10,2.2123169937115907e-21,0.8671173135696384,89046.91351192593,1437336191.7806478,0.0,0.0
2.3000000000000007,33.0,33000.0,1.0000000000000002e-10,2.2123169937115907e-21,0.8671173135696384,89046.91351192593,1437336191.7806478,0.0,0.0
2.3000000000000007,34.0,34000.0,1.0000000000000002e-10,2.2123169937115907e-21,0.8671173135696384,89046.91351192593,1437336191.7806478,0.0,0.0
2.3000000000000007,35.0,35000.0,1.0000000000000002e-10,2.2123169937115907e-21,0.8671173135696384,89046.91351192593,1437336191.7806478,0.0,0.0
2.3000000000000007,36.0,36000.0,1.0000000000000002e-10,2.2123169937115907e-21,0.8671173135696384,89046.91351192593,1437336191.7806478,0.0,0.0
2.3000000000000007,37.0,37000.0,1.0000000000000002e-10,2.2123169937115907e-21,0.8671173135696384,89046.91351192593,1437336191.7806478,0.0,0.0
2.3000000000000007,38.0,38000.0,1.0000000000000002e-10,2.2123169937115907e-21,0.8671173135696384,89046.91351192593,1437336191.7806478,0.0,0.0
2.3000000000000007,39.0,39000.0,1.0000000000000002e-10,2.2123169937115907e-21,0.8671173135696384,89046.91351192593,1437336191.7806478,0.0,0.0
2.3000000000000007,40.0,40000.0,1.0000000000000002e-10,2.2123169937115907e-21,0.8671173135696384,89046.91351192593,1437336191.7806478,0.0,0.0
2.3000000000000007,41.0,41000.0,1.0000000000000002e-10,2.2123169937115907e-21,0.8671173135696384,89046.91351192593,1437336191.7806478,0.0,0.0
2.3000000000000007,42.0,42000.0,1.0000000000000002e-10,2.2123169937115907e-21,0.8671173135696384,89046.91351192593,1437336191.7806478,0.0,0.0
2.3000000000000007,43.0,43000.0,1.0000000000000002e-10,2.2123169937115907e-21,0.8671173135696384,89046.91351192593,1437336191.7806478,0.0,0.0
2.3000000000000007,44.0,44000.0,1.0000000000000002e-10,2.2123169937115907e-21,0.8671173135696384,89046.91351192593,1437336191.7806478,0.0,0.0
2.3000000000000007,45.0,45000.0,1.0000000000000002e-10,2.2123169937115907e-21,0.8671173135696384,89046.91351192593,1437336191.7806478,0.0,0.0
2.3000000000000007,46.0,46000.0,1.0000000000000002e-10,2.2123169937115907e-21,0.8671173135696384,89046.91351192593,1437336191.7806478,0.0,0.0
2.3000000000000007,47.0,47000.0,1.0000000000000002e-10,2.2123169937115907e-21,0.8671173135696384,89046.91351192593,1437336191.7806478,0.0,0.0
2.3000000000000007,48.0,48000.0,1.0000000000000002e-10,2.2123169937115907e-21,0.8671173135696384,89046.91351192593,1437336191.7806478,0.0,0.0
2.3000000000000007,49.0,49000.0,1.0000000000000002e-10,2.2123169937115907e-21,0.8671173135696384,89046.91351192593,1437336191.7806478,0.0,0.0
2.3000000000000007,50.0,50000.0,1.0000000000000002e-10,2.2123169937115907e-21,0.8671173135696384,89046.91351192593,1437336191.7806478,0.0,0.0
2.3000000000000007,51.0,51000.0,1.0000000000000002e-10,2.2123169937115907e-21,0.8671173135696384,89046.91351192593,1437336191.7806478,0.0,0.0
2.3000000000000007,52.0,52000.0,1.0000000000000002e-10,2.2123169937115907e-21,0.8671173135696384,89046.91351192593,1437336191.7806478,0.0,0.0
2.3000000000000007,53.0,53000.0,1.0000000000000002e-10,2.2123169937115907e-21,0.8671173135696384,89046.91351192593,1437336191.7806478,0.0,0.0
2.3000000000000007,54.0,54000.0,1.0000000000000002e-10,2.2123169937115907e-21,0.8671173135696384,89046.91351192593,1437336191.7806478,0.0,0.0
2.3000000000000007,55.0,55000.0,1.0000000000000002e-10,2.2123169937115907e-21,0.8671173135696384,89046.91351192593,1437336191.7806478,0.0,0.0
2.3000000000000007,56.0,56000.0,1.0000000000000002e-10,2.2123169937115907e-21,0.8671173135696384,89046.91351192593,1437336191.7806478,0.0,0.0
2.3000000000000007,57.0,57000.0,1.0000000000000002e-10,2.2123169937115907e-21,0.8671173135696384,89046.91351192593,1437336191.7806478,0.0,0.0
2.3000000000000007,58.0,58000.0,1.0000000000000002e-10,2.2123169937115907e-21,0.8671173135696384,89046.91351192593,1437336191.7806478,0.0,0.0
2.3000000000000007,59.0,59000.0,1.0000000000000002e-10,2.2123169937115907e-21,0.8671173135696384,89046.91351192593,1437336191.7806478,0.0,0.0
2.3000000000000007,60.0,60000.0,1.0000000000000002e-10,2.2123169937115907e-21,0.8671173135696384,89046.91351192593,1437336191.7806478,0.0,0.0
2.3000000000000007,61.0,61000.0,1.0000000000000002e-10,2.2123169937115907e-21,0.8671173135696384,89046.91351192593,1437336191.7806478,0.0,0.0
2.3000000000000007,62.0,62000.0,1.0000000000000002e-10,2.2123169937115907e-21,0.8671173135696384,89046.91351192593,1437336191.7806478,0.0,0.0
2.3000000000000007,63.0,63000.0,1.0000000000000002e-10,2.2123169937115907e-21,0.8671173135696384,89046.91351192593,1437336191.7806478,0.0,0.0
2.3000000000000007,64.0,64000.0,1.0000000000000002e-10,2.2123169937115907e-21,0.8671173135696384,89046.91351192593,1437336191.7806478,0.0,0.0
2.3000000000000007,65.0,65000.0,1.0000000000000002e-10,2.2123169937115907e-21,0.8671173135696384,89046.91351192593,1437336191.7806478,0.0,0.0
2.3000000000000007,66.0,66000.0,1.0000000000000002e-10,2.2123169937115907e-21,0.8671173135696384,89046.91351192593,1437336191.7806478,0.0,0.0
2.3000000000000007,67.0,67000.0,1.0000000000000002e-10,2.2123169937115907e-21,0.8671173135696384,89046.91351192593,1437336191.7806478,0.0,0.0
2.3000000000000007,68.0,68000.0,1.0000000000000002e-10,2.2123169937115907e-21,0.8671173135696384,89046.91351192593,1437336191.7806478,0.0,0.0
2.3000000000000007,69.0,69000.0,1.0000000000000002e-10,2.2123169937115907e-21,0.8671173135696384,89046.91351192593,1437336191.7806478,0.0,0.0
2.3000000000000007,70.0,70000.0,1.0000000000000002e-10,2.2123169937115907e-21,0.8671173135696384,89046.91351192593,1437336191.7806478,0.0,0.0
2.3000000000000007,71.0,71000.0,1.0000000000000002e-10,2.2123169937115907e-21,0.8671173135696384,89046.91351192593,1437336191.7806478,0.0,0.0
2.3000000000000007,72.0,72000.0,1.0000000000000002e-10,2.2123169937115907e-21,0.8671173135696384,89046.91351192593,1437336191.7806478,0.0,0.0
2.3000000000000007,73.0,73000.0,1.0000000000000002e-10,2.2123169937115907e-21,0.8671173135696384,89046.91351192593,1437336191.7806478,0.0,0.0
2.3000000000000007,74.0,74000.0,1.0000000000000002e-10,2.2123169937115907e-21,0.8671173135696384,89046.91351192593,1437336191.7806478,0.0,0.0
2.3000000000000007,75.0,75000.0,1.0000000000000002e-10,2.2123169937115907e-21,0.8671173135696384,89046.91351192593,1437336191.7806478,0.0,0.0
2.3000000000000007,76.0,76000.0,1.0000000000000002e-10,2.2123169937115907e-21,0.8671173135696384,89046.91351192593,1437336191.7806478,0.0,0.0
2.3000000000000007,77.0,77000.0,1.0000000000000002e-10,2.2123169937115907e-21,0.8671173135696384,89046.91351192593,1437336191.7806478,0.0,0.0
2.3000000000000007,78.0,78000.0,1.0000000000000002e-10,2.2123169937115907e-21,0.8671173135696384,89046.91351192593,1437336191.7806478,0.0,0.0
2.3000000000000007,79.0,79000.0,1.0000000000000002e-10,2.2123169937115907e-21,0.8671173135696384,89046.91351192593,1437336191.7806478,0.0,0.0
2.3000000000000007,80.0,80000.0,1.0000000000000002e-10,2.2123169937115907e-21,0.8671173135696384,89046.91351192593,1437336191.7806478,0.0,0.0
2.3000000000000007,81.0,81000.0,1.0000000000000002e-10,2.2123169937115907e-21,0.8671173135696384,89046.91351192593,1437336191.7806478,0.0,0.0
2.3000000000000007,82.0,82000.0,1.0000000000000002e-10,2.2123169937115907e-21,0.8671173135696384,89046.91351192593,1437336191.7806478,0.0,0.0
2.3000000000000007,83.0,83000.0,1.0000000000000002e-10,2.2123169937115907e-21,0.8671173135696384,89046.91351192593,1437336191.7806478,0.0,0.0
2.3000000000000007,84.0,84000.0,1.0000000000000002e-10,2.2123169937115907e-21,0.8671173135696384,89046.91351192593,1437336191.7806478,0.0,0.0
2.3000000000000007,85.0,85000.0,1.0000000000000002e-10,2.2123169937115907e-21,0.8671173135696384,89046.91351192593,1437336191.7806478,0.0,0.0
2.3000000000000007,86.0,86000.0,1.0000000000000002e-10,2.2123169937115907e-21,0.8671173135696384,89046.91351192593,1437336191.7806478,0.0,0.0
2.3000000000000007,87.0,87000.0,1.0000000000000002e-10,2.2123169937115907e-21,0.8671173135696384,89046.91351192593,1437336191.7806478,0.0,0.0
2.3000000000000007,88.0,88000.0,1.0000000000000002e-10,2.2123169937115907e-21,0.8671173135696384,89046.91351192593,1437336191.7806478,0.0,0.0
2.3000000000000007,89.0,89000.0,1.0000000000000002e-10,2.2123169937115907e-21,0.8671173135696384,89046.91351192593,1437336191.7806478,0.0,0.0
2.3000000000000007,90.0,90000.0,1.0000000000000002e-10,2.2123169937115907e-21,0.8671173135696384,89046.91351192593,1437336191.7806478,0.0,0.0
2.3000000000000007,91.0,91000.0,1.0000000000000002e-10,2.2123169937115907e-21,0.8671173135696384,89046.91351192593,1437336191.7806478,0.0,0.0
2.3000000000000007,92.0,92000.0,1.0000000000000002e-10,2.2123169937115907e-21,0.8671173135696384,89046.91351192593,1437336191.7806478,0.0,0.0
2.3000000000000007,93.0,93000.0,1.0000000000000002e-10,2.2123169937115907e-21,0.8671173135696384,89046.91351192593,1437336191.7806478,0.0,0.0
2.3000000000000007,94.0,94000.0,1.0000000000000002e-10,2.2123169937115907e-21,0.8671173135696384,89046.91351192593,1437336191.7806478,0.0,0.0
2.3000000000000007,95.0,95000.0,1.0000000000000002e-10,2.2123169937115907e-21,0.8671173135696384,89046.91351192593,1437336191.7806478,0.0,0.0
2.3000000000000007,96.0,96000.0,1.0000000000000002e-10,2.2123169937115907e-21,0.8671173135696384,89046.91351192593,1437336191.7806478,0.0,0.0
2.3000000000000007,97.0,97000.0,1.0000000000000002e-10,2.2123169937115907e-21,0.8671173135696384,89046.91351192593,1437336191.7806478,0.0,0.0
2.3000000000000007,98.0,98000.0,1.0000000000000002e-10,2.2123169937115907e-21,0.8671173135696384,89046.91351192593,1437336191.7806478,0.0,0.0
2.3000000000000007,99.0,99000.0,1.0000000000000002e-10,2.2123169937115907e-21,0.8671173135696384,89046.91351192593,1437336191.7806478,0.0,0.0
2.3000000000000007,100.0,100000.0,1.0000000000000002e-10,2.2123169937115907e-21,0.8671173135696384,89046.91351192593,1437336191.7806478,0.0,0.0
2.350000000000001,1.0,1000.0,1.0000000000000002e-10,2.47607180207507e-21,0.8677935517354709,79561.50537916724,1796773907.3001564,0.0,0.0
2.350000000000001,2.0,2000.0,1.0000000000000002e-10,2.47607180207507e-21,0.8677935517354709,79561.50537916724,1796773907.3001564,0.0,0.0
2.350000000000001,3.0,3000.0,1.0000000000000002e-10,2.47607180207507e-21,0.8677935517354709,79561.50537916724,1796773907.3001564,0.0,0.0
2.350000000000001,4.0,4000.0,1.0000000000000002e-10,2.47607180207507e-21,0.8677935517354709,79561.50537916724,1796773907.3001564,0.0,0.0
2.350000000000001,5.0,5000.0,1.0000000000000002e-10,2.47607180207507e-21,0.8677935517354709,79561.50537916724,1796773907.3001564,0.0,0.0
2.350000000000001,6.0,6000.0,1.0000000000000002e-10,2.47607180207507e-21,0.8677935517354709,79561.50537916724,1796773907.3001564,0.0,0.0
2.350000000000001,7.0,7000.0,1.0000000000000002e-10,2.47607180207507e-21,0.8677935517354709,79561.50537916724,1796773907.3001564,0.0,0.0
2.350000000000001,8.0,8000.0,1.0000000000000002e-10,2.47607180207507e-21,0.8677935517354709,79561.50537916724,1796773907.3001564,0.0,0.0
2.350000000000001,9.0,9000.0,1.0000000000000002e-10,2.47607180207507e-21,0.8677935517354709,79561.50537916724,1796773907.3001564,0.0,0.0
2.350000000000001,10.0,10000.0,1.0000000000000002e-10,2.47607180207507e-21,0.8677935517354709,79561.50537916724,1796773907.3001564,0.0,0.0
2.350000000000001,11.0,11000.0,1.0000000000000002e-10,2.47607180207507e-21,0.8677935517354709,79561.50537916724,1796773907.3001564,0.0,0.0
2.350000000000001,12.0,12000.0,1.0000000000000002e-10,2.47607180207507e-21,0.8677935517354709,79561.50537916724,1796773907.3001564,0.0,0.0
2.350000000000001,13.0,13000.0,1.0000000000000002e-10,2.47607180207507e-21,0.8677935517354709,79561.50537916724,1796773907.3001564,0.0,0.0
2.350000000000001,14.0,14000.0,1.0000000000000002e-10,2.47607180207507e-21,0.8677935517354709,79561.50537916724,1796773907.3001564,0.0,0.0
2.350000000000001,15.0,15000.0,1.0000000000000002e-10,2.47607180207507e-21,0.8677935517354709,79561.50537916724,1796773907.3001564,0.0,0.0
2.350000000000001,16.0,16000.0,1.0000000000000002e-10,2.47607180207507e-21,0.8677935517354709,79561.50537916724,1796773907.3001564,0.0,0.0
2.350000000000001,17.0,17000.0,1.0000000000000002e-10,2.47607180207507e-21,0.8677935517354709,79561.50537916724,1796773907.3001564,0.0,0.0
2.350000000000001,18.0,18000.0,1.0000000000000002e-10,2.47607180207507e-21,0.8677935517354709,79561.50537916724,1796773907.3001564,0.0,0.0
2.350000000000001,19.0,19000.0,1.0000000000000002e-10,2.47607180207507e-21,0.8677935517354709,79561.50537916724,1796773907.3001564,0.0,0.0
2.350000000000001,20.0,20000.0,1.0000000000000002e-10,2.47607180207507e-21,0.8677935517354709,79561.50537916724,1796773907.3001564,0.0,0.0
2.350000000000001,21.0,21000.0,1.0000000000000002e-10,2.47607180207507e-21,0.8677935517354709,79561.50537916724,1796773907.3001564,0.0,0.0
2.350000000000001,22.0,22000.0,1.0000000000000002e-10,2.47607180207507e-21,0.8677935517354709,79561.50537916724,1796773907.3001564,0.0,0.0
2.350000000000001,23.0,23000.0,1.0000000000000002e-10,2.47607180207507e-21,0.8677935517354709,79561.50537916724,1796773907.3001564,0.0,0.0
2.350000000000001,24.0,24000.0,1.0000000000000002e-10,2.47607180207507e-21,0.8677935517354709,79561.50537916724,1796773907.3001564,0.0,0.0
2.350000000000001,25.0,25000.0,1.0000000000000002e-10,2.47607180207507e-21,0.8677935517354709,79561.50537916724,1796773907.3001564,0.0,0.0
2.350000000000001,26.0,26000.0,1.0000000000000002e-10,2.47607180207507e-21,0.8677935517354709,79561.50537916724,1796773907.3001564,0.0,0.0
2.350000000000001,27.0,27000.0,1.0000000000000002e-10,2.47607180207507e-21,0.8677935517354709,79561.50537916724,1796773907.3001564,0.0,0.0
2.350000000000001,28.0,28000.0,1.0000000000000002e-10,2.47607180207507e-21,0.8677935517354709,79561.50537916724,1796773907.3001564,0.0,0.0
2.350000000000001,29.0,29000.0,1.0000000000000002e-10,2.47607180207507e-21,0.8677935517354709,79561.50537916724,1796773907.3001564,0.0,0.0
2.350000000000001,30.0,30000.0,1.0000000000000002e-10,2.47607180207507e-21,0.8677935517354709,79561.50537916724,1796773907.3001564,0.0,0.0
2.350000000000001,31.0,31000.0,1.0000000000000002e-10,2.47607180207507e-21,0.8677935517354709,79561.50537916724,1796773907.3001564,0.0,0.0
2.350000000000001,32.0,32000.0,1.0000000000000002e-10,2.47607180207507e-21,0.8677935517354709,79561.50537916724,1796773907.3001564,0.0,0.0
2.350000000000001,33.0,33000.0,1.0000000000000002e-10,2.47607180207507e-21,0.8677935517354709,79561.50537916724,1796773907.3001564,0.0,0.0
2.350000000000001,34.0,34000.0,1.0000000000000002e-10,2.47607180207507e-21,0.8677935517354709,79561.50537916724,1796773907.3001564,0.0,0.0
2.350000000000001,35.0,35000.0,1.0000000000000002e-10,2.47607180207507e-21,0.8677935517354709,79561.50537916724,1796773907.3001564,0.0,0.0
2.350000000000001,36.0,36000.0,1.0000000000000002e-10,2.47607180207507e-21,0.8677935517354709,79561.50537916724,1796773907.3001564,0.0,0.0
2.350000000000001,37.0,37000.0,1.0000000000000002e-10,2.47607180207507e-21,0.8677935517354709,79561.50537916724,1796773907.3001564,0.0,0.0
2.350000000000001,38.0,38000.0,1.0000000000000002e-10,2.47607180207507e-21,0.8677935517354709,79561.50537916724,1796773907.3001564,0.0,0.0
2.350000000000001,39.0,39000.0,1.0000000000000002e-10,2.47607180207507e-21,0.8677935517354709,79561.50537916724,1796773907.3001564,0.0,0.0
2.350000000000001,40.0,40000.0,1.0000000000000002e-10,2.47607180207507e-21,0.8677935517354709,79561.50537916724,1796773907.3001564,0.0,0.0
2.350000000000001,41.0,41000.0,1.0000000000000002e-10,2.47607180207507e-21,0.8677935517354709,79561.50537916724,1796773907.3001564,0.0,0.0
2.350000000000001,42.0,42000.0,1.0000000000000002e-10,2.47607180207507e-21,0.8677935517354709,79561.50537916724,1796773907.3001564,0.0,0.0
2.350000000000001,43.0,43000.0,1.0000000000000002e-10,2.47607180207507e-21,0.8677935517354709,79561.50537916724,1796773907.3001564,0.0,0.0
2.350000000000001,44.0,44000.0,1.0000000000000002e-10,2.47607180207507e-21,0.8677935517354709,79561.50537916724,1796773907.3001564,0.0,0.0
2.350000000000001,45.0,45000.0,1.0000000000000002e-10,2.47607180207507e-21,0.8677935517354709,79561.50537916724,1796773907.3001564,0.0,0.0
2.350000000000001,46.0,46000.0,1.0000000000000002e-10,2.47607180207507e-21,0.8677935517354709,79561.50537916724,1796773907.3001564,0.0,0.0
2.350000000000001,47.0,47000.0,1.0000000000000002e-10,2.47607180207507e-21,0.8677935517354709,79561.50537916724,1796773907.3001564,0.0,0.0
2.350000000000001,48.0,48000.0,1.0000000000000002e-10,2.47607180207507e-21,0.8677935517354709,79561.50537916724,1796773907.3001564,0.0,0.0
2.350000000000001,49.0,49000.0,1.0000000000000002e-10,2.47607180207507e-21,0.8677935517354709,79561.50537916724,1796773907.3001564,0.0,0.0
2.350000000000001,50.0,50000.0,1.0000000000000002e-10,2.47607180207507e-21,0.8677935517354709,79561.50537916724,1796773907.3001564,0.0,0.0
2.350000000000001,51.0,51000.0,1.0000000000000002e-10,2.47607180207507e-21,0.8677935517354709,79561.50537916724,1796773907.3001564,0.0,0.0
2.350000000000001,52.0,52000.0,1.0000000000000002e-10,2.47607180207507e-21,0.8677935517354709,79561.50537916724,1796773907.3001564,0.0,0.0
2.350000000000001,53.0,53000.0,1.0000000000000002e-10,2.47607180207507e-21,0.8677935517354709,79561.50537916724,1796773907.3001564,0.0,0.0
2.350000000000001,54.0,54000.0,1.0000000000000002e-10,2.47607180207507e-21,0.8677935517354709,79561.50537916724,1796773907.3001564,0.0,0.0
2.350000000000001,55.0,55000.0,1.0000000000000002e-10,2.47607180207507e-21,0.8677935517354709,79561.50537916724,1796773907.3001564,0.0,0.0
2.350000000000001,56.0,56000.0,1.0000000000000002e-10,2.47607180207507e-21,0.8677935517354709,79561.50537916724,1796773907.3001564,0.0,0.0
2.350000000000001,57.0,57000.0,1.0000000000000002e-10,2.47607180207507e-21,0.8677935517354709,79561.50537916724,1796773907.3001564,0.0,0.0
2.350000000000001,58.0,58000.0,1.0000000000000002e-10,2.47607180207507e-21,0.8677935517354709,79561.50537916724,1796773907.3001564,0.0,0.0
2.350000000000001,59.0,59000.0,1.0000000000000002e-10,2.47607180207507e-21,0.8677935517354709,79561.50537916724,1796773907.3001564,0.0,0.0
2.350000000000001,60.0,60000.0,1.0000000000000002e-10,2.47607180207507e-21,0.8677935517354709,79561.50537916724,1796773907.3001564,0.0,0.0
2.350000000000001,61.0,61000.0,1.0000000000000002e-10,2.47607180207507e-21,0.8677935517354709,79561.50537916724,1796773907.3001564,0.0,0.0
2.350000000000001,62.0,62000.0,1.0000000000000002e-10,2.47607180207507e-21,0.8677935517354709,79561.50537916724,1796773907.3001564,0.0,0.0
2.350000000000001,63.0,63000.0,1.0000000000000002e-10,2.47607180207507e-21,0.8677935517354709,79561.50537916724,1796773907.3001564,0.0,0.0
2.350000000000001,64.0,64000.0,1.0000000000000002e-10,2.47607180207507e-21,0.8677935517354709,79561.50537916724,1796773907.3001564,0.0,0.0
2.350000000000001,65.0,65000.0,1.0000000000000002e-10,2.47607180207507e-21,0.8677935517354709,79561.50537916724,1796773907.3001564,0.0,0.0
2.350000000000001,66.0,66000.0,1.0000000000000002e-10,2.47607180207507e-21,0.8677935517354709,79561.50537916724,1796773907.3001564,0.0,0.0
2.350000000000001,67.0,67000.0,1.0000000000000002e-10,2.47607180207507e-21,0.8677935517354709,79561.50537916724,1796773907.3001564,0.0,0.0
2.350000000000001,68.0,68000.0,1.0000000000000002e-10,2.47607180207507e-21,0.8677935517354709,79561.50537916724,1796773907.3001564,0.0,0.0
2.350000000000001,69.0,69000.0,1.0000000000000002e-10,2.47607180207507e-21,0.8677935517354709,79561.50537916724,1796773907.3001564,0.0,0.0
2.350000000000001,70.0,70000.0,1.0000000000000002e-10,2.47607180207507e-21,0.8677935517354709,79561.50537916724,1796773907.3001564,0.0,0.0
2.350000000000001,71.0,71000.0,1.0000000000000002e-10,2.47607180207507e-21,0.8677935517354709,79561.50537916724,1796773907.3001564,0.0,0.0
2.350000000000001,72.0,72000.0,1.0000000000000002e-10,2.47607180207507e-21,0.8677935517354709,79561.50537916724,1796773907.3001564,0.0,0.0
2.350000000000001,73.0,73000.0,1.0000000000000002e-10,2.47607180207507e-21,0.8677935517354709,79561.50537916724,1796773907.3001564,0.0,0.0
2.350000000000001,74.0,74000.0,1.0000000000000002e-10,2.47607180207507e-21,0.8677935517354709,79561.50537916724,1796773907.3001564,0.0,0.0
2.350000000000001,75.0,75000.0,1.0000000000000002e-10,2.47607180207507e-21,0.8677935517354709,79561.50537916724,1796773907.3001564,0.0,0.0
2.350000000000001,76.0,76000.0,1.0000000000000002e-10,2.47607180207507e-21,0.8677935517354709,79561.50537916724,1796773907.3001564,0.0,0.0
2.350000000000001,77.0,77000.0,1.0000000000000002e-10,2.47607180207507e-21,0.8677935517354709,79561.50537916724,1796773907.3001564,0.0,0.0
2.350000000000001,78.0,78000.0,1.0000000000000002e-10,2.47607180207507e-21,0.8677935517354709,79561.50537916724,1796773907.3001564,0.0,0.0
2.350000000000001,79.0,79000.0,1.0000000000000002e-10,2.47607180207507e-21,0.8677935517354709,79561.50537916724,1796773907.3001564,0.0,0.0
2.350000000000001,80.0,80000.0,1.0000000000000002e-10,2.47607180207507e-21,0.8677935517354709,79561.50537916724,1796773907.3001564,0.0,0.0
2.350000000000001,81.0,81000.0,1.0000000000000002e-10,2.47607180207507e-21,0.8677935517354709,79561.50537916724,1796773907.3001564,0.0,0.0
2.350000000000001,82.0,82000.0,1.0000000000000002e-10,2.47607180207507e-21,0.8677935517354709,79561.50537916724,1796773907.3001564,0.0,0.0
2.350000000000001,83.0,83000.0,1.0000000000000002e-10,2.47607180207507e-21,0.8677935517354709,79561.50537916724,1796773907.3001564,0.0,0.0
2.350000000000001,84.0,84000.0,1.0000000000000002e-10,2.47607180207507e-21,0.8677935517354709,79561.50537916724,1796773907.3001564,0.0,0.0
2.350000000000001,85.0,85000.0,1.0000000000000002e-10,2.47607180207507e-21,0.8677935517354709,79561.50537916724,1796773907.3001564,0.0,0.0
2.350000000000001,86.0,86000.0,1.0000000000000002e-10,2.47607180207507e-21,0.8677935517354709,79561.50537916724,1796773907.3001564,0.0,0.0
2.350000000000001,87.0,87000.0,1.0000000000000002e-10,2.47607180207507e-21,0.8677935517354709,79561.50537916724,1796773907.3001564,0.0,0.0
2.350000000000001,88.0,88000.0,1.0000000000000002e-10,2.47607180207507e-21,0.8677935517354709,79561.50537916724,1796773907.3001564,0.0,0.0
2.350000000000001,89.0,89000.0,1.0000000000000002e-10,2.47607180207507e-21,0.8677935517354709,79561.50537916724,1796773907.3001564,0.0,0.0
2.350000000000001,90.0,90000.0,1.0000000000000002e-10,2.47607180207507e-21,0.8677935517354709,79561.50537916724,1796773907.3001564,0.0,0.0
2.350000000000001,91.0,91000.0,1.0000000000000002e-10,2.47607180207507e-21,0.8677935517354709,79561.50537916724,1796773907.3001564,0.0,0.0
2.350000000000001,92.0,92000.0,1.0000000000000002e-10,2.47607180207507e-21,0.8677935517354709,79561.50537916724,1796773907.3001564,0.0,0.0
2.350000000000001,93.0,93000.0,1.0000000000000002e-10,2.47607180207507e-21,0.8677935517354709,79561.50537916724,1796773907.3001564,0.0,0.0
2.350000000000001,94.0,94000.0,1.0000000000000002e-10,2.47607180207507e-21,0.8677935517354709,79561.50537916724,1796773907.3001564,0.0,0.0
2.350000000000001,95.0,95000.0,1.0000000000000002e-10,2.47607180207507e-21,0.8677935517354709,79561.50537916724,1796773907.3001564,0.0,0.0
2.350000000000001,96.0,96000.0,1.0000000000000002e-10,2.47607180207507e-21,0.8677935517354709,79561.50537916724,1796773907.3001564,0.0,0.0
2.350000000000001,97.0,97000.0,1.0000000000000002e-10,2.47607180207507e-21,0.8677935517354709,79561.50537916724,1796773907.3001564,0.0,0.0
2.350000000000001,98.0,98000.0,1.0000000000000002e-10,2.47607180207507e-21,0.8677935517354709,79561.50537916724,1796773907.3001564,0.0,0.0
2.350000000000001,99.0,99000.0,1.0000000000000002e-10,2.47607180207507e-21,0.8677935517354709,79561.50537916724,1796773907.3001564,0.0,0.0
2.350000000000001,100.0,100000.0,1.0000000000000002e-10,2.47607180207507e-21,0.8677935517354709,79561.50537916724,1796773907.3001564,0.0,0.0
