E,p,N_M
3614.926379,3614.922523599199,40485332190.0
3874.6280367,3874.6244396788115,40485332190.0
7189.998723,7189.996784576128,40485332190.0
9182.280486,9182.278968226628,40485332190.0
5420.2269234,5420.22435214555,40485332190.0
2720.6332862,2720.628163444845,40485332190.0
3071.8151312,3071.81059415122,40485332190.0
3918.5126189,3918.5090622692887,40485332190.0
3348.333778,3348.3296156335855,40485332190.0
7255.5312638,7255.529342952598,40485332190.0
4363.6609098,4363.6577159773515,40485332190.0
2143.258071,2143.251568255154,40485332190.0
7255.4747364,7255.472815484444,40485332190.0
15060.877501,15060.876575037313,40485332190.0
4934.7971439,4934.794319682595,40485332190.0
3364.713872,3364.7097298923404,40485332190.0
17669.406308,17669.405519253534,40485332190.0
5683.334416,5683.3319637417,40485332190.0
4312.8089077,4312.80567621577,40485332190.0
4152.5373969,4152.534040655478,40485332190.0
10795.628387,10795.627096647275,40485332190.0
2320.8875014,2320.8814963294844,40485332190.0
7361.5118298,7361.5099365356145,40485332190.0
3476.5654925,3476.561483649516,40485332190.0
2083.5631127,2083.5564236570344,40485332190.0
1356.3692073,1356.3589320518545,40485332190.0
6033.7163916,6033.714081773795,40485332190.0
3741.1785994,3741.1748741332613,40485332190.0
816.75260671,816.735542636763,40485332190.0
1633.2738762,1633.2653430422695,40485332190.0
2542.4038412,2542.3983593930084,40485332190.0
4161.1614408,4161.1580914853075,40485332190.0
4797.7121023,4797.709197423697,40485332190.0
6512.9672124,6512.96507250814,40485332190.0
2283.9436298,2283.9375275798498,40485332190.0
4726.1232138,4726.1202649544875,40485332190.0
4980.1748207,4980.172022149863,40485332190.0
5660.6857368,5660.683274738132,40485332190.0
568.37782998,568.3533088244881,40485332190.0
7660.4998985,7660.498079225006,40485332190.0
1355.175518,1355.1652337169098,40485332190.0
6974.6203755,6974.618377299476,40485332190.0
2776.2815681,2776.2765480491903,40485332190.0
2466.7273294,2466.721679425583,40485332190.0
870.32464279,870.3086290995973,40485332190.0
6688.272606,6688.270522177919,40485332190.0
5005.5668077,5005.564023374223,40485332190.0
7490.9081398,7490.906279197896,40485332190.0
1119.5292266,1119.5167776299697,40485332190.0
3923.2034545,3923.199902044436,40485332190.0
2220.8132388,2220.8069631393287,40485332190.0
5340.9168436,5340.914234059459,40485332190.0
9540.1104485,9540.10898765329,40485332190.0
6036.62712,6036.624811200283,40485332190.0
5438.8753078,5438.872745310016,40485332190.0
10703.983775,10703.98247247047,40485332190.0
1701.5308939,1701.5227030524022,40485332190.0
8525.5076905,8525.50605573124,40485332190.0
4675.7403295,4675.737348804692,40485332190.0
127.53641311,127.42708779555058,40485332190.0
1183.0463902,1183.0346095686727,40485332190.0
6050.0137337,6050.011430049871,40485332190.0
17270.108136,17270.107329632105,40485332190.0
2905.4059903,2905.4011934184373,40485332190.0
2400.6678171,2400.662011621234,40485332190.0
1717.6689568,1717.6608429421524,40485332190.0
2308.1600514,2308.1540132278615,40485332190.0
2986.7335955,2986.7289291758448,40485332190.0
4963.3275389,4963.324730938805,40485332190.0
6995.5335712,6995.531578896562,40485332190.0
7266.2938588,7266.291940751369,40485332190.0
2341.8748711,2341.8689198484276,40485332190.0
5386.4696797,5386.467092289435,40485332190.0
5910.7095448,5910.7071868488,40485332190.0
5064.7286314,5064.725879583673,40485332190.0
4004.0983042,4004.094823498613,40485332190.0
5373.6438583,5373.641264811425,40485332190.0
2146.7998453,2146.793353351491,40485332190.0
2586.0273782,2586.02198877624,40485332190.0
1701.8582996,1701.8501102527944,40485332190.0
3383.7035783,3383.699459474242,40485332190.0
8002.6948569,8002.693115364291,40485332190.0
7898.1847265,7898.182961928851,40485332190.0
4008.7417381,4008.7382613858867,40485332190.0
1218.2970307,1218.2855908980719,40485332190.0
2857.9286044,2857.923727811815,40485332190.0
2934.0322539,2934.027503762362,40485332190.0
9818.054237,9818.052817397207,40485332190.0
3115.8196608,3115.815187874127,40485332190.0
6811.6824863,6811.680440292044,40485332190.0
831.00162021,830.9848487396758,40485332190.0
691.63348711,691.613335998276,40485332190.0
1885.0687167,1885.0613233684003,40485332190.0
4498.4122082,4498.409109965074,40485332190.0
5000.3370615,5000.334274309609,40485332190.0
8486.0482561,8486.046613733048,40485332190.0
2088.0358874,2088.029212709419,40485332190.0
3409.8499962,3409.8459088590316,40485332190.0
2362.3643779,2362.3584783681868,40485332190.0
5949.3988399,5949.396497376056,40485332190.0
4088.9554495,4088.9520409834117,40485332190.0
5104.9124917,5104.909761552193,40485332190.0
5722.3854014,5722.382965872823,40485332190.0
3555.48628,3555.482360099332,40485332190.0
3157.2132815,3157.208867136067,40485332190.0
1245.5725276,1245.561338331667,40485332190.0
3230.3323808,3230.3280663634623,40485332190.0
13645.152294,13645.151272458823,40485332190.0
1001.9676545,1001.9537448097116,40485332190.0
5953.3256134,5953.3232723615965,40485332190.0
4830.5094204,4830.506535216717,40485332190.0
3926.761823,3926.758273785856,40485332190.0
6614.2872811,6614.285173942384,40485332190.0
8587.5853338,8587.583710921508,40485332190.0
1988.6745385,1988.6675302990657,40485332190.0
4664.6685465,4664.665558656779,40485332190.0
2581.8410492,2581.8356510785607,40485332190.0
8675.0386048,8675.036998233049,40485332190.0
3512.9397336,3512.935766230341,40485332190.0
2902.8503459,2902.845544694239,40485332190.0
2661.6477286,2661.6424923117197,40485332190.0
898.56564638,898.55013599343,40485332190.0
6767.3135888,6767.311529320926,40485332190.0
5374.4101763,5374.407583071266,40485332190.0
1716.2046452,1716.1965242906701,40485332190.0
3898.7907016,3898.7871269009925,40485332190.0
5447.9205831,5447.91802485891,40485332190.0
1840.4702732,1840.462700669843,40485332190.0
3730.8350141,3730.8312784668237,40485332190.0
1199.4274249,1199.4158051818713,40485332190.0
939.8439266,939.8290974469688,40485332190.0
3217.6118935,3217.607562081491,40485332190.0
6281.6839651,6281.681746368001,40485332190.0
3082.749489,3082.744968050938,40485332190.0
2724.1871632,2724.182047174547,40485332190.0
6999.2046737,6999.202682552142,40485332190.0
2218.1088633,2218.102580040701,40485332190.0
4604.9987784,4604.995751929918,40485332190.0
3054.3287063,3054.324143264017,40485332190.0
2718.3245426,2718.3194155405595,40485332190.0
703.17273109,703.1529106645481,40485332190.0
2945.399554,2945.3948222834315,40485332190.0
5087.8558385,5087.853099249836,40485332190.0
3038.8394476,3038.8348613417083,40485332190.0
2158.8959268,2158.889471227871,40485332190.0
7248.5563691,7248.554446381441,40485332190.0
784.13352213,784.115748194302,40485332190.0
4718.1209789,4718.118024927925,40485332190.0
972.1710335,972.1566974512858,40485332190.0
4066.4147128,4066.411285495972,40485332190.0
4297.028395,4297.025151519412,40485332190.0
4205.4709932,4205.467679180328,40485332190.0
10635.429411,10635.428101187179,40485332190.0
4883.7675495,4883.764695806949,40485332190.0
15299.982886,15299.98197545761,40485332190.0
4714.1815431,4714.178586636739,40485332190.0
4372.7133645,4372.710177208151,40485332190.0
12465.302052,12465.300933909157,40485332190.0
5910.2777775,5910.2754194029985,40485332190.0
3801.8198197,3801.816153825488,40485332190.0
9685.9176535,9685.916214608742,40485332190.0
4547.5349416,4547.53187687295,40485332190.0
9396.8473714,9396.845888191203,40485332190.0
4580.4615089,4580.458466134348,40485332190.0
4727.213958,4727.211009746257,40485332190.0
1814.1629105,1814.1552281372249,40485332190.0
5033.7535136,5033.750744865101,40485332190.0
1345.2296091,1345.219248758509,40485332190.0
7762.5773379,7762.575542442729,40485332190.0
3763.8541163,3763.8504134336545,40485332190.0
4447.2268442,4447.223710327453,40485332190.0
6850.7579881,6850.755953685504,40485332190.0
8588.5772324,8588.575609623034,40485332190.0
1033.769985,1033.756503193092,40485332190.0
2665.1081149,2665.1028854929473,40485332190.0
8562.5807632,8562.579135510923,40485332190.0
4057.0832444,4057.0798091682504,40485332190.0
1803.2941802,1803.2864516267925,40485332190.0
3907.7425535,3907.738986927554,40485332190.0
11360.836934,11360.83570771411,40485332190.0
2373.7417179,2373.7358466330757,40485332190.0
3111.6850271,3111.6805480956014,40485332190.0
1042.5808091,1042.5674412679139,40485332190.0
4742.6161562,4742.613217565915,40485332190.0
7256.4919303,7256.490009684909,40485332190.0
9743.9769788,9743.97554846647,40485332190.0
4859.7054974,4859.702629550741,40485332190.0
5446.5136464,5446.511087514376,40485332190.0
3974.0061867,3974.0026796376874,40485332190.0
6199.3325015,6199.330253327594,40485332190.0
1657.4682124,1657.4598038432528,40485332190.0
7978.4394438,7978.437696949737,40485332190.0
5757.7572408,5757.754820208098,40485332190.0
3445.8648495,3445.860804900722,40485332190.0
9907.8847175,9907.883310890496,40485332190.0
1874.6395828,1874.6321482611397,40485332190.0
3742.1118236,3742.1080992263264,40485332190.0
4023.5404736,4023.537009705014,40485332190.0
1875.8360404,1875.82861058473,40485332190.0
1237.3085077,1237.2972436767095,40485332190.0
2149.4841786,2149.477694734724,40485332190.0
3624.1333819,3624.1295362065266,40485332190.0
7308.4344394,7308.4325324472065,40485332190.0
10657.393917,10657.39260944321,40485332190.0
3172.5942014,3172.5898085006406,40485332190.0
718.52731347,718.5079166166473,40485332190.0
5171.5477479,5171.545052939104,40485332190.0
10419.476062,10419.474723574338,40485332190.0
8209.8325924,8209.830894776209,40485332190.0
3904.8547964,3904.851227308764,40485332190.0
2033.4591366,2033.4522827292913,40485332190.0
1924.2715764,1924.26433355733,40485332190.0
3967.0365712,3967.0330580391765,40485332190.0
3283.0711263,3283.066881151624,40485332190.0
2467.9084926,2467.90284529885,40485332190.0
1954.9198589,1954.9127297649743,40485332190.0
2678.0043316,2677.9991273530923,40485332190.0
2718.2568482,2718.2517210643637,40485332190.0
4244.02976,4244.0264760977,40485332190.0
7367.9609755,7367.959083978454,40485332190.0
12318.219606,12318.21847529594,40485332190.0
3687.460753,3687.456973398668,40485332190.0
4960.4998438,4960.497034245371,40485332190.0
5136.9457694,5136.943056335836,40485332190.0
2724.4358248,2724.4307092905547,40485332190.0
5150.0463935,5150.04368733337,40485332190.0
13800.273897,13800.272886337441,40485332190.0
2956.1501119,2956.1453973090042,40485332190.0
3647.7915212,3647.787700515672,40485332190.0
9657.9883816,9657.986938537759,40485332190.0
2940.6534369,2940.6486974813115,40485332190.0
10307.243628,10307.242276013294,40485332190.0
10315.731915,10315.730564900558,40485332190.0
2835.3703231,2835.3654077606034,40485332190.0
1241.3794306,1241.3682035859324,40485332190.0
10174.857956,10174.856586051379,40485332190.0
2457.6102048,2457.604533815134,40485332190.0
4948.021227,4948.018410280198,40485332190.0
3954.4236691,3954.4201446627035,40485332190.0
6481.406365,6481.4042146640795,40485332190.0
3824.7717366,3824.7680927818164,40485332190.0
2360.4304611,2360.424556745403,40485332190.0
2942.5946653,2942.5899290035704,40485332190.0
1376.9490097,1376.9388880128452,40485332190.0
2958.8315153,2958.8268049855315,40485332190.0
5244.1230435,5244.12038591111,40485332190.0
5833.9966012,5833.994212284125,40485332190.0
2054.0190244,2054.0122392081003,40485332190.0
8483.2759649,8483.274322011888,40485332190.0
7676.0083142,7676.006498507933,40485332190.0
2520.5292682,2520.5237387619336,40485332190.0
5556.9970423,5556.9945343453,40485332190.0
9190.0251921,9190.023675547956,40485332190.0
1665.4016307,1665.3932621225201,40485332190.0
4896.7004942,4896.697648007133,40485332190.0
3296.623175,3296.618947326979,40485332190.0
449.66148699,449.6304915306174,40485332190.0
2045.4417459,2045.4349322006187,40485332190.0
3753.4052968,3753.401583671475,40485332190.0
4374.9177697,4374.914584066621,40485332190.0
5206.4585868,5206.455909892906,40485332190.0
5928.8287868,5928.8264360856565,40485332190.0
2802.5868477,2802.5818747948238,40485332190.0
2477.1291883,2477.123562047315,40485332190.0
2076.4873675,2076.480655696874,40485332190.0
1165.4825557,1165.4705974457704,40485332190.0
4761.436039,4761.433111907065,40485332190.0
5165.1453734,5165.142675037307,40485332190.0
8665.0469149,8665.045306565435,40485332190.0
5804.8971078,5804.894706895461,40485332190.0
8723.0244428,8723.022845036416,40485332190.0
3530.2601035,3530.2561555702014,40485332190.0
2820.1879706,2820.183028645912,40485332190.0
2574.7711884,2574.7657755599307,40485332190.0
3080.0422169,3080.0376919924397,40485332190.0
10049.502866,10049.501479141993,40485332190.0
4539.9282427,4539.9251728047675,40485332190.0
2660.7600079,2660.7547698863355,40485332190.0
4040.1532455,4040.149795922058,40485332190.0
4062.4020408,4062.3986100748707,40485332190.0
15681.717036,15681.7161473949,40485332190.0
617.3568236,617.3342479389271,40485332190.0
4776.2167443,4776.213826305657,40485332190.0
12960.287853,12960.28677805166,40485332190.0
2970.7027924,2970.698100918003,40485332190.0
863.29986918,863.283725180916,40485332190.0
2496.8588472,2496.853265375945,40485332190.0
4749.7583313,4749.755397024969,40485332190.0
3173.2347935,3173.2304014225642,40485332190.0
5105.7963544,5105.793624738881,40485332190.0
5594.2958945,5594.293403230492,40485332190.0
1741.5334556,1741.5254528304802,40485332190.0
4451.5914829,4451.58835209434,40485332190.0
4963.3543474,4963.351539481371,40485332190.0
5427.9815549,5427.978987271609,40485332190.0
6374.5750025,6374.572816188778,40485332190.0
8889.1731547,8889.171586881628,40485332190.0
4249.226793,4249.223513116388,40485332190.0
3151.1550791,3151.150656368812,40485332190.0
799.81564746,799.7982220281913,40485332190.0
8463.8894099,8463.887763303455,40485332190.0
5706.6808471,5706.6784048608515,40485332190.0
3652.6411417,3652.6373261213203,40485332190.0
3183.3341719,3183.32979381089,40485332190.0
2322.0624897,2322.056487727279,40485332190.0
3938.8455787,3938.842040409449,40485332190.0
1972.939381,1972.932316892777,40485332190.0
3189.4433871,3189.439017402161,40485332190.0
2936.674129,2936.6693830865324,40485332190.0
2474.5577435,2474.5521113980235,40485332190.0
6427.5699354,6427.567767116708,40485332190.0
3165.5208288,3165.5164260706783,40485332190.0
1588.676273,1588.6675002418508,40485332190.0
12417.639713,12417.63859017882,40485332190.0
1214.6934431,1214.6819693479408,40485332190.0
4455.084764,4455.081635647972,40485332190.0
5843.8091207,5843.806735796788,40485332190.0
4566.195146,4566.192093722254,40485332190.0
6313.3674605,6313.36525292383,40485332190.0
3388.6522538,3388.648140998434,40485332190.0
5880.9846264,5880.982256566458,40485332190.0
2957.9336058,2957.9288940658876,40485332190.0
5666.5585107,5666.556051217036,40485332190.0
3967.8680404,3967.8645278827134,40485332190.0
5402.1668114,5402.164231458355,40485332190.0
3126.7190185,3126.7145610522575,40485332190.0
2795.9219986,2795.91701392528,40485332190.0
3341.4140073,3341.4098363486514,40485332190.0
6468.1404863,6468.138331579512,40485332190.0
4407.6308613,4407.627699352901,40485332190.0
929.43196292,929.4169676339618,40485332190.0
4840.9511675,4840.948288504336,40485332190.0
4876.8523617,4876.849503909247,40485332190.0
1893.3111733,1893.30381212931,40485332190.0
2541.1375142,2541.132029628098,40485332190.0
3498.0238217,3498.0198374144143,40485332190.0
9382.6300268,9382.628541398431,40485332190.0
2071.2124706,2071.20574175688,40485332190.0
6683.4679938,6683.465908538388,40485332190.0
4273.5692557,4273.56599442779,40485332190.0
2143.109975,2143.1034718761302,40485332190.0
1756.009041,1756.0011041701553,40485332190.0
3180.9957693,3180.9913879982,40485332190.0
3341.4544786,3341.450307723971,40485332190.0
8633.0892487,8633.087634370306,40485332190.0
2759.9976919,2759.9926423077645,40485332190.0
3345.5393455,3345.5351796754135,40485332190.0
12669.849807,12669.848706749239,40485332190.0
2721.7099966,2721.704876003053,40485332190.0
4004.7609858,4004.7575057765216,40485332190.0
5953.6991548,5953.696813929075,40485332190.0
3917.6373959,3917.6338384350297,40485332190.0
3964.485213,3964.481697522857,40485332190.0
9106.006597,9106.00506644962,40485332190.0
5547.3580538,5547.355541478233,40485332190.0
1549.6312285,1549.6222347761136,40485332190.0
10337.176714,10337.175365666311,40485332190.0
5504.253408,5504.2508759961875,40485332190.0
3842.9302546,3842.926627892615,40485332190.0
6901.3716296,6901.36961020153,40485332190.0
1612.5946695,1612.5860269260882,40485332190.0
2481.4557679,2481.450151476665,40485332190.0
2155.2424413,2155.2359747266087,40485332190.0
8160.1530723,8160.1513643900025,40485332190.0
3974.2727542,3974.2692474430296,40485332190.0
3038.1823482,3038.1777610032973,40485332190.0
2032.4758146,2032.4689573980888,40485332190.0
3091.7634222,3091.758914492779,40485332190.0
1031.3860463,1031.372533327585,40485332190.0
5449.5703488,5449.567791278384,40485332190.0
6471.696472,6471.694318465418,40485332190.0
8985.1898206,8985.188269457978,40485332190.0
1669.2286041,1669.2202546687067,40485332190.0
4373.2492747,4373.246087807776,40485332190.0
3551.3815743,3551.377649971121,40485332190.0
2838.6789622,2838.674052514739,40485332190.0
2408.6547786,2408.6489922939595,40485332190.0
13710.156901,13710.155884430389,40485332190.0
3386.7918946,3386.7877794823166,40485332190.0
353.66887054,353.6294614724155,40485332190.0
2484.0206254,2484.015014754474,40485332190.0
1492.9825115,1492.9731765154363,40485332190.0
2772.7103583,2772.705331781161,40485332190.0
6849.6053212,6849.603286487443,40485332190.0
1944.9153372,1944.9081712540174,40485332190.0
7609.6632432,7609.66141168432,40485332190.0
4558.0051938,4558.002136076617,40485332190.0
237.01911972,236.96031133697022,40485332190.0
3565.3392964,3565.335387321909,40485332190.0
3822.8018553,3822.7982094636964,40485332190.0
1375.8636358,1375.8535061393145,40485332190.0
3043.8895525,3043.8849738309987,40485332190.0
2378.4866555,2378.480795952742,40485332190.0
11929.460229,11929.45906057999,40485332190.0
2593.3449804,2593.339606275551,40485332190.0
2450.0584382,2450.0527496922296,40485332190.0
4145.875411,4145.872049297811,40485332190.0
4613.0552606,4613.052239359519,40485332190.0
6304.4562683,6304.454057662273,40485332190.0
9293.9243853,9293.922885764327,40485332190.0
3168.1336724,3168.1292732705965,40485332190.0
3798.235203,3798.2315337079303,40485332190.0
5026.1082416,5026.10546868312,40485332190.0
4939.1340334,4939.131211651363,40485332190.0
3274.3093297,3274.3050732099964,40485332190.0
2656.5267128,2656.521466473329,40485332190.0
5142.0241948,5142.021484380285,40485332190.0
10707.866102,10707.864799799017,40485332190.0
1712.8426654,1712.8345286812316,40485332190.0
11481.979425,11481.978211486832,40485332190.0
4228.9495842,4228.946288584528,40485332190.0
15324.159014,15324.158104982047,40485332190.0
3787.7654785,3787.761798987417,40485332190.0
127.15959364,127.04994407246552,40485332190.0
5490.155257,5490.1527184412,40485332190.0
6281.3652728,6281.3630540454415,40485332190.0
3293.8580591,3293.8538278895985,40485332190.0
2742.0535813,2742.048498588394,40485332190.0
12074.860801,12074.859647402405,40485332190.0
4920.5351209,4920.5322884397265,40485332190.0
6016.0849,6016.082583437709,40485332190.0
5917.6530946,5917.650739368579,40485332190.0
2957.3722722,2957.3675595226314,40485332190.0
4855.1905875,4855.187716960456,40485332190.0
3535.3957383,3535.3917961924662,40485332190.0
4747.6591372,4747.656201627079,40485332190.0
592.43505249,592.4115271103896,40485332190.0
9248.6080431,9248.606536240197,40485332190.0
6143.5092875,6143.507018984885,40485332190.0
1241.8012334,1241.7900101701046,40485332190.0
2282.0140688,2282.007961555647,40485332190.0
10323.333069,10323.331718557783,40485332190.0
10499.107848,10499.106521035275,40485332190.0
4449.7312363,4449.7281041242895,40485332190.0
5636.4936955,5636.491222882701,40485332190.0
2233.0974105,2233.091169319995,40485332190.0
1340.5817655,1340.571369284668,40485332190.0
4909.0024141,4908.999575030407,40485332190.0
10705.646028,10705.644725651813,40485332190.0
5780.4692693,5780.46685820936,40485332190.0
6612.0887847,6612.08667689612,40485332190.0
4167.854169,4167.850825138845,40485332190.0
6637.9153474,6637.913247770716,40485332190.0
775.31447452,775.2964984076224,40485332190.0
11711.851513,11711.850322495678,40485332190.0
7574.6617588,7574.659918887478,40485332190.0
6972.220169,6972.218170128656,40485332190.0
3187.6945202,3187.6901480307465,40485332190.0
1903.3057971,1903.2984746151028,40485332190.0
4752.4062085,4752.403275904995,40485332190.0
3609.7028181,3609.6989570457386,40485332190.0
7434.5279575,7434.526082873161,40485332190.0
4167.4955542,4167.492210050098,40485332190.0
9235.7917373,9235.790228310407,40485332190.0
2935.3820632,2935.377315321556,40485332190.0
1834.6575413,1834.6499448414352,40485332190.0
13408.40313,13408.402090641299,40485332190.0
2674.2271924,2674.2219807723905,40485332190.0
2406.7874946,2406.7817039494166,40485332190.0
13380.845292,13380.84425076153,40485332190.0
2119.5137698,2119.507194213735,40485332190.0
4086.4178776,4086.4144669549296,40485332190.0
7778.3458413,7778.344049585083,40485332190.0
10707.049247,10707.047945438107,40485332190.0
2995.7012618,2995.6966094760314,40485332190.0
2413.6006105,2413.5948361167607,40485332190.0
6791.8398536,6791.837801540475,40485332190.0
7668.1544153,7668.1525977910815,40485332190.0
1834.7557752,1834.7481790619447,40485332190.0
5839.6505911,5839.648204488803,40485332190.0
2190.1069912,2190.1006276021667,40485332190.0
2696.7985436,2696.7933756860534,40485332190.0
10282.362309,10282.360953700514,40485332190.0
2295.7758723,2295.7698016371573,40485332190.0
4820.9867298,4820.98383892339,40485332190.0
7052.7893685,7052.78739240347,40485332190.0
6743.8795653,6743.877498710575,40485332190.0
954.30002864,954.2854241270785,40485332190.0
4182.1832436,4182.179911153458,40485332190.0
349.88055405,349.8407182435528,40485332190.0
1901.6859391,1901.678610382395,40485332190.0
7750.0829317,7750.081133407978,40485332190.0
2648.9331027,2648.92784134583,40485332190.0
13664.075967,13664.07494661665,40485332190.0
1158.0120658,1158.0000303964543,40485332190.0
3060.0387484,3060.034193871552,40485332190.0
6315.7319547,6315.729748018565,40485332190.0
6039.378876,6039.376568316283,40485332190.0
2140.3212884,2140.3147767862997,40485332190.0
2348.8644682,2348.8585346235523,40485332190.0
5811.467988,5811.465589861331,40485332190.0
3457.7038825,3457.6998518389537,40485332190.0
1818.5988244,1818.5911608038555,40485332190.0
3376.1071669,3376.1030388275267,40485332190.0
1779.3598299,1779.35199732822,40485332190.0
9951.3839411,9951.382540620969,40485332190.0
8526.4558661,8526.454231492933,40485332190.0
6597.8735097,6597.871397358401,40485332190.0
2924.1237956,2924.119029397777,40485332190.0
7957.2619111,7957.260159644939,40485332190.0
2712.6364007,2712.6312629198,40485332190.0
8744.2162128,8744.214618918106,40485332190.0
17188.50039,17188.499579104333,40485332190.0
2833.793109,2833.78819093633,40485332190.0
6228.826231,6228.823993428366,40485332190.0
5958.8471859,5958.844846963776,40485332190.0
5150.9013545,5150.898648747265,40485332190.0
1667.9733601,1667.9650044624914,40485332190.0
4498.2251652,4498.222066864727,40485332190.0
5771.4767024,5771.474287589384,40485332190.0
1191.9434616,1191.931768890985,40485332190.0
3465.3184754,3465.3144535427723,40485332190.0
2131.15474,2131.1482003089286,40485332190.0
1261.2504977,1261.2394475252854,40485332190.0
2184.1900709,2184.1836900443636,40485332190.0
1629.6293823,1629.620830052251,40485332190.0
7947.6378758,7947.636122245669,40485332190.0
1440.8433103,1440.833637451422,40485332190.0
382.94743368,382.9110379622995,40485332190.0
2720.155613,2720.1504893725937,40485332190.0
3832.1161761,3832.112539191127,40485332190.0
5545.8625473,5545.860034286507,40485332190.0
2245.526773,2245.5205663922006,40485332190.0
2365.9822842,2365.9763935706114,40485332190.0
9788.0103012,9788.00887732094,40485332190.0
1287.6265223,1287.6156984919485,40485332190.0
2752.4955065,2752.490443053716,40485332190.0
2266.6499622,2266.6438135293265,40485332190.0
7300.1355903,7300.133681137939,40485332190.0
126.04298003,125.93235823802095,40485332190.0
3553.488179,3553.4842569034868,40485332190.0
4216.4028181,4216.399512636025,40485332190.0
9803.5865966,9803.58517503265,40485332190.0
4128.6587421,4128.655366513651,40485332190.0
2658.9461946,2658.940953091254,40485332190.0
6015.8549506,6015.8526338859765,40485332190.0
12727.430931,12727.429835357769,40485332190.0
3652.6694113,3652.6655958124807,40485332190.0
1703.4597133,1703.4515317742348,40485332190.0
2467.9558096,2467.950162370833,40485332190.0
3633.8408934,3633.8370581133563,40485332190.0
12215.513723,12215.512581613122,40485332190.0
5502.8623061,5502.859773385305,40485332190.0
6113.3077781,6113.305498377125,40485332190.0
3677.0666872,3677.062896962849,40485332190.0
4411.9102122,4411.907053247446,40485332190.0
3048.1841832,3048.1796109557704,40485332190.0
7200.2680377,7200.26610210089,40485332190.0
2142.6843655,2142.677861030724,40485332190.0
1913.685691,1913.6784081978474,40485332190.0
5492.0713583,5492.0688207214935,40485332190.0
3435.3978541,3435.3937972055896,40485332190.0
1399.3715561,1399.3615965910017,40485332190.0
4851.0083521,4851.005479079094,40485332190.0
6248.003637,6248.001406385004,40485332190.0
7201.3581565,7201.3562211756,40485332190.0
5309.3136013,5309.310976314986,40485332190.0
2379.0644579,2379.058599746007,40485332190.0
7179.4135013,7179.411560072534,40485332190.0
6988.2848995,6988.282905122579,40485332190.0
6580.6283723,6580.626254372125,40485332190.0
1670.8988381,1670.8904970762433,40485332190.0
282.07192448,282.0225108319528,40485332190.0
2498.8104369,2498.8048594497604,40485332190.0
10328.558829,10328.55747927354,40485332190.0
5718.4416559,5718.4392187225485,40485332190.0
11894.762196,11894.761024108899,40485332190.0
7828.3924523,7828.390671961925,40485332190.0
5806.6983423,5806.695942223433,40485332190.0
2698.1860426,2698.1808772412096,40485332190.0
7036.4566581,7036.454677378751,40485332190.0
4579.3432975,4579.340254040618,40485332190.0
3594.655683,3594.651805870124,40485332190.0
2235.5319389,2235.5257046136617,40485332190.0
3376.4949689,3376.490841311893,40485332190.0
8056.9458123,8056.944082482814,40485332190.0
13413.1971,13413.196061286331,40485332190.0
2341.2960939,2341.2901411739563,40485332190.0
3797.0445674,3797.040896895234,40485332190.0
12770.880162,12770.879070752284,40485332190.0
6085.9274243,6085.925134238337,40485332190.0
19179.659038,19179.65831169777,40485332190.0
3211.5427702,3211.5384305654675,40485332190.0
7832.9770078,7832.975228599186,40485332190.0
5462.7337458,5462.731194556959,40485332190.0
3407.01322,3407.0091293327237,40485332190.0
2347.957684,2347.95174821235,40485332190.0
3918.5671714,3918.5636147165696,40485332190.0
2747.993997,2747.988925361872,40485332190.0
3639.4418195,3639.437990076912,40485332190.0
2803.7804173,2803.775446572623,40485332190.0
2906.012071,2906.007275150032,40485332190.0
6798.2812032,6798.279153072872,40485332190.0
2575.8209298,2575.815519040867,40485332190.0
2114.6887833,2114.682192652526,40485332190.0
7210.8734377,7210.87150500686,40485332190.0
6268.7176072,6268.7153840155615,40485332190.0
5085.4415685,5085.4388279525765,40485332190.0
17159.005364,17159.004551828064,40485332190.0
10059.226042,10059.224656531553,40485332190.0
1803.2426623,1803.23493338594,40485332190.0
1557.4698258,1557.4608772836948,40485332190.0
2929.7566558,2929.751898790305,40485332190.0
2580.4114983,2580.4060972027546,40485332190.0
7783.3647452,7783.362954623126,40485332190.0
305.15990765,305.11423314901384,40485332190.0
1640.5861452,1640.577650025599,40485332190.0
4470.896014,4470.892896645869,40485332190.0
4262.7108618,4262.707592244361,40485332190.0
4432.5207548,4432.517610541769,40485332190.0
8951.4223219,8951.420765011346,40485332190.0
3895.7506536,3895.7470760820775,40485332190.0
5838.1910661,5838.188678923278,40485332190.0
9579.8613754,9579.859920649711,40485332190.0
6244.9052197,6244.902988046992,40485332190.0
4779.4928705,4779.489954444604,40485332190.0
1595.641263,1595.6325285138487,40485332190.0
4260.7261726,4260.722901541963,40485332190.0
6418.9281962,6418.92602493444,40485332190.0
3258.9400661,3258.935789561195,40485332190.0
4992.7636813,4992.760889852323,40485332190.0
3347.8757067,3347.8715437701,40485332190.0
5076.2744951,5076.271749585377,40485332190.0
2708.6923187,2708.6871733601233,40485332190.0
2710.6675356,2710.66239410536,40485332190.0
1267.1462509,1267.135252152258,40485332190.0
22882.422114,22882.421504801514,40485332190.0
7443.7562772,7443.7544048794825,40485332190.0
434.42253916,434.39045633797485,40485332190.0
7063.8471452,7063.845172215318,40485332190.0
4619.7028121,4619.69979528408,40485332190.0
11582.177478,11582.176274748572,40485332190.0
3329.9829079,3329.978722597201,40485332190.0
6941.3250641,6941.323056211897,40485332190.0
1901.0376312,1901.0302999681635,40485332190.0
5601.5034848,5601.500996686904,40485332190.0
3089.9679302,3089.9634198275753,40485332190.0
3692.8594056,3692.8556315529327,40485332190.0
12176.701672,12176.700528322965,40485332190.0
9683.238821,9683.237381764493,40485332190.0
3262.0996257,3262.0953532430913,40485332190.0
3251.1133182,3251.109031399471,40485332190.0
245.66339506,245.60665648108827,40485332190.0
1723.7419036,1723.7338183188801,40485332190.0
8235.443638,8235.441945641955,40485332190.0
1364.4228443,1364.4126296064005,40485332190.0
7128.1084902,7128.106534989415,40485332190.0
4498.8371667,4498.834068762328,40485332190.0
3418.5425743,3418.538497416395,40485332190.0
6706.5971679,6706.5950897749835,40485332190.0
3798.4456478,3798.4419786302933,40485332190.0
4850.7150919,4850.712218747076,40485332190.0
2061.3905459,2061.3837849648507,40485332190.0
3741.043107,3741.0393815703064,40485332190.0
1047.440273,1047.4269671429124,40485332190.0
5514.2489727,5514.246445223248,40485332190.0
4525.649596,4525.646516346157,40485332190.0
11378.169072,11378.167846895842,40485332190.0
7385.2999297,7385.298042589598,40485332190.0
475.11130442,475.08196937276233,40485332190.0
5728.0707718,5728.068338690567,40485332190.0
3525.8489982,3525.845045417287,40485332190.0
4036.1665391,4036.1630860713685,40485332190.0
2253.7231433,2253.71695931385,40485332190.0
3730.876225,3730.872489458748,40485332190.0
8900.6137773,8900.612211491098,40485332190.0
2464.8890026,2464.883348398669,40485332190.0
2393.6901449,2393.684322585703,40485332190.0
11922.659202,11922.65803304416,40485332190.0
2862.2484826,2862.2436133365,40485332190.0
10623.568743,10623.567431211513,40485332190.0
5339.1794085,5339.1767981776275,40485332190.0
2995.3641476,2995.3594946831063,40485332190.0
849.13388481,849.1174714755484,40485332190.0
2013.1044625,2013.097539346433,40485332190.0
5457.6688126,5457.666259007026,40485332190.0
3391.1114812,3391.1073713483133,40485332190.0
2524.673196,2524.667675733403,40485332190.0
3292.9968976,3292.9926653251637,40485332190.0
3328.0051155,3328.000927622525,40485332190.0
7835.2968973,7835.29511852413,40485332190.0
8695.3702946,8695.368691756605,40485332190.0
1033.4889617,1033.4754762585815,40485332190.0
9150.6770948,9150.675571689559,40485332190.0
1396.8997256,1396.8897485597079,40485332190.0
2874.1786636,2874.173814637177,40485332190.0
1706.4925356,1706.4843685685616,40485332190.0
18055.687009,18055.686237089445,40485332190.0
13877.772719,13877.771713882441,40485332190.0
1973.0374243,1973.0303605550846,40485332190.0
10174.377765,10174.376395523475,40485332190.0
12407.135939,12407.134815280891,40485332190.0
1250.727466,1250.7163229005387,40485332190.0
2962.8372689,2962.8325649473195,40485332190.0
695.82629964,695.8062699523218,40485332190.0
2817.6378028,2817.6328564413207,40485332190.0
6095.1979648,6095.195678242413,40485332190.0
4341.0778853,4341.074674776937,40485332190.0
2412.8986553,2412.892879291757,40485332190.0
7573.8918068,7573.8899666590405,40485332190.0
987.88056059,987.8664525221157,40485332190.0
2334.6982273,2334.6922577636856,40485332190.0
951.61034963,951.5957038335649,40485332190.0
1650.0584192,1650.0499727784284,40485332190.0
6337.2803508,6337.278151617583,40485332190.0
2613.6664083,2613.661075884623,40485332190.0
1942.3164243,1942.309248857772,40485332190.0
4578.3946523,4578.391608158702,40485332190.0
3581.2684751,3581.264583499843,40485332190.0
4010.0085006,4010.005025022882,40485332190.0
2080.4449625,2080.4382634448384,40485332190.0
4736.5978123,4736.59486987197,40485332190.0
2124.6514503,2124.6448906328433,40485332190.0
2306.4404633,2306.4344206977353,40485332190.0
2811.8608331,2811.855876561428,40485332190.0
620.21478633,620.1923147062763,40485332190.0
2792.5870665,2792.5820757658553,40485332190.0
1013.4381836,1013.4244313391408,40485332190.0
6577.5233982,6577.521279298704,40485332190.0
5192.8581653,5192.85548145755,40485332190.0
3203.813192,3203.8088419132814,40485332190.0
2095.9012184,2095.8945687352843,40485332190.0
2820.7269813,2820.7220404272116,40485332190.0
15287.656696,15287.655784336726,40485332190.0
1305.2403826,1305.2297048879357,40485332190.0
20217.811609,20217.81091888191,40485332190.0
3278.4419746,3278.4377235033016,40485332190.0
1557.4779777,1557.4690291838485,40485332190.0
4064.7009336,4064.6975048147156,40485332190.0
2815.5324546,2815.5275045960675,40485332190.0
3133.2804487,3133.2760005753457,40485332190.0
2108.2189558,2108.212344979089,40485332190.0
12027.857858,12027.856699974072,40485332190.0
17655.51147,17655.510680930496,40485332190.0
3985.9260676,3985.92257106909,40485332190.0
6453.7339635,6453.73180397039,40485332190.0
9329.5530022,9329.551508282495,40485332190.0
1935.8323123,1935.825112802823,40485332190.0
7536.3587518,7536.356902427122,40485332190.0
3516.3679232,3516.3639597522665,40485332190.0
2333.2474297,2333.2414564317887,40485332190.0
2435.7460407,2435.7403188267567,40485332190.0
3065.0801205,3065.0755735116095,40485332190.0
7974.5428956,7974.541147896794,40485332190.0
7189.905115,7189.903176612653,40485332190.0
10362.976057,10362.974712182568,40485332190.0
1934.4126569,1934.4054521610879,40485332190.0
4098.9797693,4098.976369219925,40485332190.0
1043.1129874,1043.099626425727,40485332190.0
4542.4128522,4542.409783985216,40485332190.0
6163.7772413,6163.7749801336795,40485332190.0
885.37950878,885.3637673887382,40485332190.0
4209.0634131,4209.060101893296,40485332190.0
3218.4888139,3218.484483629307,40485332190.0
3365.3245364,3365.3203950601605,40485332190.0
7351.234858,7351.232962169316,40485332190.0
5552.493787,5552.491276963444,40485332190.0
4332.6254897,4332.622272941302,40485332190.0
2975.1680974,2975.16341295479,40485332190.0
10750.845742,10750.844446346144,40485332190.0
3642.0216645,3642.017837833381,40485332190.0
8365.1253744,8365.123708312354,40485332190.0
6682.6132889,6682.611203402274,40485332190.0
11710.948065,11710.946875366022,40485332190.0
3280.9579232,3280.95367538283,40485332190.0
1157.1538733,1157.14182902496,40485332190.0
3992.4392032,3992.435712415224,40485332190.0
2731.4469409,2731.4418384505166,40485332190.0
1790.9997067,1790.9919250177222,40485332190.0
2087.9599865,2087.9533115194845,40485332190.0
2822.6092535,2822.6043158211946,40485332190.0
11436.403244,11436.402025116104,40485332190.0
6125.2923781,6125.290102768526,40485332190.0
2879.6749968,2879.670157032723,40485332190.0
4470.6592149,4470.6560974732765,40485332190.0
5574.9753343,5574.972834374114,40485332190.0
2357.2311521,2357.225239697976,40485332190.0
4685.2631433,4685.260168710566,40485332190.0
6489.5511387,6489.548991105745,40485332190.0
2670.8589433,2670.853725087899,40485332190.0
9165.363633,9165.362112425335,40485332190.0
1809.0872872,1809.0795833136333,40485332190.0
634.38644869,634.3644790829261,40485332190.0
3605.2052484,3605.2013826362845,40485332190.0
11324.671211,11324.669980923722,40485332190.0
4306.0784772,4306.075240601004,40485332190.0
4518.2337806,4518.230696045783,40485332190.0
2717.0154565,2717.0103269281453,40485332190.0
4156.9536221,4156.950269412531,40485332190.0
2121.7490748,2121.7425062289335,40485332190.0
1357.3046443,1357.2943760794508,40485332190.0
5051.1297787,5051.127019520427,40485332190.0
1975.2645486,1975.2574927540677,40485332190.0
2374.3166101,2374.31074020331,40485332190.0
5940.2645609,5940.262214679426,40485332190.0
2265.8951879,2265.889037065902,40485332190.0
4250.4985159,4250.4952370466435,40485332190.0
3756.8688151,3756.8651053656217,40485332190.0
7202.3526757,7202.350740644846,40485332190.0
3195.586494,3195.58213267704,40485332190.0
3243.8322357,3243.8279392398968,40485332190.0
2236.4022345,2236.3960026264053,40485332190.0
3453.3666795,3453.3626436817435,40485332190.0
17617.529558,17617.52876707481,40485332190.0
3696.2787654,3696.2749948159308,40485332190.0
12135.867922,12135.866773539045,40485332190.0
4972.6681104,4972.665307654977,40485332190.0
7164.6530336,7164.651088447508,40485332190.0
1073.3626431,1073.3496585741757,40485332190.0
3313.4271793,3313.422973077301,40485332190.0
4061.7221783,4061.718746944567,40485332190.0
7756.7512453,7756.749448462232,40485332190.0
3770.6703898,3770.6666936774513,40485332190.0
4166.3171451,4166.313799944023,40485332190.0
1303.3023143,1303.2916206599773,40485332190.0
679.4829575,679.4624460294539,40485332190.0
19349.437691,19349.436970678635,40485332190.0
2884.4698125,2884.4649807538135,40485332190.0
2883.5439503,2883.539117010886,40485332190.0
5121.6740178,5121.671296643884,40485332190.0
2719.4070118,2719.4018867018854,40485332190.0
2133.7095478,2133.703016016867,40485332190.0
6852.4340803,6852.4320463957665,40485332190.0
2268.4744603,2268.4683165157057,40485332190.0
1652.3587798,1652.350345155722,40485332190.0
5175.3623949,5175.359701932683,40485332190.0
2760.8763217,2760.871273619968,40485332190.0
3425.5422391,3425.538170542668,40485332190.0
2450.1373083,2450.1316200234905,40485332190.0
5112.0432323,5112.040505993225,40485332190.0
18870.186033,18870.185294318224,40485332190.0
6662.8673487,6662.865257008829,40485332190.0
3740.9309581,3740.9272325418938,40485332190.0
4132.8918307,4132.888458458501,40485332190.0
1691.2867314,1691.278490916212,40485332190.0
8175.2577156,8175.256010894483,40485332190.0
1943.4125921,1943.4054206535702,40485332190.0
2678.9229637,2678.9177611991167,40485332190.0
3423.5381058,3423.534034874081,40485332190.0
3086.9968122,3086.9922974385913,40485332190.0
448.72031725,448.68925677515006,40485332190.0
6409.8707513,6409.868576948697,40485332190.0
6452.3309674,6452.328807420615,40485332190.0
5718.4023623,5718.399925084256,40485332190.0
1447.2979094,1447.2882796833917,40485332190.0
2496.1664936,2496.1609102495026,40485332190.0
8453.4289121,8453.427263365125,40485332190.0
3066.2119632,3066.2074178243965,40485332190.0
3066.6058217,3066.6012769552667,40485332190.0
6708.3634159,6708.361338317315,40485332190.0
3663.4959492,3663.492144888608,40485332190.0
4127.7242789,4127.720902497312,40485332190.0
3998.2748272,3998.271341494739,40485332190.0
1552.7287786,1552.7198027157424,40485332190.0
2627.1072536,2627.1019485813254,40485332190.0
747.53002439,747.5113801157203,40485332190.0
723.19664771,723.1773760991904,40485332190.0
5853.4612222,5853.458841211341,40485332190.0
1892.9534058,1892.9460431762125,40485332190.0
6332.431887,6332.429686170506,40485332190.0
3378.6554389,3378.651313832644,40485332190.0
3420.5992319,3420.5951574966853,40485332190.0
9440.5223762,9440.520899871346,40485332190.0
3668.0250617,3668.0212621024,40485332190.0
4141.0003635,4140.996997934069,40485332190.0
3090.7807433,3090.776234082382,40485332190.0
3070.8314407,3070.826902203604,40485332190.0
4297.9046738,4297.901431101566,40485332190.0
3479.9527014,3479.9486964520524,40485332190.0
5423.8182096,5423.815639999807,40485332190.0
8074.1743759,8074.172649796508,40485332190.0
2608.763665,2608.758322607166,40485332190.0
14267.108131,14267.107154636193,40485332190.0
3676.2323222,3676.22853111413,40485332190.0
5200.1750258,5200.172345735038,40485332190.0
2820.1305606,2820.125618582578,40485332190.0
7509.3376384,7509.33578245278,40485332190.0
2769.064735,2769.059701913714,40485332190.0
2947.4928353,2947.488106881941,40485332190.0
2309.2746111,2309.2685758741486,40485332190.0
3648.9062481,3648.9024285933574,40485332190.0
1783.5445502,1783.536736017537,40485332190.0
205.2121744,205.14424817112143,40485332190.0
3947.7720491,3947.76851876252,40485332190.0
2880.9594976,2880.9546600228323,40485332190.0
2587.8518236,2587.8464380274863,40485332190.0
2079.2295755,2079.2228725130167,40485332190.0
8037.9970673,8037.99533338279,40485332190.0
604.22191052,604.198844075191,40485332190.0
8359.4129605,8359.41129330348,40485332190.0
2579.3373817,2579.3319783604766,40485332190.0
4689.241354,4689.238381897179,40485332190.0
5709.6563666,5709.653925587176,40485332190.0
1858.8269265,1858.8194287539127,40485332190.0
2300.3478549,2300.341796236061,40485332190.0
1234.7878684,1234.7765813538529,40485332190.0
964.50146912,964.487019086293,40485332190.0
1802.0123345,1802.004600328745,40485332190.0
2432.9837808,2432.9780524332955,40485332190.0
9602.714304,9602.712852623457,40485332190.0
5894.3966817,5894.394317256664,40485332190.0
6563.2223062,6563.220182693778,40485332190.0
6071.4050406,6071.4027451210495,40485332190.0
3993.2818591,3993.2783689530884,40485332190.0
1081.1296649,1081.1167737325052,40485332190.0
3393.9956148,3393.9915083684796,40485332190.0
2486.413074,2486.4074687156,40485332190.0
2409.9856568,2409.9798737271444,40485332190.0
6032.6691924,6032.666882155069,40485332190.0
3120.4324348,3120.427968449799,40485332190.0
1889.544881,1889.5375051457686,40485332190.0
1416.6947965,1416.6849588239065,40485332190.0
11046.474162,11046.472900183895,40485332190.0
2134.6229465,2134.616417523643,40485332190.0
2600.1843645,2600.179004539373,40485332190.0
2651.1901524,2651.1848956078125,40485332190.0
1717.7133854,1717.705271765564,40485332190.0
2188.4422442,2188.435875701589,40485332190.0
3799.1901432,3799.186474734015,40485332190.0
7472.8594443,7472.857579269281,40485332190.0
4094.250585,4094.2471809210065,40485332190.0
2437.0604564,2437.054737644431,40485332190.0
13645.057007,13645.055985139341,40485332190.0
2690.3538078,2690.3486274905877,40485332190.0
2911.488069,2911.483282096247,40485332190.0
11388.362947,11388.361723161941,40485332190.0
12475.30736,12475.306242732506,40485332190.0
8999.2880824,8999.28653368571,40485332190.0
1754.2174899,1754.209545117817,40485332190.0
1874.2796068,1874.2721709390592,40485332190.0
8174.2780792,8174.276374230944,40485332190.0
1968.9275741,1968.920495536805,40485332190.0
2734.8850858,2734.8799898421084,40485332190.0
2140.0125796,2140.0060670477224,40485332190.0
6466.6838616,6466.681706423909,40485332190.0
4181.8009435,4181.797610727434,40485332190.0
2618.2690932,2618.2637702412453,40485332190.0
3953.9362604,3953.9327355328724,40485332190.0
10911.306819,10911.305542161925,40485332190.0
1352.0618085,1352.0515005791738,40485332190.0
27086.709244,27086.70873015021,40485332190.0
4509.2068366,4509.203745821117,40485332190.0
5738.9120678,5738.909639321422,40485332190.0
7669.1582393,7669.156422028145,40485332190.0
8480.7330149,8480.731371461108,40485332190.0
4571.1494224,4571.146373479701,40485332190.0
9430.153852,9430.152374130957,40485332190.0
1251.1576718,1251.146532495909,40485332190.0
5365.5818535,5365.579255992501,40485332190.0
8382.3341821,8382.33251939717,40485332190.0
1467.2108431,1467.2013440812646,40485332190.0
7185.2536911,7185.251751472144,40485332190.0
11093.823801,11093.822544366882,40485332190.0
2254.1969517,2254.190769031594,40485332190.0
11119.25671,11119.255456645746,40485332190.0
5285.1546592,5285.152022208662,40485332190.0
6419.262626,6419.260454948582,40485332190.0
7899.5728784,7899.571114157205,40485332190.0
4668.0514214,4668.048435798297,40485332190.0
3654.8389141,3654.8351008301734,40485332190.0
9767.1536162,9767.152189296656,40485332190.0
894.35681165,894.3412282658002,40485332190.0
10848.964821,10848.963536998494,40485332190.0
8670.51563,8670.514022589996,40485332190.0
3482.1694061,3482.1654037196486,40485332190.0
5152.0420385,5152.039333301543,40485332190.0
11049.496469,11049.495207882543,40485332190.0
4789.1719643,4789.169054217413,40485332190.0
6273.031622,6273.029400221985,40485332190.0
15381.776084,15381.775177358986,40485332190.0
4575.2849443,4575.281898076623,40485332190.0
5837.9497114,5837.947324071792,40485332190.0
1423.9255855,1423.915797760062,40485332190.0
17488.510363,17488.509566342993,40485332190.0
4596.8042624,4596.80123049819,40485332190.0
6428.9801761,6428.978008240253,40485332190.0
6162.7514763,6162.7492148417205,40485332190.0
2885.2507916,2885.245961130174,40485332190.0
12313.425201,12313.424069668861,40485332190.0
6031.7299573,6031.727646704392,40485332190.0
11346.198213,11346.196984046606,40485332190.0
6562.5694515,6562.567327824998,40485332190.0
1308.1286523,1308.1179981584112,40485332190.0
172.23953868,172.15860338661267,40485332190.0
2965.8272165,2965.822517243026,40485332190.0
5427.3325291,5427.329961179616,40485332190.0
10097.989292,10097.987911431317,40485332190.0
4359.8111375,4359.807940744113,40485332190.0
9365.3836834,9365.382195309896,40485332190.0
2898.6793701,2898.67456202374,40485332190.0
13608.895974,13608.894949365056,40485332190.0
7328.7812882,7328.779386593091,40485332190.0
5358.7189508,5358.7163499586495,40485332190.0
1721.4054642,1721.3973679385438,40485332190.0
745.81310702,745.7944198281422,40485332190.0
4156.6741866,4156.670833640222,40485332190.0
7227.5078133,7227.505884925055,40485332190.0
4581.8165641,4581.813522272048,40485332190.0
2471.9748757,2471.969237658907,40485332190.0
16464.895051,16464.89420467253,40485332190.0
10860.608277,10860.606993182375,40485332190.0
4402.387403,4402.384237187693,40485332190.0
18002.055063,18002.05428923581,40485332190.0
3493.8393176,3493.835328574882,40485332190.0
7795.7295162,7795.727728392186,40485332190.0
1787.4658024,1787.4580053128582,40485332190.0
5033.0845049,5033.08173577913,40485332190.0
4321.2610955,4321.257870301377,40485332190.0
957.00412316,956.9895599125531,40485332190.0
11414.191656,11414.190435599221,40485332190.0
7359.6790571,7359.677163419941,40485332190.0
2322.4346221,2322.4286210922323,40485332190.0
4985.1518881,4985.149092479571,40485332190.0
6963.333576,6963.331574515909,40485332190.0
4554.3698051,4554.3667449465975,40485332190.0
5052.004678,5052.001919301753,40485332190.0
3251.8617558,3251.857469909276,40485332190.0
4263.951314,4263.948045448065,40485332190.0
10732.642993,10732.641694283995,40485332190.0
1844.3918388,1844.3842823723278,40485332190.0
14312.390928,14312.389954670323,40485332190.0
2094.1463787,2094.1397234686992,40485332190.0
4315.3644657,4315.361236117255,40485332190.0
3865.5878868,3865.584281352628,40485332190.0
9260.9663785,9260.964873619218,40485332190.0
3201.639428,3201.635074940125,40485332190.0
1756.3198265,1756.3118911891029,40485332190.0
569.17069879,569.1462117899031,40485332190.0
7330.6315945,7330.629693286322,40485332190.0
4286.345931,4286.342679457918,40485332190.0
2729.455368,2729.4502619433842,40485332190.0
13503.520104,13503.5190718472,40485332190.0
4955.6801116,4955.677299229562,40485332190.0
5386.4525332,5386.449945772988,40485332190.0
5214.8928498,5214.890177288299,40485332190.0
3101.2384418,3101.233947711646,40485332190.0
249.72310109,249.66728511125416,40485332190.0
14473.566891,14473.565927964535,40485332190.0
1110.0544188,1110.0418634738776,40485332190.0
4775.3382156,4775.335297096484,40485332190.0
7974.7543504,7974.752602773268,40485332190.0
6429.4500022,6429.447834497347,40485332190.0
2533.8184179,2533.8129175013732,40485332190.0
5666.1870977,5666.184638010857,40485332190.0
6006.1664599,6006.164139518311,40485332190.0
1317.4356999,1317.4251210435152,40485332190.0
2262.679877,2262.6737174593604,40485332190.0
5367.3161794,5367.313582780637,40485332190.0
18434.550214,18434.54945748866,40485332190.0
4205.9080234,4205.904709742311,40485332190.0
5193.2160931,5193.213409400081,40485332190.0
1061.4914221,1061.4782924124079,40485332190.0
1440.5768871,1440.5672124637706,40485332190.0
752.31968196,752.3011563826719,40485332190.0
6748.9282056,6748.926140546095,40485332190.0
1255.6927393,1255.6816402141123,40485332190.0
12856.136423,12856.135339199363,40485332190.0
2695.6872799,2695.6821097550996,40485332190.0
3655.4292889,3655.4254762647215,40485332190.0
2784.4434235,2784.438418149851,40485332190.0
8099.5222943,8099.520573604107,40485332190.0
1883.2750974,1883.2676970186822,40485332190.0
3681.6211794,3681.6173938518004,40485332190.0
2990.8933258,2990.888666007881,40485332190.0
1493.7324531,1493.723122760626,40485332190.0
1325.7211038,1325.71059100758,40485332190.0
4353.9219404,4353.918739424843,40485332190.0
1278.1070381,1278.096133717811,40485332190.0
1115.6515969,1115.6391045837138,40485332190.0
2259.1683075,2259.162138436556,40485332190.0
4790.6612514,4790.658342196226,40485332190.0
2171.5394949,2171.533076851822,40485332190.0
2615.356708,2615.3513790566053,40485332190.0
1070.6439387,1070.6309212982542,40485332190.0
3382.2232479,3382.21912725633,40485332190.0
5706.2980229,5706.295580421522,40485332190.0
1985.7903621,1985.7833437239965,40485332190.0
5306.3229625,5306.3203360151265,40485332190.0
2586.1550587,2586.149669625792,40485332190.0
1737.865956,1737.8579364021793,40485332190.0
4993.8543548,4993.851564040866,40485332190.0
4818.7204982,4818.7176058453915,40485332190.0
8378.5122379,8378.510574482645,40485332190.0
4008.6950262,4008.6915494453106,40485332190.0
4539.425632,4539.422561770598,40485332190.0
10869.85606,10869.85477724774,40485332190.0
3738.0089201,3738.0051916246425,40485332190.0
4669.4472163,4669.444231635498,40485332190.0
2846.9808826,2846.9759873044877,40485332190.0
1935.3576158,1935.3504145360146,40485332190.0
6936.3728164,6936.370807188225,40485332190.0
1589.0485148,1589.0397441329753,40485332190.0
5596.000536,5595.998045477078,40485332190.0
3411.6852428,3411.681157763772,40485332190.0
9223.465609,9223.464098024306,40485332190.0
17968.393627,17968.392851169006,40485332190.0
2012.9853375,2012.9784139436986,40485332190.0
5248.9312546,5248.928599321106,40485332190.0
1673.0263935,1673.0180630440943,40485332190.0
7257.1986312,7257.196710838381,40485332190.0
4967.1681925,4967.1653867328105,40485332190.0
5106.0790808,5106.076351350383,40485332190.0
9786.0132793,9786.01185517905,40485332190.0
2607.8913292,2607.885985044248,40485332190.0
3158.527903,3158.523490508388,40485332190.0
18547.776706,18547.775955444373,40485332190.0
1528.4519563,1528.4428379285935,40485332190.0
4297.5653694,4297.562126426894,40485332190.0
3094.48034,3094.4758361600075,40485332190.0
2026.3241458,2026.3172678483863,40485332190.0
4454.7618407,4454.758712173619,40485332190.0
1845.0534442,1845.0458904387096,40485332190.0
3146.2522016,3146.2477719419685,40485332190.0
2437.7912687,2437.785551668924,40485332190.0
2832.9112764,2832.906356721742,40485332190.0
505.16774956,505.1401599888081,40485332190.0
5614.1780077,5614.175525253761,40485332190.0
2996.4162237,2996.4115725189345,40485332190.0
1953.3025716,1953.295436484015,40485332190.0
3547.9931125,3547.9891843990204,40485332190.0
1024.7750026,1024.7614024778263,40485332190.0
2660.5399873,2660.534748872681,40485332190.0
261.70055108,261.64729020604415,40485332190.0
3905.8645429,3905.860974641304,40485332190.0
6229.3923329,6229.39009563727,40485332190.0
12412.630222,12412.62909978966,40485332190.0
5434.913004,5434.910439675726,40485332190.0
1156.9449236,1156.9328772359008,40485332190.0
1545.9795371,1545.9705220946842,40485332190.0
12236.616728,12236.61558870627,40485332190.0
2672.5100351,2672.504820248325,40485332190.0
21540.65114,21540.65049261526,40485332190.0
2692.4818187,2692.4766423704964,40485332190.0
1050.7690899,1050.7558262509688,40485332190.0
1414.0912482,1414.0813924277338,40485332190.0
5462.1637793,5462.161227710557,40485332190.0
1184.3744306,1184.3626631376221,40485332190.0
2337.2357128,2337.229749785202,40485332190.0
14252.260285,14252.259307400169,40485332190.0
5839.2371497,5839.2347629398055,40485332190.0
6776.5681051,6776.56604851523,40485332190.0
12203.091144,12203.090002225017,40485332190.0
3414.4679786,3414.4638967773076,40485332190.0
13153.939476,13153.938415881163,40485332190.0
1626.9604888,1626.951922520884,40485332190.0
3243.8126763,3243.8083798550792,40485332190.0
2413.2509124,2413.2451372057044,40485332190.0
1785.2760052,1785.2681985615322,40485332190.0
10210.829228,10210.827862965352,40485332190.0
3860.7761252,3860.7725153601855,40485332190.0
3226.2446455,3226.2403255400163,40485332190.0
4986.7186963,4986.715901429525,40485332190.0
4781.4489156,4781.446000790388,40485332190.0
8419.1795106,8419.177855170326,40485332190.0
3691.2353498,3691.231574142056,40485332190.0
3289.5043933,3289.5001565142557,40485332190.0
1588.5679791,1588.5592057712379,40485332190.0
2524.3442107,2524.3386896279217,40485332190.0
9764.7800848,9764.778657471194,40485332190.0
1741.1999768,1741.1919725168234,40485332190.0
5718.559546,5718.557108899682,40485332190.0
10287.23859,10287.237234771932,40485332190.0
4557.5651229,4557.5620649202565,40485332190.0
3812.0292094,3812.0255532883575,40485332190.0
3169.6118882,3169.607491063847,40485332190.0
3131.823103,3131.8186529166937,40485332190.0
6133.3527132,6133.350440854848,40485332190.0
3348.3988763,3348.394713926799,40485332190.0
18778.518551,18778.517808137258,40485332190.0
5625.6760706,5625.673593226142,40485332190.0
1467.9748939,1467.9653998462404,40485332190.0
2123.7734862,2123.7669237923665,40485332190.0
6731.0573387,6731.055268208192,40485332190.0
2794.3501259,2794.3451383582633,40485332190.0
2996.171452,2996.166800412669,40485332190.0
6294.560717,6294.5585028425885,40485332190.0
2505.6882969,2505.6827346890022,40485332190.0
2186.3704943,2186.3641197541374,40485332190.0
2518.5669377,2518.561404043285,40485332190.0
3059.720144,3059.7155890645313,40485332190.0
4723.2604501,4723.257499450276,40485332190.0
5819.9596286,5819.957233955499,40485332190.0
11811.921604,11811.920424579535,40485332190.0
9810.613133,9810.611712444128,40485332190.0
3609.281464,3609.2776026008055,40485332190.0
2627.5467203,2627.5414161265758,40485332190.0
3522.7998528,3522.795896553074,40485332190.0
3101.6671791,3101.6626856910716,40485332190.0
1483.4253202,1483.4159250936405,40485332190.0
4981.0630087,4981.06021071925,40485332190.0
281.00083496,280.95123292596526,40485332190.0
2909.9678451,2909.963055744012,40485332190.0
984.07664294,984.0624803400892,40485332190.0
3050.3103206,3050.305751589421,40485332190.0
3739.1165302,3739.1128028469334,40485332190.0
4718.4425712,4718.439617465326,40485332190.0
1255.9848513,1255.9737548274798,40485332190.0
3760.4305758,3760.4268695486608,40485332190.0
1571.0648037,1571.055932636404,40485332190.0
4654.4525942,4654.449599855546,40485332190.0
4358.8733027,4358.870105259846,40485332190.0
982.75078038,982.7365986787356,40485332190.0
7543.9606172,7543.958769787896,40485332190.0
13138.699044,13138.697983187934,40485332190.0
1136.4434387,1136.4311749709507,40485332190.0
4552.6136038,4552.610542508403,40485332190.0
3949.3082484,3949.30471943715,40485332190.0
18762.362825,18762.362081386716,40485332190.0
2798.1576295,2798.1526486831567,40485332190.0
4814.5848015,4814.581906729429,40485332190.0
12208.099302,12208.098160528578,40485332190.0
5037.0656554,5037.062888534184,40485332190.0
6311.1584027,6311.156194330962,40485332190.0
10910.341741,10910.340463254803,40485332190.0
2976.4147356,2976.410053087499,40485332190.0
5317.0075066,5317.0048853670405,40485332190.0
5199.8564573,5199.853777099027,40485332190.0
1240.0370792,1240.0258399576026,40485332190.0
2068.3377775,2068.331039234426,40485332190.0
4656.3331836,4656.330190459711,40485332190.0
975.3996355,975.3853469131193,40485332190.0
1605.163844,1605.1551614045138,40485332190.0
17409.711203,17409.710402626843,40485332190.0
14486.328676,14486.327714374855,40485332190.0
3108.630895,3108.626411664045,40485332190.0
1498.8033486,1498.7940498358412,40485332190.0
993.27548454,993.261453100919,40485332190.0
5827.4175482,5827.41515660646,40485332190.0
6660.0613618,6660.059269235257,40485332190.0
2948.3005257,2948.2957986455544,40485332190.0
701.16833573,701.1484586448211,40485332190.0
1925.2400293,1925.2327901587128,40485332190.0
3853.4737839,3853.4701671605344,40485332190.0
9026.3992293,9026.39768529965,40485332190.0
5143.3262555,5143.32354570344,40485332190.0
2681.7638318,2681.758634838387,40485332190.0
9665.2896082,9665.288166212298,40485332190.0
3033.5635273,3033.5589329897466,40485332190.0
2503.8699815,2503.8644153639843,40485332190.0
1446.3584335,1446.3487975909327,40485332190.0
12677.42389,12677.422790995668,40485332190.0
2031.2675235,2031.260662297786,40485332190.0
3677.0371898,3677.0333995576207,40485332190.0
4699.2845189,4699.281553090629,40485332190.0
3268.8128269,3268.80856328382,40485332190.0
1509.6183723,1509.609140150913,40485332190.0
5539.644467,5539.641951128232,40485332190.0
5281.5029323,5281.5002934286185,40485332190.0
3929.4723838,3929.468837074261,40485332190.0
2656.9445746,2656.939329047842,40485332190.0
3488.6220318,3488.618036832073,40485332190.0
2535.8861128,2535.880616847296,40485332190.0
5376.6116452,5376.609053115627,40485332190.0
8093.721647,8093.719925037048,40485332190.0
4561.152103,4561.149047409219,40485332190.0
4041.1235723,4041.1201235260755,40485332190.0
1899.3188056,1899.3114676447838,40485332190.0
6689.3767747,6689.374691268728,40485332190.0
5718.0070899,5718.004652498153,40485332190.0
17558.473618,17558.472824320455,40485332190.0
8306.2174545,8306.21577662562,40485332190.0
2111.1109267,2111.1043249805657,40485332190.0
406.70151016,406.66724038533016,40485332190.0
2101.3218078,2101.315175237735,40485332190.0
880.81819837,880.8023754647251,40485332190.0
3050.4641013,3050.4595324624033,40485332190.0
1421.5547568,1421.5449527502567,40485332190.0
3313.1751661,3313.170959490207,40485332190.0
8683.299061,8683.297455921955,40485332190.0
1900.7849265,1900.777594207344,40485332190.0
6265.6896946,6265.687470352114,40485332190.0
2399.2395619,2399.2337530301447,40485332190.0
799.98368427,799.9662624969845,40485332190.0
5618.1651448,5618.162664092737,40485332190.0
4124.9988771,4124.995498512917,40485332190.0
5107.9464872,5107.943758736518,40485332190.0
3068.0266117,3068.0220690817146,40485332190.0
234.71851169,234.65912674524654,40485332190.0
2676.7958546,2676.7906480721454,40485332190.0
3573.7110939,3573.7071940244055,40485332190.0
7718.4833213,7718.481515609353,40485332190.0
7362.5152423,7362.513349343119,40485332190.0
1652.1595999,1652.151164206799,40485332190.0
6039.376139,6039.3738313541835,40485332190.0
2572.4534237,2572.448005927171,40485332190.0
3555.2203312,3555.216410959392,40485332190.0
1852.2118542,1852.2043296866113,40485332190.0
5805.2869055,5805.284504766184,40485332190.0
6971.3462668,6971.344267554852,40485332190.0
4511.6094543,4511.606365159482,40485332190.0
2214.2352442,2214.2289499391645,40485332190.0
3336.0676805,3336.063502826836,40485332190.0
6665.7438818,6665.741790905341,40485332190.0
2094.0945633,2094.087907904169,40485332190.0
1977.133535,1977.1264858589905,40485332190.0
10020.380862,10020.3794713744,40485332190.0
1557.5056749,1557.4967266281444,40485332190.0
15825.265123,15825.264241652152,40485332190.0
2851.3505206,2851.3456326924206,40485332190.0
6087.8107275,6087.808438217986,40485332190.0
3080.3313711,3080.3268466161644,40485332190.0
2470.3249737,2470.319331940963,40485332190.0
5073.5934287,5073.590681682964,40485332190.0
3534.4304136,3534.4264703772124,40485332190.0
4239.3807872,4239.377499736241,40485332190.0
1864.4910632,1864.4835882061757,40485332190.0
2423.7956234,2423.7898733272614,40485332190.0
3365.407507,3365.4033656971133,40485332190.0
1032.9185529,1032.9050600071062,40485332190.0
2057.9276315,2057.920859118129,40485332190.0
1809.5525247,1809.5448228252665,40485332190.0
5825.2037383,5825.201345763137,40485332190.0
4034.6751529,4034.6716985513826,40485332190.0
4109.5981816,4109.594790221002,40485332190.0
3018.440626,3018.436008777917,40485332190.0
2569.5752936,2569.569869753904,40485332190.0
2555.9384956,2555.9330427896666,40485332190.0
12636.586778,12636.585674841765,40485332190.0
16398.144468,16398.143617662736,40485332190.0
4649.9880252,4649.985028030803,40485332190.0
3797.8615262,3797.8578564605323,40485332190.0
4111.8278587,4111.8244692017915,40485332190.0
9230.3537606,9230.35225062908,40485332190.0
8639.4611401,8639.459526993784,40485332190.0
4217.2807422,4217.277437528588,40485332190.0
1286.2256363,1286.2148006560953,40485332190.0
7549.8814044,7549.879558419125,40485332190.0
4532.5428288,4532.5397538705665,40485332190.0
3681.1603556,3681.156569572483,40485332190.0
2656.6594087,2656.6541626231447,40485332190.0
102.55307002,102.41707965592195,40485332190.0
6057.246521,6057.24422011147,40485332190.0
960.6659273,960.6514195635189,40485332190.0
2423.415528,2423.409777060056,40485332190.0
6603.662222,6603.660111540675,40485332190.0
2423.2458515,2423.240100125392,40485332190.0
4842.1673355,4842.164457249348,40485332190.0
1574.893263,1574.8844135233562,40485332190.0
1381.0865031,1381.0764117026545,40485332190.0
9701.4696019,9701.468165281429,40485332190.0
7009.4282384,7009.426250080256,40485332190.0
2433.5621326,2433.5564056591993,40485332190.0
2012.0318454,2012.0249186213289,40485332190.0
9693.0794444,9693.07800662206,40485332190.0
5520.9417478,5520.939223380778,40485332190.0
963.10901622,963.094545282069,40485332190.0
2119.2696998,2119.2631234840974,40485332190.0
880.07150427,880.0556679303822,40485332190.0
855.28854093,855.2722457136549,40485332190.0
2879.8212034,2879.8163639305985,40485332190.0
1458.562387,1458.552831746101,40485332190.0
1860.3229606,1860.3154689169853,40485332190.0
965.2253623,965.21092309686,40485332190.0
2884.4118924,2884.4070605779552,40485332190.0
1630.3764638,1630.367915494937,40485332190.0
5569.4536164,5569.451114030715,40485332190.0
1072.2194233,1072.2064249500359,40485332190.0
136.49257184,136.39042562194186,40485332190.0
3433.580982,3433.57692294695,40485332190.0
10635.495305,10635.493994230277,40485332190.0
10810.995091,10810.993801401622,40485332190.0
2093.0050979,2092.9984390344052,40485332190.0
5736.8950341,5736.892604690605,40485332190.0
4208.4135588,4208.410247046258,40485332190.0
1411.2747842,1411.2649087152383,40485332190.0
2972.3048283,2972.3001393329823,40485332190.0
2807.2349253,2807.2299606208926,40485332190.0
1785.4687964,1785.4609905386285,40485332190.0
14065.09578,14065.094788911565,40485332190.0
5567.1452147,5567.1427111781095,40485332190.0
2582.2519344,2582.2465372203987,40485332190.0
4107.8802804,4107.876887657491,40485332190.0
5854.278927,5854.27654637255,40485332190.0
229.96386213,229.90324904586177,40485332190.0
2883.9386971,2883.933864441862,40485332190.0
4499.9061113,4499.90301409627,40485332190.0
1932.3704171,1932.3632046650234,40485332190.0
4572.4195183,4572.416470237948,40485332190.0
2753.1803962,2753.175334069467,40485332190.0
3307.9435816,3307.9393684286847,40485332190.0
13059.146102,13059.145035010675,40485332190.0
2043.6428968,2043.6360771354289,40485332190.0
8035.4566645,8035.4549300844255,40485332190.0
3246.5085834,3246.5042904515003,40485332190.0
10061.280559,10061.27917421046,40485332190.0
1589.789437,1589.7806703943486,40485332190.0
2884.4761389,2884.471307153013,40485332190.0
3064.8683858,3064.8638384725095,40485332190.0
1369.504193,1369.494016241789,40485332190.0
3319.8597951,3319.8555970378925,40485332190.0
1496.4406243,1496.4313108623721,40485332190.0
4593.1597935,4593.156759247054,40485332190.0
6186.6802548,6186.678001959921,40485332190.0
5887.2258126,5887.22344526826,40485332190.0
5500.0064532,5500.003919154058,40485332190.0
2221.3886702,2221.3823962172355,40485332190.0
2755.2877557,2755.2826974233312,40485332190.0
1887.4850952,1887.4777113376203,40485332190.0
8957.3099891,8957.308433209853,40485332190.0
2184.9799205,2184.973541889343,40485332190.0
4983.4499061,4983.4471094182245,40485332190.0
5875.4885764,5875.48620433577,40485332190.0
6734.5071934,6734.505123879167,40485332190.0
5751.6566032,5751.65418016055,40485332190.0
897.30866766,897.2931355401139,40485332190.0
1578.1307889,1578.1219575307362,40485332190.0
1884.4506722,1884.443276480917,40485332190.0
3007.8878082,3007.883174648531,40485332190.0
3576.2423344,3576.2384373663263,40485332190.0
3291.6516943,3291.6474602800336,40485332190.0
2093.0710454,2093.064386830116,40485332190.0
6122.8928115,6122.890535281752,40485332190.0
1773.6344479,1773.6265900216188,40485332190.0
1263.6252197,1263.6141901995936,40485332190.0
1067.3083283,1067.2952700633705,40485332190.0
2899.8509899,2899.8461837109307,40485332190.0
1430.2379992,1430.2282546221788,40485332190.0
3641.6531647,3641.649337628101,40485332190.0
3952.411761,3952.408234769922,40485332190.0
11919.426033,11919.424864569555,40485332190.0
1927.1328789,1927.1256469178913,40485332190.0
13354.799268,13354.798225155228,40485332190.0
2726.3747025,2726.3695905181075,40485332190.0
2810.1747855,2810.1698259373056,40485332190.0
3306.7762439,3306.7720292959725,40485332190.0
579.78800472,579.7639661609297,40485332190.0
5137.7257649,5137.723052226915,40485332190.0
1795.4235689,1795.4158064399537,40485332190.0
523.87567923,523.849074944609,40485332190.0
6554.5770506,6554.574924341056,40485332190.0
967.77705817,967.7626570355468,40485332190.0
2290.8418667,2290.835782938284,40485332190.0
10044.419657,10044.418268939246,40485332190.0
4112.4133488,4112.409959808938,40485332190.0
3202.8836446,3202.8792932922947,40485332190.0
2694.220618,2694.215445069947,40485332190.0
2772.8104778,2772.8054515094395,40485332190.0
5849.7540122,5849.751629680128,40485332190.0
1464.288701,1464.2791830335022,40485332190.0
5902.0877766,5902.085415265829,40485332190.0
3604.4634303,3604.4595636985455,40485332190.0
7537.6639223,7537.662073324381,40485332190.0
1452.3464042,1452.3368079713525,40485332190.0
3362.6015639,3362.59741920252,40485332190.0
7097.8378015,7097.835837989735,40485332190.0
2740.9004704,2740.8953855207756,40485332190.0
8736.6736325,8736.672037271139,40485332190.0
3773.7164583,3773.712765149413,40485332190.0
2892.2970292,2892.29221058645,40485332190.0
1978.3023457,1978.2953007901633,40485332190.0
2937.8894775,2937.8847336571534,40485332190.0
3894.6846994,3894.6811209921557,40485332190.0
12785.220682,12785.219591865347,40485332190.0
1028.056529,1028.0429723124817,40485332190.0
4202.0778263,4202.07450958166,40485332190.0
3642.2086876,3642.2048610424913,40485332190.0
1869.0510084,1869.0435516659338,40485332190.0
3406.9418693,3406.9377784834664,40485332190.0
13635.210998,13635.20997584902,40485332190.0
1704.4405588,1704.432381890483,40485332190.0
1969.9810798,1969.974005174556,40485332190.0
1776.9588216,1776.9509783780036,40485332190.0
2994.5739293,2994.569275177407,40485332190.0
2265.9393008,2265.93315017117,40485332190.0
2644.0491754,2644.0439043349197,40485332190.0
13645.761713,13645.76069157263,40485332190.0
4323.3826776,4323.379453920234,40485332190.0
9342.3881418,9342.386649983677,40485332190.0
2970.5097543,2970.505062487376,40485332190.0
10582.561763,10582.560445666728,40485332190.0
1273.6240746,1273.6131318069997,40485332190.0
2159.4610015,2159.4545476445624,40485332190.0
2261.1817235,2261.1755599317676,40485332190.0
1124.6864304,1124.6740383972358,40485332190.0
1269.6461452,1269.6351681775295,40485332190.0
3435.6376284,3435.633571817514,40485332190.0
8994.5529463,8994.551396761166,40485332190.0
1246.0996923,1246.0885077195721,40485332190.0
2382.7410671,2382.7352179482787,40485332190.0
2556.6708934,2556.6654421833414,40485332190.0
3313.7353594,3313.73115357812,40485332190.0
8064.3382858,8064.336557576395,40485332190.0
16815.299209,16815.298380444772,40485332190.0
3719.7302813,3719.7265345974747,40485332190.0
3216.8941193,3216.88978682519,40485332190.0
4494.0474647,4494.0443634764115,40485332190.0
4127.5618103,4127.558433710658,40485332190.0
7406.1190387,7406.117156943569,40485332190.0
4955.8903654,4955.887553204451,40485332190.0
1798.2115123,1798.2037618265017,40485332190.0
7843.3917035,7843.389926625401,40485332190.0
10269.743972,10269.742615568031,40485332190.0
1533.9840861,1533.9750006756863,40485332190.0
5298.21174,5298.209109486854,40485332190.0
5468.915683,5468.9131345639535,40485332190.0
3897.0471462,3897.043569899135,40485332190.0
5236.5210014,5236.518339840898,40485332190.0
4639.0301389,4639.027134583021,40485332190.0
8138.425083,8138.423370570045,40485332190.0
6510.6505857,6510.648445051449,40485332190.0
2505.6527944,2505.647232188467,40485332190.0
2635.1193256,2635.114036644367,40485332190.0
2084.7693261,2084.762640925909,40485332190.0
3195.3499298,3195.345568144398,40485332190.0
2865.3102433,2865.3053792814035,40485332190.0
3094.107108,3094.1026036542344,40485332190.0
1170.0770797,1170.0651683848405,40485332190.0
1932.5884711,1932.5812594850975,40485332190.0
3724.316678,3724.3129358476685,40485332190.0
4972.5745067,4972.571703898264,40485332190.0
4198.6054883,4198.602168837173,40485332190.0
4539.2340546,4539.2309842449495,40485332190.0
2009.3664594,2009.3595233825768,40485332190.0
1036.1499175,1036.136466700877,40485332190.0
3127.6501472,3127.6456911325326,40485332190.0
10685.554602,10685.553297054148,40485332190.0
7545.7900513,7545.788204324982,40485332190.0
3170.2379546,3170.2335583598147,40485332190.0
3168.836864,3168.8324658341025,40485332190.0
4933.0418623,4933.039036978998,40485332190.0
7070.8751452,7070.873174124886,40485332190.0
8633.4296504,8633.428036128636,40485332190.0
3726.469255,3726.465514966106,40485332190.0
4784.155426,4784.152512905647,40485332190.0
7378.9502308,7378.948342049508,40485332190.0
5667.5553263,5667.552867224711,40485332190.0
3698.9259271,3698.9221591902906,40485332190.0
2825.1209033,2825.1159701020556,40485332190.0
3699.7459523,3699.7421852570283,40485332190.0
10032.619783,10032.618394246234,40485332190.0
1955.2778727,1955.2707448168564,40485332190.0
2448.9745864,2448.9688954246762,40485332190.0
4070.3805512,4070.3771271854785,40485332190.0
3583.8131132,3583.809224368214,40485332190.0
3537.2830765,3537.279136517742,40485332190.0
15859.394766,15859.39388741563,40485332190.0
5304.0222413,5304.019613615127,40485332190.0
3799.2367518,3799.233083403035,40485332190.0
16048.338139,16048.33727041989,40485332190.0
9458.3132133,9458.311739789617,40485332190.0
6783.6537774,6783.651722882058,40485332190.0
5369.5781495,5369.575553962037,40485332190.0
3111.8270665,3111.822587762224,40485332190.0
6135.9562948,6135.9540235297045,40485332190.0
3334.2150622,3334.2108822129235,40485332190.0
2622.3458564,2622.340541713485,40485332190.0
2160.1783369,2160.171885033428,40485332190.0
2874.6458218,2874.6409735774428,40485332190.0
3407.7746011,3407.7705113163875,40485332190.0
9760.6261347,9760.624706751214,40485332190.0
1114.3792121,1114.366705554711,40485332190.0
1839.6456452,1839.638069240605,40485332190.0
4794.7356776,4794.732770926971,40485332190.0
3919.4885016,3919.484945769506,40485332190.0
7317.0868915,7317.084986732907,40485332190.0
1614.138535,1614.1299006150969,40485332190.0
7024.4990933,7024.497109190053,40485332190.0
1511.7092274,1511.7000080250316,40485332190.0
8758.531108,8758.529516749906,40485332190.0
9663.8356844,9663.834242213055,40485332190.0
3857.1773981,3857.1737848587295,40485332190.0
4799.3920152,4799.389111222225,40485332190.0
2543.0502777,2543.0447972678908,40485332190.0
3980.181342,3980.1778403876997,40485332190.0
3353.0932834,3353.0891268878872,40485332190.0
5453.9370465,5453.934491018928,40485332190.0
4616.1908211,4616.187801881438,40485332190.0
14585.734525,14585.73356904034,40485332190.0
1993.8431606,1993.836170575223,40485332190.0
6495.0248272,6495.022681465316,40485332190.0
1367.5508989,1367.5407075830856,40485332190.0
3833.8459944,3833.842359118858,40485332190.0
3530.6029946,3530.5990470784245,40485332190.0
2173.3126013,2173.3061885674974,40485332190.0
3448.3390998,3448.3350581667482,40485332190.0
12867.405627,12867.404543690329,40485332190.0
1370.3413503,1370.3311798434033,40485332190.0
3387.5165988,3387.5124846185636,40485332190.0
1111.8290475,1111.8165122497792,40485332190.0
3674.2177199,3674.213926782344,40485332190.0
3559.4960499,3559.492134511423,40485332190.0
3367.495018,3367.490879268829,40485332190.0
895.39134499,895.3757796146706,40485332190.0
1968.5364732,1968.5293933896037,40485332190.0
17893.384468,17893.38368848223,40485332190.0
346.30015357,346.2599058494878,40485332190.0
9486.5493332,9486.547864142729,40485332190.0
2646.9167607,2646.9114954081856,40485332190.0
6106.3980641,6106.395781726772,40485332190.0
10839.409361,10839.408075316536,40485332190.0
5850.7083521,5850.705970029423,40485332190.0
4994.2873159,4994.284525250689,40485332190.0
1301.2248244,1301.214113672869,40485332190.0
4691.4399568,4691.436986026132,40485332190.0
29150.359732,29150.359253972554,40485332190.0
2059.9668343,2059.960068682107,40485332190.0
6209.5136935,6209.511449062215,40485332190.0
2346.3889584,2346.3830186553837,40485332190.0
4502.1280891,4502.1249934038415,40485332190.0
6828.4096762,6828.407635204956,40485332190.0
12066.564679,12066.563523930736,40485332190.0
1333.9811434,1333.970695665568,40485332190.0
1450.4155598,1450.4059507989637,40485332190.0
3750.1985356,3750.194819275032,40485332190.0
1350.4836155,1350.4732954104718,40485332190.0
3407.2043116,3407.200221237194,40485332190.0
3159.8999434,3159.8955327366098,40485332190.0
9296.5323889,9296.530889728305,40485332190.0
5665.3082479,5665.305787919006,40485332190.0
9364.0560996,9364.054611299822,40485332190.0
3431.7561099,3431.752048751211,40485332190.0
4958.5252604,4958.522449640777,40485332190.0
4100.9932742,4100.989875722911,40485332190.0
1098.0629466,1098.0502542478403,40485332190.0
7048.3771055,7048.375128152463,40485332190.0
3124.2133537,3124.2088928206385,40485332190.0
1041.0050445,1040.9916564055336,40485332190.0
6653.472331,6653.470236301443,40485332190.0
1021.6451399,1021.6314981330926,40485332190.0
3494.5869642,3494.582976095151,40485332190.0
468.17283362,468.143063789245,40485332190.0
2422.4891732,2422.4834200777973,40485332190.0
2504.6866809,2504.6811165232834,40485332190.0
4470.3063253,4470.303207674161,40485332190.0
10194.408888,10194.407520365858,40485332190.0
5608.8178516,5608.815366804691,40485332190.0
729.23342051,729.2143084405652,40485332190.0
9849.991462,9849.99004707224,40485332190.0
3510.3430691,3510.339098776547,40485332190.0
3541.1741374,3541.1702017089983,40485332190.0
4601.2568757,4601.253846739556,40485332190.0
5885.6765777,5885.674209787592,40485332190.0
5069.4106502,5069.40790094046,40485332190.0
3944.6677856,3944.664252525748,40485332190.0
12494.906329,12494.905213349082,40485332190.0
4959.5311201,4959.528309932659,40485332190.0
1408.3748769,1408.3649811086686,40485332190.0
4619.3132024,4619.310185204661,40485332190.0
1290.4638723,1290.4530722805534,40485332190.0
3660.7388906,3660.7350834637264,40485332190.0
5800.5702009,5800.567798167342,40485332190.0
3134.8926939,3134.8882481423925,40485332190.0
2408.432709,2408.4269222370276,40485332190.0
381.09002221,381.0534490880521,40485332190.0
3027.9150973,3027.9104944409664,40485332190.0
866.12321021,866.1071188346,40485332190.0
903.77618707,903.7607661021042,40485332190.0
2749.7628337,2749.757765309078,40485332190.0
4787.08579,4787.082878655319,40485332190.0
14502.697331,14502.696369609217,40485332190.0
4099.475012,4099.471612358753,40485332190.0
1548.3107661,1548.3017646458381,40485332190.0
6796.0418286,6796.039777869836,40485332190.0
3553.1621528,3553.1582304179988,40485332190.0
7823.5934749,7823.591693493476,40485332190.0
4759.714325,4759.7113969466645,40485332190.0
1898.7609079,1898.7535678604363,40485332190.0
3404.1731124,3404.1690183785763,40485332190.0
6088.2419534,6088.2396642421045,40485332190.0
2671.0577993,2671.052581493417,40485332190.0
1468.4960026,1468.4865118941811,40485332190.0
7542.5412823,7542.53943453333,40485332190.0
8740.0307659,8740.029171273945,40485332190.0
2091.9021562,2091.8954938029224,40485332190.0
4548.4236186,4548.420554525093,40485332190.0
2763.4372439,2763.432200541218,40485332190.0
4374.6039624,4374.60077646589,40485332190.0
14807.316173,14807.315232147,40485332190.0
3250.9567018,3250.9524147102084,40485332190.0
1878.8595622,1878.8521443551888,40485332190.0
3163.0171116,3163.0127053521355,40485332190.0
9608.2639211,9608.26247062401,40485332190.0
2281.3336147,2281.32750551664,40485332190.0
3954.0144481,3954.010923330717,40485332190.0
3392.254486,3392.250377546643,40485332190.0
4371.2304437,4371.227255307945,40485332190.0
3023.7393781,3023.7347689627964,40485332190.0
5991.2069953,5991.204669020528,40485332190.0
3857.1230243,3857.1194109390713,40485332190.0
13250.299251,13250.298199700448,40485332190.0
10077.39723,10077.395847050559,40485332190.0
5868.1709873,5868.168612296817,40485332190.0
2620.8713564,2620.866038753914,40485332190.0
2083.5981807,2083.5914917966606,40485332190.0
1277.3735518,1277.3626410875588,40485332190.0
6618.7099119,6618.707806276545,40485332190.0
4556.9824731,4556.979414686045,40485332190.0
2014.3791881,2014.3722693231891,40485332190.0
7181.3468675,7181.344926771799,40485332190.0
9589.5720753,9589.57062196617,40485332190.0
494.23906358,494.21086390635213,40485332190.0
2040.0997641,2040.0929326108692,40485332190.0
15892.578624,15892.57774687397,40485332190.0
2525.7514238,2525.745905812986,40485332190.0
5206.1260881,5206.123411043646,40485332190.0
3035.1050676,3035.1004756081497,40485332190.0
4557.7219567,4557.718898785594,40485332190.0
1225.4186479,1225.4072745779047,40485332190.0
2014.9033561,2014.8964391270113,40485332190.0
6266.3332432,6266.331019117304,40485332190.0
12340.614901,12340.613771622026,40485332190.0
2908.6235864,2908.618794779729,40485332190.0
5100.7989921,5100.796259734414,40485332190.0
4290.1622555,4290.1590069535,40485332190.0
8452.2621522,8452.260503352354,40485332190.0
12560.557806,12560.556696514313,40485332190.0
2153.5048649,2153.4983931372403,40485332190.0
7285.1554209,7285.1535078235565,40485332190.0
2195.0969163,2195.0905671978976,40485332190.0
8905.1684592,8905.16689410085,40485332190.0
3644.527932,3644.5241079559546,40485332190.0
6751.4150218,6751.41295754691,40485332190.0
1551.8902743,1551.881293604014,40485332190.0
7697.180753,7697.178942345732,40485332190.0
1254.9617367,1254.9506311026985,40485332190.0
8829.4706628,8829.469084357437,40485332190.0
5944.9686155,5944.966271169689,40485332190.0
3175.4482618,3175.4438727975676,40485332190.0
8603.8267272,8603.825107327237,40485332190.0
3837.8617261,3837.858094607392,40485332190.0
3900.9576853,3900.9541126094427,40485332190.0
13143.112844,13143.111784205654,40485332190.0
2931.4737539,2931.4689996868033,40485332190.0
1454.9771308,1454.9675519638906,40485332190.0
3971.978658,3971.975149166509,40485332190.0
3956.011614,3956.0080909573007,40485332190.0
12240.941094,12240.939956072816,40485332190.0
3663.1405421,3663.1367375058335,40485332190.0
3182.081843,3182.0774631485588,40485332190.0
1207.505333,1207.493791004841,40485332190.0
6920.4451415,6920.443127612751,40485332190.0
13007.223391,13007.222319580065,40485332190.0
6185.1819877,6185.179734458555,40485332190.0
2727.266749,2727.2616388018205,40485332190.0
4170.7568022,4170.753460602778,40485332190.0
1485.9648249,1485.955445824122,40485332190.0
4308.147439,4308.144203952534,40485332190.0
3849.6948199,3849.691199575111,40485332190.0
933.68293894,933.6680119348354,40485332190.0
5411.2631182,5411.260542701813,40485332190.0
1499.5882857,1499.578991780558,40485332190.0
6561.9305673,6561.928443339389,40485332190.0
4019.9856122,4019.9821453266295,40485332190.0
3257.7668853,3257.762607233133,40485332190.0
3509.7082548,3509.70428385308,40485332190.0
3426.1283765,3426.124308655626,40485332190.0
5191.6199541,5191.617269575607,40485332190.0
2058.3196745,2058.3129034451904,40485332190.0
2117.7013217,2117.694740525099,40485332190.0
3855.2741623,3855.2705472037046,40485332190.0
1088.7269358,1088.7141344801785,40485332190.0
4358.0995813,4358.096383361367,40485332190.0
2853.3939263,2853.3890419349905,40485332190.0
12467.178581,12467.177463090962,40485332190.0
3705.919592,3705.915831181437,40485332190.0
2654.0163362,2654.011084913685,40485332190.0
9061.3267033,9061.325165268388,40485332190.0
2437.2680124,2437.262294195469,40485332190.0
5038.2299382,5038.227171985526,40485332190.0
2304.8314418,2304.8253948505508,40485332190.0
1673.4747919,1673.4664636830269,40485332190.0
1984.1282918,1984.1212675515894,40485332190.0
5182.6293331,5182.626643869665,40485332190.0
1894.2657674,1894.2584099039111,40485332190.0
746.05389531,746.0352141447331,40485332190.0
5508.8245715,5508.822041585175,40485332190.0
7379.517626,7379.515737422466,40485332190.0
295.04609648,294.9988560644485,40485332190.0
2549.0960024,2549.0905349903974,40485332190.0
5149.0545018,5149.051795034746,40485332190.0
5668.5135685,5668.511109814734,40485332190.0
5462.2950386,5462.292487133885,40485332190.0
1915.9901776,1915.9829036216393,40485332190.0
2947.2336222,2947.228893338058,40485332190.0
3663.2859549,3663.2821504332856,40485332190.0
2742.3817766,2742.37669455612,40485332190.0
1516.4902813,1516.4810910388637,40485332190.0
8617.067403,8617.065785676763,40485332190.0
1726.3714564,1726.363383445569,40485332190.0
2926.245512,2926.240749309913,40485332190.0
4776.5981288,4776.595211066176,40485332190.0
4393.664929,4393.66175702193,40485332190.0
4391.804469,4391.801295582574,40485332190.0
4124.8182929,4124.814914070484,40485332190.0
3562.561508,3562.557595907191,40485332190.0
1260.6545085,1260.643453094028,40485332190.0
8112.5628386,8112.561120697478,40485332190.0
8762.7492357,8762.747645213007,40485332190.0
3414.5870481,3414.58296650733,40485332190.0
1829.0966927,1829.0890730711908,40485332190.0
1339.9462705,1339.9358693415575,40485332190.0
5814.2691347,5814.266737617975,40485332190.0
4466.636084,4466.63296369971,40485332190.0
5698.2828403,5698.280394450233,40485332190.0
3140.6735618,3140.6691243053265,40485332190.0
3718.5726831,3718.568935125733,40485332190.0
1532.3186566,1532.3095612297327,40485332190.0
2398.6592906,2398.653480255897,40485332190.0
11909.091142,11909.089971383994,40485332190.0
3540.1598573,3540.155920433793,40485332190.0
1496.3662384,1496.3569245056196,40485332190.0
6229.4447652,6229.442527942423,40485332190.0
853.28295162,853.2666181021921,40485332190.0
5846.4556023,5846.45321852248,40485332190.0
6585.6721323,6585.670016032742,40485332190.0
3337.6726591,3337.6684834291905,40485332190.0
493.82097846,493.79275491714594,40485332190.0
1988.4359481,1988.4289390510912,40485332190.0
3380.9668996,3380.96277746406,40485332190.0
838.24384753,838.2272209533421,40485332190.0
5732.5411882,5732.538756995487,40485332190.0
2195.258433,2195.25208431975,40485332190.0
2797.1006178,2797.0956350860833,40485332190.0
8830.7816171,8830.78003882751,40485332190.0
4184.7553759,4184.752045391231,40485332190.0
5106.6447747,5106.64204550414,40485332190.0
4133.6758448,4133.6724731912755,40485332190.0
4954.2068433,4954.204030189845,40485332190.0
13755.382017,13755.381003668643,40485332190.0
4096.7957342,4096.792332260961,40485332190.0
4423.2744003,4423.271249447578,40485332190.0
7881.159201,7881.157432629827,40485332190.0
4866.3062619,4866.303397873255,40485332190.0
5360.6423123,5360.63971243962,40485332190.0
3807.1898469,3807.186186266934,40485332190.0
839.18493359,839.1683256664315,40485332190.0
1076.9063804,1076.893438665491,40485332190.0
1228.3170589,1228.305712502317,40485332190.0
2681.6808671,2681.675670035458,40485332190.0
10621.079366,10621.078053124844,40485332190.0
1440.6274278,1440.6177535969637,40485332190.0
6248.119905,6248.117674436893,40485332190.0
4678.8937252,4678.890746564452,40485332190.0
1690.9713806,1690.9631385727373,40485332190.0
6572.761938,6572.759817579698,40485332190.0
6813.4471231,6813.445077603926,40485332190.0
5076.8130064,5076.810261251343,40485332190.0
7883.5462725,7883.54450465829,40485332190.0
6292.1205235,6292.118308454567,40485332190.0
2401.675538,2401.6697349454735,40485332190.0
2818.3623732,2818.357428187806,40485332190.0
3182.70255,3182.6981709562688,40485332190.0
12280.160054,12280.158918862737,40485332190.0
3807.6037382,3807.600077823515,40485332190.0
2136.243249,2136.2367249474833,40485332190.0
601.11551712,601.0923314801963,40485332190.0
3572.4688526,3572.4649513675236,40485332190.0
3679.003755,3678.9999667908555,40485332190.0
7603.776592,7603.774759108443,40485332190.0
4174.542432,4174.539093396603,40485332190.0
2298.3898014,2298.38373761274,40485332190.0
6659.8968332,6659.894740450285,40485332190.0
4403.1109055,4403.107740255406,40485332190.0
3947.9995895,3947.9960593387414,40485332190.0
7960.8006598,7960.798909111194,40485332190.0
2339.0804915,2339.0745331512553,40485332190.0
4440.3439705,4440.340831760804,40485332190.0
2453.5907493,2453.5850690031984,40485332190.0
2383.0251811,2383.019332668709,40485332190.0
3265.0390801,3265.034811463263,40485332190.0
5001.3835739,5001.380787259968,40485332190.0
6228.5156341,6228.5133964752995,40485332190.0
1000.7074946,1000.6935674022794,40485332190.0
3897.184258,3897.1806817449688,40485332190.0
6698.1789653,6698.176884614483,40485332190.0
3464.4926584,3464.4886355265367,40485332190.0
2135.075638,2135.069110374287,40485332190.0
5981.0424609,5981.040130765155,40485332190.0
2525.525834,2525.5203156133566,40485332190.0
3049.9239195,3049.919349941706,40485332190.0
1708.4612162,1708.4530585439156,40485332190.0
5642.9057116,5642.903241805298,40485332190.0
7800.9959258,7800.994139163107,40485332190.0
8984.4195896,8984.418038357428,40485332190.0
4465.8966835,4465.893562757962,40485332190.0
2047.5149747,2047.5081679126467,40485332190.0
8365.335657,8365.333990900835,40485332190.0
1327.8527683,1327.8422724477,40485332190.0
1637.0447805,1637.0362669415783,40485332190.0
12793.786282,12793.785193483971,40485332190.0
209.26200751,209.19539627665318,40485332190.0
4230.9247887,4230.92149458225,40485332190.0
2315.3230267,2315.3170072555076,40485332190.0
2692.4753229,2692.4701466536694,40485332190.0
2512.6728104,2512.66726365029,40485332190.0
788.68325399,788.6655825859934,40485332190.0
2793.2585469,2793.253557354539,40485332190.0
12139.122818,12139.121670245313,40485332190.0
2608.1605111,2608.155167444691,40485332190.0
2211.033073,2211.0267696316873,40485332190.0
1415.1678572,1415.158008882532,40485332190.0
2039.4020208,2039.3951869138236,40485332190.0
4555.2759873,4555.2729278195,40485332190.0
1739.4223914,1739.414378959504,40485332190.0
5679.3134068,5679.310952826359,40485332190.0
6102.0016006,6101.999316665873,40485332190.0
4037.1194471,4037.115994839536,40485332190.0
3616.8536051,3616.849751726988,40485332190.0
7596.1867634,7596.184928753468,40485332190.0
1685.6114197,1685.603151524366,40485332190.0
939.4236167,939.4087809029683,40485332190.0
5925.1664925,5925.164140415431,40485332190.0
1444.0463184,1444.0366669825037,40485332190.0
10102.106938,10102.105557829818,40485332190.0
2143.6296491,2143.6231475605928,40485332190.0
9812.9703582,9812.968937959948,40485332190.0
4050.1734212,4050.169980153977,40485332190.0
11650.213093,11650.211896728626,40485332190.0
5861.8881043,5861.885726823797,40485332190.0
3787.9140784,3787.910399053285,40485332190.0
429.54174639,429.5092989991357,40485332190.0
6612.5927263,6612.590618727211,40485332190.0
2565.6937901,2565.6883580688714,40485332190.0
3392.8623258,3392.858218078267,40485332190.0
11895.03922,11895.038048529457,40485332190.0
4351.426131,4351.422928160756,40485332190.0
3779.4300642,3779.4263766622944,40485332190.0
2789.7802109,2789.775215166803,40485332190.0
3667.3631478,3667.359347527435,40485332190.0
4957.5558821,4957.553070833114,40485332190.0
3138.1379988,3138.133557700831,40485332190.0
1151.3698731,1151.3577683950464,40485332190.0
8295.8378161,8295.836136164102,40485332190.0
2683.6642025,2683.6590091493676,40485332190.0
2189.1009347,2189.0945681778867,40485332190.0
668.0279391,668.0070758995967,40485332190.0
3510.6493587,3510.6453887785165,40485332190.0
14483.268822,14483.267860240698,40485332190.0
11422.774558,11422.773338532994,40485332190.0
10862.92607,10862.924786970663,40485332190.0
3414.6651956,3414.661114096078,40485332190.0
3255.8084096,3255.804128921985,40485332190.0
6128.5660013,6128.563727122876,40485332190.0
3784.7664426,3784.7627601882587,40485332190.0
4232.6232697,4232.61997693796,40485332190.0
2814.3450866,2814.340134416634,40485332190.0
2731.2344287,2731.2293259526614,40485332190.0
6991.7724986,6991.770505323016,40485332190.0
7217.2160677,7217.214136570141,40485332190.0
28413.633577,28413.633086869104,40485332190.0
3277.0466705,3277.0424175327257,40485332190.0
8122.8496591,8122.847943335594,40485332190.0
5010.1911685,5010.18838673863,40485332190.0
4426.9987,4426.9955517407425,40485332190.0
6568.1544038,6568.152281955818,40485332190.0
4218.6433792,4218.640075548258,40485332190.0
1719.8555632,1719.8474596830529,40485332190.0
1315.9671751,1315.956584425846,40485332190.0
12603.267758,12603.266651967482,40485332190.0
3192.1679928,3192.1636268211364,40485332190.0
2062.1532485,2062.1464900228275,40485332190.0
3035.6539624,3035.649371244857,40485332190.0
13043.40768,13043.40661126483,40485332190.0
9850.9843366,9850.982921775041,40485332190.0
6233.9065991,6233.90436342948,40485332190.0
1203.0004518,1202.988866538602,40485332190.0
6437.5178943,6437.515729352465,40485332190.0
1971.4989732,1971.49190397572,40485332190.0
4628.4469929,4628.44398169594,40485332190.0
4487.8127348,4487.809629304595,40485332190.0
4359.4111427,4359.407945679782,40485332190.0
3765.4683833,3765.4646820406992,40485332190.0
5009.5299091,5009.527127038242,40485332190.0
6784.0570994,6784.055045057639,40485332190.0
13854.866151,13854.86514481621,40485332190.0
6929.2545315,6929.252520098571,40485332190.0
2314.4225663,2314.4165445367807,40485332190.0
6912.6301503,6912.628134163553,40485332190.0
11923.981136,11923.979967490315,40485332190.0
9581.1496503,9581.148195695092,40485332190.0
3748.0235968,3748.019878279074,40485332190.0
2616.8082559,2616.8029299694645,40485332190.0
837.15018983,837.1335415382165,40485332190.0
13457.895276,13457.894240100675,40485332190.0
2124.2677722,2124.2612113641935,40485332190.0
1156.8492998,1156.8372523870194,40485332190.0
7888.0891781,7888.0874112433,40485332190.0
3716.4980129,3716.494262849387,40485332190.0
2098.6675669,2098.6609260289238,40485332190.0
9157.2928885,9157.291366480002,40485332190.0
4022.3647141,4022.361249295896,40485332190.0
861.04540679,861.0292205272785,40485332190.0
1820.3907962,1820.3831402025914,40485332190.0
4292.2173749,4292.214127860636,40485332190.0
1863.5540554,1863.546576686847,40485332190.0
8254.97844,8254.976751662622,40485332190.0
6818.0070326,6818.00498849296,40485332190.0
3018.6193269,3018.614709921263,40485332190.0
4068.0705949,4068.0671689890087,40485332190.0
303.96014671,303.9142918998113,40485332190.0
3616.5946426,3616.5907889886757,40485332190.0
2367.8131862,2367.8073001517964,40485332190.0
1574.1222734,1574.113419614779,40485332190.0
3199.43058,3199.4262239219343,40485332190.0
10230.110294,10230.108932045401,40485332190.0
1622.424694,1622.416103720835,40485332190.0
4139.650518,4139.64715126577,40485332190.0
9152.1106401,9152.10911727216,40485332190.0
3055.4001692,3055.395607791314,40485332190.0
10144.827781,10144.826407568617,40485332190.0
722.87060692,722.8513266060708,40485332190.0
8869.7453255,8869.743754138008,40485332190.0
7003.4534927,7003.451502715949,40485332190.0
7253.082387,7253.080465442774,40485332190.0
6162.4375527,6162.435291153247,40485332190.0
10409.497257,10409.495918434961,40485332190.0
3697.3714843,3697.3677148748616,40485332190.0
3135.9580793,3135.953635069508,40485332190.0
511.69388694,511.6666492689654,40485332190.0
5963.2975785,5963.295241348169,40485332190.0
7145.9519117,7145.949961325381,40485332190.0
5374.151299,5374.148705623482,40485332190.0
6544.4188285,6544.416698910002,40485332190.0
1506.2332242,1506.2239713272013,40485332190.0
2689.3334395,2689.328257182101,40485332190.0
4377.4776291,4377.474445316379,40485332190.0
8437.5901395,8437.588487730232,40485332190.0
1152.8747975,1152.8627085387047,40485332190.0
4782.0834028,4782.0804884075005,40485332190.0
14339.168717,14339.167745298111,40485332190.0
10875.124594,10875.123312508877,40485332190.0
5588.7156741,5588.713180341177,40485332190.0
2353.3096383,2353.3037159605774,40485332190.0
2460.156944,2460.151278901446,40485332190.0
893.75585906,893.7402652051227,40485332190.0
1981.3146185,1981.3075843306735,40485332190.0
1855.5496093,1855.542098310206,40485332190.0
1527.9805402,1527.9714189777114,40485332190.0
466.26223672,466.2323448997475,40485332190.0
783.39417651,783.3763858005304,40485332190.0
8485.4915712,8485.489928699473,40485332190.0
3801.1432398,3801.139573256306,40485332190.0
3853.5256243,3853.5220076891974,40485332190.0
3803.6757779,3803.6721138781427,40485332190.0
3223.6171554,3223.6128319945446,40485332190.0
4008.6995045,4008.6960277755184,40485332190.0
889.92671736,889.9110564004682,40485332190.0
9418.2467682,9418.24528845278,40485332190.0
5020.6942517,5020.691475758719,40485332190.0
4022.9181318,4022.914667376455,40485332190.0
1059.6581688,1059.6450164416538,40485332190.0
2597.5088917,2597.5035260873374,40485332190.0
9568.4460339,9568.4445773563,40485332190.0
11912.947549,11912.946379021909,40485332190.0
5129.9055648,5129.902848079852,40485332190.0
5531.5087824,5531.506262862645,40485332190.0
1904.0981824,1904.0908628781735,40485332190.0
4310.3924123,4310.389178966158,40485332190.0
3024.9592163,3024.95460890128,40485332190.0
2038.6880388,2038.681202503163,40485332190.0
3465.4870485,3465.483026855296,40485332190.0
3610.9400098,3610.9361501291382,40485332190.0
632.10437692,632.0823279887259,40485332190.0
7801.8617966,7801.860010245573,40485332190.0
3319.1409109,3319.13671200089,40485332190.0
615.48403044,615.4613860821407,40485332190.0
4390.4996441,4390.49646975261,40485332190.0
926.39649758,926.38145317031,40485332190.0
2107.8496002,2107.8429883026647,40485332190.0
1917.6352427,1917.6279748716145,40485332190.0
2228.8235573,2228.817304216904,40485332190.0
2935.5374927,2935.5327450005852,40485332190.0
5919.5187126,5919.516358134921,40485332190.0
2422.7628393,2422.757086790654,40485332190.0
13226.818062,13226.817008649161,40485332190.0
7202.9608296,7202.958894708253,40485332190.0
2415.8974742,2415.891705349589,40485332190.0
8399.6444858,8399.642826504809,40485332190.0
12647.207561,12647.206459264535,40485332190.0
3629.0811209,3629.0772805407405,40485332190.0
2029.3622991,2029.3554314874837,40485332190.0
24832.158133,24832.15757179783,40485332190.0
4489.5240665,4489.520962200289,40485332190.0
3343.0209554,3343.0167863674474,40485332190.0
1862.7028685,1862.6953863337624,40485332190.0
8159.1649422,8159.163234079426,40485332190.0
3016.9852206,3016.9806010523457,40485332190.0
3038.1139205,3038.109333113179,40485332190.0
6314.26321,6314.261002748279,40485332190.0
2301.6614176,2301.6553624571493,40485332190.0
5084.226631,5084.22388982967,40485332190.0
2061.0792976,2061.0725356036965,40485332190.0
4295.908073,4295.904828678006,40485332190.0
5790.5999187,5790.597511851175,40485332190.0
2244.283892,2244.277682069279,40485332190.0
6765.1317406,6765.129680497833,40485332190.0
3380.4488041,3380.4446812422075,40485332190.0
3519.2588358,3519.2548755360885,40485332190.0
13635.119288,13635.118266480658,40485332190.0
2985.996058,2985.9913905641333,40485332190.0
12129.598133,12129.596984196362,40485332190.0
4950.8596332,4950.856818178074,40485332190.0
1616.962743,1616.9541237668586,40485332190.0
132.68571693,132.58063776867334,40485332190.0
955.63563466,955.6210505559528,40485332190.0
2773.2905971,2773.2855716679787,40485332190.0
3181.4460858,3181.4417050392967,40485332190.0
9688.5001518,9688.498713301638,40485332190.0
2228.462336,2228.456081848787,40485332190.0
1366.4268815,1366.4166819026332,40485332190.0
1719.2146677,1719.2065610578009,40485332190.0
2797.6067312,2797.6017495159754,40485332190.0
3250.5170556,3250.5127679841917,40485332190.0
4269.7937911,4269.7905270037245,40485332190.0
3677.063088,3677.05929776116,40485332190.0
4928.1898871,4928.187059034071,40485332190.0
4861.4141185,4861.411251718522,40485332190.0
1537.6618484,1537.6527846406402,40485332190.0
3236.4492978,3236.444991569444,40485332190.0
695.25349828,695.2334520889481,40485332190.0
8099.2135925,8099.21187162917,40485332190.0
1691.8204436,1691.8122057282492,40485332190.0
3432.9410393,3432.9369794532654,40485332190.0
2647.0584817,2647.053216641862,40485332190.0
2916.1535626,2916.148783440648,40485332190.0
7788.7823405,7788.780551111939,40485332190.0
968.47472151,968.4603307542612,40485332190.0
12878.935605,12878.934523353584,40485332190.0
10812.494801,10812.493512294153,40485332190.0
1824.5892961,1824.5816575946196,40485332190.0
1971.3441072,1971.3370374402655,40485332190.0
2450.2357405,2450.2300525085284,40485332190.0
3464.3538613,3464.3498383206734,40485332190.0
7425.3531683,7425.35129141167,40485332190.0
5828.3813474,5828.378956102666,40485332190.0
885.7805306,885.7647963381286,40485332190.0
14952.311661,14952.31072880161,40485332190.0
4820.1767718,4820.173880335614,40485332190.0
3095.2869837,3095.2824810388856,40485332190.0
9569.4686056,9569.46714913335,40485332190.0
687.11749076,687.0972072018513,40485332190.0
3467.3342745,3467.330255013953,40485332190.0
865.25472089,865.2386133665461,40485332190.0
3507.051198,3507.047223994394,40485332190.0
3022.515271,3022.5106599531946,40485332190.0
3197.0343876,3197.0300282224325,40485332190.0
2841.3007264,2841.2958212627045,40485332190.0
3409.190253,3409.1861649161838,40485332190.0
1273.1463371,1273.1353901952596,40485332190.0
8577.0347324,8577.033107478494,40485332190.0
12350.054608,12350.05347896135,40485332190.0
705.8831995,705.863455183928,40485332190.0
16873.442669,16873.441843466924,40485332190.0
8853.8794942,8853.87792004553,40485332190.0
2194.8054571,2194.799107090809,40485332190.0
2666.7649845,2666.759758286304,40485332190.0
4543.7152204,4543.7121530448485,40485332190.0
2821.1024693,2821.0975290420756,40485332190.0
9247.5442453,9247.542738222724,40485332190.0
2994.5428518,2994.538197645463,40485332190.0
6146.8761658,6146.8738985297305,40485332190.0
1833.3003973,1833.2927951824172,40485332190.0
3614.9911483,3614.98729298489,40485332190.0
6818.0505544,6818.0485102577495,40485332190.0
6078.9999483,6078.9976556546135,40485332190.0
6010.8733247,6010.871006110284,40485332190.0
12162.745691,12162.74454504136,40485332190.0
4764.6152546,4764.612329477924,40485332190.0
12735.577853,12735.576758691075,40485332190.0
4830.8599101,4830.857025032246,40485332190.0
9730.2664155,9730.264983173502,40485332190.0
7503.7777638,7503.775906534248,40485332190.0
3105.5017233,3105.4972354873644,40485332190.0
2366.1694414,2366.1635512715666,40485332190.0
1081.9556058,1081.9427243824723,40485332190.0
5035.2739602,5035.271192330639,40485332190.0
2469.3110876,2469.3054435435392,40485332190.0
1362.099383,1362.08915093714,40485332190.0
6419.4068472,6419.404676170367,40485332190.0
2889.3374295,2889.332605826822,40485332190.0
3977.4485296,3977.4450256194586,40485332190.0
7593.0516321,7593.049796602219,40485332190.0
1752.1675226,1752.1595684634135,40485332190.0
716.7905516,716.7711077395408,40485332190.0
1763.5482642,1763.5403614131824,40485332190.0
4262.7216573,4262.7183878240985,40485332190.0
8839.7884469,8839.786870263439,40485332190.0
11094.573495,11094.57223807034,40485332190.0
3413.3823266,3413.378243590668,40485332190.0
2579.8718167,2579.8664144798495,40485332190.0
3541.7145883,3541.7106531708223,40485332190.0
7138.9835228,7138.98157053464,40485332190.0
3678.5894837,3678.58569500147,40485332190.0
602.61269478,602.5895667338822,40485332190.0
1169.966227,1169.954314653774,40485332190.0
10940.43405,10940.432775740897,40485332190.0
8858.6912895,8858.689716211973,40485332190.0
1771.9979083,1771.9900432322988,40485332190.0
4747.6005406,4747.597605014106,40485332190.0
2527.4238823,2527.418367975001,40485332190.0
1379.9051394,1379.8950393538064,40485332190.0
10723.234128,10723.232828122973,40485332190.0
2231.4484378,2231.4421920118803,40485332190.0
3617.7922729,3617.78842056567,40485332190.0
11194.377783,11194.376538143799,40485332190.0
6228.8806642,6228.878426770111,40485332190.0
2394.3414277,2394.3356068166813,40485332190.0
1957.3415953,1957.3344749456958,40485332190.0
2212.7197608,2212.7134622212043,40485332190.0
5975.9950568,5975.9927246695215,40485332190.0
1173.1334648,1173.1215846541456,40485332190.0
4206.431108,4206.427794725833,40485332190.0
5150.3526202,5150.349914165064,40485332190.0
7183.8614064,7183.859466359418,40485332190.0
6047.8247154,6047.8224108931845,40485332190.0
2238.5064335,2238.500207459352,40485332190.0
20974.716226,20974.715562095516,40485332190.0
2466.8800718,2466.874422193389,40485332190.0
7503.4844838,7503.482626422702,40485332190.0
3317.0452216,3317.041019950648,40485332190.0
2962.8405864,2962.835882498684,40485332190.0
1283.9565601,1283.9457053452481,40485332190.0
637.36230728,637.3404402570201,40485332190.0
905.05248058,905.0370813557258,40485332190.0
3651.953569,3651.9497526920213,40485332190.0
2913.4267697,2913.42198590867,40485332190.0
2487.0416203,2487.036016475253,40485332190.0
6714.4978984,6714.495822673339,40485332190.0
4047.8310354,4047.8275923724714,40485332190.0
1733.5123157,1733.5042758721602,40485332190.0
9769.3461804,9769.344753765921,40485332190.0
3802.9917956,3802.988130832248,40485332190.0
2313.3532528,2313.3472282066346,40485332190.0
2594.1924965,2594.187124057707,40485332190.0
2766.8028903,2766.7978530751243,40485332190.0
3409.4086404,3409.404552517197,40485332190.0
5119.732816,5119.730093846406,40485332190.0
25495.575736,25495.575189153056,40485332190.0
3862.0623519,3862.0587432079133,40485332190.0
8782.7522145,8782.75062762677,40485332190.0
10049.03826,10049.036873769976,40485332190.0
12318.973969,12318.972837224634,40485332190.0
6182.6537909,6182.651536652364,40485332190.0
6545.5716856,6545.569556410562,40485332190.0
1561.0370466,1561.0281185257202,40485332190.0
3490.935009,3490.93101668587,40485332190.0
3265.3333737,3265.329105480823,40485332190.0
3913.5393762,3913.5358149808417,40485332190.0
9360.0118096,9360.010320652194,40485332190.0
10451.005893,10451.004558891556,40485332190.0
2163.5745481,2163.568106489551,40485332190.0
2324.1401865,2324.134189798466,40485332190.0
9817.2491264,9817.247706760203,40485332190.0
3833.2056089,3833.2019730420484,40485332190.0
5173.318156,5173.315462033021,40485332190.0
2774.2688381,2774.263814468444,40485332190.0
887.91475122,887.8990547738125,40485332190.0
1845.9483301,1845.9407800530723,40485332190.0
2784.7900884,2784.785083776074,40485332190.0
2943.7398495,2943.7351150998843,40485332190.0
6476.5664737,6476.564321742248,40485332190.0
6280.9199613,6280.917742391581,40485332190.0
2096.6659145,2096.659267318821,40485332190.0
5418.5119945,5418.509422434906,40485332190.0
5213.9393951,5213.936722075783,40485332190.0
5556.3414527,5556.338944384069,40485332190.0
1579.1495471,1579.1407214789554,40485332190.0
1961.2594007,1961.2522945549053,40485332190.0
5985.6845761,5985.682247683008,40485332190.0
2192.0368774,2192.0305193477634,40485332190.0
6179.1467278,6179.144472277801,40485332190.0
5651.1671729,5651.1647066771775,40485332190.0
9135.5959745,9135.594448873993,40485332190.0
1802.9160081,1802.9082778792479,40485332190.0
915.28347188,915.2682447932578,40485332190.0
2278.6828061,2278.6766898963706,40485332190.0
5705.1423309,5705.139888082569,40485332190.0
1759.1589135,1759.150991009416,40485332190.0
6589.9196934,6589.917578476782,40485332190.0
8560.6193669,8560.617738859446,40485332190.0
6971.1166897,6971.114690509437,40485332190.0
4368.7490489,4368.745858751381,40485332190.0
5793.0062965,5793.003890704599,40485332190.0
3246.6628402,3246.6585475132397,40485332190.0
8557.9144679,8557.912839424445,40485332190.0
3330.263952,3330.2597670770515,40485332190.0
2997.1273932,2997.122743075426,40485332190.0
8774.9928907,8774.991302445102,40485332190.0
16830.923927,16830.923099515647,40485332190.0
3981.3565946,3981.3530939834227,40485332190.0
3140.0552291,3140.050790681909,40485332190.0
4468.1734278,4468.170308611905,40485332190.0
3389.7195726,3389.715461056318,40485332190.0
3576.1030483,3576.099150986105,40485332190.0
4592.3493479,4592.346313118466,40485332190.0
10064.577037,10064.575652270576,40485332190.0
3520.8498014,3520.8458429611037,40485332190.0
9336.2760942,9336.274601408828,40485332190.0
1789.1910235,1789.1832339036628,40485332190.0
1109.4748583,1109.462296446402,40485332190.0
1635.0352226,1635.026698616908,40485332190.0
4091.2291312,4091.2257246058766,40485332190.0
4446.1729441,4446.169809516598,40485332190.0
837.80811765,837.7914824257609,40485332190.0
12744.651954,12744.650860186313,40485332190.0
2255.2036568,2255.1974768452937,40485332190.0
1688.3163403,1688.308085283747,40485332190.0
6302.9190548,6302.9168435992915,40485332190.0
4916.110561,4916.10772601454,40485332190.0
6815.0679049,6815.065859843376,40485332190.0
1936.0965548,1936.0893562773635,40485332190.0
3912.8295949,3912.8260329950167,40485332190.0
6887.3213274,6887.319303744284,40485332190.0
4860.8987402,4860.8958730645545,40485332190.0
3222.3804071,3222.3760819738527,40485332190.0
7371.9529364,7371.951045862535,40485332190.0
6825.0481978,6825.046155733514,40485332190.0
533.82923848,533.8031302776654,40485332190.0
1397.8692266,1397.859256433133,40485332190.0
3396.8716119,3396.867508988398,40485332190.0
15785.14667,15785.145787566506,40485332190.0
5862.9902769,5862.9878998392705,40485332190.0
6655.1285662,6655.1264720346435,40485332190.0
1717.6781734,1717.670059519268,40485332190.0
3426.3321289,3426.3280613389734,40485332190.0
5214.7542496,5214.751577001196,40485332190.0
6892.6093868,6892.607364792864,40485332190.0
1024.916509,1024.9029107693223,40485332190.0
854.1054072,854.0890894065947,40485332190.0
2719.612474,2719.607349381165,40485332190.0
1630.3252527,1630.316704023358,40485332190.0
2702.1478087,2702.1426509796893,40485332190.0
2468.2412265,2468.23557994179,40485332190.0
3055.2731288,3055.2685671750105,40485332190.0
3472.4660231,3472.462009489638,40485332190.0
675.96837444,675.947756328912,40485332190.0
6945.3833753,6945.3813686226395,40485332190.0
3611.9026248,3611.89876618739,40485332190.0
4581.7724822,4581.769440395601,40485332190.0
8115.9743321,8115.972614862305,40485332190.0
6176.5974924,6176.595235958823,40485332190.0
6765.6874971,6765.685437164552,40485332190.0
5154.0242013,5154.02149719663,40485332190.0
16973.474285,16973.473464259292,40485332190.0
1813.8998047,1813.8921211762197,40485332190.0
2376.7729353,2376.767071482972,40485332190.0
4166.4564285,4166.453083403872,40485332190.0
1726.8318524,1726.8237815549078,40485332190.0
11422.978812,11422.977591621144,40485332190.0
2726.1583845,2726.1532721142294,40485332190.0
8842.7490761,8842.747500059564,40485332190.0
1145.2146248,1145.2024550316473,40485332190.0
1948.1997423,1948.1925885257795,40485332190.0
2326.3195964,2326.313605399102,40485332190.0
3945.5216371,3945.518104689869,40485332190.0
4611.6717919,4611.668769886044,40485332190.0
1088.3074494,1088.2946432871706,40485332190.0
2404.1099716,2404.104174418463,40485332190.0
12696.812044,12696.810945708094,40485332190.0
1437.8361308,1437.8264376790837,40485332190.0
8702.0945531,8702.09295147218,40485332190.0
1803.3324261,1803.3246976374087,40485332190.0
6377.3046702,6377.302484794728,40485332190.0
1574.0033356,1573.994481103711,40485332190.0
3456.2543626,3456.250330181617,40485332190.0
4530.4645646,4530.461488327092,40485332190.0
504.87361204,504.8460063948368,40485332190.0
1944.788617,1944.7814506600114,40485332190.0
2645.9743848,2645.969117493531,40485332190.0
2561.4705668,2561.4651257829523,40485332190.0
1246.3454536,1246.334271250726,40485332190.0
14520.195024,14520.194064474896,40485332190.0
3869.3893296,3869.3857277095744,40485332190.0
2384.7296855,2384.7238412956794,40485332190.0
14094.949888,14094.94889920186,40485332190.0
1276.0578383,1276.0469163692571,40485332190.0
3170.3644229,3170.3600268134205,40485332190.0
2179.7975989,2179.7912051108465,40485332190.0
7636.8985661,7636.8967410747755,40485332190.0
8087.1409061,8087.139182788155,40485332190.0
3059.4959968,3059.4914415089033,40485332190.0
9464.4586203,9464.45714777301,40485332190.0
4332.9632343,4332.960017780228,40485332190.0
6551.5493526,6551.547225310951,40485332190.0
21743.952523,21743.951882063808,40485332190.0
1231.373172,1231.3618537508812,40485332190.0
14984.78448,14984.78354997067,40485332190.0
2502.3423906,2502.3368210403682,40485332190.0
2233.2172394,2233.2109986879327,40485332190.0
7873.839171,7873.837400999451,40485332190.0
1320.0590902,1320.048532289194,40485332190.0
2480.9251233,2480.9195056913904,40485332190.0
2557.3183973,2557.312947392257,40485332190.0
12970.592531,12970.591456731767,40485332190.0
3811.1541449,3811.150487927745,40485332190.0
6956.098682,6956.096678467849,40485332190.0
3353.4335919,3353.429435935057,40485332190.0
1953.4312594,1953.424124807055,40485332190.0
3789.1100858,3789.106407672538,40485332190.0
10607.776406,10607.775092411428,40485332190.0
2131.4123791,2131.4058403105937,40485332190.0
4796.5562746,4796.553369003271,40485332190.0
1461.8601905,1461.8506567405263,40485332190.0
1087.6811253,1087.6683117291116,40485332190.0
1277.83437,1277.823463277367,40485332190.0
4113.9632209,4113.959833199742,40485332190.0
14988.83931,14988.838379481782,40485332190.0
2593.7536481,2593.7482748605003,40485332190.0
7334.5071984,7334.505298153288,40485332190.0
3011.4470366,3011.4424086004547,40485332190.0
7163.5002352,7163.498289653459,40485332190.0
3637.2425053,3637.2386736228923,40485332190.0
2571.7535684,2571.7481491470044,40485332190.0
11994.540158,11994.5389955494,40485332190.0
4324.0690377,4324.065814601621,40485332190.0
2046.213138,2046.2063269398673,40485332190.0
1647.9489734,1647.9405162376886,40485332190.0
5051.9881184,5051.98535971074,40485332190.0
4594.54949,4594.5464565979,40485332190.0
10027.659111,10027.65772131128,40485332190.0
1607.9836473,1607.97497986069,40485332190.0
5875.6837314,5875.681359397903,40485332190.0
1843.1919751,1843.1844138003066,40485332190.0
2942.3977026,2942.3929659740543,40485332190.0
8749.9846406,8749.983047775844,40485332190.0
5967.5580245,5967.5556890773805,40485332190.0
11914.56085,11914.559680102071,40485332190.0
1236.721294,1236.710024706431,40485332190.0
2317.6451417,2317.6391282982713,40485332190.0
3785.9971983,3785.993517026009,40485332190.0
2771.6187102,2771.6136817841602,40485332190.0
2647.0605579,2647.055292773546,40485332190.0
1989.9779411,1989.9709375011053,40485332190.0
3855.3849741,3855.3813591987337,40485332190.0
4962.5768779,4962.574069407652,40485332190.0
751.83720147,751.818664007041,40485332190.0
6950.7412077,6950.739202624776,40485332190.0
3776.3553224,3776.3516317884937,40485332190.0
8879.6874609,8879.685891386218,40485332190.0
8376.8831038,8376.881440017014,40485332190.0
651.4203323,651.3989371859507,40485332190.0
2729.3572701,2729.3521637837853,40485332190.0
3040.283911,3040.27932693079,40485332190.0
6061.3655314,6061.363232173918,40485332190.0
2791.0876592,2791.0826657626308,40485332190.0
4312.3977125,4312.39448066763,40485332190.0
6153.857456,6153.8551911868535,40485332190.0
7573.5424214,7573.540581195727,40485332190.0
4529.7492821,4529.746205300503,40485332190.0
4642.9070977,4642.904095857239,40485332190.0
2587.3874501,2587.3820635723446,40485332190.0
5865.877479,5865.875103076012,40485332190.0
3208.9016097,3208.8972664814196,40485332190.0
3762.7966941,3762.7929902107226,40485332190.0
1981.8436272,1981.836594803813,40485332190.0
1999.8133489,1999.8063798032927,40485332190.0
4726.465931,4726.4629823311825,40485332190.0
8667.187387,8667.185778995361,40485332190.0
3800.8578492,3800.854182371491,40485332190.0
3870.8662077,3870.8626072085367,40485332190.0
10468.084901,10468.083569651353,40485332190.0
9948.6204263,9948.619025359187,40485332190.0
2057.0542948,2057.047519598062,40485332190.0
1877.8622861,1877.8548643615004,40485332190.0
2682.6878066,2682.6826114287396,40485332190.0
12039.295244,12039.29408723905,40485332190.0
2981.2414538,2981.236778951178,40485332190.0
1887.9886629,1887.9812809403295,40485332190.0
8745.5366704,8745.535076749171,40485332190.0
3450.4561711,3450.452131919576,40485332190.0
3209.2926846,3209.2883418841275,40485332190.0
2586.6670376,2586.6616496285037,40485332190.0
1255.8855864,1255.8744890154353,40485332190.0
2962.3804112,2962.375706468024,40485332190.0
6904.8199752,6904.817956806271,40485332190.0
1250.4554218,1250.4442762208123,40485332190.0
19414.167335,19414.16661739428,40485332190.0
6648.3804267,6648.37833038233,40485332190.0
8947.3643788,8947.362821131395,40485332190.0
7722.8493187,7722.847514052929,40485332190.0
8713.6512485,8713.64964902342,40485332190.0
362.89466648,362.85625941603047,40485332190.0
4730.8456094,4730.84266339743,40485332190.0
3086.3564067,3086.3518909504182,40485332190.0
12119.49911,12119.49795977562,40485332190.0
9687.0011897,9686.999750884284,40485332190.0
1115.6841235,1115.6716316378254,40485332190.0
5342.6307902,5342.628181531334,40485332190.0
1219.6076697,1219.5962422825116,40485332190.0
1818.6014664,1818.593802843729,40485332190.0
424.71138873,424.67857227039093,40485332190.0
2819.7809829,2819.7760402237755,40485332190.0
6283.0636461,6283.0614279167075,40485332190.0
1076.2704347,1076.2574852138237,40485332190.0
2744.715533,2744.7104552503874,40485332190.0
5778.9595009,5778.957089213889,40485332190.0
3475.7548586,3475.7508488161743,40485332190.0
12036.330572,12036.32941419748,40485332190.0
7354.582134,7354.580239028535,40485332190.0
1912.5708241,1912.563536978573,40485332190.0
8497.0965578,8497.094917540075,40485332190.0
4487.7386694,4487.7355637988,40485332190.0
3694.8785309,3694.874758925773,40485332190.0
4927.8635323,4927.860704125992,40485332190.0
1666.7554109,1666.747049102145,40485332190.0
4400.5393258,4400.536158605482,40485332190.0
4764.9411679,4764.938243019136,40485332190.0
4248.9591839,4248.955903767235,40485332190.0
1403.0969483,1403.0870151588608,40485332190.0
3010.865516,3010.860887172378,40485332190.0
5193.3979601,5193.395276518531,40485332190.0
2255.2664973,2255.260317598171,40485332190.0
7421.1476437,7421.14576568647,40485332190.0
3436.2882802,3436.284224338429,40485332190.0
3756.2754145,3756.2717041311817,40485332190.0
2993.2911851,2993.286529083478,40485332190.0
1240.3845016,1240.3732655534614,40485332190.0
989.2423021,989.2282134557336,40485332190.0
10812.991802,10812.990513202967,40485332190.0
312.27894352,312.23431042001494,40485332190.0
3509.4545314,3509.450560166237,40485332190.0
5265.0754521,5265.072805049795,40485332190.0
1076.951827,1076.938885740198,40485332190.0
3069.8116896,3069.8071495526624,40485332190.0
1517.2859713,1517.2767858183543,40485332190.0
4910.362894,4910.360055727965,40485332190.0
5909.0784986,5909.076140030955,40485332190.0
2524.6025404,2524.5970198896575,40485332190.0
565.07273571,565.0480711201363,40485332190.0
1139.6684075,1139.6561784607352,40485332190.0
15289.305556,15289.304644319382,40485332190.0
3775.5231259,3775.519434507156,40485332190.0
7428.1586043,7428.156728033537,40485332190.0
4626.6693345,4626.666322192884,40485332190.0
2098.1918986,2098.185256203301,40485332190.0
1223.8335568,1223.8221688099568,40485332190.0
4892.8714745,4892.868626032006,40485332190.0
1049.5531078,1049.5398286923764,40485332190.0
5035.7298782,5035.7271105187965,40485332190.0
11158.057104,11158.055854347784,40485332190.0
1272.0253221,1272.014365527674,40485332190.0
1059.7267439,1059.7135923672968,40485332190.0
2197.6720504,2197.665708690265,40485332190.0
7195.4586026,7195.456665638143,40485332190.0
236.63119975,236.57229493483672,40485332190.0
3126.5234276,3126.518969909653,40485332190.0
3340.3029402,3340.2987678455906,40485332190.0
1390.3187494,1390.308725024765,40485332190.0
2000.7143049,2000.7073388926478,40485332190.0
1546.722017,1546.713006282004,40485332190.0
1217.2264302,1217.2149803943632,40485332190.0
2824.6385584,2824.633624315869,40485332190.0
2925.2599931,2925.25522876285,40485332190.0
2110.6489411,2110.6423378687605,40485332190.0
3489.516892,3489.512898115282,40485332190.0
2581.6371536,2581.6317551312263,40485332190.0
5314.1212002,5314.118577634856,40485332190.0
3014.2142973,3014.2096735542655,40485332190.0
6360.6708128,6360.668621609652,40485332190.0
3054.1576774,3054.153114097067,40485332190.0
2086.4400171,2086.4333372486717,40485332190.0
2784.0810536,2784.0760475609395,40485332190.0
4739.3329529,4739.330012130628,40485332190.0
3435.8077228,3435.8036664199276,40485332190.0
4139.9977837,4139.994417275368,40485332190.0
6474.9341517,6474.931999296783,40485332190.0
2637.6951044,2637.689820622449,40485332190.0
4404.3811168,4404.377952458234,40485332190.0
1847.4795208,1847.4719770096328,40485332190.0
2164.179581,2164.1731410822213,40485332190.0
2955.9575832,2955.9528683199514,40485332190.0
2653.0130259,2653.0077726487602,40485332190.0
1129.9994549,1129.9871212464898,40485332190.0
6303.4218199,6303.4196088874505,40485332190.0
4831.7798875,4831.777003024388,40485332190.0
1696.5347885,1696.5265735748428,40485332190.0
4027.205635,4027.2021742448333,40485332190.0
11304.701255,11304.700021211289,40485332190.0
7471.5922429,7471.590377491181,40485332190.0
1083.4078543,1083.3949902389904,40485332190.0
7241.1797541,7241.1778294106125,40485332190.0
5613.7406438,5613.738161162041,40485332190.0
4346.4912443,4346.488037781221,40485332190.0
3148.2180047,3148.213577748458,40485332190.0
2611.3430869,2611.337749795075,40485332190.0
2888.4513912,2888.446566057153,40485332190.0
8964.8155287,8964.813974078144,40485332190.0
2875.8233332,2875.818486948281,40485332190.0
2705.1366263,2705.1314742300033,40485332190.0
3037.9095846,3037.90499696294,40485332190.0
5144.6218466,5144.619137573839,40485332190.0
4647.0823976,4647.079398550144,40485332190.0
1681.8233144,1681.8150274725851,40485332190.0
2214.5111253,2214.504831866969,40485332190.0
2484.6978723,2484.692263172371,40485332190.0
4661.4778807,4661.474890839333,40485332190.0
3880.5970221,3880.5934306008808,40485332190.0
2818.3425993,2818.337654255168,40485332190.0
4546.9920807,4546.989015620625,40485332190.0
3538.7750096,3538.7710712746607,40485332190.0
4118.8939565,4118.890572769101,40485332190.0
1402.7699578,1402.7600224052903,40485332190.0
7028.9394806,7028.937497758378,40485332190.0
4538.4235915,4538.420520608473,40485332190.0
2427.7761045,2427.7703638591524,40485332190.0
7561.2154651,7561.213621944658,40485332190.0
9623.7448848,9623.743436659728,40485332190.0
1802.2191497,1802.2114164730265,40485332190.0
4202.0438803,4202.0405636569085,40485332190.0
8952.8507282,8952.849171542852,40485332190.0
1832.9862035,1832.978600032418,40485332190.0
4075.8681096,4075.8646901428624,40485332190.0
1685.8987467,1685.8904799061024,40485332190.0
10940.861249,10940.859975671203,40485332190.0
3562.5767554,3562.572843284151,40485332190.0
4075.0435866,4075.0401665279514,40485332190.0
1254.196228,1254.1851156686607,40485332190.0
3921.2699138,3921.2663596185503,40485332190.0
2547.5249594,2547.519488603156,40485332190.0
5252.3966158,5252.3939624337845,40485332190.0
17015.166335,17015.165515517438,40485332190.0
2702.3508717,2702.345714362976,40485332190.0
2378.4989368,2378.493077220634,40485332190.0
2825.2404232,2825.2354901382255,40485332190.0
8822.2783143,8822.276734561381,40485332190.0
2451.0937663,2451.0880803077,40485332190.0
6728.8246296,6728.822558415828,40485332190.0
4652.8443572,4652.841361788014,40485332190.0
5199.0079214,5199.005240647136,40485332190.0
4135.8195227,4135.816152822598,40485332190.0
2797.6660311,2797.661049469504,40485332190.0
1932.7856487,1932.7784378782753,40485332190.0
5807.2029947,5807.200594818492,40485332190.0
3475.9064042,3475.9023945906197,40485332190.0
6989.777203,6989.775209022007,40485332190.0
1886.4282083,1886.4208202535885,40485332190.0
2353.3152117,2353.309289360926,40485332190.0
1984.0774365,1984.0704120803143,40485332190.0
2702.3349508,2702.3297933419876,40485332190.0
2954.754632,2954.7499151415736,40485332190.0
2372.6428186,2372.636944545275,40485332190.0
4057.0395355,4057.03610019638,40485332190.0
24673.086819,24673.08625387808,40485332190.0
3414.9773833,3414.9733021345296,40485332190.0
1098.5357949,1098.5231078926668,40485332190.0
7281.7766021,7281.774688167201,40485332190.0
12491.638504,12491.637388754749,40485332190.0
12169.306806,12169.305661553746,40485332190.0
14536.28434,14536.283381102634,40485332190.0
2520.9807647,2520.9752362812133,40485332190.0
5692.8994802,5692.897032015304,40485332190.0
6244.7817293,6244.779497497163,40485332190.0
14863.625246,14863.624308590484,40485332190.0
2473.9577387,2473.952105274829,40485332190.0
2238.346984,2238.340757503131,40485332190.0
6320.0050554,6320.002850131628,40485332190.0
4300.7545668,4300.751326208612,40485332190.0
2529.6764179,2529.6709085074917,40485332190.0
2603.8077659,2603.802413380581,40485332190.0
4424.0552114,4424.052061110996,40485332190.0
2207.5883638,2207.5820506297573,40485332190.0
6002.4734433,6002.471121460041,40485332190.0
2291.7493793,2291.743297841255,40485332190.0
3292.4925962,3292.4883632479928,40485332190.0
9482.213976,9482.21250622679,40485332190.0
5668.2434219,5668.240963062161,40485332190.0
3198.298812,3198.2944543426406,40485332190.0
3082.1486013,3082.1440794815207,40485332190.0
2087.4656606,2087.4589840777667,40485332190.0
4248.83104,4248.827759789486,40485332190.0
2456.1991599,2456.1934856401685,40485332190.0
10385.904386,10385.903044871682,40485332190.0
926.00420425,925.9891534615206,40485332190.0
2805.8266481,2805.82168093985,40485332190.0
4889.0944768,4889.09162622489,40485332190.0
3617.2937211,3617.2898682413306,40485332190.0
4054.9701901,4054.9667531312093,40485332190.0
5739.8850097,5739.882581641824,40485332190.0
4284.1849576,4284.181704479576,40485332190.0
1042.6298343,1042.6164670305523,40485332190.0
2870.169857,2870.1650012047744,40485332190.0
8937.6644164,8937.662857093657,40485332190.0
2793.5454418,2793.540452756886,40485332190.0
1223.9351612,1223.9237740781314,40485332190.0
814.57753095,814.5604213117452,40485332190.0
18528.69758,18528.69682760634,40485332190.0
5958.2871138,5958.284774704137,40485332190.0
5587.8978216,5587.895327500619,40485332190.0
3856.652366,3856.648752249651,40485332190.0
3852.4071305,3852.4035127671045,40485332190.0
2498.851919,2498.8463416345585,40485332190.0
582.8639525,582.8400408002458,40485332190.0
3257.9456463,3257.941368459228,40485332190.0
10507.123441,10507.12211430218,40485332190.0
954.46636653,954.4517645593257,40485332190.0
7207.949961,7207.948027371567,40485332190.0
2789.1982164,2789.1932196380626,40485332190.0
3209.4154218,3209.4110792504953,40485332190.0
4784.8710835,4784.868170855674,40485332190.0
1460.4109476,1460.4014043891946,40485332190.0
6649.1305335,6649.12843746093,40485332190.0
3487.0170172,3487.0130203513813,40485332190.0
6657.5886829,6657.586589480462,40485332190.0
6677.72179,6677.719702916787,40485332190.0
1657.2520668,1657.2436570583898,40485332190.0
11695.078442,11695.07724985671,40485332190.0
1603.1171289,1603.1084351718587,40485332190.0
4526.1507979,4526.147718704712,40485332190.0
1714.368256,1714.3601264600431,40485332190.0
6425.3660018,6425.363832822795,40485332190.0
2361.8029315,2361.7970304232244,40485332190.0
3329.9780595,3329.9738742598715,40485332190.0
1821.1686335,1821.1609807563204,40485332190.0
11847.356467,11847.3552900082,40485332190.0
5968.5187791,5968.516444016202,40485332190.0
3715.7100915,3715.706340680747,40485332190.0
6117.8202859,6117.818007786059,40485332190.0
5205.7560559,5205.753378710956,40485332190.0
414.55308887,414.5194682148891,40485332190.0
2565.3711069,2565.3656741593645,40485332190.0
737.95332503,737.9344387927491,40485332190.0
5791.8775417,5791.875135420664,40485332190.0
9209.1504017,9209.148888255302,40485332190.0
1762.1056013,1762.0976920548064,40485332190.0
3151.4775825,3151.4731601228677,40485332190.0
1272.7147866,1272.7038359422443,40485332190.0
2138.1440008,2138.1374824653594,40485332190.0
3176.2470342,3176.2426463728843,40485332190.0
3619.1780949,3619.17424403571,40485332190.0
2569.0054526,2569.000027512839,40485332190.0
2367.8931149,2367.8872290015024,40485332190.0
2938.7990384,2938.794295989304,40485332190.0
2256.1200242,2256.113846776334,40485332190.0
17072.109548,17072.10873154663,40485332190.0
4817.227202,4817.224308824498,40485332190.0
18226.212033,18226.211268384035,40485332190.0
3335.2086342,3335.2044554989243,40485332190.0
4856.0874901,4856.084620081747,40485332190.0
6354.0191734,6354.016979973806,40485332190.0
2357.4185909,2357.4126788947005,40485332190.0
4409.0624777,4409.059316739719,40485332190.0
943.38667098,943.371897521502,40485332190.0
4343.5412257,4343.538017060299,40485332190.0
8830.5298801,8830.528301892113,40485332190.0
6482.0945447,6482.092394566745,40485332190.0
6090.7729219,6090.770633653234,40485332190.0
1052.1861685,1052.172922596304,40485332190.0
4960.7854456,4960.78263612035,40485332190.0
10502.211727,10502.210399923251,40485332190.0
2128.7574671,2128.750920061806,40485332190.0
1690.588272,1690.5800281190373,40485332190.0
7015.9782137,7015.976227201869,40485332190.0
3526.8675679,3526.8636162023795,40485332190.0
8142.8394275,8142.837715958972,40485332190.0
13360.952215,13360.9511717891,40485332190.0
9124.6787576,9124.677230246894,40485332190.0
1501.4286604,1501.4193778646857,40485332190.0
15988.94456,15988.943688176214,40485332190.0
3126.1986983,3126.194240097889,40485332190.0
5969.3003388,5969.298004031422,40485332190.0
7696.4343223,7696.432511541662,40485332190.0
2867.396677,2867.3918164953484,40485332190.0
2935.8827954,2935.878048373027,40485332190.0
1752.9649997,1752.9570491743452,40485332190.0
1154.4363954,1154.4243227982781,40485332190.0
2996.2383388,2996.2336872461556,40485332190.0
6402.9218125,6402.919635821588,40485332190.0
8147.7731428,8147.771432286787,40485332190.0
2164.3227934,2164.316353960023,40485332190.0
8566.6948543,8566.693227435178,40485332190.0
2695.8773185,2695.8721488171136,40485332190.0
9236.2409843,9236.239475358057,40485332190.0
9981.2168511,9981.215454787016,40485332190.0
11210.292447,11210.291203731269,40485332190.0
6044.4565094,6044.454203660264,40485332190.0
3210.5503674,3210.546026411368,40485332190.0
2965.0149931,2965.0102926603577,40485332190.0
4154.832641,4154.829286640955,40485332190.0
1053.5026681,1053.489438852736,40485332190.0
3781.2317086,3781.228022769881,40485332190.0
3079.6772343,3079.6727088132893,40485332190.0
4867.8626997,4867.859836704525,40485332190.0
4362.3091427,4362.305947867118,40485332190.0
16960.988094,16960.987272415663,40485332190.0
8445.6459141,8445.64426393956,40485332190.0
1703.5326238,1703.5244425177334,40485332190.0
3538.5666861,3538.562747538236,40485332190.0
3734.2517745,3734.2480422394215,40485332190.0
2818.829023,2818.8240786659403,40485332190.0
8368.0475139,8368.04584846247,40485332190.0
3315.6886577,3315.6844543542934,40485332190.0
1904.8323375,1904.8250209266344,40485332190.0
2888.365211,2888.3603857934686,40485332190.0
15147.024722,15147.023802192776,40485332190.0
4527.3435907,4527.340512228177,40485332190.0
3377.5206485,3377.5165220534022,40485332190.0
14509.986405,14509.985444302727,40485332190.0
1530.154175,1530.145066710802,40485332190.0
4529.6944226,4529.691345845827,40485332190.0
16354.540559,16354.539706905423,40485332190.0
5905.9945093,5905.9921495237995,40485332190.0
11005.683069,11005.681802564093,40485332190.0
11988.553774,11988.552611526522,40485332190.0
867.07341595,867.0573422168557,40485332190.0
3208.4326689,3208.4283250286244,40485332190.0
6870.3274016,6870.325373100704,40485332190.0
2216.8952719,2216.888985220742,40485332190.0
3906.2912236,3906.287655764021,40485332190.0
12190.247884,12190.24674036499,40485332190.0
1738.3678162,1738.3597989676698,40485332190.0
7619.7524846,7619.7506554897545,40485332190.0
2004.5186937,2004.5117409797392,40485332190.0
2354.490821,2354.484901656514,40485332190.0
891.10610929,891.0904690507523,40485332190.0
1410.0023582,1409.9924738000198,40485332190.0
5089.9930963,5089.990358245069,40485332190.0
4335.9385892,4335.935374964834,40485332190.0
3245.8829182,3245.878624379111,40485332190.0
3198.9813623,3198.977005598185,40485332190.0
11340.995679,11340.99445100428,40485332190.0
7736.1292572,7736.127455739671,40485332190.0
5062.7274543,5062.72470143848,40485332190.0
4926.3410331,4926.338204055411,40485332190.0
3067.6844072,3067.679864126759,40485332190.0
2798.1991986,2798.1942178567137,40485332190.0
2892.8364194,2892.831601630883,40485332190.0
14071.911708,14071.910717887158,40485332190.0
3385.1441247,3385.1400075982638,40485332190.0
2032.6158426,2032.6089859186677,40485332190.0
1046.2708176,1046.2574969735938,40485332190.0
7678.3391181,7678.337303058653,40485332190.0
7719.6725085,7719.670703082793,40485332190.0
3752.4655088,3752.4617947579154,40485332190.0
10534.848781,10534.847458373128,40485332190.0
9162.7814301,9162.77990899963,40485332190.0
3088.8146,3088.810087872119,40485332190.0
669.84977422,669.8289677656262,40485332190.0
9226.3703144,9226.36880382038,40485332190.0
3722.5947682,3722.5910242215427,40485332190.0
16968.801336,16968.800514716575,40485332190.0
470.59367001,470.56405333190827,40485332190.0
3697.2454588,3697.241689303431,40485332190.0
1954.9003146,1954.8931853662248,40485332190.0
1235.095575,1235.0842907459703,40485332190.0
5698.3935442,5698.3910984643535,40485332190.0
7884.8254411,7884.823673527487,40485332190.0
2082.269888,2082.2631948779194,40485332190.0
3391.9161723,3391.91206337563,40485332190.0
5122.2226939,5122.2199729899685,40485332190.0
13696.580007,13696.578989345082,40485332190.0
2103.7396465,2103.7330215671586,40485332190.0
1796.1060008,1796.0982412414162,40485332190.0
6011.8484948,6011.8461765671,40485332190.0
5449.7900273,5449.787469979037,40485332190.0
395.19782487,395.16255746629895,40485332190.0
1002.7015034,1002.6876038902258,40485332190.0
2950.9465525,2950.941829546895,40485332190.0
5736.9725981,5736.970168728097,40485332190.0
2480.8323866,2480.826768725013,40485332190.0
9194.2513519,9194.249836128976,40485332190.0
7796.702106,7796.700318546569,40485332190.0
1973.869779,1973.8627183122644,40485332190.0
5093.1999245,5093.197188148524,40485332190.0
721.49892121,721.4796042497147,40485332190.0
2193.0672008,2193.06084569987,40485332190.0
5428.3825872,5428.3800197713,40485332190.0
4510.4328363,4510.42974639691,40485332190.0
3739.5904148,3739.5866878569386,40485332190.0
1468.5992397,1468.589749674748,40485332190.0
3091.3773866,3091.372878326762,40485332190.0
8961.3042573,8961.302702126477,40485332190.0
15355.284704,15355.28379630879,40485332190.0
1366.7338444,1366.723647071606,40485332190.0
10193.845783,10193.844415320087,40485332190.0
8888.5962632,8888.594695298649,40485332190.0
1470.3746115,1470.3651329065333,40485332190.0
950.02011038,950.00544006807,40485332190.0
6736.835597,6736.833528219542,40485332190.0
9600.1831087,9600.181656957451,40485332190.0
4792.0876329,4792.084724582024,40485332190.0
13028.562621,13028.561551498222,40485332190.0
4712.0225596,4712.019601867459,40485332190.0
2984.0300671,2984.025396565045,40485332190.0
2152.2437105,2152.2372349368848,40485332190.0
1141.5691022,1141.556893424989,40485332190.0
6974.7378708,6974.735872557111,40485332190.0
7877.5545087,7877.552739584783,40485332190.0
1922.5782791,1922.5710299670454,40485332190.0
1978.5671811,1978.5601370418412,40485332190.0
7023.6855933,7023.683608959306,40485332190.0
1643.4407464,1643.4322660309447,40485332190.0
1271.7689846,1271.7580258422827,40485332190.0
3732.5776651,3732.573931164605,40485332190.0
4859.7978294,4859.794961529847,40485332190.0
16078.777147,16078.776279804291,40485332190.0
4266.3468398,4266.343572997179,40485332190.0
4185.5486997,4185.545369887298,40485332190.0
3051.4239596,3051.41939225817,40485332190.0
5236.1439812,5236.141319460068,40485332190.0
1443.6351393,1443.6254851353044,40485332190.0
6429.3625729,6429.360405250924,40485332190.0
870.23184012,870.2158247131554,40485332190.0
4512.4924351,4512.489346543728,40485332190.0
3836.6553404,3836.6517077703725,40485332190.0
1583.8875258,1583.8787265687558,40485332190.0
3737.4963246,3737.4925956200573,40485332190.0
2234.3453871,2234.3391494999014,40485332190.0
5811.9853564,5811.982958357844,40485332190.0
12410.39331,12410.392187009305,40485332190.0
2254.2576539,2254.2514713567903,40485332190.0
2654.7632537,2654.7580039375644,40485332190.0
3368.7563186,3368.752181441001,40485332190.0
2630.5911963,2630.5858982085233,40485332190.0
6714.7243348,6714.722259264792,40485332190.0
3870.5824488,3870.57884808293,40485332190.0
3529.4407916,3529.436842818341,40485332190.0
4659.7160114,4659.713020477261,40485332190.0
15156.412962,15156.412042180864,40485332190.0
1125.4277729,1125.4153890627526,40485332190.0
8636.1412919,8636.139678115907,40485332190.0
2308.8410939,2308.8350574971682,40485332190.0
11810.109081,11810.107900635934,40485332190.0
4316.4488949,4316.4456660901415,40485332190.0
4582.287652,4582.284610482249,40485332190.0
1342.2407249,1342.230341567087,40485332190.0
2285.6074624,2285.6013646871,40485332190.0
5888.4789477,5888.476580832489,40485332190.0
2781.8403892,2781.8353792807643,40485332190.0
3269.9918232,3269.9875611368047,40485332190.0
921.16444169,921.149311823589,40485332190.0
4991.9345753,4991.931783389117,40485332190.0
1351.3836345,1351.3733213313747,40485332190.0
826.06182973,826.044957962195,40485332190.0
5632.3208068,5632.318332334883,40485332190.0
2062.5962311,2062.589474050388,40485332190.0
2764.9245641,2764.9195234928793,40485332190.0
1147.8226723,1147.8105301641986,40485332190.0
550.60960905,550.5842965460836,40485332190.0
6995.2312849,6995.229292477527,40485332190.0
5053.7875469,5053.784789158603,40485332190.0
1966.2720977,1966.2650096181592,40485332190.0
16333.273828,16333.272974515872,40485332190.0
3153.6838415,3153.6794222461576,40485332190.0
1114.5064519,1114.4939467977522,40485332190.0
2496.5827964,2496.577214023287,40485332190.0
11813.967908,11813.966728531912,40485332190.0
2431.5574378,2431.5517061551295,40485332190.0
4400.763696,4400.760529090437,40485332190.0
2461.0422264,2461.036563348583,40485332190.0
11576.011531,11576.010326944079,40485332190.0
4096.9941399,4096.990738150785,40485332190.0
1982.5463435,1982.5393136380944,40485332190.0
2778.4069882,2778.4019720076644,40485332190.0
1594.8482793,1594.8395404852654,40485332190.0
1951.3468923,1951.339750087385,40485332190.0
1293.0126103,1293.0018315792204,40485332190.0
10299.754121,10299.752768496295,40485332190.0
4892.200616,4892.197767275709,40485332190.0
7501.8232058,7501.821347959516,40485332190.0
11532.380785,11532.37957609626,40485332190.0
1365.6737076,1365.6635023573028,40485332190.0
6129.3699282,6129.3676543864885,40485332190.0
11859.364022,11859.36284683773,40485332190.0
10413.506136,10413.504798223228,40485332190.0
5869.6002003,5869.59782578787,40485332190.0
10176.297013,10176.295643729913,40485332190.0
7363.8545144,7363.852621792221,40485332190.0
2606.9819918,2606.976645760886,40485332190.0
2301.908519,2301.902464429786,40485332190.0
6540.7213246,6540.719193820966,40485332190.0
7461.3792839,7461.3774160165685,40485332190.0
3010.760246,3010.755616935899,40485332190.0
2554.5099821,2554.504526164575,40485332190.0
6635.5084709,6635.506370590187,40485332190.0
4041.5553097,4041.551861357462,40485332190.0
1314.6989811,1314.6883801474212,40485332190.0
3335.9034979,3335.89932000924,40485332190.0
3075.2175761,3075.2130440600763,40485332190.0
3591.8196494,3591.8157692449768,40485332190.0
1877.8316969,1877.8242750483917,40485332190.0
4735.2364783,4735.233535054903,40485332190.0
3979.8524842,3979.848982341568,40485332190.0
3074.3783006,3074.373767354702,40485332190.0
874.45235141,874.4364133117318,40485332190.0
6204.563112,6204.560865779216,40485332190.0
2410.6512296,2410.6454482011263,40485332190.0
2285.9174139,2285.911317054731,40485332190.0
2126.8814189,2126.874866114152,40485332190.0
1795.7582308,1795.7504697304057,40485332190.0
10186.319841,10186.318473496292,40485332190.0
6094.7988763,6094.796589588757,40485332190.0
10365.774649,10365.773304511798,40485332190.0
2210.7529694,2210.746665184005,40485332190.0
2480.3826449,2480.377026034531,40485332190.0
2982.5042632,2982.499590297187,40485332190.0
2282.4076711,2282.4015648860336,40485332190.0
10491.42549,10491.424161156088,40485332190.0
4280.8178254,4280.814569723873,40485332190.0
7270.346595,7270.34467803486,40485332190.0
3632.0066822,3632.002845019646,40485332190.0
2298.9499186,2298.943856273125,40485332190.0
2425.4712579,2425.465511834426,40485332190.0
4220.0303669,4220.027064259807,40485332190.0
9872.9106661,9872.909254505084,40485332190.0
5683.2004584,5683.19800607616,40485332190.0
3137.7289358,3137.724494083324,40485332190.0
3666.5257948,3666.5219936260273,40485332190.0
1524.357108,1524.347965140951,40485332190.0
5175.5837475,5175.581054739541,40485332190.0
4641.722634,4641.719631399974,40485332190.0
5168.1621,5168.159403317208,40485332190.0
1135.0774745,1135.0651960082726,40485332190.0
1512.6387281,1512.6295143609839,40485332190.0
1702.6891273,1702.6809420041216,40485332190.0
2541.4411881,2541.435704124682,40485332190.0
3254.1125637,3254.108280820841,40485332190.0
2563.6197613,2563.6143248343083,40485332190.0
16990.843664,16990.84284390445,40485332190.0
3030.952682,3030.9480837905567,40485332190.0
3276.7013785,3276.697125076337,40485332190.0
2184.0360682,2184.0296868363043,40485332190.0
974.08362467,974.0693167792906,40485332190.0
10583.317328,10583.316010434432,40485332190.0
5915.9060045,5915.903648698659,40485332190.0
2992.1481066,2992.143448780479,40485332190.0
1904.6511504,1904.6438329988075,40485332190.0
4190.5555665,4190.552240671009,40485332190.0
2402.7722657,2402.76646534453,40485332190.0
12111.824481,12111.823329676949,40485332190.0
5390.4474812,5390.44489571741,40485332190.0
2025.4787694,2025.4718884842234,40485332190.0
3817.6663911,3817.662740483806,40485332190.0
256.74136294,256.68707307045605,40485332190.0
2189.397933,2189.3915673067922,40485332190.0
2357.7004261,2357.694514868567,40485332190.0
1885.8168988,1885.809508315929,40485332190.0
5920.669934,5920.66758000583,40485332190.0
10786.78767,10786.786377608962,40485332190.0
3023.2767283,3023.272118398341,40485332190.0
2479.9738685,2479.9682486503875,40485332190.0
4587.208582,4587.205543746456,40485332190.0
3221.071266,3221.066939195148,40485332190.0
7529.3863414,7529.384490410596,40485332190.0
988.25822523,988.2441225571863,40485332190.0
3109.3054737,3109.3009912976445,40485332190.0
6310.003248,6310.001039205765,40485332190.0
1133.5518587,1133.5395635718023,40485332190.0
3756.1581978,3756.1544873618054,40485332190.0
1425.7416233,1425.7318480682572,40485332190.0
6728.1611513,6728.159079881451,40485332190.0
11111.202943,11111.201688491105,40485332190.0
2598.9300405,2598.9246779081204,40485332190.0
3075.4257205,3075.4211887886063,40485332190.0
1074.9740862,1074.9611211837596,40485332190.0
9722.3643504,9722.362916919079,40485332190.0
1769.4921909,1769.4843145596583,40485332190.0
9762.8052264,9762.80379889941,40485332190.0
1476.9540508,1476.9446144960523,40485332190.0
10511.02995,10511.028623953429,40485332190.0
9422.6504511,9422.648971962513,40485332190.0
2511.1044075,2511.0988573649392,40485332190.0
14405.551474,14405.550505580024,40485332190.0
1383.3096216,1383.2995465434008,40485332190.0
2612.9665187,2612.961184877785,40485332190.0
5241.042847,5241.040187720556,40485332190.0
2289.9889418,2289.9828557604565,40485332190.0
9837.0458045,9837.04438769666,40485332190.0
1072.718233,1072.7052407300382,40485332190.0
7841.7728046,7841.771027357209,40485332190.0
3747.7651303,3747.7614115354104,40485332190.0
8565.2610932,8565.259466097534,40485332190.0
6563.3959977,6563.393874272264,40485332190.0
2701.0293751,2701.024215232353,40485332190.0
560.83527098,560.810420023047,40485332190.0
1652.8283156,1652.8198833765182,40485332190.0
1858.3906055,1858.3831059417867,40485332190.0
5789.7852007,5789.782793565626,40485332190.0
2287.8328402,2287.826748321579,40485332190.0
3292.810675,3292.8064425093226,40485332190.0
2569.1336309,2569.128206108374,40485332190.0
8773.8731473,8773.871558760515,40485332190.0
4101.7762205,4101.772822738265,40485332190.0
10519.117722,10519.116396558667,40485332190.0
8464.9070038,8464.90535733175,40485332190.0
1826.2821388,1826.2745074268466,40485332190.0
2674.4005992,2674.3953879385062,40485332190.0
15456.524233,15456.523330973674,40485332190.0
1552.4428803,1552.4339028652062,40485332190.0
5934.6701201,5934.667771655864,40485332190.0
2955.3084853,2955.3037693573337,40485332190.0
2423.0683969,2423.0626451051667,40485332190.0
1203.0073466,1202.995761458528,40485332190.0
1227.2999855,1227.2886295927174,40485332190.0
3399.82566,3399.8215606291424,40485332190.0
3138.8537743,3138.849334189401,40485332190.0
12904.999557,12904.998477621062,40485332190.0
2599.5926832,2599.5873219244118,40485332190.0
1674.6305414,1674.6222189363036,40485332190.0
5354.4942516,5354.491648661904,40485332190.0
7510.2329099,7510.231054194319,40485332190.0
2385.9667788,2385.960937542785,40485332190.0
3517.5237175,3517.5197553256144,40485332190.0
14621.797523,14621.796570217939,40485332190.0
3367.9007486,3367.896610386708,40485332190.0
1974.6682842,1974.661226320114,40485332190.0
2369.2061408,2369.200258264723,40485332190.0
4803.3057348,4803.302833229316,40485332190.0
778.96530754,778.9474156755952,40485332190.0
2488.4377227,2488.43212199909,40485332190.0
848.59354194,848.5771181564648,40485332190.0
3455.6072787,3455.603245604605,40485332190.0
3162.3012843,3162.296877104202,40485332190.0
2606.1131066,2606.1077587676546,40485332190.0
3337.4046549,3337.4004788671004,40485332190.0
918.18597398,918.1707950337823,40485332190.0
2390.8837577,2390.877928510211,40485332190.0
2981.1289086,2981.1242335421275,40485332190.0
6392.1102857,6392.108105360916,40485332190.0
641.88692862,641.8652157361073,40485332190.0
505.9126384,505.8850894424924,40485332190.0
6514.9203129,6514.918173667217,40485332190.0
4953.7811489,4953.778335448887,40485332190.0
2044.1742298,2044.1674118715318,40485332190.0
3978.3606808,3978.3571776205795,40485332190.0
4792.2299342,4792.227025895987,40485332190.0
4793.8635023,4793.860594988855,40485332190.0
7181.6223686,7181.620428006285,40485332190.0
2819.2386824,2819.23373887088,40485332190.0
18683.044905,18683.04415894931,40485332190.0
2163.2437316,2163.2372889285853,40485332190.0
1124.4254327,1124.4130378476048,40485332190.0
8357.1422066,8357.140538954229,40485332190.0
1948.9687579,1948.9616069467434,40485332190.0
2776.6810223,2776.6760029411885,40485332190.0
2849.7600029,2849.755112317012,40485332190.0
1504.8127836,1504.8035219585747,40485332190.0
6573.3156716,6573.313551403747,40485332190.0
7422.171202,7422.1693242261745,40485332190.0
5677.5956516,5677.593196873054,40485332190.0
4814.6661282,4814.663233540155,40485332190.0
517.97155335,517.9446458054416,40485332190.0
3947.8786101,3947.8750798889027,40485332190.0
8489.0786348,8489.076993027624,40485332190.0
1102.3750456,1102.3624028340037,40485332190.0
742.97438073,742.9556221320171,40485332190.0
7320.9422928,7320.9403891351085,40485332190.0
12512.734517,12512.733403521952,40485332190.0
7099.697657,7099.695693937244,40485332190.0
1603.9867081,1603.978019087286,40485332190.0
4444.2186886,4444.215552630016,40485332190.0
5942.5530874,5942.550742165133,40485332190.0
6898.9780794,6898.976059219541,40485332190.0
5180.2097395,5180.207049009922,40485332190.0
3846.0038002,3846.000176439037,40485332190.0
15104.41639,15104.4154673291,40485332190.0
3869.9416146,3869.938013251113,40485332190.0
2029.7867554,2029.7798892063458,40485332190.0
3056.8752755,3056.8707162284213,40485332190.0
2153.4892784,2153.482806596228,40485332190.0
4037.1120951,4037.1086428809645,40485332190.0
3636.3503881,3636.346555415517,40485332190.0
10537.80491,10537.80358740603,40485332190.0
1880.144492,1880.137079253612,40485332190.0
15381.840949,15381.840042777374,40485332190.0
11688.311207,11688.310014040768,40485332190.0
4171.9704341,4171.967093433841,40485332190.0
6346.7029729,6346.700776989331,40485332190.0
437.61937914,437.58753071598085,40485332190.0
10593.29069,10593.289374640126,40485332190.0
7372.8642318,7372.862341497135,40485332190.0
3827.9249293,3827.921288390131,40485332190.0
2310.1200296,2310.1139965937987,40485332190.0
17710.890562,17710.88977482893,40485332190.0
6520.9600599,6520.957922705011,40485332190.0
2863.7305364,2863.725669683444,40485332190.0
2087.2623741,2087.2556969337984,40485332190.0
6044.4847729,6044.482467170402,40485332190.0
4045.2900095,4045.2865642525203,40485332190.0
5119.6143587,5119.611636420945,40485332190.0
2166.2232235,2166.216789725046,40485332190.0
1505.1051015,1505.0958417027414,40485332190.0
1555.0656223,1555.056659924974,40485332190.0
6526.8761935,6526.874058171083,40485332190.0
2584.0372941,2584.031900623151,40485332190.0
2431.0914122,2431.0856793550392,40485332190.0
3364.1791209,3364.174978129127,40485332190.0
13267.992896,13267.99184564255,40485332190.0
3408.9511081,3408.947019698693,40485332190.0
1085.3694862,1085.356645411194,40485332190.0
3442.1577622,3442.1537132871904,40485332190.0
3091.9113585,3091.906850913758,40485332190.0
3003.2552043,3003.250563597948,40485332190.0
7762.5990661,7762.597270659033,40485332190.0
812.26560485,812.2484465125156,40485332190.0
6636.4827861,6636.480686020618,40485332190.0
2468.2941347,2468.2884882647418,40485332190.0
3358.3668931,3358.3627431340174,40485332190.0
4515.478922,4515.475835531395,40485332190.0
13988.869797,13988.868800145314,40485332190.0
3180.9305891,3180.9262076773716,40485332190.0
5144.4163605,5144.413651399364,40485332190.0
2172.7482791,2172.741864647381,40485332190.0
4384.3000523,4384.296873508688,40485332190.0
4187.7568635,4187.753535483807,40485332190.0
5085.6259525,5085.623212065381,40485332190.0
6947.0505694,6947.04856324377,40485332190.0
7167.7794953,7167.777550916716,40485332190.0
4184.6774232,4184.674092711122,40485332190.0
1672.1722933,1672.1639585335613,40485332190.0
3463.1439473,3463.1399229535164,40485332190.0
3122.0806352,3122.0761711855725,40485332190.0
2890.3497928,2890.3449709339466,40485332190.0
4505.5493384,4505.546245145092,40485332190.0
6855.0921267,6855.090093591722,40485332190.0
523.15209488,523.1254537988538,40485332190.0
775.84301958,775.8250557169872,40485332190.0
2546.0604828,2546.0550088559203,40485332190.0
11202.437017,11202.435773231247,40485332190.0
21597.465938,21597.46529242051,40485332190.0
8645.8587221,8645.857110058545,40485332190.0
2296.4588674,2296.4527985057716,40485332190.0
2671.5796512,2671.574434459818,40485332190.0
13026.499306,13026.498235698687,40485332190.0
1178.5111312,1178.499305152196,40485332190.0
5828.3144341,5828.312042895214,40485332190.0
5094.133171,5094.130435085195,40485332190.0
2223.669817,2223.6635493576255,40485332190.0
2288.7878678,2288.781778519115,40485332190.0
2818.4691258,2818.464180954816,40485332190.0
8557.2157354,8557.214106805179,40485332190.0
5115.3911863,5115.388461806871,40485332190.0
560.41986091,560.394991536493,40485332190.0
6075.7599834,6075.757689472985,40485332190.0
2834.3833629,2834.378445707951,40485332190.0
3407.3333072,3407.329216880929,40485332190.0
3368.0280926,3368.0239546600096,40485332190.0
2036.2851732,2036.2783289099145,40485332190.0
8311.9990082,8311.997331499024,40485332190.0
2439.7938344,2439.788121962263,40485332190.0
2167.9905787,2167.9841501862566,40485332190.0
4234.4756806,4234.472389363482,40485332190.0
8807.9056688,8807.90408641697,40485332190.0
1753.4240774,1753.416128989153,40485332190.0
2603.0081316,2603.002777440383,40485332190.0
3560.6093809,3560.6054667131903,40485332190.0
1679.8070474,1679.7987505675753,40485332190.0
1823.8376362,1823.8299946638672,40485332190.0
1263.0818056,1263.0707715123092,40485332190.0
7528.8646862,7528.862835084058,40485332190.0
3576.9012701,3576.8973736954795,40485332190.0
708.40077846,708.3811043190359,40485332190.0
5131.419193,5131.416476975722,40485332190.0
9808.8245566,9808.82313569417,40485332190.0
2122.3580851,2122.3515183077243,40485332190.0
4257.2900173,4257.286743570425,40485332190.0
1725.2287207,1725.2206423428297,40485332190.0
2821.2891071,2821.2841670641715,40485332190.0
8754.0961111,8754.094519039218,40485332190.0
581.43785136,581.4138810011762,40485332190.0
3960.223805,3960.2202857982643,40485332190.0
18905.126305,18905.125568706255,40485332190.0
3337.9049164,3337.9007409864707,40485332190.0
131.07001264,130.9636371242081,40485332190.0
6331.8288179,6331.826616875432,40485332190.0
5668.1953942,5668.192935393047,40485332190.0
6972.0056367,6972.003637710276,40485332190.0
3155.7121101,3155.707693680859,40485332190.0
2963.3187857,2963.3140826148087,40485332190.0
2317.2685649,2317.2625504885127,40485332190.0
2837.6456376,2837.640726096527,40485332190.0
1972.9961212,1972.9890573787693,40485332190.0
3340.9226057,3340.918434044302,40485332190.0
7517.8608107,7517.858956868087,40485332190.0
11447.832774,11447.831556562845,40485332190.0
3854.1268898,3854.1232737465093,40485332190.0
3093.065563,3093.0610570941944,40485332190.0
2427.7588336,2427.75309290556,40485332190.0
874.5054643,874.4895271638733,40485332190.0
5101.1654279,5101.162695826649,40485332190.0
7267.0226968,7267.020778926095,40485332190.0
2395.3612052,2395.3553868545546,40485332190.0
6199.6105763,6199.608328234116,40485332190.0
1884.8714012,1884.8640070857302,40485332190.0
2867.1843231,2867.179462224952,40485332190.0
2041.5421949,2041.5353682665364,40485332190.0
2117.8894763,2117.8828956811703,40485332190.0
8536.6013274,8536.599694726621,40485332190.0
3990.6844518,3990.6809594005827,40485332190.0
2350.0875885,2350.081658061728,40485332190.0
2962.8906902,2962.885986341669,40485332190.0
4826.1954315,4826.192543673535,40485332190.0
1589.3359648,1589.3271956709455,40485332190.0
3049.1776586,3049.17308781524,40485332190.0
5821.1679073,5821.16551311551,40485332190.0
4741.6349906,4741.632051351619,40485332190.0
4929.2312292,4929.228401811081,40485332190.0
9946.1259273,9946.124526103113,40485332190.0
976.35111307,976.3368384024761,40485332190.0
4065.2605912,4065.257162950378,40485332190.0
4541.9125132,4541.909444682132,40485332190.0
9997.1995984,9997.198204278366,40485332190.0
6965.1346332,6965.132632178407,40485332190.0
3397.6523978,3397.6482958466368,40485332190.0
9007.5565758,9007.5550285237,40485332190.0
4949.44238,4949.439564157026,40485332190.0
513.7864157,513.7592889545712,40485332190.0
4474.6160545,4474.6129398550775,40485332190.0
5310.9763159,5310.973691727995,40485332190.0
7872.7404219,7872.738651537766,40485332190.0
1982.1709144,1982.1638832351168,40485332190.0
2303.0363654,2303.030313897606,40485332190.0
5253.8981923,5253.895539599245,40485332190.0
10541.457427,10541.456104991952,40485332190.0
3283.3936833,3283.389438546643,40485332190.0
5209.8154806,5209.812805468526,40485332190.0
7151.5475644,7151.545615622573,40485332190.0
4119.3371486,4119.333765328323,40485332190.0
2432.3943486,2432.3886188235097,40485332190.0
9945.221455,9945.220053643536,40485332190.0
20943.401322,20943.40065685367,40485332190.0
9579.0770762,9579.075621235306,40485332190.0
2809.5537739,2809.5488133947006,40485332190.0
3664.7879658,3664.7841628856954,40485332190.0
1906.4883066,1906.480996302218,40485332190.0
2868.4163333,2868.411474572771,40485332190.0
20634.915014,20634.91433862148,40485332190.0
3985.0737146,3985.070217267521,40485332190.0
7785.5765701,7785.574779977245,40485332190.0
4336.9155214,4336.912307813237,40485332190.0
1267.3753483,1267.3643515077954,40485332190.0
1692.1704223,1692.1621860857233,40485332190.0
3768.9031502,3768.899452304828,40485332190.0
9154.9704971,9154.968974782367,40485332190.0
5474.2400998,5474.23755391902,40485332190.0
4567.6402298,4567.637178589398,40485332190.0
1492.3872344,1492.3778956465385,40485332190.0
1996.1792942,1996.172312292638,40485332190.0
4873.1937734,4873.190913442865,40485332190.0
1002.3538367,1002.3399323193346,40485332190.0
7408.0139826,7408.012101286667,40485332190.0
1307.3391994,1307.328538786329,40485332190.0
2873.7051162,2873.7002663632306,40485332190.0
9875.5828665,9875.581455231479,40485332190.0
3912.8475421,3912.843980246052,40485332190.0
1053.4774843,1053.4642547568171,40485332190.0
4893.0643275,4893.061479198843,40485332190.0
4840.2930995,4840.290220152524,40485332190.0
1976.5235302,1976.5164788460786,40485332190.0
4459.2925119,4459.289386581771,40485332190.0
1020.07338,1020.0597172094124,40485332190.0
964.6016768,964.587228260091,40485332190.0
2538.6854336,2538.679943776185,40485332190.0
13029.016234,13029.015164323955,40485332190.0
1750.8104066,1750.8024462886062,40485332190.0
4288.0860164,4288.082766146097,40485332190.0
2127.1077164,2127.1011643177817,40485332190.0
3207.2795895,3207.2752440716754,40485332190.0
3839.1601793,3839.156549115223,40485332190.0
5359.1684816,5359.165880980013,40485332190.0
2316.7000457,2316.6940297508663,40485332190.0
584.80777113,584.7839389157257,40485332190.0
3566.6077556,3566.6038479630965,40485332190.0
761.59803051,761.5797306377198,40485332190.0
2274.7711995,2274.7650727540345,40485332190.0
12041.139491,12041.13833291512,40485332190.0
1075.9563068,1075.9433535952564,40485332190.0
975.99184072,975.9775607999503,40485332190.0
6122.8017484,6122.799472094084,40485332190.0
3716.1805546,3716.1768041801756,40485332190.0
4308.8654912,4308.862256649201,40485332190.0
320.19915058,320.15562163405747,40485332190.0
595.23819087,595.2147762847691,40485332190.0
1019.9780927,1019.9644285892942,40485332190.0
7485.7701024,7485.768240637713,40485332190.0
1568.5879404,1568.5790552754177,40485332190.0
1474.9561706,1474.9467215584725,40485332190.0
784.43426502,784.416497903256,40485332190.0
8155.9091841,8155.907475208113,40485332190.0
2309.0375935,2309.0315576527682,40485332190.0
14872.982575,14872.981638446854,40485332190.0
480.17246562,480.14343979289697,40485332190.0
2929.6493241,2929.644566922098,40485332190.0
8158.2443484,8158.242639976424,40485332190.0
15571.917056,15571.916160633102,40485332190.0
5563.7043807,5563.701875737,40485332190.0
3193.9786612,3193.9742976543866,40485332190.0
3499.7349966,3499.73101434286,40485332190.0
2451.8794397,2451.873755506144,40485332190.0
10554.381785,10554.380464227152,40485332190.0
2182.502377,2182.49599122389,40485332190.0
6145.5886363,6145.586368525376,40485332190.0
5140.9907072,5140.987996314761,40485332190.0
4007.6418775,4007.63839984166,40485332190.0
9960.8987649,9960.897365655745,40485332190.0
1542.9560632,1542.9470304925678,40485332190.0
8995.3736142,8995.372064832145,40485332190.0
16700.900644,16700.89980955917,40485332190.0
5549.8058904,5549.803379167799,40485332190.0
3340.6937137,3340.689541803854,40485332190.0
13112.799268,13112.798205593004,40485332190.0
4490.4886229,4490.485519240964,40485332190.0
4807.3596976,4807.356798447113,40485332190.0
1525.6963997,1525.6872648077833,40485332190.0
1853.6755766,1853.6680579890403,40485332190.0
2885.6950402,2885.69021057343,40485332190.0
6124.3898746,6124.387599005872,40485332190.0
9736.1475108,9736.146079356891,40485332190.0
3522.5841684,3522.5802119245886,40485332190.0
5257.5924271,5257.589776222876,40485332190.0
1191.920361,1191.9086680739956,40485332190.0
2554.1141337,2554.1086769951535,40485332190.0
7919.6997665,7919.698006736265,40485332190.0
5129.4658235,5129.463106360281,40485332190.0
2506.6897827,2506.6842227436578,40485332190.0
1619.6720222,1619.663417371935,40485332190.0
5160.2150267,5160.212325875477,40485332190.0
7856.4679606,7856.46618666602,40485332190.0
1234.112254,1234.100960852808,40485332190.0
2558.3594873,2558.354039712004,40485332190.0
3684.1679359,3684.164152921673,40485332190.0
8544.9766187,8544.97498763883,40485332190.0
4788.45452,4788.451609446612,40485332190.0
2218.2001722,2218.193889146147,40485332190.0
1394.0384704,1394.0284728825543,40485332190.0
4426.1744934,4426.171344595554,40485332190.0
2645.3578218,2645.3525533542975,40485332190.0
2266.9307407,2266.924592764615,40485332190.0
10156.693555,10156.692182919358,40485332190.0
8032.0939042,8032.092169055625,40485332190.0
3222.7415015,3222.7371769528977,40485332190.0
10006.320587,10006.319194338685,40485332190.0
9358.204205,9358.20271571762,40485332190.0
4480.3257408,4480.322630129661,40485332190.0
5384.4868223,5384.484233964944,40485332190.0
1942.7164217,1942.7092477763333,40485332190.0
2027.0231889,2027.0163132971077,40485332190.0
6303.8300173,6303.827806343469,40485332190.0
1951.0133119,1951.0061684160135,40485332190.0
6576.3781494,6576.37603011606,40485332190.0
4114.7430152,4114.739628102971,40485332190.0
673.3971073,673.3764104478565,40485332190.0
4508.1810102,4508.177918771205,40485332190.0
12235.146966,12235.145826596126,40485332190.0
1777.7389265,1777.7310867949604,40485332190.0
3453.2183681,3453.2143321662325,40485332190.0
8715.951374,8715.94977497992,40485332190.0
7253.0876094,7253.085687874638,40485332190.0
1775.4269072,1775.4190572371656,40485332190.0
4707.1839047,4707.180943863756,40485332190.0
5641.9774982,5641.975027960648,40485332190.0
5678.5571314,5678.554677085215,40485332190.0
569.86841112,569.8439541087209,40485332190.0
6202.5266751,6202.524428171231,40485332190.0
4463.6036996,4463.600577180787,40485332190.0
5334.3795096,5334.376896900787,40485332190.0
6005.9879812,6005.985660669539,40485332190.0
3028.3058878,3028.301285550352,40485332190.0
5036.5547914,5036.552024285649,40485332190.0
1554.6000687,1554.5911036637865,40485332190.0
4046.3457429,4046.342298606564,40485332190.0
3163.3642661,3163.359860385985,40485332190.0
2695.0080384,2695.0028670302413,40485332190.0
3215.6777992,3215.673465088081,40485332190.0
10394.835676,10394.834336155915,40485332190.0
5725.4336596,5725.431225284704,40485332190.0
3646.1741692,3646.1703468675123,40485332190.0
377.17039646,377.1334432343606,40485332190.0
1611.9549271,1611.946281111501,40485332190.0
3384.5380318,3384.533913964944,40485332190.0
1801.3218947,1801.3141575929933,40485332190.0
2174.5262712,2174.5198620075953,40485332190.0
3140.4837,3140.4792621141437,40485332190.0
10619.148999,10619.147686455926,40485332190.0
7472.8942759,7472.892410919805,40485332190.0
4816.8988501,4816.895956717628,40485332190.0
535.73827592,535.7122607527041,40485332190.0
4048.8510107,4048.847568431212,40485332190.0
2966.2458645,2966.241165938544,40485332190.0
1628.9012971,1628.8927410691351,40485332190.0
6382.7282493,6382.726065765752,40485332190.0
5108.8629039,5108.86017591022,40485332190.0
1093.0007858,1092.9880346824445,40485332190.0
3126.1955609,3126.191102714659,40485332190.0
1714.4921064,1714.48397751766,40485332190.0
2866.1348788,2866.1300161621516,40485332190.0
1629.877652,1629.8691009763804,40485332190.0
3410.2331196,3410.229032808695,40485332190.0
3185.8595804,3185.8552057531383,40485332190.0
2876.9773208,2876.972476461618,40485332190.0
4246.1167034,4246.113421123036,40485332190.0
2506.9597136,2506.9541542367347,40485332190.0
9904.953231,9904.951823953385,40485332190.0
4351.8759105,4351.872707947625,40485332190.0
2533.5186059,2533.513104866373,40485332190.0
14057.308741,14057.307749572026,40485332190.0
3950.2375286,3950.2340004407615,40485332190.0
2550.318913,2550.3134482007276,40485332190.0
7842.6679738,7842.666196703481,40485332190.0
2364.6579893,2364.652095430672,40485332190.0
629.58743852,629.5653014384061,40485332190.0
3096.5423601,3096.5378591960043,40485332190.0
2252.5113962,2252.505208887296,40485332190.0
648.05157974,648.0300734013497,40485332190.0
5308.8565398,5308.853914607485,40485332190.0
2391.5480304,2391.542202786691,40485332190.0
2803.2635444,2803.258572658652,40485332190.0
3609.3802181,3609.3763567618225,40485332190.0
5746.9012262,5746.898801017966,40485332190.0
2389.1051285,2389.0992948832572,40485332190.0
987.73508975,987.7209796089461,40485332190.0
2419.8414869,2419.8357274570762,40485332190.0
2794.9830969,2794.9781104088534,40485332190.0
2269.0135347,2269.0073924200788,40485332190.0
757.54890165,757.5305039595378,40485332190.0
724.73950837,724.7202777742496,40485332190.0
7862.3665533,7862.364780658434,40485332190.0
1230.6774057,1230.6660809736914,40485332190.0
23846.531471,23846.53088605218,40485332190.0
2751.8837108,2751.878646282697,40485332190.0
9839.3991139,9839.39769745624,40485332190.0
5422.1948338,5422.1922635019455,40485332190.0
2272.7818516,2272.775719473406,40485332190.0
5302.2192103,5302.216581713999,40485332190.0
897.04198216,897.0264454248247,40485332190.0
15121.072723,15121.071801598011,40485332190.0
7818.5566971,7818.5549145015775,40485332190.0
15906.615858,15906.614981495326,40485332190.0
1247.574047,1247.5628756244578,40485332190.0
3168.9391516,3168.9347535585207,40485332190.0
4098.836838,4098.833437739764,40485332190.0
7110.4252139,7110.423253785656,40485332190.0
2145.8102185,2145.803723509015,40485332190.0
5347.0443702,5347.041763677672,40485332190.0
4241.0831987,4241.079912590604,40485332190.0
3048.379659,3048.375087108951,40485332190.0
8194.8045449,8194.802844126654,40485332190.0
2123.5927519,2123.586188955768,40485332190.0
18044.755656,18044.75488357096,40485332190.0
5138.2476829,5138.244970515838,40485332190.0
657.63839698,657.6172041716607,40485332190.0
2732.2452344,2732.240133450648,40485332190.0
3435.0530975,3435.0490401847096,40485332190.0
3599.1032706,3599.0993982274904,40485332190.0
3408.277327,3408.273237842509,40485332190.0
14779.094608,14779.09366466684,40485332190.0
2714.3003024,2714.295167708625,40485332190.0
6047.7423306,6047.740026079468,40485332190.0
2308.2228989,2308.216860948368,40485332190.0
5290.9202544,5290.9176202501485,40485332190.0
1677.9978248,1677.9895189805402,40485332190.0
1550.5835926,1550.5746044144662,40485332190.0
1488.9434186,1488.934058251565,40485332190.0
3104.1446073,3104.1401175530978,40485332190.0
1673.4453048,1673.4369764278774,40485332190.0
6040.5688666,6040.566559367012,40485332190.0
4432.7093244,4432.70618031573,40485332190.0
2301.5384728,2301.5324172552364,40485332190.0
1427.0688381,1427.0590718840408,40485332190.0
3685.4996895,3685.495907871522,40485332190.0
6332.7352751,6332.733074305368,40485332190.0
1951.4003908,1951.393248786742,40485332190.0
14782.668821,14782.66787772783,40485332190.0
2531.8462445,2531.8407397975584,40485332190.0
1986.1974278,1986.1904108668123,40485332190.0
2616.1433564,2616.1380290553498,40485332190.0
2008.1267067,2008.1197664233534,40485332190.0
2140.8049754,2140.7984652157693,40485332190.0
7298.0792605,7298.07735081666,40485332190.0
1836.4234597,1836.4158705693774,40485332190.0
7709.2898389,7709.288031066701,40485332190.0
4635.4436374,4635.440630735226,40485332190.0
4073.1091713,4073.105749560293,40485332190.0
2941.7279522,2941.7232145247845,40485332190.0
3557.7483086,3557.744391211918,40485332190.0
4383.7817985,4383.778619245005,40485332190.0
21651.103955,21651.10331206997,40485332190.0
1856.6317131,1856.624206467807,40485332190.0
8920.1928104,8920.191247984356,40485332190.0
4315.7299196,4315.726690205049,40485332190.0
7484.4868569,7484.484994744274,40485332190.0
13224.231791,13224.2307376686,40485332190.0
6576.3295674,6576.327448120848,40485332190.0
8670.8682572,8670.866649839416,40485332190.0
2167.8745201,2167.868091184726,40485332190.0
4379.9617387,4379.958556734912,40485332190.0
6161.5766917,6161.574429785252,40485332190.0
1567.7302276,1567.721337695602,40485332190.0
8804.2622588,8804.2606758171,40485332190.0
5264.2553614,5264.252713950096,40485332190.0
1871.7931358,1871.7856900572358,40485332190.0
3209.8454584,3209.8411164827344,40485332190.0
2961.5410479,2961.536341927267,40485332190.0
3321.9246453,3321.920449813957,40485332190.0
9087.2286335,9087.227099812044,40485332190.0
4504.8701737,4504.867079935041,40485332190.0
2813.3290372,2813.324083268216,40485332190.0
3260.0416543,3260.037379207763,40485332190.0
1940.8799483,1940.8727674647716,40485332190.0
3875.4808363,3875.477240149085,40485332190.0
4915.5580927,4915.555257468254,40485332190.0
1083.0179788,1083.0051100079831,40485332190.0
6491.5529961,6491.550849174773,40485332190.0
4363.7024013,4363.699207424159,40485332190.0
8697.2124661,8697.210863657658,40485332190.0
6160.3030556,6160.300793192779,40485332190.0
7463.5848371,7463.582969793254,40485332190.0
15630.259796,15630.258904415392,40485332190.0
2382.9692925,2382.963443911756,40485332190.0
1813.5285123,1813.5208272980497,40485332190.0
6690.691991,6690.689907910889,40485332190.0
4019.3720597,4019.3685922559566,40485332190.0
1462.1837602,1462.1742285666687,40485332190.0
4203.7536833,4203.750367979195,40485332190.0
5496.8357048,5496.833169358368,40485332190.0
1765.1241945,1765.1162987562652,40485332190.0
8167.4135267,8167.411820316419,40485332190.0
4252.9409597,4252.937682693643,40485332190.0
7627.1275839,7627.125756591584,40485332190.0
2238.60412,2238.597894209349,40485332190.0
2153.0668733,2153.0604002447753,40485332190.0
2179.2110021,2179.2046066532102,40485332190.0
7840.2195027,7840.217725080633,40485332190.0
2720.9207352,2720.9156130283263,40485332190.0
865.62908697,865.612986413699,40485332190.0
2148.7306832,2148.724196982665,40485332190.0
4515.8750667,4515.871980516499,40485332190.0
5478.2751588,5478.272614740529,40485332190.0
2281.036593,2281.0304830484024,40485332190.0
1728.2086775,1728.2006129908204,40485332190.0
12251.606107,12251.604969228598,40485332190.0
5578.5126599,5578.510161552001,40485332190.0
3938.3227006,3938.31916182989,40485332190.0
5030.9116346,5030.908864408397,40485332190.0
4449.2853083,4449.282175855506,40485332190.0
5508.8227346,5508.82020469463,40485332190.0
3746.4977842,3746.4940642233073,40485332190.0
4437.0428269,4437.039685825183,40485332190.0
3421.1993605,3421.1952868205603,40485332190.0
4261.8955813,4261.892311177175,40485332190.0
6058.635646,6058.6333456298635,40485332190.0
1288.6863273,1288.6755124012345,40485332190.0
5897.1097874,5897.107424085031,40485332190.0
773.76947444,773.7514624316395,40485332190.0
1195.2718402,1195.2601800111142,40485332190.0
4573.198473,4573.1954255127885,40485332190.0
13592.615275,13592.614250097358,40485332190.0
5110.6554222,5110.652695198525,40485332190.0
785.73492554,785.7171878279825,40485332190.0
379.86849551,379.83180477210607,40485332190.0
9678.2205545,9678.219114458427,40485332190.0
4979.5437968,4979.540997971359,40485332190.0
7042.6803833,7042.678404384173,40485332190.0
3914.7856674,3914.782107254738,40485332190.0
7974.5377222,7974.535974514417,40485332190.0
3370.1770823,3370.172946852279,40485332190.0
1163.0119777,1162.9999940487282,40485332190.0
912.42031529,912.4050404147812,40485332190.0
4283.6151041,4283.611850560583,40485332190.0
8915.7174423,8915.715879070738,40485332190.0
3183.312554,3183.3081758958206,40485332190.0
3594.4479414,3594.444064113624,40485332190.0
7290.8423807,7290.840469087351,40485332190.0
6138.1740704,6138.171799786883,40485332190.0
3104.6630096,3104.658520569873,40485332190.0
2946.6808521,2946.6761223555036,40485332190.0
13040.804198,13040.80312919408,40485332190.0
6305.2639712,6305.261760852667,40485332190.0
2270.3083879,2270.30224906281,40485332190.0
4267.965132,4267.961866533186,40485332190.0
1722.9866855,1722.9785966060317,40485332190.0
10402.764698,10402.763357705115,40485332190.0
1296.00849,1295.9977362076154,40485332190.0
9967.1626867,9967.161288378382,40485332190.0
4838.2016587,4838.198778079966,40485332190.0
1563.3817841,1563.3728694491194,40485332190.0
12918.125252,12918.124173326582,40485332190.0
4954.9270849,4954.924272207157,40485332190.0
2611.2152685,2611.209931097238,40485332190.0
3902.3654858,3902.361914376745,40485332190.0
3690.4012944,3690.3975179214767,40485332190.0
4696.7624377,4696.759470367514,40485332190.0
2922.3535151,2922.3487459890152,40485332190.0
1287.7252051,1287.7143821504353,40485332190.0
2828.0266525,2828.0217242680887,40485332190.0
7725.584265,7725.582461034953,40485332190.0
5018.2352252,5018.232447970876,40485332190.0
1973.522668,1973.5156060420536,40485332190.0
6385.3811074,6385.37892474843,40485332190.0
2133.0431087,2133.0365748273584,40485332190.0
1861.6475114,1861.6400249764279,40485332190.0
289.21505984,289.1668668354457,40485332190.0
5197.5303733,5197.5276918194995,40485332190.0
2115.7934473,2115.7868601923064,40485332190.0
11136.801694,11136.80044301367,40485332190.0
7582.4347743,7582.432936310397,40485332190.0
13552.565603,13552.564574416116,40485332190.0
4555.4037059,4555.400646506457,40485332190.0
5892.7855746,5892.783209473886,40485332190.0
6614.1141487,6614.112041596494,40485332190.0
5094.8688067,5094.866071138651,40485332190.0
4670.7004818,4670.6974978197,40485332190.0
3553.8887786,3553.884856897447,40485332190.0
11203.343116,11203.341871702089,40485332190.0
1575.8421023,1575.8332580500935,40485332190.0
2479.0515231,2479.045901261447,40485332190.0
1912.3025154,1912.29522735233,40485332190.0
3663.0347921,3663.0309873427414,40485332190.0
6093.4428983,6093.440611139148,40485332190.0
3624.9491853,3624.9453404980086,40485332190.0
2088.9308943,2088.924222405716,40485332190.0
7273.1027563,7273.100840050823,40485332190.0
1120.4213324,1120.4088932574361,40485332190.0
3176.8647239,3176.8603369073235,40485332190.0
1880.6699978,1880.6625871241254,40485332190.0
3729.443743,3729.440006022694,40485332190.0
2977.93594,2977.9312598919996,40485332190.0
12699.260419,12699.25932202515,40485332190.0
892.88347345,892.8678643514255,40485332190.0
3400.5150098,3400.5109112788136,40485332190.0
11852.710802,11852.709625813679,40485332190.0
8383.7984014,8383.79673898654,40485332190.0
4324.2202517,4324.217028648152,40485332190.0
3915.6492538,3915.6456944439633,40485332190.0
1805.5068498,1805.499130697368,40485332190.0
13242.54762,13242.546567753869,40485332190.0
5459.2801433,5459.277590472527,40485332190.0
3234.7612876,3234.7569791291344,40485332190.0
2964.7304049,2964.7257040052114,40485332190.0
5332.2118852,5332.209271523925,40485332190.0
7069.2371419,7069.235170327575,40485332190.0
6620.5104505,6620.50834541961,40485332190.0
12523.553218,12523.552105393734,40485332190.0
1230.9523031,1230.9409809515746,40485332190.0
9256.7138476,9256.712341955685,40485332190.0
3873.0305849,3873.0269864664924,40485332190.0
6077.5016966,6077.499403402184,40485332190.0
1882.3094068,1882.302002581426,40485332190.0
2259.9855881,2259.9794212511783,40485332190.0
5331.3761192,5331.373505090302,40485332190.0
4892.4249398,4892.422091127129,40485332190.0
6799.9424317,6799.940382185784,40485332190.0
7589.0727053,7589.070868885881,40485332190.0
3906.3885254,3906.3849576869784,40485332190.0
2398.6811335,2398.6753232343344,40485332190.0
3554.3721032,3554.3681821083933,40485332190.0
3056.1566326,3056.1520722838864,40485332190.0
5162.505125,5162.502425283655,40485332190.0
1074.5211644,1074.5081938873316,40485332190.0
4473.7055219,4473.702406605948,40485332190.0
5216.154522,5216.151850136995,40485332190.0
12055.716929,12055.715772375137,40485332190.0
2023.2335666,2023.2266781425744,40485332190.0
3285.2448453,3285.240603088042,40485332190.0
3076.1130515,3076.108520820799,40485332190.0
4273.4471498,4273.443888464375,40485332190.0
3087.2382346,3087.2337201677005,40485332190.0
5406.9176421,5406.915064553539,40485332190.0
6058.9289912,6058.926690992915,40485332190.0
5720.5380341,5720.535597742654,40485332190.0
3263.9979002,3263.993630297596,40485332190.0
19100.133082,19100.13235232715,40485332190.0
4294.5124192,4294.509173937389,40485332190.0
6639.9702406,6639.968141712495,40485332190.0
5645.3255387,5645.323069913508,40485332190.0
2842.2259462,2842.2210426080933,40485332190.0
2127.106265,2127.0997129217594,40485332190.0
10328.671681,10328.670331496181,40485332190.0
17367.543993,17367.54319067245,40485332190.0
12006.637241,12006.636079994574,40485332190.0
2064.535106,2064.528355388073,40485332190.0
13016.237402,13016.236331204937,40485332190.0
7446.9490822,7446.947210706928,40485332190.0
7174.9242793,7174.922336875628,40485332190.0
3024.2538088,3024.2492004628375,40485332190.0
2325.53932,2325.5333269826183,40485332190.0
4088.7724999,4088.7690912987896,40485332190.0
3964.3323903,3964.3288746683925,40485332190.0
2510.5212889,2510.5157374170653,40485332190.0
6774.4111555,6774.409098214218,40485332190.0
8781.1020945,8781.10050735952,40485332190.0
6548.9423478,6548.94021966214,40485332190.0
10392.811686,10392.810344551077,40485332190.0
2850.655466,2850.6505768830234,40485332190.0
1358.544586,1358.534327178096,40485332190.0
3256.742543,3256.73826352654,40485332190.0
4195.9949973,4195.991675859322,40485332190.0
2979.8725972,2979.867920096447,40485332190.0
7328.7827529,7328.7808512081565,40485332190.0
2563.8489494,2563.843513350728,40485332190.0
2399.3014226,2399.295613807488,40485332190.0
3588.2407629,3588.2368788125063,40485332190.0
3883.921671,3883.918082678657,40485332190.0
878.66637362,878.6505119579181,40485332190.0
6704.0635654,6704.061486533351,40485332190.0
2515.7082068,2515.7026668122026,40485332190.0
5017.3885016,5017.385723808253,40485332190.0
3248.4558144,3248.451524104677,40485332190.0
4084.9697599,4084.96634813853,40485332190.0
1423.149645,1423.139851942453,40485332190.0
5444.998593,5444.996033422762,40485332190.0
14520.046953,14520.045993626645,40485332190.0
8054.303339,8054.3016086536545,40485332190.0
1379.9849257,1379.9748262690446,40485332190.0
11909.553731,11909.552560716655,40485332190.0
2098.4584636,2098.4518221285994,40485332190.0
4173.1975036,4173.194163986427,40485332190.0
4988.2692635,4988.26646953984,40485332190.0
7633.8902181,7633.8883923478925,40485332190.0
4732.828362,4732.825417281466,40485332190.0
2949.0545662,2949.0498402878006,40485332190.0
1093.7346063,1093.7218635948957,40485332190.0
1676.4839517,1676.4756383800768,40485332190.0
2208.1384291,2208.132117412861,40485332190.0
9323.0533232,9323.051828263386,40485332190.0
5615.0455447,5615.043062683586,40485332190.0
11764.301893,11764.30070841436,40485332190.0
6581.1525575,6581.150439734606,40485332190.0
1384.7515605,1384.741495858122,40485332190.0
4319.2475442,4319.244317427031,40485332190.0
6994.7830009,6994.78100845621,40485332190.0
4503.0155269,4503.012431840191,40485332190.0
1789.9183157,1789.9105292715014,40485332190.0
6936.4989312,6936.496921975742,40485332190.0
3228.3381127,3228.3337956484825,40485332190.0
2654.4837622,2654.4785118227933,40485332190.0
5091.2455231,5091.242785666399,40485332190.0
3667.1359509,3667.1321504414686,40485332190.0
3218.7367076,3218.732377582474,40485332190.0
2533.0854135,2533.079911488203,40485332190.0
5775.1382177,5775.1358044221615,40485332190.0
7613.802615,7613.800784510222,40485332190.0
12891.727781,12891.726699439956,40485332190.0
1544.6102007,1544.6011776621158,40485332190.0
8413.7843273,8413.782670823626,40485332190.0
4119.4234102,4119.420026954421,40485332190.0
8134.5076516,8134.505938267522,40485332190.0
1365.3705894,1365.36038196211,40485332190.0
3619.3600514,3619.3562007483647,40485332190.0
2907.090715,2907.0859207944936,40485332190.0
1622.31772,1622.3091292260353,40485332190.0
1544.9400505,1544.9310294507304,40485332190.0
2820.5395611,2820.534619866901,40485332190.0
6340.2890254,6340.286827178743,40485332190.0
2036.1309026,2036.1240577816745,40485332190.0
3714.6872298,3714.683477980066,40485332190.0
2124.8729237,2124.866364656449,40485332190.0
5635.3365923,5635.334119163477,40485332190.0
10827.329539,10827.328251367848,40485332190.0
4279.6150693,4279.611812784365,40485332190.0
6555.874686,6555.87256011674,40485332190.0
2171.2381168,2171.231697918576,40485332190.0
5505.2996284,5505.297096878983,40485332190.0
2853.2552341,2853.2503495786905,40485332190.0
2717.7101064,2717.7049781552314,40485332190.0
3851.6300871,3851.6264686920645,40485332190.0
2766.3976785,2766.392640485651,40485332190.0
3005.4365401,3005.431902809591,40485332190.0
2651.8228952,2651.8176394961306,40485332190.0
2837.0583996,2837.053487053858,40485332190.0
3540.8541957,3540.8502596787334,40485332190.0
3253.1767966,3253.1725124103614,40485332190.0
7513.4689299,7513.4670749689885,40485332190.0
5377.274996,5377.272404200752,40485332190.0
7325.9531822,7325.951279827055,40485332190.0
6979.5955105,6979.593513670063,40485332190.0
1831.498907,1831.4912973290193,40485332190.0
2740.5240062,2740.5189206770115,40485332190.0
3533.2762576,3533.2723131344324,40485332190.0
2904.6704648,2904.665666652773,40485332190.0
3388.3087443,3388.3046310528116,40485332190.0
9338.1248797,9338.12338724024,40485332190.0
11512.54643,11512.545219991145,40485332190.0
3637.0243491,3637.0205171421085,40485332190.0
2817.3754618,2817.3705149952298,40485332190.0
1695.9188402,1695.9106222113232,40485332190.0
5838.1249987,5838.122611419721,40485332190.0
7124.0952696,7124.09331325563,40485332190.0
1409.5370828,1409.5271952114038,40485332190.0
4149.6625854,4149.659226888527,40485332190.0
15099.885765,15099.88484186371,40485332190.0
5742.4135661,5742.411139064683,40485332190.0
1492.7461315,1492.7367949866612,40485332190.0
1424.3040285,1424.2942433801595,40485332190.0
1465.6441055,1465.634596404422,40485332190.0
3165.7669786,3165.762576205003,40485332190.0
11550.059257,11550.058050417629,40485332190.0
7626.5356096,7626.533782170194,40485332190.0
12288.934113,12288.9329788667,40485332190.0
4110.1960042,4110.192613403273,40485332190.0
1705.4172768,1705.4091046129272,40485332190.0
3278.5798801,3278.5756292182377,40485332190.0
3930.1038063,3930.100260077014,40485332190.0
1849.3517473,1849.3442111198237,40485332190.0
11499.287171,11499.285958694487,40485332190.0
16362.662812,16362.661959833527,40485332190.0
3395.9445543,3395.9404502672464,40485332190.0
1512.8304804,1512.8212678541204,40485332190.0
1756.8940278,1756.8860950324413,40485332190.0
1368.5761855,1368.5660018735352,40485332190.0
2269.2452939,2269.2391521348177,40485332190.0
4057.6919571,4057.6885223805507,40485332190.0
2231.5089757,2231.5027302321428,40485332190.0
4422.8776853,4422.874534164326,40485332190.0
4770.1907934,4770.187871751878,40485332190.0
12570.789428,12570.788319367128,40485332190.0
1836.4248576,1836.4172683949332,40485332190.0
2298.9311918,2298.9251293907196,40485332190.0
10614.319741,10614.318428419689,40485332190.0
1578.3637382,1578.3549081610245,40485332190.0
6772.4313645,6772.4293066276805,40485332190.0
2728.977818,2728.9727110056924,40485332190.0
3740.0468781,3740.0431517413963,40485332190.0
5945.298544,5945.296199797669,40485332190.0
4107.2886322,4107.285238945251,40485332190.0
3486.758357,3486.7543598675534,40485332190.0
1917.9229364,1917.9156696422272,40485332190.0
1955.3635649,1955.356437337802,40485332190.0
12126.11912,12126.11797110425,40485332190.0
16631.535873,16631.535035429482,40485332190.0
2061.6507138,2061.6439537492947,40485332190.0
1844.3478744,1844.3403177891241,40485332190.0
2396.3735615,2396.367745585588,40485332190.0
4146.2331434,4146.229782085241,40485332190.0
2633.3957025,2633.3904100722416,40485332190.0
3757.0877152,3757.084005710116,40485332190.0
3808.7798174,3808.776158314688,40485332190.0
606.0465482,606.0235512098717,40485332190.0
1171.0929876,1171.0810867352996,40485332190.0
5799.4727148,5799.470311701165,40485332190.0
7821.6934455,7821.691663608974,40485332190.0
13801.565749,13801.564739791542,40485332190.0
4114.110794,4114.107406362555,40485332190.0
6627.2166952,6627.2145922545,40485332190.0
2057.0708134,2057.0640381941635,40485332190.0
8101.2414182,8101.2396977972685,40485332190.0
3716.5264601,3716.522710113029,40485332190.0
3330.7623541,3330.758169685809,40485332190.0
3899.8341735,3899.830599758587,40485332190.0
2470.4701538,2470.464512299013,40485332190.0
12403.492905,12403.491780896591,40485332190.0
12456.103846,12456.102727289866,40485332190.0
5240.542618,5240.539958613828,40485332190.0
14272.397681,14272.396705394549,40485332190.0
2215.0606179,2215.0543259100095,40485332190.0
5661.4052509,5661.402789119003,40485332190.0
6549.9991975,6549.997069666301,40485332190.0
2585.3688201,2585.3634293792747,40485332190.0
7548.7433768,7548.741530628125,40485332190.0
235.97637286,235.91730454368954,40485332190.0
11414.384101,11414.382879963505,40485332190.0
8677.4013776,8677.399771491751,40485332190.0
8648.5435094,8648.541897959063,40485332190.0
1760.4076838,1760.399766822629,40485332190.0
5358.0731123,5358.070511243751,40485332190.0
3712.8615909,3712.8578372069637,40485332190.0
4400.523603,4400.520435876988,40485332190.0
3663.2648765,3663.2610719905074,40485332190.0
5048.9407014,5048.937940985267,40485332190.0
2081.5187117,2081.5120161039176,40485332190.0
5762.8532524,5762.850833977183,40485332190.0
6721.1474049,6721.145331227357,40485332190.0
5294.6317818,5294.629149512108,40485332190.0
5626.5910947,5626.588617663523,40485332190.0
2726.3456012,2726.3404893053325,40485332190.0
6529.1161066,6529.113971991686,40485332190.0
2374.677119,2374.671250025881,40485332190.0
5576.3551487,5576.352649363817,40485332190.0
1380.1931267,1380.183028788592,40485332190.0
3588.4203695,3588.416485606616,40485332190.0
3140.8646824,3140.860245085755,40485332190.0
2983.6400174,2983.6353463278597,40485332190.0
4414.5411077,4414.537950688205,40485332190.0
8870.3382637,8870.336692452118,40485332190.0
1163.6183163,1163.606338879517,40485332190.0
9389.3549343,9389.353449970655,40485332190.0
6213.4912182,6213.488975124975,40485332190.0
2477.354211,2477.348585193783,40485332190.0
3814.7857273,3814.78207389978,40485332190.0
2153.9678199,2153.9613494847536,40485332190.0
9953.5272402,9953.52583995983,40485332190.0
4088.7602215,4088.756812934362,40485332190.0
9981.5625244,9981.561128060153,40485332190.0
6435.5250648,6435.522899173131,40485332190.0
2522.3439125,2522.338387047144,40485332190.0
12027.770583,12027.769424443104,40485332190.0
7330.0301093,7330.028207939684,40485332190.0
1738.4725064,1738.4644895870385,40485332190.0
977.90684604,977.8925940937155,40485332190.0
8878.0162963,8878.014726466083,40485332190.0
10375.762533,10375.761189383986,40485332190.0
6769.2330982,6769.231039384896,40485332190.0
6035.951729,6035.949420035805,40485332190.0
4993.9676839,4993.964893080786,40485332190.0
2592.2956346,2592.290258297916,40485332190.0
1901.4206219,1901.4132921461476,40485332190.0
4345.6960189,4345.692811843299,40485332190.0
3534.4156216,3534.411678363868,40485332190.0
2736.7918472,2736.7867547242763,40485332190.0
1551.4511356,1551.4421524600025,40485332190.0
2723.3783469,2723.373229444551,40485332190.0
4463.0660798,4463.062957013432,40485332190.0
2796.8309339,2796.8259508373376,40485332190.0
7525.4964358,7525.49458385302,40485332190.0
3636.0113299,3636.0074968449676,40485332190.0
6082.5747553,6082.572464083337,40485332190.0
4295.8744017,4295.871157411699,40485332190.0
5602.0645044,5602.062016619314,40485332190.0
10810.322451,10810.32116138804,40485332190.0
3406.8128963,3406.8088053244037,40485332190.0
5094.6380986,5094.635362936468,40485332190.0
1437.7003329,1437.6906388580956,40485332190.0
3557.2420272,3557.238109275804,40485332190.0
9028.5621584,9028.560614670561,40485332190.0
5131.571802,5131.569086027534,40485332190.0
2526.7314104,2526.7258945806034,40485332190.0
2529.1658961,2529.1603856217407,40485332190.0
1922.1235742,1922.1163233677796,40485332190.0
17634.371789,17634.37099927676,40485332190.0
6514.1587025,6514.156562994192,40485332190.0
620.73614888,620.7136961325054,40485332190.0
2130.7733017,2130.76676084242,40485332190.0
3272.8716357,3272.8673773945916,40485332190.0
2162.4278849,2162.4214398534486,40485332190.0
13155.921684,13155.920624526238,40485332190.0
2771.5898298,2771.5848012733054,40485332190.0
18856.006726,18856.005986468328,40485332190.0
6886.8268901,6886.824866437518,40485332190.0
3300.4952278,3300.49100509561,40485332190.0
1770.3111938,1770.3033211183974,40485332190.0
3177.4764916,3177.4721053491926,40485332190.0
1398.4746235,1398.4646576222815,40485332190.0
16488.072662,16488.07181610955,40485332190.0
2989.3272755,2989.3226132409354,40485332190.0
11163.957511,11163.956261968848,40485332190.0
4456.0857881,4456.082660464861,40485332190.0
932.83507913,932.8201385488188,40485332190.0
4133.68074,4133.67736839772,40485332190.0
3942.6289067,3942.625371782598,40485332190.0
2312.7705297,2312.7645035931932,40485332190.0
1010.7799583,1010.7661698662436,40485332190.0
3191.6690844,3191.6647176361134,40485332190.0
1683.6182084,1683.6099304334314,40485332190.0
2150.0207518,2150.0142695140257,40485332190.0
3993.0337122,3993.0302218341744,40485332190.0
16454.195826,16454.194979607797,40485332190.0
1590.1451397,1590.1363750868268,40485332190.0
2362.6452173,2362.639318378389,40485332190.0
1803.4338516,1803.4261236421246,40485332190.0
1961.539593,1961.5324878786869,40485332190.0
10306.133066,10306.131714067575,40485332190.0
4651.2910985,4651.288102183238,40485332190.0
1770.8641107,1770.856240564608,40485332190.0
4350.7293994,4350.7261960691385,40485332190.0
6864.6757218,6864.673691582681,40485332190.0
7364.9818625,7364.9799700812455,40485332190.0
1943.0259343,1943.0187614757306,40485332190.0
6108.9677846,6108.965503235452,40485332190.0
2912.6167546,2912.611969603732,40485332190.0
1831.3652882,1831.3576780909168,40485332190.0
2416.4117984,2416.4060307509944,40485332190.0
6865.9629672,6865.9609372579325,40485332190.0
4990.6666991,4990.663906518892,40485332190.0
9517.4263693,9517.424904875443,40485332190.0
3113.8579033,3113.853427434901,40485332190.0
2587.1868673,2587.1814804585715,40485332190.0
2346.6285331,2346.6225938726266,40485332190.0
104.86538611,104.73239822935456,40485332190.0
1952.4261539,1952.419015534687,40485332190.0
3292.9212565,3292.9170240801204,40485332190.0
2463.0087325,2463.003073951165,40485332190.0
766.90942048,766.891247343386,40485332190.0
8208.7707469,8208.769049054605,40485332190.0
2543.8344525,2543.8289736853835,40485332190.0
6151.6221061,6151.619840527519,40485332190.0
7095.9062777,7095.904313572858,40485332190.0
3036.5426504,3036.538060617268,40485332190.0
10294.449664,10294.448310520804,40485332190.0
9328.0237582,9328.022264115021,40485332190.0
2604.3826614,2604.3773100727635,40485332190.0
2634.9009562,2634.8956668524575,40485332190.0
5965.6299359,5965.627599604524,40485332190.0
9995.8040692,9995.802674940345,40485332190.0
5186.3650019,5186.3623146586415,40485332190.0
1006.7649789,1006.7511354478557,40485332190.0
3567.7012365,3567.6973300377545,40485332190.0
10543.069801,10543.068478657164,40485332190.0
3459.7876441,3459.783615847464,40485332190.0
1480.4257759,1480.416361636098,40485332190.0
2422.1969469,2422.191193023031,40485332190.0
2167.9622107,2167.9557820427435,40485332190.0
1063.7763375,1063.7632359792221,40485332190.0
780.82373266,780.805883383615,40485332190.0
2171.8003785,2171.7939612440186,40485332190.0
984.65269399,984.6385396757369,40485332190.0
25106.69381,25106.69325557469,40485332190.0
2847.4966837,2847.4917892072503,40485332190.0
165.82709141,165.74302482905415,40485332190.0
3400.2598606,3400.2557617868943,40485332190.0
9046.5047104,9046.503169756907,40485332190.0
2888.4059684,2888.401143238068,40485332190.0
4608.9128178,4608.909793885906,40485332190.0
3470.2718929,3470.267876791756,40485332190.0
3271.5442177,3271.539957698433,40485332190.0
16763.156636,16763.15580440584,40485332190.0
3806.6916748,3806.6880136818645,40485332190.0
2077.5559371,2077.5492286805743,40485332190.0
1730.3264209,1730.3183663807656,40485332190.0
1261.4733541,1261.4623058500667,40485332190.0
6021.5050148,6021.502700287991,40485332190.0
3293.2245237,3293.220291630886,40485332190.0
1539.3751899,1539.3661362679345,40485332190.0
5325.799976,5325.797359163472,40485332190.0
2720.0862488,2720.0811251033806,40485332190.0
3962.018488,3962.0149703236148,40485332190.0
1913.8940785,1913.886796435616,40485332190.0
11432.809254,11432.808034200782,40485332190.0
1794.2825537,1794.2747862093386,40485332190.0
441.21374346,441.182154502185,40485332190.0
9351.9666456,9351.965155329732,40485332190.0
4194.4255529,4194.422230148315,40485332190.0
1044.2132566,1044.1999096369661,40485332190.0
2580.8820482,2580.8766480812287,40485332190.0
2639.5150377,2639.509757563155,40485332190.0
1975.9561278,1975.9490745381215,40485332190.0
1923.1959063,1923.1886595259105,40485332190.0
10049.177389,10049.176002188824,40485332190.0
3629.3400765,3629.336236428318,40485332190.0
1329.0426624,1329.032175845479,40485332190.0
8450.5895969,8450.587947656984,40485332190.0
1973.931397,1973.9243364629058,40485332190.0
1786.4644326,1786.4566310903047,40485332190.0
3479.0257514,3479.021745468211,40485332190.0
7214.8409555,7214.8390238305155,40485332190.0
1746.3847535,1746.37677298158,40485332190.0
2349.6970103,2349.6910788550276,40485332190.0
5446.4217002,5446.419141227875,40485332190.0
9012.8395022,9012.837955871491,40485332190.0
2841.7709007,2841.765996340972,40485332190.0
3743.7688536,3743.765130888785,40485332190.0
6868.5017864,6868.499757316712,40485332190.0
16244.382596,16244.381737861584,40485332190.0
7825.4853767,7825.483595771144,40485332190.0
3235.2909768,3235.286669058642,40485332190.0
3226.7681008,3226.7637816282377,40485332190.0
2574.321499,2574.3160850915247,40485332190.0
2666.5561082,2666.5508816558345,40485332190.0
5030.1970745,5030.1943037720885,40485332190.0
4640.5200233,4640.517019949162,40485332190.0
1364.3525291,1364.3423140102539,40485332190.0
3505.9129632,3505.9089879360827,40485332190.0
2918.366412,2918.361636360886,40485332190.0
3325.488822,3325.484631082228,40485332190.0
4794.1786941,4794.175787040897,40485332190.0
4177.9747685,4177.9714326518,40485332190.0
2069.1563754,2069.149639783484,40485332190.0
3040.2317856,3040.2272014000782,40485332190.0
1395.0205095,1395.0105189335477,40485332190.0
7180.3005136,7180.298572566683,40485332190.0
6946.0079506,6946.0059440525565,40485332190.0
5951.3034217,5951.301079848756,40485332190.0
6291.2785422,6291.276326922089,40485332190.0
4180.9089967,4180.905663195202,40485332190.0
253.47212679,253.41713654308273,40485332190.0
1785.9007158,1785.8929119098416,40485332190.0
15914.866536,15914.86566077498,40485332190.0
2282.6638825,2282.657777003642,40485332190.0
10769.140701,10769.139406411954,40485332190.0
3835.6746903,3835.6710567955433,40485332190.0
7164.2768718,7164.274926452167,40485332190.0
2916.4661077,2916.461328930577,40485332190.0
156.70261466,156.6136503437577,40485332190.0
4027.6442182,4027.640757864581,40485332190.0
1493.8565644,1493.8472348785574,40485332190.0
12436.616247,12436.615126370189,40485332190.0
467.82439176,467.7945997559335,40485332190.0
2441.7346786,2441.728970829551,40485332190.0
3042.631422,3042.6268413717453,40485332190.0
1045.0931104,1045.079774621148,40485332190.0
1522.8766213,1522.8674694626013,40485332190.0
20532.411085,20532.410406440416,40485332190.0
3743.7025015,3743.6987786896157,40485332190.0
8303.998275,8303.996596730593,40485332190.0
1402.1534318,1402.1434920933318,40485332190.0
4261.4707744,4261.4675040135835,40485332190.0
1868.4262284,1868.4187690995636,40485332190.0
2177.0955262,2177.0891245610474,40485332190.0
6024.727328,6024.725014705638,40485332190.0
5618.4130945,5618.410613885801,40485332190.0
796.17592879,796.1584236934913,40485332190.0
5896.0134845,5896.011120772061,40485332190.0
5751.0004206,5750.997997153628,40485332190.0
1483.3119165,1483.3025206489874,40485332190.0
1488.0291638,1488.0197977684293,40485332190.0
22208.020581,22208.019953309125,40485332190.0
2321.0791759,2321.073171382088,40485332190.0
2423.3943446,2423.388593544271,40485332190.0
1628.8688088,1628.8602524547446,40485332190.0
6469.0213638,6469.019209314647,40485332190.0
9971.0045323,9971.00313457366,40485332190.0
6203.2729949,6203.2707482171745,40485332190.0
3053.5458301,3053.541265918817,40485332190.0
9732.3701425,9732.368710448181,40485332190.0
3698.1235595,3698.119790848392,40485332190.0
2641.9665138,2641.961238563397,40485332190.0
2094.5144081,2094.5077540609855,40485332190.0
1458.6880503,1458.6784957770622,40485332190.0
6864.4960692,6864.494038840951,40485332190.0
1469.7366322,1469.727149524268,40485332190.0
8504.5181171,8504.516478361309,40485332190.0
10300.112584,10300.111231019451,40485332190.0
1462.6867475,1462.677219150681,40485332190.0
4223.1542716,4223.150971521351,40485332190.0
1832.2680975,1832.2604910072766,40485332190.0
4891.8362326,4891.833383662547,40485332190.0
4462.6237671,4462.620644052274,40485332190.0
4907.3057879,4907.302947777748,40485332190.0
4820.99575,4820.992859088972,40485332190.0
19829.582595,19829.581892308826,40485332190.0
6135.59121,6135.58893852524,40485332190.0
1744.8868828,1744.878895377379,40485332190.0
4191.601097,4191.597772019741,40485332190.0
595.45278685,595.429380705725,40485332190.0
1041.7423829,1041.729004323277,40485332190.0
1116.1608593,1116.1483727466039,40485332190.0
3794.4631738,3794.459500778398,40485332190.0
3451.0348733,3451.030834883879,40485332190.0
4109.9386499,4109.935258804208,40485332190.0
10150.774275,10150.77290173346,40485332190.0
16818.349284,16818.348455330393,40485332190.0
7669.0750772,7669.073259859415,40485332190.0
5390.75852,5390.755934562986,40485332190.0
11104.507503,11104.506248839776,40485332190.0
735.98597864,735.9670419195984,40485332190.0
5551.2392731,5551.236762495525,40485332190.0
569.08244664,569.0579558507536,40485332190.0
3941.9781349,3941.9745993674387,40485332190.0
1504.0495582,1504.040291892895,40485332190.0
3774.0680492,3774.0643563887875,40485332190.0
12490.92025,12490.919134469308,40485332190.0
2473.4990387,2473.4934041925503,40485332190.0
2014.5677861,2014.5608679417055,40485332190.0
4102.4058101,4102.402412853511,40485332190.0
3853.3126568,3853.3090398716645,40485332190.0
2090.3082342,2090.301566779025,40485332190.0
1925.6324604,1925.625222695936,40485332190.0
2382.6963411,2382.6904918524015,40485332190.0
4639.6722592,4639.669255278465,40485332190.0
3385.0578523,3385.0537350454874,40485332190.0
4733.160641,4733.157696461683,40485332190.0
12861.006089,12861.005005221381,40485332190.0
3894.9235261,3894.919947822637,40485332190.0
5737.8972222,5737.894793327744,40485332190.0
4121.8465041,4121.843122889155,40485332190.0
2530.4309615,2530.4254536734366,40485332190.0
4566.468698,4566.465645990035,40485332190.0
913.61025346,913.5949984822414,40485332190.0
4644.7058331,4644.702832428721,40485332190.0
3823.7624455,3823.7588006487354,40485332190.0
11097.472037,11097.470781202144,40485332190.0
2460.9403016,2460.9346382982076,40485332190.0
6288.4228101,6288.420593766536,40485332190.0
12884.14413,12884.143048939879,40485332190.0
1907.3538084,1907.3465014128356,40485332190.0
4549.7387773,4549.735714076626,40485332190.0
13195.800126,13195.799069572124,40485332190.0
3586.5967965,3586.5929106230346,40485332190.0
851.9936552,851.9772969591952,40485332190.0
4926.9047815,4926.901952776544,40485332190.0
4616.1611958,4616.158176610904,40485332190.0
2413.5758407,2413.570066314064,40485332190.0
4032.5959607,4032.5925046003454,40485332190.0
2907.9375682,2907.9327755008367,40485332190.0
4713.8133307,4713.81037404127,40485332190.0
3884.5614758,3884.557888066036,40485332190.0
769.08065824,769.06253641597,40485332190.0
2896.2897167,2896.284904746762,40485332190.0
3875.2203719,3875.2167754265624,40485332190.0
8320.3540948,8320.352419731229,40485332190.0
2638.1496376,2638.144354713168,40485332190.0
2831.019599,2831.014676014635,40485332190.0
10452.491884,10452.490551186573,40485332190.0
4912.0512631,4912.04842585321,40485332190.0
6891.4219149,6891.419892603814,40485332190.0
2101.2154412,2101.2088083584817,40485332190.0
17568.309713,17568.308919494328,40485332190.0
2687.1558224,2687.1506359099426,40485332190.0
24418.517923,24418.51735284955,40485332190.0
1641.954711,1641.9462228968498,40485332190.0
2447.6952816,2447.6895876535013,40485332190.0
4669.9120761,4669.9090916424575,40485332190.0
4924.8747342,4924.87190423961,40485332190.0
9554.035274,9554.033815174564,40485332190.0
5727.1825092,5727.180075716867,40485332190.0
2930.5215382,2930.5167823741594,40485332190.0
5366.3185052,5366.315908074705,40485332190.0
1974.7592559,1974.7521982667415,40485332190.0
2182.7945585,2182.788173568598,40485332190.0
13508.622143,13508.621110960494,40485332190.0
10955.651462,10955.650190616821,40485332190.0
5474.6693425,5474.666796752699,40485332190.0
4270.262002,4270.258738208242,40485332190.0
2373.8172601,2373.811388974805,40485332190.0
10567.546831,10567.545512502671,40485332190.0
2449.543508,2449.537818320445,40485332190.0
2990.6247669,2990.6201067316083,40485332190.0
5039.8988486,5039.8960832845605,40485332190.0
968.42170457,968.4073130202984,40485332190.0
3074.6609079,3074.656375080678,40485332190.0
12925.204727,12925.203648455357,40485332190.0
4081.4957017,4081.4922870287,40485332190.0
7395.4225133,7395.420628765143,40485332190.0
4905.4214231,4905.418581988381,40485332190.0
3786.7118598,3786.7081792862145,40485332190.0
1292.0632874,1292.0525007319438,40485332190.0
860.36591566,860.3497166046343,40485332190.0
1487.4363433,1487.4269734219374,40485332190.0
2984.7369473,2984.73227790914,40485332190.0
716.25997173,716.2405134777116,40485332190.0
9035.4654713,9035.463928860265,40485332190.0
13117.725793,13117.72473039424,40485332190.0
3862.7770948,3862.7734867687877,40485332190.0
6661.9290114,6661.926919367611,40485332190.0
1725.1879265,1725.1798480215791,40485332190.0
3945.9432359,3945.939703966688,40485332190.0
4707.5226925,4707.519731842203,40485332190.0
3909.1313444,3909.1277791374955,40485332190.0
5461.1398125,5461.137260470404,40485332190.0
5584.2429456,5584.240449835791,40485332190.0
6235.9012601,6235.899025149346,40485332190.0
5368.8704568,5368.867860931872,40485332190.0
14463.629448,14463.628483873548,40485332190.0
16986.55772,16986.55690007848,40485332190.0
4206.9889264,4206.985613581606,40485332190.0
10568.921752,10568.920433969304,40485332190.0
1357.0335424,1357.0232722266517,40485332190.0
2127.4420482,2127.435497135843,40485332190.0
1661.7310774,1661.7226903289686,40485332190.0
4404.7595734,4404.7564093062565,40485332190.0
1900.356505,1900.3491710467235,40485332190.0
217.96153654,217.89758476806472,40485332190.0
8730.513502,8730.511905580011,40485332190.0
1191.6316353,1191.6199395256672,40485332190.0
3594.1519803,3594.148102610256,40485332190.0
1975.1799444,1975.1728883041949,40485332190.0
4264.5316227,4264.528354609123,40485332190.0
3550.7336482,3550.729723098723,40485332190.0
3946.0125791,3946.0090472271504,40485332190.0
6454.2858833,6454.283723886923,40485332190.0
10318.651793,10318.650441967151,40485332190.0
1749.6923789,1749.6844134038147,40485332190.0
572.69158535,572.6672489099706,40485332190.0
12389.478693,12389.477568917184,40485332190.0
4786.5277104,4786.52479864465,40485332190.0
6845.9496557,6845.9476198423945,40485332190.0
2511.3841091,2511.3785595756503,40485332190.0
9555.7907507,9555.78929225148,40485332190.0
3802.4908887,3802.487223456485,40485332190.0
3060.9823846,3060.977831477779,40485332190.0
6153.7935706,6153.79130581636,40485332190.0
2009.3817342,2009.374798186212,40485332190.0
1909.5522288,1909.5449301916794,40485332190.0
2221.5986965,2221.5924231089307,40485332190.0
9899.4034801,9899.402072214616,40485332190.0
5275.9803272,5275.97768562311,40485332190.0
7880.2423389,7880.240570279709,40485332190.0
5235.5811109,5235.578448957026,40485332190.0
369.98201277,369.9443414958024,40485332190.0
1357.3258726,1357.3156046261545,40485332190.0
3466.0971121,3466.0930911599135,40485332190.0
7905.1248641,7905.123101041593,40485332190.0
16731.87067,16731.869836287817,40485332190.0
2803.4473111,2803.4423397389623,40485332190.0
10084.223434,10084.222052017569,40485332190.0
2476.6542029,2476.6485755390618,40485332190.0
2455.3310189,2455.3253427067943,40485332190.0
696.01455648,695.9945322118655,40485332190.0
3621.7830103,3621.779162239642,40485332190.0
1731.1052403,1731.0971894144884,40485332190.0
3503.3976705,3503.3936924394884,40485332190.0
4988.2149361,4988.212142173178,40485332190.0
1174.773073,1174.7612094267902,40485332190.0
3461.1142129,3461.1101862385,40485332190.0
2155.3581148,2155.35164856815,40485332190.0
17806.789549,17806.78876555281,40485332190.0
1588.1970512,1588.1882758237896,40485332190.0
3434.2699903,3434.2659321312667,40485332190.0
3676.4951405,3676.4913496285976,40485332190.0
6516.345119,6516.342980226757,40485332190.0
2684.1803638,2684.175171513609,40485332190.0
6032.2688224,6032.266512024418,40485332190.0
8055.0606882,8055.05895791746,40485332190.0
1392.2551872,1392.2451767354837,40485332190.0
497.96037865,497.9323897222503,40485332190.0
1899.0415992,1899.0342602420226,40485332190.0
2478.1574135,2478.1517895793586,40485332190.0
7279.693129,7279.691214545323,40485332190.0
3237.9607236,3237.95641937985,40485332190.0
5132.6355925,5132.632877142216,40485332190.0
4382.6423488,4382.639168770479,40485332190.0
4070.8363666,4070.8329430001854,40485332190.0
2247.5503974,2247.5441963970916,40485332190.0
1916.63922,1916.63194844468,40485332190.0
5378.7062074,5378.70361628114,40485332190.0
4248.0077937,4248.004512861224,40485332190.0
2245.8252713,2245.8190656081247,40485332190.0
1533.9662059,1533.9571203251378,40485332190.0
9926.9249123,9926.92350834271,40485332190.0
4568.1118435,4568.108792621461,40485332190.0
5723.5531932,5723.550758144208,40485332190.0
7673.5034543,7673.5016381136875,40485332190.0
7653.4486579,7653.446836958722,40485332190.0
709.99028155,709.9706514590267,40485332190.0
2689.0500105,2689.0448275832227,40485332190.0
4267.50465,4267.501384162138,40485332190.0
2244.8036279,2244.797419400567,40485332190.0
2693.5381107,2693.532936453538,40485332190.0
3980.4401758,3980.4366744285476,40485332190.0
3757.7124673,3757.708758371127,40485332190.0
8038.6996792,8038.6979454291895,40485332190.0
7272.6879645,7272.68604812808,40485332190.0
8979.8944456,8979.892893563845,40485332190.0
2276.1676949,2276.1615718814255,40485332190.0
3514.5924122,3514.588446735659,40485332190.0
2383.1281878,2383.122339607166,40485332190.0
1229.7999109,1229.7885782042301,40485332190.0
4133.9093646,4133.905993198205,40485332190.0
4696.2529418,4696.249974072972,40485332190.0
2005.5810314,2005.5740823192398,40485332190.0
7894.1866996,7894.184934202469,40485332190.0
2615.2375199,2615.2321907319483,40485332190.0
1964.2749212,1964.267825953448,40485332190.0
789.23689162,789.2192326126137,40485332190.0
16221.447974,16221.447115379748,40485332190.0
4992.5801607,4992.577369110719,40485332190.0
3028.0025753,3027.9979726653355,40485332190.0
4580.5262559,4580.5232132782485,40485332190.0
2347.0069714,2347.001033248859,40485332190.0
13418.714273,13418.713233916764,40485332190.0
2124.1883106,2124.1817494630627,40485332190.0
5842.1776953,5842.17530972489,40485332190.0
3234.6791367,3234.674827987764,40485332190.0
5348.4208834,5348.418277624876,40485332190.0
4310.9628861,4310.959653202154,40485332190.0
2592.1637034,2592.158326830762,40485332190.0
5256.7908928,5256.788241593617,40485332190.0
3399.4680748,3399.463975054151,40485332190.0
5045.0509144,5045.048151879517,40485332190.0
6370.4504347,6370.448246932213,40485332190.0
1643.0997644,1643.0912822387534,40485332190.0
2241.7807104,2241.774493396663,40485332190.0
1411.8742383,1411.8643670488864,40485332190.0
7659.4383969,7659.436577312279,40485332190.0
9479.3563299,9479.354859620784,40485332190.0
12470.588124,12470.587007097429,40485332190.0
3772.0958026,3772.0921078035053,40485332190.0
9292.9066943,9292.905194570356,40485332190.0
1725.6579497,1725.6498732618265,40485332190.0
5392.3657821,5392.363197516376,40485332190.0
2557.9675184,2557.9620698821072,40485332190.0
11966.204845,11966.20368058423,40485332190.0
16327.448437,16327.447583442878,40485332190.0
4684.9786762,4684.975701429504,40485332190.0
7657.4151519,7657.4133317810865,40485332190.0
1835.5010119,1835.493418883872,40485332190.0
5142.1164182,5142.113707837119,40485332190.0
5249.8832831,5249.880628369361,40485332190.0
1777.6196304,1777.6117901749783,40485332190.0
5542.8504915,5542.847977172347,40485332190.0
1801.7685019,1801.7607667114553,40485332190.0
521.01171344,520.9849629045032,40485332190.0
1330.2302563,1330.2197791065519,40485332190.0
1570.0441763,1570.035299467559,40485332190.0
8508.4971916,8508.49555365222,40485332190.0
2442.6981285,2442.692423000321,40485332190.0
1888.3263919,1888.3190111956692,40485332190.0
9840.5577802,9840.556363882037,40485332190.0
5620.6890385,5620.686558960964,40485332190.0
1599.1086373,1599.0999217929227,40485332190.0
1656.5232504,1656.5148369209867,40485332190.0
22803.757668,22803.75705692643,40485332190.0
2171.1499528,2171.143533614563,40485332190.0
2456.9362697,2456.930597145129,40485332190.0
11783.387866,11783.386683160696,40485332190.0
5611.3017681,5611.299284352619,40485332190.0
21896.561363,21896.56072660971,40485332190.0
6902.1248882,6902.122869022203,40485332190.0
5492.5499162,5492.547378848332,40485332190.0
4521.173232,4521.17014944313,40485332190.0
5943.5182636,5943.515918673506,40485332190.0
4185.4224819,4185.419152010021,40485332190.0
9195.2208266,9195.219310895009,40485332190.0
4144.3446295,4144.341266612683,40485332190.0
4962.8389294,4962.836121124803,40485332190.0
2000.1823285,2000.1753606789537,40485332190.0
1984.1788644,1984.1718403459815,40485332190.0
4002.4440092,4002.4405270585553,40485332190.0
714.27307804,714.2535656529944,40485332190.0
3475.3339595,3475.3299492151696,40485332190.0
782.51003965,782.4922288435225,40485332190.0
5287.9768549,5287.974219333957,40485332190.0
7675.9583647,7675.956548996335,40485332190.0
1597.5515636,1597.5428395585222,40485332190.0
753.55769126,753.5391961223557,40485332190.0
2412.016182,2412.010403835742,40485332190.0
5292.7974969,5292.794863715916,40485332190.0
8773.2653247,8773.263736192219,40485332190.0
1987.6685328,1987.661521083987,40485332190.0
7482.1160984,7482.114235746943,40485332190.0
3278.4541371,3278.4498859730124,40485332190.0
2705.723933,2705.718782097392,40485332190.0
10831.04887,10831.047583133432,40485332190.0
4742.8533939,4742.850455395368,40485332190.0
3287.451923,3287.4476835529595,40485332190.0
5428.0644431,5428.061875510063,40485332190.0
852.62381323,852.6074670785266,40485332190.0
11084.253474,11084.252216802885,40485332190.0
4126.9896879,4126.9863108835525,40485332190.0
3924.0544652,3924.050913479809,40485332190.0
6483.0158073,6483.013657518581,40485332190.0
13344.138011,13344.136966911088,40485332190.0
2923.0560955,2923.0513274724053,40485332190.0
15603.054829,15603.053936509072,40485332190.0
4278.4429635,4278.43970603794,40485332190.0
3898.9977974,3898.9942229126837,40485332190.0
3760.0056372,3760.0019306482386,40485332190.0
4834.2534616,4834.250578681179,40485332190.0
2804.3801352,2804.3751655216684,40485332190.0
5598.2332716,5598.230782071692,40485332190.0
2128.5023031,2128.4957552236797,40485332190.0
405.17314897,405.13874991203886,40485332190.0
4277.9500886,4277.946830759351,40485332190.0
3912.8951223,3912.8915605483567,40485332190.0
4125.0748791,4125.071500463404,40485332190.0
1427.6194363,1427.6096738537617,40485332190.0
4842.8133914,4842.810513512304,40485332190.0
2981.6028882,2981.5982139118064,40485332190.0
12747.002826,12747.001732605035,40485332190.0
4326.4255903,4326.422368941996,40485332190.0
3554.4439702,3554.440049222195,40485332190.0
1258.0029882,1257.9919094792162,40485332190.0
11606.829963,11606.8287621758,40485332190.0
3720.0647134,3720.0609669494434,40485332190.0
5002.8834181,5002.880632262084,40485332190.0
1699.4751352,1699.4669343928663,40485332190.0
6773.099409,6773.097351369705,40485332190.0
1127.7389938,1127.7266354176147,40485332190.0
1279.7097384,1279.6988475936812,40485332190.0
4875.9708502,4875.967991908084,40485332190.0
953.24832007,953.233699443893,40485332190.0
3162.034881,3162.0304733668972,40485332190.0
2237.2487358,2237.242506294856,40485332190.0
2012.1176917,2012.1107651344576,40485332190.0
969.75048449,969.7361126681183,40485332190.0
4878.382038,4878.379181133704,40485332190.0
3377.6517784,3377.647652134227,40485332190.0
3084.8547175,3084.850199686662,40485332190.0
4165.1489187,4165.145572638744,40485332190.0
9686.7184585,9686.717019722595,40485332190.0
4751.9872215,4751.984288588073,40485332190.0
1746.312203,1746.3042221492442,40485332190.0
3783.2314403,3783.2277564792626,40485332190.0
3015.2631116,3015.258489452341,40485332190.0
2525.1784585,2525.17293923567,40485332190.0
5676.6807458,5676.6782907127035,40485332190.0
604.32624556,604.303183100235,40485332190.0
3190.4214478,3190.417079471527,40485332190.0
11148.858033,11148.856783104622,40485332190.0
3890.9364007,3890.9328187620054,40485332190.0
3590.205065,3590.20118301246,40485332190.0
299.77409712,299.72760189190785,40485332190.0
1030.9273382,1030.9138191950324,40485332190.0
9001.5108324,9001.509284108379,40485332190.0
2316.2454267,2316.239409621028,40485332190.0
4970.3753794,4970.372575380652,40485332190.0
2214.7579683,2214.751675573429,40485332190.0
1783.2946517,1783.2868362978509,40485332190.0
5237.3390715,5237.33641045629,40485332190.0
4579.4848521,4579.481808761134,40485332190.0
2217.215592,2217.2093061497776,40485332190.0
5505.0499991,5505.047467436832,40485332190.0
9316.4970529,9316.495557028828,40485332190.0
2827.5120045,2827.50707545662,40485332190.0
7030.2438345,7030.241852120315,40485332190.0
1675.832529,1675.8242124439607,40485332190.0
1702.6125728,1702.604387098195,40485332190.0
709.41783996,709.3981940256696,40485332190.0
1822.7804931,1822.7728470503782,40485332190.0
3427.8328987,3427.828832876235,40485332190.0
4208.7360022,4208.732690780628,40485332190.0
9077.4883648,9077.486829462941,40485332190.0
7074.023071,7074.0211008255155,40485332190.0
2733.9742527,2733.969154936118,40485332190.0
4120.795432,4120.792049861159,40485332190.0
9999.078902,9999.077508165574,40485332190.0
1816.6498726,1816.6422007746655,40485332190.0
1416.0770059,1416.067163995142,40485332190.0
4838.4290994,4838.426218892627,40485332190.0
751.79769946,751.7791610261689,40485332190.0
7218.5552004,7218.553269658132,40485332190.0
4502.2329794,4502.229883870178,40485332190.0
11655.950868,11655.949671848008,40485332190.0
2891.081335,2891.0765143237854,40485332190.0
4531.3601377,4531.357061957239,40485332190.0
1470.8735067,1470.8640313344847,40485332190.0
4606.8359935,4606.83296822448,40485332190.0
22202.221313,22202.220685997807,40485332190.0
2896.0897084,2896.0848960808376,40485332190.0
6569.2763421,6569.274220546704,40485332190.0
3119.6631374,3119.658669932744,40485332190.0
7281.5061411,7281.504227020512,40485332190.0
1524.8577871,1524.8486472687134,40485332190.0
5299.3747771,5299.372147134088,40485332190.0
7036.249392,7036.247411196135,40485332190.0
4256.74383,4256.740555854101,40485332190.0
1326.0173377,1326.0068272927808,40485332190.0
1353.6194625,1353.609166375427,40485332190.0
8194.1540182,8194.152317369844,40485332190.0
3474.1425373,3474.1385255885307,40485332190.0
2787.5938599,2787.588860276243,40485332190.0
11158.848197,11158.846948586128,40485332190.0
2576.20697,2576.2015601126914,40485332190.0
4773.6048912,4773.601971580474,40485332190.0
2143.0184403,2143.0119369011286,40485332190.0
2921.4239484,2921.4191778238655,40485332190.0
4437.9942646,4437.9911242243525,40485332190.0
4100.861913,4100.858514512721,40485332190.0
8289.7093993,8289.707718063817,40485332190.0
9750.0751973,9750.073767869111,40485332190.0
2374.5581897,2374.552320403677,40485332190.0
2933.732749,2933.7279984325496,40485332190.0
1037.7461621,1037.732731969752,40485332190.0
4823.5260612,4823.523171894054,40485332190.0
2015.260393,2015.2534772915824,40485332190.0
8984.4000448,8984.398493616427,40485332190.0
2116.4127663,2116.4061811479664,40485332190.0
2517.0671884,2517.061651468131,40485332190.0
2457.1161473,2457.1104751563335,40485332190.0
3815.7539431,3815.7502906031523,40485332190.0
3416.5739073,3416.569828137216,40485332190.0
5506.560316,5506.557785082694,40485332190.0
1508.6713165,1508.6620785400323,40485332190.0
3849.8108632,3849.8072429586164,40485332190.0
8671.7987541,8671.797147008107,40485332190.0
2745.7330252,2745.727949251511,40485332190.0
5386.3282239,5386.325636420058,40485332190.0
5191.570473,5191.567788530867,40485332190.0
2428.1352299,2428.129490112264,40485332190.0
118.98289655,118.86570450966532,40485332190.0
1279.119851,1279.108955255038,40485332190.0
3971.8143151,3971.8108061953317,40485332190.0
5715.2187803,5715.216341675256,40485332190.0
2336.1621948,2336.1562290075776,40485332190.0
7230.4817028,7230.479775347072,40485332190.0
1048.2387482,1048.225452498971,40485332190.0
977.04151986,977.0272552799377,40485332190.0
5423.5915133,5423.588943582174,40485332190.0
8945.6714585,8945.66990051877,40485332190.0
1823.878902,1823.8712605817034,40485332190.0
1779.9275172,1779.91968704116,40485332190.0
8520.3084497,8520.306813968857,40485332190.0
3677.7563293,3677.752539826217,40485332190.0
4654.9320621,4654.929068102642,40485332190.0
6988.4824522,6988.480457898474,40485332190.0
2818.140985,2818.1360395878824,40485332190.0
4854.7136236,4854.710752822045,40485332190.0
7683.9216123,7683.9197985068495,40485332190.0
2002.0248487,2002.0178872249257,40485332190.0
3816.8453842,3816.8417328140304,40485332190.0
2970.4815851,2970.4768933319074,40485332190.0
3523.8180821,3523.814126938973,40485332190.0
2306.8399968,2306.8339551387,40485332190.0
8066.4432202,8066.441492416723,40485332190.0
707.06692522,707.0472139630035,40485332190.0
3238.7222884,3238.717985206752,40485332190.0
2596.8248221,2596.819455194712,40485332190.0
1353.701188,1353.6908925085984,40485332190.0
2755.0550751,2755.050016433865,40485332190.0
7658.5666927,7658.564872897171,40485332190.0
4928.7381179,4928.735290235127,40485332190.0
10375.235545,10375.234201651663,40485332190.0
5409.7941389,5409.791562717072,40485332190.0
11560.228061,11560.226855049197,40485332190.0
3249.1671762,3249.1628868092303,40485332190.0
3186.9193494,3186.91497622273,40485332190.0
11323.348202,11323.346971433977,40485332190.0
3130.1673368,3130.1628843314875,40485332190.0
4254.3679602,4254.364684276953,40485332190.0
4000.4953007,4000.4918168553054,40485332190.0
409.41772615,409.383683755696,40485332190.0
3372.5714744,3372.567341899397,40485332190.0
2482.3960925,2482.390478158316,40485332190.0
4332.3007413,4332.297524379266,40485332190.0
4560.5879968,4560.58494084157,40485332190.0
2604.3503484,2604.34499698144,40485332190.0
299.00872888,298.962114632994,40485332190.0
2577.5267186,2577.521311507565,40485332190.0
5576.4724917,5576.469992490998,40485332190.0
6124.7682848,6124.7660093039285,40485332190.0
1155.3810175,1155.3689548387913,40485332190.0
6106.74983,6106.747547779067,40485332190.0
7724.944064,7724.942259847959,40485332190.0
4412.5308171,4412.527658592574,40485332190.0
5078.7692312,5078.76648703271,40485332190.0
6752.2860874,6752.284023357411,40485332190.0
3363.4130427,3363.408899010791,40485332190.0
5167.0211317,5167.018434418091,40485332190.0
1286.5531074,1286.5422746271431,40485332190.0
10100.400829,10100.399449758399,40485332190.0
4490.5816479,4490.578544358761,40485332190.0
2682.519359,2682.514163491052,40485332190.0
7002.477589,7002.475598684372,40485332190.0
2339.1637121,2339.1577540490844,40485332190.0
8992.4385434,8992.436993553298,40485332190.0
2303.0126832,2303.0066315837244,40485332190.0
5007.6862165,5007.683433326173,40485332190.0
11374.568545,11374.56731998479,40485332190.0
4111.0353993,4111.032009157803,40485332190.0
3845.1006977,3845.0970730490394,40485332190.0
1086.1740715,1086.1612401778684,40485332190.0
8837.5216827,8837.520105740716,40485332190.0
2165.0016744,2164.9952370386145,40485332190.0
4120.3355208,4120.332138218682,40485332190.0
12940.561861,12940.56078479128,40485332190.0
3120.8596873,3120.855221468553,40485332190.0
4502.9985578,4502.995462764951,40485332190.0
3316.9618315,3316.957629712116,40485332190.0
4899.500686,4899.497841364959,40485332190.0
5238.2379047,5238.235244082535,40485332190.0
2200.9774998,2200.9711676095335,40485332190.0
2988.3222554,2988.31759162607,40485332190.0
8947.1247169,8947.123159119017,40485332190.0
1975.7972148,1975.7901609310732,40485332190.0
2888.2096092,2888.204783702048,40485332190.0
3550.4985142,3550.4945888592,40485332190.0
1547.6299158,1547.6209103569824,40485332190.0
2278.6678571,2278.6617408307707,40485332190.0
1380.9274674,1380.9173748826122,40485332190.0
4278.1409462,4278.137688425561,40485332190.0
5294.2905618,5294.287929344335,40485332190.0
4971.0089699,4971.006166231018,40485332190.0
2380.2697582,2380.2639030502014,40485332190.0
3753.7010035,3753.697290682794,40485332190.0
1819.6512766,1819.6436174335881,40485332190.0
1393.9361691,1393.9261707851842,40485332190.0
14298.899571,14298.898595391678,40485332190.0
3829.0983864,3829.094746605807,40485332190.0
4635.0834728,4635.080465953655,40485332190.0
14590.238192,14590.23723661365,40485332190.0
3436.5377347,3436.5336791042896,40485332190.0
4410.5838058,4410.580645929138,40485332190.0
3498.5530022,3498.549018608039,40485332190.0
3633.7004427,3633.6966072792716,40485332190.0
1356.7350595,1356.7247869723865,40485332190.0
4799.7749264,4799.772022739097,40485332190.0
9929.2159534,9929.21454977545,40485332190.0
3539.0814948,3539.0775567523515,40485332190.0
2318.5819615,2318.575950530419,40485332190.0
3197.0061147,3197.001755269128,40485332190.0
6632.1831585,6632.18105711318,40485332190.0
1491.1349294,1491.125582867059,40485332190.0
2245.520135,2245.51392841087,40485332190.0
5485.3040196,5485.30147881148,40485332190.0
6784.8355049,6784.8334507486525,40485332190.0
4975.5618409,4975.559039821681,40485332190.0
364.57066424,364.5324337626754,40485332190.0
20367.158011,20367.15732700083,40485332190.0
6515.1045862,6515.1024469783415,40485332190.0
6882.1644858,6882.162460697502,40485332190.0
4535.3834993,4535.38042629828,40485332190.0
2041.9416613,2041.9348359991302,40485332190.0
5269.2333165,5269.2306715529585,40485332190.0
13901.273318,13901.27231516082,40485332190.0
2898.517588,2898.512779741199,40485332190.0
7797.9187414,7797.916954148046,40485332190.0
3842.3342536,3842.3306263773957,40485332190.0
2918.3086325,2918.303856841621,40485332190.0
4778.3868477,4778.383930976008,40485332190.0
3300.4084003,3300.404177519768,40485332190.0
2999.80577,2999.801124028718,40485332190.0
7240.7130923,7240.711167553518,40485332190.0
814.29974711,814.2826316343028,40485332190.0
3934.6951325,3934.691590398903,40485332190.0
3316.9676909,3316.9634891827404,40485332190.0
1549.1102554,1549.101258621389,40485332190.0
6424.5960796,6424.593910223233,40485332190.0
5104.9657809,5104.963050822874,40485332190.0
2220.1367016,2220.130424010448,40485332190.0
7970.5505522,7970.548803699587,40485332190.0
9137.8463754,9137.844850185615,40485332190.0
5144.5369079,5144.5341988622995,40485332190.0
13729.128004,13729.126988830803,40485332190.0
5929.997924,5929.995573697,40485332190.0
3254.7456732,3254.7413911202148,40485332190.0
4213.9313346,4213.928027204933,40485332190.0
7343.3396718,7343.337773900063,40485332190.0
4391.4261728,4391.422999137736,40485332190.0
5462.128558,5462.12600641145,40485332190.0
2995.8733519,2995.8686998536796,40485332190.0
7849.3378049,7849.336029385672,40485332190.0
1989.3487818,1989.3417759204192,40485332190.0
6541.3036731,6541.301542417524,40485332190.0
2550.9242287,2550.9187651400553,40485332190.0
281.344818,281.29527663122855,40485332190.0
3188.7567754,3188.752404716574,40485332190.0
2627.8636374,2627.858333912406,40485332190.0
2964.6160636,2964.611362453991,40485332190.0
6380.7557568,6380.753572541372,40485332190.0
3158.7187643,3158.7143521504695,40485332190.0
2710.8812399,2710.876098764313,40485332190.0
7065.8746702,7065.872697724514,40485332190.0
3817.2079835,3817.2043323729513,40485332190.0
4327.5808372,4327.577616707211,40485332190.0
620.64620365,620.6237476503316,40485332190.0
3783.2592569,3783.2555730532845,40485332190.0
5281.317385,5281.314746039848,40485332190.0
5860.2432986,5860.240920377051,40485332190.0
1956.2065248,1956.199400330369,40485332190.0
2132.4672412,2132.4607055881024,40485332190.0
6006.6244153,6006.622095036942,40485332190.0
2382.3011081,2382.2952579376265,40485332190.0
791.61554928,791.5979433354674,40485332190.0
2304.2485706,2304.2425222493275,40485332190.0
2213.4079558,2213.401659095625,40485332190.0
8748.2234895,8748.221896397534,40485332190.0
1181.4861808,1181.4743845856813,40485332190.0
9414.0401819,9414.038701429272,40485332190.0
845.31764254,845.3011551027405,40485332190.0
4306.2225899,4306.219353397502,40485332190.0
4293.3127947,4293.309548482999,40485332190.0
3867.5696373,3867.5660337339527,40485332190.0
2605.8769747,2605.8716263699357,40485332190.0
3242.7043577,3242.7000597309175,40485332190.0
14628.402193,14628.401239982672,40485332190.0
2112.479035,2112.472437557953,40485332190.0
3091.1440254,3091.1395168010235,40485332190.0
7439.0191411,7439.017267552115,40485332190.0
2241.6830733,2241.676856172732,40485332190.0
2523.9075563,2523.902034287005,40485332190.0
2264.9055578,2264.899404352062,40485332190.0
2616.3196211,2616.314294184115,40485332190.0
1944.2631294,1944.2559611567372,40485332190.0
3454.0323158,3454.0282808565635,40485332190.0
2377.5865419,2377.5806799845745,40485332190.0
2308.2997795,2308.2937417127573,40485332190.0
4136.8732831,4136.869914144549,40485332190.0
1245.8627723,1245.851585656125,40485332190.0
13657.271125,13657.270104202331,40485332190.0
2878.1166789,2878.111836481087,40485332190.0
1288.550241,1288.5394249266544,40485332190.0
1958.8092373,1958.8021222306427,40485332190.0
12332.379439,12332.378308737914,40485332190.0
1858.254206,1858.2467060225451,40485332190.0
407.92184406,407.8876768104316,40485332190.0
8013.1377508,8013.1360115211555,40485332190.0
3264.1860239,3264.181754222912,40485332190.0
929.33950048,929.3245037001102,40485332190.0
11732.144559,11732.143371483697,40485332190.0
4214.0370473,4214.033740101297,40485332190.0
1876.7309574,1876.723531201029,40485332190.0
5844.901445,5844.899060536341,40485332190.0
1164.3005638,1164.2885934612555,40485332190.0
2977.3012943,2977.296613188051,40485332190.0
5614.2420561,5614.239573741999,40485332190.0
5923.0589457,5923.056592757242,40485332190.0
3146.8969404,3146.89251157831,40485332190.0
5152.7010236,5152.698318835005,40485332190.0
8276.9709248,8276.96924102545,40485332190.0
11643.810479,11643.8092820681,40485332190.0
10331.179782,10331.17843227391,40485332190.0
7785.8607576,7785.858967535593,40485332190.0
1079.9383535,1079.9254480815252,40485332190.0
2263.7532712,2263.747114558415,40485332190.0
1166.1276799,1166.115728375005,40485332190.0
6216.1936202,6216.191378150008,40485332190.0
3282.3323398,3282.3280937331438,40485332190.0
4577.0715171,4577.068472165089,40485332190.0
1117.4382389,1117.4257665725584,40485332190.0
5510.3369147,5510.334385397187,40485332190.0
5196.40249,5196.399807953607,40485332190.0
715.26514697,715.2456616513346,40485332190.0
4090.4334279,4090.430020606395,40485332190.0
936.8684655,936.8535892446237,40485332190.0
10143.974994,10143.973619565686,40485332190.0
1610.05734,1610.0486837360154,40485332190.0
7800.6100747,7800.608287994986,40485332190.0
3052.992146,3052.987581019668,40485332190.0
2132.1485896,2132.142052960215,40485332190.0
1119.0759755,1119.0635214132587,40485332190.0
5135.9658226,5135.963109043676,40485332190.0
3779.8056717,3779.8019844424443,40485332190.0
9955.099086,9955.09768597197,40485332190.0
6126.5322073,6126.529932482589,40485332190.0
1667.1074021,1667.099042152337,40485332190.0
16694.990462,16694.989626871506,40485332190.0
1919.7117063,1919.7044463544391,40485332190.0
2437.993844,2437.988127501202,40485332190.0
3348.9724275,3348.9682659250543,40485332190.0
4529.6319501,4529.628873231751,40485332190.0
1593.0814929,1593.0727444019603,40485332190.0
2752.7689169,2752.763853966152,40485332190.0
1597.2931516,1597.2844262430106,40485332190.0
4093.1105166,4093.107111581029,40485332190.0
9258.5486601,9258.547154829726,40485332190.0
1440.6759408,1440.6662668413912,40485332190.0
4147.1717531,4147.168392541419,40485332190.0
4613.9262566,4613.923235993296,40485332190.0
6642.308927,6642.306828801023,40485332190.0
3071.8081623,3071.803625143324,40485332190.0
5176.0233677,5176.020675125601,40485332190.0
1343.9696264,1343.959256424163,40485332190.0
3941.8169491,3941.8134134185693,40485332190.0
13390.781957,13390.780915957446,40485332190.0
2550.9246052,2550.919141648057,40485332190.0
2852.8498546,2852.844969279244,40485332190.0
15872.885714,15872.884836044417,40485332190.0
2059.771349,2059.7645826850758,40485332190.0
1850.9007661,1850.8932362482612,40485332190.0
8158.1514153,8158.149706921968,40485332190.0
3053.3879048,3053.3833403082144,40485332190.0
6828.6349917,6828.632950771975,40485332190.0
11976.640921,11976.639757443341,40485332190.0
7287.1718986,7287.169986062226,40485332190.0
1428.4602727,1428.4505160589617,40485332190.0
3363.8794422,3363.8752990406915,40485332190.0
1009.8052283,1009.7914265833282,40485332190.0
2839.6404271,2839.6355190639842,40485332190.0
2793.3660319,2793.3610425672987,40485332190.0
2868.5348985,2868.530039973581,40485332190.0
1796.8638165,1796.856060225743,40485332190.0
3405.4410208,3405.436928178587,40485332190.0
3055.8065812,3055.8020204234285,40485332190.0
5987.8446261,5987.842298533541,40485332190.0
8415.7755134,8415.773857355412,40485332190.0
3061.8042167,3061.799664885016,40485332190.0
10150.702863,10150.701489277073,40485332190.0
1829.0869962,1829.0793764863006,40485332190.0
3736.9983736,3736.9946441958323,40485332190.0
2346.696679,2346.690740016178,40485332190.0
2453.2050285,2453.199347331575,40485332190.0
2231.1804063,2231.1741598207896,40485332190.0
4712.2608832,4712.257925621531,40485332190.0
2792.7321842,2792.7271936857182,40485332190.0
2184.1848812,2184.1785003328505,40485332190.0
3492.3867952,3492.3828045663395,40485332190.0
6514.8661248,6514.863985525498,40485332190.0
1171.3126102,1171.3007114879322,40485332190.0
5415.996744,5415.994170673779,40485332190.0
1940.2393012,1940.2321181469829,40485332190.0
2124.5717577,2124.5651978686865,40485332190.0
3084.915016,3084.9104982377116,40485332190.0
2406.2811948,2406.275402828081,40485332190.0
2359.4212605,2359.4153535701776,40485332190.0
1086.052749,1086.039916272116,40485332190.0
1123.6921365,1123.6797335389797,40485332190.0
3336.9318158,3336.9276392113443,40485332190.0
200.75525216,200.6858174012,40485332190.0
5374.676047,5374.673453882741,40485332190.0
3601.6112989,3601.607429283693,40485332190.0
12246.594796,12246.593657825353,40485332190.0
3685.8663586,3685.8625773498547,40485332190.0
3310.7723878,3310.7681782091904,40485332190.0
4233.9822715,4233.978979787132,40485332190.0
1854.6186306,1854.611115858937,40485332190.0
1246.3229974,1246.3118148070207,40485332190.0
6222.0057725,6222.003532565891,40485332190.0
4427.8040693,4427.800921711863,40485332190.0
2542.8742211,2542.8687402797095,40485332190.0
2189.0850982,2189.078731617113,40485332190.0
2682.8829652,2682.8777703985074,40485332190.0
4377.7253747,4377.722191101047,40485332190.0
4849.5984254,4849.595551624627,40485332190.0
2514.0616286,2514.056084939225,40485332190.0
2484.9119967,2484.9063881004886,40485332190.0
4645.684036,4645.681036066979,40485332190.0
2963.9703641,2963.965661927879,40485332190.0
3084.860078,3084.8555601087273,40485332190.0
2437.2528801,2437.2471617780993,40485332190.0
3514.7959517,3514.7919864837963,40485332190.0
2897.2859957,2897.281185330294,40485332190.0
2511.7440518,2511.7385030626824,40485332190.0
4482.8464332,4482.843324246522,40485332190.0
7678.6029628,7678.60114782917,40485332190.0
10103.903604,10103.902224689284,40485332190.0
3774.3591241,3774.3554316147975,40485332190.0
8406.1574479,8406.155789988681,40485332190.0
5956.7666901,5956.764350448222,40485332190.0
6535.8826784,6535.8805459659325,40485332190.0
4709.7367835,4709.733824292286,40485332190.0
3087.0347754,3087.030260672623,40485332190.0
3750.6248603,3750.621144427159,40485332190.0
6068.3660213,6068.363724605804,40485332190.0
1704.6696048,1704.6614290115263,40485332190.0
23980.406025,23980.405443841544,40485332190.0
3142.8010484,3142.7966138356055,40485332190.0
1601.3350508,1601.3263474437713,40485332190.0
7145.0114064,7145.009455806614,40485332190.0
1453.3551482,1453.3455586404618,40485332190.0
3318.6160091,3318.611809456699,40485332190.0
12211.620971,12211.619830162663,40485332190.0
1879.0056019,1878.9981847189806,40485332190.0
6526.2976875,6526.295551969303,40485332190.0
5485.9557504,5485.95320992123,40485332190.0
6319.2592539,6319.25704840582,40485332190.0
3546.0206028,3546.016672465649,40485332190.0
2721.8431793,2721.838058858855,40485332190.0
3816.1807615,3816.17710941473,40485332190.0
5450.2671867,5450.2646295249215,40485332190.0
2264.3139889,2264.30783381251,40485332190.0
3140.1173899,3140.1129515621496,40485332190.0
631.22050464,631.1984248360557,40485332190.0
980.85641746,980.8422083635726,40485332190.0
847.29251999,847.2760709797575,40485332190.0
10976.76713,10976.765860554633,40485332190.0
1789.9903932,1789.9826071549912,40485332190.0
9669.2404188,9669.23897745987,40485332190.0
1276.9653192,1276.9544050478964,40485332190.0
6719.5539904,6719.551916252576,40485332190.0
10800.431498,10800.43020791509,40485332190.0
6516.684777,6516.682638348033,40485332190.0
2492.0729482,2492.067355654123,40485332190.0
2126.1313262,2126.1247711187934,40485332190.0
24765.222139,24765.221576517648,40485332190.0
1587.4245062,1587.415726526763,40485332190.0
5135.6249053,5135.6221915159695,40485332190.0
4817.0622401,4817.059346861131,40485332190.0
7176.8497337,7176.847791822253,40485332190.0
7095.6087784,7095.606814213652,40485332190.0
7395.8509196,7395.8490352437575,40485332190.0
997.02363841,997.0096597262684,40485332190.0
3235.3604401,3235.356132302119,40485332190.0
4804.2890751,4804.286174100708,40485332190.0
200.20903699,200.13941272569863,40485332190.0
2962.2234445,2962.2187396344543,40485332190.0
2099.5667779,2099.5601397921437,40485332190.0
8174.8363107,8174.834605810665,40485332190.0
2348.1391815,2348.1332462065147,40485332190.0
2736.5431863,2736.538093302148,40485332190.0
3934.2343471,3934.230804585117,40485332190.0
12938.612895,12938.611818255336,40485332190.0
1310.0821908,1310.0715525379649,40485332190.0
4191.5556341,4191.552309057177,40485332190.0
8688.1114728,8688.109868616973,40485332190.0
2477.4816261,2477.476000613802,40485332190.0
4337.6332047,4337.629991685734,40485332190.0
3868.2844345,3868.2808316770997,40485332190.0
2590.0412065,2590.0358254224543,40485332190.0
2040.8290657,2040.8222365787574,40485332190.0
19160.663948,19160.66322030246,40485332190.0
1032.6627892,1032.6492930026452,40485332190.0
1757.5219174,1757.5139875028738,40485332190.0
3724.7016467,3724.6979050118225,40485332190.0
708.0528014,708.0331175884434,40485332190.0
1218.6791196,1218.6676833563124,40485332190.0
9023.4045737,9023.403029211075,40485332190.0
578.27263213,578.2485305727907,40485332190.0
9393.0535144,9393.052030682406,40485332190.0
1180.8989315,1180.8871293552584,40485332190.0
2525.4407051,2525.435186447922,40485332190.0
11688.154007,11688.152814677193,40485332190.0
6378.3836566,6378.381471619922,40485332190.0
13086.481787,13086.480721535347,40485332190.0
956.33169283,956.3171193333709,40485332190.0
7087.8165061,7087.814539703996,40485332190.0
13427.086585,13427.085546210355,40485332190.0
2921.3974243,2921.3926535868786,40485332190.0
2954.8749313,2954.870214634586,40485332190.0
2705.0678743,2705.0627220885995,40485332190.0
7538.2228299,7538.220981105429,40485332190.0
8811.7320434,8811.730461728288,40485332190.0
2719.4776271,2719.47250223261,40485332190.0
10684.694146,10684.692842339653,40485332190.0
5441.6812335,5441.678672374121,40485332190.0
674.68236182,674.6617044081945,40485332190.0
9101.9839097,9101.982378454568,40485332190.0
1328.0158541,1328.0053594287128,40485332190.0
2191.7603935,2191.7540346993915,40485332190.0
2392.8283551,2392.8225306544523,40485332190.0
2953.0059035,2953.0011839104745,40485332190.0
2273.3501584,2273.344027844701,40485332190.0
2616.6264921,2616.621165695714,40485332190.0
1672.1111842,1672.1028492185305,40485332190.0
2865.8932815,2865.8884183685996,40485332190.0
12038.845513,12038.844355017505,40485332190.0
1421.0548399,1421.0450323093633,40485332190.0
2406.3365577,2406.3307658402086,40485332190.0
1294.5856666,1294.5749009643785,40485332190.0
3135.1812685,3135.1768231433794,40485332190.0
926.46913659,926.4540933491826,40485332190.0
1912.7201421,1912.712855648428,40485332190.0
3703.1382995,3703.134535982061,40485332190.0
8882.9506164,8882.949047385717,40485332190.0
1457.4316252,1457.4220624971992,40485332190.0
2713.8929414,2713.8878059045724,40485332190.0
1937.1166382,1937.10944341708,40485332190.0
473.70156371,473.6721413506982,40485332190.0
6894.9264529,6894.924431510867,40485332190.0
2033.9542989,2033.9474468195642,40485332190.0
3579.1381019,3579.134208005916,40485332190.0
4523.593093,4523.590011984877,40485332190.0
1753.2715463,1753.2635971032742,40485332190.0
11031.879536,11031.878273416525,40485332190.0
4167.8451189,4167.841775012098,40485332190.0
4665.8478495,4665.844862466384,40485332190.0
2497.3041907,2497.2986098244346,40485332190.0
2584.2745386,2584.2691456004195,40485332190.0
4237.4603093,4237.457020338769,40485332190.0
5664.6509112,5664.6484509379015,40485332190.0
1697.0386086,1697.0303960136612,40485332190.0
5109.9677678,5109.965040371487,40485332190.0
3924.1916157,3924.1880642191463,40485332190.0
9123.1798611,9123.178333428015,40485332190.0
9290.919781,9290.918280926553,40485332190.0
7976.5656432,7976.563895999697,40485332190.0
2446.3300517,2446.3243545390196,40485332190.0
5954.4123911,5954.4100505678525,40485332190.0
3289.4700555,3289.4658186675315,40485332190.0
12086.419645,12086.418491425222,40485332190.0
3813.1920232,3813.188368214371,40485332190.0
1846.0831596,1846.0756101713653,40485332190.0
17942.323522,17942.322746008034,40485332190.0
2511.641821,2511.6362720441175,40485332190.0
14635.177066,14635.176113547152,40485332190.0
916.89783795,916.8826376787335,40485332190.0
5084.3969959,5084.394254834758,40485332190.0
16556.174622,16556.173780193545,40485332190.0
2619.4394502,2619.434129560738,40485332190.0
11961.135485,11961.134319642191,40485332190.0
4506.6500913,4506.646998725681,40485332190.0
8584.2174905,8584.215866921046,40485332190.0
7325.0186171,7325.016714373447,40485332190.0
10547.814737,10547.813416456145,40485332190.0
1941.675237,1941.6680591541265,40485332190.0
1537.9497766,1537.9407145582902,40485332190.0
1218.2161712,1218.2047306759537,40485332190.0
1310.5359284,1310.5252937374726,40485332190.0
2535.9999496,2535.9944540038887,40485332190.0
4982.646992,4982.644194897207,40485332190.0
2692.9370354,2692.9318599840362,40485332190.0
3634.8693262,3634.865491953162,40485332190.0
1958.2166144,1958.2094971824154,40485332190.0
5785.3349259,5785.332516966812,40485332190.0
2313.0075416,2313.001516040176,40485332190.0
4263.6173813,4263.614112510773,40485332190.0
5933.0371398,5933.0347908319245,40485332190.0
15096.839168,15096.83824424759,40485332190.0
5694.4536777,5694.451230282223,40485332190.0
1750.3777509,1750.3697885901356,40485332190.0
2604.5010181,2604.4956669139215,40485332190.0
814.14988309,814.132764457898,40485332190.0
7765.116754,7765.11495915537,40485332190.0
4991.9037502,4991.900958303853,40485332190.0
2238.8111636,2238.804938500707,40485332190.0
3405.8654028,3405.8613107162323,40485332190.0
1838.1441432,1838.1365610515036,40485332190.0
9223.1396929,9223.138181814256,40485332190.0
3695.036147,3695.032375144694,40485332190.0
2246.193906,2246.187701263138,40485332190.0
5864.9493754,5864.946999057028,40485332190.0
2606.5116649,2606.5063178565515,40485332190.0
2622.4681536,2622.4628391886145,40485332190.0
2757.4182365,2757.4131821235565,40485332190.0
2785.9059156,2785.9009129319384,40485332190.0
9078.0387795,9078.037244301491,40485332190.0
5423.6901198,5423.687550157921,40485332190.0
2065.8348488,2065.828102390932,40485332190.0
4958.2447244,4958.241913535171,40485332190.0
5834.618439,5834.616050322229,40485332190.0
1747.2906343,1747.2826579866307,40485332190.0
4264.1432874,4264.140019044742,40485332190.0
6321.4374296,6321.4352249237445,40485332190.0
4610.049175,4610.046151844413,40485332190.0
4628.4570076,4628.453996461772,40485332190.0
2331.1243123,2331.118333650377,40485332190.0
1140.4541717,1140.441951048111,40485332190.0
3626.9797247,3626.9758821009013,40485332190.0
2422.5676567,2422.561903658999,40485332190.0
6718.9494998,6718.94742544184,40485332190.0
1855.4649061,1855.4573946815563,40485332190.0
1996.4443841,1996.4374031975603,40485332190.0
7830.3866796,7830.384899731349,40485332190.0
10259.890596,10259.889237455129,40485332190.0
6554.0449852,6554.042858760862,40485332190.0
3056.1040293,3056.099468950257,40485332190.0
4701.7273345,4701.724370306879,40485332190.0
11480.1564,11480.155185946142,40485332190.0
11604.034056,11604.032854436506,40485332190.0
3137.25962,3137.2551775968814,40485332190.0
5033.9865293,5033.983760728753,40485332190.0
2995.8547983,2995.850146138349,40485332190.0
12169.924675,12169.923529765192,40485332190.0
12648.983453,12648.982351010209,40485332190.0
6003.9334131,6003.931091781196,40485332190.0
10525.538078,10525.536753333883,40485332190.0
7401.9941575,7401.992274536189,40485332190.0
9566.6951529,9566.693696038568,40485332190.0
2755.272157,2755.2670986505577,40485332190.0
4488.621222,4488.618117034619,40485332190.0
3398.4915675,3398.487466491642,40485332190.0
3473.4600291,3473.456016617813,40485332190.0
3510.3639705,3510.360000176794,40485332190.0
1749.5473818,1749.5394157432875,40485332190.0
1696.3576578,1696.3494419169638,40485332190.0
5757.9397404,5757.93731994928,40485332190.0
6573.2143006,6573.212180355054,40485332190.0
4715.8179865,4715.815031047031,40485332190.0
6337.220519,6337.2183198375,40485332190.0
2209.6477174,2209.6414100055986,40485332190.0
4480.8023104,4480.799199992506,40485332190.0
7365.8244411,7365.822548937662,40485332190.0
2185.3119037,2185.3055261106383,40485332190.0
2633.398912,2633.3936195876176,40485332190.0
2261.5308027,2261.524640108289,40485332190.0
3154.6419288,3154.6375109137693,40485332190.0
1670.2808486,1670.2725044685594,40485332190.0
2194.1090538,2194.1027017866263,40485332190.0
1575.6599837,1575.65113842905,40485332190.0
4952.5974543,4952.594640259811,40485332190.0
13727.532619,13727.531603369944,40485332190.0
1043.1916377,1043.1782777071674,40485332190.0
1111.4656605,1111.4531211109684,40485332190.0
3213.668962,3213.664625183522,40485332190.0
5923.6131349,5923.610782096144,40485332190.0
4665.3816784,4665.378691046111,40485332190.0
1570.880688,1570.8718158968036,40485332190.0
4068.1598782,4068.156452337027,40485332190.0
921.5269089,921.5117849834453,40485332190.0
4527.0231109,4527.020032306189,40485332190.0
3155.9700571,3155.9656410110974,40485332190.0
5385.1941916,5385.191603581967,40485332190.0
7137.411964,7137.410011343261,40485332190.0
637.41649577,637.3946306047944,40485332190.0
1749.9978015,1749.9898374053212,40485332190.0
4064.8466296,4064.8432009121475,40485332190.0
5911.1821662,5911.179808481623,40485332190.0
6390.9078474,6390.9056666189845,40485332190.0
787.97028814,787.9526007488404,40485332190.0
5416.0288235,5416.026250162056,40485332190.0
2691.1378175,2691.1326386682013,40485332190.0
3143.2039557,3143.1995216792093,40485332190.0
3575.2946985,3575.2908002812524,40485332190.0
9074.4806368,9074.479100967803,40485332190.0
2163.9331478,2163.9267072562056,40485332190.0
7683.8020759,7683.800262039984,40485332190.0
1951.7597175,1951.7525767344837,40485332190.0
1888.3856866,1888.378306154143,40485332190.0
5333.5638937,5333.561280613436,40485332190.0
2983.5998728,2983.5952016039805,40485332190.0
10088.453462,10088.45208051771,40485332190.0
4799.3113196,4799.308415615296,40485332190.0
6415.4867124,6415.484539980692,40485332190.0
2699.8266086,2699.8214464405355,40485332190.0
3442.4192077,3442.4151591199916,40485332190.0
2294.1788682,2294.172793197845,40485332190.0
4260.060672,4260.057400432348,40485332190.0
7301.1078083,7301.105899437571,40485332190.0
2925.0944234,2925.0896587708417,40485332190.0
5551.1106726,5551.108161921809,40485332190.0
685.52123044,685.5008996529917,40485332190.0
3455.4762054,3455.4721720508323,40485332190.0
1325.4647679,1325.4542530438857,40485332190.0
2896.5311377,2896.526326126584,40485332190.0
2253.4178961,2253.411711333001,40485332190.0
4757.0111563,4757.008226539653,40485332190.0
2583.1259563,2583.120560895341,40485332190.0
1916.5119781,1916.5047060622771,40485332190.0
6893.0601848,6893.058162980198,40485332190.0
946.95963155,946.9449138195336,40485332190.0
6858.8962215,6858.894189508102,40485332190.0
5105.1545812,5105.151851218074,40485332190.0
16636.850151,16636.84931369936,40485332190.0
3104.6116059,3104.6071167879977,40485332190.0
1054.5875525,1054.574336837888,40485332190.0
12114.24917,12114.248019145356,40485332190.0
5597.6224207,5597.619930911685,40485332190.0
2971.4195397,2971.41484941218,40485332190.0
9830.8422949,9830.840877227503,40485332190.0
3977.919996,3977.9164923900175,40485332190.0
2089.7069196,2089.7002502441546,40485332190.0
3949.4322049,3949.4286760379546,40485332190.0
668.99852769,668.977694766667,40485332190.0
2242.3385319,2242.3323165165193,40485332190.0
9960.2031287,9960.201729440112,40485332190.0
4455.8742116,4455.871083779259,40485332190.0
13709.485346,13709.484329489647,40485332190.0
2718.5215293,2718.516402598311,40485332190.0
16294.270355,16294.269499418948,40485332190.0
9063.9202341,9063.918696487468,40485332190.0
4405.926282,4405.923118736929,40485332190.0
2321.9587312,2321.952728920726,40485332190.0
1673.3858003,1673.3774716011135,40485332190.0
4862.9395169,4862.936650921375,40485332190.0
4634.0091772,4634.006169704138,40485332190.0
3401.2331823,3401.229084681196,40485332190.0
2654.9175831,2654.912333547481,40485332190.0
8659.2807567,8659.27914729006,40485332190.0
6094.0693417,6094.067054727719,40485332190.0
4402.7336361,4402.730470535664,40485332190.0
4806.3599109,4806.357011145637,40485332190.0
2246.2381563,2246.2319516528423,40485332190.0
4513.0850066,4513.081918469365,40485332190.0
7148.976103,7148.974153490749,40485332190.0
3028.0389073,3028.034304632779,40485332190.0
874.07506592,874.0591209353785,40485332190.0
1073.5980323,1073.585050660126,40485332190.0
773.96411064,773.946103157161,40485332190.0
4473.3941939,4473.391078365144,40485332190.0
9687.3529541,9687.351515427214,40485332190.0
1623.1356726,1623.127086114823,40485332190.0
2044.0421109,2044.0352925242412,40485332190.0
1298.0053983,1297.9946610157822,40485332190.0
4292.3121692,4292.308922239537,40485332190.0
2609.3047753,2609.299434050182,40485332190.0
1900.2084838,1900.2011493234447,40485332190.0
2290.445796,2290.4397111614576,40485332190.0
3687.2971489,3687.2933691909366,40485332190.0
15263.239571,15263.23865797324,40485332190.0
5536.2475921,5536.24507471546,40485332190.0
4771.4322756,4771.429354701043,40485332190.0
190.41112673,190.33791849703928,40485332190.0
2078.8841594,2078.8774553166936,40485332190.0
1661.9052483,1661.8968621692798,40485332190.0
3138.6500032,3138.645562772024,40485332190.0
6726.7321385,6726.7300666456695,40485332190.0
1811.1668872,1811.1591921017314,40485332190.0
4248.7044701,4248.701189798643,40485332190.0
1589.0029508,1588.9941798635266,40485332190.0
6675.1549458,6675.152857928449,40485332190.0
7674.2811581,7674.279342018992,40485332190.0
4049.4452327,4049.441791041968,40485332190.0
4730.5881129,4730.58516680628,40485332190.0
7915.8751688,7915.873408217605,40485332190.0
10084.416745,10084.41536332532,40485332190.0
1553.3447545,1553.3357822275136,40485332190.0
17651.075976,17651.075187293383,40485332190.0
3078.5597639,3078.5552367599303,40485332190.0
7674.5284911,7674.526675083137,40485332190.0
13350.402469,13350.4014254409,40485332190.0
14912.575473,14912.574538998348,40485332190.0
11186.930049,11186.928803200086,40485332190.0
1969.37088,1969.3638031233027,40485332190.0
6991.6676322,6991.665638808417,40485332190.0
1555.0716314,1555.0626690714396,40485332190.0
2733.3394085,2733.3343095910004,40485332190.0
2101.2367437,2101.2301109074247,40485332190.0
15063.107759,15063.106834551085,40485332190.0
11981.150081,11981.148918137615,40485332190.0
1590.7091323,1590.7003707428134,40485332190.0
4824.6852645,4824.682375805334,40485332190.0
4332.2001473,4332.196930232503,40485332190.0
7757.1705488,7757.168752186907,40485332190.0
2388.5881261,2388.582291283826,40485332190.0
1234.6154014,1234.6041128493268,40485332190.0
5509.2464863,5509.24395654686,40485332190.0
8939.7073055,8939.705746454481,40485332190.0
1681.9206512,1681.9123648673176,40485332190.0
674.78613233,674.765478085893,40485332190.0
1919.344485,1919.3372236890802,40485332190.0
5718.0213071,5718.018869712939,40485332190.0
5930.1675732,5930.165222979497,40485332190.0
4122.9520534,4122.948673026668,40485332190.0
4172.1872756,4172.183935186077,40485332190.0
3173.4827536,3173.4783619028635,40485332190.0
2920.307423,2920.3026504761106,40485332190.0
3541.3672042,3541.363268692,40485332190.0
2769.8838244,2769.878792832066,40485332190.0
3918.4265735,3918.423016651027,40485332190.0
805.17490687,805.1575974277827,40485332190.0
5597.671821,5597.669331249029,40485332190.0
3322.2082288,3322.2040337251397,40485332190.0
7466.7890984,7466.787231886561,40485332190.0
6993.6989218,6993.696928967758,40485332190.0
2109.4910438,2109.4844369111215,40485332190.0
8998.7427965,8998.741247690341,40485332190.0
1451.9912311,1451.9816326171117,40485332190.0
8555.7374822,8555.735853212283,40485332190.0
2534.9855667,2534.9800689048966,40485332190.0
1800.0510364,1800.0432937940766,40485332190.0
2515.2273788,2515.2218377582153,40485332190.0
3331.1927796,3331.1885958012344,40485332190.0
881.84197283,881.8261682892626,40485332190.0
1967.0248874,1967.017802105454,40485332190.0
1293.5334858,1293.522711469116,40485332190.0
3861.1099107,3861.1063010864777,40485332190.0
5556.0631701,5556.060661636747,40485332190.0
4124.1469368,4124.14355742727,40485332190.0
5261.8150996,5261.812450969446,40485332190.0
4843.2165761,4843.213698412818,40485332190.0
4140.2543599,4140.250993711133,40485332190.0
3049.5179668,3049.5133965683685,40485332190.0
6366.4406746,6366.438485415982,40485332190.0
17266.334481,17266.33367371529,40485332190.0
8449.396946,8449.395296530754,40485332190.0
3294.7185317,3294.7143015834617,40485332190.0
14724.341969,14724.341022205908,40485332190.0
8933.4894425,8933.487882362553,40485332190.0
3220.0761441,3220.0718159385187,40485332190.0
6733.3845774,6733.382507522358,40485332190.0
3878.4855695,3878.4819760028067,40485332190.0
3376.6207438,3376.6166162780523,40485332190.0
4822.8210624,4822.818172597269,40485332190.0
5219.7420007,5219.73933063914,40485332190.0
5898.9697746,5898.967411927058,40485332190.0
3574.7791034,3574.7752046401665,40485332190.0
1378.2037418,1378.193629339981,40485332190.0
4676.1475967,4676.144616254505,40485332190.0
2981.5683308,2981.5636563723237,40485332190.0
3797.9919822,3797.9883126335967,40485332190.0
9959.5646023,9959.563202939145,40485332190.0
3119.3473517,3119.3428837768965,40485332190.0
9466.8935891,9466.8921169104,40485332190.0
3091.8457785,3091.8412708327332,40485332190.0
2975.2342939,2975.229609576564,40485332190.0
9598.4328498,9598.431397809145,40485332190.0
1924.4816093,1924.4743673142568,40485332190.0
8860.0793224,8860.07774939578,40485332190.0
3015.3836038,3015.378981878958,40485332190.0
7313.0789809,7313.077075123158,40485332190.0
2972.4752294,2972.470540685585,40485332190.0
10849.942342,10849.941058176526,40485332190.0
7092.9156358,7092.913670898942,40485332190.0
3350.6832207,3350.679061239064,40485332190.0
2058.868457,2058.8616877650156,40485332190.0
4085.6922135,4085.6888022594057,40485332190.0
7440.0676239,7440.0657506233865,40485332190.0
4321.5340182,4321.530793263757,40485332190.0
965.11416795,965.0997270852686,40485332190.0
4398.9667091,4398.963540908521,40485332190.0
1559.9273076,1559.9183732671847,40485332190.0
3311.8640839,3311.8598756718216,40485332190.0
2773.3126435,2773.3076181487786,40485332190.0
7546.7256656,7546.723818905739,40485332190.0
874.56160337,874.5456672584074,40485332190.0
7891.238304,7891.2365379259045,40485332190.0
3718.1304154,3718.126667039213,40485332190.0
5194.1126952,5194.110011950407,40485332190.0
2324.6429923,2324.6369969792163,40485332190.0
5556.6614766,5556.6589685038725,40485332190.0
3950.7567896,3950.7532620001434,40485332190.0
3396.2713332,3396.2672296234928,40485332190.0
8519.0713024,8519.069666484578,40485332190.0
1941.7550372,1941.7478595980015,40485332190.0
1491.3295171,1491.320171765974,40485332190.0
1087.2046738,1087.1918546164268,40485332190.0
2695.2604856,2695.2553146181485,40485332190.0
4827.0370602,4827.034172926575,40485332190.0
2911.9886135,2911.983827414223,40485332190.0
4946.4505919,4946.447774312068,40485332190.0
4020.7737868,4020.770320527364,40485332190.0
5257.7387406,5257.736089777735,40485332190.0
2714.5270356,2714.521901407345,40485332190.0
2365.2233089,2365.2174164552043,40485332190.0
6692.6998204,6692.6977379867685,40485332190.0
7904.6273133,7904.625550100482,40485332190.0
3117.4146468,3117.4101761236134,40485332190.0
3103.6892963,3103.6848057800144,40485332190.0
1162.5671738,1162.555185585698,40485332190.0
4197.9465178,4197.943197847322,40485332190.0
3812.8084239,3812.804768526207,40485332190.0
536.00115377,535.9751513704884,40485332190.0
1457.5188788,1457.5093166926126,40485332190.0
325.80234139,325.75956116771766,40485332190.0
1330.0496767,1330.0391980822326,40485332190.0
912.50218843,912.4869149305624,40485332190.0
3205.671137,3205.6667894249113,40485332190.0
1965.4966101,1965.4895192454542,40485332190.0
4237.2133834,4237.210094298368,40485332190.0
4299.6745493,4299.671307898601,40485332190.0
7908.9068345,7908.905072369879,40485332190.0
1188.6679722,1188.6562472702028,40485332190.0
10509.45088,10509.449553140263,40485332190.0
3733.0887291,3733.0849957327378,40485332190.0
2204.8999531,2204.8936321655274,40485332190.0
18010.717159,18010.716385229258,40485332190.0
4963.8035261,4963.8007183832215,40485332190.0
3538.5480624,3538.5441238600997,40485332190.0
7958.2344139,7958.232662636669,40485332190.0
6521.182948,6521.1808107407705,40485332190.0
1987.4051467,1987.3981340515895,40485332190.0
1312.5830127,1312.5723946617557,40485332190.0
2903.7590888,2903.7542891022226,40485332190.0
2429.897133,2429.891397450413,40485332190.0
2510.2803785,2510.274826510362,40485332190.0
10180.38338,10180.382011320627,40485332190.0
6274.1807538,6274.17853245497,40485332190.0
3264.2064836,3264.202213908817,40485332190.0
1928.4998829,1928.4926560177285,40485332190.0
4795.4562425,4795.453336169963,40485332190.0
2217.2217837,2217.2154979549364,40485332190.0
5658.0767914,5658.0743282564035,40485332190.0
3731.8231804,3731.8194457563955,40485332190.0
3134.9248589,3134.9204132684968,40485332190.0
2412.532258,2412.5264810159456,40485332190.0
1220.4347002,1220.4232804493606,40485332190.0
2969.3062099,2969.301516218194,40485332190.0
10832.99468,10832.993393434097,40485332190.0
3433.3671314,3433.3630720849314,40485332190.0
4444.924885,4444.9217495368675,40485332190.0
1990.2405405,1990.2335378659752,40485332190.0
1897.1748699,1897.167523657007,40485332190.0
11644.951391,11644.950194817036,40485332190.0
6811.5087376,6811.506691474666,40485332190.0
6110.2798804,6110.277599534006,40485332190.0
12713.285302,12713.284205769858,40485332190.0
3984.6766313,3984.6731336698276,40485332190.0
6941.3938173,6941.391809529195,40485332190.0
9813.0450755,9813.043655205054,40485332190.0
6226.2902701,6226.288031678051,40485332190.0
2005.2706268,2005.2636765913626,40485332190.0
2691.4212686,2691.416090285378,40485332190.0
3658.0949768,3658.0911669352427,40485332190.0
2152.0515015,2152.0450253417466,40485332190.0
2232.4551031,2232.448860221033,40485332190.0
2184.0181746,2184.0117932582,40485332190.0
3180.7882448,3180.7838631993186,40485332190.0
3787.258187,3787.254507024758,40485332190.0
3867.8787299,3867.875126639679,40485332190.0
2946.0134102,2946.008679372433,40485332190.0
2244.982998,2244.9767899305125,40485332190.0
4249.1052858,4249.1020057521855,40485332190.0
7441.8870048,7441.88513198972,40485332190.0
6450.1189739,6450.116813093335,40485332190.0
9604.3268249,9604.3253737233,40485332190.0
1859.9147212,1859.9072277562154,40485332190.0
1789.197398,1789.1896084619436,40485332190.0
4840.8925042,4840.889625173861,40485332190.0
3518.8129399,3518.808979148224,40485332190.0
2235.666067,2235.6598330113525,40485332190.0
4469.7588908,4469.7557727227395,40485332190.0
1150.2424806,1150.2303639417,40485332190.0
1954.6355856,1954.6284553073635,40485332190.0
1461.4522692,1461.4427327177145,40485332190.0
6839.5844411,6839.582403370595,40485332190.0
1935.881771,1935.874571697872,40485332190.0
6376.5316906,6376.529504929002,40485332190.0
7028.9331508,7028.931167949784,40485332190.0
5034.018044,5034.015275387521,40485332190.0
3887.5292152,3887.5256300740316,40485332190.0
4731.8355538,4731.832608464919,40485332190.0
14330.02487,14330.023896947569,40485332190.0
3418.0421495,3418.0380719428986,40485332190.0
3102.9566995,3102.952208005152,40485332190.0
2529.5292026,2529.5236928845115,40485332190.0
14152.351122,14152.35013742678,40485332190.0
2463.1834232,2463.1777650727017,40485332190.0
4028.0064804,4028.003020378419,40485332190.0
449.53239718,449.5013928295356,40485332190.0
1462.8696924,1462.8601652555928,40485332190.0
1606.086328,1606.0776503396996,40485332190.0
10430.207371,10430.206035412477,40485332190.0
6208.4829223,6208.4806774424305,40485332190.0
8084.4541872,8084.452463278026,40485332190.0
3376.683466,3376.6793386212526,40485332190.0
9761.9590284,9761.957600776894,40485332190.0
2251.800139,2251.793949766258,40485332190.0
2696.2659437,2696.2607747540537,40485332190.0
5458.9793542,5458.976801121891,40485332190.0
7832.6981402,7832.696360899067,40485332190.0
17296.767809,17296.767002289056,40485332190.0
3269.6965895,3269.6923269983067,40485332190.0
2777.6697721,2777.664754646306,40485332190.0
894.01626609,894.0006767689858,40485332190.0
3211.3584128,3211.3540729814467,40485332190.0
1155.7592546,1155.7471958202104,40485332190.0
3086.8572747,3086.8527597422863,40485332190.0
2061.2758688,2061.269107374858,40485332190.0
6052.6563247,6052.654022079876,40485332190.0
4258.2487591,4258.245486080261,40485332190.0
2020.8002479,2020.7933511499423,40485332190.0
4251.399182,4251.395903785763,40485332190.0
1247.0295645,1247.0183882964293,40485332190.0
4005.4325252,4005.42904569631,40485332190.0
2024.2404354,2024.2335503200725,40485332190.0
4968.4693685,4968.4665634484045,40485332190.0
1912.0185175,1912.0112283943074,40485332190.0
3853.0176402,3853.014023024536,40485332190.0
8291.4322991,8291.43061821068,40485332190.0
3445.7452092,3445.7411645291204,40485332190.0
2598.0976051,2598.0922407634307,40485332190.0
2254.0751893,2254.069006209376,40485332190.0
7912.3723184,7912.370556983525,40485332190.0
1557.7749097,1557.7659629378209,40485332190.0
1082.7816601,1082.768788572693,40485332190.0
6943.4402343,6943.438227127206,40485332190.0
5689.9873685,5689.984919032682,40485332190.0
423.16992211,423.13698610662914,40485332190.0
3348.1117927,3348.1076300426075,40485332190.0
10685.008916,10685.007611777632,40485332190.0
2557.4965651,2557.4911156872263,40485332190.0
3775.1433786,3775.1396868328634,40485332190.0
4706.7901328,4706.787171811686,40485332190.0
1496.4050806,1496.3957668726555,40485332190.0
7471.1507387,7471.148873275284,40485332190.0
4379.3306144,4379.327431910997,40485332190.0
4230.206823,4230.2035282908,40485332190.0
5073.0461046,5073.043357377666,40485332190.0
1527.6398106,1527.6306874065524,40485332190.0
5666.051792,5666.0493322558,40485332190.0
3052.158173,3052.1536067105144,40485332190.0
2435.9118027,2435.9060811991894,40485332190.0
969.50301215,969.4886366584515,40485332190.0
4271.3033466,4271.300083709167,40485332190.0
1850.9135686,1850.9060388033158,40485332190.0
9037.9580108,9037.956468729792,40485332190.0
2735.9004635,2735.89536936995,40485332190.0
2591.9334646,2591.928087448687,40485332190.0
1275.6102701,1275.5993443531988,40485332190.0
1465.5886054,1465.5790958943257,40485332190.0
7182.447597,7182.445656599256,40485332190.0
6288.3527822,6288.350565927337,40485332190.0
5922.5412944,5922.538941167494,40485332190.0
12275.304096,12275.302960405706,40485332190.0
2064.570268,2064.5635173742457,40485332190.0
6546.2013256,6546.199196591251,40485332190.0
1235.4562382,1235.4449573159043,40485332190.0
2962.2173795,2962.2126745387654,40485332190.0
7248.8722106,7248.870287982051,40485332190.0
1247.6216068,1247.610435893669,40485332190.0
2710.4421016,2710.4369595533044,40485332190.0
4147.5468161,4147.5434557864755,40485332190.0
3928.4292501,3928.425702312681,40485332190.0
1729.4390143,1729.4309556536427,40485332190.0
1775.9487223,1775.9408746655465,40485332190.0
2414.9601573,2414.9543861302827,40485332190.0
1518.8552181,1518.8460420670385,40485332190.0
1378.5104034,1378.5002931361698,40485332190.0
8888.8549798,8888.853411876158,40485332190.0
8997.6120512,8997.610502260917,40485332190.0
1547.1312952,1547.1222869109542,40485332190.0
3893.7613178,3893.7577384133997,40485332190.0
4220.7576896,4220.754387556981,40485332190.0
1663.1323601,1663.123980120824,40485332190.0
1994.3337355,1994.3267472343834,40485332190.0
2989.6490263,2989.6443646405714,40485332190.0
2767.0781407,2767.073103995585,40485332190.0
4627.9381582,4627.93514680325,40485332190.0
7821.9647849,7821.963003074235,40485332190.0
8136.4911898,8136.489476890741,40485332190.0
4410.2394696,4410.236309510492,40485332190.0
6093.7267306,6093.724443494511,40485332190.0
1426.0185283,1426.008754886729,40485332190.0
3958.1728679,3958.169346852948,40485332190.0
1468.3410638,1468.3315721493068,40485332190.0
1194.9153984,1194.9037347939334,40485332190.0
644.51874558,644.4971213619103,40485332190.0
7511.4139424,7511.412086966133,40485332190.0
8824.5813419,8824.579762549087,40485332190.0
11978.945019,11978.943855349926,40485332190.0
2338.5816656,2338.5757060203687,40485332190.0
4274.0827765,4274.0795156696095,40485332190.0
3158.8205679,3158.816155842529,40485332190.0
130.1024565,129.99528922334878,40485332190.0
543.03354034,543.0078746875718,40485332190.0
5594.0324711,5594.029979743178,40485332190.0
2188.46802,2188.4616516065144,40485332190.0
6302.1516992,6302.149487716634,40485332190.0
1702.1710245,1702.1628367099224,40485332190.0
6390.4105227,6390.408341740255,40485332190.0
2822.2599649,2822.2550267106617,40485332190.0
3401.2497126,3401.2456150142057,40485332190.0
2340.7184383,2340.7124841768346,40485332190.0
8031.676874,8031.675138747351,40485332190.0
4440.6647984,4440.661659949065,40485332190.0
9934.2641403,9934.262737407038,40485332190.0
1906.0375519,1906.0302398235924,40485332190.0
4318.3371281,4318.333900656268,40485332190.0
2480.1197371,2480.114117609828,40485332190.0
9497.3934254,9497.391957956985,40485332190.0
6444.7799531,6444.777790541927,40485332190.0
4220.1403925,4220.137089963788,40485332190.0
2489.1189705,2489.1133712829333,40485332190.0
10049.582761,10049.581374450272,40485332190.0
6283.020415,6283.018196820643,40485332190.0
2749.9340776,2749.929009390387,40485332190.0
6756.646308,6756.644245298836,40485332190.0
13493.910902,13493.909870077212,40485332190.0
8829.1383256,8829.13674711845,40485332190.0
8642.3700766,8642.368464023699,40485332190.0
2779.8464749,2779.8414612978377,40485332190.0
863.58806924,863.5719306290922,40485332190.0
338.34652037,338.3053264094373,40485332190.0
14969.280436,14969.279504675118,40485332190.0
14507.890861,14507.88990007868,40485332190.0
2856.6914669,2856.6865882274055,40485332190.0
11173.899522,11173.898274649026,40485332190.0
443.75365225,443.72224411448974,40485332190.0
14785.958452,14785.957509528494,40485332190.0
6901.451575,6901.449555591656,40485332190.0
1182.2490264,1182.2372378220725,40485332190.0
7879.7458149,7879.744046145852,40485332190.0
2735.1105029,2735.10540737593,40485332190.0
5529.5364847,5529.533964245482,40485332190.0
3003.3284002,3003.3237596622735,40485332190.0
1128.247923,1128.235570140105,40485332190.0
8711.5097692,8711.508169370245,40485332190.0
3585.5015077,3585.4976207027153,40485332190.0
11356.327307,11356.326079733424,40485332190.0
2206.4803228,2206.4740064008647,40485332190.0
198.04656749,197.97618273387678,40485332190.0
12346.232299,12346.231169581093,40485332190.0
9819.7833706,9819.78195129965,40485332190.0
5675.2450125,5675.242556741908,40485332190.0
6985.5783111,6985.576315985296,40485332190.0
3112.2914746,3112.286996578338,40485332190.0
6299.0960382,6299.093825670636,40485332190.0
3660.0600418,3660.056233857822,40485332190.0
8914.3114023,8914.309838899339,40485332190.0
3415.3921306,3415.3880500307796,40485332190.0
8676.7334708,8676.731864583042,40485332190.0
13106.488431,13106.487367570795,40485332190.0
4544.8297302,4544.826663641345,40485332190.0
7248.3348527,7248.332929911153,40485332190.0
3241.9780241,3241.973725201991,40485332190.0
949.22507552,949.2103929206635,40485332190.0
7338.8918714,7338.889972377368,40485332190.0
1552.5858579,1552.5768812352005,40485332190.0
3124.5696834,3124.5652229941834,40485332190.0
1665.7743786,1665.7660119193376,40485332190.0
4058.2310913,4058.22765703499,40485332190.0
6810.2416731,6810.239626584894,40485332190.0
8314.8116755,8314.809999332629,40485332190.0
8443.3035653,8443.30191462556,40485332190.0
3632.06646,3632.062622721788,40485332190.0
8748.2604299,8748.258836786506,40485332190.0
7752.9828741,7752.981076537647,40485332190.0
3935.0846178,3935.081076116833,40485332190.0
6512.4542788,6512.452138729476,40485332190.0
3473.5245514,3473.5205390583405,40485332190.0
2806.3818028,2806.3768365882656,40485332190.0
1381.5511515,1381.5410635811195,40485332190.0
9473.1879046,9473.186433392813,40485332190.0
6155.5232684,6155.521004177555,40485332190.0
9119.4409144,9119.439386064365,40485332190.0
15033.640294,15033.63936757068,40485332190.0
8169.8290845,8169.827378632488,40485332190.0
10479.036452,10479.035122697285,40485332190.0
3993.0532292,3993.049738899632,40485332190.0
3783.4369881,3783.4333044177374,40485332190.0
2964.609698,2964.6049968373386,40485332190.0
10610.462345,10610.461031512925,40485332190.0
1249.298454,1249.2872981381058,40485332190.0
3556.7047592,3556.700840661371,40485332190.0
6948.643896,6948.641890300311,40485332190.0
1953.8156154,1953.808482204737,40485332190.0
9749.5296886,9749.528259162862,40485332190.0
3840.1245058,3840.1208764913267,40485332190.0
9412.4877254,9412.486244768426,40485332190.0
3360.2990834,3360.294935885073,40485332190.0
2062.2135286,2062.206770364281,40485332190.0
7387.2335802,7387.231693525166,40485332190.0
3408.9115227,3408.907434285311,40485332190.0
7362.7800453,7362.778152374472,40485332190.0
5331.2861558,5331.28354154088,40485332190.0
6065.1549792,6065.152681313692,40485332190.0
1108.7154288,1108.7028583584179,40485332190.0
3244.6435718,3244.639276392734,40485332190.0
13377.10336,13377.102317891304,40485332190.0
13664.472515,13664.471494998235,40485332190.0
1664.8744158,1664.8660445769995,40485332190.0
952.79991658,952.7852890651224,40485332190.0
12604.178769,12604.177663738299,40485332190.0
2496.5643672,2496.5587847080847,40485332190.0
4318.0282751,4318.025047469161,40485332190.0
713.39558265,713.3760462653621,40485332190.0
10384.343498,10384.342155321014,40485332190.0
2484.5525357,2484.546926252568,40485332190.0
4064.5205818,4064.5171528386645,40485332190.0
8608.2856465,8608.284027528138,40485332190.0
1976.3237019,1976.3166498965916,40485332190.0
3245.4878043,3245.4835099918805,40485332190.0
2001.9693528,2001.9623911870533,40485332190.0
2395.5918977,2395.5860798820995,40485332190.0
4666.1000281,4666.097041200849,40485332190.0
4069.0622579,4069.058832739347,40485332190.0
9226.9165954,9226.915084934875,40485332190.0
4776.1531465,4776.150228499737,40485332190.0
2074.227019,2074.2202997950208,40485332190.0
453.89460196,453.86389558956574,40485332190.0
11079.405269,11079.40401185631,40485332190.0
5649.9169381,5649.914471347012,40485332190.0
6555.9906048,6555.98847890485,40485332190.0
4428.9425685,4428.939421637164,40485332190.0
490.15661586,490.128181301899,40485332190.0
5170.4319289,5170.42923336312,40485332190.0
6131.705545,6131.703272131738,40485332190.0
4798.6780697,4798.67516532802,40485332190.0
3057.3871344,3057.382575897135,40485332190.0
5094.177132,5094.174396216405,40485332190.0
7498.4010213,7498.399162589778,40485332190.0
2557.4953784,2557.489928872187,40485332190.0
3617.6275452,3617.6236926302286,40485332190.0
8540.017581,8540.015949041252,40485332190.0
2241.0865822,2241.080363335099,40485332190.0
9715.8888145,9715.887380023283,40485332190.0
1266.8148317,1266.8038301348056,40485332190.0
6065.8932968,6065.890999167471,40485332190.0
5125.1826048,5125.179885453875,40485332190.0
4078.8074281,4078.80401114077,40485332190.0
8108.4074418,8108.405722965654,40485332190.0
2477.0117634,2477.0061368941497,40485332190.0
3064.4883302,3064.48378224473,40485332190.0
1300.2796308,1300.268912382905,40485332190.0
5474.0380538,5474.035507722174,40485332190.0
7967.3891099,7967.38736066655,40485332190.0
9855.3118766,9855.310462485177,40485332190.0
2370.1217702,2370.1158898598496,40485332190.0
4980.4243657,4980.421567382584,40485332190.0
20486.327399,20486.326718841417,40485332190.0
1431.8169403,1431.807206497407,40485332190.0
2336.1831042,2336.1771384530166,40485332190.0
2609.6280501,2609.622709511285,40485332190.0
557.46209025,557.4370889205413,40485332190.0
1204.0386861,1204.0271108315678,40485332190.0
8604.7823791,8604.780759434014,40485332190.0
7235.4399398,7235.4380135683905,40485332190.0
8192.0020387,8192.000337389152,40485332190.0
5541.4347503,5541.432235271479,40485332190.0
2436.3739166,2436.368196190787,40485332190.0
3788.5535742,3788.549895498076,40485332190.0
2036.21022,2036.2033754445417,40485332190.0
9437.0959657,9437.094488852232,40485332190.0
9261.0071285,9261.00562363308,40485332190.0
3546.396147,3546.3922171466497,40485332190.0
1417.2491341,1417.2393002751855,40485332190.0
18366.923892,18366.923133230917,40485332190.0
2576.1470491,2576.141639143973,40485332190.0
6557.6584756,6557.6563503382,40485332190.0
2088.3619036,2088.3552299087787,40485332190.0
668.84792169,668.8270840764953,40485332190.0
1508.2008138,1508.1915730125716,40485332190.0
9469.2108594,9469.20938762605,40485332190.0
1685.1645483,1685.156277873149,40485332190.0
2575.0363899,2575.0309775305896,40485332190.0
2277.9758731,2277.969754931351,40485332190.0
3277.0322691,3277.0280160855286,40485332190.0
4646.6925534,4646.689554004818,40485332190.0
2844.219922,2844.215021921644,40485332190.0
2233.5504244,2233.5441845557843,40485332190.0
3318.3768373,3318.3726373985087,40485332190.0
16200.492491,16200.491630441564,40485332190.0
5175.6948027,5175.692109976738,40485332190.0
2675.7958665,2675.790657901467,40485332190.0
2003.1726958,2003.1657383055451,40485332190.0
7656.4071273,7656.40530692853,40485332190.0
3266.2343462,3266.2300791515945,40485332190.0
4016.0361498,4016.0326794390085,40485332190.0
2153.7090335,2153.702562351585,40485332190.0
1139.5652289,1139.55299882199,40485332190.0
1058.1340698,1058.1208984657155,40485332190.0
1674.459802,1674.451478759607,40485332190.0
3794.9637112,3794.9600386904885,40485332190.0
1663.0246868,1663.016306308992,40485332190.0
18745.527569,18745.52682557114,40485332190.0
5854.8623137,5854.859933294851,40485332190.0
2452.0284025,2452.0227186981633,40485332190.0
4008.3744808,4008.371003848844,40485332190.0
7787.8007896,7787.798999990356,40485332190.0
5781.4630639,5781.460653218318,40485332190.0
3254.3594607,3254.3551781751435,40485332190.0
2631.2735725,2631.268275818869,40485332190.0
5700.5220349,5700.519590019924,40485332190.0
5366.5894305,5366.586833501463,40485332190.0
4838.9983048,4838.995424742553,40485332190.0
4903.0896697,4903.08682722665,40485332190.0
1111.6923714,1111.6798346271223,40485332190.0
1702.968901,1702.9607170650875,40485332190.0
11829.398319,11829.397140222338,40485332190.0
5082.1567717,5082.154029357794,40485332190.0
2204.7170675,2204.710746093426,40485332190.0
2482.6227696,2482.617155822187,40485332190.0
2843.3564965,2843.351594912978,40485332190.0
1255.3122633,1255.3011608447287,40485332190.0
2215.1369989,2215.1307071805445,40485332190.0
2095.7542157,2095.747565583776,40485332190.0
6878.6051105,6878.603084342287,40485332190.0
1147.9317142,1147.9195731363914,40485332190.0
2910.2649925,2910.2602036019657,40485332190.0
2190.008944,2190.0025800808467,40485332190.0
1240.4291345,1240.417898882513,40485332190.0
3241.8577538,3241.8534547822487,40485332190.0
2751.7274481,2751.7223833130297,40485332190.0
5064.3805658,5064.377813812484,40485332190.0
1972.5933758,1972.5863104762998,40485332190.0
1608.8451074,1608.8364446663072,40485332190.0
2750.1148854,2750.1098175179277,40485332190.0
3728.1362406,3728.1325023131153,40485332190.0
8219.6416649,8219.639969341584,40485332190.0
2919.4724875,2919.4677136762107,40485332190.0
2427.7572439,2427.7515031601642,40485332190.0
7402.1759765,7402.174093635571,40485332190.0
2469.9013897,2469.8957469473507,40485332190.0
2113.8054565,2113.798863187389,40485332190.0
7222.4514345,7222.449504827313,40485332190.0
2516.6661028,2516.660564928635,40485332190.0
6756.5607954,6756.5587327303265,40485332190.0
4333.661127,4333.657911041675,40485332190.0
276.13536905,276.0848928732039,40485332190.0
1117.1690665,1117.1565911669293,40485332190.0
8971.4292334,8971.427679899647,40485332190.0
5128.8278863,5128.825168977574,40485332190.0
6527.2213343,6527.219199075798,40485332190.0
2944.6873993,2944.6826663610714,40485332190.0
1472.5144092,1472.5049444867727,40485332190.0
8483.6992657,8483.69762291837,40485332190.0
3086.4836844,3086.4791688858186,40485332190.0
16713.482211,16713.48137743972,40485332190.0
462.72677142,462.6966511939149,40485332190.0
5320.94225,5320.939630798283,40485332190.0
1415.1179076,1415.1080588947227,40485332190.0
1559.0953866,1559.0864474375362,40485332190.0
7294.4194263,7294.417515602414,40485332190.0
3385.9706853,3385.9665692044355,40485332190.0
3805.5124568,3805.50879449287,40485332190.0
15386.033821,15386.032914941772,40485332190.0
3357.8665035,3357.8623529772963,40485332190.0
10619.785997,10619.784684312885,40485332190.0
10676.411808,10676.4105018859,40485332190.0
3105.5973044,3105.5928167070565,40485332190.0
1403.5994122,1403.589482684934,40485332190.0
2330.0934908,2330.0875095402284,40485332190.0
3336.2076713,3336.2034938424817,40485332190.0
2372.5747086,2372.568834444131,40485332190.0
4873.2301643,4873.227304405052,40485332190.0
3664.1120596,3664.108255870243,40485332190.0
3012.2627047,3012.258077998704,40485332190.0
2623.702257,2623.696945123178,40485332190.0
3526.5653792,3526.5614271473523,40485332190.0
5927.8594201,5927.857068946614,40485332190.0
1899.7708028,1899.7634666872668,40485332190.0
1493.493382,1493.4840501528365,40485332190.0
6038.251124,6038.2488158746455,40485332190.0
3777.2872931,3777.283603345923,40485332190.0
1703.1653738,1703.157190792372,40485332190.0
4036.8710733,4036.867620897113,40485332190.0
2995.016064,2995.0114106731235,40485332190.0
1935.3294191,1935.3222177172408,40485332190.0
5815.7660899,5815.7636934711045,40485332190.0
1644.2493393,1644.2408630778264,40485332190.0
14100.528334,14100.527345425904,40485332190.0
4208.7645261,4208.761214718354,40485332190.0
5129.2000236,5129.197306422793,40485332190.0
4097.871366,4097.867964989568,40485332190.0
2486.4243983,2486.4187930858347,40485332190.0
3466.1590439,3466.1550230320945,40485332190.0
1260.9475315,1260.936478630405,40485332190.0
806.07627882,806.0589887303988,40485332190.0
2302.137389,2302.1313349757165,40485332190.0
1630.3724612,1630.3639128157333,40485332190.0
3369.6678915,3369.6637554589965,40485332190.0
897.9141218,897.8986001522733,40485332190.0
4869.8471873,4869.844325410892,40485332190.0
3691.0445774,3691.0408014542963,40485332190.0
2220.5760892,2220.569812862557,40485332190.0
5992.3864276,5992.384101806898,40485332190.0
1940.235246,1940.2280629195373,40485332190.0
3710.9732385,3710.9694828965507,40485332190.0
2705.6387815,2705.633630428879,40485332190.0
4115.3964592,4115.393072596652,40485332190.0
2925.7165853,2925.711821642409,40485332190.0
3799.8000669,3799.7963990140684,40485332190.0
1926.5357247,1926.528490502411,40485332190.0
4254.5570598,4254.553783970904,40485332190.0
14028.640108,14028.639114460793,40485332190.0
13315.432162,13315.431115234662,40485332190.0
5983.1217646,5983.119435142721,40485332190.0
11108.798944,11108.797688981253,40485332190.0
2654.2841005,2654.278849776032,40485332190.0
6376.4094849,6376.407299223669,40485332190.0
6174.0459684,6174.0437110600615,40485332190.0
6679.6148255,6679.612738971537,40485332190.0
7841.5505193,7841.548741986368,40485332190.0
3218.5203569,3218.5160266613775,40485332190.0
8704.7104155,8704.708814373707,40485332190.0
18075.832831,18075.832060436293,40485332190.0
934.67307147,934.6581602662286,40485332190.0
1387.3162556,1387.3062095179478,40485332190.0
833.72393821,833.7072215041649,40485332190.0
1863.65398,1863.6465016208053,40485332190.0
5497.1731356,5497.170600305732,40485332190.0
3037.640909,3037.6363209529927,40485332190.0
10959.771313,10959.770041418618,40485332190.0
7011.5740587,7011.572070998061,40485332190.0
2136.1546075,2136.148083212471,40485332190.0
1868.3314755,1868.3240159344703,40485332190.0
3082.4639071,3082.459385778994,40485332190.0
3866.2982743,3866.2946695450632,40485332190.0
3970.4576999,3970.454189778791,40485332190.0
7571.5373749,7571.535534261557,40485332190.0
10833.500028,10833.49874225417,40485332190.0
2190.2508549,2190.244491691018,40485332190.0
5829.2247945,5829.222403614427,40485332190.0
7453.8026039,7453.800734163526,40485332190.0
2480.7400533,2480.734435204717,40485332190.0
4948.2766943,4948.273877710852,40485332190.0
9697.5811269,9697.579689674838,40485332190.0
1822.6236602,1822.616013481586,40485332190.0
3622.8823282,3622.8784813000607,40485332190.0
3668.302695,3668.29889575465,40485332190.0
2834.0906525,2834.0857348744767,40485332190.0
3752.2607473,3752.257032968645,40485332190.0
2098.2294337,2098.2227914460495,40485332190.0
2526.686605,2526.6810891149003,40485332190.0
3022.4325536,3022.4279424517613,40485332190.0
5613.1422671,5613.139784125383,40485332190.0
4439.6758496,4439.672710384322,40485332190.0
5410.7948451,5410.792269367384,40485332190.0
1267.1892281,1267.1782297044847,40485332190.0
9505.0771299,9505.075663635978,40485332190.0
3847.7824878,3847.778865647498,40485332190.0
2850.1796486,2850.174758763341,40485332190.0
3586.0855096,3586.0816232234897,40485332190.0
767.88043828,767.8622881306088,40485332190.0
3591.2087682,3591.204887307598,40485332190.0
3128.1076601,3128.1032046530963,40485332190.0
1281.9711194,1281.9602478212973,40485332190.0
5252.5196581,5252.51700469953,40485332190.0
5578.5053277,5578.502829329733,40485332190.0
3088.6176062,3088.613093834772,40485332190.0
6576.4101583,6576.408039107131,40485332190.0
2882.2614503,2882.256614906293,40485332190.0
4794.8774825,4794.8745759400235,40485332190.0
14267.562372,14267.56139542192,40485332190.0
10003.235958,10003.234564881797,40485332190.0
6627.4930348,6627.4909319787475,40485332190.0
13715.151823,13715.150806852425,40485332190.0
1941.989417,1941.9822403431347,40485332190.0
12310.595226,12310.594094122398,40485332190.0
12263.141716,12263.140579193185,40485332190.0
4791.3958232,4791.392914479463,40485332190.0
3275.7869806,3275.782726047686,40485332190.0
3660.7061912,3660.7023840696543,40485332190.0
14795.100444,14795.099501592074,40485332190.0
1527.2764213,1527.2672958574367,40485332190.0
3396.8055141,3396.8014111046605,40485332190.0
3329.9830285,3329.9788432159608,40485332190.0
10363.504528,10363.503182948622,40485332190.0
1284.0659315,1284.0550776633843,40485332190.0
3198.853255,3198.8488981602554,40485332190.0
1568.9692101,1568.9603271776405,40485332190.0
4526.3145403,4526.3114611990595,40485332190.0
6748.6072328,6748.6051675956805,40485332190.0
3023.5378281,3023.5332186020114,40485332190.0
5531.3390329,5531.336513299381,40485332190.0
4934.9198316,4934.917007483068,40485332190.0
2788.371081,2788.3660827499552,40485332190.0
3644.1151168,3644.111292307373,40485332190.0
3750.3523,3750.348583839387,40485332190.0
5654.8821777,5654.879713121896,40485332190.0
4748.1922236,4748.189288405998,40485332190.0
14656.402048,14656.401096948295,40485332190.0
5657.6872989,5657.684835513533,40485332190.0
1723.5050209,1723.4969345391812,40485332190.0
4365.0464458,4365.0432529706095,40485332190.0
9048.0674005,9048.06586014958,40485332190.0
5119.7723827,5119.769660522983,40485332190.0
1550.0109318,1550.0019402554765,40485332190.0
2756.6035477,2756.59849179782,40485332190.0
10078.78272,10078.781337460663,40485332190.0
9386.3087356,9386.307250848928,40485332190.0
1986.9540989,1986.9470846388688,40485332190.0
3483.307654,3483.3036528840166,40485332190.0
3040.5014263,3040.496842502989,40485332190.0
9378.4347404,9378.433254338139,40485332190.0
9797.4786719,9797.477249364061,40485332190.0
11280.536405,11280.535169487826,40485332190.0
2891.6841134,2891.679293716772,40485332190.0
6596.0795556,6596.0774427301285,40485332190.0
2668.7044486,2668.6992262143394,40485332190.0
3463.1880182,3463.183993880949,40485332190.0
7452.5985715,7452.5967014880025,40485332190.0
248.43470552,248.37860000841798,40485332190.0
6802.4755689,6802.473520080256,40485332190.0
1905.5128901,1905.5055760709404,40485332190.0
4684.2598684,4684.25689316278,40485332190.0
24005.027531,24005.02695052772,40485332190.0
4884.4475504,4884.44469707804,40485332190.0
807.67964994,807.6623941745707,40485332190.0
6169.1599034,6169.157644307131,40485332190.0
5517.9310189,5517.9284931573775,40485332190.0
5059.096741,5059.093986100385,40485332190.0
2710.7989086,2710.7937673187917,40485332190.0
4916.8985408,4916.895706359837,40485332190.0
794.62467366,794.6071343933735,40485332190.0
16336.874414,16336.873560892722,40485332190.0
1014.9581483,1014.9444166053746,40485332190.0
5039.2206682,5039.2179025141495,40485332190.0
6296.1146729,6296.112459318621,40485332190.0
4406.4537315,4406.450568658955,40485332190.0
12040.840828,12040.8396705423,40485332190.0
752.16169648,752.1431670159209,40485332190.0
14990.111229,14990.110298673566,40485332190.0
9357.7009714,9357.69948205112,40485332190.0
2312.3357996,2312.329772352145,40485332190.0
2327.4351215,2327.4291333864912,40485332190.0
10191.001115,10190.99974751777,40485332190.0
3247.3403444,3247.3360526416473,40485332190.0
13693.065466,13693.064447363853,40485332190.0
1623.4947177,1623.4861331800166,40485332190.0
3847.0961315,3847.092508698179,40485332190.0
4351.7982647,4351.795062149875,40485332190.0
4369.1929632,4369.1897733837,40485332190.0
5789.238622,5789.236214577578,40485332190.0
4464.1717844,4464.168662532665,40485332190.0
2249.848004,2249.8418093641067,40485332190.0
7709.3896611,7709.38785338532,40485332190.0
5323.891517,5323.888899153086,40485332190.0
14665.271787,14665.27083695884,40485332190.0
16077.345879,16077.345012265318,40485332190.0
1213.4387601,1213.4272745929857,40485332190.0
2735.912808,2735.907713934793,40485332190.0
7910.6363808,7910.634618936564,40485332190.0
5806.2576954,5806.255295025126,40485332190.0
4475.7316702,4475.728556263019,40485332190.0
2494.0884652,2494.082877206194,40485332190.0
3051.2035564,3051.1989887629775,40485332190.0
2355.8023995,2355.796483464357,40485332190.0
4477.6314022,4477.628289664363,40485332190.0
6740.6791424,6740.677074772393,40485332190.0
1690.6008089,1690.5925651102273,40485332190.0
4254.0454127,4254.0421365214725,40485332190.0
1810.4865144,1810.4788164948961,40485332190.0
6634.4984026,6634.496301932396,40485332190.0
2515.3647588,2515.359218051642,40485332190.0
3406.5653105,3406.561219335791,40485332190.0
4567.3286743,4567.3256228185255,40485332190.0
6128.0195802,6128.017305863667,40485332190.0
5084.4491965,5084.446455378299,40485332190.0
5134.7195815,5134.716867223512,40485332190.0
3371.6967998,3371.692666345369,40485332190.0
1816.1202043,1816.1125302347086,40485332190.0
4112.6125285,4112.609139717632,40485332190.0
4291.6818553,4291.678607903049,40485332190.0
6408.0438076,6408.041632736724,40485332190.0
4229.9671245,4229.9638296692,40485332190.0
13372.430038,13372.428995554497,40485332190.0
8875.587653,8875.58608272108,40485332190.0
9539.7301548,9539.728693898425,40485332190.0
4267.9582082,4267.954942689889,40485332190.0
1952.7222357,1952.7150984580746,40485332190.0
2881.2207263,2881.2158890574747,40485332190.0
8452.4966624,8452.495013570757,40485332190.0
187.27395372,187.19951863157658,40485332190.0
4999.1576644,4999.154876513461,40485332190.0
735.89243768,735.873498556329,40485332190.0
4710.8237985,4710.820840081145,40485332190.0
14724.205419,14724.204472261592,40485332190.0
2807.1529219,2807.147957110429,40485332190.0
2148.1010302,2148.094542161262,40485332190.0
4095.4944595,4095.491056551093,40485332190.0
4692.2052387,4692.202268507303,40485332190.0
6787.3792245,6787.377171156352,40485332190.0
18311.450105,18311.449344093424,40485332190.0
2285.6148741,2285.6087763360356,40485332190.0
1301.2540618,1301.2433513448975,40485332190.0
4294.4569153,4294.453669936213,40485332190.0
2054.6071534,2054.6003700796596,40485332190.0
2550.0860989,2550.0806335287057,40485332190.0
11012.159033,11012.15776804074,40485332190.0
634.70065541,634.6786966682026,40485332190.0
3083.3541791,3083.349659069567,40485332190.0
1236.9533775,1236.942110198674,40485332190.0
497.62363473,497.59562687444287,40485332190.0
2976.2573841,2976.2527014342913,40485332190.0
1536.285006,1536.2759341291949,40485332190.0
1606.023417,1606.0147390604534,40485332190.0
2154.4455943,2154.4391253737185,40485332190.0
3551.7901439,3551.786219941687,40485332190.0
2357.7942713,2357.7883602772195,40485332190.0
9876.7371055,9876.735694422543,40485332190.0
4275.0593797,4275.05611957624,40485332190.0
2410.329318,2410.3235357416397,40485332190.0
1803.1032345,1803.0955050570892,40485332190.0
6256.9535331,6256.951305644597,40485332190.0
9824.1159074,9824.11448877153,40485332190.0
3302.5792301,3302.575010031829,40485332190.0
3197.1895203,3197.185161200308,40485332190.0
3848.228432,3848.224810369984,40485332190.0
2869.9073948,2869.9025385987306,40485332190.0
6068.9361571,6068.933860606593,40485332190.0
4396.6662207,4396.663050800884,40485332190.0
4749.1991979,4749.196263339271,40485332190.0
5538.5625947,5538.560078378062,40485332190.0
2310.9150527,2310.9090217091784,40485332190.0
1687.6276835,1687.6194251676666,40485332190.0
4042.8412364,4042.837789145528,40485332190.0
3979.0850858,3979.081583216296,40485332190.0
2639.837926,2639.832646516936,40485332190.0
3074.5021689,3074.49763580393,40485332190.0
578.15064913,578.1265424822365,40485332190.0
6768.3206252,6768.318566026595,40485332190.0
938.657899,938.643051106477,40485332190.0
5103.1237413,5103.121010227664,40485332190.0
3250.3153935,3250.3111056615794,40485332190.0
6605.2081823,6605.206072303875,40485332190.0
4100.9752719,4100.971873469619,40485332190.0
4387.6229891,4387.619812691193,40485332190.0
4096.5952715,4096.591869394907,40485332190.0
2150.8758729,2150.869393268771,40485332190.0
6561.8516957,6561.84957172958,40485332190.0
7245.9897233,7245.987799812376,40485332190.0
1694.7734491,1694.7652255833623,40485332190.0
947.40789641,947.3931856424113,40485332190.0
1446.304466,1446.2948296632196,40485332190.0
7638.4697682,7638.467943659718,40485332190.0
907.61479668,907.5994409398377,40485332190.0
1964.479951,1964.4728565167168,40485332190.0
3859.6510594,3859.647448429167,40485332190.0
1878.009887,1878.0024658222796,40485332190.0
4392.794116,4392.790943259,40485332190.0
5746.5447892,5746.542363919699,40485332190.0
3903.1710686,3903.16749795549,40485332190.0
1709.3598484,1709.3516950030887,40485332190.0
4605.8449809,4605.841954948231,40485332190.0
4833.6227507,4833.619867299928,40485332190.0
2043.2930763,2043.2862553982911,40485332190.0
133.59613533,133.4917728148091,40485332190.0
5494.4809509,5494.478414391123,40485332190.0
5136.6594408,5136.6567275930565,40485332190.0
4685.3483962,4685.34542161115,40485332190.0
2732.3259228,2732.3208219747994,40485332190.0
1805.6307876,1805.6230689668594,40485332190.0
4969.9749282,4969.972124022813,40485332190.0
16155.630049,16155.629186313423,40485332190.0
907.52086073,907.5055033936047,40485332190.0
1248.6696635,1248.6585019708166,40485332190.0
3161.8154506,3161.811042730033,40485332190.0
2570.5181612,2570.5127393870193,40485332190.0
1304.6326787,1304.6219959553493,40485332190.0
8674.4158125,8674.414205803943,40485332190.0
2749.4917563,2749.4866874090035,40485332190.0
11319.76135,11319.760118967852,40485332190.0
3354.4519709,3354.447816136263,40485332190.0
9359.5864745,9359.584985500167,40485332190.0
2609.0890549,2609.083713251754,40485332190.0
1677.1810998,1677.1727901005684,40485332190.0
1661.4428146,1661.4344260058303,40485332190.0
14195.223938,14195.2229559711,40485332190.0
5618.2482202,5618.245739542044,40485332190.0
1263.5841152,1263.573085421425,40485332190.0
2773.1564496,2773.151423912831,40485332190.0
2708.4818632,2708.476717516358,40485332190.0
3230.2322803,3230.227965683279,40485332190.0
2274.7836171,2274.777490358318,40485332190.0
691.46715712,691.44700115826,40485332190.0
128.37339759,128.2647856698716,40485332190.0
1730.2973658,1730.2893111420829,40485332190.0
7555.3327682,7555.330923543535,40485332190.0
1185.0400215,1185.0282606796895,40485332190.0
7280.5202672,7280.518352950258,40485332190.0
2381.1826987,2381.1768457268195,40485332190.0
4406.164667,4406.161503882518,40485332190.0
6107.4842963,6107.482014373383,40485332190.0
3179.6787259,3179.674342813684,40485332190.0
3076.5382416,3076.533711517901,40485332190.0
6970.235011,6970.233011460244,40485332190.0
3709.5756461,3709.5718890537837,40485332190.0
3280.85796,3280.853711955728,40485332190.0
4686.3942275,4686.391253541275,40485332190.0
895.8751621,895.8596051225036,40485332190.0
1604.6620395,1604.653354195642,40485332190.0
4695.8744355,4695.871467622426,40485332190.0
3028.5205949,3028.515992944051,40485332190.0
3009.4218858,3009.417254625984,40485332190.0
1693.5502481,1693.5420185912108,40485332190.0
8154.5331266,8154.5314174671785,40485332190.0
2676.5957667,2676.5905597875903,40485332190.0
5358.0154164,5358.012815293574,40485332190.0
2534.2493161,2534.2438165677363,40485332190.0
9879.6061028,9879.604692133626,40485332190.0
4573.2800265,4573.276979005297,40485332190.0
3897.9656346,3897.962059156526,40485332190.0
4567.2501584,4567.247106919954,40485332190.0
10578.052475,10578.051157521017,40485332190.0
15407.707352,15407.70644737619,40485332190.0
11137.708954,11137.707702456819,40485332190.0
2585.0427639,2585.0373725972236,40485332190.0
3767.7704929,3767.7667939371745,40485332190.0
9165.2504771,9165.248956480755,40485332190.0
18275.030008,18275.0292459388,40485332190.0
15143.357343,15143.35642290689,40485332190.0
3219.5891137,3219.5847848351473,40485332190.0
11231.435243,11231.43400267951,40485332190.0
7052.0809296,7052.078953238135,40485332190.0
11227.367312,11227.366071058634,40485332190.0
2108.124188,2108.1175768781172,40485332190.0
3790.8191714,3790.815494840911,40485332190.0
5744.847351,5744.844924960693,40485332190.0
8464.0381653,8464.036518614768,40485332190.0
1902.3104829,1902.3031565231163,40485332190.0
3003.145525,3003.1408841997527,40485332190.0
4646.8358159,4646.832816620803,40485332190.0
949.66904177,949.6543660426356,40485332190.0
1774.4077235,1774.3998690444062,40485332190.0
5863.0641777,5863.061800567239,40485332190.0
2051.6765519,2051.6697588311954,40485332190.0
4621.6473309,4621.644315391736,40485332190.0
9122.2950687,9122.293540940904,40485332190.0
1059.8729443,1059.8597945050035,40485332190.0
2028.687537,2028.6806670114363,40485332190.0
4272.7876072,4272.784345390601,40485332190.0
2692.2845837,2692.2794070630653,40485332190.0
2165.3311389,2165.324702432071,40485332190.0
2484.3404378,2484.3348278875064,40485332190.0
12332.102201,12332.10107093209,40485332190.0
2468.3182068,2468.312560449468,40485332190.0
2399.4832075,2399.4773991837137,40485332190.0
3731.5661875,3731.5624526063693,40485332190.0
2739.8257487,2739.820661856559,40485332190.0
2442.8527053,2442.847000138138,40485332190.0
4201.3800744,4201.376757190404,40485332190.0
3775.2358264,3775.2321347365623,40485332190.0
1192.9101091,1192.898425952445,40485332190.0
1853.838757,1853.8312390565452,40485332190.0
1654.4487284,1654.4403044935373,40485332190.0
2490.9459528,2490.94035775408,40485332190.0
4582.7472328,4582.744191590535,40485332190.0
8706.0671386,8706.065537701854,40485332190.0
2899.6962364,2899.691429950449,40485332190.0
5238.3159769,5238.313316288304,40485332190.0
4524.1272008,4524.124120202517,40485332190.0
2529.6944424,2529.68893310952,40485332190.0
12579.526106,12579.5249983826,40485332190.0
2437.6145133,2437.6087957975988,40485332190.0
419.57456305,419.54134479425295,40485332190.0
13315.146823,13315.145776917352,40485332190.0
3007.0015708,3006.9969359664456,40485332190.0
2147.3037499,2147.2972593969234,40485332190.0
4666.5316214,4666.52863481249,40485332190.0
3316.110682,3316.1064792454836,40485332190.0
3288.4029199,3288.398681678206,40485332190.0
1933.4702328,1933.4630245267558,40485332190.0
1760.0603669,1760.0524483779097,40485332190.0
8506.9122431,8506.910604779847,40485332190.0
14147.338884,14147.337898840879,40485332190.0
1841.9762695,1841.968703185715,40485332190.0
1545.3376057,1545.3285870047227,40485332190.0
2971.0538538,2971.0491628572636,40485332190.0
6964.7542887,6964.752287591843,40485332190.0
1122.9312032,1122.918791860228,40485332190.0
2755.3386563,2755.333598135253,40485332190.0
1796.7597361,1796.7519794232082,40485332190.0
3103.3007988,3103.2963077478616,40485332190.0
5845.1095453,5845.1071609089495,40485332190.0
10997.869914,10997.868645976363,40485332190.0
478.75370478,478.7245929295097,40485332190.0
1632.1189837,1632.1104444872337,40485332190.0
2444.8827025,2444.877001976752,40485332190.0
9779.6471479,9779.645722798406,40485332190.0
3434.4397638,3434.435705798044,40485332190.0
1147.8974042,1147.8852628388809,40485332190.0
4965.7771367,4965.774330116908,40485332190.0
2746.3691031,2746.364028414332,40485332190.0
5680.2829495,5680.280495900023,40485332190.0
5313.4791392,5313.476516252669,40485332190.0
9281.6659629,9281.664461391045,40485332190.0
3163.1805838,3163.176177763404,40485332190.0
640.65532225,640.633567618172,40485332190.0
3812.0342148,3812.030558762481,40485332190.0
5184.0125514,5184.00986295574,40485332190.0
8393.919929,8393.918268697886,40485332190.0
1953.1533951,1953.1462594726493,40485332190.0
1091.5281694,1091.5154010482295,40485332190.0
4520.7776485,4520.7745656281,40485332190.0
1444.6204847,1444.6108371891182,40485332190.0
3624.5314671,3624.5276219250964,40485332190.0
2690.1711599,2690.165979260462,40485332190.0
5192.2646453,5192.261961108949,40485332190.0
2792.6107242,2792.605733543139,40485332190.0
1588.2916891,1588.2829141955665,40485332190.0
2520.3793243,2520.373794581844,40485332190.0
13405.523839,13405.522799604836,40485332190.0
5198.2101684,5198.20748720329,40485332190.0
5316.3503209,5316.3476993468985,40485332190.0
4948.3987649,4948.395948462456,40485332190.0
5469.7437473,5469.741199304881,40485332190.0
8746.2205467,8746.218953206158,40485332190.0
5851.3412944,5851.338912539557,40485332190.0
5910.9264505,5910.924092696292,40485332190.0
1082.5942792,1082.5814054384007,40485332190.0
13908.385162,13908.384159436224,40485332190.0
951.38332178,951.3686724874435,40485332190.0
7094.5430902,7094.541125690578,40485332190.0
3909.5586563,3909.555091423562,40485332190.0
4956.5012347,4956.4984229061,40485332190.0
3895.3209986,3895.3174207143493,40485332190.0
4851.0371948,4851.034321780146,40485332190.0
1418.6693149,1418.6594909591288,40485332190.0
797.23708058,797.2195987870987,40485332190.0
11129.530322,11129.529070188048,40485332190.0
5982.0667589,5982.064429098005,40485332190.0
6403.217663,6403.215486404277,40485332190.0
7511.0571442,7511.055288724999,40485332190.0
7362.7704356,7362.7685426869675,40485332190.0
7488.4776888,7488.475827708633,40485332190.0
1256.095294,1256.0841984002946,40485332190.0
2392.6729227,2392.6670978318625,40485332190.0
8268.6535713,8268.65188572774,40485332190.0
6275.0729196,6275.0706985795,40485332190.0
1099.7109375,1099.698264159554,40485332190.0
2503.6698808,2503.6643141945838,40485332190.0
11183.1474,11183.146153863361,40485332190.0
4744.8438533,4744.840916005885,40485332190.0
4598.8930961,4598.890065594394,40485332190.0
1855.3239377,1855.3164258420059,40485332190.0
4916.1737978,4916.170962864203,40485332190.0
11438.161307,11438.160088147984,40485332190.0
5458.0642258,5458.061672345051,40485332190.0
1694.7206961,1694.7124723713089,40485332190.0
6024.3397664,6024.337452880961,40485332190.0
3478.4579092,3478.4539025273784,40485332190.0
5884.2094985,5884.207129953508,40485332190.0
11784.50366,11784.502477040542,40485332190.0
7372.3573357,7372.355445254249,40485332190.0
2265.9390046,2265.9328538695127,40485332190.0
5808.7696428,5808.767243463337,40485332190.0
1677.4252537,1677.4169450615952,40485332190.0
2103.0022477,2102.9956205127014,40485332190.0
2544.8890685,2544.8835920996635,40485332190.0
9148.3205226,9148.318999153515,40485332190.0
7860.7269009,7860.725127870719,40485332190.0
10773.983322,10773.982028427228,40485332190.0
1290.4450816,1290.4342813751202,40485332190.0
2982.4641112,2982.4594382292735,40485332190.0
13842.046946,13842.045938632053,40485332190.0
2968.5249582,2968.520263367175,40485332190.0
1656.5235243,1656.5151108545201,40485332190.0
2194.4678582,2194.461507318638,40485332190.0
189.78324471,189.70979417996804,40485332190.0
7408.3271956,7408.325314259959,40485332190.0
2200.3375139,2200.3311798619757,40485332190.0
4298.6638464,4298.660604236308,40485332190.0
3415.0300418,3415.025960700808,40485332190.0
629.89614712,629.8740208886463,40485332190.0
2418.2645284,2418.258765127439,40485332190.0
4396.0378977,4396.034727373146,40485332190.0
4482.5942509,4482.591141786002,40485332190.0
3717.8331599,3717.8294112130297,40485332190.0
1561.968353,1561.9594302567707,40485332190.0
1312.0277147,1312.0170921536119,40485332190.0
11778.606367,11778.605183377858,40485332190.0
6418.0469384,6418.044766817758,40485332190.0
5085.1530471,5085.150306310323,40485332190.0
1869.5968961,1869.5894414992167,40485332190.0
1760.4865262,1760.478609623001,40485332190.0
1781.4148552,1781.4070316356417,40485332190.0
2959.1666668,2959.1619570049797,40485332190.0
2032.2559149,2032.2490570403988,40485332190.0
3702.3574658,3702.3537015060156,40485332190.0
13957.653574,13957.652575780448,40485332190.0
4226.9400789,4226.936781673281,40485332190.0
4615.1769789,4615.173959146217,40485332190.0
5856.9984155,5856.996035920259,40485332190.0
3087.3850026,3087.380488401532,40485332190.0
3867.893984,3867.890380744382,40485332190.0
1320.1628278,1320.152270699228,40485332190.0
2434.5985565,2434.5928318829465,40485332190.0
4618.6106054,4618.607587821779,40485332190.0
7069.3946075,7069.392636001394,40485332190.0
2469.6720877,2469.6664444777703,40485332190.0
5021.0079994,5021.0052236659085,40485332190.0
12981.465585,12981.46451198518,40485332190.0
4585.5942042,4585.591164915673,40485332190.0
7221.7042768,7221.702346924879,40485332190.0
3121.9569924,3121.95252827549,40485332190.0
1494.4795316,1494.4702059378099,40485332190.0
1744.51954,1744.5115509297036,40485332190.0
450.42222745,450.3912843566631,40485332190.0
2145.3398146,2145.3333181869434,40485332190.0
4763.9752608,4763.972335329501,40485332190.0
4032.3040915,4032.3006351397084,40485332190.0
3013.1984694,3013.193844132961,40485332190.0
3638.0203032,3638.016472234809,40485332190.0
11137.086233,11137.084981112173,40485332190.0
2945.457245,2945.452513292556,40485332190.0
4261.2782497,4261.274979078796,40485332190.0
3755.1703361,3755.1666247158482,40485332190.0
1968.5324184,1968.5253385051121,40485332190.0
2887.639946,2887.63511952335,40485332190.0
14610.889589,14610.88863450571,40485332190.0
6330.6694636,6330.66726207204,40485332190.0
4487.6929755,4487.689869898083,40485332190.0
2613.9418287,2613.936496947044,40485332190.0
9073.5032411,9073.501705109864,40485332190.0
4964.5866473,4964.583840034322,40485332190.0
15386.713469,15386.71256388778,40485332190.0
6104.1685404,6104.166257297518,40485332190.0
5644.232341,5644.229871687768,40485332190.0
2249.3969453,2249.3907494878067,40485332190.0
3019.489395,3019.484779328264,40485332190.0
10714.126483,10714.125181710835,40485332190.0
1231.4986067,1231.4872895416675,40485332190.0
4863.8018533,4863.798987834788,40485332190.0
3903.1374558,3903.133885056609,40485332190.0
2988.63107,2988.6264065986875,40485332190.0
1128.1005141,1128.0881596650847,40485332190.0
2903.9907024,2903.985903136399,40485332190.0
8860.3940243,8860.392451358151,40485332190.0
5247.8994804,5247.896824677596,40485332190.0
3197.786246,3197.7818876754927,40485332190.0
11830.282161,11830.280982377823,40485332190.0
1033.0322188,1033.0187273443541,40485332190.0
4090.8447853,4090.841378396054,40485332190.0
11575.247533,11575.246328951656,40485332190.0
3762.0046736,3762.000968933621,40485332190.0
2205.1495838,2205.143263632173,40485332190.0
1330.0000844,1329.989605401665,40485332190.0
6975.1803641,6975.17836603253,40485332190.0
1795.9645055,1795.9567452812107,40485332190.0
1518.4789968,1518.4698185349912,40485332190.0
7576.0479238,7576.046084248687,40485332190.0
3883.5271249,3883.52353617879,40485332190.0
1763.3738333,1763.3659297646748,40485332190.0
5920.5055509,5920.503196844243,40485332190.0
2756.7359183,2756.73086277444,40485332190.0
5451.7916841,5451.78912767606,40485332190.0
2673.7777855,2673.772573110572,40485332190.0
3630.7119792,3630.708140539001,40485332190.0
915.028943,915.0137116816578,40485332190.0
10304.095468,10304.094115385755,40485332190.0
5686.109062,5686.10661092908,40485332190.0
7516.1119759,7516.110121662581,40485332190.0
3565.849052,3565.845143539844,40485332190.0
3988.5598245,3988.5563303355552,40485332190.0
8193.7502718,8193.748570863987,40485332190.0
2289.7119694,2289.705882588014,40485332190.0
3424.4124,3424.408330078081,40485332190.0
7536.2042186,7536.202369266287,40485332190.0
1564.4206512,1564.4117423837067,40485332190.0
1814.4237376,1814.4160564038557,40485332190.0
4962.3639321,4962.361123583536,40485332190.0
9184.0803963,9184.078878830573,40485332190.0
2774.2813482,2774.276324587071,40485332190.0
1282.121616,1282.110745693913,40485332190.0
902.35353105,902.3380857785934,40485332190.0
5133.9458771,5133.943162446274,40485332190.0
1407.4143205,1407.40441794705,40485332190.0
2110.4527571,2110.4461533167305,40485332190.0
9101.4716391,9101.470107778969,40485332190.0
5381.5068814,5381.504291604372,40485332190.0
1838.4575427,1838.4499619054593,40485332190.0
9882.1014105,9882.100000161185,40485332190.0
9210.2713627,9210.269849520504,40485332190.0
7491.0620381,7491.060177566026,40485332190.0
2424.1569977,2424.151248510884,40485332190.0
1766.33849,1766.330599681336,40485332190.0
1614.5222016,1614.5135692943516,40485332190.0
5114.6903206,5114.6875957792445,40485332190.0
6159.2198504,6159.21758754657,40485332190.0
3812.0379368,3812.0342807363545,40485332190.0
5146.818316,5146.815608191314,40485332190.0
3042.3327612,3042.328180152069,40485332190.0
2016.2572924,2016.2503800855718,40485332190.0
2802.9096565,2802.904684233221,40485332190.0
4451.3749915,4451.371860512963,40485332190.0
5353.5510257,5353.5484224394695,40485332190.0
907.18284538,907.1674823185615,40485332190.0
3590.4231047,3590.4192229738583,40485332190.0
4504.0026497,4503.9995553706885,40485332190.0
21148.757753,21148.75709373412,40485332190.0
4963.7742892,4963.771481465262,40485332190.0
6016.0169033,6016.014586583033,40485332190.0
1558.1901008,1558.1811564394488,40485332190.0
3414.6229598,3414.618878218136,40485332190.0
2756.5436881,2756.5386321046867,40485332190.0
12080.170046,12080.168892183481,40485332190.0
3045.15469,3045.150113251559,40485332190.0
4865.0547863,4865.051921653332,40485332190.0
2177.326423,2177.3200220156364,40485332190.0
3329.2299547,3329.225768427631,40485332190.0
6037.6801968,6037.677888470558,40485332190.0
2585.6922076,2585.6868176244216,40485332190.0
2404.0200834,2404.014286024044,40485332190.0
14888.560089,14888.559153005946,40485332190.0
4244.0716772,4244.068393374661,40485332190.0
12125.310848,12125.309697971506,40485332190.0
5149.7816178,5149.778911442983,40485332190.0
3442.622861,3442.618812613134,40485332190.0
3617.3223477,3617.3184948565713,40485332190.0
4615.7944171,4615.791397731383,40485332190.0
3815.4481178,3815.444465035859,40485332190.0
2974.6461667,2974.6414814466857,40485332190.0
12572.92155,12572.920440878052,40485332190.0
7566.5108547,7566.509012778503,40485332190.0
1360.6328148,1360.6225718251055,40485332190.0
3878.9491682,3878.945575197121,40485332190.0
1046.6167801,1046.6034637897685,40485332190.0
7228.4556475,7228.453719414492,40485332190.0
2833.3935943,2833.38867552435,40485332190.0
4194.6679444,4194.66462177386,40485332190.0
6186.4904784,6186.488225533977,40485332190.0
5139.4982512,5139.4955394442995,40485332190.0
1167.7972298,1167.7852953066802,40485332190.0
2920.6628534,2920.658081553448,40485332190.0
6603.5558289,6603.55371833256,40485332190.0
3308.6749079,3308.6706956970133,40485332190.0
10437.115385,10437.114049033957,40485332190.0
11077.854404,11077.85314671468,40485332190.0
9196.9918602,9196.990344813294,40485332190.0
4050.4191813,4050.4157403377267,40485332190.0
3349.8593317,3349.855171202496,40485332190.0
23517.15183,23517.151237628914,40485332190.0
3255.6208747,3255.616593803297,40485332190.0
2893.6246805,2893.6198640027164,40485332190.0
13065.39595,13065.394882846842,40485332190.0
6746.2661715,6746.264105552539,40485332190.0
1826.1936185,1826.1859867010212,40485332190.0
4502.8649871,4502.861891957167,40485332190.0
4220.0699843,4220.0666817823985,40485332190.0
8840.2495394,8840.247962815723,40485332190.0
6639.1282464,6639.126147214209,40485332190.0
2605.4033487,2605.3979994544825,40485332190.0
2102.9536454,2102.9470179952555,40485332190.0
4318.4207191,4318.417491790223,40485332190.0
7916.3394213,7916.337660761882,40485332190.0
2960.3285509,2960.3238429976477,40485332190.0
1715.0773277,1715.0692015020147,40485332190.0
14926.237188,14926.236254481064,40485332190.0
5670.8210009,5670.818543232945,40485332190.0
2194.9271034,2194.9207537281645,40485332190.0
2212.9616591,2212.955361268812,40485332190.0
4364.0230312,4364.01983753507,40485332190.0
2336.6909417,2336.6849772722103,40485332190.0
4407.6239563,4407.620794219421,40485332190.0
2689.6756946,2689.670512939295,40485332190.0
3220.7326571,3220.728329887048,40485332190.0
4243.1586358,4243.155351214903,40485332190.0
1040.7433127,1040.7299212951875,40485332190.0
2305.1747797,2305.168733737627,40485332190.0
1815.9209195,1815.9132446445024,40485332190.0
7853.8480912,7853.8463166302645,40485332190.0
5762.0609425,5762.058523762306,40485332190.0
2640.0956466,2640.090367561791,40485332190.0
2800.3408312,2800.335854275331,40485332190.0
342.10321868,342.06247713799996,40485332190.0
1974.0188333,1974.0117731254006,40485332190.0
3153.8996921,3153.8952731860145,40485332190.0
1203.8750577,1203.8634808581014,40485332190.0
3967.8393491,3967.835836608368,40485332190.0
1597.2699149,1597.2611893580968,40485332190.0
7327.7320592,7327.7301571749285,40485332190.0
9988.9917154,9988.99032016418,40485332190.0
1010.2141838,1010.2003876983143,40485332190.0
8137.8631362,8137.861423552822,40485332190.0
5882.5950544,5882.592685205222,40485332190.0
1720.4085666,1720.400465636669,40485332190.0
7130.1834233,7130.181468625233,40485332190.0
11928.062609,11928.061440457706,40485332190.0
4960.4215135,4960.41870379222,40485332190.0
1529.2313993,1529.2222855680043,40485332190.0
7658.5816041,7658.579784330316,40485332190.0
3115.4974289,3115.4929554857263,40485332190.0
2607.6381892,2607.6328445390654,40485332190.0
4616.8555077,4616.852488931761,40485332190.0
3939.0214045,3939.0178663198385,40485332190.0
12115.725628,12115.724478200953,40485332190.0
3628.2663272,3628.262485980105,40485332190.0
2455.5963431,2455.590667451975,40485332190.0
1795.8266997,1795.8189388655505,40485332190.0
3573.8416463,3573.837746619858,40485332190.0
2869.0082932,2869.003435456405,40485332190.0
3297.968239,3297.964013083725,40485332190.0
5517.2481237,5517.245597681691,40485332190.0
1820.3415012,1820.3338449692976,40485332190.0
3929.4970729,3929.49352614529,40485332190.0
4175.4977443,4175.494406416655,40485332190.0
2614.6202789,2614.614948575595,40485332190.0
4989.6725661,4989.66977290778,40485332190.0
3522.006594,3522.002636846756,40485332190.0
1551.0681281,1551.0591426535461,40485332190.0
8522.6387577,8522.63712246225,40485332190.0
4738.7280379,4738.725096827389,40485332190.0
6685.4646444,6685.462559732582,40485332190.0
2335.9942149,2335.98824870934,40485332190.0
1692.8559591,1692.8477263256295,40485332190.0
8572.3123656,8572.310739809216,40485332190.0
2996.6146757,2996.6100248270636,40485332190.0
3004.6344001,3004.6297616708544,40485332190.0
2074.0983291,2074.091609562819,40485332190.0
4185.0338303,4185.0305001140105,40485332190.0
19702.948948,19702.948240493006,40485332190.0
4413.7264397,4413.72328203672,40485332190.0
657.26876535,657.2475606122923,40485332190.0
2812.7342876,2812.729332707464,40485332190.0
3763.0672879,3763.063584337588,40485332190.0
1187.1089702,1187.0972298685238,40485332190.0
2169.4821307,2169.4757065816993,40485332190.0
2016.0311393,2016.0242261974365,40485332190.0
3597.7785446,3597.7746708407835,40485332190.0
4874.239845,4874.236985622403,40485332190.0
2421.2599624,2421.254206260009,40485332190.0
2581.8450986,2581.839700568629,40485332190.0
2840.4796868,2840.4747801566573,40485332190.0
4802.2357442,4802.23284198546,40485332190.0
8719.3219687,8719.32037027089,40485332190.0
9665.6802475,9665.678805517553,40485332190.0
10413.445682,10413.444343348086,40485332190.0
2410.5482236,2410.5424418860857,40485332190.0
547.36138191,547.3359192004946,40485332190.0
2802.1965167,2802.191543075366,40485332190.0
5311.0386725,5311.036048363361,40485332190.0
1729.411308,1729.4032491713472,40485332190.0
2890.7379907,2890.733169511214,40485332190.0
4323.7202749,4323.717051430559,40485332190.0
964.94943211,964.9349887696387,40485332190.0
4056.9569887,4056.953553331694,40485332190.0
16257.391453,16257.390595472109,40485332190.0
10414.982238,10414.980899658382,40485332190.0
2570.6261125,2570.6206908910567,40485332190.0
1209.9082645,1209.896745399132,40485332190.0
358.32337941,358.2844823188268,40485332190.0
2168.9059205,2168.8994946383423,40485332190.0
2504.5546006,2504.5490359611026,40485332190.0
5080.6575995,5080.654856331814,40485332190.0
6170.3380661,6170.335807463833,40485332190.0
4946.5561005,4946.553283028823,40485332190.0
2421.0582652,2421.052508644849,40485332190.0
2644.3952718,2644.3900014294586,40485332190.0
1232.9170689,1232.905764735963,40485332190.0
6837.9347873,6837.932749044819,40485332190.0
2422.7396307,2422.733878146855,40485332190.0
12493.638819,12493.637703069964,40485332190.0
14030.007097,14030.006103653906,40485332190.0
4417.3060123,4417.302857268484,40485332190.0
3487.499386,3487.4953897943687,40485332190.0
5731.9645354,5731.962103946979,40485332190.0
9060.1902172,9060.188678906152,40485332190.0
9263.8654398,9263.863935397296,40485332190.0
18770.162984,18770.162241435548,40485332190.0
8952.8958439,8952.894287217332,40485332190.0
2014.5362965,2014.5293783301815,40485332190.0
2656.5181863,2656.5129399799716,40485332190.0
7028.6780692,7028.67608626876,40485332190.0
2673.9819163,2673.976704129001,40485332190.0
5390.1156505,5390.113064829598,40485332190.0
14450.456046,14450.455081254933,40485332190.0
580.66138528,580.637382876386,40485332190.0
4919.1027984,4919.099965182535,40485332190.0
3218.2871619,3218.28283139083,40485332190.0
7596.7440218,7596.742187115244,40485332190.0
9889.3474135,9889.346004135288,40485332190.0
9996.294925,9996.293530780726,40485332190.0
16954.202231,16954.201408590707,40485332190.0
3884.7648829,3884.7612953010093,40485332190.0
1626.9526431,1626.9440767327326,40485332190.0
2894.3825538,2894.377738646247,40485332190.0
4153.6372746,4153.633919212874,40485332190.0
5565.8973592,5565.894855232019,40485332190.0
13220.488615,13220.487561054904,40485332190.0
2727.3479711,2727.342860924976,40485332190.0
5723.5588789,5723.556443929462,40485332190.0
3283.8305115,3283.826267336356,40485332190.0
11048.401693,11048.400430984739,40485332190.0
4283.4545145,4283.451260835621,40485332190.0
5804.9381219,5804.935721001689,40485332190.0
5194.8366001,5194.833917255048,40485332190.0
3190.3605208,3190.3561523204457,40485332190.0
1443.5884203,1443.5787657866438,40485332190.0
2381.5388375,2381.532985420773,40485332190.0
5534.9413718,5534.938853772046,40485332190.0
4481.0318377,4481.028727478434,40485332190.0
2570.6877584,2570.682336964586,40485332190.0
6829.1530136,6829.150972802044,40485332190.0
964.89995593,964.8855118472743,40485332190.0
8809.1492149,8809.147632779897,40485332190.0
7321.4547123,7321.452808672193,40485332190.0
3651.3616251,3651.3578082238,40485332190.0
3128.5428744,3128.5384196123428,40485332190.0
4250.3086158,4250.305336812278,40485332190.0
2912.4927091,2912.4879237682567,40485332190.0
5841.0606568,5841.05827072221,40485332190.0
2672.7908633,2672.785648878475,40485332190.0
9981.6178012,9981.61640484341,40485332190.0
1762.5339256,1762.5260181551166,40485332190.0
1932.5362447,1932.5290329384695,40485332190.0
5326.2678805,5326.265263868786,40485332190.0
1847.1968645,1847.189319561393,40485332190.0
3158.4470489,3158.442636251115,40485332190.0
7036.1964453,7036.194464577637,40485332190.0
7240.0538297,7240.051904723908,40485332190.0
5448.9914102,5448.98885252204,40485332190.0
2363.8637392,2363.8578433049042,40485332190.0
2204.0312504,2204.0249270065706,40485332190.0
5544.0590281,5544.056514214569,40485332190.0
2788.3096135,2788.3046151478875,40485332190.0
5638.4808144,5638.478342616636,40485332190.0
1829.1484344,1829.1408149973172,40485332190.0
13616.459334,13616.458310168206,40485332190.0
2072.5194872,2072.5127624827232,40485332190.0
3954.3004383,3954.2969137791747,40485332190.0
6338.3642048,6338.36200590625,40485332190.0
1639.9825366,1639.9740383832404,40485332190.0
11466.34145,11466.340235159072,40485332190.0
6558.6972909,6558.695165973766,40485332190.0
722.97158532,722.9523077075278,40485332190.0
2504.8475947,2504.842030626404,40485332190.0
10628.728177,10628.726866246538,40485332190.0
3330.848969,3330.8447847732873,40485332190.0
6898.4878251,6898.485804869995,40485332190.0
5207.8314393,5207.828763159016,40485332190.0
3665.582504,3665.578701814296,40485332190.0
7805.2167847,7805.2149990623775,40485332190.0
5994.4198959,5994.417570863834,40485332190.0
4986.2614823,4986.258687240156,40485332190.0
8002.053238,8002.051496318293,40485332190.0
2278.3774913,2278.3713741568577,40485332190.0
3144.5045413,3144.5001091055515,40485332190.0
3701.3048354,3701.3010699924926,40485332190.0
851.01605697,850.9996799307811,40485332190.0
10362.907282,10362.905936666188,40485332190.0
7255.8618376,7255.859916791406,40485332190.0
1203.5995781,1203.5879986587734,40485332190.0
15658.350545,15658.349655251779,40485332190.0
6790.6488956,6790.646843166052,40485332190.0
858.6772907,858.6610597833211,40485332190.0
2835.6010668,2835.5961517376227,40485332190.0
3401.975945,3401.9718482860867,40485332190.0
3659.6031975,3659.599389155865,40485332190.0
3541.6234244,3541.6194891348628,40485332190.0
4504.8458333,4504.8427395183835,40485332190.0
14078.574843,14078.573853194417,40485332190.0
2499.9226746,2499.917099646448,40485332190.0
603.88692748,603.8638482425237,40485332190.0
9504.2111093,9504.209642979891,40485332190.0
7674.4814164,7674.479600318083,40485332190.0
10212.874166,10212.872801053456,40485332190.0
9969.4378989,9969.436500894413,40485332190.0
3024.2271717,3024.222563234746,40485332190.0
2821.402206,2821.397266301666,40485332190.0
5477.8608773,5477.858333040719,40485332190.0
7424.6754981,7424.673620985246,40485332190.0
5148.9839159,5148.981209195968,40485332190.0
1962.2385565,1962.2314539478002,40485332190.0
4658.1998092,4658.196817262358,40485332190.0
8325.98825,8325.986576111512,40485332190.0
1343.4695787,1343.4592047519227,40485332190.0
3380.0561909,3380.0520676483925,40485332190.0
5184.0028046,5184.000116174389,40485332190.0
2861.4278309,2861.422960238276,40485332190.0
3133.0440972,3133.0396488519477,40485332190.0
5766.1065776,5766.104160543339,40485332190.0
2353.7073313,2353.701410008273,40485332190.0
5741.9353382,5741.93291093913,40485332190.0
10269.437354,10269.435996498876,40485332190.0
2282.1498627,2282.1437556894266,40485332190.0
4265.6680867,4265.664819391606,40485332190.0
2183.1995708,2183.193186986261,40485332190.0
3477.6257065,3477.6216988784854,40485332190.0
3376.5735399,3376.569412345305,40485332190.0
2905.6315562,2905.626759649826,40485332190.0
4744.9361237,4744.9331863955795,40485332190.0
5170.7351129,5170.732417534911,40485332190.0
1816.2839592,1816.276285843674,40485332190.0
4511.0795386,4511.076449186118,40485332190.0
416.47458508,416.4411195503129,40485332190.0
7675.4039891,7675.402173281011,40485332190.0
13992.697303,13992.696306829263,40485332190.0
3599.1895486,3599.1856763710302,40485332190.0
13705.234445,13705.233427433117,40485332190.0
12858.762083,12858.76099922697,40485332190.0
9662.9901792,9662.988736886946,40485332190.0
4870.366174,4870.36331243601,40485332190.0
6429.892464,6429.890296474926,40485332190.0
1720.6234432,1720.615343140096,40485332190.0
2183.7125322,2183.7061499794067,40485332190.0
4763.2506287,4763.247702667422,40485332190.0
6921.4952528,6921.493239169567,40485332190.0
6744.203202,6744.20113545184,40485332190.0
4387.9022018,4387.899025512078,40485332190.0
10216.033265,10216.031900691549,40485332190.0
9657.7909115,9657.78946844441,40485332190.0
5188.2841452,5188.281458974866,40485332190.0
1027.2231412,1027.2095734730844,40485332190.0
3499.8916441,3499.8876619344787,40485332190.0
3648.4501167,3648.446296724051,40485332190.0
2264.1219113,2264.1157557298848,40485332190.0
5824.5191922,5824.5167993420055,40485332190.0
2015.8393007,2015.83238695111,40485332190.0
4969.6127857,4969.609981292357,40485332190.0
3285.1816114,3285.1773690371983,40485332190.0
1074.9532219,1074.940256676903,40485332190.0
1936.3383967,1936.3311991678927,40485332190.0
3157.696117,3157.6917033181,40485332190.0
3856.3975533,3856.3939392915668,40485332190.0
2419.1571279,2419.151366781801,40485332190.0
4174.7858955,4174.782557121678,40485332190.0
6761.7282427,6761.726181475113,40485332190.0
6001.2009473,6001.1986249241945,40485332190.0
1480.1252325,1480.1158163394216,40485332190.0
3838.2173913,3838.213760124266,40485332190.0
2211.9409775,2211.9346766612584,40485332190.0
13911.903004,13911.902002345385,40485332190.0
11632.22266,11632.221461715893,40485332190.0
2742.5911247,2742.586042980236,40485332190.0
1961.2823903,1961.2752841747258,40485332190.0
10926.300486,10926.299209734043,40485332190.0
4502.2038558,4502.200760226585,40485332190.0
461.98777446,461.9576060507904,40485332190.0
6034.7278798,6034.725570270474,40485332190.0
4382.7565603,4382.753380318617,40485332190.0
2586.5114196,2586.5060312647456,40485332190.0
2267.988162,2267.982016985239,40485332190.0
5881.4841113,5881.481741582668,40485332190.0
2554.5604358,2554.5549799955347,40485332190.0
4392.4635709,4392.460398014475,40485332190.0
3789.9126805,3789.909003173781,40485332190.0
2653.396419,2653.3911664947636,40485332190.0
938.95909192,938.9442487878503,40485332190.0
3728.9154692,3728.9117316513266,40485332190.0
1736.3151085,1736.3070817120197,40485332190.0
5707.3392113,5707.336769383628,40485332190.0
630.65876164,630.6366621594275,40485332190.0
1318.452184,1318.4416131974451,40485332190.0
7482.2326607,7482.2307979866655,40485332190.0
2840.465664,2840.460757497383,40485332190.0
7041.3149071,7041.312927787628,40485332190.0
2812.7582498,2812.7532948690737,40485332190.0
4162.7678477,4162.764499702674,40485332190.0
4477.3051815,4477.302068653104,40485332190.0
3843.5672397,3843.5636136415615,40485332190.0
9516.1491651,9516.147700576445,40485332190.0
8933.3615679,8933.360007806043,40485332190.0
5223.8658842,5223.863216255342,40485332190.0
4006.9053142,4006.901835930821,40485332190.0
8765.6656253,8765.664035340396,40485332190.0
3842.2892026,3842.285575339784,40485332190.0
5303.8699411,5303.867313433405,40485332190.0
4557.0035203,4557.000461991143,40485332190.0
1844.527993,1844.5204371840991,40485332190.0
5665.0450418,5665.042581627121,40485332190.0
10021.075996,10021.074606111328,40485332190.0
4553.4031674,4553.400106555461,40485332190.0
6989.7747736,6989.772779649237,40485332190.0
3764.5534885,3764.5497863273436,40485332190.0
2128.1745648,2128.1680159860057,40485332190.0
2279.4094278,2279.403313503562,40485332190.0
3528.4702198,3528.466269877843,40485332190.0
3444.9595048,3444.9554591432357,40485332190.0
13864.212222,13864.211216839018,40485332190.0
917.47585314,917.4606624427622,40485332190.0
2589.2152864,2589.2099036923873,40485332190.0
6724.0808213,6724.0787486194085,40485332190.0
2646.697766,2646.692500154137,40485332190.0
9041.3031259,9041.301584413519,40485332190.0
3260.7397906,3260.735516456163,40485332190.0
9210.8286391,9210.827126037417,40485332190.0
4254.1840959,4254.180819920861,40485332190.0
1662.6112015,1662.6028188971297,40485332190.0
1969.0834946,1969.0764166535616,40485332190.0
10578.846871,10578.845553296083,40485332190.0
3581.3160532,3581.312161612143,40485332190.0
9897.6686635,9897.6672554496,40485332190.0
3204.9302946,3204.925945960245,40485332190.0
4805.3850615,4805.3821612918755,40485332190.0
5671.6682732,5671.665815875374,40485332190.0
2331.186419,2331.1804405048515,40485332190.0
3106.7355319,3106.73104584981,40485332190.0
4499.8826798,4499.879582628618,40485332190.0
8548.0556965,8548.054066074541,40485332190.0
5070.2959989,5070.293250145307,40485332190.0
5460.8396144,5460.837062212299,40485332190.0
1517.2085113,1517.1993253228354,40485332190.0
1482.2925218,1482.283119460602,40485332190.0
6511.0037338,6511.001593196416,40485332190.0
2542.386826,2542.381344177046,40485332190.0
3283.1500816,3283.145836667724,40485332190.0
894.92555643,894.9099829553925,40485332190.0
3608.2983644,3608.2945019112003,40485332190.0
4112.5098016,4112.506412687575,40485332190.0
1895.8420109,1895.8346595001508,40485332190.0
1828.6366315,1828.6290100370761,40485332190.0
1437.3151021,1437.3054055906487,40485332190.0
5074.6836897,5074.680943336025,40485332190.0
2058.5152154,2058.5084450204013,40485332190.0
12370.958487,12370.957360725766,40485332190.0
11569.769661,11569.768456405354,40485332190.0
5939.437332,5939.434985549095,40485332190.0
7065.5563863,7065.5544137808965,40485332190.0
1973.220988,1973.213924934244,40485332190.0
1559.6059118,1559.5969756035204,40485332190.0
1120.6184278,1120.6059909012627,40485332190.0
2629.3204963,2629.3151956650017,40485332190.0
4261.1167596,4261.113488934451,40485332190.0
10955.3502,10955.348928180687,40485332190.0
9975.9938208,9975.992423705693,40485332190.0
1923.1178452,1923.1105981617793,40485332190.0
4006.2149265,4006.2114476981906,40485332190.0
1496.9948906,1496.9855806266346,40485332190.0
3528.0834688,3528.079518490534,40485332190.0
1624.5023774,1624.4937981210533,40485332190.0
6309.9050703,6309.90286149539,40485332190.0
4307.8542639,4307.8510286174605,40485332190.0
3773.851598,3773.8479049828898,40485332190.0
4491.3751904,4491.37208733593,40485332190.0
265.50562821,265.4531307937306,40485332190.0
1982.6719478,1982.6649184392918,40485332190.0
4201.2298755,4201.226558205178,40485332190.0
10722.239336,10722.238036151708,40485332190.0
2973.1520074,2973.1473198606823,40485332190.0
3018.4188863,3018.4142690364683,40485332190.0
4687.0963459,4687.093372495789,40485332190.0
2242.0975575,2242.091341433601,40485332190.0
14252.19815,14252.197171936634,40485332190.0
1840.1726705,1840.1650967434323,40485332190.0
3372.9098299,3372.905697897267,40485332190.0
1199.7202057,1199.7085887937724,40485332190.0
2884.8365595,2884.831728399659,40485332190.0
4789.2184328,4789.215522683447,40485332190.0
2872.8481204,2872.8432691586167,40485332190.0
5354.9807011,5354.97809849397,40485332190.0
5441.7358,5441.733238807018,40485332190.0
3825.5863748,3825.5827317445305,40485332190.0
2998.1186575,2998.114008926407,40485332190.0
2706.1772035,2706.172053410753,40485332190.0
3760.8322426,3760.828536809818,40485332190.0
1423.2699101,1423.2601178967818,40485332190.0
4701.1630693,4701.1601046858905,40485332190.0
2607.3023847,2607.297039365136,40485332190.0
2643.7263188,2643.721047068498,40485332190.0
1929.9563775,1929.9491560860045,40485332190.0
3552.6016186,3552.597695583369,40485332190.0
5473.8813565,5473.87881042242,40485332190.0
1693.5024748,1693.4942451085064,40485332190.0
2033.3581528,2033.3512985693192,40485332190.0
11477.476378,11477.475163734745,40485332190.0
6880.8279182,6880.8258927227025,40485332190.0
1400.1381566,1400.1282026434014,40485332190.0
1874.8514999,1874.8440662454775,40485332190.0
5767.2785318,5767.276115197213,40485332190.0
17019.550164,17019.54934523613,40485332190.0
3118.4429933,3118.4385240364645,40485332190.0
12410.233482,12410.23235926841,40485332190.0
3704.013333,3704.009570342099,40485332190.0
9815.1735877,9815.172167799816,40485332190.0
10822.482282,10822.480993750854,40485332190.0
2824.9728903,2824.967956821651,40485332190.0
12266.366247,12266.365111107665,40485332190.0
4989.666647,4989.663853808611,40485332190.0
4639.9223846,4639.919380844687,40485332190.0
1920.8164064,1920.809150610785,40485332190.0
13683.484495,13683.483476441344,40485332190.0
8965.5794159,8965.577861381675,40485332190.0
3417.9025397,3417.8984620904084,40485332190.0
10688.6869,10688.685596500407,40485332190.0
2798.8167074,2798.8117278129725,40485332190.0
14424.721822,14424.720855351638,40485332190.0
3477.9993907,3477.9953835856086,40485332190.0
6840.5893361,6840.587298711042,40485332190.0
731.62868317,731.6096336617491,40485332190.0
2523.7347724,2523.7292499796395,40485332190.0
1767.1227424,1767.1148555318116,40485332190.0
3314.4747992,3314.4705942475775,40485332190.0
9244.3650574,9244.363549803693,40485332190.0
7465.6688142,7465.666947358823,40485332190.0
12708.234011,12708.232914493972,40485332190.0
2513.0760324,2513.0704866110314,40485332190.0
7905.3900841,7905.388321133995,40485332190.0
2977.3204169,2977.315735880921,40485332190.0
2616.7132502,2616.7079240165403,40485332190.0
1585.2114388,1585.2026468391382,40485332190.0
820.2739234,820.2569325767769,40485332190.0
4004.9839047,4004.980424738113,40485332190.0
6108.8692648,6108.866983377508,40485332190.0
3024.7943819,3024.7897742976875,40485332190.0
1750.9578345,1750.9498747751177,40485332190.0
5875.1185598,5875.116187597131,40485332190.0
3371.4426332,3371.438499373823,40485332190.0
9285.3151492,9285.313648264573,40485332190.0
6129.7841928,6129.781919231569,40485332190.0
1242.8821395,1242.8709260560063,40485332190.0
6323.8964896,6323.894285762625,40485332190.0
8528.4356935,8528.434059312673,40485332190.0
2076.2521456,2076.245433033965,40485332190.0
1412.8169508,1412.8070861429387,40485332190.0
7645.2267664,7645.2249433995985,40485332190.0
1612.2181547,1612.2095101092789,40485332190.0
2635.676456,2635.6711682380333,40485332190.0
9962.5666067,9962.565207793632,40485332190.0
13922.572802,13922.571800487429,40485332190.0
6136.8808445,6136.878573554943,40485332190.0
3000.6587881,3000.6541434122128,40485332190.0
885.62320207,885.6074650099424,40485332190.0
5596.7233514,5596.720861226673,40485332190.0
3325.8754364,3325.8712459333287,40485332190.0
2375.9143333,2375.9084673533866,40485332190.0
3116.9248942,3116.920422819722,40485332190.0
3091.1192677,3091.114759024176,40485332190.0
3638.5993639,3638.5955335538038,40485332190.0
3414.6633566,3414.659275134194,40485332190.0
2472.2990842,2472.293446913224,40485332190.0
7129.0417166,7129.039761600101,40485332190.0
4164.2317458,4164.228398945859,40485332190.0
1034.1021835,1034.08870598659,40485332190.0
8273.1585262,8273.156841572933,40485332190.0
6626.4830678,6626.4809645285195,40485332190.0
2028.9652411,2028.958372075391,40485332190.0
4059.6081049,4059.604671828246,40485332190.0
3347.9781186,3347.973955805017,40485332190.0
4775.0847014,4775.08178270658,40485332190.0
5523.7200776,5523.71755440286,40485332190.0
3127.0133915,3127.008934477013,40485332190.0
2815.9540042,2815.9490549654324,40485332190.0
4476.4572496,4476.454136162447,40485332190.0
4428.1210941,4428.1179467090915,40485332190.0
15803.44129,15803.440408007027,40485332190.0
2776.6199553,2776.614935882731,40485332190.0
8518.265625,8518.26398891867,40485332190.0
10452.454223,10452.452889393366,40485332190.0
4540.4539456,4540.450876063928,40485332190.0
3496.6243332,3496.620347381838,40485332190.0
7110.4653972,7110.463437104745,40485332190.0
3200.017988,3200.013632737459,40485332190.0
3663.2805721,3663.2767675220493,40485332190.0
4274.6045641,4274.601303690296,40485332190.0
6604.8518021,6604.84969198177,40485332190.0
3800.9891709,3800.985504261137,40485332190.0
3214.4387284,3214.4343927299246,40485332190.0
10090.069357,10090.067975910388,40485332190.0
3706.1170167,3706.1132562354555,40485332190.0
1651.8925181,1651.8840811924977,40485332190.0
9931.6090644,9931.607661048833,40485332190.0
1351.4506395,1351.440326897166,40485332190.0
3653.0626846,3653.058869451398,40485332190.0
3901.1093676,3901.105795021773,40485332190.0
1990.3029845,1990.2959821117938,40485332190.0
5284.609685,5284.607047730777,40485332190.0
7939.2051629,7939.203407470625,40485332190.0
7984.859736,7984.857990639078,40485332190.0
1972.3812627,1972.3741966532234,40485332190.0
2600.9752876,2600.9699292088294,40485332190.0
8141.2055658,8141.203853842427,40485332190.0
1393.7882735,1393.7782741529552,40485332190.0
6483.144652,6483.142502295517,40485332190.0
2183.9318153,2183.925433726412,40485332190.0
8184.8282608,8184.826558019724,40485332190.0
14283.998458,14283.997482791854,40485332190.0
3476.975715,3476.971706656218,40485332190.0
3941.2717542,3941.268218008829,40485332190.0
3744.0095029,3744.005780435831,40485332190.0
1021.6281803,1021.6145382857557,40485332190.0
2138.8019114,2138.795395158094,40485332190.0
1955.6873889,1955.6802625133103,40485332190.0
1244.1470251,1244.1358229654966,40485332190.0
4615.1724765,4615.16945664208,40485332190.0
3202.1741581,3202.169805741852,40485332190.0
10377.617944,10377.616601236874,40485332190.0
2875.7786382,2875.7737917842146,40485332190.0
4560.1509188,4560.147862522193,40485332190.0
4738.5559763,4738.553035085755,40485332190.0
5301.7949368,5301.792308143371,40485332190.0
10145.37294,10145.371566455822,40485332190.0
3073.0421243,3073.0375890109576,40485332190.0
2706.6092284,2706.604079179469,40485332190.0
3565.1207137,3565.1168043674625,40485332190.0
1734.7549967,1734.7469626865047,40485332190.0
8534.1086089,8534.106975850287,40485332190.0
2208.9190425,2208.9127331170776,40485332190.0
4293.2634228,4293.26017662843,40485332190.0
1254.8670836,1254.855977190423,40485332190.0
3328.2094863,3328.2052988176624,40485332190.0
11774.179357,11774.178172887952,40485332190.0
4313.511315,4313.508083984731,40485332190.0
10298.671385,10298.670031983587,40485332190.0
1859.6654415,1859.6579471273092,40485332190.0
7981.3452655,7981.343519312296,40485332190.0
1157.1648838,1157.1528396879203,40485332190.0
11369.464279,11369.463052846435,40485332190.0
1049.9226865,1049.9094121205462,40485332190.0
6998.6815116,6998.679520181624,40485332190.0
9348.8475775,9348.846086699956,40485332190.0
2449.2022821,2449.196591730415,40485332190.0
4408.0330935,4408.029931752724,40485332190.0
17566.713263,17566.712469104157,40485332190.0
1550.4086678,1550.399678565471,40485332190.0
4524.3664609,4524.36338053532,40485332190.0
3108.0978255,3108.0933413582634,40485332190.0
5219.354478,5219.351807693631,40485332190.0
2152.7594688,2152.7529947634994,40485332190.0
6354.9505866,6354.94839347947,40485332190.0
3375.7782853,3375.7741568002866,40485332190.0
12046.756433,12046.75527531617,40485332190.0
3264.595801,3264.591531815458,40485332190.0
4604.248099,4604.245072004435,40485332190.0
1708.104913,1708.0967536195226,40485332190.0
2986.8878906,2986.8832245840663,40485332190.0
8338.1450091,8338.14333764561,40485332190.0
2001.8516956,2001.844733586485,40485332190.0
4103.4384082,4103.435011790232,40485332190.0
12207.30572,12207.304578658124,40485332190.0
1369.0282435,1369.0180632915708,40485332190.0
14932.319053,14932.318120152071,40485332190.0
3617.7303656,3617.726513189954,40485332190.0
1217.0847258,1217.0732746945114,40485332190.0
2323.1229233,2323.116923965705,40485332190.0
4724.5110912,4724.50814122594,40485332190.0
6300.8907674,6300.888555504151,40485332190.0
11718.437462,11718.436271988217,40485332190.0
7262.0245275,7262.022608348697,40485332190.0
3308.3342662,3308.3300535632225,40485332190.0
4906.7666547,4906.76381435199,40485332190.0
1753.0181931,1753.0102427727907,40485332190.0
1791.4406097,1791.4328299881324,40485332190.0
2922.3805491,2922.375780065741,40485332190.0
3113.4604347,3113.4559583052214,40485332190.0
1838.551757,1838.5441765868727,40485332190.0
4111.7106759,4111.707286300533,40485332190.0
5125.6909696,5125.688250623097,40485332190.0
2771.6208037,2771.6157753067555,40485332190.0
2214.4515079,2214.4452141685115,40485332190.0
6850.3521827,6850.350148181705,40485332190.0
1077.721234,1077.7083019884212,40485332190.0
790.20222168,790.1845842491084,40485332190.0
3011.1327731,3011.1281446400785,40485332190.0
2843.2885899,2843.2836882371844,40485332190.0
5645.5930772,5645.590608596932,40485332190.0
367.7774581,367.7395609958299,40485332190.0
4361.5330661,4361.52987060094,40485332190.0
2145.3914793,2145.3849830187714,40485332190.0
1086.8885244,1086.8757015211277,40485332190.0
5648.5936684,5648.591201104101,40485332190.0
8795.0259367,8795.024352011276,40485332190.0
4268.2376069,4268.234341658212,40485332190.0
11095.984358,11095.983102393197,40485332190.0
3030.0133423,3030.008742647369,40485332190.0
2955.4448192,2955.44010344285,40485332190.0
1359.1110594,1359.1008048209678,40485332190.0
14113.310302,14113.309314343187,40485332190.0
11991.976481,11991.975318572568,40485332190.0
12794.798607,12794.797517704332,40485332190.0
2371.434348,2371.428471013408,40485332190.0
3069.26539,3069.260849242773,40485332190.0
3481.0017245,3480.997720838405,40485332190.0
2725.272298,2725.2671840593125,40485332190.0
6817.6350899,6817.633045583516,40485332190.0
3961.0377343,3961.0342157829973,40485332190.0
4717.7278804,4717.724926272795,40485332190.0
6753.2740764,6753.272012739082,40485332190.0
1261.2789185,1261.2678685977626,40485332190.0
6238.1985696,6238.196335462217,40485332190.0
8647.8525016,8647.850889972337,40485332190.0
4892.9611739,4892.958325493138,40485332190.0
2803.1565029,2803.1515310412847,40485332190.0
6890.5663011,6890.564278506786,40485332190.0
4671.0778612,4671.074877457489,40485332190.0
1294.5908555,1294.5800898867699,40485332190.0
3123.2254843,3123.221021964817,40485332190.0
1840.6434867,1840.6359149086582,40485332190.0
6658.6641999,6658.6621068141285,40485332190.0
12779.583268,12779.58217751969,40485332190.0
1918.7368851,1918.7296213940683,40485332190.0
3263.808891,3263.8046208145865,40485332190.0
1490.7321626,1490.7228135042437,40485332190.0
7673.8049531,7673.803136900409,40485332190.0
1652.1817826,1652.1733471104565,40485332190.0
4210.1976397,4210.194329407861,40485332190.0
1686.0284562,1686.020190017488,40485332190.0
1876.520825,1876.5133979863012,40485332190.0
4841.8079688,4841.805090329266,40485332190.0
4137.7801734,4137.776805161355,40485332190.0
2834.3940874,2834.3891702738388,40485332190.0
4771.4122203,4771.40929928233,40485332190.0
2664.6112135,2664.605983099024,40485332190.0
2389.6935211,2389.687688943439,40485332190.0
2600.4265398,2600.4211803633248,40485332190.0
10250.956838,10250.955478495147,40485332190.0
11773.697577,11773.696392721882,40485332190.0
6232.1598615,6232.157625231273,40485332190.0
1773.0527819,1773.044921372578,40485332190.0
10188.91525,10188.913881714567,40485332190.0
12268.974386,12268.973250151652,40485332190.0
1794.0927021,1794.0849338312937,40485332190.0
6252.8535219,6252.8512930265815,40485332190.0
8932.7091261,8932.707565905594,40485332190.0
2479.8031191,2479.7974988873016,40485332190.0
1314.3551779,1314.3445741456878,40485332190.0
3451.2691025,3451.2650642145613,40485332190.0
6061.5741094,6061.5718102025285,40485332190.0
3354.1206843,3354.116529039683,40485332190.0
7674.7951043,7674.79328838544,40485332190.0
6781.4621106,6781.460055413331,40485332190.0
1976.2421318,1976.2350796167877,40485332190.0
2305.6436722,2305.6376274763625,40485332190.0
4894.4209642,4894.418116654913,40485332190.0
2752.3878202,2752.38275655857,40485332190.0
2766.2601928,2766.2551546072286,40485332190.0
8163.3510264,8163.349319071155,40485332190.0
2992.6551187,2992.650461574853,40485332190.0
2318.4706575,2318.4646462021497,40485332190.0
3175.3074453,3175.303056159033,40485332190.0
1602.09472,1602.086020799256,40485332190.0
2133.1255365,2133.1190029594322,40485332190.0
1681.2095386,1681.2012487409781,40485332190.0
4920.3058119,4920.302979401382,40485332190.0
10323.286949,10323.285599018236,40485332190.0
4869.4291938,4869.426331655165,40485332190.0
4135.7389867,4135.735616785795,40485332190.0
1999.7078309,1999.700861367619,40485332190.0
1075.5943993,1075.5814417494737,40485332190.0
2941.3563305,2941.35159218154,40485332190.0
6818.1048626,6818.102818459034,40485332190.0
3589.9449725,3589.941090347142,40485332190.0
6740.8957413,6740.893673777797,40485332190.0
7326.4800241,7326.478121859715,40485332190.0
2343.2101261,2343.2041782999863,40485332190.0
3881.1778156,3881.1742247218413,40485332190.0
2067.2380516,2067.2313097409806,40485332190.0
4129.7828738,4129.7794990739285,40485332190.0
2099.7476168,2099.740979344099,40485332190.0
2887.8580026,2887.8531764481704,40485332190.0
296.2562317,296.20918429011226,40485332190.0
12144.221583,12144.220435402618,40485332190.0
3464.4315061,3464.427483221572,40485332190.0
3548.9711572,3548.967230137414,40485332190.0
3071.0761605,3071.071622380704,40485332190.0
6784.3017151,6784.299660851866,40485332190.0
5714.4998636,5714.497424732727,40485332190.0
7319.5290274,7319.527123308604,40485332190.0
7798.7619356,7798.760148572944,40485332190.0
11268.492994,11268.49175705718,40485332190.0
1978.2967932,1978.2897482618707,40485332190.0
3814.5505308,3814.546877182551,40485332190.0
3101.1653872,3101.160893008015,40485332190.0
4062.5542336,4062.5508029312678,40485332190.0
11321.049645,11321.04841404647,40485332190.0
2393.3063385,2393.3005151055513,40485332190.0
3864.6973147,3864.6937084639812,40485332190.0
3690.8563836,3690.852607450629,40485332190.0
7332.0833432,7332.0814423187185,40485332190.0
2118.5928022,2118.586223724525,40485332190.0
5348.3744904,5348.371884536676,40485332190.0
659.28875952,659.2676197659629,40485332190.0
3600.7369345,3600.733063896109,40485332190.0
2467.0741774,2467.068528247485,40485332190.0
5062.6923698,5062.689616890841,40485332190.0
5622.1995437,5622.197064795238,40485332190.0
6058.0592071,6058.0569066082,40485332190.0
767.22513881,767.2069731555158,40485332190.0
5718.0189557,5718.0165183435,40485332190.0
5351.4847648,5351.4821604884855,40485332190.0
2111.6927655,2111.6861655493826,40485332190.0
4791.7454503,4791.742541793555,40485332190.0
9755.2676972,9755.266268549198,40485332190.0
6859.9135924,6859.911560715213,40485332190.0
4666.3712329,4666.368246303715,40485332190.0
2904.6259144,2904.621116151202,40485332190.0
7279.1731548,7279.171240164085,40485332190.0
1392.3097149,1392.2997049138146,40485332190.0
15861.980097,15861.979218171973,40485332190.0
4135.1411774,4135.137807046026,40485332190.0
2297.4897053,2297.483639076723,40485332190.0
1777.8950777,1777.8872386780436,40485332190.0
1772.02683,1772.0189650048242,40485332190.0
7537.4265981,7537.424748989121,40485332190.0
8591.9105955,8591.908973352658,40485332190.0
17480.608926,17480.608128339438,40485332190.0
2072.9994759,2072.9927527660466,40485332190.0
5323.1625264,5323.159908199921,40485332190.0
5787.9138601,5787.9114521976835,40485332190.0
3100.9053454,3100.9008509314085,40485332190.0
4901.2498186,4901.246974973793,40485332190.0
6408.1136945,6408.111519553648,40485332190.0
2201.7793872,2201.773057381155,40485332190.0
6273.3249184,6273.322696733391,40485332190.0
6588.7913337,6588.789218451322,40485332190.0
923.13218026,923.11708264396,40485332190.0
545.45597414,545.4304224792293,40485332190.0
6013.8569294,6013.854611881991,40485332190.0
6816.2670283,6816.26498365104,40485332190.0
9769.6941574,9769.692730852094,40485332190.0
2396.4786388,2396.4728231316567,40485332190.0
468.98323656,468.95351818232615,40485332190.0
25039.747852,25039.747295004436,40485332190.0
1839.7608947,1839.753319240493,40485332190.0
8110.0614807,8110.059762222702,40485332190.0
1680.9922887,1680.983997667262,40485332190.0
4351.4492832,4351.446080307267,40485332190.0
2126.7458562,2126.739303084189,40485332190.0
5497.7162374,5497.7137023998375,40485332190.0
615.32676475,615.3041146029342,40485332190.0
4406.9661009,4406.962938378607,40485332190.0
8724.9537146,8724.952117157462,40485332190.0
3038.5899759,3038.5853892331797,40485332190.0
10648.391011,10648.389702071318,40485332190.0
3393.4553871,3393.4512800973503,40485332190.0
2296.6276997,2296.621631151442,40485332190.0
897.19147734,897.1759431902102,40485332190.0
5206.3474677,5206.344790731494,40485332190.0
3358.2996014,3358.2954513600685,40485332190.0
12453.830922,12453.829802922939,40485332190.0
5372.4707526,5372.468158450642,40485332190.0
6135.9821215,6135.979850080181,40485332190.0
3440.5310354,3440.526984668301,40485332190.0
1876.2624283,1876.2550003018941,40485332190.0
3187.7023007,3187.6979285924676,40485332190.0
2279.3534147,2279.3473002281376,40485332190.0
2509.3875537,2509.381999733697,40485332190.0
1282.2585249,1282.2476557163634,40485332190.0
3403.0831841,3403.079088712195,40485332190.0
510.41211231,510.38480622194743,40485332190.0
4541.7654925,4541.762423842479,40485332190.0
5990.6350731,5990.6327466626835,40485332190.0
3551.3501734,3551.346248884862,40485332190.0
2307.465459,2307.459418982989,40485332190.0
1383.9651232,1383.955052858132,40485332190.0
1111.152905,1111.1403621022305,40485332190.0
2351.4077435,2351.401816419238,40485332190.0
189.56591167,189.4923769001499,40485332190.0
2884.5334382,2884.5286066050453,40485332190.0
2007.5352655,2007.5283230927203,40485332190.0
3237.925988,3237.9216837400804,40485332190.0
3797.85575,3797.8520803586657,40485332190.0
6578.7778051,6578.775686623787,40485332190.0
3202.2112473,3202.2068950410976,40485332190.0
9386.8771628,9386.875678058017,40485332190.0
5635.7628021,5635.760329161962,40485332190.0
7043.9136975,7043.911718878793,40485332190.0
1629.2308967,1629.2223423796077,40485332190.0
10091.884032,10091.882651380203,40485332190.0
4172.7452888,4172.741948851062,40485332190.0
5990.0537763,5990.051449595212,40485332190.0
1370.3892209,1370.3790507668941,40485332190.0
4147.619205,4147.615844761784,40485332190.0
5953.2064431,5953.204102050353,40485332190.0
4420.2702303,4420.267077327526,40485332190.0
8366.9015052,8366.899839467895,40485332190.0
3045.7901076,3045.785531802091,40485332190.0
6189.0230322,6189.020780314476,40485332190.0
5727.0831937,5727.080760214005,40485332190.0
1018.95074,1018.9370621020165,40485332190.0
1928.1357581,1928.1285298954303,40485332190.0
2643.8640012,2643.8587297110453,40485332190.0
4964.7609614,4964.75815422893,40485332190.0
11439.208954,11439.207735554839,40485332190.0
2655.0140218,2655.0087724929526,40485332190.0
1008.8810171,1008.8672027149338,40485332190.0
4338.6197917,4338.616579377091,40485332190.0
618.74070622,618.7181810479335,40485332190.0
3446.0333586,3446.0293141921197,40485332190.0
1309.784009,1309.7733682466212,40485332190.0
1682.0835814,1682.075295876429,40485332190.0
2004.4532113,2004.4462583095967,40485332190.0
8630.7708932,8630.769278467562,40485332190.0
5180.4619345,5180.459244223784,40485332190.0
2226.3165075,2226.3102472845017,40485332190.0
9237.755809,9237.754300271257,40485332190.0
935.11382266,935.0989184941851,40485332190.0
7047.7958718,7047.793894328921,40485332190.0
2480.2473587,2480.2417395446487,40485332190.0
1683.8858149,1683.8775381754365,40485332190.0
901.08369134,901.0682242870141,40485332190.0
4279.4199509,4279.416694206878,40485332190.0
5709.244929,5709.242487902734,40485332190.0
2915.4270641,2915.422283682906,40485332190.0
6903.841991,6903.839972325016,40485332190.0
11216.115217,11216.113974823009,40485332190.0
8154.5003369,8154.498627747932,40485332190.0
7649.0769942,7649.075172129508,40485332190.0
2800.5050737,2800.5000971248223,40485332190.0
4506.3090148,4506.305921995272,40485332190.0
2274.8642209,2274.858094432779,40485332190.0
737.03335596,737.0144461500992,40485332190.0
3099.7063015,3099.701805271988,40485332190.0
5523.4064908,5523.403967597382,40485332190.0
1498.1720466,1498.1627438842672,40485332190.0
1751.0106397,1751.0026803295368,40485332190.0
5806.9580626,5806.9556625895875,40485332190.0
4794.9071072,4794.904200561411,40485332190.0
1215.5268228,1215.5153569436072,40485332190.0
12192.096798,12192.095655030203,40485332190.0
16492.459811,16492.458966382394,40485332190.0
2708.9716807,2708.9665359524342,40485332190.0
3520.6365505,3520.63259189244,40485332190.0
3777.3608661,3777.357176455871,40485332190.0
6714.0522845,6714.050208668941,40485332190.0
1098.2355555,1098.22286512018,40485332190.0
5925.9332623,5925.930910418208,40485332190.0
2444.6799196,2444.6742186921224,40485332190.0
638.60705795,638.5852335415261,40485332190.0
2411.4730115,2411.4672320680993,40485332190.0
7363.112804,7363.110911263353,40485332190.0
2926.7036166,2926.6988545878553,40485332190.0
3772.9759344,3772.972240536611,40485332190.0
2928.1663621,2928.1616024431173,40485332190.0
1821.0737807,1821.0661274611919,40485332190.0
495.572337,495.54421319655427,40485332190.0
1307.7506226,1307.7399652977329,40485332190.0
2968.1832679,2968.1785724700962,40485332190.0
11826.005603,11826.004424503379,40485332190.0
9016.8697035,9016.86815788309,40485332190.0
9125.5493572,9125.547829981555,40485332190.0
21368.67042,21368.669767806678,40485332190.0
4247.8759428,4247.872661886409,40485332190.0
9333.3901506,9333.388657359485,40485332190.0
6032.8816414,6032.879331281169,40485332190.0
6019.4132087,6019.410893387396,40485332190.0
827.49466814,827.4778255777186,40485332190.0
7187.1127534,7187.110814212574,40485332190.0
10884.448365,10884.447083946885,40485332190.0
9354.7894266,9354.787936811565,40485332190.0
2001.8475897,2001.84062762322,40485332190.0
2248.4185415,2248.4123428644284,40485332190.0
2717.5206694,2717.5155408693595,40485332190.0
7699.1404854,7699.138675291419,40485332190.0
624.14368491,624.1213547474341,40485332190.0
5941.8897657,5941.887420093284,40485332190.0
5501.3732106,5501.3706772352625,40485332190.0
1049.9642481,1049.9509742094663,40485332190.0
4718.2282509,4718.225296992457,40485332190.0
228.8149748,228.75405729559745,40485332190.0
7484.2210944,7484.219232276268,40485332190.0
5420.8912777,5420.888706803141,40485332190.0
6885.5669864,6885.564962379897,40485332190.0
2047.4447641,2047.437957123298,40485332190.0
8108.4315961,8108.429877275143,40485332190.0
4334.0292175,4334.026001772813,40485332190.0
6626.2104112,6626.208307843533,40485332190.0
6618.370949,6618.3688432543095,40485332190.0
2956.6673334,2956.662619634447,40485332190.0
8777.0052593,8777.00367140441,40485332190.0
2791.0273192,2791.022325642238,40485332190.0
3005.4663582,3005.4617209465628,40485332190.0
8174.2166262,8174.2149211622545,40485332190.0
4237.6298921,4237.626603316956,40485332190.0
9365.0673001,9365.065811914068,40485332190.0
2779.8382762,2779.833262622275,40485332190.0
1311.8899285,1311.8793048668103,40485332190.0
582.88619335,582.8622825640283,40485332190.0
4289.1192907,4289.116041306863,40485332190.0
2945.8094868,2945.804755662084,40485332190.0
7969.9907754,7969.9890267881165,40485332190.0
6224.2791749,6224.276935820807,40485332190.0
3613.5937514,3613.589894481134,40485332190.0
10066.862107,10066.86072258726,40485332190.0
2540.5065969,2540.5011109983384,40485332190.0
2629.2167582,2629.2114573197073,40485332190.0
4424.5245153,4424.521365290375,40485332190.0
2260.4136303,2260.4074646673516,40485332190.0
5600.2451235,5600.242634914154,40485332190.0
14450.937117,14450.936152960958,40485332190.0
12259.206456,12259.205318903663,40485332190.0
1599.983739,1599.975028244699,40485332190.0
8393.6714469,8393.669786486877,40485332190.0
267.96134449,267.9093282723694,40485332190.0
1090.944291,1090.931515730258,40485332190.0
1978.9376446,1978.930601875909,40485332190.0
8559.9711276,8559.969499368439,40485332190.0
2383.1814397,2383.1755916175916,40485332190.0
4979.9063857,4979.903587081932,40485332190.0
12946.237021,12946.235944303698,40485332190.0
2021.9574707,2021.9505778576038,40485332190.0
15575.301654,15575.30075925947,40485332190.0
6476.0766678,6476.074515791639,40485332190.0
4472.794604,4472.791488037749,40485332190.0
10802.06276,10802.061470014929,40485332190.0
1931.9615719,1931.9543580360296,40485332190.0
1435.5136751,1435.5039662825127,40485332190.0
905.83573442,905.820348522527,40485332190.0
10612.102248,10612.100934324488,40485332190.0
7087.5089145,7087.506948078636,40485332190.0
1447.430252,1447.4206232621382,40485332190.0
6205.2606487,6205.258402697195,40485332190.0
8970.4725741,8970.471020512425,40485332190.0
7455.5087677,7455.506898334193,40485332190.0
13029.312509,13029.311439253675,40485332190.0
3450.7640602,3450.76002143242,40485332190.0
3250.2103251,3250.2060370908684,40485332190.0
18053.573957,18053.5731857625,40485332190.0
6892.78307,6892.7810479967875,40485332190.0
3215.6195343,3215.615200158096,40485332190.0
410.30105873,410.2670896289456,40485332190.0
6587.9240396,6587.921924095062,40485332190.0
10952.605771,10952.604498476088,40485332190.0
11956.844955,11956.843789313287,40485332190.0
1577.5236568,1577.5148221402908,40485332190.0
10556.784915,10556.78359478973,40485332190.0
3199.6361565,3199.631800667152,40485332190.0
3022.7530955,3022.74848474114,40485332190.0
7961.9202833,7961.918532832434,40485332190.0
12780.695918,12780.69482746385,40485332190.0
12915.036822,12915.035742770764,40485332190.0
2742.7926718,2742.7875904899647,40485332190.0
3478.686126,3478.6821196525784,40485332190.0
4535.0373792,4535.034306020397,40485332190.0
1557.928457,1557.9195112075247,40485332190.0
1497.7463639,1497.7370585214749,40485332190.0
4256.0347943,4256.031519638789,40485332190.0
1056.7785894,1056.7654011552868,40485332190.0
7518.8098586,7518.808004935293,40485332190.0
5354.2741341,5354.271531135347,40485332190.0
1479.495764,1479.4863438266323,40485332190.0
18643.338644,18643.337895664346,40485332190.0
9915.9293943,9915.927988845673,40485332190.0
623.92551341,623.9031754414865,40485332190.0
3544.4324766,3544.428544458697,40485332190.0
12652.926145,12652.925044036341,40485332190.0
3341.137349,3341.133177638211,40485332190.0
4992.5841076,4992.581316097887,40485332190.0
2133.0492366,2133.04270279691,40485332190.0
3193.6005971,3193.596233099526,40485332190.0
2895.6388313,2895.6340182170006,40485332190.0
9150.9471078,9150.945584859388,40485332190.0
13637.793006,13637.791984387179,40485332190.0
1366.1854651,1366.1752636613921,40485332190.0
1560.786771,1560.7778415269665,40485332190.0
5486.3970111,5486.394470750101,40485332190.0
1037.5428151,1037.5293823593086,40485332190.0
3324.2180529,3324.213860295646,40485332190.0
6050.3746185,6050.3723150120895,40485332190.0
12556.008983,12556.007873338223,40485332190.0
3139.0478809,3139.0434410566663,40485332190.0
1219.9532593,1219.941835039367,40485332190.0
2171.6603897,2171.653972096875,40485332190.0
1075.9232431,1075.9102894918221,40485332190.0
4406.501401,4406.498238174674,40485332190.0
1626.6971283,1626.688560576888,40485332190.0
2302.8561164,2302.8500643299153,40485332190.0
1161.9842983,1161.9723041699563,40485332190.0
2931.9814103,2931.976656953295,40485332190.0
6775.2492072,6775.247150191427,40485332190.0
3982.543105,3982.539605418374,40485332190.0
10803.064212,10803.062922700574,40485332190.0
1675.767117,1675.7588002190598,40485332190.0
1668.9004944,1668.8921433600317,40485332190.0
1694.9369776,1694.9287548884822,40485332190.0
4041.3314949,4041.3280463462943,40485332190.0
3822.6658409,3822.6621949997657,40485332190.0
2492.3850773,2492.3794854647226,40485332190.0
3446.5797115,3446.575667774665,40485332190.0
5004.2404444,5004.237659289236,40485332190.0
2241.3162173,2241.3099990844503,40485332190.0
9325.469062,9325.467567440788,40485332190.0
5148.2221924,5148.219485290499,40485332190.0
2717.5374551,2717.5323266288187,40485332190.0
3226.3264605,3226.322140666629,40485332190.0
832.41834387,832.401600936844,40485332190.0
13460.372519,13460.37148419341,40485332190.0
1904.9850648,1904.9777486927069,40485332190.0
2620.7079308,2620.70261275702,40485332190.0
10262.176692,10262.17533352939,40485332190.0
3717.3118234,3717.3080741530903,40485332190.0
4297.7537757,4297.750532887957,40485332190.0
4586.5791394,4586.576100735064,40485332190.0
8336.2188002,8336.217128302205,40485332190.0
4829.2177032,4829.214817249601,40485332190.0
7794.4572608,7794.455472687582,40485332190.0
12490.660278,12490.659161861016,40485332190.0
12781.300792,12781.299701542164,40485332190.0
5921.0611403,5921.0587865020625,40485332190.0
19800.970726,19800.970022187506,40485332190.0
4391.8474068,4391.844233455916,40485332190.0
6746.4425179,6746.440452059965,40485332190.0
4319.8566972,4319.853471010405,40485332190.0
2521.9781977,2521.9726714806175,40485332190.0
2269.3258478,2269.319706262505,40485332190.0
22484.626498,22484.62587783604,40485332190.0
5066.7021759,5066.6994252770755,40485332190.0
1960.8889411,1960.8818336089387,40485332190.0
7434.7678143,7434.765939721461,40485332190.0
2659.3844404,2659.379199713629,40485332190.0
1521.3109569,1521.301795706916,40485332190.0
16599.056572,16599.055731716373,40485332190.0
2768.8562307,2768.8511972691367,40485332190.0
1566.7813714,1566.772476091008,40485332190.0
8069.9775636,8069.975836564175,40485332190.0
9597.5510799,9597.549627711047,40485332190.0
9321.0262094,9321.024714124833,40485332190.0
1272.1501943,1272.1392388283348,40485332190.0
3086.1290471,3086.1245310670624,40485332190.0
2613.8853921,2613.880060162278,40485332190.0
4474.8136564,4474.810541811585,40485332190.0
5078.8654438,5078.862699755625,40485332190.0
4014.3470387,4014.343566943035,40485332190.0
1148.9826589,1148.9705290339548,40485332190.0
3225.0784682,3225.0741467749017,40485332190.0
6120.3323919,6120.330114723126,40485332190.0
5407.0896819,5407.0871043785055,40485332190.0
4366.8048584,4366.801666879812,40485332190.0
1283.3506074,1283.339747575713,40485332190.0
3033.3908673,3033.3862727300298,40485332190.0
14439.295666,14439.294701701863,40485332190.0
5688.8650311,5688.862581206151,40485332190.0
1203.7621969,1203.7506190639276,40485332190.0
3990.4829643,3990.4794718295007,40485332190.0
2458.9360503,2458.9303823728715,40485332190.0
978.91561333,978.9013760524766,40485332190.0
1795.0474138,1795.0396496153242,40485332190.0
6671.2171406,6671.21505144154,40485332190.0
2889.9214882,2889.916665643852,40485332190.0
3492.705367,3492.70137666597,40485332190.0
5756.9296305,5756.927209592908,40485332190.0
7108.0469809,7108.045020173973,40485332190.0
10733.5756,10733.574301545817,40485332190.0
3509.4750322,3509.471060974109,40485332190.0
7271.7275941,7271.725677508662,40485332190.0
3059.3021165,3059.2975608668994,40485332190.0
643.82078643,643.7991387655026,40485332190.0
7987.5041269,7987.502381995704,40485332190.0
2116.7804795,2116.77389540161,40485332190.0
3684.8578423,3684.8540601299305,40485332190.0
7965.0745456,7965.072795788077,40485332190.0
4740.868221,4740.865281218349,40485332190.0
7780.6818882,7780.680096960497,40485332190.0
1538.6366819,1538.6276238654098,40485332190.0
2683.0128955,2683.0077010365294,40485332190.0
6667.8726822,6667.870592011347,40485332190.0
2836.1585239,2836.1536097987578,40485332190.0
4582.2953637,4582.292322171966,40485332190.0
2238.1195836,2238.113356458304,40485332190.0
2219.9600743,2219.9537963363446,40485332190.0
10656.360211,10656.358903251794,40485332190.0
1989.8952786,1989.8882746807553,40485332190.0
1621.0387368,1621.0301391618225,40485332190.0
3532.3795663,3532.375620873256,40485332190.0
1272.7844846,1272.7735345683661,40485332190.0
1894.5437601,1894.5364037393658,40485332190.0
5838.3877024,5838.385315231789,40485332190.0
4357.5221054,4357.518907049134,40485332190.0
2883.1165804,2883.1117463783785,40485332190.0
9794.3434067,9794.34198375865,40485332190.0
2358.2331921,2358.2272821297884,40485332190.0
2138.0516135,2138.045094988238,40485332190.0
4848.3803098,4848.377435198728,40485332190.0
2795.8088185,2795.8038335209462,40485332190.0
2915.0685826,2915.0638015859495,40485332190.0
6469.2951727,6469.2930183917115,40485332190.0
1134.3525693,1134.3402829584577,40485332190.0
8119.8377258,8119.836009340659,40485332190.0
1634.9776255,1634.9691011963448,40485332190.0
1942.8926452,1942.8854718955993,40485332190.0
6746.6794632,6746.677397496433,40485332190.0
4607.728105,4607.725080307868,40485332190.0
6748.3912679,6748.3892026960175,40485332190.0
1426.6678846,1426.658115696477,40485332190.0
1354.9075986,1354.897312215208,40485332190.0
5193.2416445,5193.238960774265,40485332190.0
9100.80142,9100.799888682252,40485332190.0
1721.5738571,1721.5657615129448,40485332190.0
14010.967334,14010.966339638542,40485332190.0
3172.8496818,3172.8452892752107,40485332190.0
14903.704232,14903.703296560725,40485332190.0
3732.9202133,3732.9164797853373,40485332190.0
9668.0667043,9668.065262700155,40485332190.0
7941.176255,7941.174499979819,40485332190.0
7395.9908362,7395.988951818518,40485332190.0
13001.549088,13001.548016823763,40485332190.0
8677.4566023,8677.454996152528,40485332190.0
4164.6326616,4164.6293151338505,40485332190.0
4424.9321214,4424.928971767486,40485332190.0
722.89291239,722.8736326727085,40485332190.0
2016.6071955,2016.6002843075726,40485332190.0
3654.2695933,3654.265779466799,40485332190.0
609.94917474,609.9263248915194,40485332190.0
151.5852151,151.49324563349535,40485332190.0
9518.34129,9518.33982578281,40485332190.0
1628.6477055,1628.63914812036,40485332190.0
7107.958677,7107.956716227752,40485332190.0
5262.9750332,5262.972385055791,40485332190.0
7276.9523079,7276.950392605415,40485332190.0
8278.8956918,8278.894008350915,40485332190.0
1267.4776247,1267.4666288182186,40485332190.0
2680.5854105,2680.5802112616893,40485332190.0
795.66931616,795.6517999173666,40485332190.0
1181.7005781,1181.6887839589845,40485332190.0
543.80661522,543.7809860506624,40485332190.0
7844.0421399,7844.040363096237,40485332190.0
2218.6948907,2218.6886090520193,40485332190.0
20355.736004,20355.735319485477,40485332190.0
1486.3024496,1486.2930726452944,40485332190.0
6171.3576958,6171.355437500206,40485332190.0
4789.9292781,4789.9263685039305,40485332190.0
1650.270024,1650.2615787084967,40485332190.0
2840.3989462,2840.394039544611,40485332190.0
3853.1130752,3853.109458122913,40485332190.0
11378.380812,11378.379587012125,40485332190.0
1931.8252117,1931.8179973147182,40485332190.0
2045.8911444,2045.8843322019,40485332190.0
2420.4086294,2420.402871314505,40485332190.0
3288.4016973,3288.397459102426,40485332190.0
3426.2940164,3426.289948737687,40485332190.0
14851.666721,14851.66578310791,40485332190.0
5179.0092044,5179.006513350563,40485332190.0
2463.6175135,2463.61185638344,40485332190.0
579.31975781,579.2956998190831,40485332190.0
3424.0145162,3424.010445880615,40485332190.0
12748.342907,12748.341813857778,40485332190.0
2925.2621699,2925.257405565077,40485332190.0
2919.0787857,2919.074011254989,40485332190.0
3946.1380074,3946.134475528307,40485332190.0
881.82106612,881.8052612027333,40485332190.0
5957.5123855,5957.51004614822,40485332190.0
3377.2126749,3377.2085481063777,40485332190.0
1233.8816953,1233.870400060334,40485332190.0
4889.977327,4889.9744769018225,40485332190.0
4945.2452999,4945.242481617317,40485332190.0
8159.6950339,8159.693325812798,40485332190.0
486.91797944,486.88935575208245,40485332190.0
3480.2188055,3480.2148008940635,40485332190.0
2578.5302499,2578.5248448303137,40485332190.0
5576.5376405,5576.535141283181,40485332190.0
7978.199856,7978.198109094849,40485332190.0
3383.1088476,3383.104728041436,40485332190.0
6498.2058578,6498.203713047101,40485332190.0
18228.589571,18228.58880608737,40485332190.0
289.14147936,289.0932740809089,40485332190.0
3808.0915798,3808.0879199641117,40485332190.0
7419.8919804,7419.89010213044,40485332190.0
2729.364398,2729.3592916891803,40485332190.0
4646.2606943,4646.257694717145,40485332190.0
4975.6261635,4975.623362385981,40485332190.0
10972.668585,10972.66731474906,40485332190.0
8649.9753428,8649.973731623519,40485332190.0
5496.2971563,5496.294620600888,40485332190.0
1364.3657577,1364.355542647658,40485332190.0
1521.9835871,1521.9744300178618,40485332190.0
932.77906346,932.764121985897,40485332190.0
2693.7344002,2693.7292263094055,40485332190.0
8061.0977007,8061.095971838811,40485332190.0
2831.3475843,2831.342661933091,40485332190.0
2195.1848734,2195.1785245480596,40485332190.0
4913.6726527,4913.669816381986,40485332190.0
7497.4295614,7497.427702514062,40485332190.0
2132.4052503,2132.398714528519,40485332190.0
2062.2330117,2062.226253520298,40485332190.0
7580.2647094,7580.262870764808,40485332190.0
2382.1711681,2382.165317500308,40485332190.0
2876.0302733,2876.0254273294977,40485332190.0
8931.5293426,8931.527782189398,40485332190.0
1947.7837207,1947.7765653249503,40485332190.0
1026.4008662,1026.3872876452533,40485332190.0
4315.4423893,4315.439159761865,40485332190.0
6970.7362687,6970.734269424583,40485332190.0
5720.1759432,5720.173506754817,40485332190.0
6671.1345848,6671.132495708444,40485332190.0
4137.3760443,4137.372675663635,40485332190.0
1848.0358639,1848.0283223431475,40485332190.0
5816.1085021,5816.106105844641,40485332190.0
3871.0607916,3871.0571912410096,40485332190.0
6966.3649819,6966.362981311504,40485332190.0
2671.9628427,2671.9576267595953,40485332190.0
2192.2248175,2192.2184600815763,40485332190.0
3613.7936857,3613.7898290651565,40485332190.0
3316.9347076,3316.9305057917136,40485332190.0
2864.0372288,2864.0323625580872,40485332190.0
4268.7262925,4268.723027620704,40485332190.0
9617.6797127,9617.678263535541,40485332190.0
939.22962372,939.2147848584319,40485332190.0
2976.5591942,2976.5545118805385,40485332190.0
8381.6086773,8381.607014478443,40485332190.0
7213.52303,7213.521097907181,40485332190.0
11969.946341,11969.945176727895,40485332190.0
3389.3631471,3389.3590351350617,40485332190.0
12613.131898,12613.130792660402,40485332190.0
3106.7532983,3106.7488123144076,40485332190.0
1672.8811775,1672.8728463556063,40485332190.0
15749.057301,15749.056416871505,40485332190.0
7036.5328974,7036.530916747409,40485332190.0
10063.388527,10063.387141322184,40485332190.0
1695.047591,1695.0393687814005,40485332190.0
2395.3449612,2395.3391428565533,40485332190.0
4630.7264787,4630.723469087037,40485332190.0
5566.1070082,5566.104504263838,40485332190.0
8004.6086492,8004.606908115808,40485332190.0
3907.0117603,3907.0081930973215,40485332190.0
6465.8845547,6465.882399316859,40485332190.0
6258.8275129,6258.82528612054,40485332190.0
1889.4512981,1889.4439219296073,40485332190.0
2054.0005702,2053.993784849844,40485332190.0
4748.7770699,4748.774135117267,40485332190.0
2338.8087253,2338.8027662740824,40485332190.0
2758.7701375,2758.765085697744,40485332190.0
5657.8067124,5657.804249016704,40485332190.0
7573.4219808,7573.420140503288,40485332190.0
3888.9379786,3888.9343948572923,40485332190.0
2722.8578535,2722.8527350558534,40485332190.0
3121.4135414,3121.40907643696,40485332190.0
1887.0799168,1887.0725313179196,40485332190.0
3547.2653976,3547.2614687142786,40485332190.0
1162.0429205,1162.0309268922967,40485332190.0
5674.1355245,5674.133068329157,40485332190.0
4525.3302817,4525.327201886347,40485332190.0
9586.6207989,9586.619345051371,40485332190.0
5159.8951359,5159.892434866077,40485332190.0
3674.3950511,3674.391258042716,40485332190.0
1780.4323754,1780.4245475368673,40485332190.0
2414.7744958,2414.768724175724,40485332190.0
1261.0411851,1261.0301330412142,40485332190.0
7242.6247435,7242.622819294309,40485332190.0
7822.6923731,7822.690591473074,40485332190.0
777.60622224,777.5882991040372,40485332190.0
2693.9038875,2693.898714030696,40485332190.0
2111.2811797,2111.2745784654317,40485332190.0
1700.2213735,1700.21317633756,40485332190.0
4300.1516675,4300.1484264002775,40485332190.0
11067.638246,11067.636987084927,40485332190.0
3299.6258649,3299.621641076728,40485332190.0
6991.1769289,6991.1749353884525,40485332190.0
2241.1747779,2241.1685592712956,40485332190.0
7641.640268,7641.638444157869,40485332190.0
19620.088088,19620.087378362477,40485332190.0
1262.0983794,1262.0873366947208,40485332190.0
7067.0360147,7067.034042633526,40485332190.0
3044.0552268,3044.05064837096,40485332190.0
5364.7365253,5364.73392743551,40485332190.0
5095.2832619,5095.280526573365,40485332190.0
2304.3639498,2304.3579017734064,40485332190.0
8365.9838511,8365.98218509377,40485332190.0
13899.910921,13899.909918189918,40485332190.0
955.00442064,954.9898268971098,40485332190.0
2137.0267478,2137.020226153342,40485332190.0
4050.6051472,4050.601706519544,40485332190.0
4557.896222,4557.89316422921,40485332190.0
5034.608361,5034.605592764843,40485332190.0
6633.0590064,6633.056905219512,40485332190.0
9400.4669306,9400.465447968636,40485332190.0
8798.0153142,8798.01373000451,40485332190.0
11427.578518,11427.57729822413,40485332190.0
2339.5945889,2339.588631872398,40485332190.0
10524.901224,10524.899899740907,40485332190.0
1138.6669332,1138.6546934682212,40485332190.0
3902.2480945,3902.2445229572454,40485332190.0
1514.1591828,1514.1499783289985,40485332190.0
11373.336996,11373.335770375723,40485332190.0
944.01381416,943.9990505046427,40485332190.0
2365.1164673,2365.1105745088216,40485332190.0
10940.561154,10940.559880741568,40485332190.0
4398.6431827,4398.640014172882,40485332190.0
1465.0649882,1465.0554753000831,40485332190.0
2284.4915064,2284.4854056736212,40485332190.0
8221.0079602,8221.006264949356,40485332190.0
6237.6627239,6237.660489561887,40485332190.0
8550.8571852,8550.85555527772,40485332190.0
4384.0905258,4384.087346744106,40485332190.0
1058.7342666,1058.7211026891896,40485332190.0
3404.1847587,3404.180664608522,40485332190.0
9112.7065146,9112.704985231472,40485332190.0
3995.6960357,3995.6925476767483,40485332190.0
911.17857493,911.1632792461828,40485332190.0
5642.7299502,5642.727480314533,40485332190.0
11309.724964,11309.723731223847,40485332190.0
1975.7686698,1975.7616158348562,40485332190.0
2831.5887809,2831.5838589767454,40485332190.0
12158.217637,12158.216490116627,40485332190.0
1532.1108696,1532.1017729966331,40485332190.0
4102.3331199,4102.329722572807,40485332190.0
1061.2225451,1061.2094120515724,40485332190.0
4370.7003924,4370.697203669688,40485332190.0
656.6322666,656.6110413123803,40485332190.0
7049.9092846,7049.907307744557,40485332190.0
1749.9169041,1749.9089396625561,40485332190.0
13457.343487,13457.342451208175,40485332190.0
5535.9189603,5535.916442755168,40485332190.0
2857.0630933,2857.058215271851,40485332190.0
725.87772628,725.8585258526898,40485332190.0
3053.1682755,3053.163710700864,40485332190.0
6476.0965355,6476.094383449475,40485332190.0
484.94715984,484.9184198123008,40485332190.0
4567.4000651,4567.39701365782,40485332190.0
3045.3020048,3045.297428259266,40485332190.0
5967.567972,5967.565636518834,40485332190.0
8167.0257835,8167.024076938579,40485332190.0
3564.570455,3564.5665451561654,40485332190.0
1546.4791746,1546.4701625727357,40485332190.0
2522.7044203,2522.698895701411,40485332190.0
4430.910501,4430.907355612458,40485332190.0
1203.9288133,1203.91723701959,40485332190.0
1951.3883009,1951.3811587850614,40485332190.0
3093.7331714,3093.728666485443,40485332190.0
2765.1016776,2765.096637304941,40485332190.0
3726.1881891,3726.184448874783,40485332190.0
2618.3993857,2618.3940630162097,40485332190.0
2624.8039204,2624.798610697464,40485332190.0
739.93134678,739.9125110334302,40485332190.0
1067.5888311,1067.5757763795946,40485332190.0
10842.888178,10842.88689205429,40485332190.0
5025.0828846,5025.080111155008,40485332190.0
10144.966658,10144.965284087673,40485332190.0
8813.750098,8813.748516726195,40485332190.0
2185.856881,2185.850504972877,40485332190.0
1958.0762702,1958.069152451101,40485332190.0
4268.3763875,4268.3731223551395,40485332190.0
2600.3196735,2600.314313868816,40485332190.0
5317.9485183,5317.945897479782,40485332190.0
13084.389457,13084.388391915907,40485332190.0
3148.2862409,3148.281814046914,40485332190.0
2706.7740561,2706.7689071952022,40485332190.0
3198.2697574,3198.2653997760185,40485332190.0
1620.0445859,1620.0359830235238,40485332190.0
10987.258037,10987.256769196427,40485332190.0
4560.2763178,4560.273261627602,40485332190.0
1197.3962968,1197.3846572909276,40485332190.0
2459.0463631,2459.040695443227,40485332190.0
11332.272012,11332.270782717454,40485332190.0
7342.6455538,7342.643655706872,40485332190.0
3080.5288228,3080.524298493839,40485332190.0
3063.038301,3063.033750918039,40485332190.0
1886.4698533,1886.4624653932028,40485332190.0
2248.8633573,2248.857159876115,40485332190.0
4584.5424473,4584.539407338761,40485332190.0
3113.5937257,3113.5892495575217,40485332190.0
3052.9163302,3052.9117650600747,40485332190.0
1875.9904127,1875.9829835436394,40485332190.0
3799.2803923,3799.276723953264,40485332190.0
5218.3481111,5218.345440327647,40485332190.0
3260.5929034,3260.5886289887276,40485332190.0
4019.3587904,4019.3553228469173,40485332190.0
1781.1415624,1781.1337375820067,40485332190.0
4815.3493998,4815.346505568221,40485332190.0
11482.039952,11482.038738220737,40485332190.0
6855.3631554,6855.361122366033,40485332190.0
6527.000455,6526.998319715287,40485332190.0
8123.9170948,8123.915379253685,40485332190.0
7409.5483945,7409.546513559355,40485332190.0
2950.0648129,2950.0600885989907,40485332190.0
6239.7514472,6239.749213642562,40485332190.0
6121.6222737,6121.619996974636,40485332190.0
4088.7615942,4088.7581856414126,40485332190.0
4990.1646386,4990.1618457415225,40485332190.0
1091.9559124,1091.9431489897302,40485332190.0
11892.709377,11892.708204987528,40485332190.0
5866.4966147,5866.494239065563,40485332190.0
1437.1450055,1437.1353077220888,40485332190.0
5518.7063638,5518.703838360584,40485332190.0
3075.4171529,3075.4126211238085,40485332190.0
3389.8403834,3389.836272056664,40485332190.0
2291.9875336,2291.9814528367538,40485332190.0
5272.1607918,5272.158148269551,40485332190.0
3254.2468108,3254.242528110353,40485332190.0
1714.375508,1714.3673784828459,40485332190.0
10134.066443,10134.065067932983,40485332190.0
10081.781939,10081.780556754173,40485332190.0
2996.0042485,2995.999596574756,40485332190.0
8921.9869789,8921.985416739426,40485332190.0
3710.5688549,3710.5650988271923,40485332190.0
5067.8872929,5067.884542861216,40485332190.0
3495.1271729,3495.1231853647114,40485332190.0
2852.6360974,2852.6312117425164,40485332190.0
1850.3420746,1850.3345425196915,40485332190.0
2303.2574081,2303.251357123639,40485332190.0
5659.6287703,5659.626307765537,40485332190.0
3657.3836277,3657.379816963392,40485332190.0
3244.5781987,3244.5739031749695,40485332190.0
17483.188446,17483.18764888513,40485332190.0
4466.6632055,4466.660085312795,40485332190.0
8348.7413167,8348.739647356857,40485332190.0
2123.6396686,2123.6331058608525,40485332190.0
6602.5349615,6602.532850706345,40485332190.0
3096.8234256,3096.8189251684526,40485332190.0
2992.7825869,2992.7779301057117,40485332190.0
1286.368878,1286.3580436120506,40485332190.0
6389.9547508,6389.952569715901,40485332190.0
13792.145278,13792.144267841404,40485332190.0
5842.3386884,5842.336302849982,40485332190.0
3112.5718197,3112.567342069778,40485332190.0
6221.9116183,6221.9093783170665,40485332190.0
27575.08648,27575.085974459762,40485332190.0
4226.601049,4226.59775154586,40485332190.0
5208.1274243,5208.124748264991,40485332190.0
3334.9293608,3334.9251816776623,40485332190.0
1196.5121298,1196.50048168409,40485332190.0
4026.0160072,4026.012545396367,40485332190.0
5643.0416538,5643.039183965076,40485332190.0
6263.1531998,6263.150974484516,40485332190.0
8874.9152045,8874.91363412429,40485332190.0
1125.8617443,1125.8493651990009,40485332190.0
3468.9333798,3468.9293621469706,40485332190.0
8041.7214682,8041.719735123442,40485332190.0
3912.3934106,3912.3898483647663,40485332190.0
2506.253133,2506.247572048327,40485332190.0
687.84523092,687.8249688246501,40485332190.0
3841.5991744,3841.595546526674,40485332190.0
1575.8334885,1575.8246442781747,40485332190.0
6424.9578874,6424.955718147542,40485332190.0
5136.7604206,5136.757707458126,40485332190.0
5986.7224193,5986.720091259939,40485332190.0
5055.330612,5055.327855104687,40485332190.0
3684.4911625,3684.4873798631425,40485332190.0
10255.355521,10255.354162000312,40485332190.0
12331.213096,12331.21196579673,40485332190.0
7667.3148987,7667.313081020559,40485332190.0
11469.455951,11469.454735662033,40485332190.0
2964.4487106,2964.4440092665827,40485332190.0
2810.7286878,2810.7237292583895,40485332190.0
4933.2411545,4933.238329431803,40485332190.0
8352.5545582,8352.552889672472,40485332190.0
2724.2510295,2724.2459136586263,40485332190.0
2035.4119067,2035.405059401615,40485332190.0
11771.25043,11771.249246382691,40485332190.0
1689.402781,1689.3945314038206,40485332190.0
10140.6064,10140.605025135566,40485332190.0
1496.39558,1496.3862662765757,40485332190.0
1479.5315853,1479.5221654506222,40485332190.0
7353.0544249,7353.052529572629,40485332190.0
575.08083993,575.0566045942102,40485332190.0
1057.8281495,1057.8149743139195,40485332190.0
5069.9659667,5069.963217676263,40485332190.0
4535.2645471,4535.261474105064,40485332190.0
7338.7462324,7338.744333301191,40485332190.0
2298.6772458,2298.6711827388754,40485332190.0
12354.391412,12354.390284484129,40485332190.0
9839.2666974,9839.265280950338,40485332190.0
4040.2993874,4040.2959379131726,40485332190.0
3181.1193637,3181.114982523102,40485332190.0
4240.273164,4240.269877135599,40485332190.0
1824.1738336,1824.1661933615615,40485332190.0
1656.1970389,1656.1886238167388,40485332190.0
2486.0575983,2486.0519922422845,40485332190.0
2291.4007872,2291.3947048905343,40485332190.0
2399.585681,2399.579872936482,40485332190.0
2370.9524247,2370.9465465031462,40485332190.0
1969.363945,1969.356868048087,40485332190.0
7549.4572906,7549.455444560997,40485332190.0
11789.940729,11789.93954699823,40485332190.0
4666.7486388,4666.745652310106,40485332190.0
3504.4779446,3504.4739676645427,40485332190.0
10656.603825,10656.602517801666,40485332190.0
4532.1457838,4532.142708697894,40485332190.0
20432.349985,20432.34930291706,40485332190.0
3188.9362489,3188.931878426787,40485332190.0
6439.1010781,6439.098913660622,40485332190.0
3277.957005,3277.9527532485868,40485332190.0
4951.4623828,4951.459568093656,40485332190.0
4005.4246974,4005.4212177951495,40485332190.0
4166.5423252,4166.538980273135,40485332190.0
4578.5396162,4578.536572183571,40485332190.0
2629.5650281,2629.5597279267486,40485332190.0
3425.1201104,3425.1160413768184,40485332190.0
1668.3579358,1668.349582080074,40485332190.0
1626.2518972,1626.2433272219525,40485332190.0
2990.9682102,2990.963550526124,40485332190.0
3415.1734827,3415.1694017973596,40485332190.0
3113.5663651,3113.56188891,40485332190.0
5957.6566164,5957.65427707659,40485332190.0
8669.312516,8669.310908379191,40485332190.0
1933.6972136,1933.690006129519,40485332190.0
4158.8843769,4158.8810258222475,40485332190.0
5928.2775249,5928.275173960441,40485332190.0
4384.238325,4384.235146059087,40485332190.0
1214.419637,1214.4081606406112,40485332190.0
1341.4165771,1341.4061872588263,40485332190.0
6344.1557713,6344.153574466307,40485332190.0
7923.4133714,7923.411612411058,40485332190.0
10581.615992,10581.614675679797,40485332190.0
5232.0116557,5232.008991973429,40485332190.0
21362.076463,21362.075810642116,40485332190.0
1175.1922225,1175.1803630696172,40485332190.0
6558.5417564,6558.539631335354,40485332190.0
4192.9982149,4192.9948909732875,40485332190.0
943.47257646,943.4578043319957,40485332190.0
7888.0227056,7888.02093876007,40485332190.0
9521.6496458,9521.648182049908,40485332190.0
6905.6303396,6905.628321436599,40485332190.0
1878.2464539,1878.2390336761891,40485332190.0
7402.0156109,7402.013728009264,40485332190.0
130.59247632,130.48571149803504,40485332190.0
4334.5205702,4334.517354839328,40485332190.0
7329.1695188,7329.167617210177,40485332190.0
2217.0883544,2217.0820681969994,40485332190.0
1445.9788562,1445.9692177406043,40485332190.0
9538.2118082,9538.210347008753,40485332190.0
2343.7096367,2343.70369015399,40485332190.0
2986.6407052,2986.636038794359,40485332190.0
547.15186607,547.1263936064815,40485332190.0
954.55453623,954.5399356086036,40485332190.0
6604.9028697,6604.900759651439,40485332190.0
2201.561444,2201.5551135077117,40485332190.0
3822.8644827,3822.860836948384,40485332190.0
1632.8172051,1632.8086695894697,40485332190.0
2200.2281368,2200.221802489241,40485332190.0
1977.6101953,1977.6031478924256,40485332190.0
5113.42095,5113.41822443255,40485332190.0
2848.4302409,2848.4253480299835,40485332190.0
4808.5151002,4808.512201789357,40485332190.0
1540.3765639,1540.3675161214908,40485332190.0
2126.8685862,2126.862033359501,40485332190.0
9889.9991339,9889.99772470832,40485332190.0
2297.9391688,2297.933103830648,40485332190.0
14264.623211,14264.622234459179,40485332190.0
2628.9569858,2628.9516844053114,40485332190.0
1358.8439331,1358.8336765457004,40485332190.0
4464.3607875,4464.35766565797,40485332190.0
3000.0027007,2999.9980550363725,40485332190.0
1031.3495779,1031.336064486269,40485332190.0
5235.4740108,5235.471348824885,40485332190.0
3765.7716508,3765.767949850033,40485332190.0
4728.0751839,4728.072236160287,40485332190.0
775.53666558,775.5186946094944,40485332190.0
4890.5551598,4890.552309954631,40485332190.0
4067.4365592,4067.4331327240084,40485332190.0
2967.8575489,2967.8528529965697,40485332190.0
1343.7154291,1343.7050570727731,40485332190.0
7146.337592,7146.335641713703,40485332190.0
8883.2792711,8883.277702294507,40485332190.0
1830.9558288,1830.9482168853572,40485332190.0
4815.0423482,4815.039453669042,40485332190.0
2462.836556,2462.8308970216463,40485332190.0
6210.3405262,6210.338282042261,40485332190.0
1892.4604251,1892.4530605736943,40485332190.0
5920.133858,5920.131503828354,40485332190.0
8123.1537776,8123.15206182128,40485332190.0
5128.8225958,5128.819878445522,40485332190.0
3289.6047234,3289.6004866956423,40485332190.0
5452.4532759,5452.450719818435,40485332190.0
2877.3337088,2877.328865031308,40485332190.0
3096.3571999,3096.3526987829555,40485332190.0
2595.5623645,2595.5569949118462,40485332190.0
2074.9400581,2074.93334123658,40485332190.0
10421.912263,10421.91092545964,40485332190.0
722.00833069,721.989027354122,40485332190.0
2991.3973234,2991.3926643381383,40485332190.0
5470.0219417,5470.019393873051,40485332190.0
7044.8947291,7044.892750701792,40485332190.0
1561.3034369,1561.294510326015,40485332190.0
1044.0400289,1044.0266797499862,40485332190.0
5440.0434039,5440.040842005345,40485332190.0
2732.7628562,2732.7577562309657,40485332190.0
2191.8008534,2191.7944946828125,40485332190.0
2624.3119063,2624.3065955297857,40485332190.0
1335.2401576,1335.229719675267,40485332190.0
2134.5804645,2134.573935276465,40485332190.0
8124.0142431,8124.012527595964,40485332190.0
5671.3306756,5671.3282181717595,40485332190.0
7066.0982765,7066.096304051469,40485332190.0
1863.16916,1863.1616797236488,40485332190.0
1039.4950091,1039.4816015281094,40485332190.0
1822.9625795,1822.954934204302,40485332190.0
4010.3318348,4010.328359524872,40485332190.0
9923.1619209,9923.160516360129,40485332190.0
6954.4525512,6954.450547134718,40485332190.0
5192.8301731,5192.827489217562,40485332190.0
4069.2622605,4069.258835584427,40485332190.0
5313.2476119,5313.244988825898,40485332190.0
2947.6249532,2947.620225016938,40485332190.0
13731.836308,13731.835293620572,40485332190.0
1776.2338187,1776.2259723050704,40485332190.0
974.60624425,974.5919440320081,40485332190.0
750.18716923,750.1685909964509,40485332190.0
10181.578728,10181.577359384122,40485332190.0
5277.0165947,5277.013953624775,40485332190.0
1787.3999614,1787.3921640291019,40485332190.0
2296.62044,2296.614371495169,40485332190.0
3744.852823,3744.849101393639,40485332190.0
7941.4423025,7941.440547522238,40485332190.0
9885.3805801,9885.379170277081,40485332190.0
12497.817938,12497.816822573306,40485332190.0
1247.3124212,1247.3012475080088,40485332190.0
5199.7268918,5199.724211514845,40485332190.0
5738.3058377,5738.3034089923685,40485332190.0
7004.3473681,7004.34537840004,40485332190.0
4132.1076291,4132.10425623203,40485332190.0
1089.0599724,1089.047175049072,40485332190.0
3196.809055,3196.804695333892,40485332190.0
4826.6219125,4826.619024965672,40485332190.0
1178.0256774,1178.0138465204334,40485332190.0
14379.825015,14379.824045429998,40485332190.0
12873.921913,12873.920829781211,40485332190.0
1781.2464734,1781.2386491485745,40485332190.0
2449.3884982,2449.382808210317,40485332190.0
5751.7313757,5751.728952588463,40485332190.0
11647.201686,11647.200489493796,40485332190.0
4596.2478551,4596.244822839893,40485332190.0
3292.5979162,3292.593683310649,40485332190.0
3369.979095,3369.974959364895,40485332190.0
4740.4538465,4740.450906400468,40485332190.0
1686.4881445,1686.4798805633254,40485332190.0
18369.854471,18369.85371245259,40485332190.0
12511.140739,12511.139624598762,40485332190.0
2337.2896004,2337.283637564166,40485332190.0
5335.9533124,5335.950700437569,40485332190.0
3397.4587221,3397.4546198258795,40485332190.0
8222.5754707,8222.573775735013,40485332190.0
2161.8913148,2161.884868138693,40485332190.0
2248.1933774,2248.187178223879,40485332190.0
12113.307271,12113.306121022844,40485332190.0
5222.3686915,5222.366022768007,40485332190.0
2126.2087013,2126.2021463639494,40485332190.0
383.32475493,383.28839504989344,40485332190.0
3651.8365301,3651.832713692866,40485332190.0
4255.1668186,4255.163543279858,40485332190.0
18496.585745,18496.584992326327,40485332190.0
7647.3805756,7647.3787532201395,40485332190.0
222.06139415,221.9986234371641,40485332190.0
7432.1702288,7432.168353543671,40485332190.0
5199.3266909,5199.3240103833405,40485332190.0
9911.1856298,9911.184223601751,40485332190.0
769.36294253,769.3448273504466,40485332190.0
4953.6703587,4953.667545285883,40485332190.0
2263.7365495,2263.73039284152,40485332190.0
1485.0372358,1485.0278508490198,40485332190.0
8042.5194892,8042.517756263891,40485332190.0
4081.2236862,4081.2202712815124,40485332190.0
3504.4609389,3504.456961939697,40485332190.0
6366.3587169,6366.356527777672,40485332190.0
3499.7122443,3499.708261987804,40485332190.0
4755.1935247,4755.190593855212,40485332190.0
6154.453523,6154.451258499136,40485332190.0
4085.675001,4085.671589811942,40485332190.0
1943.6205142,1943.6133435450333,40485332190.0
7479.7044913,7479.702628003576,40485332190.0
12673.579043,12673.577943577848,40485332190.0
7350.4588617,7350.456965582063,40485332190.0
4927.7327073,4927.729879051333,40485332190.0
2737.279639,2737.2745474903904,40485332190.0
1956.4328116,1956.4256879614584,40485332190.0
6496.9371639,6496.935018689081,40485332190.0
1442.4872795,1442.4776177158303,40485332190.0
3941.6369582,3941.6334224362236,40485332190.0
3318.2902649,3318.2860647661987,40485332190.0
8718.388576,8718.386977448034,40485332190.0
1420.7905462,1420.7807368971473,40485332190.0
7118.4439459,7118.4419880822625,40485332190.0
4585.3544054,4585.351365906812,40485332190.0
3064.5426332,3064.538085331569,40485332190.0
4234.7122597,4234.70896856316,40485332190.0
6859.0872314,6859.085199468517,40485332190.0
526.56719607,526.5407277844345,40485332190.0
6574.1320287,6574.12990875833,40485332190.0
7846.3978895,7846.396113297583,40485332190.0
9261.0818663,9261.080361397504,40485332190.0
5282.9189821,5282.916343988837,40485332190.0
765.48151291,765.4633058723316,40485332190.0
1517.5185399,1517.5093557638145,40485332190.0
7687.0534619,7687.051648927476,40485332190.0
7728.9979191,7728.996115907862,40485332190.0
3122.3378954,3122.3334318472257,40485332190.0
2000.7650091,2000.7580432663106,40485332190.0
3576.1042379,3576.100340697565,40485332190.0
7190.0315492,7190.029610767362,40485332190.0
4352.3620043,4352.3588020829175,40485332190.0
17127.38834,17127.38752635068,40485332190.0
2841.7531664,2841.748262076981,40485332190.0
1501.5028217,1501.493539632395,40485332190.0
1588.4773538,1588.4685799725519,40485332190.0
1417.3056715,1417.295838038532,40485332190.0
5167.5793026,5167.576605600683,40485332190.0
2792.6737488,2792.668758325478,40485332190.0
4755.5028015,4755.499870836955,40485332190.0
6095.0071662,6095.004879594709,40485332190.0
511.66904284,511.64180383670015,40485332190.0
2064.3363749,2064.329623551446,40485332190.0
2496.1132849,2496.1077014450084,40485332190.0
5356.0056219,5356.003019734206,40485332190.0
1763.3931241,1763.385220515836,40485332190.0
3146.4583698,3146.453940423004,40485332190.0
8111.0190898,8111.017371518667,40485332190.0
7257.6778534,7257.675933104337,40485332190.0
1865.9749126,1865.967443501899,40485332190.0
14926.374256,14926.373322456993,40485332190.0
2773.8789167,2773.8738923719925,40485332190.0
5838.5709703,5838.568583202021,40485332190.0
3169.6726721,3169.6682751378753,40485332190.0
4145.5242452,4145.520883272556,40485332190.0
7036.8860513,7036.884070749393,40485332190.0
2675.2769366,2675.2717271012516,40485332190.0
2340.9899531,2340.9839996279325,40485332190.0
6707.1829617,6707.18088378282,40485332190.0
3060.5990677,3060.5945139916207,40485332190.0
5304.3637684,5304.361140890943,40485332190.0
3548.0867776,3548.082849547075,40485332190.0
4810.6399961,4810.637098993981,40485332190.0
7196.3505068,7196.3485700706005,40485332190.0
1378.428753,1378.4186421723448,40485332190.0
14797.456146,14797.455204158994,40485332190.0
9545.4900268,9545.488566719954,40485332190.0
4581.267727,4581.264684844005,40485332190.0
1942.4392233,1942.4320483562044,40485332190.0
4438.1257497,4438.122609354727,40485332190.0
5016.8499567,5016.847178710178,40485332190.0
4088.5335882,4088.530179353484,40485332190.0
2492.9973198,2492.9917293057433,40485332190.0
11405.606917,11405.60569526582,40485332190.0
8639.9505236,8639.94891055766,40485332190.0
6141.9038309,6141.901561721214,40485332190.0
10478.338661,10478.33733037182,40485332190.0
4899.5014267,4899.498582186024,40485332190.0
4341.8701803,4341.866970321014,40485332190.0
4140.4042514,4140.400885370161,40485332190.0
4067.3218416,4067.3184149654753,40485332190.0
2684.2929782,2684.287786139649,40485332190.0
3627.2617124,3627.257870103327,40485332190.0
1496.1237953,1496.1144799385988,40485332190.0
3439.169635,3439.165582561721,40485332190.0
4204.0264158,4204.02310071814,40485332190.0
5750.292686,5750.290262284694,40485332190.0
2323.1769244,2323.1709253581434,40485332190.0
9833.0458029,9833.044385497242,40485332190.0
2783.0634999,2783.0584921203063,40485332190.0
3253.2317065,3253.2274224559937,40485332190.0
839.80133527,839.7847395365222,40485332190.0
3746.8881101,3746.884390524205,40485332190.0
2252.3459682,2252.339780400454,40485332190.0
2185.5553074,2185.548930536634,40485332190.0
3204.2587681,3204.2544186042464,40485332190.0
5827.2444738,5827.242082115183,40485332190.0
10311.6785,10311.67714899246,40485332190.0
6069.0720387,6069.069742384603,40485332190.0
5598.6269093,5598.624419915067,40485332190.0
5801.0339396,5801.031537125748,40485332190.0
6556.7649122,6556.76278658359,40485332190.0
2337.2331311,2337.2271680047,40485332190.0
1189.4054973,1189.3937796437447,40485332190.0
4706.769623,4706.766661944408,40485332190.0
2319.2128169,2319.2068075141046,40485332190.0
3521.5743535,3521.570395833429,40485332190.0
10706.38712,10706.385817647892,40485332190.0
11432.660921,11432.659702556906,40485332190.0
2440.1898832,2440.184171755505,40485332190.0
1588.0220791,1588.0133027429445,40485332190.0
2031.9320893,2031.9252302627604,40485332190.0
5058.3646017,5058.361846491878,40485332190.0
2020.071073,2020.0641737345165,40485332190.0
5280.3276079,5280.324968489503,40485332190.0
4981.3701091,4981.367311253117,40485332190.0
5486.0311107,5486.028570331143,40485332190.0
2052.5949875,2052.588197563373,40485332190.0
2780.0868902,2780.0818770301075,40485332190.0
10258.09293,10258.091571326762,40485332190.0
5984.9367916,5984.934462958915,40485332190.0
1919.1237187,1919.116456495115,40485332190.0
2918.7525488,2918.7477738624307,40485332190.0
10597.540278,10597.538962798906,40485332190.0
2150.3788668,2150.372385594812,40485332190.0
2539.0008901,2538.9954009290523,40485332190.0
2391.6171412,2391.6113137285647,40485332190.0
5363.4946876,5363.492089068121,40485332190.0
9785.9645241,9785.96309997917,40485332190.0
2439.7062654,2439.70055288472,40485332190.0
16156.424864,16156.424001708014,40485332190.0
2491.6408026,2491.635209136754,40485332190.0
12259.332058,12259.330921561737,40485332190.0
1109.3743911,1109.3618281379554,40485332190.0
7426.7869925,7426.785115909928,40485332190.0
5688.4421136,5688.439663574982,40485332190.0
1906.5449674,1906.5376573039528,40485332190.0
4298.1340339,4298.130791313215,40485332190.0
3818.4188057,3818.4151557467417,40485332190.0
1594.2631095,1594.2543675379004,40485332190.0
6470.0787183,6470.076564207107,40485332190.0
5546.4097807,5546.407267904513,40485332190.0
4842.9298393,4842.926961431972,40485332190.0
4505.0739451,4505.070851521295,40485332190.0
2652.3555236,2652.3502690658706,40485332190.0
23784.659995,23784.659408257026,40485332190.0
11193.269672,11193.268426400587,40485332190.0
6493.21462,6493.212473596528,40485332190.0
6193.5385034,6193.536253178834,40485332190.0
10149.351293,10149.34992041863,40485332190.0
2180.8001383,2180.7937475321505,40485332190.0
4039.5230515,4039.519601370628,40485332190.0
2642.4495499,2642.444275650628,40485332190.0
475.37212558,475.3428066342044,40485332190.0
2509.3551168,2509.349562739735,40485332190.0
2333.7164684,2333.710496378897,40485332190.0
7925.794574,7925.792815563848,40485332190.0
1733.2608688,1733.2528278930288,40485332190.0
1568.2776971,1568.2688102976795,40485332190.0
1887.4147089,1887.4073247473389,40485332190.0
11516.204612,11516.203401962244,40485332190.0
6006.1936577,6006.19133735572,40485332190.0
10641.361715,10641.360405385183,40485332190.0
3755.404895,3755.4011838611978,40485332190.0
3396.0492223,3396.0451184434864,40485332190.0
3194.7062644,3194.701901872413,40485332190.0
8869.2536507,8869.25207932468,40485332190.0
15429.989578,15429.98867493382,40485332190.0
1106.2508575,1106.2382590562233,40485332190.0
1950.1907304,1950.1835839169698,40485332190.0
12326.048066,12326.046936002966,40485332190.0
6606.9844755,6606.982366088696,40485332190.0
5629.3157997,5629.313323865306,40485332190.0
11808.580164,11808.578983086272,40485332190.0
16452.177997,16452.17714947666,40485332190.0
1397.3334387,1397.3234647114261,40485332190.0
5849.5163608,5849.513978189347,40485332190.0
1773.3678393,1773.359980224985,40485332190.0
5838.8139999,5838.8116129361715,40485332190.0
528.79418185,528.7678250360614,40485332190.0
3676.7539758,3676.7501852130235,40485332190.0
4049.8094079,4049.805966489864,40485332190.0
1653.2975413,1653.2891114471631,40485332190.0
4684.9240662,4684.92109131799,40485332190.0
8206.3268002,8206.325101844728,40485332190.0
4421.9154211,4421.912269228245,40485332190.0
8169.2669663,8169.265260292413,40485332190.0
17725.314024,17725.313238117582,40485332190.0
4845.1051084,4845.102231881904,40485332190.0
1258.0991446,1258.0880666923288,40485332190.0
2640.2039662,2640.198687500447,40485332190.0
2146.3197518,2146.3132584073946,40485332190.0
4606.603155,4606.600129536271,40485332190.0
4416.0688196,4416.065663613078,40485332190.0
1682.6455914,1682.6373086624599,40485332190.0
3432.387985,3432.3839245659747,40485332190.0
2656.8107163,2656.80547052755,40485332190.0
4045.8479028,4045.8444580784917,40485332190.0
765.95097077,765.9327748861483,40485332190.0
3873.616279,3873.6126810785586,40485332190.0
3828.8223278,3828.8186878074644,40485332190.0
222.5783911,222.51576622854415,40485332190.0
1345.747399,1345.7370426441407,40485332190.0
1779.6860276,1779.6781964328957,40485332190.0
1432.7836223,1432.7738950408402,40485332190.0
2728.0222616,2728.017152789451,40485332190.0
22941.453151,22941.452543964824,40485332190.0
3210.0425286,3210.0381869550765,40485332190.0
6452.4967813,6452.494621365757,40485332190.0
8927.6919425,8927.690381430655,40485332190.0
3470.631293,3470.6272772707225,40485332190.0
1190.4071082,1190.395400392439,40485332190.0
12564.458884,12564.457774057322,40485332190.0
2905.732267,2905.7274706880808,40485332190.0
3080.4697851,3080.4652608039096,40485332190.0
7912.4236976,7912.421936187167,40485332190.0
2866.3074375,2866.3025751644996,40485332190.0
2613.83677,2613.8314380294655,40485332190.0
6293.3139188,6293.311704250053,40485332190.0
5997.5816887,5997.57936489272,40485332190.0
4100.5134645,4100.5100656552195,40485332190.0
2569.3498474,2569.344423127397,40485332190.0
4262.9387616,4262.935492247941,40485332190.0
2553.5721332,2553.566675333471,40485332190.0
6558.3210108,6558.318885754515,40485332190.0
1340.2127244,1340.2023252060474,40485332190.0
2037.1043754,2037.0975337465652,40485332190.0
2065.5373206,2065.5305731807516,40485332190.0
7184.0252745,7184.0233345849065,40485332190.0
1129.1695021,1129.157159290323,40485332190.0
5176.1566233,5176.153930759485,40485332190.0
2036.3622654,2036.3554213129712,40485332190.0
1699.1546411,1699.1464387580938,40485332190.0
3400.8771113,3400.8730132611877,40485332190.0
4296.9164435,4296.913199991397,40485332190.0
887.60819531,887.5924934432928,40485332190.0
3470.49513,3470.4911141414473,40485332190.0
4383.2847041,4383.281524566691,40485332190.0
2911.4368985,2911.4321114919608,40485332190.0
12621.29999,12621.298885994142,40485332190.0
2236.0697105,2236.0634776875763,40485332190.0
2710.2918693,2710.2867270735705,40485332190.0
1164.2405915,1164.2286205394573,40485332190.0
6118.8769753,6118.874697584816,40485332190.0
6354.9886625,6354.986469456036,40485332190.0
5274.276197,5274.27355452005,40485332190.0
756.89039147,756.8719777637624,40485332190.0
7115.1379339,7115.135975143273,40485332190.0
2614.2824145,2614.27708333481,40485332190.0
7958.5300505,7958.528299299551,40485332190.0
687.49134011,687.471067581286,40485332190.0
2792.757218,2792.7522275797946,40485332190.0
2680.074269,2680.0690687762108,40485332190.0
3550.7301661,3550.7262410023504,40485332190.0
9435.1904847,9435.189007591101,40485332190.0
9111.6274083,9111.625878676057,40485332190.0
9259.9571993,9259.955694194014,40485332190.0
3441.0189242,3441.0148740241552,40485332190.0
998.15072145,998.1367585431005,40485332190.0
3903.456522,3903.4529515711306,40485332190.0
952.29001979,952.2753844549434,40485332190.0
796.63933055,796.6218356421138,40485332190.0
2249.2667103,2249.2605140356673,40485332190.0
4701.9170105,4701.914046347608,40485332190.0
6653.3487843,6653.346689573924,40485332190.0
4940.7275966,4940.724775790976,40485332190.0
3684.6258963,3684.622113833162,40485332190.0
12341.35879,12341.357660258225,40485332190.0
4000.4655047,4000.4620208328124,40485332190.0
9840.2879942,9840.28657795064,40485332190.0
2427.3593365,2427.353594902855,40485332190.0
2816.0401079,2816.035158742541,40485332190.0
5662.3080825,5662.305621093302,40485332190.0
4819.8819515,4819.879059976493,40485332190.0
4868.1645742,4868.16171138391,40485332190.0
12993.369922,12993.368849440993,40485332190.0
3287.2100226,3287.2057828546567,40485332190.0
2102.6754251,2102.6687968708475,40485332190.0
5032.7292428,5032.726473524023,40485332190.0
700.84153266,700.8216463055242,40485332190.0
7595.4571084,7595.455273438552,40485332190.0
7688.5374199,7688.535607146642,40485332190.0
2588.7846132,2588.7792295923414,40485332190.0
4998.5479079,4998.545119710708,40485332190.0
6564.2481295,6564.246006274388,40485332190.0
6626.8999762,6626.897873126998,40485332190.0
2903.3582944,2903.3534941454946,40485332190.0
4101.6908241,4101.687426255363,40485332190.0
3345.3383873,3345.3342212745233,40485332190.0
1341.6760996,1341.6657117798145,40485332190.0
4457.8537243,4457.850597875392,40485332190.0
4003.6724489,4003.6689678439407,40485332190.0
934.87300579,934.8580977882335,40485332190.0
3348.2916097,3348.287447254824,40485332190.0
4462.1228256,4462.11970223138,40485332190.0
7380.2183939,7380.21650539211,40485332190.0
8381.6646194,8381.662956631435,40485332190.0
3984.6588725,3984.6553748067786,40485332190.0
11496.445011,11496.443797906242,40485332190.0
3237.9221748,3237.9178705537593,40485332190.0
9625.614694,9625.613246061324,40485332190.0
8480.1139075,8480.112263974648,40485332190.0
5714.1320056,5714.129566558919,40485332190.0
1236.3604999,1236.3492271963,40485332190.0
7103.2905127,7103.288550711812,40485332190.0
4652.9230941,4652.920098726161,40485332190.0
4613.4470387,4613.4440177828865,40485332190.0
14965.364594,14965.363662172878,40485332190.0
3144.6833353,3144.678903334064,40485332190.0
5757.7426277,5757.740207079909,40485332190.0
2306.9049288,2306.898887312801,40485332190.0
354.28000615,354.2406650706482,40485332190.0
6016.1137698,6016.111453273576,40485332190.0
2604.712273,2604.706922288406,40485332190.0
11819.529811,11819.528631790747,40485332190.0
3803.0948611,3803.091196442772,40485332190.0
1412.2134605,1412.2035916006625,40485332190.0
1180.8609906,1180.8491881571126,40485332190.0
2426.3008392,2426.2950950719205,40485332190.0
4563.949628,4563.9465743468145,40485332190.0
613.91427438,613.8915721223801,40485332190.0
10126.376882,10126.375506065087,40485332190.0
3920.0279984,3920.0244430256735,40485332190.0
4282.7870468,4282.783792602973,40485332190.0
7519.0327711,7519.030917554258,40485332190.0
5261.799935,5261.797286242986,40485332190.0
5319.797692,5319.7950721306615,40485332190.0
1577.1606369,1577.1518000715935,40485332190.0
1524.754184,1524.745043471594,40485332190.0
4207.5840373,4207.580725022799,40485332190.0
9715.0469631,9715.04552856965,40485332190.0
8842.343214,8842.341637861853,40485332190.0
3036.0365394,3036.0319489043873,40485332190.0
3284.9584604,3284.9542176621253,40485332190.0
7949.4448937,7949.443140515285,40485332190.0
6105.4206116,6105.41832886903,40485332190.0
3593.4621684,3593.458290036442,40485332190.0
6912.8719813,6912.869965158622,40485332190.0
1369.9738668,1369.963693592777,40485332190.0
7991.5938261,7991.592082147936,40485332190.0
2148.7387892,2148.7323030886078,40485332190.0
6313.0203439,6313.0181362780995,40485332190.0
3084.0577202,3084.0532011774135,40485332190.0
3288.9675252,3288.9632877311897,40485332190.0
3966.5234281,3966.519914444511,40485332190.0
3618.3315638,3618.3277120114167,40485332190.0
2783.0534895,2783.048481708441,40485332190.0
4038.4492239,4038.4457727384693,40485332190.0
1658.8047341,1658.7963322130183,40485332190.0
3071.2346584,3071.230120534047,40485332190.0
3346.0466076,3346.0424424159464,40485332190.0
1934.3597408,1934.3525358920672,40485332190.0
1184.1832637,1184.1714943322147,40485332190.0
6422.4130732,6422.4109030987765,40485332190.0
1898.0352328,1898.027889915816,40485332190.0
1897.6579236,1897.650579321678,40485332190.0
2436.0661153,2436.060394205947,40485332190.0
4917.3999944,4917.397160197963,40485332190.0
2401.6619166,2401.656113554852,40485332190.0
16214.048427,16214.047567312333,40485332190.0
1339.7527727,1339.7423700412198,40485332190.0
8560.1203562,8560.118728122467,40485332190.0
4659.6706923,4659.667701310942,40485332190.0
4132.7031025,4132.699730173973,40485332190.0
747.59435362,747.5757109478627,40485332190.0
1993.5118898,1993.5048985985388,40485332190.0
6172.0686771,6172.066418968254,40485332190.0
10206.929118,10206.92775261257,40485332190.0
9895.5465269,9895.545118466911,40485332190.0
18059.373338,18059.372566181923,40485332190.0
850.9932604,850.9768829317525,40485332190.0
1956.4539471,1956.4468234871706,40485332190.0
4095.3941538,4095.3907506478695,40485332190.0
4405.1251502,4405.121986448079,40485332190.0
7902.7088879,7902.707124298987,40485332190.0
885.97033169,885.9546008003168,40485332190.0
2792.4069362,2792.4019451660383,40485332190.0
10334.796082,10334.794733412404,40485332190.0
1263.1638412,1263.1528077003913,40485332190.0
6909.9294472,6909.927430257927,40485332190.0
6630.3999882,6630.397886216071,40485332190.0
1849.0016868,1848.9941492042167,40485332190.0
6616.984036,6616.981929715678,40485332190.0
7294.2677006,7294.265789986964,40485332190.0
4678.7607332,4678.757754382086,40485332190.0
2297.287464,2297.2813972533477,40485332190.0
3863.9426815,3863.939074530624,40485332190.0
3328.6034545,3328.5992674564172,40485332190.0
10435.787071,10435.785735565878,40485332190.0
1988.0046497,1987.9976391167352,40485332190.0
2410.8305805,2410.8247994497347,40485332190.0
5223.7721282,5223.769460230559,40485332190.0
1635.398096,1635.389573859344,40485332190.0
4146.6028322,4146.599471130316,40485332190.0
4823.0959228,4823.093033209572,40485332190.0
4151.6038076,4151.6004506221825,40485332190.0
2864.6810911,2864.6762259887137,40485332190.0
1638.8287054,1638.8202011882522,40485332190.0
5737.847966,5737.84553709899,40485332190.0
11446.219542,11446.218324120924,40485332190.0
8324.568571,8324.566896873126,40485332190.0
16429.003305,16429.002456677383,40485332190.0
4677.3117824,4677.308802714739,40485332190.0
10478.063297,10478.061967048423,40485332190.0
3046.6914297,3046.686855178835,40485332190.0
8249.1853908,8249.183701361691,40485332190.0
3979.7961694,3979.7926674187966,40485332190.0
1295.1505818,1295.1398208034238,40485332190.0
14143.221008,14143.22002248661,40485332190.0
7238.7146992,7238.71277385355,40485332190.0
2169.8802417,2169.873818740011,40485332190.0
5498.3175761,5498.315041354528,40485332190.0
3563.0436498,3563.0397383235713,40485332190.0
3085.1587898,3085.1542723408184,40485332190.0
2329.2154659,2329.209482361604,40485332190.0
14797.665239,14797.664296938074,40485332190.0
4337.121472,4337.11825855133,40485332190.0
3256.0501498,3256.045869450844,40485332190.0
2843.4654971,2843.460595685697,40485332190.0
1569.4748928,1569.4660126968981,40485332190.0
4540.4794345,4540.476365025269,40485332190.0
9169.2078937,9169.2063737428,40485332190.0
3958.1592199,3958.1556988379384,40485332190.0
7375.0529116,7375.051021895591,40485332190.0
4858.6334221,4858.630553591972,40485332190.0
6139.8268606,6139.824590690704,40485332190.0
2549.7510495,2549.7455834511698,40485332190.0
11431.204467,11431.203247433989,40485332190.0
3193.4238062,3193.419441883157,40485332190.0
11616.025806,11616.024606754909,40485332190.0
1819.0891732,1819.081511688045,40485332190.0
610.91423426,610.8914205174156,40485332190.0
3426.4580559,3426.453988446522,40485332190.0
8760.9978486,8760.996257725908,40485332190.0
5965.4436875,5965.4413512477595,40485332190.0
4087.419366,4087.4159563285825,40485332190.0
3750.2696856,3750.265969344514,40485332190.0
300.17932839,300.13289594311976,40485332190.0
2040.0222825,2040.0154507446834,40485332190.0
4852.801829,4852.798957056432,40485332190.0
1941.8055093,1941.7983319325608,40485332190.0
8265.734311,8265.732624853244,40485332190.0
17627.226608,17627.225816808717,40485332190.0
2794.1665574,2794.161569537628,40485332190.0
4708.0980895,4708.095129282911,40485332190.0
3575.1853629,3575.1814646747753,40485332190.0
5651.5180017,5651.515535596452,40485332190.0
4221.0622902,4221.058988451888,40485332190.0
257.73442415,257.68034350533355,40485332190.0
3098.2445989,3098.2401005876254,40485332190.0
2079.5930599,2079.5863580536493,40485332190.0
5904.667611,5904.665250663543,40485332190.0
4301.4286271,4301.42538702468,40485332190.0
3526.5518768,3526.5479247779977,40485332190.0
16469.25713,16469.25628383661,40485332190.0
4826.5659168,4826.563029226502,40485332190.0
4586.1908959,4586.187856997021,40485332190.0
3639.3832045,3639.379374975948,40485332190.0
4912.478117,4912.475279913392,40485332190.0
11004.894173,11004.892907476104,40485332190.0
7112.2887238,7112.286764260061,40485332190.0
12904.458657,12904.457576251378,40485332190.0
3324.5409866,3324.536794368582,40485332190.0
2522.5254649,2522.5199399035087,40485332190.0
9511.7786135,9511.777148347961,40485332190.0
6165.2210587,6165.218798183051,40485332190.0
11077.979526,11077.978268133365,40485332190.0
4973.6638137,4973.66101151139,40485332190.0
8049.6328688,8049.631137425486,40485332190.0
137.48129772,137.3798866537079,40485332190.0
2172.7243116,2172.7178970789764,40485332190.0
7115.0034655,7115.001506717595,40485332190.0
4198.9162998,4198.912980645681,40485332190.0
6467.7751388,6467.772984023778,40485332190.0
3746.3909073,3746.3871871860615,40485332190.0
4995.9019589,4995.8991691879955,40485332190.0
3892.4892107,3892.485630259451,40485332190.0
944.82180655,944.807055524645,40485332190.0
7461.165383,7461.163515109565,40485332190.0
3180.6690311,3180.6646492909904,40485332190.0
1171.0721087,1171.0602075668096,40485332190.0
998.72927638,998.7153215718374,40485332190.0
4687.9699006,4687.966927708984,40485332190.0
2357.1834303,2357.1775177541967,40485332190.0
2031.7117704,2031.7049106051559,40485332190.0
23345.687833,23345.687235461937,40485332190.0
13248.792,13248.790948031286,40485332190.0
4500.2881075,4500.285010538764,40485332190.0
5020.0883308,5020.085554565368,40485332190.0
1468.6507399,1468.6412502272262,40485332190.0
2734.4682747,2734.463177914897,40485332190.0
10103.289434,10103.288054592937,40485332190.0
2973.1832226,2973.1785350090404,40485332190.0
3223.490428,3223.486104484852,40485332190.0
4325.9463912,4325.94316948152,40485332190.0
1384.0370934,1384.0270235279602,40485332190.0
3081.6457252,3081.641202550116,40485332190.0
2986.8051359,2986.800469677294,40485332190.0
3681.4685618,3681.4647760409957,40485332190.0
5875.0940205,5875.091648370695,40485332190.0
2438.3282692,2438.3225533600184,40485332190.0
1112.1400125,1112.127480729139,40485332190.0
9869.0756594,9869.07424719361,40485332190.0
4742.5690169,4742.566078259421,40485332190.0
3143.5156004,3143.5111668880186,40485332190.0
2843.8041276,2843.799226718146,40485332190.0
137.80458508,137.7034120933749,40485332190.0
1803.2792919,1803.2715632262532,40485332190.0
3057.7475654,3057.743007529165,40485332190.0
557.39464798,557.3696436259755,40485332190.0
12638.952836,12638.951733304517,40485332190.0
1597.5087849,1597.5000606714402,40485332190.0
4625.8866106,4625.883597730987,40485332190.0
4770.8288118,4770.825890541382,40485332190.0
3963.820114,3963.8165979767155,40485332190.0
965.32998526,965.3155476177425,40485332190.0
476.07536296,476.04608731757435,40485332190.0
1800.1556221,1800.1478799408737,40485332190.0
1455.2102786,1455.2007012705278,40485332190.0
4732.7301097,4732.727164946853,40485332190.0
2005.8957981,2005.8888500133655,40485332190.0
5919.0034227,5919.0010679896795,40485332190.0
9417.409939,9417.40845914948,40485332190.0
1328.5974596,1328.5869695941203,40485332190.0
7373.0409249,7373.0390346002905,40485332190.0
1516.5517695,1516.5425795191247,40485332190.0
10575.186105,10575.184787764443,40485332190.0
2522.1933244,2522.1877987175308,40485332190.0
4624.5969647,4624.593951011147,40485332190.0
5665.0025266,5665.000066475992,40485332190.0
11827.558933,11827.557754439471,40485332190.0
9203.9622074,9203.960693139343,40485332190.0
3998.6105222,3998.6070368149203,40485332190.0
3889.7168403,3889.713257258049,40485332190.0
1985.2127305,1985.2057101061987,40485332190.0
3588.3149697,3588.3110856720195,40485332190.0
5086.9005259,5086.8977861513995,40485332190.0
5636.4301087,5636.4276361219245,40485332190.0
2733.3696819,2733.3645830521086,40485332190.0
2086.7741402,2086.7674614903776,40485332190.0
3690.9481592,3690.9443832684665,40485332190.0
4819.4464695,4819.443577645828,40485332190.0
2652.5855181,2652.5802640466845,40485332190.0
4221.6572826,4221.653981328016,40485332190.0
7526.603384,7526.601532385258,40485332190.0
12365.88295,12365.881822633877,40485332190.0
3882.1122461,3882.108656078722,40485332190.0
6984.1453879,6984.143392394174,40485332190.0
8135.780617,8135.77890399051,40485332190.0
1913.4519267,1913.4446430140497,40485332190.0
2313.9871089,2313.9810859597587,40485332190.0
3760.3274681,3760.323761771082,40485332190.0
2977.8797008,2977.875020606545,40485332190.0
4333.8166649,4333.813448937925,40485332190.0
3915.5680691,3915.5645096664234,40485332190.0
3646.3800889,3646.376266743577,40485332190.0
9453.5898551,9453.588380917181,40485332190.0
3980.7281215,3980.7246204478565,40485332190.0
1629.2383213,1629.229766996791,40485332190.0
3538.827599,3538.823660765043,40485332190.0
7471.6643464,7471.662481129853,40485332190.0
1463.2666234,1463.2570988549937,40485332190.0
2395.1532176,2395.1473988508255,40485332190.0
4692.6514172,4692.648447300833,40485332190.0
1460.7503674,1460.7408263338716,40485332190.0
1522.8713998,1522.8622480289102,40485332190.0
2340.3819328,2340.3759778117383,40485332190.0
15288.147078,15288.146166178345,40485332190.0
1500.9182828,1500.9089970774462,40485332190.0
4491.8526082,4491.849505492655,40485332190.0
3442.9766357,3442.9725877642977,40485332190.0
2060.0851737,2060.078408443523,40485332190.0
1658.5085526,1658.5001492521785,40485332190.0
9337.0497161,9337.048223493797,40485332190.0
1435.7121868,1435.702479439133,40485332190.0
3642.0670147,3642.0631879760235,40485332190.0
671.91032632,671.8895836719887,40485332190.0
3551.9645633,3551.960639557277,40485332190.0
5315.8885207,5315.885898908681,40485332190.0
4935.2865145,4935.283690582091,40485332190.0
9435.9090584,9435.90758137558,40485332190.0
1171.3272267,1171.3153281958246,40485332190.0
3900.9897173,3900.9861446413443,40485332190.0
3407.850107,3407.846017345093,40485332190.0
8111.6088231,8111.607104979819,40485332190.0
3977.901528,3977.898024391705,40485332190.0
6515.3057973,6515.303658113866,40485332190.0
629.16259635,629.1404443207495,40485332190.0
5358.5831767,5358.5805757990065,40485332190.0
6862.0762085,6862.074177405328,40485332190.0
2067.3426001,2067.3358585129054,40485332190.0
2104.061491,2104.0548672195973,40485332190.0
649.55175696,649.5303002940793,40485332190.0
4774.9078719,4774.904953069322,40485332190.0
4859.0773336,4859.074465359252,40485332190.0
12062.554538,12062.553383128396,40485332190.0
1667.3493797,1667.3410209105734,40485332190.0
1783.564396,1783.556581772329,40485332190.0
2063.1601769,2063.1534217561593,40485332190.0
8030.6756639,8030.673928409955,40485332190.0
1905.4019593,1905.394644820525,40485332190.0
4915.4795265,4915.4766910977,40485332190.0
7164.0311145,7164.029169120292,40485332190.0
1891.2860255,1891.2786563951745,40485332190.0
3280.3438222,3280.3395735649915,40485332190.0
6497.4475508,6497.445405753624,40485332190.0
4722.3009894,4722.298038057116,40485332190.0
5216.5698255,5216.5671537852,40485332190.0
2442.2420937,2442.236387108977,40485332190.0
5091.1183321,5091.115594560394,40485332190.0
3335.4704113,3335.466232870019,40485332190.0
13156.567228,13156.566169412232,40485332190.0
605.22338941,605.2003611420236,40485332190.0
2302.330907,2302.3248536399697,40485332190.0
5970.2462281,5970.243893712742,40485332190.0
15811.362214,15811.361331822542,40485332190.0
4665.2398234,4665.236835925541,40485332190.0
3783.6049278,3783.60124429269,40485332190.0
3061.3364887,3061.331936095698,40485332190.0
5127.3567917,5127.354073568272,40485332190.0
3481.823292,3481.819289199453,40485332190.0
2167.3025463,2167.296115664016,40485332190.0
2008.7572832,2008.7503451447335,40485332190.0
2689.052959,2689.0477761299207,40485332190.0
12181.32624,12181.325095243545,40485332190.0
2332.2581399,2332.25216420799,40485332190.0
2055.5589626,2055.5521824178263,40485332190.0
2151.2566464,2151.2501679046827,40485332190.0
5279.8463907,5279.843751023149,40485332190.0
9683.8447969,9683.843357639185,40485332190.0
3821.3635407,3821.3598935877567,40485332190.0
2096.6267956,2096.6201482794822,40485332190.0
2482.1791098,2482.173494942337,40485332190.0
3813.6813805,3813.6777260367007,40485332190.0
3882.436391,3882.432801309737,40485332190.0
1153.5999493,1153.5878678864733,40485332190.0
479.50468952,479.47562327013094,40485332190.0
2125.6489503,2125.642393661899,40485332190.0
2249.6706382,2249.6644430342276,40485332190.0
6496.6030416,6496.600896338831,40485332190.0
8407.6385453,8407.636887665696,40485332190.0
8017.960829,8017.95909076238,40485332190.0
1120.7517273,1120.7392919375218,40485332190.0
2283.8554914,2283.8493890463997,40485332190.0
3707.8055796,3707.801820828629,40485332190.0
4980.5356196,4980.532821398175,40485332190.0
2613.2694027,2613.264069494584,40485332190.0
4519.8424444,4519.839360877496,40485332190.0
6487.3327223,6487.330573931602,40485332190.0
15265.492678,15265.491764841,40485332190.0
3799.1591542,3799.1554858188974,40485332190.0
3870.8923551,3870.888754680495,40485332190.0
2809.0145143,2809.009552823089,40485332190.0
1246.4620809,1246.4508995777614,40485332190.0
2660.4516306,2660.4463919820364,40485332190.0
5186.4483919,5186.445704714537,40485332190.0
3165.2273688,3165.222965608583,40485332190.0
3315.4537635,3315.449559927502,40485332190.0
3026.3363591,3026.331753847427,40485332190.0
2058.7391288,2058.7323591099816,40485332190.0
590.46940978,590.4458060825543,40485332190.0
1697.7334407,1697.7252315332685,40485332190.0
528.24204634,528.2156619713576,40485332190.0
206.80753455,206.74013249264866,40485332190.0
3643.1989096,3643.1950841971457,40485332190.0
1431.2497299,1431.2399922036434,40485332190.0
8319.4167869,8319.41511166962,40485332190.0
4321.9697864,4321.966561745609,40485332190.0
23507.033988,23507.03339527559,40485332190.0
2052.4498922,2052.4431017859924,40485332190.0
3192.8160926,3192.8117275539576,40485332190.0
8362.1632991,8362.161632431445,40485332190.0
1469.1470443,1469.137557872866,40485332190.0
3103.7487533,3103.744262893044,40485332190.0
7442.9731029,7442.9712304204,40485332190.0
2501.0202611,2501.0146885942245,40485332190.0
4884.6019967,4884.599143418702,40485332190.0
5002.4174976,5002.4147115052865,40485332190.0
4839.5500624,4839.547182530839,40485332190.0
3570.006963,3570.0030591277846,40485332190.0
1172.7660766,1172.7541927200546,40485332190.0
7874.2115872,7874.209817297958,40485332190.0
2399.4526936,2399.4468851909714,40485332190.0
2175.5077078,2175.501301452262,40485332190.0
1948.7813542,1948.7742025579557,40485332190.0
2661.1056091,2661.100371822654,40485332190.0
1049.6184714,1049.6051931869672,40485332190.0
268.0437443,267.991744080769,40485332190.0
2690.4053656,2690.4001853139853,40485332190.0
5086.9970218,5086.994282034067,40485332190.0
2227.6649295,2227.658673175768,40485332190.0
1507.2529868,1507.2437402091027,40485332190.0
4143.0046925,4143.001328478997,40485332190.0
5118.6526762,5118.649953429388,40485332190.0
1692.1576024,1692.1493661702862,40485332190.0
17270.204333,17270.203526357498,40485332190.0
1326.5098011,1326.4992946039029,40485332190.0
2036.6983971,2036.6915540870407,40485332190.0
8003.0962234,8003.094482043955,40485332190.0
3889.1910115,3889.1874279212248,40485332190.0
3355.5124216,3355.5082681446274,40485332190.0
1739.1862775,1739.1782640231497,40485332190.0
8578.6455032,8578.643878562922,40485332190.0
3929.7994841,3929.795937608769,40485332190.0
3124.7085131,3124.7040528581556,40485332190.0
7774.4158707,7774.41407801789,40485332190.0
3748.4213333,3748.417615233874,40485332190.0
6157.6509973,6157.648733889502,40485332190.0
1301.2694401,1301.2587297521895,40485332190.0
3880.9777497,3880.974158575278,40485332190.0
11990.211824,11990.210661175819,40485332190.0
6119.2187698,6119.216492175375,40485332190.0
2391.0315653,2391.025736420687,40485332190.0
4125.0975293,4125.09415069171,40485332190.0
1041.7896577,1041.7762796735935,40485332190.0
13849.557526,13849.556519985972,40485332190.0
2713.6004416,2713.5953056204235,40485332190.0
4933.5166526,4933.513827636101,40485332190.0
5172.3084728,5172.305778295208,40485332190.0
795.85830226,795.8407901793561,40485332190.0
4380.949683,4380.946501710721,40485332190.0
7610.3465514,7610.344720064878,40485332190.0
1627.6635182,1627.654955642158,40485332190.0
2514.3705642,2514.3650212778184,40485332190.0
5741.6891065,5741.686679147771,40485332190.0
4269.208003,4269.2047385316155,40485332190.0
1238.0268334,1238.0155758538378,40485332190.0
2064.7335227,2064.726772744844,40485332190.0
4776.5835959,4776.580678113452,40485332190.0
21586.843828,21586.843182346733,40485332190.0
2265.4009407,2265.394788542365,40485332190.0
8628.8681767,8628.866561511317,40485332190.0
9346.8344753,9346.832984143797,40485332190.0
5764.4907226,5764.488304865439,40485332190.0
541.10487369,541.0791165474122,40485332190.0
2545.6984902,2545.693015456625,40485332190.0
2767.0840327,2767.0789960468032,40485332190.0
2169.3998773,2169.393452971835,40485332190.0
2296.6378687,2296.631800266144,40485332190.0
1276.64131,1276.6303930468732,40485332190.0
5691.5640732,5691.561624527029,40485332190.0
1468.8358515,1468.826362933345,40485332190.0
5341.4319285,5341.429319223965,40485332190.0
4094.3010722,4094.297668266179,40485332190.0
1390.7359171,1390.7258956769153,40485332190.0
1076.7351982,1076.7222544080641,40485332190.0
1646.9203025,1646.9118400248462,40485332190.0
6763.4566248,6763.454564258124,40485332190.0
1695.3133314,1695.3051104860167,40485332190.0
6365.6503466,6365.648157179309,40485332190.0
7697.8573325,7697.855521932789,40485332190.0
2951.8113738,2951.806652311006,40485332190.0
2781.9773293,2781.9723195824254,40485332190.0
2300.4495886,2300.443530247149,40485332190.0
4775.1714888,4775.168570142152,40485332190.0
4895.1264205,4895.123573399964,40485332190.0
5079.6093479,5079.606604190032,40485332190.0
1443.5481708,1443.5385160200715,40485332190.0
1566.8748126,1566.8659178075995,40485332190.0
2544.1535592,2544.1480811513493,40485332190.0
1831.9974035,1831.9897959607435,40485332190.0
7836.1954084,7836.193629796651,40485332190.0
4802.5493116,4802.546409641422,40485332190.0
1457.1025124,1457.092947581619,40485332190.0
2917.1161068,2917.1113290984536,40485332190.0
5738.8355094,5738.833080878796,40485332190.0
2695.9694894,2695.9643197874884,40485332190.0
4301.2386645,4301.23542432289,40485332190.0
11541.16354,11541.162332015709,40485332190.0
5421.9348185,5421.932247987765,40485332190.0
1118.9573546,1118.944899269982,40485332190.0
3757.6438015,3757.6400925839534,40485332190.0
3445.5342896,3445.5302446590567,40485332190.0
12364.675314,12364.67418676337,40485332190.0
2463.5316421,2463.5259848110586,40485332190.0
5527.5589697,5527.556448387715,40485332190.0
7105.5963771,7105.594415681616,40485332190.0
1799.7392269,1799.7314829788202,40485332190.0
6619.7677359,6619.765630510887,40485332190.0
2307.1791665,2307.1731258693285,40485332190.0
2590.2075785,2590.202197846929,40485332190.0
3414.9301935,3414.9261123849196,40485332190.0
613.76635186,613.7436441295313,40485332190.0
4294.1141282,4294.110882662223,40485332190.0
10109.91452,10109.913141325842,40485332190.0
6591.1824863,6591.18037184122,40485332190.0
1839.6115544,1839.6039784064035,40485332190.0
5283.8570684,5283.854430711411,40485332190.0
5891.5508199,5891.5484542944705,40485332190.0
6791.5500326,6791.5479805565155,40485332190.0
9013.1026757,9013.101129368653,40485332190.0
6611.3918538,6611.389745743733,40485332190.0
16881.787457,16881.78663170553,40485332190.0
1508.3875624,1508.3783226809317,40485332190.0
2838.9128779,2838.907968626977,40485332190.0
5863.4131394,5863.410762523607,40485332190.0
2792.3949708,2792.389979770967,40485332190.0
4460.794866,4460.7917416128175,40485332190.0
1992.7157744,1992.7087803687384,40485332190.0
2275.0385143,2275.0323882785274,40485332190.0
1792.8517679,1792.8439942557832,40485332190.0
6180.3887273,6180.386472319053,40485332190.0
10557.062014,10557.060693606561,40485332190.0
4702.733005,4702.730041425118,40485332190.0
13594.713834,13594.712808722687,40485332190.0
2251.6645869,2251.6583973354814,40485332190.0
1826.1894059,1826.1817741340699,40485332190.0
3745.404215,3745.400493864736,40485332190.0
996.10152464,996.0875330140624,40485332190.0
1822.0580882,1822.0504391720558,40485332190.0
4065.9273611,4065.923933356143,40485332190.0
4696.066762,4696.063794191148,40485332190.0
3750.6421102,3750.638394285442,40485332190.0
6265.5143283,6265.512103938069,40485332190.0
10885.424494,10885.423213414128,40485332190.0
7578.1219871,7578.120148007394,40485332190.0
4200.8793674,4200.87604978357,40485332190.0
1353.8252676,1353.8149730529437,40485332190.0
4563.052647,4563.049592715393,40485332190.0
3228.555763,3228.551446255917,40485332190.0
3572.2235683,3572.2196668311867,40485332190.0
5096.9937991,5096.991064708457,40485332190.0
8470.9453387,8470.943693445142,40485332190.0
932.85528802,932.840347761891,40485332190.0
8730.2478511,8730.246254678914,40485332190.0
477.97886167,477.94970263234393,40485332190.0
1603.5579948,1603.549303469548,40485332190.0
2418.2306543,2418.2248909262617,40485332190.0
1167.7985052,1167.786570738756,40485332190.0
3471.2820518,3471.2780368568956,40485332190.0
665.9923661,665.971439122378,40485332190.0
3580.7183225,3580.714430262903,40485332190.0
5264.5158777,5264.513230338349,40485332190.0
2677.1203562,2677.115150284138,40485332190.0
9381.6332816,9381.63179611438,40485332190.0
19014.005288,19014.004555073207,40485332190.0
2724.1569766,2724.151860573197,40485332190.0
1464.1916974,1464.1821787680026,40485332190.0
929.46217387,929.4471790759726,40485332190.0
938.50817975,938.4933294818215,40485332190.0
2934.8240465,2934.8192976460123,40485332190.0
2943.6025003,2943.597765641975,40485332190.0
8302.0270633,8302.025384564853,40485332190.0
2248.1467077,2248.1405083509544,40485332190.0
7492.7456449,7492.743784769943,40485332190.0
3403.3331112,3403.3290161181712,40485332190.0
6675.0770594,6675.074971490294,40485332190.0
3395.7000956,3395.695991265258,40485332190.0
1486.9602047,1486.9508318731896,40485332190.0
1508.4251648,1508.4159253564542,40485332190.0
23706.126645,23706.126057190362,40485332190.0
529.87496382,529.8486607731512,40485332190.0
2547.1935395,2547.1880680096497,40485332190.0
8028.6879215,8028.686185540738,40485332190.0
950.56459667,950.549934765394,40485332190.0
2620.5937965,2620.5884782001913,40485332190.0
13209.69222,13209.691165220629,40485332190.0
3780.2429934,3780.2393066570653,40485332190.0
12456.821292,12456.8201725839,40485332190.0
9085.4016679,9085.400133957706,40485332190.0
10833.733886,10833.732599439918,40485332190.0
3568.2995543,3568.2956486067537,40485332190.0
2159.236588,2159.2301333864816,40485332190.0
417.85522375,417.8218687979189,40485332190.0
5037.8378693,5037.835102877462,40485332190.0
2643.0890363,2643.0837633512415,40485332190.0
4217.884207,4217.88090271888,40485332190.0
2373.5777343,2373.5718625049763,40485332190.0
4269.1074468,4269.10418213492,40485332190.0
1890.6953629,1890.6879915088273,40485332190.0
6198.6624996,6198.660251195189,40485332190.0
1169.0197709,1169.0078488559082,40485332190.0
12675.3603,12675.35919978176,40485332190.0
1881.1946604,1881.187251774588,40485332190.0
14387.517583,14387.516614318067,40485332190.0
2998.3618101,2998.357161858772,40485332190.0
8511.1587165,8511.15707908466,40485332190.0
5656.4586222,5656.45615834762,40485332190.0
10074.994419,10074.993035119227,40485332190.0
3901.8328438,3901.8292719359038,40485332190.0
3036.716515,3036.7119255623356,40485332190.0
3144.4540463,3144.4496140527935,40485332190.0
4746.6410346,4746.638098402732,40485332190.0
8718.5197627,8718.518164173853,40485332190.0
4267.892951,4267.889685419165,40485332190.0
9123.2363313,9123.234803671428,40485332190.0
2524.2250442,2524.219522940434,40485332190.0
4153.4099592,4153.406603606828,40485332190.0
2024.2669977,2024.2601127399257,40485332190.0
1664.9917426,1664.9833719909095,40485332190.0
6113.5000651,6113.497785325905,40485332190.0
3010.3266061,3010.32197631772,40485332190.0
4149.9619733,4149.958614997111,40485332190.0
7563.3279116,7563.3260689207655,40485332190.0
6871.5284014,6871.526373098257,40485332190.0
2637.1207119,2637.115427010449,40485332190.0
3276.2007478,3276.1964937141515,40485332190.0
2027.3118329,2027.3049583035468,40485332190.0
1312.1426015,1312.1319799548853,40485332190.0
6513.7407435,6513.738603909737,40485332190.0
4829.0365002,4829.033614154003,40485332190.0
5142.6648318,5142.6621217681595,40485332190.0
5716.5576594,5716.555221432725,40485332190.0
2785.3652327,2785.3602289539103,40485332190.0
12102.302638,12102.301486303091,40485332190.0
525.92863408,525.902133646001,40485332190.0
4204.5177213,4204.51440650431,40485332190.0
1765.2462357,1765.2383405379185,40485332190.0
5620.2395952,5620.237115428907,40485332190.0
4086.332082,4086.3286713295315,40485332190.0
3085.9515875,3085.9470712456136,40485332190.0
3624.8495698,3624.8457249650933,40485332190.0
5356.7141975,5356.7115956697335,40485332190.0
3620.2953039,3620.2914541707337,40485332190.0
5296.2454105,5296.242779029323,40485332190.0
3503.2795365,3503.2755582050672,40485332190.0
506.32260913,506.29508248923446,40485332190.0
3327.4817533,3327.477564788318,40485332190.0
1460.6110694,1460.6015274558579,40485332190.0
4919.1307091,4919.127875883962,40485332190.0
4521.5165494,4521.513467048628,40485332190.0
4013.0093949,4013.005922000831,40485332190.0
2640.5348536,2640.529575487876,40485332190.0
905.44347992,905.4280873508245,40485332190.0
7269.0480553,7269.046137993851,40485332190.0
5766.8403207,5766.8379039670735,40485332190.0
598.8329826,598.8097085757179,40485332190.0
8690.2569265,8690.255322728783,40485332190.0
5313.7412008,5313.738577998926,40485332190.0
12424.930456,12424.92933438571,40485332190.0
1024.4260437,1024.4124389403614,40485332190.0
2362.6504262,2362.6445273196823,40485332190.0
3244.613602,3244.60930654089,40485332190.0
4659.2162378,4659.213246550608,40485332190.0
5178.5748395,5178.572148289178,40485332190.0
2705.550364,2705.5452127344934,40485332190.0
2915.5402344,2915.535454134427,40485332190.0
861.01742539,861.0012385855609,40485332190.0
3932.7013995,3932.6978556651325,40485332190.0
5342.0709805,5342.068371610403,40485332190.0
22957.733812,22957.7332048139,40485332190.0
2145.0866779,2145.080180692446,40485332190.0
3191.5589363,3191.5545695178384,40485332190.0
1145.3421774,1145.330008892583,40485332190.0
3551.9996013,3551.9956776109,40485332190.0
1401.8026491,1401.792706970974,40485332190.0
14517.005749,14517.004789466975,40485332190.0
1280.0398238,1280.0289357695847,40485332190.0
4609.2626977,4609.259674040313,40485332190.0
1770.0181098,1770.0102358566785,40485332190.0
5162.2805643,5162.27786457372,40485332190.0
2270.9165718,2270.9104346262125,40485332190.0
5769.1459,5769.143484285009,40485332190.0
5207.7940155,5207.791339326068,40485332190.0
1360.6322472,1360.6220041620609,40485332190.0
10399.000432,10398.999091200509,40485332190.0
2973.4076307,2973.4029434580616,40485332190.0
5009.3368724,5009.334090222467,40485332190.0
1895.307238,1895.2998845288007,40485332190.0
6275.9189872,6275.91676645617,40485332190.0
4133.4554642,4133.452092514641,40485332190.0
2104.0219722,2104.0153482928213,40485332190.0
6377.3661185,6377.363933189485,40485332190.0
2375.5392115,2375.533344644871,40485332190.0
1691.4419691,1691.4337293897495,40485332190.0
3860.9550533,3860.9514435537935,40485332190.0
1737.7269071,1737.7188868440628,40485332190.0
6070.1034146,6070.101118610563,40485332190.0
15878.309774,15878.308895899303,40485332190.0
9261.0026378,9261.001132964135,40485332190.0
12582.116124,12582.115016198648,40485332190.0
1311.3917422,1311.3811145110012,40485332190.0
6115.8781606,6115.875881792227,40485332190.0
5900.6159517,5900.613589737618,40485332190.0
3483.9290102,3483.92500979715,40485332190.0
11243.117153,11243.115913548165,40485332190.0
3066.2804778,3066.2759326101095,40485332190.0
6540.8626458,6540.860515099483,40485332190.0
1406.1115081,1406.1015963832815,40485332190.0
5097.8966084,5097.8938745578,40485332190.0
3925.0448143,3925.0412635062185,40485332190.0
7762.2079639,7762.206168466965,40485332190.0
3019.4370235,3019.4324078286677,40485332190.0
4968.1752376,4968.172432292455,40485332190.0
1498.8094852,1498.800186480183,40485332190.0
5268.5068788,5268.504233454954,40485332190.0
3901.6675264,3901.663954375584,40485332190.0
10163.584637,10163.583265719984,40485332190.0
565.54373138,565.5190873375938,40485332190.0
3879.0482349,3879.0446419534924,40485332190.0
1330.2901588,1330.2796820754984,40485332190.0
6281.0847466,6281.082527704462,40485332190.0
2865.143191,2865.138326740107,40485332190.0
2154.0721274,2154.0656573367974,40485332190.0
2442.4238616,2442.418155395458,40485332190.0
2200.3527454,2200.346411417996,40485332190.0
5770.3725824,5770.370167124427,40485332190.0
7926.6011532,7926.599394926215,40485332190.0
7189.2748635,7189.272924894269,40485332190.0
2224.9878386,2224.981574723213,40485332190.0
4239.8574378,4239.854150721393,40485332190.0
4273.8500739,4273.846812970222,40485332190.0
1088.6201387,1088.6073362421337,40485332190.0
7554.9752482,7554.97340350381,40485332190.0
2038.9328581,2038.926022695103,40485332190.0
1986.0792671,1986.072249814835,40485332190.0
1294.060369,1294.0495989938781,40485332190.0
10428.631699,10428.630363473092,40485332190.0
2552.5899505,2552.584490609462,40485332190.0
7116.9653553,7116.963396981946,40485332190.0
2407.4569181,2407.4511290295172,40485332190.0
1895.1982205,1895.190866700516,40485332190.0
4926.1034239,4926.100594747253,40485332190.0
2418.0811033,2418.075339610998,40485332190.0
3614.6629263,3614.659070568119,40485332190.0
1958.2947645,1958.2876476064127,40485332190.0
1864.8636637,1864.8561902220663,40485332190.0
8920.2097262,8920.20816379407,40485332190.0
5382.6298191,5382.627229846885,40485332190.0
5673.2443715,5673.241914887845,40485332190.0
17731.510296,17731.50951013009,40485332190.0
6799.6776191,6799.675569493303,40485332190.0
4129.4127417,4129.409366623415,40485332190.0
4141.5480005,4141.544635280237,40485332190.0
1580.2073912,1580.1985714867435,40485332190.0
1590.2180125,1590.2092482446,40485332190.0
8091.6213444,8091.619622001116,40485332190.0
921.09894851,921.0838175635671,40485332190.0
1553.8011794,1553.7922098356808,40485332190.0
6177.8818561,6177.879600143619,40485332190.0
6993.2459853,6993.243992331903,40485332190.0
7981.5790603,7981.577314218357,40485332190.0
1500.5908716,1500.5815838728677,40485332190.0
5708.0806573,5708.0782156990945,40485332190.0
6584.9760695,6584.973952998426,40485332190.0
2822.1366699,2822.131731475944,40485332190.0
3734.2933261,3734.2895938895185,40485332190.0
2369.20181,2369.1959273708844,40485332190.0
2300.0517183,2300.0456588748584,40485332190.0
7993.7222165,7993.720473001962,40485332190.0
7912.0004471,7911.998685669286,40485332190.0
10771.306143,10771.30484965647,40485332190.0
3830.7671727,3830.7635345626522,40485332190.0
6212.2824548,6212.280211307328,40485332190.0
7819.169915,7819.168132675862,40485332190.0
2775.5984588,2775.593437548715,40485332190.0
858.22195496,858.205715440151,40485332190.0
4002.1684107,4002.164928339007,40485332190.0
2017.5257749,2017.5188669480942,40485332190.0
4361.9315678,4361.9283726211215,40485332190.0
13303.343334,13303.342286792118,40485332190.0
12887.512309,12887.511227760966,40485332190.0
3018.5970955,3018.592478442827,40485332190.0
4306.4956909,4306.49245462539,40485332190.0
905.72001406,905.7046261921647,40485332190.0
5345.1869026,5345.18429515773,40485332190.0
11559.958057,11559.95685162287,40485332190.0
5325.7484768,5325.745859874294,40485332190.0
1112.8226028,1112.8100787173114,40485332190.0
10886.3957,10886.394420085893,40485332190.0
1785.4673497,1785.4595438853344,40485332190.0
10498.731143,10498.729815208166,40485332190.0
7506.1449316,7506.143074818223,40485332190.0
6412.3800107,6412.377837299292,40485332190.0
5060.3015713,5060.298817173855,40485332190.0
2743.4216977,2743.416617563598,40485332190.0
10009.782561,10009.781168538275,40485332190.0
2572.7024354,2572.6970181572615,40485332190.0
1574.3465254,1574.3376728616847,40485332190.0
5043.2206388,5043.217875322513,40485332190.0
8505.8275312,8505.825892614339,40485332190.0
7267.4986733,7267.4967555237545,40485332190.0
2314.7293749,2314.7233539300278,40485332190.0
2655.4748749,2655.469626537317,40485332190.0
3664.4276325,3664.423829107267,40485332190.0
3140.970036,3140.965598872698,40485332190.0
2637.9432312,2637.9379478977908,40485332190.0
3235.8081536,3235.8038464708566,40485332190.0
4265.2298668,4265.226599266222,40485332190.0
5338.7256642,5338.723053653851,40485332190.0
4888.0876871,4888.084835918064,40485332190.0
1832.9420759,1832.9344723276452,40485332190.0
8766.4577486,8766.456158799592,40485332190.0
3113.4932865,3113.4888100858457,40485332190.0
1947.0737382,1947.0665803404195,40485332190.0
11508.590586,11508.589375670736,40485332190.0
1375.8539264,1375.8437967276059,40485332190.0
4901.8719143,4901.869071030733,40485332190.0
2057.82248,2057.8157072895256,40485332190.0
4119.7894942,4119.786111258831,40485332190.0
3220.8924359,3220.888108846446,40485332190.0
17818.047716,17818.04693462536,40485332190.0
4435.1208478,4435.117705435596,40485332190.0
2478.7006835,2478.695060863369,40485332190.0
1694.4608911,1694.4526660860126,40485332190.0
888.45795456,888.4422677101468,40485332190.0
4171.1208656,4171.117524339547,40485332190.0
3112.330508,3112.326030006081,40485332190.0
3863.1734353,3863.169827634971,40485332190.0
3449.5624648,3449.5584245303685,40485332190.0
2524.6745459,2524.66902561197,40485332190.0
1702.8511489,1702.8429643042466,40485332190.0
746.61799941,746.5993323591048,40485332190.0
2850.1992962,2850.1944063616434,40485332190.0
1747.7537332,1747.7457589982675,40485332190.0
1627.6241715,1627.6156087082263,40485332190.0
4309.5759506,4309.572716587065,40485332190.0
5244.7683005,5244.765643187693,40485332190.0
7920.5993667,7920.597607134447,40485332190.0
596.09209503,596.0687139875286,40485332190.0
4549.6541263,4549.651062948136,40485332190.0
2609.2279696,2609.222628203746,40485332190.0
8986.5447851,8986.543234222545,40485332190.0
8644.8965158,8644.89490367976,40485332190.0
4394.0628717,4394.059699982916,40485332190.0
4148.7017258,4148.698366395634,40485332190.0
1396.511307,1396.5013271828118,40485332190.0
2113.9074071,2113.9008140914893,40485332190.0
3725.7525827,3725.748841981332,40485332190.0
4437.8052053,4437.802064727726,40485332190.0
1660.6479693,1660.6395767813015,40485332190.0
5307.4994661,5307.4968401934775,40485332190.0
2597.7564304,2597.751065390017,40485332190.0
2137.9229767,2137.9164577834686,40485332190.0
4105.9852849,4105.981890573402,40485332190.0
1871.6384723,1871.6310258610702,40485332190.0
4901.4394094,4901.436565985771,40485332190.0
999.34319939,999.3292531553832,40485332190.0
1207.8807081,1207.8691696005585,40485332190.0
910.4940292,910.4787220228916,40485332190.0
6969.9172498,6969.915250218577,40485332190.0
2297.8261774,2297.8201120275507,40485332190.0
1274.3490941,1274.3381574996818,40485332190.0
1354.8315757,1354.8212887308835,40485332190.0
2008.848788,2008.8418502217426,40485332190.0
2221.4581904,2221.451916550915,40485332190.0
7609.1510624,7609.1492308313755,40485332190.0
4970.3521204,4970.3493164160245,40485332190.0
8160.4559504,8160.454242469022,40485332190.0
4014.0773528,4014.073880751286,40485332190.0
962.53032408,962.5158444461464,40485332190.0
6321.4846549,6321.482450167072,40485332190.0
5927.2657196,5927.263368264504,40485332190.0
1146.5105693,1146.4984132197487,40485332190.0
10985.953778,10985.952510049032,40485332190.0
4898.0205633,4898.017717837946,40485332190.0
2091.8826573,2091.8759948635825,40485332190.0
6276.5390402,6276.536819672987,40485332190.0
2537.8234775,2537.8179857871833,40485332190.0
7152.5551487,7152.5532001668125,40485332190.0
5442.2518612,5442.249300276094,40485332190.0
1694.8567354,1694.8485123289481,40485332190.0
3988.3988713,3988.3953769099157,40485332190.0
3039.7847686,3039.7801837396755,40485332190.0
1059.6312042,1059.618051516013,40485332190.0
1563.5424508,1563.5335370153953,40485332190.0
4092.974496,4092.9710909644996,40485332190.0
1654.7764354,1654.7680131464756,40485332190.0
4396.1910357,4396.1878654516295,40485332190.0
1254.9453461,1254.9342404875438,40485332190.0
1363.1825556,1363.1723317193505,40485332190.0
2523.8182514,2523.812729225285,40485332190.0
6355.6762802,6355.674087317145,40485332190.0
3891.218026,3891.2144443952634,40485332190.0
1416.9241044,1416.914268299094,40485332190.0
13037.11996,13037.118890534728,40485332190.0
6273.9535636,6273.95134220644,40485332190.0
358.13320817,358.0942904198887,40485332190.0
1592.8254889,1592.8167389995626,40485332190.0
3359.8609765,3359.856828405492,40485332190.0
4289.1377826,4289.134533168753,40485332190.0
3731.2746741,3731.270938854534,40485332190.0
10670.856544,10670.855238196593,40485332190.0
6820.4794613,6820.477417908791,40485332190.0
2950.1154294,2950.1107052543593,40485332190.0
1966.3565768,1966.3494890990046,40485332190.0
7821.2425148,7821.240732832897,40485332190.0
2503.3819131,2503.3763457802834,40485332190.0
4994.6298802,4994.627089776278,40485332190.0
1598.1557355,1598.147014836558,40485332190.0
891.30410867,891.2884719048675,40485332190.0
907.49845321,907.4830954969315,40485332190.0
1286.3547708,1286.3439362366557,40485332190.0
1493.0710866,1493.0617521380527,40485332190.0
9346.2397993,9346.23830810525,40485332190.0
2972.3974761,2972.3927873129496,40485332190.0
3174.7087451,3174.7043551183497,40485332190.0
3700.4555476,3700.4517813047473,40485332190.0
9340.1910638,9340.18957163444,40485332190.0
5185.9102013,5185.907513885889,40485332190.0
6445.2908335,6445.288671146705,40485332190.0
7798.6823121,7798.680524966582,40485332190.0
369.12407726,369.0863184305563,40485332190.0
1776.4362774,1776.4284318442903,40485332190.0
7596.9715201,7596.969685601223,40485332190.0
1327.1428665,1327.132364942797,40485332190.0
10137.710046,10137.708671662433,40485332190.0
2435.4510061,2435.4452835080515,40485332190.0
3165.2829801,3165.278576959105,40485332190.0
2648.2853234,2648.280060771874,40485332190.0
5125.4952487,5125.492529612636,40485332190.0
3277.3046082,3277.3003555461564,40485332190.0
4719.4709488,4719.467995789163,40485332190.0
2652.7939669,2652.7887132167252,40485332190.0
3125.6600304,3125.655571491836,40485332190.0
8868.0643561,8868.062784547814,40485332190.0
2183.556894,2183.5505112847295,40485332190.0
1038.3809571,1038.367535144009,40485332190.0
3544.6292763,3544.6253444203394,40485332190.0
2850.0657043,2850.0608143150694,40485332190.0
7002.102784,7002.100793540342,40485332190.0
4517.0884822,4517.085396745905,40485332190.0
4739.8812644,4739.878324113287,40485332190.0
10275.645009,10275.643652702429,40485332190.0
7300.8785987,7300.876689724576,40485332190.0
4502.5077493,4502.504653864818,40485332190.0
2889.5914115,2889.5865883180486,40485332190.0
4016.6105099,4016.607040046256,40485332190.0
2547.9851762,2547.9797063823403,40485332190.0
3284.8429808,3284.838737988192,40485332190.0
2675.1255719,2675.1203620589295,40485332190.0
5449.2131508,5449.210593183829,40485332190.0
9595.1601413,9595.158688800262,40485332190.0
1710.5777647,1710.5696171604166,40485332190.0
3201.4044822,3201.400128802777,40485332190.0
6216.0094893,6216.007247102161,40485332190.0
1317.6171228,1317.6065453770973,40485332190.0
1728.4644073,1728.4563440558004,40485332190.0
3383.7449807,3383.7408618359073,40485332190.0
4885.0419569,4885.039103839454,40485332190.0
3803.2353998,3803.2317352769687,40485332190.0
7675.7493627,7675.74754692851,40485332190.0
3015.1271346,3015.1225122335427,40485332190.0
384.74169646,384.7054704930924,40485332190.0
2446.2546209,2446.24892359252,40485332190.0
7804.0906552,7804.0888693188135,40485332190.0
5513.9969034,5513.994375788283,40485332190.0
1646.6555023,1646.6470384661284,40485332190.0
2364.1721142,2364.166219085622,40485332190.0
3669.5454278,3669.5416297727265,40485332190.0
8113.7264179,8113.724700169604,40485332190.0
7941.4535132,7941.451758224805,40485332190.0
4780.5351182,4780.532202895443,40485332190.0
6621.9401761,6621.938071455287,40485332190.0
5902.9969022,5902.994541248114,40485332190.0
2711.8695158,2711.8643765291877,40485332190.0
2435.6898125,2435.6840905331337,40485332190.0
1458.2962065,1458.2866494252478,40485332190.0
2498.4001617,2498.3945833335156,40485332190.0
4406.0618189,4406.058655769114,40485332190.0
2792.3236751,2792.3186839460445,40485332190.0
3670.1664739,3670.162676556694,40485332190.0
3686.8596695,3686.855889312748,40485332190.0
639.01548064,638.9936701809712,40485332190.0
4633.7220951,4633.7190873334985,40485332190.0
6884.1770572,6884.175032774978,40485332190.0
3594.4186491,3594.4147716211914,40485332190.0
3155.4208135,3155.416396648765,40485332190.0
6364.9467011,6364.944511454822,40485332190.0
7440.8931315,7440.891258494509,40485332190.0
5859.7707612,5859.768382707436,40485332190.0
1863.0667804,1863.0592997373965,40485332190.0
11549.229219,11549.228011923415,40485332190.0
4542.4112185,4542.408150280537,40485332190.0
1228.8630174,1228.8516759830209,40485332190.0
1421.0153758,1421.0055680289388,40485332190.0
11304.085994,11304.08476139883,40485332190.0
2386.8632554,2386.8574164111023,40485332190.0
2092.6385673,2092.6319072949937,40485332190.0
5394.6012462,5394.598662736806,40485332190.0
7989.0388252,7989.037080689921,40485332190.0
1188.5941571,1188.5824313555402,40485332190.0
3432.1419141,3432.1378533942593,40485332190.0
2819.5202019,2819.5152588640217,40485332190.0
2876.0235115,2876.018665537169,40485332190.0
6153.9137781,6153.911513354648,40485332190.0
12250.095533,12250.094394991462,40485332190.0
1018.3490638,1018.3353778569448,40485332190.0
12580.131991,12580.13088321333,40485332190.0
1572.9892644,1572.9804041450054,40485332190.0
2311.9416839,2311.935655639122,40485332190.0
5350.8771091,5350.87450445088,40485332190.0
2053.7417278,2053.7349416705674,40485332190.0
2953.8481904,2953.843472114452,40485332190.0
1837.1373362,1837.1297498937117,40485332190.0
2947.8347583,2947.8300304539785,40485332190.0
2082.2051755,2082.198482083288,40485332190.0
1701.154261,1701.1460682877573,40485332190.0
4056.5590957,4056.555660029686,40485332190.0
2387.8206214,2387.8147846768084,40485332190.0
10256.975065,10256.973706069703,40485332190.0
5611.1655948,5611.163111028347,40485332190.0
633.49729057,633.4752901207796,40485332190.0
6807.7217069,6807.719659692771,40485332190.0
2476.6646401,2476.6590128291737,40485332190.0
4046.9136446,4046.91020078168,40485332190.0
2738.292125,2738.287035342198,40485332190.0
4105.510307,4105.5069123396615,40485332190.0
5799.0098073,5799.007403968981,40485332190.0
8656.0950667,8656.093456634128,40485332190.0
1645.5024046,1645.493934857299,40485332190.0
10340.175109,10340.173761249656,40485332190.0
6398.5249056,6398.522727540335,40485332190.0
3341.8265967,3341.822426246442,40485332190.0
5651.9587934,5651.9563276231265,40485332190.0
2404.5853881,2404.579592131378,40485332190.0
1516.6061679,1516.5969782499985,40485332190.0
2646.8411022,2646.835836638733,40485332190.0
4669.365956,4669.362971172361,40485332190.0
2600.2251988,2600.219838919984,40485332190.0
2808.077921,2808.072957826373,40485332190.0
1650.3512063,1650.3427613931756,40485332190.0
5753.0276129,5753.025190427696,40485332190.0
5562.3948621,5562.392356484039,40485332190.0
1972.7669417,1972.7598770855247,40485332190.0
8832.4583028,8832.456724952684,40485332190.0
1383.4249021,1383.4148278598748,40485332190.0
4701.8129933,4701.810029178905,40485332190.0
1668.1019069,1668.0935518388912,40485332190.0
7640.7510245,7640.749200512471,40485332190.0
10117.524817,10117.52343943043,40485332190.0
9345.0390381,9345.037546776433,40485332190.0
3250.7532051,3250.7489177186862,40485332190.0
491.46674742,491.4383886691579,40485332190.0
7206.1494066,7206.1474726271435,40485332190.0
7416.6390315,7416.6371523775,40485332190.0
3680.6083235,3680.6045369717704,40485332190.0
3791.1667194,3791.163043212524,40485332190.0
1420.8326497,1420.8228406361713,40485332190.0
5239.2727409,5239.270080831975,40485332190.0
11838.18877,11838.187593282506,40485332190.0
1805.5229859,1805.515266721841,40485332190.0
7063.6253245,7063.623351389267,40485332190.0
7995.7893316,7995.787588505562,40485332190.0
2648.9576708,2648.9524095282295,40485332190.0
10394.541896,10394.540555032236,40485332190.0
1806.6167343,1806.6090198706509,40485332190.0
6792.8460713,6792.844019569331,40485332190.0
3411.9852078,3411.981123099714,40485332190.0
1285.3254158,1285.3145726032342,40485332190.0
3217.8666899,3217.8623587738903,40485332190.0
18552.859076,18552.85832561434,40485332190.0
3333.0755742,3333.0713928141486,40485332190.0
239.99117729,239.93309736771513,40485332190.0
1965.5968426,1965.5897520755916,40485332190.0
3068.7425058,3068.7379642020305,40485332190.0
4202.2538018,4202.250485260138,40485332190.0
4022.0329995,4022.029534390491,40485332190.0
4879.923674,4879.920817965522,40485332190.0
7483.4421144,7483.440252020676,40485332190.0
2459.7606897,2459.7550236688726,40485332190.0
1579.4017594,1579.3929351772058,40485332190.0
2222.2719375,2222.2656659877334,40485332190.0
4789.1432152,4789.14030501323,40485332190.0
2541.6273955,2541.6219120607225,40485332190.0
535.36799518,535.3419620191621,40485332190.0
5485.1243765,5485.121835603121,40485332190.0
4113.3466361,4113.343247914704,40485332190.0
2028.2523511,2028.2454796503398,40485332190.0
3535.4701115,3535.4661694849556,40485332190.0
5613.297256,5613.294773158637,40485332190.0
3384.4251027,3384.420984718641,40485332190.0
3638.0156707,3638.0118397570154,40485332190.0
423.44534803,423.4124334613706,40485332190.0
3305.5915953,3305.587379118394,40485332190.0
1251.3472239,1251.3360862006662,40485332190.0
2604.7292121,2604.723861488957,40485332190.0
3671.2157917,3671.211995466333,40485332190.0
10399.908787,10399.90744622134,40485332190.0
1798.9889971,1798.9812499796074,40485332190.0
2813.9014657,2813.8965128837667,40485332190.0
7002.8433951,7002.841404921338,40485332190.0
3151.6611684,3151.6567462216053,40485332190.0
2305.8923918,2305.8863477354034,40485332190.0
11315.647538,11315.646306256624,40485332190.0
3274.7438257,3274.7395697392785,40485332190.0
1852.2271924,1852.2196679456906,40485332190.0
5371.7779546,5371.775360132306,40485332190.0
2123.0487085,2123.042143869076,40485332190.0
4274.0692705,4274.066009686035,40485332190.0
7376.9771939,7376.975304699393,40485332190.0
3115.5390775,3115.534604062557,40485332190.0
2119.6384296,2119.6318544233413,40485332190.0
3530.0814384,3530.077490404144,40485332190.0
11188.711136,11188.709891136743,40485332190.0
7002.9694632,7002.967473038531,40485332190.0
3655.2221593,3655.2183463775336,40485332190.0
3373.7643852,3373.760254223427,40485332190.0
6170.1052198,6170.102960980076,40485332190.0
2725.82632,2725.821207076485,40485332190.0
784.58785024,784.5700865919814,40485332190.0
7648.2255816,7648.223759298485,40485332190.0
4460.7624979,4460.759373521167,40485332190.0
2619.1628473,2619.157526120977,40485332190.0
3830.6385618,3830.634923464014,40485332190.0
13470.907095,13470.906059998886,40485332190.0
5942.9421864,5942.9398413382405,40485332190.0
12101.53273,12101.531578346396,40485332190.0
3995.2797375,3995.276249069239,40485332190.0
3872.4785336,3872.4749346330386,40485332190.0
4934.4425949,4934.439770463373,40485332190.0
2526.6260077,2526.6204915944677,40485332190.0
4129.8685562,4129.865181461308,40485332190.0
4372.7664093,4372.76322209535,40485332190.0
3654.539743,3654.5359294285163,40485332190.0
3078.9203209,3078.9157942508564,40485332190.0
4216.8639192,4216.860614150269,40485332190.0
4803.9342269,4803.931325782149,40485332190.0
8850.9865953,8850.985020726905,40485332190.0
12612.522758,12612.521653487653,40485332190.0
2255.9623506,2255.9561728244203,40485332190.0
5653.3578822,5653.355417005235,40485332190.0
4059.6245155,4059.621082414642,40485332190.0
8897.22965,8897.228083575854,40485332190.0
2551.9125665,2551.907105146295,40485332190.0
5612.1187593,5612.116275844699,40485332190.0
7144.7192695,7144.717318846198,40485332190.0
2716.562368,2716.557237692819,40485332190.0
2292.4988748,2292.492795341165,40485332190.0
3047.7325081,3047.7279352118644,40485332190.0
8571.5459265,8571.544300520067,40485332190.0
1218.6705138,1218.6590776212126,40485332190.0
1796.6649693,1796.657212111135,40485332190.0
592.46304417,592.4395199024609,40485332190.0
15340.676941,15340.676031725832,40485332190.0
6961.5681857,6961.566183657007,40485332190.0
3145.7140659,3145.7096354682863,40485332190.0
6233.2843567,6233.282120735479,40485332190.0
7360.2583358,7360.256442279506,40485332190.0
1542.202897,1542.1938598417744,40485332190.0
3715.5937284,3715.589977406709,40485332190.0
1835.6756246,1835.668032292227,40485332190.0
15827.464712,15827.463830605595,40485332190.0
2113.5461017,2113.5395075253605,40485332190.0
8582.002272,8582.00064807531,40485332190.0
6867.0329984,6867.030968914952,40485332190.0
6778.2533128,6778.251256677429,40485332190.0
3645.0600753,3645.0562517644007,40485332190.0
529.77066078,529.7443525476062,40485332190.0
3025.769214,3025.7646078888365,40485332190.0
4030.9832696,4030.9798121538643,40485332190.0
4876.5397041,4876.536846122852,40485332190.0
6459.6500558,6459.6478982952085,40485332190.0
4166.0150454,4166.01169991514,40485332190.0
8430.4716343,8430.469981106598,40485332190.0
7055.5486311,7055.546655744984,40485332190.0
4356.5401527,4356.536953636615,40485332190.0
5391.3752433,5391.37265826377,40485332190.0
528.88748991,528.8611377500989,40485332190.0
4259.1081739,4259.104901575057,40485332190.0
1948.6666637,1948.6595116354877,40485332190.0
5903.7425738,5903.740213069784,40485332190.0
2599.8391551,2599.8337943827596,40485332190.0
17320.557862,17320.55705684018,40485332190.0
11046.594216,11046.592954910338,40485332190.0
1410.5897634,1410.5798831080574,40485332190.0
8652.0114961,8652.009885233061,40485332190.0
6552.7738047,6552.771677824731,40485332190.0
5252.0347512,5252.032097571478,40485332190.0
9723.6001718,9723.598738493185,40485332190.0
9493.3939092,9493.392441148559,40485332190.0
1205.7321634,1205.7206044572258,40485332190.0
1151.4796898,1151.4675861329579,40485332190.0
7948.5544238,7948.552670391146,40485332190.0
1476.5530279,1476.5435889870032,40485332190.0
2869.8742669,2869.8694105490113,40485332190.0
785.91198684,785.8942531246546,40485332190.0
12598.064833,12598.063727023558,40485332190.0
3226.2087776,3226.204457654601,40485332190.0
6341.9335242,6341.93132664045,40485332190.0
2066.9452846,2066.938541790346,40485332190.0
4259.6573938,4259.654121901176,40485332190.0
2041.2704391,2041.263611521511,40485332190.0
2943.8417556,2943.837021356603,40485332190.0
13475.285246,13475.28421189448,40485332190.0
7146.2261636,7146.2242133280215,40485332190.0
3436.2130991,3436.209043191662,40485332190.0
6601.2206411,6601.218529891182,40485332190.0
618.08767018,618.0651212122004,40485332190.0
2335.0424585,2335.036489831601,40485332190.0
4033.6802504,4033.676795199275,40485332190.0
1000.2807755,1000.2668423149101,40485332190.0
8563.3200751,8563.318447603086,40485332190.0
2150.1978179,2150.1913362013365,40485332190.0
4971.2135187,4971.210715114598,40485332190.0
4187.4124212,4187.409092891053,40485332190.0
6647.0778695,6647.07577278241,40485332190.0
3624.0802239,3624.0763782073827,40485332190.0
6481.3452186,6481.343068274231,40485332190.0
713.7785472,713.7590212906381,40485332190.0
1138.5613496,1138.5491086641475,40485332190.0
1455.0304574,1455.02087880993,40485332190.0
1847.4280421,1847.4204981398582,40485332190.0
6784.5129303,6784.510876102283,40485332190.0
3672.3434835,3672.339688426172,40485332190.0
789.75375868,789.7361112298815,40485332190.0
9606.0012503,9605.999799405789,40485332190.0
12299.60843,12299.607295947751,40485332190.0
2190.7020256,2190.695663656123,40485332190.0
1946.414986,1946.4078256570535,40485332190.0
6687.0030581,6687.000973885176,40485332190.0
9533.0251964,9533.023734362923,40485332190.0
11254.501409,11254.500169962026,40485332190.0
10828.586672,10828.585385384695,40485332190.0
566.82319489,566.7986064772515,40485332190.0
2746.1685846,2746.16350951702,40485332190.0
4597.3466488,4597.34361725768,40485332190.0
5964.5915942,5964.589257549517,40485332190.0
14050.013066,14050.012073291764,40485332190.0
3155.2806459,3155.276228867588,40485332190.0
2320.5213754,2320.515369487873,40485332190.0
5349.2547382,5349.252132765509,40485332190.0
14577.162681,14577.161725273329,40485332190.0
2205.6208729,2205.6145540509697,40485332190.0
3054.9183667,3054.913804498168,40485332190.0
2032.7691755,2032.7623193866964,40485332190.0
6332.2340878,6332.23188679851,40485332190.0
3218.7743058,3218.769975930725,40485332190.0
6320.9401591,6320.937954243827,40485332190.0
7337.8431458,7337.841246512633,40485332190.0
4288.240946,4288.237695909825,40485332190.0
2326.2352142,2326.2292229475174,40485332190.0
6194.8554795,6194.853229726014,40485332190.0
7600.4672653,7600.465431563096,40485332190.0
1548.1473398,1548.1383373657968,40485332190.0
6012.8394353,6012.837117444492,40485332190.0
6255.3085413,6255.306313266182,40485332190.0
6476.6320391,6476.629887153794,40485332190.0
1549.5144844,1549.5054899170398,40485332190.0
2031.8544173,2031.8475581164769,40485332190.0
1764.1951019,1764.1872020028447,40485332190.0
1229.7787579,1229.7674249414856,40485332190.0
1174.5282692,1174.5164031378374,40485332190.0
1677.9101778,1677.9018716625026,40485332190.0
3169.7871467,3169.782749901928,40485332190.0
13275.931104,13275.93005371073,40485332190.0
3706.3966394,3706.3928791897115,40485332190.0
13370.846659,13370.84561602038,40485332190.0
16553.506605,16553.505763698005,40485332190.0
5520.0477855,5520.045260724519,40485332190.0
9037.198323,9037.196780815182,40485332190.0
6195.5007938,6195.498544317392,40485332190.0
6202.1542411,6202.151993962991,40485332190.0
2207.3994657,2207.3931519439757,40485332190.0
4225.3414631,4225.3381645929685,40485332190.0
2709.6552702,2709.6501266564064,40485332190.0
1617.6518776,1617.6432620280666,40485332190.0
2138.5497556,2138.543238592026,40485332190.0
9701.4099638,9701.408527206115,40485332190.0
4565.8948624,4565.89180995658,40485332190.0
9939.0467247,9939.045322407723,40485332190.0
14299.205856,14299.204880750014,40485332190.0
3577.9143508,3577.910455509767,40485332190.0
3186.8981589,3186.8937857103865,40485332190.0
16697.723636,16697.722801504362,40485332190.0
11634.684706,11634.683507920421,40485332190.0
1668.3505132,1668.3421594366973,40485332190.0
2742.1116067,2742.106524145552,40485332190.0
1380.3009366,1380.2908394680817,40485332190.0
6556.0297701,6556.027644295382,40485332190.0
14778.804286,14778.803342688467,40485332190.0
2302.8703582,2302.864306195435,40485332190.0
6979.5043576,6979.5023607585235,40485332190.0
1075.2110214,1075.1980591942204,40485332190.0
6717.0446823,6717.042607434475,40485332190.0
750.27068774,750.2521115709026,40485332190.0
2463.3149155,2463.309257667169,40485332190.0
5276.7520601,5276.749418922913,40485332190.0
4949.2549137,4949.252097738924,40485332190.0
4010.229312,4010.22583656942,40485332190.0
3983.5433108,3983.539812173507,40485332190.0
15484.559752,15484.558851968488,40485332190.0
3394.1037107,3394.099604421267,40485332190.0
3933.772133,3933.7685900401643,40485332190.0
4570.817805,4570.814755966555,40485332190.0
2499.3124643,2499.3068879021635,40485332190.0
2186.0552126,2186.0488371876327,40485332190.0
6076.9021095,6076.899816098473,40485332190.0
1273.76511,1273.7541682957853,40485332190.0
1903.583891,1903.5765695026782,40485332190.0
3294.3568797,3294.352649194113,40485332190.0
5273.3237474,5273.32110447297,40485332190.0
8307.3302438,8307.328566098577,40485332190.0
11250.942565,11250.94132650057,40485332190.0
17902.882282,17902.88150316097,40485332190.0
5782.1409939,5782.138583579578,40485332190.0
3845.5763259,3845.572701754922,40485332190.0
22643.403296,22643.402680266827,40485332190.0
240.59977622,240.54184324964197,40485332190.0
10252.858357,10252.856997958603,40485332190.0
2386.5598232,2386.553983459443,40485332190.0
8800.1519647,8800.150381057329,40485332190.0
731.10678965,731.0877265466502,40485332190.0
3533.086583,3533.0826382961004,40485332190.0
1764.0817767,1764.0738763128204,40485332190.0
6344.9689117,6344.966715197776,40485332190.0
4963.5644398,4963.561632016311,40485332190.0
8252.7099936,8252.70830482217,40485332190.0
1636.0093444,1636.0008255106134,40485332190.0
4221.4585223,4221.455220881405,40485332190.0
3063.6351808,3063.6306316719515,40485332190.0
1320.6182662,1320.6077128531751,40485332190.0
4675.9441015,4675.941120888432,40485332190.0
12703.049905,12703.048807851685,40485332190.0
4040.4675868,4040.4641374690923,40485332190.0
5062.6777246,5062.6749717372995,40485332190.0
3184.9472012,3184.9428253102956,40485332190.0
8011.3389898,8011.337250188149,40485332190.0
5319.9653026,5319.962682914118,40485332190.0
1874.0767226,1874.069285875591,40485332190.0
1119.5984709,1119.5860227108417,40485332190.0
7831.0191969,7831.017417210372,40485332190.0
5115.9496132,5115.946888994408,40485332190.0
10622.602054,10622.600741435675,40485332190.0
1450.427903,1450.418294088855,40485332190.0
593.67087091,593.6473945074005,40485332190.0
2812.2099669,2812.2050109887746,40485332190.0
6964.577889,6964.575887919931,40485332190.0
8056.3584709,8056.356740916187,40485332190.0
2027.0047426,2026.9978668996691,40485332190.0
3725.3666364,3725.3628953137877,40485332190.0
10068.059878,10068.058493627856,40485332190.0
10727.942256,10727.940957361548,40485332190.0
2389.0534383,2389.047604558922,40485332190.0
5864.8548771,5864.85250076927,40485332190.0
2457.9057893,2457.9001190330787,40485332190.0
4242.3792304,4242.375945216851,40485332190.0
2625.4508105,2625.445502002213,40485332190.0
863.09482556,863.0786777283736,40485332190.0
3289.1340363,3289.129799016372,40485332190.0
3399.9217855,3399.9176863379244,40485332190.0
11768.917463,11768.916279253577,40485332190.0
9566.624351,9566.622894207872,40485332190.0
2065.5560943,2065.549346967309,40485332190.0
4326.1938556,4326.190634065889,40485332190.0
12847.768975,12847.76789038985,40485332190.0
2979.154973,2979.1502948492766,40485332190.0
8199.6959887,8199.694289009667,40485332190.0
4160.2673188,4160.263968756494,40485332190.0
13300.747679,13300.746631980528,40485332190.0
1300.413632,1300.4029146229,40485332190.0
13120.064557,13120.063494757538,40485332190.0
4647.868334,4647.865335449973,40485332190.0
1050.3223043,1050.3090349788504,40485332190.0
2385.2237744,2385.217931331176,40485332190.0
1854.7724546,1854.764940466505,40485332190.0
14148.608575,14148.607590158865,40485332190.0
2209.7088601,2209.702552919455,40485332190.0
1564.8954549,1564.8865488757801,40485332190.0
3127.0219767,3127.017519740397,40485332190.0
5140.497345,5140.494633797876,40485332190.0
3028.5825664,3028.5779645300563,40485332190.0
2151.7424026,2151.735925550424,40485332190.0
1626.9301912,1626.921624791634,40485332190.0
4101.8014536,4101.798055805463,40485332190.0
5814.4026667,5814.4002697069645,40485332190.0
1284.3720493,1284.3611980397116,40485332190.0
2050.3850542,2050.378256958521,40485332190.0
9925.9253016,9925.923897497083,40485332190.0
3236.8739721,3236.8696664337604,40485332190.0
1992.4470631,1992.4400682277528,40485332190.0
1399.9326325,1399.9226770312982,40485332190.0
4386.7158743,4386.712697194418,40485332190.0
20602.93256,20602.931883891586,40485332190.0
11684.673964,11684.672771137448,40485332190.0
3472.4890579,3472.4850444034714,40485332190.0
21974.033622,21974.03298735468,40485332190.0
2702.6995273,2702.694370639692,40485332190.0
259.41692261,259.36319278735175,40485332190.0
3671.047679,3671.0438825436645,40485332190.0
7400.8905124,7400.888629268765,40485332190.0
6423.9723675,6423.970197908671,40485332190.0
5929.7683154,5929.765965046953,40485332190.0
2607.3215919,2607.316246591391,40485332190.0
9014.8057589,9014.804212880943,40485332190.0
4306.4226737,4306.419437402685,40485332190.0
3129.5352446,3129.530791188172,40485332190.0
3390.8344412,3390.83033102191,40485332190.0
1763.3309964,1763.323092596599,40485332190.0
992.09620861,992.0821604978062,40485332190.0
1552.2092614,1552.200282479709,40485332190.0
1304.5832163,1304.5725331562119,40485332190.0
5794.614568,5794.6121627720895,40485332190.0
5480.5927071,5480.590164171698,40485332190.0
3589.4448706,3589.4409878189863,40485332190.0
3010.6235688,3010.6189395600095,40485332190.0
2627.6600684,2627.6547644011116,40485332190.0
8863.4429876,8863.441415168183,40485332190.0
7692.7585425,7692.756730805738,40485332190.0
3020.5248381,3020.520224018852,40485332190.0
7913.4359151,7913.434153849932,40485332190.0
9110.2038404,9110.20231065448,40485332190.0
3269.9053436,3269.9010813772875,40485332190.0
6619.6535285,6619.651423103927,40485332190.0
3071.695228,3071.6906907831803,40485332190.0
6766.0916258,6766.089565968623,40485332190.0
5475.3542629,5475.351717547963,40485332190.0
3225.517334,3225.513013166091,40485332190.0
5305.0785681,5305.075940910499,40485332190.0
8058.8796397,8058.877910261837,40485332190.0
2391.5549255,2391.549097932644,40485332190.0
3673.3174693,3673.3136751523925,40485332190.0
10225.781717,10225.780354685605,40485332190.0
9317.312362,9317.310866134212,40485332190.0
7870.6745089,7870.672738178453,40485332190.0
7444.7813191,7444.779446988642,40485332190.0
1910.6441208,1910.6368264369635,40485332190.0
7053.0740299,7053.072053868053,40485332190.0
1490.9872241,1490.9778765208448,40485332190.0
4226.006003,4226.0027050749095,40485332190.0
971.72916139,971.7148188303818,40485332190.0
1807.416562,1807.408851015521,40485332190.0
2725.1148212,2725.109706912225,40485332190.0
3555.6892837,3555.685364062698,40485332190.0
1526.538138,1526.5290082197885,40485332190.0
4341.5421892,4341.538979084734,40485332190.0
7705.4302191,7705.428410347567,40485332190.0
2034.2636969,2034.2568458298229,40485332190.0
16906.074408,16906.073583208974,40485332190.0
4917.9022193,4917.899385342693,40485332190.0
4394.0585236,4394.055351862948,40485332190.0
2585.3275503,2585.3221594672227,40485332190.0
3539.9446807,3539.94074369632,40485332190.0
3037.3413811,3037.3367925078746,40485332190.0
9302.8954492,9302.893951007078,40485332190.0
4352.044578,4352.041375665311,40485332190.0
5252.6994456,5252.696792314531,40485332190.0
11937.389417,11937.38824943068,40485332190.0
3657.6455882,3657.6417778196837,40485332190.0
8043.4018885,8043.400155735224,40485332190.0
5239.859545,5239.856885151284,40485332190.0
6773.4369101,6773.434852569323,40485332190.0
3190.6205989,3190.61623074367,40485332190.0
2267.2662053,2267.260058227259,40485332190.0
1637.7977747,1637.7892650730237,40485332190.0
3149.3476044,3149.343179033429,40485332190.0
1072.2136127,1072.200614361565,40485332190.0
7787.2037514,7787.201961703545,40485332190.0
12170.278327,12170.277182079559,40485332190.0
3126.3402073,3126.3357493796248,40485332190.0
8493.6739361,8493.672295296838,40485332190.0
7102.0207327,7102.018770342062,40485332190.0
14255.89252,14255.89154211015,40485332190.0
3256.5548009,3256.550521292119,40485332190.0
3921.2975638,3921.2940095595227,40485332190.0
5469.7729387,5469.770390716101,40485332190.0
6835.1461813,6835.144142243803,40485332190.0
4467.0753398,4467.072219820161,40485332190.0
921.55804559,921.5429221857236,40485332190.0
2905.7084803,2905.7036838522204,40485332190.0
17179.828754,17179.827943532262,40485332190.0
8571.0381246,8571.036498528292,40485332190.0
3808.7345222,3808.7308630367193,40485332190.0
3828.0358491,3828.032208391794,40485332190.0
1023.6430487,1023.6294335536583,40485332190.0
4311.6172258,4311.613993376343,40485332190.0
1208.0103218,1207.998784613949,40485332190.0
5278.1896713,5278.187030760902,40485332190.0
3006.3155505,3006.3109146008105,40485332190.0
3010.5146239,3010.5099944663943,40485332190.0
19463.489566,19463.48885087605,40485332190.0
5221.6034107,5221.600741657739,40485332190.0
3784.3829046,3784.379221823432,40485332190.0
2461.9041507,2461.898489698805,40485332190.0
4608.8603177,4608.857293699734,40485332190.0
8172.2804713,8172.278765907664,40485332190.0
2666.4310533,2666.4258264921123,40485332190.0
9238.3259448,9238.324436128994,40485332190.0
15248.204494,15248.203580901261,40485332190.0
2136.1864715,2136.179947286529,40485332190.0
3158.9473687,3158.9429567811517,40485332190.0
3918.2301219,3918.2265648956704,40485332190.0
2962.0585752,2962.053870058853,40485332190.0
3289.8311491,3289.826912701725,40485332190.0
5469.3470996,5469.344551427436,40485332190.0
12475.45369,12475.452572614704,40485332190.0
19767.670003,19767.66929750228,40485332190.0
7844.202322,7844.200545320989,40485332190.0
8599.218085,8599.216464278235,40485332190.0
3136.0148385,3136.01039427629,40485332190.0
4366.0725225,4366.069330407884,40485332190.0
2660.3803693,2660.3751305946093,40485332190.0
5953.5066858,5953.504344781802,40485332190.0
2931.4413645,2931.436610177113,40485332190.0
10859.493223,10859.49193868521,40485332190.0
8193.7799162,8193.778215282411,40485332190.0
12289.265969,12289.26483466096,40485332190.0
3101.900215,3101.8957219624617,40485332190.0
5935.8371977,5935.834849791098,40485332190.0
476.9767777,476.9475573904005,40485332190.0
12961.093699,12961.092624410087,40485332190.0
3367.3144645,3367.3103255096203,40485332190.0
15740.386656,15740.385770102816,40485332190.0
6337.5570778,6337.55487872317,40485332190.0
7222.4991023,7222.497172709417,40485332190.0
6068.4677042,6068.465407499089,40485332190.0
7273.3163279,7273.314411735038,40485332190.0
2526.0820342,2526.076517005833,40485332190.0
10343.392558,10343.391210315167,40485332190.0
1549.2167797,1549.2077834477557,40485332190.0
2312.2445584,2312.238530947897,40485332190.0
3578.2140185,3578.2101235194614,40485332190.0
2212.7232885,2212.7169899325045,40485332190.0
3434.1565987,3434.152540386235,40485332190.0
2877.4560042,2877.451160743663,40485332190.0
2741.9902354,2741.985152582383,40485332190.0
1113.0051777,1112.992655726062,40485332190.0
1500.3747139,1500.3654248450262,40485332190.0
11115.777914,11115.776660618118,40485332190.0
2992.7456274,2992.740970428895,40485332190.0
2789.3432167,2789.3382202179478,40485332190.0
5895.3024087,5895.300044685592,40485332190.0
1796.4742585,1796.4665005104705,40485332190.0
1721.6648961,1721.6568010123635,40485332190.0
5028.718211,5028.71543958583,40485332190.0
8538.3175905,8538.315958253992,40485332190.0
5862.6986696,5862.6962923924875,40485332190.0
2960.2165181,2960.2118100532202,40485332190.0
4084.3120814,4084.30866905385,40485332190.0
3458.1879542,3458.1839239914866,40485332190.0
2995.4423046,2995.4376518513955,40485332190.0
11148.567422,11148.566171130538,40485332190.0
3226.1259202,3226.1216001373496,40485332190.0
3025.6796661,3025.675059846074,40485332190.0
6240.4149996,6240.41276633192,40485332190.0
865.59083087,865.5747295968339,40485332190.0
3075.6854829,3075.6809514779,40485332190.0
4666.11749,4666.114503125919,40485332190.0
4616.4814574,4616.478438513988,40485332190.0
6445.4968008,6445.49463855841,40485332190.0
1812.1210937,1812.1134026397183,40485332190.0
4443.7516937,4443.74855744296,40485332190.0
3642.4749752,3642.471148984144,40485332190.0
7363.2459163,7363.244023506951,40485332190.0
1680.9473335,1680.9390423661687,40485332190.0
7029.7853098,7029.783327229133,40485332190.0
1623.2697404,1623.2611545731074,40485332190.0
2718.4339753,2718.428848396951,40485332190.0
5826.5738197,5826.571427703528,40485332190.0
4486.532771,4486.529664604403,40485332190.0
2691.0194775,2691.0142984844174,40485332190.0
2107.0537207,2107.047106218082,40485332190.0
2159.6381871,2159.6317336830875,40485332190.0
2972.7422475,2972.737559229875,40485332190.0
4298.1420059,4298.138763390662,40485332190.0
7496.6574304,7496.655571355764,40485332190.0
2814.50685,2814.501898096734,40485332190.0
5262.563501,5262.560852617708,40485332190.0
2039.979605,2039.9727730515813,40485332190.0
14885.290477,14885.289540917078,40485332190.0
4714.5137922,4714.510836042731,40485332190.0
2886.1389768,2886.1341478742183,40485332190.0
2284.7247928,2284.7186927321013,40485332190.0
4950.2830907,4950.280275241883,40485332190.0
4561.0147818,4561.011726067297,40485332190.0
557.46253049,557.4375291765843,40485332190.0
5019.1125788,5019.1098020422,40485332190.0
845.44430548,845.427820523517,40485332190.0
4028.6954541,4028.691994648525,40485332190.0
2385.3118513,2385.30600839503,40485332190.0
5310.917339,5310.914714812618,40485332190.0
2909.0833621,2909.0785712162274,40485332190.0
4424.791643,4424.788493299184,40485332190.0
2305.2886331,2305.2825873987736,40485332190.0
5965.7580032,5965.755666962849,40485332190.0
7216.4172496,7216.415318319041,40485332190.0
5915.5511982,5915.548842229632,40485332190.0
12092.656957,12092.655805412067,40485332190.0
4194.303524,4194.300201145161,40485332190.0
5407.523878,5407.521300700843,40485332190.0
3397.4553204,3397.4512181994423,40485332190.0
9334.5019185,9334.500425429862,40485332190.0
4359.3570224,4359.353825321652,40485332190.0
2474.0531337,2474.04750042193,40485332190.0
2020.1325885,2020.1256894594985,40485332190.0
4306.819592,4306.816355916819,40485332190.0
1791.5957242,1791.5879450675354,40485332190.0
2793.0535001,2793.0485102150765,40485332190.0
9051.7917477,9051.79020800339,40485332190.0
3695.2967875,3695.2930159584607,40485332190.0
550.64355767,550.6182467329525,40485332190.0
3003.0826048,3003.0779638902163,40485332190.0
1896.3076291,1896.3002795412053,40485332190.0
2588.6350028,2588.6296188870165,40485332190.0
5748.5092933,5748.506868805038,40485332190.0
1209.5810715,1209.569549337871,40485332190.0
2358.2986777,2358.2927679165073,40485332190.0
4949.5459736,4949.543157780016,40485332190.0
9645.8238971,9645.822452280629,40485332190.0
4878.1931207,4878.1902637551075,40485332190.0
1783.8566156,1783.8488026951115,40485332190.0
18959.510544,18959.50980922371,40485332190.0
3354.3336813,3354.3295263472696,40485332190.0
9328.4434796,9328.441985552587,40485332190.0
2851.0810253,2851.076137019699,40485332190.0
2778.6471955,2778.6421797870335,40485332190.0
2916.965367,2916.960589078662,40485332190.0
6148.6423445,6148.64007788734,40485332190.0
5412.8497517,5412.847176904471,40485332190.0
2736.0939499,2736.0888562134664,40485332190.0
2482.2985927,2482.292978132059,40485332190.0
4760.3421971,4760.339269402988,40485332190.0
2327.1467164,2327.1407274381822,40485332190.0
12245.139217,12245.13807930069,40485332190.0
11247.67879,11247.677550571325,40485332190.0
1043.1078768,1043.0945156867078,40485332190.0
4060.5991357,4060.595703410957,40485332190.0
3001.4329114,3001.42826794095,40485332190.0
1094.3257309,1094.3129952325382,40485332190.0
7737.6892296,7737.687428362709,40485332190.0
2751.6975371,2751.692472198119,40485332190.0
1597.0566843,1597.0479576459056,40485332190.0
7810.4452768,7810.44349239639,40485332190.0
7317.8644902,7317.862585635756,40485332190.0
2877.0060492,2877.0012049613774,40485332190.0
3539.7049937,3539.7010563492463,40485332190.0
3815.2080527,3815.2043997299666,40485332190.0
3295.4020839,3295.397854682278,40485332190.0
3218.4104608,3218.406130413043,40485332190.0
1533.3837669,1533.374677842732,40485332190.0
14343.927309,14343.92633726766,40485332190.0
2425.0258354,2425.020088257959,40485332190.0
1731.5132006,1731.5051515774564,40485332190.0
2186.320303,2186.313928341516,40485332190.0
9128.7781954,9128.776668702983,40485332190.0
2822.3017801,2822.2968419144377,40485332190.0
5178.6060774,5178.603386112262,40485332190.0
2854.6420866,2854.6372043028105,40485332190.0
3930.5272356,3930.523689722478,40485332190.0
6483.5098657,6483.5077161344725,40485332190.0
7733.898442,7733.896639940568,40485332190.0
6596.2845847,6596.2824719169175,40485332190.0
1396.5259341,1396.5159543223783,40485332190.0
2457.7565152,2457.7508445269223,40485332190.0
13941.212575,13941.2115745464,40485332190.0
18324.646265,18324.645503933232,40485332190.0
2952.1643055,2952.1595845103393,40485332190.0
1686.32373,1686.3154652593737,40485332190.0
4058.6639099,4058.660476038539,40485332190.0
6338.9542312,6338.95203261979,40485332190.0
4463.5245005,4463.521378029429,40485332190.0
5414.9297782,5414.927204420678,40485332190.0
9257.778796,9257.777290634582,40485332190.0
10138.234619,10138.233243856119,40485332190.0
10903.618977,10903.61769915197,40485332190.0
2762.5823037,2762.577258773214,40485332190.0
4350.7891688,4350.78596544815,40485332190.0
1997.2645016,1997.2575235137747,40485332190.0
2042.7622017,2042.7553791266334,40485332190.0
2259.9813914,2259.9752245699883,40485332190.0
19623.963194,19623.962484035717,40485332190.0
4726.5986242,4726.595675529216,40485332190.0
2440.9295082,2440.9237984739216,40485332190.0
3616.0156662,3616.0118120102275,40485332190.0
5157.9980751,5157.995373094421,40485332190.0
3055.3252167,3055.320655183448,40485332190.0
3786.4637375,3786.4600567597513,40485332190.0
1477.1202007,1477.1107653622662,40485332190.0
9697.375783,9697.374345770426,40485332190.0
3408.6557878,3408.651699064468,40485332190.0
8769.6622471,8769.66065785693,40485332190.0
3739.6357658,3739.6320389607527,40485332190.0
7205.8152693,7205.8133351922415,40485332190.0
1757.1452776,1757.137345950901,40485332190.0
1953.5748248,1953.5676907650416,40485332190.0
2438.5580115,2438.552296306582,40485332190.0
9346.2450714,9346.243580131324,40485332190.0
1493.4411297,1493.4317975830745,40485332190.0
3096.4249236,3096.4204226790603,40485332190.0
1627.7105219,1627.7019595099196,40485332190.0
2563.5452066,2563.539770016032,40485332190.0
3298.5355454,3298.5313202806783,40485332190.0
7032.4363793,7032.434397515823,40485332190.0
10244.04474,10244.043379396126,40485332190.0
9964.7326127,9964.731214028923,40485332190.0
2229.3443909,2229.33813923215,40485332190.0
5396.3921793,5396.3895966841865,40485332190.0
4027.2051673,4027.2017066782023,40485332190.0
1825.9784289,1825.9707963024812,40485332190.0
447.24432611,447.21316312174326,40485332190.0
5304.7018942,5304.699266897099,40485332190.0
13874.73039,13874.729386156741,40485332190.0
3557.2478304,3557.243912502153,40485332190.0
2652.2541515,2652.248896748254,40485332190.0
2301.0164936,2301.0104366342484,40485332190.0
4531.9947241,4531.991648882356,40485332190.0
3869.9671433,3869.96354195179,40485332190.0
6315.4776826,6315.475475769142,40485332190.0
11324.262061,11324.26082994052,40485332190.0
8361.764073,8361.762406248186,40485332190.0
2375.1765504,2375.1706827025055,40485332190.0
2908.7410058,2908.736214377709,40485332190.0
3443.5768158,3443.572768496311,40485332190.0
11689.144529,11689.14333610934,40485332190.0
2199.2992082,2199.2928712101516,40485332190.0
4425.526036,4425.522886716773,40485332190.0
4035.2809683,4035.277514545274,40485332190.0
3834.5650819,3834.561447336252,40485332190.0
3291.989403,3291.985169362051,40485332190.0
2789.0476471,2789.0426500295434,40485332190.0
6211.0020923,6210.999848436331,40485332190.0
9890.7089479,9890.707538843415,40485332190.0
6141.9575742,6141.955305002122,40485332190.0
1407.122277,1407.11237233136,40485332190.0
579.90191027,579.877876429371,40485332190.0
4259.1222753,4259.119003003228,40485332190.0
1849.3866674,1849.3791313857803,40485332190.0
7005.5440166,7005.542027103874,40485332190.0
3343.8521959,3343.8480280247413,40485332190.0
2480.426039,2480.4204201685297,40485332190.0
8217.3831888,8217.38149274434,40485332190.0
2586.0443257,2586.038936402737,40485332190.0
4753.3511737,4753.348241674513,40485332190.0
2465.1138361,2465.108182437119,40485332190.0
2838.6674046,2838.6624948850754,40485332190.0
8153.8342336,8153.832524385801,40485332190.0
2109.1699445,2109.1633366799433,40485332190.0
3962.8310331,3962.827516183055,40485332190.0
3493.1503817,3493.1463919212215,40485332190.0
3440.1376517,3440.133600368923,40485332190.0
3803.7488211,3803.7451570249173,40485332190.0
12694.692859,12694.69176147269,40485332190.0
2565.2937824,2565.2883494852204,40485332190.0
5357.0723912,5357.069789633616,40485332190.0
7676.1426958,7676.140880086195,40485332190.0
2192.7587279,2192.7523720305885,40485332190.0
5684.308115,5684.305663162834,40485332190.0
7965.6863888,7965.684639185385,40485332190.0
3425.8944221,3425.890353984129,40485332190.0
4879.0701715,4879.067314980803,40485332190.0
8272.7543409,8272.752656294238,40485332190.0
4101.5682623,4101.564864264623,40485332190.0
1669.169233,1669.1608834043973,40485332190.0
4438.3539382,4438.350798024502,40485332190.0
19021.374327,19021.373594495715,40485332190.0
5885.7403509,5885.737982942604,40485332190.0
5455.3425536,5455.339998940532,40485332190.0
6063.4405708,6063.4382722660075,40485332190.0
883.54825669,883.5324826732475,40485332190.0
4119.0777636,4119.074380084379,40485332190.0
4828.3757983,4828.372911853839,40485332190.0
8993.9514768,8993.949927236707,40485332190.0
5826.6773215,5826.674929617441,40485332190.0
7526.1364474,7526.134595587837,40485332190.0
2677.8154019,2677.8101972605955,40485332190.0
4572.0381456,4572.035097306957,40485332190.0
2955.5420955,2955.5373799117756,40485332190.0
4024.3031885,4024.299725273569,40485332190.0
2913.0880145,2913.0832302754984,40485332190.0
8225.9213414,8225.919647137216,40485332190.0
2860.0826602,2860.077787331203,40485332190.0
994.85527452,994.8412653639789,40485332190.0
2194.2395785,2194.2332268440437,40485332190.0
4796.2910514,4796.288145577628,40485332190.0
6411.565981,6411.563807271865,40485332190.0
4746.0690993,4746.06616278015,40485332190.0
918.25369114,918.2385133094206,40485332190.0
5734.3508376,5734.348407194907,40485332190.0
1074.8960828,1074.883116884261,40485332190.0
4690.9258842,4690.922913153858,40485332190.0
3625.4067125,3625.402868230184,40485332190.0
5089.3490877,5089.346349304385,40485332190.0
1369.5229629,1369.5127863490668,40485332190.0
1712.8455867,1712.837449939614,40485332190.0
7285.4173416,7285.415428620871,40485332190.0
11810.181964,11810.180783768259,40485332190.0
3638.0710847,3638.067253863309,40485332190.0
4069.075251,4069.071825959228,40485332190.0
2786.7559753,2786.750974173148,40485332190.0
3089.2052035,3089.2006919878977,40485332190.0
4441.9855157,4441.982378116203,40485332190.0
7616.1926138,7616.1907838528805,40485332190.0
2734.1976617,2734.192564433898,40485332190.0
6256.1174966,6256.115268876714,40485332190.0
2017.5453165,2017.5384085494245,40485332190.0
5318.7630806,5318.760460212736,40485332190.0
2919.4924872,2919.4877135077027,40485332190.0
6848.8513069,6848.849271942166,40485332190.0
5255.7158777,5255.713225897509,40485332190.0
2056.9643313,2056.9575557557337,40485332190.0
9605.6024562,9605.601005263461,40485332190.0
5929.5645184,5929.562167985385,40485332190.0
3991.5780213,3991.574529652288,40485332190.0
1994.949115,1994.9421288882393,40485332190.0
1587.7496099,1587.7408319650392,40485332190.0
6739.6908224,6739.68875447586,40485332190.0
29379.829322,29379.828847301447,40485332190.0
16551.786604,16551.785762313146,40485332190.0
1259.173089,1259.1620205205725,40485332190.0
2714.6738568,2714.668722896543,40485332190.0
7516.2916983,7516.289844065008,40485332190.0
6343.2983121,6343.296114920157,40485332190.0
1821.4682722,1821.4606206776748,40485332190.0
3127.8512327,3127.8467769862323,40485332190.0
3597.508468,3597.504593896436,40485332190.0
2551.6417065,2551.6362445004147,40485332190.0
3106.4512279,3106.446741384917,40485332190.0
1590.7251406,1590.7163791519217,40485332190.0
1609.5368726,1609.5282135165435,40485332190.0
2149.0054624,2148.9989770358106,40485332190.0
1454.1574427,1454.1478583816024,40485332190.0
6581.0044957,6581.002377998819,40485332190.0
3054.3908023,3054.38623937502,40485332190.0
13051.798277,13051.79720940302,40485332190.0
9271.7520559,9271.750552750755,40485332190.0
6247.9043858,6247.902155186047,40485332190.0
17547.120423,17547.119629025397,40485332190.0
2985.425991,2985.421322688023,40485332190.0
3621.2396521,3621.235803387197,40485332190.0
5718.8626194,5718.860182459345,40485332190.0
1138.5626083,1138.5503674573117,40485332190.0
2867.868629,2867.8637692885027,40485332190.0
1369.3802494,1369.3700717565023,40485332190.0
6385.5739947,6385.571812157151,40485332190.0
2458.2086711,2458.2030014447696,40485332190.0
4178.4952989,4178.491963499696,40485332190.0
644.38303768,644.3614089049149,40485332190.0
2996.6416042,2996.636953319442,40485332190.0
2671.3712658,2671.3660486700587,40485332190.0
5048.9823155,5048.979555199454,40485332190.0
4826.4600868,4826.457199118098,40485332190.0
23172.607612,23172.607011291893,40485332190.0
2422.3127805,2422.3070269561385,40485332190.0
9267.7417054,9267.74020153001,40485332190.0
2783.9509559,2783.945949686663,40485332190.0
2268.5478539,2268.5417103427912,40485332190.0
4016.321364,4016.3178939150935,40485332190.0
9223.6106738,9223.609162796312,40485332190.0
17820.577547,17820.576764488902,40485332190.0
6382.4747139,6382.4725302588895,40485332190.0
3081.0182649,3081.013741453086,40485332190.0
2255.2663744,2255.2601946051905,40485332190.0
2039.4487641,2039.4419303926163,40485332190.0
3955.4830603,3955.4795368909263,40485332190.0
5475.4881214,5475.485576017177,40485332190.0
806.46464133,806.4473595613937,40485332190.0
4778.6605108,4778.657594266189,40485332190.0
1062.0868167,1062.0736942925537,40485332190.0
5785.512246,5785.509836996502,40485332190.0
7521.330702,7521.328848996753,40485332190.0
2985.9635428,2985.9588753541993,40485332190.0
8230.6078873,8230.60619398084,40485332190.0
2401.1083622,2401.102557787086,40485332190.0
7679.8084159,7679.806601156563,40485332190.0
3688.3259743,3688.32219567776,40485332190.0
5751.7691759,5751.766752867398,40485332190.0
3089.0231968,3089.018685060334,40485332190.0
1550.3265473,1550.3175576100523,40485332190.0
6063.27224,6063.269941448729,40485332190.0
5418.597538,5418.594965887066,40485332190.0
1790.7403834,1790.7326006385326,40485332190.0
5113.7383824,5113.735656991442,40485332190.0
3786.9013044,3786.897624033663,40485332190.0
1212.3677904,1212.3562946552977,40485332190.0
4209.7520311,4209.748720528693,40485332190.0
2702.4282666,2702.4231094135,40485332190.0
4036.7414069,4036.7379543139,40485332190.0
2281.0129734,2281.006863358195,40485332190.0
1938.2947936,1938.2876032154759,40485332190.0
1043.8379382,1043.8245864591206,40485332190.0
7004.667102,7004.665112300972,40485332190.0
1574.0922083,1574.0833542784094,40485332190.0
8151.1391791,8151.137469239723,40485332190.0
4154.6796131,4154.676258614796,40485332190.0
14108.35616,14108.355172546168,40485332190.0
7200.4134387,7200.41150314318,40485332190.0
2396.1105929,2396.104776333692,40485332190.0
229.24030808,229.17950362846088,40485332190.0
618.16870871,618.1461627004041,40485332190.0
2819.8761594,2819.8712170384406,40485332190.0
6307.1319583,6307.129748634695,40485332190.0
2952.8871065,2952.88238674372,40485332190.0
3196.7317388,3196.7273791037387,40485332190.0
3808.8484539,3808.844794781656,40485332190.0
6470.3870371,6470.3848831697815,40485332190.0
1702.3674057,1702.3592188335376,40485332190.0
154.82553612,154.73549259092462,40485332190.0
3114.634418,3114.6299433247073,40485332190.0
3597.2133106,3597.2094361336185,40485332190.0
3104.0610003,3104.056510434186,40485332190.0
1486.0767095,1486.0673310897096,40485332190.0
3926.7585797,3926.75503052612,40485332190.0
1743.4275193,1743.4195252947766,40485332190.0
1649.1511173,1649.142666219124,40485332190.0
2727.3757197,2727.3706096624765,40485332190.0
7632.727486,7632.725660018684,40485332190.0
5578.0365882,5578.034089705584,40485332190.0
7513.6715741,7513.669719219349,40485332190.0
1548.3024096,1548.293408164091,40485332190.0
1635.2492592,1635.2407362816475,40485332190.0
3304.4966183,3304.492400797042,40485332190.0
3753.0752156,3753.0715020337975,40485332190.0
10814.995062,10814.993773239781,40485332190.0
7545.8317449,7545.829897921883,40485332190.0
4028.8949607,4028.8915014756763,40485332190.0
1720.9694768,1720.9613784210858,40485332190.0
1619.7076514,1619.6990467103785,40485332190.0
12430.06351,12430.06238884096,40485332190.0
1468.6397382,1468.6302484732648,40485332190.0
6668.4357019,6668.433611908432,40485332190.0
3415.3171492,3415.3130683960135,40485332190.0
2722.8024547,2722.7973361034806,40485332190.0
1917.2509941,1917.2437248849567,40485332190.0
3492.9951803,3492.9911903170114,40485332190.0
2277.9606345,2277.954516269482,40485332190.0
7710.2298441,7710.2280365589795,40485332190.0
4482.316316,4482.313206686169,40485332190.0
3510.3644411,3510.36047084454,40485332190.0
4492.9093978,4492.906295831072,40485332190.0
3961.5686324,3961.5651143434548,40485332190.0
8618.5610692,8618.559452147352,40485332190.0
3860.1422107,3860.138600215269,40485332190.0
3786.3875828,3786.38390198448,40485332190.0
2584.5609631,2584.5555706857635,40485332190.0
8133.4790884,8133.4773748228545,40485332190.0
4624.3385039,4624.335490042436,40485332190.0
4633.3540577,4633.351049701542,40485332190.0
15362.725846,15362.724939005953,40485332190.0
705.15558295,705.1358182610871,40485332190.0
3096.0800056,3096.075504107808,40485332190.0
2082.6369609,2082.6302689793447,40485332190.0
3663.7534091,3663.749605006496,40485332190.0
5369.1997419,5369.197146159215,40485332190.0
1053.2705816,1053.257349389076,40485332190.0
3974.991921,3974.9884148291735,40485332190.0
2565.1132026,2565.1077693298903,40485332190.0
1249.2536064,1249.2424501053245,40485332190.0
670.21536954,670.1945744325612,40485332190.0
4019.0966002,4019.093132508002,40485332190.0
3066.9722222,3066.967678001178,40485332190.0
1503.3555356,1503.3462649718565,40485332190.0
11186.5893,11186.588054473203,40485332190.0
1907.9338557,1907.9265509256136,40485332190.0
9053.7412826,9053.739743283024,40485332190.0
4379.7820077,4379.778825607686,40485332190.0
3245.7710871,3245.766793210646,40485332190.0
3914.6670702,3914.6635100794315,40485332190.0
4807.6813265,4807.678427690842,40485332190.0
6259.1106592,6259.108432457529,40485332190.0
944.7506573,944.7359051593255,40485332190.0
10316.249719,10316.248367153865,40485332190.0
2952.9238872,2952.9191674569797,40485332190.0
1043.7922584,1043.7789061330172,40485332190.0
3378.827631,3378.8235061565956,40485332190.0
16978.724612,16978.723791009386,40485332190.0
2143.413248,2143.4067457382166,40485332190.0
2386.8326799,2386.8268407808746,40485332190.0
1925.3346553,1925.3274165913483,40485332190.0
4999.0598071,4999.057019153121,40485332190.0
1048.0818989,1048.0686011807115,40485332190.0
2723.4838045,2723.478687141723,40485332190.0
2409.9441658,2409.938382638908,40485332190.0
379.14859134,379.11183092837484,40485332190.0
4225.0217069,4225.0184082107135,40485332190.0
573.10290636,573.0785873795401,40485332190.0
7366.2425275,7366.240635519325,40485332190.0
3295.6532408,3295.6490118712127,40485332190.0
8715.6138101,8715.612210975476,40485332190.0
3179.2454025,3179.241018663784,40485332190.0
4059.7460287,4059.7425956834163,40485332190.0
4888.9220372,4888.919186420097,40485332190.0
3560.9150217,3560.911107861433,40485332190.0
1495.8262134,1495.816896030241,40485332190.0
1814.8181754,1814.8104958298777,40485332190.0
5904.0581431,5904.055782560597,40485332190.0
6448.7643584,6448.762197273876,40485332190.0
4978.8425181,4978.839718844208,40485332190.0
5827.6087431,5827.60635160813,40485332190.0
1666.9304599,1666.9220989472487,40485332190.0
4074.7314343,4074.72801397296,40485332190.0
3425.4653011,3425.4612324423133,40485332190.0
7668.0654928,7668.063675230426,40485332190.0
6183.2495986,6183.247344599371,40485332190.0
938.82416943,938.8093241658743,40485332190.0
3764.3834184,3764.3797161394414,40485332190.0
1890.9032331,1890.8958625696068,40485332190.0
996.35906943,996.3450814129385,40485332190.0
8935.4525184,8935.450958700558,40485332190.0
3514.5056238,3514.501658193421,40485332190.0
3508.8637534,3508.859781461701,40485332190.0
7123.2547353,7123.25277875647,40485332190.0
5500.2184349,5500.2159010167825,40485332190.0
4738.484887,4738.481945830415,40485332190.0
2133.5639117,2133.557379462961,40485332190.0
1555.7923356,1555.78337749292,40485332190.0
1691.8965369,1691.8882993691889,40485332190.0
5084.7872229,5084.7844819247675,40485332190.0
4100.2196384,4100.216239254982,40485332190.0
6166.69968,6166.697419880088,40485332190.0
4323.6642717,4323.661048258398,40485332190.0
3184.2647011,3184.2603242625923,40485332190.0
1772.9273072,1772.919446207129,40485332190.0
4524.276149,4524.2730685215765,40485332190.0
6166.6922702,6166.690010169276,40485332190.0
2795.4773918,2795.472406224743,40485332190.0
1747.8354828,1747.8275089568701,40485332190.0
2357.0861845,2357.0802717355164,40485332190.0
1245.3361979,1245.3250065470402,40485332190.0
1622.0497026,1622.0411104135392,40485332190.0
4796.1358452,4796.132939317904,40485332190.0
6592.5661549,6592.5640408499585,40485332190.0
9087.490911,9087.489377396538,40485332190.0
1251.240108,1251.2289693765401,40485332190.0
4195.7899939,4195.786672248974,40485332190.0
17151.832461,17151.83164928587,40485332190.0
1584.3818884,1584.373091870537,40485332190.0
3131.052686,3131.048234757318,40485332190.0
8490.4076614,8490.406019884133,40485332190.0
536.09781245,536.0718147346205,40485332190.0
3072.1998635,3072.195327060829,40485332190.0
4807.2304998,4807.227600651273,40485332190.0
3936.0512271,3936.047686215922,40485332190.0
11695.795058,11695.793866730168,40485332190.0
1258.9854027,1258.9743326579405,40485332190.0
7123.4186012,7123.416644656304,40485332190.0
13006.506958,13006.505886121973,40485332190.0
1680.679841,1680.671548575267,40485332190.0
2911.0376849,2911.032897270985,40485332190.0
8619.277779,8619.27616206919,40485332190.0
4076.2794461,4076.2760270530807,40485332190.0
856.11406093,856.0977814197844,40485332190.0
6481.187829,6481.185678684428,40485332190.0
5991.331013,5991.328686735709,40485332190.0
2103.7443944,2103.7377695630603,40485332190.0
4105.0877097,4105.084314700966,40485332190.0
849.8693583,849.852959175738,40485332190.0
4567.4320307,4567.428979374413,40485332190.0
12424.333897,12424.332774947958,40485332190.0
2014.7262247,2014.7193071868903,40485332190.0
6923.593162,6923.591148994519,40485332190.0
5879.0424057,5879.040035092745,40485332190.0
4495.5550443,4495.551944140564,40485332190.0
8745.7811773,8745.779583691605,40485332190.0
6240.2977414,6240.2955079860285,40485332190.0
3530.7404058,3530.736458528893,40485332190.0
7393.2804324,7393.278547264694,40485332190.0
343.38062001,343.3400300494607,40485332190.0
1920.7700947,1920.762838771682,40485332190.0
6798.198662,6798.196611891555,40485332190.0
1480.0454085,1480.0359918129152,40485332190.0
4770.0222139,4770.01929215882,40485332190.0
10167.164652,10167.163282090116,40485332190.0
3036.1500589,3036.145468584026,40485332190.0
1977.1432339,1977.1361847838932,40485332190.0
7037.9202708,7037.9182906039005,40485332190.0
522.69363378,522.6669693322991,40485332190.0
3084.3449308,3084.3404121879416,40485332190.0
2784.3874386,2784.3824332145946,40485332190.0
13917.256651,13917.255649573435,40485332190.0
3533.8062752,3533.802331353657,40485332190.0
5778.8245086,5778.822096943805,40485332190.0
2014.034165,2014.0272451071826,40485332190.0
3962.5896063,3962.5860892035516,40485332190.0
3012.8949884,3012.8903626204374,40485332190.0
4014.7066532,4014.7031816830786,40485332190.0
896.2869359,896.2713860699938,40485332190.0
14039.999608,14039.998615063414,40485332190.0
13714.926848,13714.925832285082,40485332190.0
7357.3094107,7357.307516411346,40485332190.0
1855.0671522,1855.0596392521302,40485332190.0
7461.7775849,7461.775717103512,40485332190.0
7344.6776444,7344.675746855327,40485332190.0
4107.8938461,4107.890453297958,40485332190.0
2703.8486804,2703.843525918554,40485332190.0
3219.5778234,3219.5734945954246,40485332190.0
4454.477826,4454.474697270132,40485332190.0
730.61555258,730.5964766640797,40485332190.0
5317.8554957,5317.852874924212,40485332190.0
1133.0114735,1132.999172656481,40485332190.0
4346.6233128,4346.620106402134,40485332190.0
1453.6486575,1453.639069866041,40485332190.0
3482.0294993,3482.0254967218957,40485332190.0
3708.971099,3708.967341349049,40485332190.0
864.0692624,864.053132776431,40485332190.0
3443.8729355,3443.868888563714,40485332190.0
3260.0796952,3260.075420148001,40485332190.0
9726.4229099,9726.421476991118,40485332190.0
1757.5480496,1757.5401198183645,40485332190.0
1402.2974638,1402.2875251550415,40485332190.0
4182.7768013,4182.7734693241055,40485332190.0
5697.7134106,5697.710964504072,40485332190.0
967.41066214,967.3962555571026,40485332190.0
2952.3390633,2952.334342626487,40485332190.0
2431.9784107,2431.9726799657587,40485332190.0
1736.5813486,1736.5733230652347,40485332190.0
8877.4085369,8877.406967000874,40485332190.0
1805.007117,1804.9993956646213,40485332190.0
2572.8200903,2572.814673266434,40485332190.0
137.08306631,136.98136042348727,40485332190.0
2884.2677899,2884.2629578736605,40485332190.0
2321.3699932,2321.3639894365165,40485332190.0
8444.5415717,8444.539921318179,40485332190.0
944.2304361,944.2156758328025,40485332190.0
1747.0925675,1747.0845901565774,40485332190.0
4751.6627679,4751.6598347718955,40485332190.0
5479.086241,5479.083697393409,40485332190.0
3543.729114,3543.7251811889914,40485332190.0
1599.3727024,1599.3639883631308,40485332190.0
4005.6380341,4005.634554732705,40485332190.0
3040.6526889,3040.6481053174457,40485332190.0
1991.654751,1991.6477532443137,40485332190.0
1681.7613897,1681.7531025261294,40485332190.0
6343.5328442,6343.530647176566,40485332190.0
3746.4084621,3746.4047420470947,40485332190.0
3203.3031831,3203.2988323449104,40485332190.0
2932.4368615,2932.4321087442745,40485332190.0
13194.123816,13194.122759821177,40485332190.0
12901.274374,12901.273293768421,40485332190.0
4086.0970666,4086.0936557249597,40485332190.0
510.35684093,510.32953188498226,40485332190.0
2913.7721452,2913.7673619812235,40485332190.0
14794.572891,14794.571948758216,40485332190.0
430.12893512,430.09653203209996,40485332190.0
2639.1862584,2639.1809776108253,40485332190.0
2442.9698816,2442.9641766669606,40485332190.0
4033.1152153,4033.1117596264767,40485332190.0
2315.7777808,2315.7717625079085,40485332190.0
9614.722302,9614.720852439024,40485332190.0
10468.309926,10468.308594701608,40485332190.0
4436.0305914,4436.027449677439,40485332190.0
2599.1796858,2599.1743237060496,40485332190.0
6763.5103831,6763.508322512241,40485332190.0
1453.3267543,1453.317164483558,40485332190.0
3404.8233376,3404.8192442120985,40485332190.0
5653.153682,5653.15121669988,40485332190.0
2422.0311268,2422.025372523667,40485332190.0
7485.7863248,7485.784462986506,40485332190.0
10910.770841,10910.769563458212,40485332190.0
2459.8857157,2459.8800499220806,40485332190.0
3138.9686508,3138.96421077957,40485332190.0
7320.0911466,7320.089242627919,40485332190.0
5546.2602492,5546.257736297297,40485332190.0
3196.8810768,3196.8767172747944,40485332190.0
2553.7866383,2553.7811809350465,40485332190.0
674.4894672,674.468803875229,40485332190.0
4332.6613119,4332.658095133321,40485332190.0
13784.257959,13784.256948154487,40485332190.0
5113.1595571,5113.156831356314,40485332190.0
6680.2207295,6680.218643180582,40485332190.0
4102.9552367,4102.951839879783,40485332190.0
1772.615277,1772.6074146136316,40485332190.0
575.75238056,575.728173494892,40485332190.0
8079.1532841,8079.151559054929,40485332190.0
23642.885313,23642.884723728712,40485332190.0
3236.8565076,3236.8522018946355,40485332190.0
2858.2607244,2858.2558483728712,40485332190.0
2289.5754508,2289.569363672067,40485332190.0
2705.3078648,2705.302713085473,40485332190.0
3674.0539259,3674.0501324895995,40485332190.0
4252.0599827,4252.056705029703,40485332190.0
7414.1976798,7414.195800023292,40485332190.0
6212.0850032,6212.082759705669,40485332190.0
6260.3565317,6260.354305527566,40485332190.0
4259.1355092,4259.132237001538,40485332190.0
10105.430909,10105.429529783472,40485332190.0
1289.2558487,1289.2450385298187,40485332190.0
2169.3946813,2169.3882569687457,40485332190.0
4908.1519704,4908.149130829701,40485332190.0
7052.2500687,7052.248092386261,40485332190.0
2018.2842977,2018.2773922531355,40485332190.0
4349.4871894,4349.483985141238,40485332190.0
5186.6408995,5186.638212389613,40485332190.0
18167.652713,18167.65194603704,40485332190.0
7472.7389568,7472.737091791072,40485332190.0
12056.370305,12056.369149474851,40485332190.0
5145.9900543,5145.98734591631,40485332190.0
2412.9632289,2412.9574529593415,40485332190.0
10458.833365,10458.832032233782,40485332190.0
3456.3018951,3456.2978627620023,40485332190.0
2009.6049584,2009.598023212062,40485332190.0
2564.4567405,2564.451305843778,40485332190.0
7335.1280447,7335.126144683923,40485332190.0
2813.6993476,2813.694394329191,40485332190.0
5196.4447352,5196.442053137409,40485332190.0
5489.4419144,5489.439375539966,40485332190.0
2417.8345702,2417.8288059020683,40485332190.0
7162.5382904,7162.536344668792,40485332190.0
7796.8204616,7796.818674164481,40485332190.0
1794.4968738,1794.4891072280468,40485332190.0
8961.5061608,8961.50460555592,40485332190.0
5518.0595189,5518.056993237247,40485332190.0
3714.8968916,3714.893139979575,40485332190.0
3954.0000058,3953.9964810613997,40485332190.0
6344.7594148,6344.757218130378,40485332190.0
3401.5539786,3401.5498813827685,40485332190.0
6757.1977174,6757.195654907377,40485332190.0
4201.2424317,4201.239114362824,40485332190.0
3534.7274646,3534.7235217436555,40485332190.0
4930.7950911,4930.79226450105,40485332190.0
4157.0636928,4157.060340285677,40485332190.0
2964.8674607,2964.862759998785,40485332190.0
7116.9633907,7116.961432429526,40485332190.0
12859.418545,12859.417461530022,40485332190.0
9909.47128,9909.46987360847,40485332190.0
11643.60393,11643.602733519208,40485332190.0
1437.4820503,1437.4723548737938,40485332190.0
3882.5071414,3882.5035517459373,40485332190.0
2078.5544661,2078.5477609470277,40485332190.0
4567.6227742,4567.619722930053,40485332190.0
6473.048922,6473.046768936735,40485332190.0
1317.9578221,1317.947247459066,40485332190.0
7998.4015182,7998.399775798548,40485332190.0
1670.6792752,1670.6709330833637,40485332190.0
7279.2318068,7279.229892185452,40485332190.0
10027.222337,10027.220947144471,40485332190.0
6924.2293872,6924.227374456597,40485332190.0
7216.6372318,7216.635300575728,40485332190.0
2122.1632016,2122.156634228022,40485332190.0
2689.2856877,2689.2805052554204,40485332190.0
2199.0324223,2199.026084494328,40485332190.0
6712.6502547,6712.6481784787165,40485332190.0
8690.9814543,8690.979850662032,40485332190.0
3006.434381,3006.429745265063,40485332190.0
2665.7455426,2665.740314422069,40485332190.0
1704.1291589,1704.1209805747956,40485332190.0
2293.7471072,2293.741031135617,40485332190.0
12199.880867,12199.879724628248,40485332190.0
5046.7208925,5046.718130920621,40485332190.0
5231.9565127,5231.953848845817,40485332190.0
8123.7726024,8123.770886827691,40485332190.0
14488.469298,14488.468336049442,40485332190.0
1572.2865858,1572.277721556179,40485332190.0
3585.3581006,3585.3542134101776,40485332190.0
567.10819171,567.0836156481477,40485332190.0
6521.8329798,6521.83084289603,40485332190.0
5825.6567928,5825.654400447709,40485332190.0
9950.1173319,9950.115931151622,40485332190.0
4203.0101902,4203.00687425144,40485332190.0
2174.7234222,2174.7170135894007,40485332190.0
1323.4787473,1323.4682167024448,40485332190.0
2451.6659507,2451.66026595547,40485332190.0
1767.6584138,1767.6505292775796,40485332190.0
1641.2656563,1641.257164629535,40485332190.0
2472.7388297,2472.733193446241,40485332190.0
2432.206883,2432.2011528549706,40485332190.0
6561.7457894,6561.743665411347,40485332190.0
3135.1100568,3135.1056112814294,40485332190.0
5104.2293064,5104.226575936453,40485332190.0
4384.2099787,4384.206799879473,40485332190.0
416.89523997,416.86180820725195,40485332190.0
3058.8777118,3058.8731555343206,40485332190.0
19253.159992,19253.159268386633,40485332190.0
3248.8148659,3248.8105760364256,40485332190.0
4355.1862625,4355.183062413178,40485332190.0
4178.9428161,4178.93948106325,40485332190.0
2444.166192,2444.1604898003343,40485332190.0
2027.8696437,2027.8627709106534,40485332190.0
2101.7994019,2101.7927710034187,40485332190.0
3216.3610312,3216.3566980540477,40485332190.0
6812.2079341,6812.205888254789,40485332190.0
1481.5484142,1481.5390072037524,40485332190.0
4113.9664746,4113.963086891654,40485332190.0
2770.2201257,2770.215094705865,40485332190.0
9071.7788128,9071.777276481396,40485332190.0
3741.3811589,3741.377433816944,40485332190.0
5308.5006951,5308.498069710292,40485332190.0
1462.6615043,1462.6519757106325,40485332190.0
2367.6160412,2367.61015473978,40485332190.0
2286.1958579,2286.1897617013847,40485332190.0
2326.6881237,2326.6821336751177,40485332190.0
7058.6957124,7058.693737964768,40485332190.0
3292.1670092,3292.162775781668,40485332190.0
6989.622229,6989.620234961861,40485332190.0
7037.7151237,7037.713143395234,40485332190.0
2091.6221449,2091.6154816994363,40485332190.0
3884.781184,3884.7775964167267,40485332190.0
4152.873963,4152.870606963927,40485332190.0
4956.2340927,4956.231280744547,40485332190.0
3766.8435179,3766.8398179350825,40485332190.0
5430.403353,5430.40078646742,40485332190.0
1739.045443,1739.0374287935192,40485332190.0
1225.5811566,1225.569784724765,40485332190.0
2900.579845,2900.5750401760056,40485332190.0
3880.9679907,3880.964399601298,40485332190.0
1113.804371,1113.7918579444934,40485332190.0
3149.0462302,3149.041804460316,40485332190.0
4248.2478615,4248.244580849891,40485332190.0
2506.003591,2505.998029509848,40485332190.0
2747.9618123,2747.9567405585167,40485332190.0
9528.230876,9528.22941322916,40485332190.0
11073.516474,11073.515215426089,40485332190.0
376.35977398,376.32274114443953,40485332190.0
1841.936648,1841.9290815235047,40485332190.0
11677.358443,11677.357250291025,40485332190.0
5201.4572036,5201.454524101874,40485332190.0
2213.2545605,2213.248263408581,40485332190.0
10912.472069,10912.470792114857,40485332190.0
4087.7808774,4087.777467936933,40485332190.0
4774.2590523,4774.256133105667,40485332190.0
2963.8950982,2963.890395952855,40485332190.0
5968.0248147,5968.022479394657,40485332190.0
6580.6085441,6580.606426246326,40485332190.0
2111.2083338,2111.2017323545924,40485332190.0
2754.1450525,2754.1399921634734,40485332190.0
1046.0384669,1046.0251431521876,40485332190.0
2879.5838789,2879.5790389231483,40485332190.0
11351.376899,11351.375670438933,40485332190.0
4631.6297805,4631.626771389935,40485332190.0
10158.8054,10158.804028636305,40485332190.0
9617.4104049,9617.408955719362,40485332190.0
8843.0234401,8843.021864008828,40485332190.0
3349.72981,3349.7256493040004,40485332190.0
2438.4697183,2438.4640028184717,40485332190.0
1599.4709277,1599.4622141682178,40485332190.0
4029.8078179,4029.8043594709843,40485332190.0
4049.1233615,4049.119919514122,40485332190.0
1969.2922175,1969.285140298583,40485332190.0
3341.6133757,3341.609204956538,40485332190.0
3528.7519824,3528.7480327942662,40485332190.0
974.74274646,974.7284482406941,40485332190.0
5975.734316,5975.731983765018,40485332190.0
736.62290913,736.6039887803541,40485332190.0
13850.790028,13850.789021626675,40485332190.0
4291.8574202,4291.854172834171,40485332190.0
2894.3497112,2894.3448959685306,40485332190.0
739.54197871,739.5231330439555,40485332190.0
3251.837109,3251.832823111315,40485332190.0
6854.1558013,6854.153767916029,40485332190.0
5914.9485519,5914.946195648063,40485332190.0
1068.1529197,1068.139871868098,40485332190.0
2767.3187071,2767.3136708099873,40485332190.0
4700.5100042,4700.5070392027465,40485332190.0
1865.0752005,1865.0677278351848,40485332190.0
4763.329523,4763.326597098826,40485332190.0
1971.2980344,1971.2909643945763,40485332190.0
2580.6680506,2580.6626500308817,40485332190.0
2011.7814519,2011.7745242403207,40485332190.0
2142.7662245,2142.7597202941133,40485332190.0
6370.8184515,6370.816263842134,40485332190.0
7624.6762429,7624.674414950914,40485332190.0
4370.3648737,4370.361684752148,40485332190.0
3254.2803002,3254.276017501348,40485332190.0
7661.240412,7661.238592849019,40485332190.0
5135.3303435,5135.327629604621,40485332190.0
3753.3473227,3753.343609474331,40485332190.0
3004.2392829,3004.2346437679184,40485332190.0
3231.8532782,3231.848965830233,40485332190.0
2727.8404991,2727.835389862163,40485332190.0
4136.4334559,4136.430086653385,40485332190.0
2316.107833,2316.101815528989,40485332190.0
4810.5336442,4810.53074693785,40485332190.0
2830.5146441,2830.5097203477403,40485332190.0
2418.1199403,2418.114176730778,40485332190.0
1013.9048287,1013.8910828212549,40485332190.0
5705.4190611,5705.416618354437,40485332190.0
2850.1749984,2850.170108527864,40485332190.0
1405.6012912,1405.5913758432637,40485332190.0
2123.080719,2123.0741544848197,40485332190.0
7925.7446194,7925.742860981533,40485332190.0
2528.2336785,2528.228165944423,40485332190.0
2336.8813306,2336.8753666889625,40485332190.0
6460.8291693,6460.827012166271,40485332190.0
5717.1550393,5717.152601478346,40485332190.0
1177.6796421,1177.667807705345,40485332190.0
5899.6016502,5899.59928784653,40485332190.0
3345.7272582,3345.723092578233,40485332190.0
2341.936957,2341.931005858411,40485332190.0
530.59654075,530.5702734757303,40485332190.0
3392.1175189,3392.113410226288,40485332190.0
1986.8701583,1986.8631437629128,40485332190.0
7209.4938518,7209.491918682863,40485332190.0
14145.808488,14145.807503030148,40485332190.0
2671.2116296,2671.2064120777964,40485332190.0
1348.0762811,1348.0659426633333,40485332190.0
1992.0857868,1992.078790643947,40485332190.0
2998.0682735,2998.063624870462,40485332190.0
4081.1723635,4081.168948515122,40485332190.0
11303.620356,11303.619123061888,40485332190.0
1435.5848851,1435.575176850319,40485332190.0
635.53855718,635.5166273965465,40485332190.0
14434.143255,14434.14228987765,40485332190.0
1830.839562,1830.8319496535985,40485332190.0
3005.0634021,3005.058764225318,40485332190.0
2806.7918438,2806.7868782899077,40485332190.0
3420.1755585,3420.171483577959,40485332190.0
5825.7126919,5825.710299575629,40485332190.0
3785.330619,3785.3269370861312,40485332190.0
2225.4798764,2225.4736139852607,40485332190.0
5136.8701802,5136.8674670714045,40485332190.0
2899.4851471,2899.480340451478,40485332190.0
5037.3821798,5037.379413090207,40485332190.0
2533.6597608,2533.6542600682737,40485332190.0
1403.1749697,1403.1650371725182,40485332190.0
14960.751221,14960.75028910602,40485332190.0
2763.2833334,2763.2782898231285,40485332190.0
10009.866352,10009.86496027679,40485332190.0
14603.392583,14603.391628759333,40485332190.0
6120.6313941,6120.629117056991,40485332190.0
10702.897338,10702.896035290018,40485332190.0
2236.3113327,2236.3051005709367,40485332190.0
1990.5627415,1990.5557399842733,40485332190.0
4533.5023936,4533.499319345639,40485332190.0
6036.7536532,6036.751344522083,40485332190.0
4020.5644006,4020.560934153731,40485332190.0
1901.4747065,1901.4673769016133,40485332190.0
3418.7291007,3418.725023968394,40485332190.0
4570.3634818,4570.360432307622,40485332190.0
2541.9261738,2541.920690985624,40485332190.0
6039.7813634,6039.779055875268,40485332190.0
2544.827847,2544.8223703783633,40485332190.0
3439.556843,3439.5527910031983,40485332190.0
5287.4064581,5287.40382225523,40485332190.0
1460.5626338,1460.5530916021376,40485332190.0
3414.107523,3414.103440766128,40485332190.0
5951.2573443,5951.255002471892,40485332190.0
4223.1245057,4223.121205542578,40485332190.0
6899.7193559,6899.717335895029,40485332190.0
2146.1240521,2146.117558040455,40485332190.0
2601.2454854,2601.240127608011,40485332190.0
2302.6530462,2302.6469936818517,40485332190.0
5128.9750938,5128.972376492783,40485332190.0
2690.9653419,2690.960162744372,40485332190.0
5528.6142703,5528.611749438062,40485332190.0
1551.2124258,1551.2034412451621,40485332190.0
5668.0261335,5668.023674699115,40485332190.0
5452.1650047,5452.162448492498,40485332190.0
12470.351279,12470.35016139778,40485332190.0
1840.3137669,1840.3061937010314,40485332190.0
12230.985487,12230.984347660456,40485332190.0
1566.9397875,1566.9308930744096,40485332190.0
5120.388468,5120.385746209855,40485332190.0
6297.7856831,6297.783470087123,40485332190.0
4641.8121397,4641.809137174177,40485332190.0
18470.065205,18470.064450947993,40485332190.0
5822.8195599,5822.817166425025,40485332190.0
3911.6231924,3911.61962943197,40485332190.0
4877.3766596,4877.373802128942,40485332190.0
2199.7240453,2199.7177095866086,40485332190.0
30368.333385,30368.332925873267,40485332190.0
4953.9244107,4953.921597335492,40485332190.0
8258.062322,8258.060634263658,40485332190.0
1982.804751,1982.7977220878367,40485332190.0
4925.7537794,4925.750950063407,40485332190.0
13930.942463,13930.941462274248,40485332190.0
2759.6845841,2759.6795338881775,40485332190.0
2863.2071367,2863.202269130123,40485332190.0
4977.8272968,4977.8244970460955,40485332190.0
1698.9770613,1698.9688581724715,40485332190.0
3469.824576,3469.8205594136634,40485332190.0
717.74515427,717.7257362804022,40485332190.0
788.85526793,788.837600381431,40485332190.0
6089.3545088,6089.352220019405,40485332190.0
14063.071518,14063.070527426564,40485332190.0
1523.2156652,1523.2065153787114,40485332190.0
13274.879882,13274.878831936338,40485332190.0
6471.217926,6471.215772378192,40485332190.0
493.35987665,493.33162672489925,40485332190.0
4466.0417354,4466.038614792445,40485332190.0
2541.8396276,2541.8341445642595,40485332190.0
12518.210725,12518.209612163022,40485332190.0
8048.9480417,8048.946310176349,40485332190.0
1949.3789408,1949.3717912747115,40485332190.0
13387.659146,13387.658104811311,40485332190.0
1706.5275837,1706.5194167223697,40485332190.0
1717.4628868,1717.4547718629335,40485332190.0
1438.2445992,1438.234908961008,40485332190.0
901.91390855,901.8984557345852,40485332190.0
1848.6410316,1848.633492545471,40485332190.0
12132.892459,12132.891309903282,40485332190.0
5338.4467032,5338.444092491281,40485332190.0
2602.9942959,2602.9889416589212,40485332190.0
5007.166874,5007.164090570627,40485332190.0
3355.5350404,3355.530886911272,40485332190.0
2650.9406772,2650.9354198438546,40485332190.0
7384.9760864,7384.974199185607,40485332190.0
1938.1225898,1938.1153987437342,40485332190.0
6209.6155774,6209.613332982984,40485332190.0
2330.5950997,2330.5891196461375,40485332190.0
1120.3422886,1120.3298485807939,40485332190.0
2339.7917776,2339.7858210877,40485332190.0
3683.5045602,3683.5007766462227,40485332190.0
7822.2735051,7822.2717234223555,40485332190.0
4606.9662439,4606.9632186964545,40485332190.0
3636.2858193,3636.281986545383,40485332190.0
2562.4837523,2562.4783134889703,40485332190.0
3570.9993285,3570.9954256608307,40485332190.0
4359.7105988,4359.707401963338,40485332190.0
601.20555314,601.1823709692438,40485332190.0
2096.5539772,2096.5473296258974,40485332190.0
3151.6506125,3151.6461903405593,40485332190.0
12496.899305,12496.898189503816,40485332190.0
5821.5916282,5821.589234204543,40485332190.0
1094.3024694,1094.289733399766,40485332190.0
2903.3692536,2903.364453306358,40485332190.0
9109.2408742,9109.23934428035,40485332190.0
6948.0267579,6948.024752024522,40485332190.0
3431.1622293,3431.1581674235404,40485332190.0
1992.1416597,1992.1346637228269,40485332190.0
10160.842372,10160.840999938386,40485332190.0
192.28141703,192.20892115263462,40485332190.0
15332.133303,15332.132393898555,40485332190.0
2325.8889072,2325.88291503867,40485332190.0
2620.2829659,2620.2776470253866,40485332190.0
972.82467439,972.8103479820672,40485332190.0
1879.6687906,1879.6613759933464,40485332190.0
5018.8326868,5018.829909928845,40485332190.0
3118.4553004,3118.450831149496,40485332190.0
312.57666035,312.5320697540976,40485332190.0
7895.4906349,7895.488869757724,40485332190.0
3475.4534195,3475.4494094108263,40485332190.0
4599.738739,4599.735709115566,40485332190.0
5357.3095766,5357.306975040915,40485332190.0
4774.5651689,4774.562249873975,40485332190.0
4486.4344147,4486.431308228865,40485332190.0
2340.3419136,2340.3359584931272,40485332190.0
4169.2639819,4169.260639104741,40485332190.0
11568.719325,11568.718120480211,40485332190.0
5572.535569,5572.533068036952,40485332190.0
1456.5714772,1456.5619088305314,40485332190.0
2287.8288479,2287.822756072777,40485332190.0
3026.3217971,3026.3171918395774,40485332190.0
2151.9796893,2151.9732129886465,40485332190.0
4434.3278059,4434.324662911192,40485332190.0
7191.9112097,7191.909271846224,40485332190.0
1426.3053584,1426.295586920693,40485332190.0
3240.6780119,3240.673711285714,40485332190.0
5613.1976316,5613.195148643377,40485332190.0
7352.5854844,7352.5835888737565,40485332190.0
7752.0389709,7752.037173043781,40485332190.0
13456.862773,13456.861737496514,40485332190.0
2187.3767633,2187.370391694944,40485332190.0
10984.564475,10984.563206056037,40485332190.0
6937.8602896,6937.8582807165,40485332190.0
9142.2316904,9142.230165883388,40485332190.0
18083.711736,18083.710964845628,40485332190.0
4277.8727624,4277.869504490729,40485332190.0
9215.6956406,9215.69412829253,40485332190.0
8339.3187373,8339.31706605887,40485332190.0
1542.4329364,1542.4239006433986,40485332190.0
3706.6651767,3706.6614167133007,40485332190.0
1687.3079459,1687.29968592132,40485332190.0
2769.5166298,2769.511597480929,40485332190.0
570.11268729,570.0882407537657,40485332190.0
7780.0821249,7780.0803335831815,40485332190.0
19444.589872,19444.589155163925,40485332190.0
3111.5060222,3111.501542970615,40485332190.0
1578.7399657,1578.7311377947935,40485332190.0
5370.1067736,5370.104178355697,40485332190.0
7968.0663414,7968.064592251813,40485332190.0
1324.6438729,1324.6333515589383,40485332190.0
3692.5839427,3692.5801683924624,40485332190.0
5739.6653952,5739.662966984186,40485332190.0
1456.4052873,1456.3957178157411,40485332190.0
1632.9326102,1632.9240752951546,40485332190.0
1336.8205679,1336.8101423315104,40485332190.0
3094.3798597,3094.3753557281457,40485332190.0
1331.1666615,1331.1561917045574,40485332190.0
400.52999722,400.4951993549714,40485332190.0
3491.808484,3491.8044926506163,40485332190.0
3765.1668092,3765.163107627805,40485332190.0
1091.0037052,1090.9909307318592,40485332190.0
4793.6410186,4793.638111256126,40485332190.0
3441.7226917,3441.7186423324615,40485332190.0
3353.7091743,3353.7050186624792,40485332190.0
4048.3066906,4048.303247952831,40485332190.0
7486.977883,7486.976021483346,40485332190.0
1966.4822837,1966.475196486143,40485332190.0
4175.3517261,4175.348388213465,40485332190.0
5230.4246424,5230.4219777216085,40485332190.0
7232.8793818,7232.877454842232,40485332190.0
2068.7151493,2068.70841220579,40485332190.0
6785.3156337,6785.313579673801,40485332190.0
9858.0161442,9858.014730474824,40485332190.0
1391.4829973,1391.4729813741312,40485332190.0
2324.0129001,2324.006903179044,40485332190.0
2015.0897588,2015.0828424231663,40485332190.0
1742.1291266,1742.1211265386305,40485332190.0
1746.4143905,1746.4064101350546,40485332190.0
2200.6148982,2200.608564939418,40485332190.0
4136.3842424,4136.380873010251,40485332190.0
6366.5800499,6366.577860885081,40485332190.0
2532.2188179,2532.2133139793805,40485332190.0
1095.0444321,1095.0317047537299,40485332190.0
8031.4392161,8031.437480849662,40485332190.0
1934.8269209,1934.8197177025152,40485332190.0
8112.6311218,8112.629403871311,40485332190.0
453.91806976,453.8873649845197,40485332190.0
3225.050885,3225.0465635064834,40485332190.0
2675.832949,2675.827740440799,40485332190.0
2859.3896088,2859.3847347170704,40485332190.0
2097.496524,2097.4898794649057,40485332190.0
6938.4936913,6938.491682665991,40485332190.0
4049.3763919,4049.372950151418,40485332190.0
5367.1565535,5367.1539568170765,40485332190.0
3366.574532,3366.570392177439,40485332190.0
4567.9224178,4567.919366791144,40485332190.0
2883.4734922,2883.468658813896,40485332190.0
1734.3730016,1734.3649658907507,40485332190.0
12262.407906,12262.406770067751,40485332190.0
2713.024979,2713.0198419664616,40485332190.0
4758.2692305,4758.266301491837,40485332190.0
3894.1992123,3894.1956334069096,40485332190.0
4926.773029,4926.770200143111,40485332190.0
7172.6637548,7172.661811722022,40485332190.0
4906.1477159,4906.144875230266,40485332190.0
3089.2994448,3089.2949333649917,40485332190.0
2954.3213285,2954.3166109789777,40485332190.0
6104.2319091,6104.229625912991,40485332190.0
5645.3343648,5645.331896046937,40485332190.0
2780.0723844,2780.0673711607064,40485332190.0
1859.7355926,1859.7280984434549,40485332190.0
1848.485059,1848.4775192701961,40485332190.0
2419.3149367,2419.3091760173015,40485332190.0
5083.8478607,5083.845119306157,40485332190.0
5706.1574124,5706.154969991467,40485332190.0
1305.426088,1305.41541172489,40485332190.0
7005.9259477,7005.923958391325,40485332190.0
1383.9454332,1383.935362689909,40485332190.0
4674.6251847,4674.622203220036,40485332190.0
3320.8481891,3320.8439922161892,40485332190.0
10687.608483,10687.60717940656,40485332190.0
7533.9648115,7533.962961610055,40485332190.0
4813.3182352,4813.315339733429,40485332190.0
1277.6663669,1277.6554586429395,40485332190.0
5746.3691048,5746.3666793901,40485332190.0
6508.6315187,6508.629377417839,40485332190.0
5597.8640331,5597.861543410323,40485332190.0
4812.3639249,4812.361028837936,40485332190.0
7004.1509557,7004.148965889589,40485332190.0
8825.0455313,8825.043952010648,40485332190.0
7286.3845807,7286.382668031723,40485332190.0
2966.729024,2966.7243262369825,40485332190.0
2576.2113678,2576.205957978088,40485332190.0
4157.4198143,4157.416462020828,40485332190.0
2281.5949462,2281.5888377561937,40485332190.0
6999.5448127,6999.542821559975,40485332190.0
3723.711469,3723.707726253774,40485332190.0
3323.1317383,3323.127544433082,40485332190.0
1760.3770887,1760.36917170501,40485332190.0
2416.9909415,2416.9851751877313,40485332190.0
2457.4944117,2457.4887404974775,40485332190.0
3743.0268241,3743.023100662512,40485332190.0
2658.2360115,2658.230768563447,40485332190.0
6964.0452229,6964.043221623151,40485332190.0
21849.398693,21849.398055438138,40485332190.0
3903.8966151,3903.89304506561,40485332190.0
2147.4790067,2147.4725167583383,40485332190.0
1158.8054877,1158.7934606524507,40485332190.0
2426.2375975,2426.231853252279,40485332190.0
1661.7147612,1661.7063740953124,40485332190.0
2774.2330188,2774.2279950234374,40485332190.0
3142.3805024,3142.376067206911,40485332190.0
2369.2993566,2369.293474357598,40485332190.0
3724.3793512,3724.3756090458137,40485332190.0
2380.7864802,2380.780626183973,40485332190.0
3596.7729893,3596.7691144279884,40485332190.0
7531.0582595,7531.056408903597,40485332190.0
5012.0098194,5012.007038674535,40485332190.0
1610.6333418,1610.6246886172073,40485332190.0
6117.0370052,6117.034726783142,40485332190.0
10576.69056,10576.68924257379,40485332190.0
5599.6892542,5599.6867653059235,40485332190.0
3838.7464213,3838.7427906424414,40485332190.0
1454.5966804,1454.58709907981,40485332190.0
957.15809229,957.1435313842334,40485332190.0
1248.4064959,1248.3953320339583,40485332190.0
2312.3638618,2312.3578346639924,40485332190.0
5208.853415,5208.850739301133,40485332190.0
4833.1525504,4833.149666803144,40485332190.0
5182.3760343,5182.373344991328,40485332190.0
3640.2324014,3640.2285727713493,40485332190.0
881.96123157,881.9454291670195,40485332190.0
3186.3602821,3186.355908116806,40485332190.0
3956.1354999,3956.131977002561,40485332190.0
1677.2886634,1677.2803541797125,40485332190.0
6992.9212396,6992.919246614246,40485332190.0
9054.0648987,9054.063359414366,40485332190.0
1525.3351815,1525.326044524561,40485332190.0
945.31046142,945.2957180236124,40485332190.0
4994.9271361,4994.924345933563,40485332190.0
7623.5629132,7623.561085081471,40485332190.0
12679.052734,12679.05163511415,40485332190.0
9223.0720717,9223.07056060456,40485332190.0
4165.0396866,4165.036340432437,40485332190.0
2049.2732593,2049.266458386231,40485332190.0
2353.1128052,2353.1068824196846,40485332190.0
2844.955485,2844.950586195478,40485332190.0
11372.339617,11372.338391158013,40485332190.0
631.92249118,631.9004358998782,40485332190.0
6806.6565112,6806.654463708658,40485332190.0
3844.9044817,3844.900856979867,40485332190.0
364.85325435,364.815053470766,40485332190.0
2745.7456619,2745.740585990848,40485332190.0
7169.1270602,7169.125116252813,40485332190.0
2320.0966542,2320.0906470630043,40485332190.0
4657.108568,4657.105575451374,40485332190.0
5428.5808649,5428.578297527603,40485332190.0
1772.4211663,1772.4133030287364,40485332190.0
2561.6152783,2561.6098375891975,40485332190.0
8344.0703553,8344.068685028144,40485332190.0
1544.7111377,1544.7021152704108,40485332190.0
2665.0363906,2665.031161033771,40485332190.0
1143.864401,1143.8522167206957,40485332190.0
2462.811123,2462.8054640282626,40485332190.0
3895.6387282,3895.6351505433554,40485332190.0
4011.7776513,4011.774177340768,40485332190.0
2531.717812,2531.712307065709,40485332190.0
6747.7835607,6747.7814952448925,40485332190.0
8797.9924431,8797.99085899863,40485332190.0
4991.279925,4991.277132660897,40485332190.0
2705.5207752,2705.5156238844265,40485332190.0
1892.8848586,1892.8774957546718,40485332190.0
620.39915315,620.3766882022578,40485332190.0
1420.0551181,1420.045303662692,40485332190.0
1481.7059481,1481.6965420822737,40485332190.0
4798.9728959,4798.969991796381,40485332190.0
907.3445311,907.3291707801263,40485332190.0
6493.5226961,6493.520549812367,40485332190.0
1989.0724766,1989.0654697398718,40485332190.0
3397.3793626,3397.375260308131,40485332190.0
5302.5957259,5302.593097539551,40485332190.0
10435.414682,10435.413346101395,40485332190.0
2882.1108081,2882.1059724027523,40485332190.0
767.4850697,767.4669101984117,40485332190.0
10036.189911,10036.188522180288,40485332190.0
10452.947035,10452.945702079553,40485332190.0
1928.0927697,1928.085541270563,40485332190.0
5835.2684687,5835.2660803205345,40485332190.0
987.44128726,987.4271729234321,40485332190.0
959.2076228,959.1930930069385,40485332190.0
3536.1919111,3536.1879698920757,40485332190.0
3512.1062097,3512.1022414527656,40485332190.0
4678.2635103,4678.26053112148,40485332190.0
7486.4767022,7486.474840607416,40485332190.0
119.8992079,119.78291235176471,40485332190.0
2361.7297684,2361.72386721577,40485332190.0
3707.3352892,3707.3315298925377,40485332190.0
2877.6885979,2877.6837547816654,40485332190.0
9901.0530026,9901.051594954653,40485332190.0
4732.2173049,4732.214359733989,40485332190.0
1948.5789002,1948.571747783191,40485332190.0
4535.0404451,4535.037371868073,40485332190.0
13759.194258,13759.193245340697,40485332190.0
2156.3106309,2156.3041674875285,40485332190.0
12281.658819,12281.657684596315,40485332190.0
6414.1694308,6414.167257946009,40485332190.0
6979.9974076,6979.995410955634,40485332190.0
7669.1624944,7669.16067707638,40485332190.0
2699.1692428,2699.1640793755655,40485332190.0
12103.773028,12103.771876356835,40485332190.0
4557.038213,4557.035154743597,40485332190.0
19816.583314,19816.582611006575,40485332190.0
5357.8169214,5357.814320130799,40485332190.0
2661.4174408,2661.4122041151786,40485332190.0
5137.4557921,5137.453079309613,40485332190.0
13799.617784,13799.61677480582,40485332190.0
1859.8214695,1859.8139757676074,40485332190.0
3217.5638496,3217.559518112676,40485332190.0
7552.3550481,7552.353202776719,40485332190.0
5696.362152,5696.35970542454,40485332190.0
3099.223146,3099.218649040979,40485332190.0
4288.3313368,4288.328086856623,40485332190.0
699.52267381,699.5027499576867,40485332190.0
5195.1862763,5195.183593623241,40485332190.0
3784.6586224,3784.6549398963543,40485332190.0
4242.452508,4242.449222938129,40485332190.0
5615.1737268,5615.171244770274,40485332190.0
2132.409799,2132.403263198396,40485332190.0
1221.3407338,1221.3293225672478,40485332190.0
4863.3148167,4863.311950955877,40485332190.0
7707.9056194,7707.903811274546,40485332190.0
402.32860003,402.2939577410536,40485332190.0
1297.5319239,1297.5211827280962,40485332190.0
7191.8325468,7191.830608957448,40485332190.0
3126.2753334,3126.2708754421296,40485332190.0
6777.6536531,6777.651596789901,40485332190.0
5292.2253256,5292.222692155889,40485332190.0
3112.4417055,3112.4372276843583,40485332190.0
935.2089553,935.1940526515053,40485332190.0
8552.8094637,8552.807834175228,40485332190.0
7665.4486382,7665.446820077767,40485332190.0
3551.8022101,3551.7982861185087,40485332190.0
5330.7328717,5330.730257278949,40485332190.0
1543.8270325,1543.8180048924953,40485332190.0
5185.7521758,5185.749488259875,40485332190.0
2253.9178732,2253.911689780647,40485332190.0
5077.9615017,5077.958757112484,40485332190.0
1741.6557611,1741.6477588793553,40485332190.0
5911.6153683,5911.613010731365,40485332190.0
3379.2213505,3379.217226207469,40485332190.0
2570.3247514,2570.319329113916,40485332190.0
4563.3333506,4563.330296458773,40485332190.0
6259.512541,6259.510314463931,40485332190.0
2065.0996368,2065.0928879813177,40485332190.0
2112.5837546,2112.577157458947,40485332190.0
4251.5355041,4251.532226071942,40485332190.0
2359.9145958,2359.9086900634675,40485332190.0
10536.601488,10536.600165545276,40485332190.0
5507.4943461,5507.491815582943,40485332190.0
4067.8493001,4067.8458739739426,40485332190.0
7590.2663509,7590.264514715088,40485332190.0
4234.4259348,4234.422643454882,40485332190.0
1539.6572261,1539.64817405634,40485332190.0
1659.2689448,1659.2605453288695,40485332190.0
3526.754345,3526.7503931492156,40485332190.0
2585.1722701,2585.16687892437,40485332190.0
8756.3147777,8756.313186022482,40485332190.0
2097.2516239,2097.2449786055668,40485332190.0
2514.5893489,2514.583806374593,40485332190.0
7136.8291267,7136.827173857145,40485332190.0
1201.2549679,1201.243365879747,40485332190.0
2926.7214713,2926.7167093054936,40485332190.0
4776.5277799,4776.5248620681205,40485332190.0
4208.4195172,4208.416205558469,40485332190.0
1546.3342533,1546.3252403380343,40485332190.0
2799.948049,2799.943071433076,40485332190.0
2262.0858366,2262.079675566098,40485332190.0
3010.3114058,3010.306776034857,40485332190.0
8141.4263969,8141.4246850622485,40485332190.0
7637.3334479,7637.331623053433,40485332190.0
1298.6417094,1298.6309774443196,40485332190.0
4063.3473633,4063.343933382214,40485332190.0
1586.7353581,1586.7265745597656,40485332190.0
3558.5588395,3558.5549230381525,40485332190.0
7099.9864316,7099.984468619494,40485332190.0
3868.4298921,3868.4262893891428,40485332190.0
2442.7335447,2442.7278392830935,40485332190.0
1330.7228181,1330.7123447536378,40485332190.0
1860.4943491,1860.486858066792,40485332190.0
6090.0160886,6090.013800124569,40485332190.0
3823.2866043,3823.282958985393,40485332190.0
7807.8336836,7807.831898604674,40485332190.0
9375.7299412,9375.728454671138,40485332190.0
4702.5183553,4702.515391562263,40485332190.0
3188.8606943,3188.856323752083,40485332190.0
2689.7359022,2689.7307206743685,40485332190.0
2234.2757608,2234.2695229190213,40485332190.0
2802.9911439,2802.986171693689,40485332190.0
8660.3420375,8660.340428129306,40485332190.0
3233.4394002,3233.4350900058503,40485332190.0
2156.9848616,2156.9784002850797,40485332190.0
3368.9389267,3368.9347897280522,40485332190.0
7397.379166,7397.377282004182,40485332190.0
3067.6594762,3067.6549330254647,40485332190.0
8150.8824418,8150.880731910634,40485332190.0
2153.3234075,2153.316935193848,40485332190.0
12303.471888,12303.470755778426,40485332190.0
5282.8886322,5282.885994108732,40485332190.0
14818.581421,14818.580480825367,40485332190.0
12396.311804,12396.31067917555,40485332190.0
3695.117074,3695.1133022467843,40485332190.0
4464.9095758,4464.9064544018065,40485332190.0
3674.3942568,3674.3904637339547,40485332190.0
6025.2012608,6025.198947723861,40485332190.0
2686.006106,2686.0009172936375,40485332190.0
2157.4303247,2157.4238647623524,40485332190.0
8495.0969535,8495.095312890488,40485332190.0
7918.1989728,7918.197212649153,40485332190.0
2527.5559049,2527.5503908770843,40485332190.0
1428.7155822,1428.7058272279012,40485332190.0
657.90094711,657.8797627548913,40485332190.0
2489.1237595,2489.1181603276077,40485332190.0
2172.4638971,2172.457481807174,40485332190.0
5247.2663643,5247.263708196738,40485332190.0
13933.614891,13933.613890667404,40485332190.0
737.72316128,737.7042691511123,40485332190.0
21496.830507,21496.82985907817,40485332190.0
3821.2269357,3821.2232884563464,40485332190.0
5334.8030921,5334.800479630556,40485332190.0
4762.659941,4762.657014717468,40485332190.0
3071.3463386,3071.3418009367883,40485332190.0
7597.3470802,7597.345245791457,40485332190.0
2745.8513072,2745.846231594217,40485332190.0
8724.9969324,8724.995335098862,40485332190.0
2189.5981183,2189.5917531484083,40485332190.0
927.15641479,927.1413827064893,40485332190.0
3382.1660919,3382.1619711019,40485332190.0
5064.2765454,5064.273793361317,40485332190.0
16404.2664,16404.265551080756,40485332190.0
3494.0559707,3494.051981911526,40485332190.0
1458.8682825,1458.8587291363922,40485332190.0
7751.6753527,7751.673554730885,40485332190.0
5377.5038949,5377.5013031194,40485332190.0
1342.2336198,1342.2232363482779,40485332190.0
2957.9896333,2957.98492174929,40485332190.0
6881.3316131,6881.3295877620185,40485332190.0
868.40295843,868.3869093033619,40485332190.0
2547.9132112,2547.9077412862985,40485332190.0
14660.669378,14660.66842701888,40485332190.0
1971.5790583,1971.5719894345414,40485332190.0
4283.3467458,4283.343491978344,40485332190.0
859.05262619,859.0364023737036,40485332190.0
9229.8966849,9229.895174886255,40485332190.0
1552.3122241,1552.3032458676946,40485332190.0
2369.45951,2369.4536280592615,40485332190.0
2185.5508137,2185.544436806195,40485332190.0
7169.1916568,7169.189712733148,40485332190.0
1642.5871104,1642.5786255344035,40485332190.0
1523.6954662,1523.6863194059013,40485332190.0
1045.7311022,1045.7177745718893,40485332190.0
5459.4204598,5459.417906914567,40485332190.0
7222.8116002,7222.809670612754,40485332190.0
11278.000806,11277.99957013587,40485332190.0
2170.4586734,2170.452252154599,40485332190.0
1299.4772899,1299.4665647384588,40485332190.0
5118.0589646,5118.056241497392,40485332190.0
3455.3703747,3455.366341261157,40485332190.0
1535.9883982,1535.979324628043,40485332190.0
6260.1648473,6260.16262095973,40485332190.0
1951.399317,1951.3921750049233,40485332190.0
6412.7956786,6412.7935052676985,40485332190.0
12790.978171,12790.977081946072,40485332190.0
2447.1632504,2447.1575552031527,40485332190.0
6809.0199291,6809.017882286627,40485332190.0
1688.8813559,1688.873103638037,40485332190.0
3303.2386775,3303.2344583933072,40485332190.0
965.348558,965.3341206437813,40485332190.0
6885.6127173,6885.610693216306,40485332190.0
3629.5842303,3629.5803904204213,40485332190.0
5923.529691,5923.527338164878,40485332190.0
2299.1696084,2299.1635465564877,40485332190.0
3397.2864971,3397.282394724808,40485332190.0
6078.8286573,6078.82636457827,40485332190.0
5576.1730207,5576.170521344507,40485332190.0
1450.0298341,1450.0202225650867,40485332190.0
5277.0368323,5277.0341912579615,40485332190.0
1586.1041539,1586.09536699833,40485332190.0
3920.190929,3920.187373789519,40485332190.0
3645.1117721,3645.107948688265,40485332190.0
3805.8118558,3805.808193822462,40485332190.0
3497.1376876,3497.133702400604,40485332190.0
1460.0342977,1460.0247520077653,40485332190.0
1723.2895341,1723.2814466659024,40485332190.0
6293.7585902,6293.756375751384,40485332190.0
2753.6296334,2753.6245721471423,40485332190.0
3962.3525847,3962.3490674348877,40485332190.0
3641.918482,3641.9146551541376,40485332190.0
1961.650967,1961.6438622645605,40485332190.0
5008.4283837,5008.425601016509,40485332190.0
6747.4766841,6747.4746185673075,40485332190.0
3518.262131,3518.25816975057,40485332190.0
1718.7999851,1718.791876524968,40485332190.0
3769.4713383,3769.4676410336533,40485332190.0
2968.467275,2968.4625799673217,40485332190.0
2273.8722811,2273.866151917048,40485332190.0
3964.9645021,3964.960987003042,40485332190.0
5036.6120032,5036.609236032244,40485332190.0
321.44936231,321.4060026884996,40485332190.0
3417.5173832,3417.5133050766785,40485332190.0
5654.999295,5654.99683047063,40485332190.0
1621.8784669,1621.8698737911834,40485332190.0
3526.1255183,3526.1215657846415,40485332190.0
8535.139514,8535.137881149543,40485332190.0
2325.7078814,2325.7018888293856,40485332190.0
597.89737551,597.8740650582242,40485332190.0
5064.5610709,5064.558319089369,40485332190.0
2877.5834251,2877.5785817978635,40485332190.0
10115.586589,10115.585211398311,40485332190.0
401.43632915,401.40160985895307,40485332190.0
4163.8061232,4163.802775955415,40485332190.0
998.54834633,998.5343889882234,40485332190.0
17211.745369,17211.744559051524,40485332190.0
1903.2036534,1903.196330504499,40485332190.0
2038.5181572,2038.5113203922663,40485332190.0
1058.5474459,1058.534279666754,40485332190.0
1177.9776743,1177.9658428914888,40485332190.0
486.12980396,486.10113384701134,40485332190.0
1251.7299303,1251.7187960847248,40485332190.0
3411.2105339,3411.206448195101,40485332190.0
7085.6253425,7085.623375577542,40485332190.0
3348.619662,3348.615499971193,40485332190.0
15309.887368,15309.886457619516,40485332190.0
14455.884971,14455.884007577119,40485332190.0
2160.6942099,2160.6877596589197,40485332190.0
2616.7560179,2616.750691840553,40485332190.0
7241.1854121,7241.183487372043,40485332190.0
5994.4468501,5994.444525109129,40485332190.0
974.23127279,974.2169670671473,40485332190.0
1481.9436188,1481.9342141828645,40485332190.0
3310.5292614,3310.5250514241825,40485332190.0
3115.5551153,3115.55064186952,40485332190.0
4941.3232642,4941.320443689123,40485332190.0
572.96725473,572.9429299894556,40485332190.0
3104.200782,3104.1962923111346,40485332190.0
1453.9106712,1453.901085293387,40485332190.0
3716.9158023,3716.9120526953675,40485332190.0
8416.3708402,8416.369184261664,40485332190.0
7602.9095008,7602.907667617679,40485332190.0
14123.578934,14123.577947633477,40485332190.0
3021.0329283,3021.0283149920497,40485332190.0
6852.1249466,6852.122912563265,40485332190.0
2189.4436465,2189.4372809939127,40485332190.0
5131.9925561,5131.989840383924,40485332190.0
4451.8936124,4451.890481880919,40485332190.0
1686.2410219,1686.2327567964971,40485332190.0
4822.7134125,4822.710522569434,40485332190.0
6082.9548035,6082.952512400041,40485332190.0
1362.8984902,1362.8882641142707,40485332190.0
2286.7699018,2286.763807172808,40485332190.0
1539.2871847,1539.2781304554242,40485332190.0
7404.8109786,7404.809096412407,40485332190.0
2336.9988192,2336.992855570811,40485332190.0
16575.058059,16575.057218140195,40485332190.0
3571.557368,3571.553465837114,40485332190.0
9918.4871881,9918.4857829284,40485332190.0
4719.0066433,4719.003689954514,40485332190.0
3122.5127117,3122.5082483533074,40485332190.0
8300.2303529,8300.22867381918,40485332190.0
3286.2555393,3286.2512982317267,40485332190.0
1757.436958,1757.4290276225152,40485332190.0
4602.4718274,4602.468799249393,40485332190.0
2166.099123,2166.092688881275,40485332190.0
5225.8849097,5225.882242830394,40485332190.0
1621.5116713,1621.503076195462,40485332190.0
6000.9778889,6000.975566383852,40485332190.0
1739.3169544,1739.3089414738845,40485332190.0
5224.1300752,5224.127407398128,40485332190.0
3450.4652338,3450.4611946444948,40485332190.0
4766.9378979,4766.934974180615,40485332190.0
5406.4096559,5406.407078039887,40485332190.0
2430.5916547,2430.5859206562136,40485332190.0
5237.7290528,5237.726391984579,40485332190.0
773.54012744,773.5221100893011,40485332190.0
1174.0565755,1174.0447046342308,40485332190.0
15454.6081,15454.607198546022,40485332190.0
3433.1487724,3433.144712860338,40485332190.0
3558.2705122,3558.266595502226,40485332190.0
2538.8706407,2538.8651513091922,40485332190.0
9446.3941163,9446.392640910542,40485332190.0
3649.1643247,3649.160505460282,40485332190.0
7648.4742825,7648.472460331475,40485332190.0
2099.2243014,2099.2176623084642,40485332190.0
6940.7782304,6940.776222473375,40485332190.0
16136.473224,16136.472360761123,40485332190.0
8414.1560248,8414.154368436873,40485332190.0
1721.4502464,1721.4421502236505,40485332190.0
2471.9739814,2471.968343412749,40485332190.0
2337.2311024,2337.2251394290834,40485332190.0
3025.4759983,3025.4713917787394,40485332190.0
1211.7745316,1211.7630302741059,40485332190.0
4064.8140276,4064.8105989130054,40485332190.0
5966.8661409,5966.863805171919,40485332190.0
1562.1370559,1562.128134127597,40485332190.0
4805.1607417,4805.157841273983,40485332190.0
2140.5206383,2140.514127213521,40485332190.0
3446.8281685,3446.8241250911096,40485332190.0
18124.472645,18124.471876155454,40485332190.0
15028.732536,15028.73160905868,40485332190.0
14423.001293,14423.00032593997,40485332190.0
4212.6505826,4212.647274169706,40485332190.0
23424.515519,23424.514924348143,40485332190.0
3986.2909155,3986.287419321883,40485332190.0
1974.8400035,1974.8329462101105,40485332190.0
2712.5568406,2712.551702720554,40485332190.0
2349.2999962,2349.294063787941,40485332190.0
4148.5250334,4148.521673861896,40485332190.0
2973.2116569,2973.2069693115977,40485332190.0
2196.3788057,2196.3724601832523,40485332190.0
3730.4852824,3730.4815464902185,40485332190.0
5965.1786223,5965.1762858816655,40485332190.0
7583.2934198,7583.29158190483,40485332190.0
6658.1360111,6658.13391782806,40485332190.0
6311.4520422,6311.449834012306,40485332190.0
1903.1186793,1903.1113560053343,40485332190.0
4802.156886,4802.153983823324,40485332190.0
5330.7636264,5330.76101197923,40485332190.0
4355.0336719,4355.030471707308,40485332190.0
7132.2997936,7132.297839494065,40485332190.0
2459.8457279,2459.8400620554544,40485332190.0
1942.9376729,1942.9304996755789,40485332190.0
4226.526103,4226.522805463161,40485332190.0
9536.5094907,9536.508029285005,40485332190.0
5854.0509946,5854.04861383701,40485332190.0
6718.4454787,6718.443404191333,40485332190.0
2155.1632433,2155.15677648221,40485332190.0
5096.1413043,5096.13856950258,40485332190.0
1342.6085428,1342.598162221242,40485332190.0
5018.3462648,5018.343487574713,40485332190.0
2101.6805651,2101.673933771289,40485332190.0
1469.7650377,1469.7555552612037,40485332190.0
7574.004531,7574.002690844605,40485332190.0
4108.5417096,4108.538317346258,40485332190.0
10179.836321,10179.834951652898,40485332190.0
4565.2916699,4565.2886170473475,40485332190.0
10120.583358,10120.581980555216,40485332190.0
3230.150253,3230.1459383941174,40485332190.0
6316.9242188,6316.922012494179,40485332190.0
1238.781625,1238.770374363279,40485332190.0
7427.9162186,7427.9143422713905,40485332190.0
3337.8427231,3337.8385476622348,40485332190.0
7282.2247473,7282.222833476238,40485332190.0
4782.7398783,4782.736964306171,40485332190.0
1483.2571986,1483.2478024049183,40485332190.0
6773.8083666,6773.806309106324,40485332190.0
2353.4386556,2353.4327336401625,40485332190.0
4039.2436149,4039.24016456207,40485332190.0
5015.6564884,5015.653709765347,40485332190.0
414.35718965,414.32355309520653,40485332190.0
3721.4844093,3721.480664251913,40485332190.0
5072.1101167,5072.1073689092045,40485332190.0
5160.5317945,5160.529093879855,40485332190.0
883.61431641,883.5985435748905,40485332190.0
6467.6920355,6467.689880629666,40485332190.0
2206.4349661,2206.428649543701,40485332190.0
3131.090119,3131.0856679029534,40485332190.0
20137.913367,20137.91267549282,40485332190.0
6737.6392399,6737.637171333987,40485332190.0
1564.9239941,1564.9150881555568,40485332190.0
2470.8632086,2470.857568133977,40485332190.0
2824.8133544,2824.8084205981304,40485332190.0
1429.5665947,1429.5568455064379,40485332190.0
4546.5348591,4546.531793738469,40485332190.0
3992.491025,3992.487534182009,40485332190.0
2558.9600809,2558.954634557477,40485332190.0
2956.329857,2956.3251427266023,40485332190.0
4796.0399383,4796.037032334733,40485332190.0
4069.5906924,4069.5872677446396,40485332190.0
3033.5083216,3033.5037272754666,40485332190.0
3195.7276512,3195.723290040765,40485332190.0
5007.0539709,5007.051187342897,40485332190.0
4938.2171727,4938.214350463296,40485332190.0
228.03218966,227.97106297479527,40485332190.0
2040.7906933,2040.7838640828743,40485332190.0
7345.8520088,7345.850111585559,40485332190.0
5910.2260889,5910.223730779417,40485332190.0
1314.7286459,1314.718045271725,40485332190.0
2307.8272089,2307.821169930643,40485332190.0
8707.6775829,8707.675982355455,40485332190.0
1737.2556204,1737.2475979561123,40485332190.0
903.00547401,902.9900398732076,40485332190.0
2529.6763498,2529.6708403736616,40485332190.0
1446.7489672,1446.7393338361148,40485332190.0
20743.177418,20743.176746164183,40485332190.0
18928.614549,18928.61381243248,40485332190.0
2099.6055839,2099.5989459695134,40485332190.0
8798.4746824,8798.473098372868,40485332190.0
5701.8419505,5701.839506135768,40485332190.0
2223.5776596,2223.5713918021347,40485332190.0
6667.7984867,6667.796396551363,40485332190.0
7061.3758228,7061.373849128845,40485332190.0
2054.8051426,2054.7983600029565,40485332190.0
4141.6409526,4141.637587481318,40485332190.0
3908.4463889,3908.442823060015,40485332190.0
1413.8404433,1413.8305856768586,40485332190.0
2262.0118653,2262.0057039213966,40485332190.0
6259.1233884,6259.121161653601,40485332190.0
2417.2969244,2417.2911589019586,40485332190.0
2472.6945522,2472.688915836538,40485332190.0
3804.6187459,3804.615082679528,40485332190.0
4092.1365604,4092.133154578441,40485332190.0
2179.5153896,2179.508995062642,40485332190.0
4016.6035263,4016.600056510902,40485332190.0
7106.9759879,7106.974026904397,40485332190.0
518.42225255,518.3953683961015,40485332190.0
4389.5511459,4389.547970928138,40485332190.0
7051.5001354,7051.498159001676,40485332190.0
5908.0220054,5908.019646356,40485332190.0
21335.460478,21335.45982454419,40485332190.0
2304.6311829,2304.6251354230344,40485332190.0
3782.6722972,3782.6686127579515,40485332190.0
1346.9039625,1346.8936149793324,40485332190.0
6193.3399283,6193.337678004262,40485332190.0
4240.1546696,4240.15138270815,40485332190.0
1144.5990718,1144.5868954483353,40485332190.0
12122.591882,12122.590732440984,40485332190.0
3703.164986,3703.1612224160626,40485332190.0
13236.994482,13236.993429367401,40485332190.0
1915.9437579,1915.9364837470837,40485332190.0
11158.526024,11158.524775288663,40485332190.0
7076.1687025,7076.166732953432,40485332190.0
815.37969089,815.3625980798255,40485332190.0
1494.0882232,1494.078895144602,40485332190.0
8587.6469789,8587.645355953262,40485332190.0
2105.50553,2105.498910631817,40485332190.0
4203.3250026,4203.321686908581,40485332190.0
1257.6562423,1257.6451605352165,40485332190.0
4556.1317684,4556.128709479557,40485332190.0
4763.1496135,4763.146687412331,40485332190.0
4090.3686578,4090.3652505218847,40485332190.0
8024.5678643,8024.566127526911,40485332190.0
2415.6672226,2415.6614531792347,40485332190.0
114.21841053,114.09632482299855,40485332190.0
3826.7452517,3826.741609696676,40485332190.0
3523.533843,3523.5298875341014,40485332190.0
6384.2241323,6384.221949351317,40485332190.0
1709.964557,1709.9564065136403,40485332190.0
5700.2004884,5700.198043333893,40485332190.0
3367.5871081,3367.5829695582725,40485332190.0
4075.7932366,4075.7898171578104,40485332190.0
3735.6701043,3735.666373569788,40485332190.0
4593.1165223,4593.113487973798,40485332190.0
750.28312623,750.2645503697407,40485332190.0
3683.7644613,3683.7606779726857,40485332190.0
1896.857769,1896.8504216504884,40485332190.0
6307.2039099,6307.201700206329,40485332190.0
3528.5192779,3528.515328108158,40485332190.0
11618.336078,11618.334878545851,40485332190.0
4443.8895466,4443.886410333525,40485332190.0
1784.8464422,1784.8386336339045,40485332190.0
2246.5742076,2246.568003951591,40485332190.0
6390.4364652,6390.43428430007,40485332190.0
1779.8338525,1779.8260219671506,40485332190.0
3747.719552,3747.715833182462,40485332190.0
4064.6085793,4064.60515039412,40485332190.0
4002.7874189,4002.7839371449445,40485332190.0
7779.3435997,7779.341808145606,40485332190.0
4682.9748176,4682.971841513436,40485332190.0
2953.0022807,2952.997561051318,40485332190.0
1657.0161387,1657.0077277125467,40485332190.0
2041.0672,2041.0603716702701,40485332190.0
2833.3865031,2833.3815842751033,40485332190.0
5996.3528797,5996.350555443963,40485332190.0
2423.7093337,2423.7035834892513,40485332190.0
3650.963474,3650.9596566998257,40485332190.0
1395.1321921,1395.1222023098983,40485332190.0
2252.7740368,2252.7678502383797,40485332190.0
6784.4401283,6784.438074052176,40485332190.0
10179.196862,10179.19549284301,40485332190.0
4404.5781035,4404.574939220475,40485332190.0
3113.3473501,3113.3428735931443,40485332190.0
1351.7444898,1351.734179452067,40485332190.0
6462.5898007,6462.5876441083265,40485332190.0
2204.8529475,2204.8466265009192,40485332190.0
2338.4963721,2338.490412217315,40485332190.0
3919.0867513,3919.0831951726755,40485332190.0
2906.1956637,2906.1908681728696,40485332190.0
1316.9726924,1316.9621097982024,40485332190.0
6617.5710094,6617.568903325743,40485332190.0
4557.7946075,4557.7915496354335,40485332190.0
3707.39303,3707.3892707879736,40485332190.0
1548.8076794,1548.7986808230405,40485332190.0
6790.449346,6790.447293481799,40485332190.0
4072.7145667,4072.7111446121876,40485332190.0
1613.445973,1613.4373350003814,40485332190.0
5709.2011603,5709.198719086132,40485332190.0
1519.3258289,1519.3166557210325,40485332190.0
3845.2904891,3845.2868646708007,40485332190.0
4894.1207604,4894.117912665062,40485332190.0
2697.571413,2697.5662465411783,40485332190.0
11088.110701,11088.109444207874,40485332190.0
3123.7525223,3123.748060701929,40485332190.0
2580.763177,2580.7577766410445,40485332190.0
2309.1097538,2309.103718146439,40485332190.0
3185.4875143,3185.4831392051196,40485332190.0
2896.6254307,2896.6206192404243,40485332190.0
4397.3265792,4397.32340975545,40485332190.0
6269.5523238,6269.550100822986,40485332190.0
1432.8159801,1432.8062530526201,40485332190.0
2436.7560998,2436.7503803693676,40485332190.0
2297.7882333,2297.782167892767,40485332190.0
5296.417919,5296.415287649581,40485332190.0
5312.2970441,5312.294420661523,40485332190.0
930.30324245,930.2882612084013,40485332190.0
4499.3684856,4499.365388050285,40485332190.0
1763.5277749,1763.5198719428454,40485332190.0
1113.713982,1113.7014679273468,40485332190.0
12094.67854,12094.67738843928,40485332190.0
7866.5098148,7866.508043172142,40485332190.0
7402.3680859,7402.366203088684,40485332190.0
3950.0670063,3950.0634779735,40485332190.0
4770.2983563,4770.295434675387,40485332190.0
823.95459561,823.9376806892092,40485332190.0
2467.7427126,2467.737064882852,40485332190.0
5620.754212,5620.751732435537,40485332190.0
1086.5142948,1086.5014674497788,40485332190.0
12829.030729,12829.029642692783,40485332190.0
19676.901133,19676.900424058465,40485332190.0
7226.6379529,7226.636024386909,40485332190.0
4448.1799411,4448.176807910131,40485332190.0
4523.1281016,4523.1250203496265,40485332190.0
2396.7388628,2396.7330477719506,40485332190.0
3442.2514324,3442.247383678788,40485332190.0
3827.9395454,3827.9359045307488,40485332190.0
1802.4704359,1802.462703742246,40485332190.0
3874.6502282,3874.646631224097,40485332190.0
8790.5690846,8790.567499130098,40485332190.0
3368.937246,3368.9331090756014,40485332190.0
3680.3444613,3680.3406744027193,40485332190.0
1904.1143139,1904.1069945399424,40485332190.0
1106.2202556,1106.2076568489022,40485332190.0
6660.4177523,6660.415659730161,40485332190.0
1714.5440018,1714.5358730877836,40485332190.0
1184.846071,1184.8343082392416,40485332190.0
3483.5045639,3483.5005630235846,40485332190.0
5885.6467367,5885.644368663092,40485332190.0
2130.032299,2130.0257558270755,40485332190.0
3387.5385603,3387.534446163455,40485332190.0
14052.569606,14052.568614990165,40485332190.0
3161.8298009,3161.8253930990904,40485332190.0
3634.287069,3634.283234202971,40485332190.0
2324.6607376,2324.654742260019,40485332190.0
1837.3989458,1837.3913605795092,40485332190.0
2713.4237308,2713.4185944687956,40485332190.0
2072.6717299,2072.6650056844846,40485332190.0
2973.6381978,2973.633510918499,40485332190.0
1103.7871948,1103.7745682153065,40485332190.0
9033.2996595,9033.298116645139,40485332190.0
1816.5356549,1816.5279825920104,40485332190.0
14774.303277,14774.302333599126,40485332190.0
16137.873066,16137.872201750271,40485332190.0
366.28619714,366.248145736175,40485332190.0
2076.5866818,2076.579970301214,40485332190.0
1967.6715863,1967.6645033251311,40485332190.0
5295.8363582,5295.833726472753,40485332190.0
3953.6632207,3953.659695652107,40485332190.0
2647.175957,2647.1706921752184,40485332190.0
7863.6099631,7863.608190720641,40485332190.0
7996.938396,7996.936653144985,40485332190.0
2258.6956408,2258.6894704114457,40485332190.0
2028.4239433,2028.4170725324268,40485332190.0
2819.6166425,2819.611699642598,40485332190.0
5212.3461138,5212.343439893401,40485332190.0
9312.0475093,9312.046012667115,40485332190.0
10777.088516,10777.087222224314,40485332190.0
4179.3315662,4179.328231536387,40485332190.0
3383.9490332,3383.9449146709712,40485332190.0
9911.2944267,9911.293020567535,40485332190.0
2477.6775608,2477.671935789448,40485332190.0
6460.4336843,6460.431527000764,40485332190.0
4276.2880157,4276.284756566522,40485332190.0
8233.8221324,8233.820439688492,40485332190.0
1499.0827611,1499.0734640192989,40485332190.0
4288.3092922,4288.306042255439,40485332190.0
3664.0980613,3664.0942576750385,40485332190.0
4047.0604784,4047.0570347263574,40485332190.0
1780.9046445,1780.8968187448324,40485332190.0
395.34548034,395.3102261045703,40485332190.0
1996.0291952,1996.022212782703,40485332190.0
6898.5998722,6898.597851890979,40485332190.0
1761.9444682,1761.936558247876,40485332190.0
4230.6352601,4230.631965851364,40485332190.0
1243.1012176,1243.090006016731,40485332190.0
3854.7393719,3854.7357563491432,40485332190.0
693.08505685,693.0649479315316,40485332190.0
9964.3293292,9964.32793047532,40485332190.0
5350.3273013,5350.324696369358,40485332190.0
384.09704353,384.0607567525793,40485332190.0
14745.596196,14745.595251288623,40485332190.0
7237.7027317,7237.700806075368,40485332190.0
1607.4698619,1607.4611917312275,40485332190.0
6324.2438266,6324.241622817991,40485332190.0
368.02620133,367.988329841091,40485332190.0
5528.8613802,5528.858859431692,40485332190.0
4095.9930189,4095.9896163034723,40485332190.0
6075.827591,6075.825297224736,40485332190.0
3219.7539005,3219.7495719205763,40485332190.0
5649.5565185,5649.554051630137,40485332190.0
5273.8366915,5273.834048767567,40485332190.0
9615.7296777,9615.7282283546,40485332190.0
4011.7374421,4011.7339680802506,40485332190.0
2145.643992,2145.637496491592,40485332190.0
4878.4206525,4878.417795648725,40485332190.0
218.60799049,218.5442278838303,40485332190.0
16745.769977,16745.769144450223,40485332190.0
2286.7319243,2286.7258294855924,40485332190.0
3523.6656185,3523.6616631907746,40485332190.0
2766.8827902,2766.8777530502484,40485332190.0
1726.6078596,1726.5997876450317,40485332190.0
1503.8075598,1503.7982920143663,40485332190.0
4316.7778115,4316.774582913069,40485332190.0
10612.428081,10612.426767280822,40485332190.0
11292.898935,11292.897701290483,40485332190.0
15210.350026,15210.34911005694,40485332190.0
1987.7792939,1987.7722825403673,40485332190.0
4089.6307613,4089.627353352656,40485332190.0
4606.9649514,4606.961926165537,40485332190.0
3994.9114577,3994.907968960044,40485332190.0
3327.4615409,3327.457352409838,40485332190.0
5967.4459352,5967.44359970503,40485332190.0
12468.079381,12468.078263302681,40485332190.0
3883.7448453,3883.7412567716633,40485332190.0
3224.9629332,3224.958611660054,40485332190.0
10021.839439,10021.838048313535,40485332190.0
2572.9635766,2572.958159875205,40485332190.0
2086.5041593,2086.497479701612,40485332190.0
1285.6667358,1285.655895513028,40485332190.0
5654.2204462,5654.217981338171,40485332190.0
5842.6215187,5842.619133289985,40485332190.0
3284.0924557,3284.0882118864793,40485332190.0
5719.1764275,5719.1739905205295,40485332190.0
4656.1608596,4656.157866346967,40485332190.0
9675.1618407,9675.16040023681,40485332190.0
6569.7553217,6569.753200264195,40485332190.0
11038.449726,11038.448463995475,40485332190.0
7976.9856831,7976.983935887313,40485332190.0
1854.6897875,1854.682272999564,40485332190.0
4589.2543338,4589.251296971531,40485332190.0
3798.6732454,3798.669576499703,40485332190.0
3665.3489273,3665.3451249763743,40485332190.0
7520.6657039,7520.663850735835,40485332190.0
3039.6044729,3039.5998877768516,40485332190.0
2295.9580689,2295.951998614677,40485332190.0
8488.389399,8488.387757170016,40485332190.0
11150.101443,11150.10019259487,40485332190.0
17981.02732,17981.026544754346,40485332190.0
3089.9453123,3089.94080191445,40485332190.0
4726.6452904,4726.642341796068,40485332190.0
6663.7304884,6663.7283968834245,40485332190.0
1532.7730941,1532.7640014584376,40485332190.0
4172.9873491,4172.984009251642,40485332190.0
1935.8123916,1935.80519205291,40485332190.0
13916.695081,13916.694080070194,40485332190.0
1303.2271057,1303.2164115018336,40485332190.0
2713.0357833,2713.030646291217,40485332190.0
3235.3892757,3235.3849680308062,40485332190.0
482.86627274,482.83740884485223,40485332190.0
3953.3983135,3953.3947882109164,40485332190.0
2743.1647378,2743.1596570891525,40485332190.0
4781.4384283,4781.435513442128,40485332190.0
5841.7432663,5841.74088058042,40485332190.0
4453.9590937,4453.955964508131,40485332190.0
4616.5029196,4616.499900657052,40485332190.0
1291.5145765,1291.5037853246158,40485332190.0
3269.289995,3269.2857319428804,40485332190.0
6044.3570639,6044.354758151677,40485332190.0
1372.149072,1372.1389149134463,40485332190.0
10166.556179,10166.554808158613,40485332190.0
3720.4720937,3720.4683476332416,40485332190.0
7357.4362145,7357.434320190353,40485332190.0
4310.3570373,4310.353803939385,40485332190.0
2888.2404291,2888.2356036657393,40485332190.0
2666.4448061,2666.4395793147605,40485332190.0
8375.1832791,8375.181615039992,40485332190.0
1177.671319,1177.659484667006,40485332190.0
21736.221775,21736.221134023486,40485332190.0
1249.5467636,1249.5356099593173,40485332190.0
1876.060228,1876.0527991451343,40485332190.0
9320.3060381,9320.304542795522,40485332190.0
1315.1421186,1315.1315212589807,40485332190.0
4302.1929657,4302.189726220197,40485332190.0
4648.7180508,4648.715052818579,40485332190.0
2378.3049931,2378.29913305172,40485332190.0
3176.2520027,3176.2476148302494,40485332190.0
6245.3142441,6245.312012487745,40485332190.0
3299.4722983,3299.4680743224735,40485332190.0
2176.4066596,2176.40025587282,40485332190.0
3996.4118455,3996.4083580956826,40485332190.0
1653.2919144,1653.2834846035094,40485332190.0
14722.493629,14722.492682420412,40485332190.0
4139.8897368,4139.886370349985,40485332190.0
4110.9044636,4110.901073429872,40485332190.0
2319.3201091,2319.314099987294,40485332190.0
7046.2629208,7046.260942862344,40485332190.0
1620.1446395,1620.1360371645926,40485332190.0
1930.333321,1930.3261010059714,40485332190.0
3174.2126849,3174.2082941770386,40485332190.0
4699.8432126,4699.840247111839,40485332190.0
15141.614784,15141.613863675071,40485332190.0
7656.568889,7656.567068637919,40485332190.0
841.84341005,841.8268545714272,40485332190.0
2090.7028004,2090.696134294007,40485332190.0
1524.2479129,1524.238769381266,40485332190.0
9057.5090332,9057.50749449595,40485332190.0
2410.0044501,2409.998667166301,40485332190.0
4860.4884376,4860.485570246052,40485332190.0
3307.6087726,3307.604558957094,40485332190.0
2755.3990637,2755.3940056969072,40485332190.0
2525.3110984,2525.3055795443797,40485332190.0
4233.7964432,4233.793151404288,40485332190.0
3210.4239852,3210.419643971002,40485332190.0
5844.5967885,5844.594403995456,40485332190.0
1256.2599645,1256.248870405804,40485332190.0
5738.5906698,5738.588241119547,40485332190.0
12447.75333,12447.752209468936,40485332190.0
4759.8133973,4759.810469255158,40485332190.0
4236.6242771,4236.620987415194,40485332190.0
3426.6270626,3426.6229953428524,40485332190.0
3162.5888934,3162.584486607602,40485332190.0
292.43138287,292.3837199960674,40485332190.0
5709.7146525,5709.712211557776,40485332190.0
1984.8325391,1984.8255173168507,40485332190.0
9393.4967631,9393.495279426943,40485332190.0
3237.4987561,3237.494451213593,40485332190.0
9044.604198,9044.602657050787,40485332190.0
5757.2079484,5757.205527589701,40485332190.0
2825.0245893,2825.0196559101514,40485332190.0
3489.3428903,3489.3388961242076,40485332190.0
3153.2319495,3153.227529597524,40485332190.0
3183.0250927,3183.020714224281,40485332190.0
3335.8010812,3335.7969032485566,40485332190.0
1690.0837121,1690.0754657563402,40485332190.0
5251.6135538,5251.61089995755,40485332190.0
3358.5617628,3358.5576130443046,40485332190.0
549.37470493,549.3493355341151,40485332190.0
6920.7544937,6920.7524799087405,40485332190.0
1656.695431,1656.6870185219436,40485332190.0
3727.2963201,3727.2925808838922,40485332190.0
1617.7072167,1617.6986014186512,40485332190.0
2428.7103458,2428.7046073054094,40485332190.0
1924.8541164,1924.8468758133479,40485332190.0
5613.7458967,5613.743414002351,40485332190.0
2538.8206878,2538.8151982613404,40485332190.0
3297.9939603,3297.9897344063015,40485332190.0
3134.6729961,3134.668550002324,40485332190.0
6733.647143,6733.645073248092,40485332190.0
4096.0209752,4096.017572621629,40485332190.0
3248.9647665,3248.9604768378485,40485332190.0
12501.07589,12501.07477504366,40485332190.0
5770.6463411,5770.6439259377485,40485332190.0
16118.518107,16118.517243022225,40485332190.0
9240.6051121,9240.603603864627,40485332190.0
922.70762978,922.6925252215863,40485332190.0
6930.0630407,6930.06102966688,40485332190.0
3233.146834,3233.142523315846,40485332190.0
677.51470065,677.4941295965609,40485332190.0
2103.8888674,2103.8822429105467,40485332190.0
3399.7153456,3399.711246124721,40485332190.0
3311.5785265,3311.574317923151,40485332190.0
3762.9739193,3762.9702156338794,40485332190.0
3041.9946915,3041.9901099748067,40485332190.0
3486.5459253,3486.541927934542,40485332190.0
1989.4688989,1989.4618934626371,40485332190.0
1869.0947241,1869.0872675800517,40485332190.0
23747.135467,23747.134879798792,40485332190.0
4940.9669638,4940.964143107797,40485332190.0
2891.5360167,2891.5311968276797,40485332190.0
3819.2266799,3819.223030724548,40485332190.0
2174.4707039,2174.464294470235,40485332190.0
1904.6475464,1904.6402289590033,40485332190.0
1978.344883,1978.3378382058315,40485332190.0
2599.2404257,2599.2350637488908,40485332190.0
1423.7462515,1423.7364625360474,40485332190.0
5850.2833742,5850.280991916248,40485332190.0
4879.8925052,4879.889649121246,40485332190.0
3793.111582,3793.107907634844,40485332190.0
4160.4547927,4160.451442753791,40485332190.0
6470.3836048,6470.381450827793,40485332190.0
5697.0554757,5697.053029398043,40485332190.0
7510.9884916,7510.986636023321,40485332190.0
3864.2508758,3864.2472691378985,40485332190.0
11598.24527,11598.244067737689,40485332190.0
3471.7618003,3471.7577858908776,40485332190.0
2836.0403496,2836.035435321269,40485332190.0
1766.2549074,1766.247016657598,40485332190.0
1508.8826197,1508.8733831114278,40485332190.0
554.9766948,554.9515814930166,40485332190.0
5888.6191675,5888.616800714979,40485332190.0
3699.5719731,3699.568205905786,40485332190.0
4299.3506306,4299.347389039199,40485332190.0
2123.0640138,2123.0574492667174,40485332190.0
16382.934743,16382.933892491967,40485332190.0
9424.3534743,9424.351995518487,40485332190.0
5518.305842,5518.3033164817925,40485332190.0
4305.1887272,4305.185489969222,40485332190.0
4111.4938892,4111.49049942002,40485332190.0
9018.8803206,9018.87877527194,40485332190.0
2195.4399828,2195.433634584,40485332190.0
1786.4121664,1786.404364703416,40485332190.0
3679.1939167,3679.1901286368643,40485332190.0
4679.7597929,4679.756814775562,40485332190.0
3223.417844,3223.4135203718647,40485332190.0
5982.3317471,5982.329417451445,40485332190.0
5455.2911463,5455.288591466612,40485332190.0
5476.1225152,5476.119970147677,40485332190.0
5329.0826682,5329.080053001078,40485332190.0
8438.3823585,8438.380706918866,40485332190.0
3316.5024215,3316.498219257943,40485332190.0
2764.2711573,2764.266115509569,40485332190.0
727.60407109,727.5849162127561,40485332190.0
1068.348582,1068.3355365523073,40485332190.0
2584.1517076,2584.1463142910516,40485332190.0
4035.3052297,4035.301775980482,40485332190.0
3513.3334685,3513.329501637074,40485332190.0
6330.8447595,6330.842558064277,40485332190.0
1234.4234446,1234.4121543304848,40485332190.0
6119.7744388,6119.772161412987,40485332190.0
16558.17639,16558.175548075666,40485332190.0
12089.755913,12089.754759386899,40485332190.0
9919.6552023,9919.653797350877,40485332190.0
4449.5888515,4449.585719379156,40485332190.0
2314.6658919,2314.6598707352623,40485332190.0
889.90593379,889.8902724657227,40485332190.0
8104.569299,8104.56757935458,40485332190.0
6459.9438373,6459.941679871819,40485332190.0
6503.6890136,6503.686870679917,40485332190.0
5190.7852747,5190.78258970979,40485332190.0
4186.1241033,4186.1207740254995,40485332190.0
3856.6266974,3856.623083611153,40485332190.0
2837.2908452,2837.285933111924,40485332190.0
2948.9667928,2948.962066710163,40485332190.0
23151.654506,23151.6539042946,40485332190.0
5654.6473936,5654.644928910116,40485332190.0
4952.4674149,4952.464600763673,40485332190.0
1285.7598379,1285.748998348896,40485332190.0
2804.8838523,2804.878883462847,40485332190.0
6576.2882,6576.286080733354,40485332190.0
1366.7038267,1366.6936290900956,40485332190.0
4843.3549277,4843.352050133148,40485332190.0
2270.3689781,2270.3628394008424,40485332190.0
2388.5973843,2388.5915495192007,40485332190.0
8385.7875131,8385.785851048386,40485332190.0
9360.6349463,9360.633457367956,40485332190.0
14926.247938,14926.247004751423,40485332190.0
6084.0310045,6084.028713777997,40485332190.0
3717.7202543,3717.716505556086,40485332190.0
17987.352101,17987.351325447504,40485332190.0
3594.6067797,3594.6029025215526,40485332190.0
4089.2374304,4089.2340221844943,40485332190.0
1409.7620433,1409.7521572360843,40485332190.0
12972.963351,12972.962276371723,40485332190.0
959.28301096,959.2684823145822,40485332190.0
1279.6232811,1279.6123896089384,40485332190.0
3712.0647779,3712.0610233971074,40485332190.0
9322.9609007,9322.959405811733,40485332190.0
1597.6372443,1597.6285206888645,40485332190.0
1312.5136653,1312.503046773359,40485332190.0
2464.7239255,2464.718270930399,40485332190.0
4062.3275709,4062.3241401016207,40485332190.0
7652.7959751,7652.794153922826,40485332190.0
9812.2935045,9812.292084095427,40485332190.0
12312.198523,12312.197391520765,40485332190.0
5444.7884576,5444.785897850144,40485332190.0
4808.8096426,4808.80674441605,40485332190.0
3553.7929495,3553.789027686313,40485332190.0
5836.1806947,5836.178306687559,40485332190.0
2372.2437164,2372.237841390075,40485332190.0
3856.2920012,3856.28838708011,40485332190.0
13055.080566,13055.079498953577,40485332190.0
3114.6233069,3114.6188321373434,40485332190.0
7498.1109427,7498.109083928604,40485332190.0
5626.791726,5626.789249115075,40485332190.0
12005.937368,12005.936207613875,40485332190.0
2628.9742576,2628.9689563208844,40485332190.0
2117.5594404,2117.55285874676,40485332190.0
567.35818895,567.3336237256066,40485332190.0
7454.2352536,7454.233383955732,40485332190.0
6401.3025175,6401.300340229949,40485332190.0
1997.054137,1997.0471581541703,40485332190.0
6548.9232525,6548.921124339046,40485332190.0
14899.033916,14899.032979858179,40485332190.0
4420.7495096,4420.746356991021,40485332190.0
1950.3564687,1950.3493227968465,40485332190.0
4521.1732438,4521.170161164554,40485332190.0
1916.0173758,1916.0101018858888,40485332190.0
4670.2728421,4670.269857901558,40485332190.0
1861.0623583,1861.0548696038963,40485332190.0
5311.6099981,5311.6073742328845,40485332190.0
1162.9473717,1162.9353874732585,40485332190.0
2747.8939281,2747.8888562366637,40485332190.0
7999.6912722,7999.689530059724,40485332190.0
630.22417409,630.2020593756969,40485332190.0
2606.5357275,2606.530380585614,40485332190.0
7317.1736523,7317.171747620573,40485332190.0
4489.5350782,4489.531973920047,40485332190.0
3148.0626388,3148.05821156897,40485332190.0
3032.0894348,3032.084838365997,40485332190.0
1704.9046549,1704.896480259883,40485332190.0
4003.9881021,4003.9846213083965,40485332190.0
5596.2914758,5596.288985459829,40485332190.0
2851.6047599,2851.599872433658,40485332190.0
7638.9878753,7638.986050782333,40485332190.0
2882.490323,2882.485487944575,40485332190.0
1082.0523564,1082.0394762388055,40485332190.0
3717.6164145,3717.6126655807843,40485332190.0
1742.4892797,1742.4812813943097,40485332190.0
14222.155523,14222.154542400509,40485332190.0
2800.2862016,2800.281224676978,40485332190.0
1318.6704117,1318.6598427069648,40485332190.0
7843.500406,7843.498629110394,40485332190.0
5920.4788059,5920.476451914379,40485332190.0
13321.09521,13321.094163795515,40485332190.0
2302.9295535,2302.9235016488133,40485332190.0
4375.0540259,4375.050840407433,40485332190.0
573.8553971,573.8311100168899,40485332190.0
6746.9082789,6746.906213249494,40485332190.0
2725.0166658,2725.0115514170448,40485332190.0
12136.776877,12136.775728691618,40485332190.0
3732.0581006,3732.0543662543582,40485332190.0
778.20210263,778.184193216165,40485332190.0
4898.4426236,4898.439778411682,40485332190.0
2770.3333824,2770.328351631491,40485332190.0
796.45289537,796.4353963595089,40485332190.0
2518.0209176,2518.015382631652,40485332190.0
3111.8979107,3111.8934321322445,40485332190.0
9793.1092108,9793.107787685836,40485332190.0
4959.1711041,4959.168293745336,40485332190.0
3628.37028,3628.366438887097,40485332190.0
7552.8116073,7552.809761953223,40485332190.0
5602.6709634,5602.668475828444,40485332190.0
993.33946962,993.3254390816643,40485332190.0
5249.8098804,5249.807225661209,40485332190.0
1950.5918722,1950.584727226407,40485332190.0
5354.9146752,5354.912072548985,40485332190.0
4187.9286593,4187.925331379379,40485332190.0
2042.0588773,2042.0520523457483,40485332190.0
771.67215273,771.6540917582126,40485332190.0
3446.9703288,3446.9662856331965,40485332190.0
4575.9419845,4575.938938774184,40485332190.0
7724.3272313,7724.325427038049,40485332190.0
9286.4839714,9286.482470701638,40485332190.0
5727.9984762,5727.996043078823,40485332190.0
8197.5959109,8197.594210748226,40485332190.0
8512.1900416,8512.188404271656,40485332190.0
1096.0405952,1096.0278794068329,40485332190.0
2387.9615392,2387.955702846292,40485332190.0
4430.9096595,4430.906514103884,40485332190.0
682.77852531,682.7581128499454,40485332190.0
3141.7886948,3141.7842588078356,40485332190.0
1131.1642037,1131.1518827227292,40485332190.0
7099.0155094,7099.013546180744,40485332190.0
1937.8247752,1937.8175831094738,40485332190.0
1372.1251421,1372.114984758959,40485332190.0
5637.100545,5637.098072591768,40485332190.0
3285.9463909,3285.942149493126,40485332190.0
3376.3957088,3376.391580966936,40485332190.0
3589.9485578,3589.944675644538,40485332190.0
4682.2463992,4682.243422623911,40485332190.0
7187.7647289,7187.762789921054,40485332190.0
1367.719764,1367.7095740802597,40485332190.0
10889.600497,10889.599217567808,40485332190.0
3841.5862615,3841.5826336522764,40485332190.0
8230.3649434,8230.363250097625,40485332190.0
3016.4351417,3016.4305213050093,40485332190.0
7775.790571,7775.788778717294,40485332190.0
3368.0310074,3368.0268694256347,40485332190.0
2236.0608371,2236.054604276079,40485332190.0
1456.0806294,1456.071057770485,40485332190.0
1038.8629376,1038.8495218696899,40485332190.0
6333.8897519,6333.887551478468,40485332190.0
1103.7656447,1103.7530178659767,40485332190.0
1068.7391617,1068.7261210995327,40485332190.0
3220.6196946,3220.6153672469645,40485332190.0
4002.8531533,4002.8496715981646,40485332190.0
4819.8471573,4819.844265694898,40485332190.0
1694.6113968,1694.603172498692,40485332190.0
3108.8721574,3108.8676743423216,40485332190.0
540.70231531,540.676538984759,40485332190.0
8641.4482033,8641.446590561249,40485332190.0
2070.3199096,2070.313177802827,40485332190.0
3361.8824317,3361.878286117771,40485332190.0
7855.9522352,7855.950461097459,40485332190.0
7407.8365601,7407.834678688896,40485332190.0
2019.9482748,2019.941375042225,40485332190.0
2210.7355446,2210.7292403584515,40485332190.0
4859.4079752,4859.405107096293,40485332190.0
2216.8604117,2216.8541248526117,40485332190.0
5120.0354398,5120.032717765112,40485332190.0
3245.6715294,3245.6672353742215,40485332190.0
2394.2241485,2394.218327410692,40485332190.0
5371.033759,5371.031164190181,40485332190.0
1710.8355817,1710.827435317317,40485332190.0
1692.5419435,1692.5337091003757,40485332190.0
2275.0523736,2275.0462476400276,40485332190.0
1294.5013268,1294.4905604160417,40485332190.0
4404.3997144,4404.396550146213,40485332190.0
3898.8879254,3898.884350864009,40485332190.0
356.50675239,356.46765706884315,40485332190.0
7003.6375762,7003.635586223827,40485332190.0
2359.1841329,2359.1782253373835,40485332190.0
5306.8995622,5306.896935953023,40485332190.0
3296.7012137,3296.6969861442954,40485332190.0
2030.1232623,2030.1163971616436,40485332190.0
3259.7472261,3259.74295063196,40485332190.0
3174.1232253,3174.1188345205223,40485332190.0
1049.5763489,1049.5630702117846,40485332190.0
2719.079177,2719.0740513944975,40485332190.0
1782.6435662,1782.6357480324432,40485332190.0
4440.6235166,4440.620378068109,40485332190.0
1616.5435079,1616.5348863949544,40485332190.0
1331.1721706,1331.1617008333747,40485332190.0
3050.7717048,3050.767136489021,40485332190.0
3654.607671,3654.6038574544496,40485332190.0
13248.168216,13248.167163715618,40485332190.0
9034.5659874,9034.564444709282,40485332190.0
6623.4605935,6623.458489361955,40485332190.0
17797.328749,17797.32796562065,40485332190.0
12220.668162,12220.667021407266,40485332190.0
1405.5679361,1405.5580204824803,40485332190.0
1432.2766984,1432.2669677804906,40485332190.0
3912.0535396,3912.0499770274637,40485332190.0
400.86745507,400.8326864967639,40485332190.0
4143.6744273,4143.67106394833,40485332190.0
30208.376939,30208.376478490925,40485332190.0
1095.384535,1095.3718115980166,40485332190.0
2593.4114979,2593.4061239329976,40485332190.0
16591.570346,16591.569506633266,40485332190.0
9298.5244072,9298.522908392899,40485332190.0
5622.6142084,5622.611729645098,40485332190.0
4602.2016339,4602.198605525185,40485332190.0
1477.7583549,1477.7489237337568,40485332190.0
2121.0081165,2121.0015455635644,40485332190.0
10026.644947,10026.64355762956,40485332190.0
1410.5680913,1410.5582108471754,40485332190.0
7362.281826,7362.279932967701,40485332190.0
7985.7099301,7985.708184849673,40485332190.0
1536.590544,1536.5814739006032,40485332190.0
3588.5268007,3588.5229169169884,40485332190.0
6511.9302267,6511.928086480313,40485332190.0
3612.5990893,3612.5952314569854,40485332190.0
650.54200593,650.5205819230316,40485332190.0
9217.2682889,9217.266776816212,40485332190.0
4581.1520492,4581.149006946491,40485332190.0
2785.6232687,2785.6182655159573,40485332190.0
2678.2658111,2678.2606074031896,40485332190.0
6993.1479546,6993.145961644826,40485332190.0
8960.6168416,8960.615286176278,40485332190.0
2695.243888,2695.238716972169,40485332190.0
7024.0723049,7024.070320780477,40485332190.0
1219.0595499,1219.0481172521008,40485332190.0
1321.6898022,1321.6792573544176,40485332190.0
7923.9826892,7923.980930383542,40485332190.0
5631.1917209,5631.189245980056,40485332190.0
3593.495526,3593.491647654614,40485332190.0
5997.7873365,5997.785012859916,40485332190.0
5255.0216888,5255.019036751626,40485332190.0
4454.496265,4454.493136171623,40485332190.0
1419.7718182,1419.7620018760629,40485332190.0
2113.8455319,2113.8389386381036,40485332190.0
4416.0162586,4416.013102616981,40485332190.0
4534.4696665,4534.466592905564,40485332190.0
3196.1289501,3196.124589494416,40485332190.0
3053.0376783,3053.0331133493264,40485332190.0
7079.7639238,7079.761955178734,40485332190.0
4419.9422543,4419.939101079632,40485332190.0
3253.0242519,3253.0199676109037,40485332190.0
5632.1569496,5632.154475035684,40485332190.0
13964.725833,13964.724835349409,40485332190.0
2753.1321843,2753.127122013006,40485332190.0
5688.5126474,5688.510197379431,40485332190.0
11741.176323,11741.17513539428,40485332190.0
3687.2368257,3687.233045932153,40485332190.0
1950.027765,1950.0206179348959,40485332190.0
1184.4819,1184.470133666721,40485332190.0
7207.43063,7207.428696292252,40485332190.0
5966.663797,5966.661461191819,40485332190.0
2767.5126879,2767.5076519505865,40485332190.0
3316.8506261,3316.846424158396,40485332190.0
20233.42803,20233.427340697926,40485332190.0
16656.770755,16656.769918528127,40485332190.0
3605.7837648,3605.779899656145,40485332190.0
11470.269594,11470.268379198733,40485332190.0
5682.7070908,5682.704638225118,40485332190.0
3568.2714418,3568.2675360423477,40485332190.0
784.96025366,784.9424984424476,40485332190.0
8104.4214538,8104.419734083994,40485332190.0
8797.2829084,8797.281324100371,40485332190.0
8139.0269358,8139.025223473299,40485332190.0
4336.4014202,4336.398206181622,40485332190.0
3110.1948203,3110.190339264193,40485332190.0
3629.1646855,3629.1608452723503,40485332190.0
4042.6749335,4042.671486038282,40485332190.0
3099.8511919,3099.846695856816,40485332190.0
6470.9943654,6470.992211681672,40485332190.0
3792.7029313,3792.699256689617,40485332190.0
7491.8895241,7491.887663763077,40485332190.0
4769.390496,4769.387573840476,40485332190.0
1956.8192574,1956.8121351628185,40485332190.0
3071.1849959,3071.180457885782,40485332190.0
3200.5801532,3200.575798662606,40485332190.0
4320.6376013,4320.634375602085,40485332190.0
5361.5410735,5361.538474036246,40485332190.0
2345.6465416,2345.6405999836643,40485332190.0
3085.9006043,3085.896087990239,40485332190.0
2460.749935,2460.7442712585175,40485332190.0
3046.1481683,3046.143593052685,40485332190.0
2244.0226533,2244.0164425839844,40485332190.0
5007.1570914,5007.154308062105,40485332190.0
866.22817806,866.2120886352074,40485332190.0
2495.3325773,2495.326992028798,40485332190.0
2746.1078818,2746.1028065743512,40485332190.0
6433.4154157,6433.413249442162,40485332190.0
5184.8206137,5184.817925678348,40485332190.0
6990.4648408,6990.462847123428,40485332190.0
1734.9560034,1734.9479702860963,40485332190.0
963.95815789,963.9436997035734,40485332190.0
2956.1951386,2956.190424099883,40485332190.0
6776.0164614,6776.014404587921,40485332190.0
21079.53348,21079.532818347383,40485332190.0
6452.6646913,6452.662531391384,40485332190.0
3499.4040472,3499.400064485394,40485332190.0
1538.2953513,1538.2862912513654,40485332190.0
7768.4619307,7768.460136579327,40485332190.0
2027.0275333,2027.0206577517308,40485332190.0
6179.9340414,6179.931786205405,40485332190.0
2732.6917804,2732.6866802945137,40485332190.0
1598.8451908,1598.8364737941952,40485332190.0
3550.6428617,3550.638936473945,40485332190.0
7300.630692,7300.6287830226665,40485332190.0
3543.3280153,3543.3240819490384,40485332190.0
9486.4337729,9486.432303774405,40485332190.0
3158.5654387,3158.561026230944,40485332190.0
3555.0845783,3555.0806580403314,40485332190.0
6475.9987067,6475.9965545985015,40485332190.0
1975.9531735,1975.9461201212291,40485332190.0
3555.6510254,3555.647105728327,40485332190.0
2658.9896898,2658.9844483283878,40485332190.0
1161.4636836,1161.451684079945,40485332190.0
10128.764441,10128.7630651101,40485332190.0
1289.722783,1289.711976731574,40485332190.0
4407.428382,4407.42521979537,40485332190.0
3711.2794697,3711.2757143740187,40485332190.0
2208.9159557,2208.909646209582,40485332190.0
7436.0284933,7436.026619065543,40485332190.0
2448.9539745,2448.9482835152317,40485332190.0
4211.0062531,4211.002943481746,40485332190.0
3580.4170809,3580.413188366949,40485332190.0
5274.4010799,5274.398437570207,40485332190.0
1518.8446899,1518.8355138711154,40485332190.0
3135.118407,3135.1139615362913,40485332190.0
4933.7012958,4933.698470926274,40485332190.0
8752.5205546,8752.518962214917,40485332190.0
1883.9632572,1883.9558594584223,40485332190.0
6116.4032522,6116.400973582098,40485332190.0
3360.8525819,3360.8484351260486,40485332190.0
15574.897274,15574.896379789521,40485332190.0
5538.7017739,5538.699257580398,40485332190.0
1668.5824515,1668.5740988094599,40485332190.0
1502.0866298,1502.0773513593006,40485332190.0
1536.5071544,1536.4980838752822,40485332190.0
3060.6066178,3060.6020641857535,40485332190.0
10254.552867,10254.551508539527,40485332190.0
4455.1917255,4455.18859720717,40485332190.0
2938.7440739,2938.739331372395,40485332190.0
4924.4632306,4924.460400460127,40485332190.0
5512.2319368,5512.229408376356,40485332190.0
10079.029429,10079.028045718884,40485332190.0
3042.6620452,3042.6574647150574,40485332190.0
11982.478657,11982.477494337327,40485332190.0
4934.8498355,4934.84701122412,40485332190.0
3370.0130354,3370.008899807408,40485332190.0
10800.092648,10800.091358311533,40485332190.0
4756.8393422,4756.836412309519,40485332190.0
1796.8104206,1796.802664133508,40485332190.0
11801.920017,11801.918836048257,40485332190.0
2317.8932993,2317.887286511229,40485332190.0
1518.6085193,1518.5993418140251,40485332190.0
4999.153821,4999.151033159957,40485332190.0
2927.4221504,2927.4173895131194,40485332190.0
1481.0262684,1481.0168580256175,40485332190.0
7242.3193894,7242.317464961654,40485332190.0
2589.1029894,2589.0976065040404,40485332190.0
4068.3571193,4068.3536936676587,40485332190.0
556.1968123,556.171754086657,40485332190.0
2315.7331714,2315.7271530550497,40485332190.0
5353.8028415,5353.800238350911,40485332190.0
1435.8583624,1435.848655981995,40485332190.0
9901.9421908,9901.940783232752,40485332190.0
6398.2212735,6398.219095279178,40485332190.0
6852.4385875,6852.436553629856,40485332190.0
2545.5795364,2545.5740614159713,40485332190.0
6949.4348612,6949.432855653258,40485332190.0
4329.1259116,4329.122692171745,40485332190.0
4082.1743464,4082.170932219641,40485332190.0
7706.0377902,7706.035981646661,40485332190.0
3461.8311304,3461.827104468079,40485332190.0
2170.9180357,2170.911615787335,40485332190.0
10562.554628,10562.553309400479,40485332190.0
1948.7982829,1948.7911313257464,40485332190.0
3256.516478,3256.5121982896508,40485332190.0
2431.649806,2431.6440744599577,40485332190.0
1203.6696714,1203.6580925265946,40485332190.0
7666.2152822,7666.213464219378,40485332190.0
4071.7526218,4071.74919890811,40485332190.0
3415.0012191,3414.9971379972458,40485332190.0
10062.200729,10062.199343665066,40485332190.0
7491.5065707,7491.504710246867,40485332190.0
5623.4054406,5623.402962280386,40485332190.0
4480.5844372,4480.581326710371,40485332190.0
7587.7242404,7587.7224037083,40485332190.0
8605.5242193,8605.522599738146,40485332190.0
8407.8902152,8407.888557604325,40485332190.0
1323.9691543,1323.958627598521,40485332190.0
1736.7676272,1736.759602492,40485332190.0
4776.4249526,4776.422034767678,40485332190.0
4999.0412515,4999.038463520036,40485332190.0
3886.8429653,3886.839379553942,40485332190.0
2583.6696232,2583.664228969149,40485332190.0
2264.3230583,2264.316903241721,40485332190.0
6880.178995,6880.176969367648,40485332190.0
7581.7062592,7581.704420936243,40485332190.0
1116.9832812,1116.9708037371588,40485332190.0
2937.5800414,2937.575297044276,40485332190.0
1802.4190021,1802.4112697389369,40485332190.0
12192.351715,12192.350571570845,40485332190.0
2617.2610593,2617.2557343439703,40485332190.0
5038.2717631,5038.268996850572,40485332190.0
3655.1642869,3655.1604739114587,40485332190.0
3759.9733222,3759.969615556784,40485332190.0
2398.1765897,2398.170778224222,40485332190.0
3425.0948109,3425.090741855332,40485332190.0
4976.1027444,4976.099943653047,40485332190.0
3996.4075186,3996.404031236258,40485332190.0
8003.2711408,8003.269399386996,40485332190.0
8925.4766418,8925.475080365,40485332190.0
4162.747942,4162.744593996635,40485332190.0
2866.1845045,2866.1796419770462,40485332190.0
4593.7240734,4593.721039463673,40485332190.0
8958.5294562,8958.52790042837,40485332190.0
11962.192523,11962.191357418744,40485332190.0
1759.3854097,1759.377488209169,40485332190.0
1765.3960853,1765.3881906910638,40485332190.0
1961.4638858,1961.4567804012188,40485332190.0
3237.1320214,3237.1277160713157,40485332190.0
2867.9514375,2867.9465779982543,40485332190.0
4772.1608348,4772.157914328102,40485332190.0
12970.096616,12970.095541365625,40485332190.0
2271.3451504,2271.339014405896,40485332190.0
3863.4541251,3863.450517670306,40485332190.0
3089.4131237,3089.4086125198924,40485332190.0
1761.8325883,1761.8246777463057,40485332190.0
3605.0382898,3605.0344238410908,40485332190.0
3822.2367598,3822.233113519561,40485332190.0
1328.0262469,1328.0157523620699,40485332190.0
2899.9968273,2899.992021392392,40485332190.0
4325.6455111,4325.642289223725,40485332190.0
3077.4849377,3077.4804089764925,40485332190.0
3541.9433757,3541.9394408088833,40485332190.0
6186.5957551,6186.593502322504,40485332190.0
7116.0158352,7116.013876684928,40485332190.0
14005.541426,14005.540430972205,40485332190.0
7595.4310757,7595.429240719459,40485332190.0
508.56021056,508.532805041765,40485332190.0
6516.5265435,6516.524404753117,40485332190.0
7436.4026523,7436.400778062357,40485332190.0
5980.7270647,5980.724734348836,40485332190.0
4387.7782176,4387.775041219572,40485332190.0
1768.0436639,1768.03578116181,40485332190.0
25877.743793,25877.743253833072,40485332190.0
3923.9451174,3923.9415656649758,40485332190.0
3291.0488241,3291.044589251224,40485332190.0
8433.6929499,8433.691297353002,40485332190.0
5635.6431389,5635.640665890121,40485332190.0
6700.3921753,6700.390095296333,40485332190.0
2944.8439588,2944.839226194675,40485332190.0
3918.4546136,3918.451056860658,40485332190.0
3208.011599,3208.0072545736557,40485332190.0
2838.6358229,2838.6309131509934,40485332190.0
2278.7048049,2278.6986886634036,40485332190.0
4157.7440614,4157.7407094197015,40485332190.0
1639.1141794,1639.105676570147,40485332190.0
8340.8395339,8340.837862883265,40485332190.0
3357.6883037,3357.6841529415406,40485332190.0
7063.7157024,7063.713729380859,40485332190.0
274.2715559,274.2207366453799,40485332190.0
2543.0050085,2542.9995279386744,40485332190.0
9014.5080487,9014.506502656137,40485332190.0
3465.6712527,3465.6672312001388,40485332190.0
3417.6763385,3417.6722606370286,40485332190.0
7787.8521785,7787.850388935138,40485332190.0
3380.3732062,3380.3690832579055,40485332190.0
3771.8539088,3771.850213817671,40485332190.0
3049.2123763,3049.2078056022174,40485332190.0
3550.085096,3550.081170167675,40485332190.0
3954.6451063,3954.6415821173355,40485332190.0
4627.4436544,4627.440642617922,40485332190.0
4398.6569648,4398.653796316541,40485332190.0
5049.7247928,5049.722032836414,40485332190.0
162.59759473,162.5118575554202,40485332190.0
3306.3410694,3306.3368541844475,40485332190.0
5056.6337025,5056.6309463362695,40485332190.0
3896.7290467,3896.7254700870717,40485332190.0
3031.3573497,3031.3527520332646,40485332190.0
1318.2752914,1318.2647192609431,40485332190.0
2278.2205891,2278.214471639718,40485332190.0
4577.6814903,4577.678445761122,40485332190.0
3536.4879166,3536.48397562861,40485332190.0
4309.664158,4309.660924094875,40485332190.0
8373.1836455,8373.181981009924,40485332190.0
3554.6337755,3554.6298546755966,40485332190.0
22213.198672,22213.198044174078,40485332190.0
1737.5182632,1737.5102419921413,40485332190.0
3306.5530011,3306.5487860848234,40485332190.0
7065.2823784,7065.28040584844,40485332190.0
1196.1428502,1196.131198522398,40485332190.0
2381.1920069,2381.186153907526,40485332190.0
2937.2437267,2937.2389817358635,40485332190.0
6643.9743171,6643.972219425012,40485332190.0
8445.3007813,8445.299130961977,40485332190.0
1348.0253902,1348.015051362093,40485332190.0
1795.6856912,1795.6779298469037,40485332190.0
14567.588164,14567.587207402496,40485332190.0
1960.9449173,1960.9378100476363,40485332190.0
3853.642029,3853.6384124631677,40485332190.0
8714.3299993,8714.32840001952,40485332190.0
2953.633642,2953.6289233547063,40485332190.0
1017.2905028,1017.2768026417349,40485332190.0
10032.438905,10032.437515368942,40485332190.0
6966.8120332,6966.81003271344,40485332190.0
834.85860534,834.8419113496551,40485332190.0
4436.131503,4436.128361292555,40485332190.0
1615.1563637,1615.1477347544956,40485332190.0
1999.1969125,1999.1899412101586,40485332190.0
7922.5284506,7922.526691468232,40485332190.0
4401.9033469,4401.900180758079,40485332190.0
3995.7295252,3995.726037243312,40485332190.0
5638.6437785,5638.641306757744,40485332190.0
3851.2801416,3851.2765228685994,40485332190.0
1536.9673582,1536.9582903582186,40485332190.0
6736.4848423,6736.482773406821,40485332190.0
2428.5131043,2428.5073653692075,40485332190.0
6183.4602166,6183.4579627028315,40485332190.0
10518.883788,10518.882462812455,40485332190.0
5256.9642694,5256.961618293692,40485332190.0
330.02038314,329.9781497704088,40485332190.0
3684.2904359,3684.286653079365,40485332190.0
1534.4515039,1534.4424210757898,40485332190.0
1120.6550486,1120.6426120239228,40485332190.0
1770.7230302,1770.715159391686,40485332190.0
3487.1501595,3487.146162786952,40485332190.0
5643.227639,5643.225169328163,40485332190.0
6360.2952461,6360.293054818952,40485332190.0
3217.9296168,3217.9252858098607,40485332190.0
3583.7699817,3583.7660928345663,40485332190.0
6354.5398962,6354.537702915283,40485332190.0
7718.3070228,7718.305217098102,40485332190.0
7225.6724336,7225.670504734287,40485332190.0
2359.2776419,2359.2717345904425,40485332190.0
2836.0441105,2836.039196271354,40485332190.0
644.74578156,644.7241649570699,40485332190.0
2412.0868486,2412.0810706052966,40485332190.0
1486.5477843,1486.5384088953886,40485332190.0
7228.7550299,7228.753101930789,40485332190.0
13437.53494,13437.533902875073,40485332190.0
8757.2831761,8757.28158463661,40485332190.0
9561.9489118,9561.947454256793,40485332190.0
3050.134686,3050.130116701591,40485332190.0
6969.352135,6969.350135256626,40485332190.0
5187.0176882,5187.015001327579,40485332190.0
2909.4622791,2909.4574888821744,40485332190.0
5331.9262008,5331.923586839941,40485332190.0
3235.8385893,3235.8342822272994,40485332190.0
6747.7698594,6747.767793975426,40485332190.0
8125.7749434,8125.773228216883,40485332190.0
10505.615175,10505.61384818185,40485332190.0
1614.0550348,1614.04640002949,40485332190.0
9460.5350688,9460.533595631847,40485332190.0
1900.0544313,1900.0470962045908,40485332190.0
6615.589281,6615.587174336996,40485332190.0
4557.092471,4557.089412660318,40485332190.0
6370.2510218,6370.248833989548,40485332190.0
2927.7317427,2927.726982356624,40485332190.0
1483.5238988,1483.5145042254005,40485332190.0
21410.522415,21410.521764293662,40485332190.0
7942.6887951,7942.687040442253,40485332190.0
8637.2652287,8637.263615153457,40485332190.0
5566.0452932,5566.042789246455,40485332190.0
6676.4780364,6676.475948893482,40485332190.0
11283.359506,11283.358271617755,40485332190.0
2731.2990579,2731.2939552395883,40485332190.0
9211.9851393,9211.9836263707,40485332190.0
2757.3491445,2757.344089985294,40485332190.0
1886.0105915,1886.0032018268414,40485332190.0
2106.977629,2106.9710143543616,40485332190.0
3107.1903309,3107.185845493682,40485332190.0
3602.4865151,3602.48264640189,40485332190.0
8050.273433,8050.271701731574,40485332190.0
19723.770862,19723.770155203518,40485332190.0
5388.1595484,5388.156961794466,40485332190.0
2697.0634389,2697.058271380143,40485332190.0
2793.6383697,2793.6333808619056,40485332190.0
10792.868903,10792.867611624522,40485332190.0
4207.8864367,4207.883124606687,40485332190.0
2557.3555354,2557.350085681037,40485332190.0
1497.2977303,1497.2884221578738,40485332190.0
6917.864096,6917.862081336675,40485332190.0
3648.0663443,3648.0625238908274,40485332190.0
1024.8235483,1024.8099488291348,40485332190.0
1805.9923579,1805.9846408312244,40485332190.0
9563.5359318,9563.534474433789,40485332190.0
266.2785114,266.22616638588397,40485332190.0
10878.822531,10878.82124987527,40485332190.0
1574.9514105,1574.9425613539604,40485332190.0
1760.5951273,1760.587211266832,40485332190.0
9144.5202203,9144.5186962258,40485332190.0
2809.0632007,2809.058239288782,40485332190.0
16081.557339,16081.556471478516,40485332190.0
212.18391369,212.1182200151775,40485332190.0
4048.9064604,4048.9030182545152,40485332190.0
1469.3018597,1469.2923742049861,40485332190.0
2237.5502909,2237.544062203108,40485332190.0
1629.7320632,1629.7235114968664,40485332190.0
1863.4835995,1863.476120461097,40485332190.0
2819.3774403,2819.372497009513,40485332190.0
2753.228682,2753.2236198631317,40485332190.0
3241.5796018,3241.575302374479,40485332190.0
1874.9977384,1874.990305355384,40485332190.0
425.70619478,425.67345502352947,40485332190.0
3758.3012632,3758.2975549078606,40485332190.0
4106.2318698,4106.22847568873,40485332190.0
2845.7110883,2845.706190751583,40485332190.0
4024.9992061,4024.9957435133992,40485332190.0
8993.4119264,8993.410376711297,40485332190.0
5585.3122863,5585.309791025519,40485332190.0
14931.29463,14931.293696625664,40485332190.0
3174.2824664,3174.278075816023,40485332190.0
1761.2551178,1761.2472047132676,40485332190.0
1743.0906071,1743.082611442551,40485332190.0
876.26086657,876.2449613580457,40485332190.0
9090.1741886,9090.172655318112,40485332190.0
6093.9275531,6093.925266065462,40485332190.0
2851.0479435,2851.043055126585,40485332190.0
4025.4594684,4025.456006189407,40485332190.0
3455.6714401,3455.6674070578356,40485332190.0
7053.4043023,7053.402326348139,40485332190.0
3441.5614736,3441.557423932967,40485332190.0
5319.7392396,5319.736619729957,40485332190.0
1289.7133624,1289.70255609382,40485332190.0
4473.9560574,4473.952942244027,40485332190.0
3106.9635823,3106.9590966060405,40485332190.0
1000.5015688,1000.4876387151951,40485332190.0
5524.9352222,5524.932699646593,40485332190.0
1634.3750999,1634.366572497519,40485332190.0
4756.5970714,4756.594141325645,40485332190.0
6718.7453566,6718.74328223294,40485332190.0
3178.7313445,3178.726959998354,40485332190.0
4426.1462109,4426.143062064476,40485332190.0
3504.2354113,3504.231434136439,40485332190.0
4787.5989936,4787.596082565423,40485332190.0
1504.1957143,1504.186448869083,40485332190.0
3044.4343657,3044.429787770566,40485332190.0
4735.5895517,4735.586608581419,40485332190.0
5510.2163813,5510.213852034722,40485332190.0
3136.6815259,3136.6770826622796,40485332190.0
1784.1627455,1784.1549340644676,40485332190.0
2005.3476027,2005.3406527963843,40485332190.0
3660.6277227,3660.6239155020344,40485332190.0
4917.0628815,4917.060047072914,40485332190.0
4800.5703126,4800.56740945311,40485332190.0
6788.5909173,6788.588864251811,40485332190.0
3251.7133004,3251.7090143540877,40485332190.0
5697.3256925,5697.323246266801,40485332190.0
9748.443064,9748.441634301184,40485332190.0
7611.0932974,7611.091466271201,40485332190.0
8517.5102666,8517.508630248389,40485332190.0
7399.2567626,7399.254879010966,40485332190.0
8637.4192562,8637.417642596245,40485332190.0
10224.542712,10224.541349657044,40485332190.0
4818.9322973,4818.929405091901,40485332190.0
3064.0039519,3063.9994032731443,40485332190.0
3503.4370699,3503.433091817063,40485332190.0
5033.6334314,5033.630662565559,40485332190.0
5224.896865,5224.894197542959,40485332190.0
9896.4191065,9896.417698223673,40485332190.0
5648.8385881,5648.836120896316,40485332190.0
5405.3969948,5405.394416459823,40485332190.0
3810.2579015,3810.2542437863995,40485332190.0
1787.7263051,1787.7185092021741,40485332190.0
4128.0153244,4128.011948193736,40485332190.0
1618.6327493,1618.6241389806275,40485332190.0
1989.715684,1989.7086794890063,40485332190.0
13032.030916,13032.029847249334,40485332190.0
2131.4032983,2131.3967594466103,40485332190.0
3030.4207879,3030.416188773871,40485332190.0
4502.9096269,4502.906531760586,40485332190.0
9670.8006684,9670.799227233038,40485332190.0
6884.2765934,6884.274568907182,40485332190.0
3776.7702319,3776.766541657699,40485332190.0
8205.6659695,8205.66427096946,40485332190.0
3481.3787352,3481.3747318918527,40485332190.0
12278.373697,12278.372561096385,40485332190.0
2060.6276753,2060.620911877706,40485332190.0
9358.3672797,9358.365790505368,40485332190.0
744.93526835,744.9165591291617,40485332190.0
8246.2236914,8246.22200128332,40485332190.0
5054.70627,5054.703512765068,40485332190.0
8761.2940302,8761.292439475086,40485332190.0
1895.8229701,1895.8156186647973,40485332190.0
2963.8924414,2963.887739126208,40485332190.0
7214.2041994,7214.202267553913,40485332190.0
2275.9556305,2275.9495069450363,40485332190.0
10860.512156,10860.510871997998,40485332190.0
3032.156903,3032.1523066424706,40485332190.0
9358.9859565,9358.98446733286,40485332190.0
2339.2634333,2339.257475520646,40485332190.0
6612.8984817,6612.896374194213,40485332190.0
4508.9005787,4508.897487732319,40485332190.0
6594.0351889,6594.033075367869,40485332190.0
8084.7604501,8084.758726204686,40485332190.0
6961.7649185,6961.762916536247,40485332190.0
2179.0844763,2179.0780805040094,40485332190.0
4999.453782,4999.450994294315,40485332190.0
3104.9194088,3104.9149201625974,40485332190.0
2538.3138633,2538.3083726417153,40485332190.0
8391.6142576,8391.612596802539,40485332190.0
8328.5019203,8328.50024683924,40485332190.0
2703.251692,2703.2465362886805,40485332190.0
7178.7556746,7178.753733115573,40485332190.0
1504.486189,1504.4769253435625,40485332190.0
1632.6804329,1632.6718965811529,40485332190.0
11086.206025,11086.204767940124,40485332190.0
6586.5476051,6586.545489133337,40485332190.0
2680.7109112,2680.7057121633216,40485332190.0
16989.528873,16989.52805267615,40485332190.0
2470.6192387,2470.6135975483635,40485332190.0
7007.09417,7007.092181058418,40485332190.0
8454.8293027,8454.82765433538,40485332190.0
4958.255397,4958.252586128215,40485332190.0
3179.4114204,3179.407036825369,40485332190.0
9949.9683791,9949.96697843753,40485332190.0
1308.8506382,1308.83998989398,40485332190.0
11090.785686,11090.784429574862,40485332190.0
6508.24937,6508.247228613115,40485332190.0
3246.4236068,3246.4193138182645,40485332190.0
11207.064915,11207.063671456892,40485332190.0
975.95736643,975.9430860096704,40485332190.0
3530.1018729,3530.097924848497,40485332190.0
12764.405532,12764.40444035706,40485332190.0
224.18210584,224.11992908200395,40485332190.0
2298.7381944,2298.732131470767,40485332190.0
9112.613213,9112.61168350459,40485332190.0
2158.3187921,2158.31233471356,40485332190.0
13182.221148,13182.220090419307,40485332190.0
7528.5161777,7528.514326531169,40485332190.0
7702.4074278,7702.40561827082,40485332190.0
1035.3730701,1035.3596092368155,40485332190.0
5728.7101549,5728.707722085829,40485332190.0
12224.642353,12224.641213139932,40485332190.0
20119.711562,20119.710869180857,40485332190.0
4358.8134637,4358.810266285846,40485332190.0
2135.9746094,2135.9680844876984,40485332190.0
9654.950656,9654.949212539346,40485332190.0
2671.3410331,2671.335815891552,40485332190.0
5238.9665609,5238.963900706668,40485332190.0
5449.6341534,5449.6315959982085,40485332190.0
2015.0804791,2015.0735627916645,40485332190.0
4364.7570242,4364.753831141363,40485332190.0
4581.6726242,4581.66958228547,40485332190.0
8233.3097387,8233.30804595864,40485332190.0
11405.073433,11405.072211226874,40485332190.0
3625.832791,3625.8289472061683,40485332190.0
4113.9579763,4113.954588541812,40485332190.0
3657.6368748,3657.6330644404475,40485332190.0
8346.5370014,8346.535331614548,40485332190.0
5410.2470609,5410.24448483785,40485332190.0
12234.799643,12234.798503764625,40485332190.0
2601.5097239,2601.5043666944325,40485332190.0
2581.352506,2581.347106893679,40485332190.0
2221.8579791,2221.8517064150114,40485332190.0
2219.0512705,2219.044989853794,40485332190.0
6159.6527178,6159.650455182859,40485332190.0
3503.6393625,3503.6353847052533,40485332190.0
4322.4658054,4322.462581082315,40485332190.0
1126.1684934,1126.1561178341303,40485332190.0
4718.3620504,4718.359096613216,40485332190.0
5229.0499427,5229.04727740247,40485332190.0
1713.9200392,1713.911907496536,40485332190.0
5858.1607869,5858.158407839444,40485332190.0
985.81226991,985.7981322508745,40485332190.0
3703.4136018,3703.4098385445727,40485332190.0
1899.8593235,1899.8519876692365,40485332190.0
2889.16619,2889.161366108277,40485332190.0
5822.741207,5822.738813451213,40485332190.0
7807.3530518,7807.351266733592,40485332190.0
4725.4654177,4725.4624684206665,40485332190.0
864.31046688,864.2943417581405,40485332190.0
17599.151272,17599.15047975475,40485332190.0
2179.1343943,2179.127998620948,40485332190.0
2270.8164864,2270.810348915534,40485332190.0
3441.6030073,3441.598957832045,40485332190.0
1896.4189958,1896.4116466752503,40485332190.0
3452.802888,3452.7988515504953,40485332190.0
3858.9936815,3858.990069992991,40485332190.0
7149.3267942,7149.324844756349,40485332190.0
1673.9551322,1673.946806450958,40485332190.0
2459.4052826,2459.399615776218,40485332190.0
24564.900995,24564.900428149864,40485332190.0
256.42761676,256.37326044806895,40485332190.0
8869.7849532,8869.783381878644,40485332190.0
3731.5241077,3731.5203727833114,40485332190.0
2154.1967372,2154.190267542921,40485332190.0
8691.4441663,8691.442562772192,40485332190.0
1271.9815765,1271.9706195315307,40485332190.0
8395.602616,8395.600956013908,40485332190.0
503.1902693,503.1625712933357,40485332190.0
8582.9450116,8582.943387797246,40485332190.0
2821.6310327,2821.6260934259267,40485332190.0
2929.7929528,2929.7881958412036,40485332190.0
4969.20859,4969.205785383702,40485332190.0
2154.5786048,2154.5721362678933,40485332190.0
5541.1313828,5541.128867613872,40485332190.0
8946.3717487,8946.370190802603,40485332190.0
4996.3139876,4996.31119817134,40485332190.0
1659.0940087,1659.0856083663202,40485332190.0
1508.2628416,1508.2536011352843,40485332190.0
6796.2743988,6796.272348062028,40485332190.0
8361.7500585,8361.748391773479,40485332190.0
1721.9996256,1721.9915321159565,40485332190.0
1420.2196954,1420.209882096579,40485332190.0
6744.1559069,6744.153840358777,40485332190.0
3042.6316073,3042.6270266328575,40485332190.0
2927.1253917,2927.120630401453,40485332190.0
5861.8007797,5861.798402136381,40485332190.0
7271.7568978,7271.754981226961,40485332190.0
16033.62316,16033.622290962923,40485332190.0
17299.699558,17299.69875308919,40485332190.0
6732.8989397,6732.896869672033,40485332190.0
435.95246892,435.92049870754425,40485332190.0
1878.9858331,1878.9784158162176,40485332190.0
8195.5153602,8195.513659673661,40485332190.0
8133.410124,8133.408410470558,40485332190.0
1002.2343404,1002.22043432256,40485332190.0
1778.6783939,1778.6705582321933,40485332190.0
3362.0898017,3362.085656329529,40485332190.0
4047.9713713,4047.9679283947567,40485332190.0
1159.0225474,1159.0105225718053,40485332190.0
2847.8838033,2847.8789094585404,40485332190.0
2455.6014686,2455.5957930412965,40485332190.0
3152.6201613,3152.6157404503438,40485332190.0
2855.4020224,2855.3971414350226,40485332190.0
13843.542775,13843.541768186979,40485332190.0
3064.3227705,3064.3182222816326,40485332190.0
8148.6647056,8148.662995238757,40485332190.0
10560.776396,10560.77507618815,40485332190.0
2566.0237562,2566.018324882663,40485332190.0
1894.7382716,1894.730915925058,40485332190.0
1290.1017267,1290.0909235999038,40485332190.0
2531.5790099,2531.5735046927775,40485332190.0
6978.8184434,6978.816446318246,40485332190.0
1375.9515228,1375.9413938110347,40485332190.0
2609.3886487,2609.3833075637413,40485332190.0
1067.6695827,1067.6565289112204,40485332190.0
3820.1836437,3820.1799954285693,40485332190.0
4634.9328206,4634.929813705139,40485332190.0
4474.0523262,4474.0492111684825,40485332190.0
1730.5650758,1730.55702241606,40485332190.0
4135.3090212,4135.305650922487,40485332190.0
2740.8309466,2740.8258617209917,40485332190.0
2266.6337597,2266.6276109975934,40485332190.0
9311.2977575,9311.296260734096,40485332190.0
1317.727956,1317.717379368491,40485332190.0
3133.9398044,3133.9353573081758,40485332190.0
16763.465187,16763.464354981275,40485332190.0
426.52698576,426.49430900586725,40485332190.0
7855.8753444,7855.873570362171,40485332190.0
404.53803533,404.50358226200245,40485332190.0
527.74914878,527.722739779556,40485332190.0
12102.997849,12102.99669779467,40485332190.0
9198.8102164,9198.808701356133,40485332190.0
431.67034928,431.63806190702616,40485332190.0
2181.8748103,2181.8684226372147,40485332190.0
2020.4493028,2020.4424048845106,40485332190.0
3330.0926053,3330.0884201871927,40485332190.0
1491.2630572,1491.2537113757617,40485332190.0
1637.364395,1637.3558831019925,40485332190.0
4172.6318062,4172.628466137815,40485332190.0
2014.8652513,2014.858334242128,40485332190.0
2201.1027389,2201.0964070421246,40485332190.0
3271.5628538,3271.558593728621,40485332190.0
4663.3515445,4663.348555817135,40485332190.0
4542.3575984,4542.354530197173,40485332190.0
1747.4977036,1747.4897282425009,40485332190.0
11143.729601,11143.728350776682,40485332190.0
205.75837075,205.69062489136135,40485332190.0
6232.23065,6232.228413661197,40485332190.0
3466.1929917,3466.1889708680487,40485332190.0
1096.5671966,1096.5544869290486,40485332190.0
4495.0203804,4495.017279802403,40485332190.0
9416.2818888,9416.280408752282,40485332190.0
10046.928351,10046.926964045193,40485332190.0
2149.6093869,2149.6029033600526,40485332190.0
14861.333301,14861.332363237583,40485332190.0
6717.7557664,6717.753691794361,40485332190.0
1514.7271927,1514.7179916876157,40485332190.0
6971.6333478,6971.631348689048,40485332190.0
7067.3760489,7067.374076938954,40485332190.0
3545.5018803,3545.4979493700566,40485332190.0
2969.7812858,2969.7765928968943,40485332190.0
3243.2359018,3243.231604601648,40485332190.0
4883.9983369,4883.995483271043,40485332190.0
3482.252028,3482.248025720568,40485332190.0
1706.6101128,1706.6019462962436,40485332190.0
2464.0730848,2464.0674287802335,40485332190.0
3727.0007523,3726.9970128348314,40485332190.0
10047.983707,10047.982320474039,40485332190.0
2145.3492943,2145.342797927521,40485332190.0
6274.655922,6274.65370077801,40485332190.0
3761.3717627,3761.368057375899,40485332190.0
2298.8880354,2298.881972981989,40485332190.0
2619.1992874,2619.193966349572,40485332190.0
8504.7883084,8504.786669608264,40485332190.0
4092.6057652,4092.602359788677,40485332190.0
10068.136869,10068.135484886347,40485332190.0
1227.0477021,1227.0363439387843,40485332190.0
3798.1375882,3798.133918730169,40485332190.0
4277.6509016,4277.647643493067,40485332190.0
1541.1118331,1541.1027895433813,40485332190.0
869.15078228,869.1347469605469,40485332190.0
4277.820172,4277.816914055777,40485332190.0
6531.3439189,6531.341785077518,40485332190.0
5163.8997157,5163.897016765655,40485332190.0
2838.5840456,2838.5791357009152,40485332190.0
2193.1345535,2193.1281987102134,40485332190.0
3045.4460977,3045.441521356824,40485332190.0
1213.1147224,1213.103233783842,40485332190.0
6591.8274889,6591.825374655193,40485332190.0
6727.8782357,6727.8761641671745,40485332190.0
4904.4641184,4904.461276713829,40485332190.0
6304.6683661,6304.666155505923,40485332190.0
11314.623259,11314.622026988229,40485332190.0
3723.8191751,3723.815432469648,40485332190.0
20010.09755,20010.09685343836,40485332190.0
4465.4242757,4465.421154587755,40485332190.0
3286.5272148,3286.5229740898276,40485332190.0
1637.1066783,1637.098165073416,40485332190.0
1787.909053,1787.9012578625807,40485332190.0
15589.735453,15589.73455882472,40485332190.0
6908.9676022,6908.965584930984,40485332190.0
5380.6348774,5380.632287179573,40485332190.0
3923.5803051,3923.576752961152,40485332190.0
6149.6026269,6149.600360529847,40485332190.0
4165.4254444,4165.42209855481,40485332190.0
2052.3800872,2052.37329657846,40485332190.0
3088.305538,3088.3010251867395,40485332190.0
1453.6573811,1453.6477934617776,40485332190.0
7326.8735771,7326.871674970014,40485332190.0
1472.4175132,1472.4080477667842,40485332190.0
3745.7758952,3745.772174477064,40485332190.0
10184.802525,10184.801156859401,40485332190.0
3718.5947885,3718.5910405468585,40485332190.0
10405.808208,10405.806868694486,40485332190.0
5590.0185284,5590.016035293664,40485332190.0
2281.6856915,2281.6795832270946,40485332190.0
2937.1964747,2937.191729737924,40485332190.0
3819.5786402,3819.574991329779,40485332190.0
4951.9786079,4951.975793480227,40485332190.0
2414.0234099,2414.017636496503,40485332190.0
2508.0046975,2507.999140476364,40485332190.0
5316.4244401,5316.4218186232165,40485332190.0
2624.8755948,2624.8702852421593,40485332190.0
4904.380725,4904.3778832668595,40485332190.0
5523.1452494,5523.142725983411,40485332190.0
3640.160929,3640.1571003176555,40485332190.0
5497.9720565,5497.9695215989905,40485332190.0
4931.8109519,4931.808125966258,40485332190.0
728.61474934,728.5956210363971,40485332190.0
3939.0111919,3939.007653761821,40485332190.0
7146.5328465,7146.530896345201,40485332190.0
2708.8577183,2708.852573389433,40485332190.0
3682.5845129,3682.58072837949,40485332190.0
7753.1438204,7753.142022874947,40485332190.0
3444.4160631,3444.4120168539093,40485332190.0
372.7397355,372.70234296894967,40485332190.0
4568.4035347,4568.400483948983,40485332190.0
4725.8776058,4725.874656787402,40485332190.0
2165.4916397,2165.4852037199726,40485332190.0
2270.548523,2270.542384818573,40485332190.0
2087.4269219,2087.4202451853776,40485332190.0
643.92387457,643.9022303667746,40485332190.0
3227.2363216,3227.23200302416,40485332190.0
2723.2043741,2723.1992562328473,40485332190.0
6695.4769395,6695.474857912002,40485332190.0
3063.0662173,3063.061667332627,40485332190.0
3175.8578675,3175.853479019728,40485332190.0
10133.409275,10133.407899696489,40485332190.0
2549.4049483,2549.3994815888736,40485332190.0
4494.1648888,4494.161787727358,40485332190.0
3131.5565391,3131.5520886310906,40485332190.0
2836.3984577,2836.393544026599,40485332190.0
6273.7525093,6273.750287852859,40485332190.0
4968.6039007,4968.601095750528,40485332190.0
3425.5101856,3425.506116971714,40485332190.0
1790.3404072,1790.332622627937,40485332190.0
14999.867145,14999.866215997921,40485332190.0
2044.2767236,2044.2699059733993,40485332190.0
7272.2035755,7272.2016590606645,40485332190.0
1434.477664,1434.4679483104396,40485332190.0
1601.9946442,1601.9859443541732,40485332190.0
2086.6711646,2086.6644854858264,40485332190.0
7177.5106178,7177.508676065036,40485332190.0
4962.32015,4962.3173414119765,40485332190.0
7990.6434104,7990.6416661816675,40485332190.0
7013.8013707,7013.799383565149,40485332190.0
1130.340875,1130.3285450632713,40485332190.0
4184.482599,4184.479268290302,40485332190.0
7367.455414,7367.45352223178,40485332190.0
4404.9558109,4404.952646913592,40485332190.0
3641.4216567,3641.4178293760597,40485332190.0
4182.5504644,4182.547132222441,40485332190.0
8026.1006855,8026.098949003177,40485332190.0
10413.791497,10413.790159002874,40485332190.0
1791.114336,1791.1065548112808,40485332190.0
962.12731633,962.1128306311987,40485332190.0
1395.7816116,1395.7716263975428,40485332190.0
2812.6439668,2812.639011656317,40485332190.0
1810.3479896,1810.3402911242645,40485332190.0
6851.8303645,6851.828330369026,40485332190.0
4401.4690954,4401.465929013687,40485332190.0
2463.6968057,2463.6911487395046,40485332190.0
3732.7892157,3732.785482001153,40485332190.0
647.99298596,647.9714776786019,40485332190.0
6558.2416922,6558.239567137851,40485332190.0
5875.2614253,5875.2590531184505,40485332190.0
3323.8325729,3323.8283797893373,40485332190.0
4340.900799,4340.89758837313,40485332190.0
2789.714043,2789.7090471628826,40485332190.0
3260.3629452,3260.358670567586,40485332190.0
5168.4529686,5168.450272080352,40485332190.0
6816.4257469,6816.423702227082,40485332190.0
6253.7163781,6253.714149498476,40485332190.0
3332.1451338,3332.1409512181312,40485332190.0
3325.8516519,3325.847461309732,40485332190.0
1875.9920852,1875.9846560680307,40485332190.0
2978.2431463,2978.2384666483154,40485332190.0
6235.1966801,6235.1944448242375,40485332190.0
1651.2594619,1651.251021743574,40485332190.0
1385.1049033,1385.094841249002,40485332190.0
4710.0777344,4710.074775450468,40485332190.0
2466.4846577,2466.479007153491,40485332190.0
2886.2108828,2886.206053882575,40485332190.0
2391.3558915,2391.350063410572,40485332190.0
4455.2124152,4455.209286914489,40485332190.0
4032.5263098,4032.5228536921227,40485332190.0
6695.0834063,6695.081324665403,40485332190.0
2797.7557849,2797.7508033677473,40485332190.0
4746.0200393,4746.017102709818,40485332190.0
6345.7335163,6345.731320078514,40485332190.0
6345.5443926,6345.542196255251,40485332190.0
1158.4176272,1158.4055960392707,40485332190.0
12675.468571,12675.467471128086,40485332190.0
7864.4139307,7864.412158567767,40485332190.0
5210.7695327,5210.766858137807,40485332190.0
1481.331005,1481.321596568164,40485332190.0
4606.881331,4606.8783057363125,40485332190.0
6070.5345006,6070.532204745632,40485332190.0
4956.1169404,4956.114128325387,40485332190.0
1364.6068683,1364.5966550237515,40485332190.0
6056.2266449,6056.224343573776,40485332190.0
4393.5154774,4393.512305251147,40485332190.0
3026.0050244,3026.0004186659703,40485332190.0
5288.9896397,5288.987004672465,40485332190.0
5857.1386955,5857.136315953452,40485332190.0
2557.1635786,2557.1581284681024,40485332190.0
7626.4680109,7626.466183506276,40485332190.0
3642.955841,3642.952015263778,40485332190.0
1119.8778544,1119.8654092049028,40485332190.0
971.76857013,971.7542281509042,40485332190.0
1102.1998111,1102.1871663257286,40485332190.0
7366.1334631,7366.131571069201,40485332190.0
14868.209907,14868.208969858202,40485332190.0
9144.7090662,9144.707542183378,40485332190.0
5551.6052633,5551.602752894484,40485332190.0
3523.4173899,3523.4134343327605,40485332190.0
5285.8510542,5285.848417508345,40485332190.0
11207.707207,11207.705963564345,40485332190.0
5768.5811444,5768.578728391886,40485332190.0
3333.5239923,3333.51981147934,40485332190.0
3241.13676,3241.1324599758727,40485332190.0
8168.8078162,8168.806110017208,40485332190.0
10294.459182,10294.45782803426,40485332190.0
3918.8172313,3918.8136748658253,40485332190.0
12759.786537,12759.78544450801,40485332190.0
3750.7574178,3750.7537020013756,40485332190.0
18463.120207,18463.119451660576,40485332190.0
6173.0533874,6173.051129666655,40485332190.0
764.14261034,764.1243713978989,40485332190.0
1390.8609512,1390.8509307936265,40485332190.0
1260.4971568,1260.4861000796827,40485332190.0
16753.541984,16753.541151558726,40485332190.0
2934.3412747,2934.3365251301775,40485332190.0
3104.0260193,3104.0215292787434,40485332190.0
3471.6170986,3471.6130840964443,40485332190.0
7182.0467855,7182.044844950404,40485332190.0
3369.3360027,3369.331866354268,40485332190.0
1730.0873654,1730.0793097421715,40485332190.0
4171.8901248,4171.8867840227185,40485332190.0
13757.557311,13757.556297632203,40485332190.0
10682.744106,10682.742801677326,40485332190.0
5134.6736371,5134.670922889188,40485332190.0
19610.482212,19610.48150126051,40485332190.0
3387.4424054,3387.4382910770823,40485332190.0
1951.7336262,1951.7264854213356,40485332190.0
11605.293545,11605.292343664203,40485332190.0
7514.8421896,7514.8403349862765,40485332190.0
2054.9846011,2054.9778189960953,40485332190.0
4397.5239413,4397.520772043703,40485332190.0
7627.4576212,7627.455793997256,40485332190.0
1735.0369727,1735.0289400008435,40485332190.0
2925.0624132,2925.0576485171828,40485332190.0
720.56228627,720.5429441938621,40485332190.0
3319.9295657,3319.9253677440147,40485332190.0
1564.8169159,1564.8080094060394,40485332190.0
10789.090264,10789.088971794768,40485332190.0
1002.0765158,1002.0626076273873,40485332190.0
7201.1313009,7201.129365476981,40485332190.0
1830.4601558,1830.452541906071,40485332190.0
17298.319225,17298.318419594027,40485332190.0
6521.4933888,6521.491251785943,40485332190.0
4398.5861857,4398.583017118629,40485332190.0
3847.0041011,3847.000478263304,40485332190.0
7301.374936,7301.373027180602,40485332190.0
5126.0627274,5126.060008550941,40485332190.0
1879.1533685,1879.14595189666,40485332190.0
2546.016985,2546.011510963942,40485332190.0
12778.069421,12778.068330026143,40485332190.0
8450.5536035,8450.551954281402,40485332190.0
7875.8930147,7875.891245124836,40485332190.0
3409.7018556,3409.6977681311337,40485332190.0
2946.7885253,2946.783795658598,40485332190.0
8907.603536,8907.601971402168,40485332190.0
2292.0517058,2292.045625292098,40485332190.0
2640.9864006,2640.98112348249,40485332190.0
1681.0280732,1681.019782445803,40485332190.0
2004.0029054,2003.995950839787,40485332190.0
1858.1924406,1858.1849403377976,40485332190.0
11309.565142,11309.563909915716,40485332190.0
7734.9224237,7734.920621931906,40485332190.0
4397.1583896,4397.155220125801,40485332190.0
7341.5005412,7341.498642883855,40485332190.0
5669.2717875,5669.26932912562,40485332190.0
9299.3814347,9299.379935978812,40485332190.0
2789.3243091,2789.319312593915,40485332190.0
1463.6609241,1463.651402080502,40485332190.0
3592.8607419,3592.8568628367834,40485332190.0
4613.189314,4613.1862928363535,40485332190.0
12682.333914,12682.332815294865,40485332190.0
4386.9122008,4386.909023825949,40485332190.0
2866.7455861,2866.740724442764,40485332190.0
13856.980744,13856.979738651517,40485332190.0
1208.4592862,1208.4477532078458,40485332190.0
6171.7410126,6171.738754433116,40485332190.0
19472.702398,19472.701682017876,40485332190.0
9934.6217647,9934.62036183047,40485332190.0
5023.4194831,5023.4167087055375,40485332190.0
11464.520631,11464.519415404613,40485332190.0
15056.407851,15056.406925001324,40485332190.0
3682.6187273,3682.6149427635096,40485332190.0
3103.7483928,3103.7439023624715,40485332190.0
2222.8614886,2222.8552186817146,40485332190.0
13824.937509,13824.936500506348,40485332190.0
2399.8465937,2399.8407861602263,40485332190.0
8104.4451874,8104.443467742415,40485332190.0
4252.552369,4252.549091663658,40485332190.0
867.90532981,867.8892714857393,40485332190.0
4012.7826356,4012.7791624275137,40485332190.0
2784.1732636,2784.1682577743886,40485332190.0
11857.815262,11857.814086206658,40485332190.0
5275.2823682,5275.27972631778,40485332190.0
2606.2726667,2606.2673191481163,40485332190.0
961.8881909,961.8737015941525,40485332190.0
5015.9053709,5015.902592308319,40485332190.0
1458.9711973,1458.9616446231119,40485332190.0
2693.7291333,2693.723959475968,40485332190.0
7113.3702086,7113.368249332736,40485332190.0
1454.9407101,1454.9311309812033,40485332190.0
3790.7170664,3790.713389850218,40485332190.0
2519.8157705,2519.8102394774123,40485332190.0
3386.8019971,3386.7978819233545,40485332190.0
4042.3549769,4042.351529250657,40485332190.0
6638.0358696,6638.033770049714,40485332190.0
5689.3602915,5689.35784180851,40485332190.0
7599.5661272,7599.56429327661,40485332190.0
2908.9971964,2908.992405348661,40485332190.0
3346.5224279,3346.518263279888,40485332190.0
3743.9138333,3743.9101107445003,40485332190.0
206.90305337,206.8356824330589,40485332190.0
2622.8047345,2622.7994207160386,40485332190.0
2650.2699854,2650.2647267141583,40485332190.0
905.25209141,905.2366955878798,40485332190.0
4021.1775958,4021.1741299343844,40485332190.0
3405.4902279,3405.4861354565005,40485332190.0
5097.3460147,5097.343280491801,40485332190.0
4236.2990682,4236.295778347532,40485332190.0
2082.7484701,2082.741778362214,40485332190.0
4043.2703161,4043.266869132258,40485332190.0
8256.481027,8256.479338972082,40485332190.0
4356.1936479,4356.190448622623,40485332190.0
16618.268316,16618.26747742095,40485332190.0
1765.2949642,1765.2870691541018,40485332190.0
4473.1343394,4473.131223658559,40485332190.0
730.55139365,730.532316053815,40485332190.0
2081.9930546,2081.986360536679,40485332190.0
3005.0075305,3005.0028925197303,40485332190.0
5472.7748259,5472.772279320089,40485332190.0
1060.4140717,1060.4009286919238,40485332190.0
2918.884225,2918.8794501952716,40485332190.0
858.60526974,858.589037468868,40485332190.0
9436.1616175,9436.160140475786,40485332190.0
11884.359682,11884.358509219357,40485332190.0
4378.8405259,4378.837343076231,40485332190.0
6023.8399095,6023.83759582211,40485332190.0
6361.3589349,6361.356744024263,40485332190.0
2733.0450071,2733.0399077468055,40485332190.0
2755.3896823,2755.3846241891197,40485332190.0
2151.659988,2151.653510621363,40485332190.0
1316.1601694,1316.149580314863,40485332190.0
1626.0436077,1626.035036512646,40485332190.0
4002.9651462,4002.9616645011592,40485332190.0
7353.7076576,7353.7057623528435,40485332190.0
685.70952996,685.689204758957,40485332190.0
9173.0427989,9173.041279533052,40485332190.0
1445.9453608,1445.9357221353112,40485332190.0
4590.2628215,4590.259785245001,40485332190.0
5018.9475213,5018.944744450365,40485332190.0
3812.1640843,3812.1604283652214,40485332190.0
1085.3632368,1085.3503959027155,40485332190.0
1322.106939,1322.096397512239,40485332190.0
2567.9378725,2567.9324451492503,40485332190.0
2010.9880391,2010.9811086647765,40485332190.0
8195.7057679,8195.704067358727,40485332190.0
14857.880295,14857.879357096659,40485332190.0
9527.6140131,9527.612550265274,40485332190.0
3191.2618888,3191.257521612393,40485332190.0
8100.5882515,8100.586531000841,40485332190.0
561.71546583,561.6906538270647,40485332190.0
1776.2264081,1776.2185616494808,40485332190.0
4757.9304522,4757.927523016228,40485332190.0
1220.831576,1220.8201599832557,40485332190.0
3239.9542033,3239.949901742173,40485332190.0
1263.2086433,1263.197610240476,40485332190.0
6828.8807651,6828.878724230997,40485332190.0
5325.317811,5325.31519389065,40485332190.0
2857.7596485,2857.7547716230974,40485332190.0
15799.79805,15799.797167360284,40485332190.0
9418.0415597,9418.040079855817,40485332190.0
2797.818993,2797.8140115932706,40485332190.0
4715.7824409,4715.779485477141,40485332190.0
2652.7033437,2652.6980897542007,40485332190.0
19917.788937,19917.78823712214,40485332190.0
2408.8274753,2408.821689459934,40485332190.0
7623.3489281,7623.347099875944,40485332190.0
5931.5829083,5931.580558661274,40485332190.0
5573.6021699,5573.599669415271,40485332190.0
363.66835927,363.6300339175278,40485332190.0
7740.4307865,7740.428985897208,40485332190.0
3060.812463,3060.807909630709,40485332190.0
9862.7864306,9862.785017471151,40485332190.0
6903.1324857,6903.130466774771,40485332190.0
1569.7523837,1569.743505200813,40485332190.0
10632.133901,10632.132590130203,40485332190.0
6287.7508884,6287.748671864417,40485332190.0
8742.4411058,8742.439511607356,40485332190.0
6457.5477515,6457.545593210416,40485332190.0
2222.9203505,2222.914080858692,40485332190.0
5218.2046279,5218.201957074878,40485332190.0
3965.1437634,3965.1402485614767,40485332190.0
1520.6222878,1520.6131224465128,40485332190.0
9682.6994199,9682.697980528057,40485332190.0
802.13852154,802.1211465721519,40485332190.0
3898.9582577,3898.954683197258,40485332190.0
8617.3294608,8617.327843509911,40485332190.0
1032.1664791,1032.1529763708677,40485332190.0
2337.8923208,2337.8863594971103,40485332190.0
1718.4430638,1718.4349535802767,40485332190.0
793.58056526,793.5630029208598,40485332190.0
14120.602356,14120.601368414485,40485332190.0
6828.2218729,6828.219831775016,40485332190.0
112.17584764,112.05153648307393,40485332190.0
8800.5805167,8800.578933134128,40485332190.0
4218.5067648,4218.50346103696,40485332190.0
8279.2024885,8279.20080506775,40485332190.0
4210.8815183,4210.878208592595,40485332190.0
3982.39533,3982.391830279691,40485332190.0
4405.5450422,4405.541878706959,40485332190.0
8032.0070742,8032.0053389476025,40485332190.0
4294.6068252,4294.603579963589,40485332190.0
7580.5796526,7580.57781408092,40485332190.0
9265.3019236,9265.30041940513,40485332190.0
2255.0281187,2255.0219383450694,40485332190.0
7404.3018701,7404.299987821202,40485332190.0
1352.3483532,1352.3380473219997,40485332190.0
3036.6729411,3036.6683514863566,40485332190.0
2533.7124498,2533.7069491862335,40485332190.0
1466.1324053,1466.1228992774684,40485332190.0
8865.9851911,8865.9836191602,40485332190.0
9866.4087289,9866.40731635692,40485332190.0
2279.5667343,2279.56062041878,40485332190.0
1606.7748867,1606.766212828382,40485332190.0
8994.8540237,8994.852474203999,40485332190.0
3812.3938972,3812.390241427581,40485332190.0
3525.8766776,3525.8727248437244,40485332190.0
8333.8222074,8333.820534984778,40485332190.0
13451.459146,13451.458109432446,40485332190.0
3466.8414562,3466.8374361386186,40485332190.0
2737.9288561,2737.923765758583,40485332190.0
3452.6979489,3452.6939124203864,40485332190.0
508.33785044,508.310432930104,40485332190.0
3440.0604388,3440.056387381638,40485332190.0
4108.8001521,4108.796760095783,40485332190.0
11611.422642,11611.421441781731,40485332190.0
7623.0194976,7623.017669387401,40485332190.0
13932.960591,13932.959590064182,40485332190.0
4907.7755087,4907.772668929578,40485332190.0
6302.4673228,6302.465111462623,40485332190.0
6409.2695854,6409.26741081297,40485332190.0
3020.5547441,3020.550130062026,40485332190.0
13615.896304,13615.895280192737,40485332190.0
792.8165419,792.798962634369,40485332190.0
1953.2161129,1953.2089774747087,40485332190.0
1998.2733977,1998.266423170223,40485332190.0
4035.4797231,4035.476269495604,40485332190.0
2446.7025557,2446.6968594337945,40485332190.0
4511.6632035,4511.660114431645,40485332190.0
12332.458469,12332.457338649232,40485332190.0
3455.8430381,3455.8390051587135,40485332190.0
5560.4969093,5560.494402837359,40485332190.0
7804.1951201,7804.193334222487,40485332190.0
4257.9970466,4257.993773468339,40485332190.0
1906.5721989,1906.5648889349798,40485332190.0
1810.5702402,1810.5625426689933,40485332190.0
1387.6038209,1387.593776913995,40485332190.0
3346.7517259,3346.7475615102244,40485332190.0
3032.6173172,3032.6127214852995,40485332190.0
2725.6538952,2725.6487820161833,40485332190.0
9382.1837678,9382.182282299415,40485332190.0
5779.0046483,5779.002236691676,40485332190.0
3838.5222055,3838.5185747607716,40485332190.0
915.71689973,915.701679847007,40485332190.0
5498.7775126,5498.774978073929,40485332190.0
4896.7604618,4896.757615626844,40485332190.0
9380.3149028,9380.313417122099,40485332190.0
2350.261481,2350.255551009311,40485332190.0
10214.297745,10214.296380489575,40485332190.0
4872.2051883,4872.202327804193,40485332190.0
4187.569768,4187.56643975872,40485332190.0
6424.2250941,6424.222924583115,40485332190.0
2512.1151145,2512.1095665644425,40485332190.0
10944.201173,10944.19989926367,40485332190.0
3069.1657759,3069.1612350145847,40485332190.0
2570.335615,2570.3301928222704,40485332190.0
1266.6658143,1266.654811367487,40485332190.0
3917.3815978,3917.378040084814,40485332190.0
1300.8428947,1300.8321808303867,40485332190.0
1994.5986405,1994.591653090723,40485332190.0
9368.9109348,9368.909447271208,40485332190.0
5556.7647854,5556.762277299154,40485332190.0
5908.2693738,5908.267014913445,40485332190.0
4973.2199408,4973.217138456796,40485332190.0
4402.7334462,4402.730280698086,40485332190.0
4870.0366242,4870.033762420053,40485332190.0
3285.9160796,3285.9118381081034,40485332190.0
3577.5767598,3577.5728641117785,40485332190.0
1211.2964935,1211.2849875715099,40485332190.0
6773.4585536,6773.456495926502,40485332190.0
3998.3499317,3998.346446005131,40485332190.0
1695.4483109,1695.4400906519797,40485332190.0
2128.3477077,2128.341159498883,40485332190.0
2892.6392347,2892.634416614787,40485332190.0
12678.794255,12678.793155234434,40485332190.0
5035.9024943,5035.899726741181,40485332190.0
486.169225,486.140557212703,40485332190.0
4205.3930962,4205.3897821491155,40485332190.0
5666.7834991,5666.78103963646,40485332190.0
5418.2431572,5418.240585034339,40485332190.0
6086.0610335,6086.058743454162,40485332190.0
5443.7015903,5443.699030052632,40485332190.0
4214.3529244,4214.3496173821395,40485332190.0
3501.863796,3501.8598162081885,40485332190.0
9198.0255961,9198.024080823427,40485332190.0
1951.2621042,1951.2549616485655,40485332190.0
7422.6528724,7422.650994766373,40485332190.0
1894.7497518,1894.7423961558543,40485332190.0
1018.8475171,1018.8338378467248,40485332190.0
2068.0162703,2068.0095309600156,40485332190.0
5733.3042733,5733.301842438767,40485332190.0
274.33715479,274.2863476943191,40485332190.0
1583.7042826,1583.6954823616143,40485332190.0
7278.6862657,7278.684350905158,40485332190.0
1097.8115964,1097.79890107563,40485332190.0
6517.9352147,6517.9330764382275,40485332190.0
8242.8653817,8242.863690846216,40485332190.0
7214.4146704,7214.412738581908,40485332190.0
935.77981704,935.7649234840391,40485332190.0
3211.3267557,3211.322415685684,40485332190.0
7444.4288348,7444.42696266893,40485332190.0
4251.2667495,4251.263471129253,40485332190.0
5435.3628426,5435.360278442674,40485332190.0
3225.9705382,3225.966217981718,40485332190.0
17654.250164,17654.24937454461,40485332190.0
936.50284801,936.4879659491712,40485332190.0
2382.8745608,2382.868712063368,40485332190.0
6976.3637853,6976.361787577769,40485332190.0
4207.267311,4207.263998460861,40485332190.0
6792.6736083,6792.671556590056,40485332190.0
3512.8012022,3512.797234732044,40485332190.0
1903.8912338,1903.8839134695666,40485332190.0
3501.2211881,3501.2172074786517,40485332190.0
2436.7603104,2436.7545909419905,40485332190.0
1264.5811631,1264.5701420052283,40485332190.0
371.5613176,371.52380647122925,40485332190.0
2103.462772,2103.4561462401384,40485332190.0
1506.4773513,1506.4680999206705,40485332190.0
2898.4306489,2898.425840453112,40485332190.0
4148.6918802,4148.688520787408,40485332190.0
2007.6730221,2007.666080254707,40485332190.0
13062.446003,13062.444935569194,40485332190.0
4413.6513212,4413.648163460491,40485332190.0
1883.5367436,1883.5293442373984,40485332190.0
3011.6777846,3011.673156952263,40485332190.0
1904.6164751,1904.6091576931885,40485332190.0
1008.7061071,1008.692290294236,40485332190.0
2386.6969636,2386.6911241640914,40485332190.0
2659.4717105,2659.4664699946065,40485332190.0
9253.3786057,9253.37709957052,40485332190.0
3215.1320103,3215.127675535025,40485332190.0
4191.1919698,4191.188644505798,40485332190.0
3055.5503769,3055.5458157443877,40485332190.0
2382.7537526,2382.7479034934136,40485332190.0
3936.5145809,3936.5110404728543,40485332190.0
2027.7649771,2027.7581039972922,40485332190.0
13911.382945,13911.381943427401,40485332190.0
8574.9590732,8574.957447870032,40485332190.0
5752.4296278,5752.427204923461,40485332190.0
6183.5615684,6183.559314566203,40485332190.0
3778.3563921,3778.3527034327153,40485332190.0
7510.6044127,7510.6025570857855,40485332190.0
13494.674387,13494.673354200755,40485332190.0
6815.1108452,6815.108800175273,40485332190.0
1295.1282484,1295.11748730509,40485332190.0
3630.1398025,3630.135963178913,40485332190.0
4987.4876486,4987.484854193324,40485332190.0
3860.736542,3860.732932120367,40485332190.0
2979.9926649,2979.9879881011666,40485332190.0
2413.7983593,2413.7925854341343,40485332190.0
4787.6900854,4787.687174358592,40485332190.0
3790.5956083,3790.5919315103847,40485332190.0
5130.3776941,5130.374977568356,40485332190.0
2171.9875922,2171.9811755526666,40485332190.0
6180.1537348,6180.151479664875,40485332190.0
10847.682307,10847.68102181518,40485332190.0
8331.0848097,8331.083136878744,40485332190.0
3413.7983503,3413.7942677231986,40485332190.0
5239.2687349,5239.266074816495,40485332190.0
7253.7580976,7253.756176288245,40485332190.0
3052.2449242,3052.2403580299024,40485332190.0
3578.4666973,3578.462802616693,40485332190.0
2432.5686109,2432.5628815087684,40485332190.0
2732.139302,2732.134200872523,40485332190.0
2898.4247375,2898.419928988811,40485332190.0
5773.8649009,5773.862487099622,40485332190.0
2451.6405379,2451.6348531805756,40485332190.0
3248.855273,3248.8509831244273,40485332190.0
13934.624874,13934.62387340424,40485332190.0
1597.5798678,1597.5711439160002,40485332190.0
2880.4341998,2880.4293612678102,40485332190.0
6728.5313526,6728.529281283208,40485332190.0
3291.0348883,3291.0306533848457,40485332190.0
818.03023907,818.0132016539684,40485332190.0
10326.015833,10326.014483598557,40485332190.0
3237.6991934,3237.694888740788,40485332190.0
10843.618261,10843.616975713961,40485332190.0
6925.5070083,6925.504995921022,40485332190.0
4674.3918856,4674.388904081734,40485332190.0
5684.5153023,5684.512850598085,40485332190.0
4730.6093641,4730.606417933494,40485332190.0
3809.698878,3809.695219631358,40485332190.0
1743.2825351,1743.2745404131592,40485332190.0
6734.2854444,6734.28337489299,40485332190.0
2846.4187498,2846.41385350174,40485332190.0
2295.436364,2295.4302923376576,40485332190.0
4584.0327643,4584.029723969667,40485332190.0
13247.560307,13247.559255600218,40485332190.0
5103.2672646,5103.264533635254,40485332190.0
5547.6850023,5547.682490161254,40485332190.0
2229.813887,2229.807636776557,40485332190.0
1703.2679479,1703.2597653429243,40485332190.0
8142.6218762,8142.6201646046875,40485332190.0
4102.9819459,4102.978549189217,40485332190.0
6143.4516392,6143.449370574905,40485332190.0
1220.8051116,1220.7936952961209,40485332190.0
2223.4033582,2223.3970899063247,40485332190.0
2820.5788373,2820.5738961226493,40485332190.0
2771.8740354,2771.869007436761,40485332190.0
1204.2348151,1204.2232417270366,40485332190.0
8807.4078457,8807.40626325037,40485332190.0
2488.1754771,2488.169875777219,40485332190.0
5223.9281972,5223.925529296308,40485332190.0
7728.489452,7728.487648703857,40485332190.0
5104.4957085,5104.492978145793,40485332190.0
1933.4752455,1933.4680372531625,40485332190.0
4864.8284985,4864.825633710663,40485332190.0
6081.2758839,6081.273592141939,40485332190.0
3400.8861194,3400.882021362003,40485332190.0
3523.818783,3523.814827965722,40485332190.0
1217.0455393,1217.0340877360607,40485332190.0
3169.2486053,3169.2442077308565,40485332190.0
6490.2656533,6490.26350590122,40485332190.0
2808.3258697,2808.320906973788,40485332190.0
4704.6816189,4704.678656492795,40485332190.0
5700.9594198,5700.956975139127,40485332190.0
11359.644235,11359.643007891369,40485332190.0
1678.5828885,1678.5745856145008,40485332190.0
4145.3004199,4145.297057706792,40485332190.0
2848.7310322,2848.726139837277,40485332190.0
7126.8213115,7126.819355992757,40485332190.0
10344.578253,10344.576905699427,40485332190.0
2241.9865616,2241.9803452746237,40485332190.0
2849.6589616,2849.654070805288,40485332190.0
4770.353541,4770.350619347178,40485332190.0
9803.3893316,9803.387909935009,40485332190.0
7643.4827313,7643.480907870868,40485332190.0
10969.01695,10969.01567945531,40485332190.0
1561.1694246,1561.1604973789304,40485332190.0
9580.737077,9580.73562230215,40485332190.0
1219.4204438,1219.4090145509706,40485332190.0
2835.8084528,2835.8035381869263,40485332190.0
1741.7404582,1741.7324564896248,40485332190.0
4346.5255678,4346.52236133868,40485332190.0
7861.5192734,7861.517500581321,40485332190.0
2451.3776955,2451.372010061811,40485332190.0
7949.4758407,7949.474087437242,40485332190.0
5370.18785,5370.185254782331,40485332190.0
6994.5462012,6994.54420868244,40485332190.0
4034.9594286,4034.955974523526,40485332190.0
2175.8722092,2175.865803916845,40485332190.0
2436.767294,2436.7615745670937,40485332190.0
8624.8178112,8624.81619533141,40485332190.0
5518.2444655,5518.241939848747,40485332190.0
4733.8368581,4733.83391393572,40485332190.0
5155.1617192,5155.159015701563,40485332190.0
2563.7880181,2563.782581989799,40485332190.0
1826.1473006,1826.1396686958326,40485332190.0
4790.1199635,4790.11705392829,40485332190.0
2061.29423,2061.2874686969817,40485332190.0
4066.9407323,4066.9373054333887,40485332190.0
4917.669852,4917.667017932609,40485332190.0
1691.8247049,1691.8164670504864,40485332190.0
2692.61985,2692.614674011944,40485332190.0
1684.5789365,1684.5706632581907,40485332190.0
2864.6648208,2864.6599556686115,40485332190.0
2409.1248608,2409.1190756836186,40485332190.0
2850.2917313,2850.2868415941944,40485332190.0
1632.9319596,1632.9234246461954,40485332190.0
13406.887049,13406.886010005934,40485332190.0
4732.0299482,4732.027002878514,40485332190.0
4231.110005,4231.106711099563,40485332190.0
863.57730194,863.561163128742,40485332190.0
7775.8569719,7775.855179486466,40485332190.0
7812.7881589,7812.786374978226,40485332190.0
4780.6631261,4780.660210763963,40485332190.0
8933.2311534,8933.229593320899,40485332190.0
2161.1089449,2161.1024958296475,40485332190.0
2669.1389873,2669.133765843096,40485332190.0
2249.8383078,2249.8321132118645,40485332190.0
3961.2674491,3961.26393079168,40485332190.0
16906.716579,16906.715754910536,40485332190.0
3986.2962146,3986.29271830338,40485332190.0
27155.880351,27155.879837880424,40485332190.0
7422.5420847,7422.540207066303,40485332190.0
7138.8585499,7138.8565976125265,40485332190.0
10425.188135,10425.186797973707,40485332190.0
2969.7991245,2969.794431557472,40485332190.0
4325.48697,4325.48374790536,40485332190.0
4453.8995872,4453.896458081835,40485332190.0
4495.9598999,4495.9568000705285,40485332190.0
4550.882904,4550.879841505326,40485332190.0
2725.1696971,2725.1645829482604,40485332190.0
3630.8433653,3630.839526861252,40485332190.0
2638.3263255,2638.3210430039335,40485332190.0
2541.3732698,2541.367785771275,40485332190.0
1118.7660413,1118.7535837401297,40485332190.0
5360.0380256,5360.035425514302,40485332190.0
1035.8710789,1035.8576244210515,40485332190.0
697.50399087,697.4840093605545,40485332190.0
2476.4745268,2476.468899054504,40485332190.0
4494.5678883,4494.564787518235,40485332190.0
5948.12212,5948.119776927301,40485332190.0
1092.1154163,1092.1026547012118,40485332190.0
12327.371784,12327.37065395677,40485332190.0
3762.2748352,3762.2711307085674,40485332190.0
418.9854578,418.9521928410167,40485332190.0
1426.8689203,1426.8591527198034,40485332190.0
1530.3846757,1530.375568856493,40485332190.0
2276.6124408,2276.6063189480897,40485332190.0
5084.2560733,5084.253332089473,40485332190.0
6911.4982402,6911.496223663972,40485332190.0
1990.4467858,1990.4397838295924,40485332190.0
16282.947465,16282.946609388078,40485332190.0
7624.4199562,7624.418128220318,40485332190.0
4355.0103015,4355.007101205383,40485332190.0
1568.8731848,1568.8643013733981,40485332190.0
4562.1017034,4562.098648480179,40485332190.0
2430.9819497,2430.9762165369207,40485332190.0
4714.7623707,4714.759414697091,40485332190.0
6243.5030889,6243.500856688175,40485332190.0
5190.0721153,5190.069429968482,40485332190.0
2639.1857932,2639.1805123964355,40485332190.0
1210.6408717,1210.6293595756022,40485332190.0
1332.5680448,1332.557585953604,40485332190.0
20697.466707,20697.46603338546,40485332190.0
3907.100554,3907.096986945452,40485332190.0
1524.5070984,1524.4979564640378,40485332190.0
2358.7514286,2358.745520031363,40485332190.0
1753.5412248,1753.5332768160572,40485332190.0
138.99934722,138.89904449377215,40485332190.0
3881.5673858,3881.563795310124,40485332190.0
12954.414126,12954.413049486255,40485332190.0
374.26496987,374.2277297398937,40485332190.0
2645.2270739,2645.2218051122863,40485332190.0
3153.253935,3153.2495151374037,40485332190.0
13386.70233,13386.70128811394,40485332190.0
3695.4602715,3695.4565001401293,40485332190.0
5291.195749,5291.193114993628,40485332190.0
4925.6826268,4925.6797973076555,40485332190.0
2831.4717648,2831.4668425927625,40485332190.0
8650.2436308,8650.242019725,40485332190.0
7310.7150897,7310.713183302851,40485332190.0
1957.1011737,1957.0940525137569,40485332190.0
1584.0939455,1584.0851474156848,40485332190.0
3720.2173492,3720.213602885564,40485332190.0
8773.5905108,8773.588922298708,40485332190.0
4817.8824993,4817.879606489183,40485332190.0
3025.1842406,3025.1796335925133,40485332190.0
5635.5541096,5635.551636466172,40485332190.0
1310.9475789,1310.9369475733188,40485332190.0
5050.6970068,5050.69424741381,40485332190.0
12784.240419,12784.239328372405,40485332190.0
3207.4735854,3207.469240271443,40485332190.0
2146.1872908,2146.1807969212286,40485332190.0
2094.350344,2094.343689399577,40485332190.0
3846.0783473,3846.0747236455727,40485332190.0
584.56917622,584.5453342699817,40485332190.0
10174.553063,10174.55169372512,40485332190.0
4356.2801378,4356.276938473106,40485332190.0
5082.5723506,5082.569608535239,40485332190.0
10045.265881,10045.264494286354,40485332190.0
6749.8496232,6749.847558355478,40485332190.0
10305.939152,10305.937799971673,40485332190.0
9101.6039866,9101.602455387698,40485332190.0
1430.7465056,1430.7367644829874,40485332190.0
2362.4762219,2362.4703225836374,40485332190.0
881.47721547,881.4614043845081,40485332190.0
6251.9530064,6251.950777230335,40485332190.0
14440.751906,14440.750941138356,40485332190.0
2520.9570742,2520.951545723621,40485332190.0
2948.8241626,2948.819436380313,40485332190.0
6380.4325109,6380.430326534765,40485332190.0
3761.374998,3761.371292699074,40485332190.0
6480.4673388,6480.4651882257485,40485332190.0
4973.4102256,4973.40742331047,40485332190.0
2154.4137262,2154.4072571574666,40485332190.0
2351.6119597,2351.606033146784,40485332190.0
1977.9256645,1977.9186181890632,40485332190.0
1394.6313318,1394.6213384498958,40485332190.0
1304.8917387,1304.8810581488485,40485332190.0
5378.3288977,5378.32630640377,40485332190.0
4927.1435034,4927.140674815134,40485332190.0
3355.5819128,3355.5777594200845,40485332190.0
5564.164389,5564.16188416491,40485332190.0
8442.796466,8442.794815245836,40485332190.0
6758.6595588,6758.657496678083,40485332190.0
4798.298657,4798.295752432547,40485332190.0
6133.5111727,6133.5089004325055,40485332190.0
15815.722542,15815.721660725709,40485332190.0
1570.9524255,1570.9435538736766,40485332190.0
1586.0828233,1586.0740362635913,40485332190.0
2857.1883418,2857.183463861606,40485332190.0
1218.1691192,1218.1576782731897,40485332190.0
7208.9635193,7208.961585973421,40485332190.0
5383.1547906,5383.152201680505,40485332190.0
2692.6855227,2692.6803468236953,40485332190.0
2509.2116038,2509.2060493918907,40485332190.0
7321.3117786,7321.309874915313,40485332190.0
2115.4933551,2115.4867670294825,40485332190.0
5149.4011266,5149.398420134199,40485332190.0
1843.5875794,1843.5800196101989,40485332190.0
9112.3055099,9112.303980390654,40485332190.0
9928.4079024,9928.406498674518,40485332190.0
2308.7885217,2308.7824852553167,40485332190.0
4669.3614111,4669.358426308622,40485332190.0
2069.9451001,2069.9383670841453,40485332190.0
4291.9043639,4291.901116622294,40485332190.0
1757.2419168,1757.2339856227802,40485332190.0
5527.0212406,5527.018718939528,40485332190.0
2947.722793,2947.718064989677,40485332190.0
17840.363885,17840.36310349719,40485332190.0
4860.9409792,4860.938112082909,40485332190.0
19598.204203,19598.20349215727,40485332190.0
4745.3043194,4745.301382419687,40485332190.0
7037.2685457,7037.266565256687,40485332190.0
3008.1222088,3008.117575721732,40485332190.0
5089.80539,5089.802651757342,40485332190.0
2633.6695128,2633.6642209552624,40485332190.0
1654.0844152,1654.0759892855638,40485332190.0
1206.381437,1206.36988424793,40485332190.0
2349.6708613,2349.6649298927814,40485332190.0
5285.6427142,5285.6400774392905,40485332190.0
9141.990826,9141.989301576014,40485332190.0
1151.2274608,1151.2153545435117,40485332190.0
1006.3868024,1006.3729538413692,40485332190.0
1244.2816128,1244.2704119774835,40485332190.0
483.92979815,483.9009976984617,40485332190.0
2027.0208128,2027.0139372662507,40485332190.0
1424.0556402,1424.0458532676653,40485332190.0
2766.2757648,2766.270726617647,40485332190.0
690.17105671,690.1508628873737,40485332190.0
2462.1469667,2462.1413062101983,40485332190.0
1804.7956773,1804.787955089894,40485332190.0
3475.1208975,3475.11688699209,40485332190.0
4828.931373,4828.928486765249,40485332190.0
8571.8538933,8571.852267375096,40485332190.0
2691.7970872,2691.7919096494265,40485332190.0
2661.3798833,2661.3746465661643,40485332190.0
571.97339494,571.9490279372857,40485332190.0
8422.1947489,8422.193094118626,40485332190.0
6531.4321558,6531.430021893339,40485332190.0
2540.7909473,2540.7854620228563,40485332190.0
2063.140794,2063.1340388198487,40485332190.0
3026.4788187,3026.474213680537,40485332190.0
3206.6948471,3206.690500854338,40485332190.0
1349.8081092,1349.7977840400297,40485332190.0
4455.3161851,4455.313056991668,40485332190.0
4704.69602,4704.69305756697,40485332190.0
9780.2888253,9780.28740029239,40485332190.0
2569.9959081,2569.9904851289807,40485332190.0
4141.9130247,4141.909659915353,40485332190.0
5982.2049466,5982.202616930359,40485332190.0
1256.7288046,1256.7177146675851,40485332190.0
6128.3721483,6128.36987409628,40485332190.0
1033.8300509,1033.816569980386,40485332190.0
6778.3110607,6778.309004559205,40485332190.0
6417.447409,6417.445237244327,40485332190.0
22344.906073,22344.905449250815,40485332190.0
5903.8377372,5903.835376569313,40485332190.0
1156.0697662,1156.0577106858718,40485332190.0
1606.986328,1606.977655309545,40485332190.0
1267.3975812,1267.3865846265132,40485332190.0
8105.7252391,8105.723519732656,40485332190.0
2340.3434859,2340.337530833893,40485332190.0
4167.0559662,4167.052621592688,40485332190.0
5604.9713415,5604.9688549942375,40485332190.0
2907.1909548,2907.1861609032558,40485332190.0
6079.3922102,6079.389917786926,40485332190.0
3513.0291441,3513.025176923265,40485332190.0
2804.3391377,2804.3341678361844,40485332190.0
6072.4985335,6072.496238394045,40485332190.0
3232.0081891,3232.0038768804825,40485332190.0
2234.1592088,2234.1529706164974,40485332190.0
8766.3839368,8766.382346977916,40485332190.0
3135.7698983,3135.7654538783736,40485332190.0
3415.8441762,3415.8400960776403,40485332190.0
6073.9118448,6073.909550230185,40485332190.0
3110.9392065,3110.9347265468787,40485332190.0
5391.1834878,5391.18090265122,40485332190.0
999.80945589,999.795516156846,40485332190.0
4462.7243801,4462.72125712693,40485332190.0
12732.199517,12732.198422935115,40485332190.0
4247.3629672,4247.359685841394,40485332190.0
3737.987679,3737.983950530888,40485332190.0
8063.6903677,8063.688639397793,40485332190.0
3107.859509,3107.855024595991,40485332190.0
3870.0257268,3870.0221255669785,40485332190.0
909.05772136,909.0423899955368,40485332190.0
3799.6994032,3799.695735322373,40485332190.0
6588.2364276,6588.234312181274,40485332190.0
6170.6558949,6170.653636274255,40485332190.0
539.874275,539.8484591443566,40485332190.0
6086.1296571,6086.127367132034,40485332190.0
3883.9263002,3883.922711814258,40485332190.0
3796.6477763,3796.6441055255036,40485332190.0
5396.864198,5396.861615591828,40485332190.0
2709.3108051,2709.305661017409,40485332190.0
4351.7476788,4351.744476212467,40485332190.0
1435.2004359,1435.1907249927922,40485332190.0
9248.0954013,9248.09389432244,40485332190.0
933.83303992,933.8181153131509,40485332190.0
1626.5043814,1626.495812684414,40485332190.0
1603.2063229,1603.1976296983294,40485332190.0
3785.6315326,3785.627851017618,40485332190.0
1899.2339043,1899.2265660183764,40485332190.0
3164.4763352,3164.4719310145456,40485332190.0
798.54091702,798.5234637623132,40485332190.0
6894.891357,6894.889335573339,40485332190.0
2451.5468294,2451.5411444243846,40485332190.0
4220.8198958,4220.816593874649,40485332190.0
1219.5151755,1219.5037471199232,40485332190.0
3577.9579965,3577.9541012362342,40485332190.0
2564.6713377,2564.665903498879,40485332190.0
2654.4736243,2654.468374017703,40485332190.0
10419.629516,10419.628178226289,40485332190.0
2806.0004816,2805.99551470996,40485332190.0
3069.0421083,3069.0375670688527,40485332190.0
2503.5411697,2503.5356027556954,40485332190.0
11282.959609,11282.958373014408,40485332190.0
6209.2020265,6209.199781977973,40485332190.0
3544.3768535,3544.37292137786,40485332190.0
15910.775078,15910.77420212309,40485332190.0
1552.1331884,1552.1242091417578,40485332190.0
2706.4898502,2706.4847006776085,40485332190.0
3173.9503094,3173.9459183323365,40485332190.0
4561.3197864,4561.316730949577,40485332190.0
4407.0364759,4407.033313438898,40485332190.0
1768.3100477,1768.3021661211444,40485332190.0
3173.6152048,3173.6108133279904,40485332190.0
20311.690135,20311.689449437723,40485332190.0
2831.7073004,2831.7023786685377,40485332190.0
2841.6980938,2841.693189293017,40485332190.0
2990.5913529,2990.5866926859558,40485332190.0
4856.1646525,4856.161782524398,40485332190.0
1487.0476845,1487.038312186817,40485332190.0
5728.879844,5728.877411208124,40485332190.0
3228.9564334,3228.952117181136,40485332190.0
9090.4050529,9090.403519727706,40485332190.0
2131.4923997,2131.485861093537,40485332190.0
5585.2422049,5585.239709527827,40485332190.0
5861.7187437,5861.716366079757,40485332190.0
12559.188442,12559.187332053416,40485332190.0
10678.978554,10678.977248369307,40485332190.0
10659.70177,10659.700462680517,40485332190.0
13182.261958,13182.260901036874,40485332190.0
2691.5652451,2691.5600670534914,40485332190.0
6791.7106526,6791.7086005037145,40485332190.0
4274.2925391,4274.289278483052,40485332190.0
2344.1243686,2344.1184231008892,40485332190.0
3351.1573043,3351.1531454044894,40485332190.0
4000.3083722,4000.304888235409,40485332190.0
943.49700194,943.4822302062303,40485332190.0
9768.084779,9768.083352214462,40485332190.0
3012.2036651,3012.1990382758618,40485332190.0
2656.8806122,2656.875366569889,40485332190.0
582.9521101,582.9282020070805,40485332190.0
6274.6638921,6274.661670951358,40485332190.0
2606.2315133,2606.226165759398,40485332190.0
3008.8388207,3008.8341886580533,40485332190.0
4912.6486462,4912.645809308783,40485332190.0
2327.3713725,2327.3653841859004,40485332190.0
12286.829709,12286.828573956094,40485332190.0
4747.9351974,4747.932261953426,40485332190.0
2485.854119,2485.848512496057,40485332190.0
1523.1657661,1523.156616039037,40485332190.0
2413.1217893,2413.1160138215823,40485332190.0
3169.5264943,3169.5220970448527,40485332190.0
4134.3789418,4134.375570833158,40485332190.0
7425.9297874,7425.927910687123,40485332190.0
5911.3367176,5911.334359930897,40485332190.0
1640.8171431,1640.808649160633,40485332190.0
4316.0189123,4316.0156831010545,40485332190.0
4801.8374918,4801.834589363404,40485332190.0
3141.4934022,3141.4889657774056,40485332190.0
4114.4872566,4114.483869274736,40485332190.0
3411.7996661,3411.7955811284132,40485332190.0
3938.4240766,3938.420537881685,40485332190.0
5699.9666099,5699.96416471604,40485332190.0
5005.9813498,5005.978565720604,40485332190.0
4535.1984375,4535.195364455905,40485332190.0
18193.61987,18193.619104017893,40485332190.0
5069.9652753,5069.962526351607,40485332190.0
3066.4874728,3066.482927936345,40485332190.0
3964.4881622,3964.4846467144584,40485332190.0
12327.05901,12327.057880126855,40485332190.0
3296.7895379,3296.785310448092,40485332190.0
5295.0429659,5295.040333819769,40485332190.0
3712.146694,3712.1429395356663,40485332190.0
4310.716554,4310.7133208980695,40485332190.0
2913.0420908,2913.0373064174864,40485332190.0
8146.0749559,8146.073244974643,40485332190.0
6494.4937117,6494.491565824366,40485332190.0
3698.7091914,3698.705423344286,40485332190.0
6405.4748023,6405.4726264910905,40485332190.0
1590.5461705,1590.5374081709765,40485332190.0
15378.254017,15378.253110732598,40485332190.0
1725.6384786,1725.6304021261947,40485332190.0
8523.4415552,8523.439920045448,40485332190.0
3494.6220503,3494.618062154449,40485332190.0
2352.4907227,2352.4847983371938,40485332190.0
2576.5675003,2576.5620911794877,40485332190.0
3899.2640115,3899.26043721007,40485332190.0
6275.9792574,6275.977036667874,40485332190.0
9208.1566072,9208.15509366443,40485332190.0
1505.5954459,1505.586189065575,40485332190.0
2788.5116981,2788.506700049747,40485332190.0
1394.8933197,1394.8833282023563,40485332190.0
3756.5058732,3756.5021631738136,40485332190.0
3753.621151,3753.61743811175,40485332190.0
4430.6807726,4430.677626973298,40485332190.0
5022.0074219,5022.004646744405,40485332190.0
220.28405842,220.22078110057976,40485332190.0
3677.5122553,3677.5084654889665,40485332190.0
2841.4002372,2841.3953321881418,40485332190.0
7017.2067371,7017.204750974049,40485332190.0
3569.7552007,3569.7512964461926,40485332190.0
1048.9808205,1048.96753416259,40485332190.0
1841.4237101,1841.416141527259,40485332190.0
1461.1764834,1461.1669451179148,40485332190.0
6974.9453912,6974.943393045162,40485332190.0
8110.1056661,8110.103947627299,40485332190.0
2349.4807112,2349.4747791947493,40485332190.0
4023.9785857,4023.975122200891,40485332190.0
2618.6735394,2618.6682172701517,40485332190.0
2388.9927622,2388.9869283447697,40485332190.0
3430.1621298,3430.158066714488,40485332190.0
2903.0198156,2903.0150146590886,40485332190.0
4529.6638431,4529.660766210501,40485332190.0
1382.2094749,1382.1993917861387,40485332190.0
2681.4482871,2681.4430895542714,40485332190.0
372.65958378,372.6221832102875,40485332190.0
2154.8964275,2154.889959829105,40485332190.0
2277.8241227,2277.818004125875,40485332190.0
1458.3863045,1458.3767480503723,40485332190.0
10547.103005,10547.101683561874,40485332190.0
3476.1025552,3476.0985458419614,40485332190.0
4366.8364676,4366.833276107959,40485332190.0
1662.4579547,1662.449571266753,40485332190.0
624.82687776,624.8045720180163,40485332190.0
6831.454712,6831.4526718874195,40485332190.0
17437.591621,17437.59082230948,40485332190.0
5573.1455205,5573.143019846931,40485332190.0
11243.33308,11243.331840755265,40485332190.0
3734.5273881,3734.5236561524657,40485332190.0
2062.6348035,2062.628046633032,40485332190.0
8118.0784598,8118.07674297306,40485332190.0
3771.7867396,3771.783044486032,40485332190.0
2984.3490566,2984.344386592363,40485332190.0
2438.9718801,2438.9661657761985,40485332190.0
1667.5342558,1667.5258979190814,40485332190.0
17337.451507,17337.450702764116,40485332190.0
4246.232845,4246.229562810978,40485332190.0
11336.585724,11336.584494098652,40485332190.0
6047.7663583,6047.764053773893,40485332190.0
4282.1617656,4282.158510865011,40485332190.0
2587.2905504,2587.2851636367295,40485332190.0
383.5634647,383.5271274508036,40485332190.0
4542.6201054,4542.6170374378435,40485332190.0
5759.1499141,5759.147494151189,40485332190.0
5474.1889474,5474.186401477161,40485332190.0
5408.872335,5408.869758360964,40485332190.0
251.21992181,251.1644384644901,40485332190.0
7765.7953981,7765.7936034136355,40485332190.0
4205.4157526,4205.412438551394,40485332190.0
7387.2205578,7387.218671229785,40485332190.0
472.22601544,472.1965011477757,40485332190.0
1787.1703596,1787.1625612682515,40485332190.0
4536.3300099,4536.326937677347,40485332190.0
2531.5346845,2531.5291790884503,40485332190.0
3692.9035024,3692.899728430298,40485332190.0
3139.5612496,3139.5568104258705,40485332190.0
4153.8416027,4153.838247550543,40485332190.0
5646.1365889,5646.134120479893,40485332190.0
8541.5257006,8541.524068899264,40485332190.0
3048.1898884,3048.1853161904587,40485332190.0
12186.561737,12186.560592620606,40485332190.0
7268.9357275,7268.933810132629,40485332190.0
1844.7398342,1844.732279205204,40485332190.0
3196.7767401,3196.772380383117,40485332190.0
1471.731918,1471.7224482157421,40485332190.0
1435.6710185,1435.6613108417407,40485332190.0
1903.5108151,1903.5034933699492,40485332190.0
3832.5294731,3832.525836647512,40485332190.0
6748.3290092,6748.326943887346,40485332190.0
9929.88792,9929.886516396698,40485332190.0
3078.308676,3078.304148453028,40485332190.0
3811.0421339,3811.0384768831614,40485332190.0
1945.1025812,1945.095415939212,40485332190.0
2209.1780248,2209.171716130871,40485332190.0
4672.6506924,4672.647709763117,40485332190.0
1667.4823301,1667.4739719624204,40485332190.0
592.8104177,592.786907216973,40485332190.0
2462.6688432,2462.6631839116562,40485332190.0
10860.824892,10860.823609094148,40485332190.0
1258.4599777,1258.44890307239,40485332190.0
18066.197824,18066.19705202486,40485332190.0
8588.6482397,8588.646616909275,40485332190.0
6624.3608423,6624.358738398018,40485332190.0
5320.0638894,5320.061269674436,40485332190.0
8474.944639,8474.942994546853,40485332190.0
3390.8387363,3390.8346261309316,40485332190.0
2564.1212772,2564.1158417661077,40485332190.0
4944.0834369,4944.080618041704,40485332190.0
1241.7148037,1241.7035796871248,40485332190.0
6634.5989033,6634.596802696665,40485332190.0
3102.5074229,3102.5029307026675,40485332190.0
7821.9380421,7821.936260345613,40485332190.0
9557.4026974,9557.401239176555,40485332190.0
3697.928881,3697.925112119393,40485332190.0
4278.1927239,4278.189466237551,40485332190.0
2877.9693844,2877.9645417403003,40485332190.0
2751.8036462,2751.798581600531,40485332190.0
4939.3891642,4939.386342593984,40485332190.0
5374.1683476,5374.165754219886,40485332190.0
2176.095526,2176.089121449867,40485332190.0
12669.774659,12669.773559014411,40485332190.0
2952.9283266,2952.9236068574032,40485332190.0
10802.662775,10802.661484778668,40485332190.0
2503.1340622,2503.128494385084,40485332190.0
1648.4764202,1648.4679656822661,40485332190.0
2494.6769475,2494.6713608282603,40485332190.0
3212.9003583,3212.8960204556824,40485332190.0
820.36994273,820.3529538978839,40485332190.0
4335.2024445,4335.199229667731,40485332190.0
3183.6763951,3183.6720175276496,40485332190.0
2615.1682715,2615.162942255596,40485332190.0
3859.5057302,3859.502119025304,40485332190.0
9566.3127267,9566.311269744057,40485332190.0
3275.4047329,3275.400477827447,40485332190.0
2782.4471634,2782.442154481012,40485332190.0
11941.224793,11941.22362595714,40485332190.0
3876.7507408,3876.7471458127175,40485332190.0
10638.918893,10638.917582629289,40485332190.0
6054.3849368,6054.382634850022,40485332190.0
5689.8963431,5689.893893708982,40485332190.0
4997.7749696,4997.7721809638915,40485332190.0
3190.8437976,3190.8394297853965,40485332190.0
3936.0341797,3936.0306387744495,40485332190.0
1787.6435731,1787.635776825153,40485332190.0
11261.295011,11261.293773525489,40485332190.0
3288.8959412,3288.8917035908025,40485332190.0
3760.1730412,3760.169334707333,40485332190.0
3762.2441688,3762.2404644333747,40485332190.0
1571.1549561,1571.146085573986,40485332190.0
1801.3396961,1801.331959079747,40485332190.0
14398.943085,14398.942117744335,40485332190.0
3900.6347983,3900.6312253159326,40485332190.0
4828.7304364,4828.727550178962,40485332190.0
6659.1651323,6659.163039388265,40485332190.0
8704.9397566,8704.938155587723,40485332190.0
7790.1704725,7790.168683407511,40485332190.0
2847.9599408,2847.955047154602,40485332190.0
1490.1582745,1490.1489217886513,40485332190.0
7026.3989159,7026.396932401579,40485332190.0
4662.6716638,4662.668674727911,40485332190.0
3441.9945803,3441.9905312316146,40485332190.0
3477.9941243,3477.990117120982,40485332190.0
2125.5424409,2125.53588395003,40485332190.0
9527.3382601,9527.33679721062,40485332190.0
2598.7009492,2598.695586142154,40485332190.0
3542.733451,3542.7295170317466,40485332190.0
10654.964139,10654.962830520117,40485332190.0
2925.4305247,2925.425760610474,40485332190.0
5356.0331607,5356.0305586256445,40485332190.0
6670.2104366,6670.208347125479,40485332190.0
5356.8869867,5356.884385064423,40485332190.0
3110.2159066,3110.211425549197,40485332190.0
2664.5494925,2664.5442619598653,40485332190.0
1719.0031718,1718.9950641598139,40485332190.0
7503.4638642,7503.462006806268,40485332190.0
6451.7792345,6451.777074318003,40485332190.0
2939.9099856,2939.9052450568065,40485332190.0
3198.2314974,3198.227139687762,40485332190.0
1918.4712797,1918.464015053962,40485332190.0
2774.967027,2774.9620046501673,40485332190.0
10776.543296,10776.542003227312,40485332190.0
12789.380728,12789.379638751903,40485332190.0
2162.0223235,2162.015877210224,40485332190.0
3099.3704612,3099.3659645085627,40485332190.0
1943.7351535,1943.7279832821275,40485332190.0
10264.55761,10264.556252044986,40485332190.0
2678.7949436,2678.789740852036,40485332190.0
6655.3569353,6655.354841263771,40485332190.0
3094.5568063,3094.552302585305,40485332190.0
18276.863274,18276.862510887175,40485332190.0
1626.5685363,1626.5599678676313,40485332190.0
2914.7785667,2914.773785220465,40485332190.0
1098.8092145,1098.796530784462,40485332190.0
12702.886714,12702.885616972744,40485332190.0
2902.8040492,2902.799248011335,40485332190.0
1153.2594959,1153.2474109775305,40485332190.0
8007.5979015,8007.596160976776,40485332190.0
1694.8573062,1694.8490831057427,40485332190.0
3255.5922489,3255.5879679173263,40485332190.0
2501.204287,2501.1987148916323,40485332190.0
9338.1635604,9338.162067872541,40485332190.0
9052.5063017,9052.504762076638,40485332190.0
6730.6785463,6730.676475610848,40485332190.0
2614.8139071,2614.808577113494,40485332190.0
3053.2636665,3053.259101806237,40485332190.0
1730.5125779,1730.5045241641997,40485332190.0
5568.1934891,5568.190986149802,40485332190.0
8697.5031988,8697.50159637605,40485332190.0
3232.1590999,3232.154787984102,40485332190.0
9757.4293624,9757.427934030058,40485332190.0
2197.0800777,2197.073734366794,40485332190.0
2399.1779941,2399.172185013384,40485332190.0
5687.59199,5687.589539509369,40485332190.0
6394.0652091,6394.0630293719805,40485332190.0
6780.114077,6780.112021379015,40485332190.0
1833.7843342,1833.7767341113383,40485332190.0
10975.211291,10975.210021284574,40485332190.0
5553.3399747,5553.337465069389,40485332190.0
5142.8623358,5142.859625824337,40485332190.0
4648.1846137,4648.1816153678,40485332190.0
4656.6282881,4656.625295100983,40485332190.0
3002.8981839,3002.893542703102,40485332190.0
2771.3396147,2771.3345856649626,40485332190.0
5648.7832404,5648.780773206143,40485332190.0
5093.8204361,5093.817700093044,40485332190.0
4546.4596324,4546.456566952998,40485332190.0
6898.7687206,6898.766700329763,40485332190.0
2795.0136648,2795.0086784767636,40485332190.0
6096.8779769,6096.8756909802405,40485332190.0
4581.5422209,4581.539178887379,40485332190.0
4989.0307717,4989.027978163084,40485332190.0
13998.081747,13998.080751308053,40485332190.0
1181.2433679,1181.2315692420177,40485332190.0
2597.6938058,2597.6884406387035,40485332190.0
2302.552548,2302.546495121244,40485332190.0
5132.6897822,5132.687066839678,40485332190.0
1596.0435054,1596.034773140086,40485332190.0
7356.9868526,7356.984958236962,40485332190.0
2919.8199104,2919.815137185879,40485332190.0
3721.3030077,3721.2992625012116,40485332190.0
1924.5233156,1924.516073783458,40485332190.0
3890.5054771,3890.5018948534484,40485332190.0
4319.495147,4319.49192044337,40485332190.0
1461.6711612,1461.661626293841,40485332190.0
2465.3310023,2465.325349073636,40485332190.0
1363.4933115,1363.4830899812698,40485332190.0
2048.1308234,2048.124018696358,40485332190.0
7750.4389537,7750.437155407027,40485332190.0
5645.7014695,5645.699000912136,40485332190.0
4183.9776973,4183.974366327435,40485332190.0
2404.4314715,2404.425675122299,40485332190.0
11410.839535,11410.83831351415,40485332190.0
1197.4020647,1197.3904253114497,40485332190.0
4137.4506316,4137.447263046934,40485332190.0
8145.3881606,8145.38644956177,40485332190.0
19687.325302,19687.3245948811,40485332190.0
4549.0137648,4549.010701101515,40485332190.0
4526.9718764,4526.968797791926,40485332190.0
5565.1057455,5565.103241114818,40485332190.0
3747.3997938,3747.3960747479878,40485332190.0
10595.382728,10595.381413354753,40485332190.0
6753.232735,6753.230671270492,40485332190.0
9227.6095275,9227.608017094664,40485332190.0
380.15427145,380.11760829443125,40485332190.0
1896.9908733,1896.9835263981686,40485332190.0
1923.371374,1923.3641278406385,40485332190.0
2571.8106054,2571.805186269088,40485332190.0
10237.710044,10237.708682883893,40485332190.0
904.00828464,903.992867629275,40485332190.0
2156.8372566,2156.830794814481,40485332190.0
965.29481292,965.2803747604754,40485332190.0
7998.9723895,7998.970647187273,40485332190.0
639.68957939,639.6677919127452,40485332190.0
7985.9689989,7985.967253714423,40485332190.0
1937.1641626,1937.15696807159,40485332190.0
4629.3783813,4629.3753707271135,40485332190.0
2542.1335011,2542.1280186907666,40485332190.0
16112.243043,16112.242177574139,40485332190.0
4876.5260744,4876.523216411861,40485332190.0
3480.8120159,3480.8080119490437,40485332190.0
3075.887081,3075.882549924774,40485332190.0
4361.8227421,4361.819546914725,40485332190.0
1563.9681353,1563.959223996653,40485332190.0
3350.5459998,3350.541840155837,40485332190.0
1026.7049816,1026.691407059443,40485332190.0
1947.8103886,1947.8032333557933,40485332190.0
1657.9768205,1657.9684144462035,40485332190.0
5943.8510341,5943.848689264777,40485332190.0
2855.3065633,2855.3016822152535,40485332190.0
2500.7365745,2500.731001346705,40485332190.0
1525.4601631,1525.451026752862,40485332190.0
2639.9389438,2639.9336645183726,40485332190.0
2144.2598879,2144.2533882929897,40485332190.0
1457.9691024,1457.959543220907,40485332190.0
8490.1324596,8490.130818070458,40485332190.0
5460.8334701,5460.830917968651,40485332190.0
11703.669688,11703.668497049468,40485332190.0
3862.3932024,3862.389594074353,40485332190.0
1495.1454101,1495.1360886168743,40485332190.0
1380.3991117,1380.3890152668164,40485332190.0
5758.1184028,5758.115982428037,40485332190.0
3056.4881127,3056.483552923686,40485332190.0
10423.402377,10423.401039282475,40485332190.0
3366.1949089,3366.190768713328,40485332190.0
5810.8140256,5810.811627198518,40485332190.0
3021.2308909,3021.226277897753,40485332190.0
2455.9405156,2455.9348407448547,40485332190.0
10492.917927,10492.916598821257,40485332190.0
2323.8910448,2323.885047499691,40485332190.0
5166.3618263,5166.359128709723,40485332190.0
3772.7872101,3772.7835160210125,40485332190.0
16057.117789,16057.116921159577,40485332190.0
2476.1601525,2476.154524037161,40485332190.0
3066.2259744,3066.2214290436245,40485332190.0
879.59717521,879.5813303388188,40485332190.0
6532.3310888,6532.328955267415,40485332190.0
1539.4179261,1539.4088726777854,40485332190.0
5705.3991073,5705.396664572761,40485332190.0
2159.6155655,2159.6091120346414,40485332190.0
4613.0811986,4613.078177428677,40485332190.0
19755.686014,19755.685307736898,40485332190.0
2418.3866901,2418.3809271571736,40485332190.0
1909.9245203,1909.917223147354,40485332190.0
1780.4135781,1780.4057501112918,40485332190.0
13788.686774,13788.68576272352,40485332190.0
1973.6456516,1973.6385900599532,40485332190.0
4543.8356749,4543.832607668594,40485332190.0
1510.1466961,1510.1374671586357,40485332190.0
9492.5044173,9492.502949096503,40485332190.0
1254.9841293,1254.973023852874,40485332190.0
4870.8067964,4870.803935046867,40485332190.0
9514.895066,9514.89360117279,40485332190.0
285.48169342,285.43287006433707,40485332190.0
4790.8871474,4790.884238313733,40485332190.0
19603.182995,19603.182284182236,40485332190.0
3816.2167233,3816.213071350217,40485332190.0
6086.4750432,6086.472753324999,40485332190.0
6079.178804,6079.176511381918,40485332190.0
1500.313194,1500.3039045363328,40485332190.0
4792.2699072,4792.266998973208,40485332190.0
4653.7071101,4653.704115321178,40485332190.0
919.48356617,919.468408644368,40485332190.0
1009.6428472,1009.6290431754683,40485332190.0
4131.6428021,4131.639428860546,40485332190.0
8704.0810947,8704.079493470934,40485332190.0
7567.3551546,7567.353312864801,40485332190.0
4886.079702,4886.076849587454,40485332190.0
7926.1102173,7926.108458891223,40485332190.0
6068.0068233,6068.004526516909,40485332190.0
15422.720205,15422.719300603769,40485332190.0
6166.7207781,6166.718518114426,40485332190.0
2070.0306107,2070.023877895282,40485332190.0
4175.3777244,4175.374386530313,40485332190.0
1616.2091194,1616.2004960986446,40485332190.0
3668.2813914,3668.277592097876,40485332190.0
4731.8745883,4731.871642972048,40485332190.0
10308.763415,10308.76206292746,40485332190.0
7599.4037472,7599.401913314355,40485332190.0
4249.5408988,4249.537619122431,40485332190.0
13151.054079,13151.053019475112,40485332190.0
1500.70998,1500.7006931089393,40485332190.0
15364.739922,15364.739014448123,40485332190.0
4469.1163677,4469.113249220754,40485332190.0
4594.6799236,4594.676890359809,40485332190.0
12915.981788,12915.980709877873,40485332190.0
2422.6727195,2422.6669667389374,40485332190.0
6747.5219442,6747.519878725398,40485332190.0
6075.9994514,6075.99715763582,40485332190.0
1270.6365565,1270.6255879646,40485332190.0
2073.1128669,2073.1061441408815,40485332190.0
1872.1506234,1872.143179011628,40485332190.0
6710.5828284,6710.580751497569,40485332190.0
8749.9533757,8749.951782960232,40485332190.0
2653.5490945,2653.5438422845136,40485332190.0
11666.570497,11666.569302414102,40485332190.0
5889.3345632,5889.332196654707,40485332190.0
5710.3377695,5710.335328890341,40485332190.0
6478.8062284,6478.804077166043,40485332190.0
15871.494898,15871.494020613754,40485332190.0
3552.6261559,3552.6222329658835,40485332190.0
3812.335685,3812.3320292412504,40485332190.0
2409.0862061,2409.0804209291878,40485332190.0
9966.3644153,9966.363016962487,40485332190.0
2064.7598037,2064.753053761984,40485332190.0
2948.1209068,2948.1161793562487,40485332190.0
3451.6716633,3451.6676256063715,40485332190.0
5672.188307,5672.1858498411475,40485332190.0
4227.1810727,4227.177775682599,40485332190.0
6245.4322175,6245.429985979634,40485332190.0
3290.2257019,3290.2214660488626,40485332190.0
5532.4895444,5532.48702523872,40485332190.0
14038.884671,14038.883678455084,40485332190.0
1893.3973261,1893.3899653228432,40485332190.0
1861.3354568,1861.3279691759053,40485332190.0
940.28924053,940.2744183991741,40485332190.0
11604.072932,11604.071730666972,40485332190.0
1767.0340331,1767.0261459235098,40485332190.0
2521.6977509,2521.692223992111,40485332190.0
3447.4044667,3447.400423998127,40485332190.0
10447.988293,10447.98695856219,40485332190.0
3202.3014146,3202.297062380247,40485332190.0
4928.4222353,4928.419407488488,40485332190.0
2259.3324578,2259.3262891740983,40485332190.0
2722.0135673,2722.008447194147,40485332190.0
4830.7644934,4830.761608359079,40485332190.0
4459.6117751,4459.608649897769,40485332190.0
9284.7155347,9284.71403359666,40485332190.0
4314.2952218,4314.291991392369,40485332190.0
8073.928713,8073.926986841883,40485332190.0
4557.2376608,4557.234602654693,40485332190.0
1755.0800831,1755.0721421604453,40485332190.0
4003.0937502,4003.090268723487,40485332190.0
1806.4934954,1806.4857805159222,40485332190.0
2155.4614085,2155.4549426023304,40485332190.0
5917.6905487,5917.688193590197,40485332190.0
1044.9074343,1044.8940961349915,40485332190.0
299.49734018,299.4508019892776,40485332190.0
3743.0155987,3743.011875158215,40485332190.0
6761.0463834,6761.044322048323,40485332190.0
3893.0459654,3893.042385397039,40485332190.0
12790.257719,12790.256629496947,40485332190.0
1665.2165672,1665.2081977128564,40485332190.0
2013.3742354,2013.3673131466783,40485332190.0
1666.1616329,1666.1532681650872,40485332190.0
4357.846169,4357.842970836183,40485332190.0
597.28360956,597.2602751618169,40485332190.0
1305.1131688,1305.1024900512016,40485332190.0
3069.1668702,3069.1623292699232,40485332190.0
974.9580092,974.9437141385495,40485332190.0
5231.2198613,5231.217197171646,40485332190.0
5019.1600706,5019.157293790722,40485332190.0
1713.3334531,1713.3253186747152,40485332190.0
251.29237462,251.2369072753776,40485332190.0
3461.8682507,3461.864224771273,40485332190.0
1629.4393372,1629.4307838707605,40485332190.0
883.88981629,883.8740483715528,40485332190.0
1445.8512402,1445.8416008219863,40485332190.0
6466.1360262,6466.133870815005,40485332190.0
807.28983174,807.2725676445509,40485332190.0
2036.8345113,2036.827668786816,40485332190.0
1594.8862485,1594.877509951696,40485332190.0
6127.8988774,6127.896603054846,40485332190.0
2429.1800443,2429.174307050784,40485332190.0
2544.9509919,2544.94551554147,40485332190.0
5816.8745412,5816.8721451721785,40485332190.0
9373.78871,9373.787223266365,40485332190.0
1027.416495,1027.4029298107391,40485332190.0
3716.2000161,3716.196265816591,40485332190.0
20008.033347,20008.032650475954,40485332190.0
2568.9989654,2568.9935403754894,40485332190.0
6064.4434855,6064.441187324468,40485332190.0
2564.1144519,2564.1090165514147,40485332190.0
7343.4140558,7343.412157901711,40485332190.0
1400.9453994,1400.9354511128452,40485332190.0
2859.2541301,2859.2492557019796,40485332190.0
1909.1329996,1909.1256994257324,40485332190.0
1951.1101179,1951.1029748191174,40485332190.0
3537.4011147,3537.397174868123,40485332190.0
9172.3236149,9172.322095406096,40485332190.0
2764.1924498,2764.1874078868514,40485332190.0
4667.0651402,4667.062153974922,40485332190.0
6238.9067243,6238.9044904691655,40485332190.0
1955.8274282,1955.8203023497556,40485332190.0
6049.5027674,6049.500463561329,40485332190.0
2080.3704585,2080.3637592353375,40485332190.0
882.70436824,882.6885791351825,40485332190.0
1015.0774877,1015.0637576349175,40485332190.0
3692.8556531,3692.8518790586713,40485332190.0
808.43711367,808.4198740662205,40485332190.0
3079.9846313,3079.980106273219,40485332190.0
1587.8277075,1587.8189301397813,40485332190.0
2827.6419007,2827.63697188323,40485332190.0
694.50135608,694.4812881735158,40485332190.0
4260.0695751,4260.066303570851,40485332190.0
815.63132697,815.6142394410208,40485332190.0
9478.835687,9478.834216698175,40485332190.0
1433.1178544,1433.108129435683,40485332190.0
14526.051897,14526.050938274197,40485332190.0
6644.4626602,6644.4605626713255,40485332190.0
12100.223982,12100.222829778782,40485332190.0
1689.1967172,1689.18846645979,40485332190.0
14263.227477,14263.22649990592,40485332190.0
4871.0837359,4871.080874743549,40485332190.0
14166.246119,14166.245134931702,40485332190.0
13285.485637,13285.484588084326,40485332190.0
2864.4888076,2864.483942169944,40485332190.0
7089.7227782,7089.7208123742685,40485332190.0
6763.5309301,6763.528869513349,40485332190.0
5493.5160488,5493.51351183,40485332190.0
2691.8738321,2691.8686546957415,40485332190.0
1545.8957014,1545.8866858379515,40485332190.0
7450.2566047,7450.254734009653,40485332190.0
2303.0207416,2303.0146900208597,40485332190.0
3005.5847027,3005.5800657351283,40485332190.0
2235.1515424,2235.1453070380016,40485332190.0
3301.2259799,3301.2217580762704,40485332190.0
1837.0078545,1837.0002676939278,40485332190.0
3206.208864,3206.204517071798,40485332190.0
3944.8713263,3944.8677934256334,40485332190.0
4791.7780253,4791.775116745356,40485332190.0
5343.4385704,5343.435962170169,40485332190.0
3739.6893824,3739.6856556098915,40485332190.0
4896.3385273,4896.335680956583,40485332190.0
3354.4949205,3354.4907657747026,40485332190.0
3391.3313038,3391.327194256081,40485332190.0
4655.1476015,4655.144607568503,40485332190.0
5435.4586512,5435.4560870637215,40485332190.0
5936.4105014,5936.408153740338,40485332190.0
4656.0896733,4656.086680017422,40485332190.0
3785.8164745,3785.8127931818863,40485332190.0
4038.8519986,4038.848547869232,40485332190.0
1095.5643417,1095.5516203438387,40485332190.0
2819.0965399,2819.0915960605207,40485332190.0
3685.5752144,3685.5714329200105,40485332190.0
2128.4101205,2128.4035724261507,40485332190.0
1451.0833228,1451.0737182084447,40485332190.0
7332.3539798,7332.352079002636,40485332190.0
7837.4957853,7837.49400698618,40485332190.0
1997.9329899,1997.926014212652,40485332190.0
822.98458308,822.9676482245238,40485332190.0
2826.2164108,2826.2114794899817,40485332190.0
2099.2882487,2099.2816097847517,40485332190.0
2329.6980318,2329.6920495000018,40485332190.0
8013.5549654,8013.553226215973,40485332190.0
2621.6123805,2621.6070642650407,40485332190.0
2826.1194165,2826.114484948231,40485332190.0
1475.1356776,1475.1262296253158,40485332190.0
4018.3042028,4018.300734449975,40485332190.0
1248.0131066,1248.0019392292031,40485332190.0
3300.8307911,3300.826568851251,40485332190.0
1218.2658997,1218.2544595994718,40485332190.0
4595.3135443,4595.310511431197,40485332190.0
4502.3204571,4502.31736160883,40485332190.0
5063.8317928,5063.829040525671,40485332190.0
6614.6647796,6614.662672666384,40485332190.0
5461.0994869,5461.096934851998,40485332190.0
5713.8150004,5713.812561235099,40485332190.0
6557.1005817,6557.0984562073045,40485332190.0
10505.04454,10505.043213200925,40485332190.0
4031.5577731,4031.5543160425336,40485332190.0
2599.8759764,2599.8706157691877,40485332190.0
4107.7664693,4107.763076400034,40485332190.0
8033.2436416,8033.24190672069,40485332190.0
1517.784931,1517.7757485325285,40485332190.0
875.82150854,875.8055953473886,40485332190.0
2763.8982504,2763.893207863939,40485332190.0
10372.216471,10372.215127266187,40485332190.0
4668.8373956,4668.834410498988,40485332190.0
7589.1898966,7589.188060212029,40485332190.0
4858.4345884,4858.431719848578,40485332190.0
3432.2102431,3432.2061823690897,40485332190.0
9410.1368296,9410.135348472606,40485332190.0
11297.306632,11297.30539869684,40485332190.0
1911.1241199,1911.1168272971795,40485332190.0
6699.2007179,6699.198637530121,40485332190.0
1633.5579396,1633.5494078699796,40485332190.0
2920.9009416,2920.8961701469557,40485332190.0
2351.5323715,2351.5264446889305,40485332190.0
4431.0939452,4431.090799962534,40485332190.0
3256.3570366,3256.352756685132,40485332190.0
4015.7615155,4015.7580449257707,40485332190.0
4391.7027413,4391.699567881687,40485332190.0
8111.9158859,8111.914167722886,40485332190.0
1684.8029365,1684.7946643595744,40485332190.0
9596.5474345,9596.545982218895,40485332190.0
2809.5564663,2809.5515057391062,40485332190.0
12123.787573,12123.786422984183,40485332190.0
5857.6268798,5857.624500578529,40485332190.0
6793.5136738,6793.51162236108,40485332190.0
4497.7388937,4497.735794981509,40485332190.0
2038.4911669,2038.484329950836,40485332190.0
5629.7164928,5629.714017195574,40485332190.0
7559.261282,7559.259438313299,40485332190.0
2063.9849212,2063.9781686905653,40485332190.0
2553.2377925,2553.232333954053,40485332190.0
2137.7390988,2137.732579296435,40485332190.0
2444.8559838,2444.850283244321,40485332190.0
6659.1390204,6659.1369274469225,40485332190.0
3079.9114279,3079.9069028051213,40485332190.0
4114.1343242,4114.130936615108,40485332190.0
9233.5517081,9233.55019865523,40485332190.0
1857.6776933,1857.6701909004264,40485332190.0
4944.2133697,4944.2105507999695,40485332190.0
2839.3406704,2839.3357618048462,40485332190.0
2449.2545185,2449.248828128576,40485332190.0
5015.0748891,5015.072110032136,40485332190.0
6839.1606435,6839.158605628486,40485332190.0
2874.0445889,2874.0397396580197,40485332190.0
11668.595522,11668.594327169627,40485332190.0
1393.6098228,1393.5998220871504,40485332190.0
1428.996677,1428.9869239106124,40485332190.0
2154.9013881,2154.8949205085733,40485332190.0
2511.4176057,2511.4120562177104,40485332190.0
2737.3568256,2737.351734232922,40485332190.0
7799.6849507,7799.6831639314805,40485332190.0
6196.3613901,6196.359140870846,40485332190.0
3069.4765012,3069.4719606855765,40485332190.0
3628.6798647,3628.6760239332607,40485332190.0
2743.1402486,2743.135167940307,40485332190.0
2533.3308258,2533.3253243094546,40485332190.0
10880.463025,10880.461743435022,40485332190.0
1323.9099646,1323.8994374745946,40485332190.0
7524.373118,7524.371265739233,40485332190.0
1791.9606478,1791.952870306935,40485332190.0
905.41347498,905.3980819047285,40485332190.0
2820.5895404,2820.5845991712526,40485332190.0
1612.7552374,1612.7465956884284,40485332190.0
1366.1234929,1366.1132909924943,40485332190.0
2247.9007558,2247.8945557400693,40485332190.0
6422.7390919,6422.736921957355,40485332190.0
5192.0730345,5192.070350210717,40485332190.0
15627.603201,15627.60230981807,40485332190.0
455.97065232,455.9400857692407,40485332190.0
3294.1544828,3294.1502519647374,40485332190.0
3389.7338225,3389.729710884469,40485332190.0
6841.3719012,6841.369864042534,40485332190.0
2976.9371938,2976.932512214362,40485332190.0
8958.217339,8958.215783223095,40485332190.0
4911.9300442,4911.927206877653,40485332190.0
1180.2225162,1180.2107073227507,40485332190.0
9213.2676206,9213.266107979365,40485332190.0
2898.9963958,2898.991588215498,40485332190.0
1347.692002,1347.6816605706842,40485332190.0
2392.6760589,2392.670234104009,40485332190.0
4855.2325805,4855.229709987797,40485332190.0
11580.553393,11580.552189905946,40485332190.0
1035.718082,1035.704625587829,40485332190.0
1284.164687,1284.1538340387383,40485332190.0
2449.2736573,2449.267967085025,40485332190.0
3035.2396659,3035.235074151178,40485332190.0
17254.481188,17254.480380519824,40485332190.0
1936.3496635,1936.3424659207756,40485332190.0
2011.3929351,2011.3860060655459,40485332190.0
3230.640058,3230.6357439870203,40485332190.0
2431.7743916,2431.7686603442885,40485332190.0
4206.0924244,4206.089110944366,40485332190.0
4610.8532806,4610.850257961528,40485332190.0
3762.4024936,3762.398789285259,40485332190.0
4164.8459299,4164.842583590134,40485332190.0
6168.3036501,6168.301390710726,40485332190.0
4668.0827128,4668.079727268537,40485332190.0
8676.1499562,8676.148349846448,40485332190.0
7848.7552032,7848.753427466954,40485332190.0
1694.1294403,1694.121213705027,40485332190.0
1069.1699248,1069.1568894085335,40485332190.0
3750.187026,3750.183309626535,40485332190.0
1478.3026089,1478.2931811561066,40485332190.0
4524.6919743,4524.688894097723,40485332190.0
5692.2651216,5692.26267317091,40485332190.0
2990.3518093,2990.3471485980494,40485332190.0
4214.3968574,4214.393550424817,40485332190.0
11217.063125,11217.061883143484,40485332190.0
6738.3491403,6738.347071960151,40485332190.0
9080.2733884,9080.271853537046,40485332190.0
187.10501684,187.03051451888504,40485332190.0
2324.4878785,2324.4818827991044,40485332190.0
858.31198324,858.2957454246792,40485332190.0
6138.922847,6138.92057680948,40485332190.0
4660.3581916,4660.355201147066,40485332190.0
4400.4023708,4400.399203569232,40485332190.0
3591.3349277,3591.3310469578396,40485332190.0
4791.6034457,4791.600537050615,40485332190.0
2271.0399195,2271.0337826795485,40485332190.0
4552.1636904,4552.160628793404,40485332190.0
6894.6705451,6894.6685236743115,40485332190.0
14314.09256,14314.09158651052,40485332190.0
4019.5267836,4019.523316270991,40485332190.0
3047.8437346,3047.8391618462247,40485332190.0
3569.8357273,3569.8318232339457,40485332190.0
5128.2980486,5128.295330875945,40485332190.0
1646.4341248,1646.4256598226575,40485332190.0
1175.8592387,1175.847386003952,40485332190.0
8585.1601394,8585.158516004236,40485332190.0
2403.1479087,2403.1421092646424,40485332190.0
2363.9457417,2363.9398460669054,40485332190.0
1221.6979518,1221.6865438872908,40485332190.0
3895.3374385,3895.333860632972,40485332190.0
12597.381079,12597.379972470513,40485332190.0
5781.2018035,5781.199392763637,40485332190.0
10440.650085,10440.648750035769,40485332190.0
9777.8049412,9777.803515904847,40485332190.0
869.22676955,869.2107356254248,40485332190.0
5673.9295015,5673.927045174537,40485332190.0
3531.3314986,3531.3275518752275,40485332190.0
1602.6268989,1602.618202524339,40485332190.0
6169.3324725,6169.3302134017185,40485332190.0
1455.3043372,1455.294760564912,40485332190.0
1586.9059427,1586.8971602008744,40485332190.0
9850.4751892,9850.47377442177,40485332190.0
1853.383805,1853.3762852725147,40485332190.0
6187.6577004,6187.655448041804,40485332190.0
8033.7707562,8033.769021403654,40485332190.0
2198.0604606,2198.054120033771,40485332190.0
1043.0056298,1042.9922673423262,40485332190.0
2346.5835323,2346.5775929705883,40485332190.0
1935.9992797,1935.992080840487,40485332190.0
6422.8556597,6422.853489817441,40485332190.0
1697.7988129,1697.790604025878,40485332190.0
12686.481424,12686.480325685025,40485332190.0
358.65956857,358.62070794632194,40485332190.0
3547.5068442,3547.5029156055352,40485332190.0
3947.5891219,3947.585591352594,40485332190.0
5182.1627859,5182.160096447106,40485332190.0
3425.0270775,3425.0230083108086,40485332190.0
510.09911825,510.07179541179806,40485332190.0
8893.9381441,8893.936577051543,40485332190.0
1348.063023,1348.0526844278231,40485332190.0
1576.1556194,1576.1467770562126,40485332190.0
755.55265198,755.534205676048,40485332190.0
4283.2894706,4283.286216743937,40485332190.0
3150.6430354,3150.6386118869955,40485332190.0
1538.1342138,1538.125152823507,40485332190.0
17394.734188,17394.73338680548,40485332190.0
10078.450714,10078.44933075093,40485332190.0
1753.6083932,1753.6004455528348,40485332190.0
6161.9485946,6161.946332795776,40485332190.0
1693.9180121,1693.9097844342132,40485332190.0
3148.0335073,3148.029080124578,40485332190.0
6158.9430558,6158.9407929863655,40485332190.0
827.93448275,827.917649141682,40485332190.0
4667.6638179,4667.660832044095,40485332190.0
4261.7570567,4261.753786392946,40485332190.0
2902.9724965,2902.9676956282265,40485332190.0
8392.8648262,8392.863165611385,40485332190.0
8370.4825468,8370.48088181231,40485332190.0
1212.3603123,1212.348816446008,40485332190.0
6453.3443217,6453.342162045904,40485332190.0
1299.5610749,1299.5503503918758,40485332190.0
737.55153931,737.5326427881888,40485332190.0
2037.2850954,2037.2782544603235,40485332190.0
7648.2637904,7648.261968129725,40485332190.0
2266.1127916,2266.106641374636,40485332190.0
1389.8121799,1389.802151900229,40485332190.0
4091.8991484,4091.895742393108,40485332190.0
1330.1383849,1330.1279070209587,40485332190.0
1936.9261546,1936.9189591574147,40485332190.0
1025.4569204,1025.4433293132977,40485332190.0
3372.6285245,3372.624392113194,40485332190.0
5354.5367103,5354.534107477331,40485332190.0
1939.456582,1939.4493959733866,40485332190.0
2476.3270338,2476.321405757946,40485332190.0
1062.8356998,1062.8225867120414,40485332190.0
2858.1359931,2858.1311169042747,40485332190.0
6523.3254751,6523.32333858785,40485332190.0
7093.46336,7093.4613952034,40485332190.0
1385.8313606,1385.8213038152012,40485332190.0
2627.8802527,2627.8749492274237,40485332190.0
3794.4906622,3794.4869892568363,40485332190.0
3026.0416718,3026.0370661355423,40485332190.0
1303.6558892,1303.6451984668838,40485332190.0
3814.9572805,3814.9536272294113,40485332190.0
3097.6675635,3097.6630642646505,40485332190.0
4057.1650372,4057.161602038366,40485332190.0
3373.5816828,3373.5775516182543,40485332190.0
9034.8630567,9034.861514128228,40485332190.0
1730.5716228,1730.5635694425566,40485332190.0
4660.3479762,4660.344985621635,40485332190.0
1096.1603964,1096.1476819914622,40485332190.0
5442.4677624,5442.465201626612,40485332190.0
2180.8002841,2180.7938932727056,40485332190.0
4623.5660499,4623.563035512815,40485332190.0
2399.5882643,2399.5824562241028,40485332190.0
3867.2264153,3867.222811347487,40485332190.0
7263.6347173,7263.632798573449,40485332190.0
796.92320869,796.9057200072868,40485332190.0
1597.9391241,1597.9304022252,40485332190.0
5060.3787556,5060.376001413963,40485332190.0
12969.833133,12969.832058968923,40485332190.0
3755.2446081,3755.240896766601,40485332190.0
1022.8331902,1022.8195642228316,40485332190.0
1474.8083961,1474.798946096266,40485332190.0
8456.0872694,8456.085621236705,40485332190.0
10255.32813,10255.326770966361,40485332190.0
4051.4162855,4051.4128454554016,40485332190.0
1329.1336835,1329.123197757417,40485332190.0
2773.2433895,2773.2383639959917,40485332190.0
1764.7163409,1764.708443317929,40485332190.0
3162.1060962,3162.10168864207,40485332190.0
4437.2805511,4437.277410189529,40485332190.0
6745.3073367,6745.305270509392,40485332190.0
4868.0445875,4868.041724494793,40485332190.0
727.80806732,727.7889178183221,40485332190.0
1153.0784905,1153.0664036266737,40485332190.0
1726.3989845,1726.390911625666,40485332190.0
5105.5502328,5105.547503059321,40485332190.0
2373.9457059,2373.939835102569,40485332190.0
3383.1133701,3383.10925050488,40485332190.0
3541.6004872,3541.596551980054,40485332190.0
3308.2829424,3308.2787296758033,40485332190.0
1167.8601289,1167.8481950406867,40485332190.0
2231.0327602,2231.0265133240596,40485332190.0
2050.1105445,2050.1037463951993,40485332190.0
7831.3542711,7831.352491382797,40485332190.0
6558.900211,6558.898086113087,40485332190.0
4234.766734,4234.763442951686,40485332190.0
1464.455024,1464.445507048682,40485332190.0
8350.6446586,8350.642989633145,40485332190.0
1987.1022046,1987.0951907861777,40485332190.0
9053.2415859,9053.240046444047,40485332190.0
9947.9585135,9947.957112456534,40485332190.0
2412.3474894,2412.3417120407203,40485332190.0
4317.4870563,4317.48382828206,40485332190.0
1899.5515641,1899.544227087826,40485332190.0
8701.721367,8701.719765344526,40485332190.0
1652.8956294,1652.8871975379132,40485332190.0
2065.7518028,2065.7450560945904,40485332190.0
2495.9911765,2495.9855927899976,40485332190.0
516.86618154,516.8392164382029,40485332190.0
2191.5431918,2191.536832360107,40485332190.0
1814.3031688,1814.2954870251724,40485332190.0
13555.400524,13555.399495365351,40485332190.0
5168.9861255,5168.983429269233,40485332190.0
3344.7701374,3344.765970611887,40485332190.0
1804.8242505,1804.816528460529,40485332190.0
4245.6615379,4245.658255272746,40485332190.0
4322.9247824,4322.921558498782,40485332190.0
5926.4120102,5926.409658474536,40485332190.0
1269.150496,1269.1395145883107,40485332190.0
2421.881232,2421.8754773140054,40485332190.0
972.05141748,972.037079672888,40485332190.0
1319.6087497,1319.598188229277,40485332190.0
1582.3743015,1582.3654937962494,40485332190.0
6931.8539846,6931.851974028628,40485332190.0
4785.2513841,4785.248471601973,40485332190.0
3189.6949493,3189.690579920444,40485332190.0
3904.8620842,3904.8585150934514,40485332190.0
14187.470421,14187.469438080032,40485332190.0
2308.8253737,2308.8193373321005,40485332190.0
1868.7238099,1868.7163518405587,40485332190.0
10429.019497,10429.01816035971,40485332190.0
6418.8121761,6418.810004886705,40485332190.0
8777.9454154,8777.943827704039,40485332190.0
5484.7291612,5484.72662015678,40485332190.0
3719.320189,3719.3164418176093,40485332190.0
2493.3224116,2493.316821858889,40485332190.0
4041.1942044,4041.1907556329306,40485332190.0
15853.363677,15853.362798228398,40485332190.0
3503.1212134,3503.117234996834,40485332190.0
2382.7629469,2382.7570978035947,40485332190.0
1449.4277264,1449.4181108424414,40485332190.0
2115.6584139,2115.6518263535922,40485332190.0
10672.937243,10672.935937020711,40485332190.0
5290.2950273,5290.292392881772,40485332190.0
3321.326855,3321.3226587217923,40485332190.0
3591.2374786,3591.2335977560865,40485332190.0
3272.1324504,3272.1281910853363,40485332190.0
1874.5239436,1874.5165086175289,40485332190.0
3553.8765066,3553.8725850041774,40485332190.0
5137.3023009,5137.299587998901,40485332190.0
4701.3391009,4701.3361364287,40485332190.0
3441.1293476,3441.1252975102598,40485332190.0
1543.987767,1543.9787403267965,40485332190.0
5608.268456,5608.265970863035,40485332190.0
7956.2245692,7956.222817479957,40485332190.0
1515.4070635,1515.3978665785462,40485332190.0
5195.810059,5195.807376660261,40485332190.0
8272.0468372,8272.045152426645,40485332190.0
2195.5630617,2195.5567139086124,40485332190.0
2715.4997021,2715.4945697357607,40485332190.0
6103.2790521,6103.276768636377,40485332190.0
8670.9701483,8670.968540982321,40485332190.0
4938.8301907,4938.827368850496,40485332190.0
3411.1507438,3411.146658023783,40485332190.0
5162.7262464,5162.723546865417,40485332190.0
3373.1749873,3373.1708555622695,40485332190.0
9933.7282202,9933.726817236035,40485332190.0
1235.745627,1235.7343486717498,40485332190.0
2259.0642657,2259.0580963873,40485332190.0
4819.6962585,4819.6933668231695,40485332190.0
4819.4515349,4819.448643046227,40485332190.0
1704.8742505,1704.8660757506884,40485332190.0
4493.742615,4493.739513557445,40485332190.0
4410.0258744,4410.0227141486785,40485332190.0
11557.964989,11557.96378249774,40485332190.0
16342.632447,16342.631594547627,40485332190.0
874.11594469,874.1000004537818,40485332190.0
5100.7504436,5100.747711300417,40485332190.0
10577.389383,10577.38806602736,40485332190.0
6164.2004636,6164.198202705834,40485332190.0
1874.1682871,1874.1608507645701,40485332190.0
4578.6193968,4578.6163528298375,40485332190.0
739.00188156,738.9830221205463,40485332190.0
5199.6591476,5199.656467206801,40485332190.0
4405.8589724,4405.855809096676,40485332190.0
3056.1422762,3056.1377158311343,40485332190.0
1227.0589466,1227.047588486253,40485332190.0
8933.8227738,8933.821213751036,40485332190.0
5211.7706298,5211.767955600565,40485332190.0
2878.479193,2878.4743512259015,40485332190.0
12321.781022,12321.779891040065,40485332190.0
3904.5450453,3904.5414758697516,40485332190.0
5097.2728197,5097.2700854793375,40485332190.0
4916.3635367,4916.360701867345,40485332190.0
2910.2098396,2910.205050661162,40485332190.0
4640.7200817,4640.717078433524,40485332190.0
5536.6530374,5536.650520167621,40485332190.0
3356.7395317,3356.7353797470696,40485332190.0
5712.8706817,5712.868242089878,40485332190.0
14253.780436,14253.779457865325,40485332190.0
7013.401148,7013.39916078005,40485332190.0
9345.825666,9345.824174751166,40485332190.0
3452.8387771,3452.8347407158412,40485332190.0
18522.861718,18522.860965988097,40485332190.0
2729.3976959,2729.3925895899247,40485332190.0
8233.8933401,8233.891647463024,40485332190.0
18643.866367,18643.865619029082,40485332190.0
9258.5581614,9258.556656082907,40485332190.0
2899.2759845,2899.271177414638,40485332190.0
7313.5074857,7313.505580051693,40485332190.0
2158.991768,2158.9853126791872,40485332190.0
3927.5677025,3927.5641540177567,40485332190.0
2189.2409137,2189.2345476154337,40485332190.0
3414.9720967,3414.9680155128553,40485332190.0
1818.3709149,1818.3632502756088,40485332190.0
2849.9310268,2849.926136531564,40485332190.0
17740.930919,17740.9301330928,40485332190.0
7480.2749912,7480.273128062968,40485332190.0
3649.5858869,3649.582068202,40485332190.0
1945.1983491,1945.1911842654201,40485332190.0
2202.9296369,2202.9233103287925,40485332190.0
3299.9126498,3299.9084263422333,40485332190.0
1734.1613044,1734.1532676518705,40485332190.0
2537.1242248,2537.1187315721513,40485332190.0
940.61260822,940.5977911856671,40485332190.0
2477.1717591,2477.1661329500407,40485332190.0
5702.9023339,5702.899889987717,40485332190.0
5051.7632336,5051.760474803211,40485332190.0
12606.580962,12606.579856157528,40485332190.0
6186.3220162,6186.319763303813,40485332190.0
6288.6802857,6288.678069498608,40485332190.0
1491.5152516,1491.5059073196958,40485332190.0
6017.1004766,6017.098160425396,40485332190.0
3911.4087621,3911.405198848434,40485332190.0
4185.6608611,4185.657531472562,40485332190.0
3541.8396286,3541.8356936686287,40485332190.0
2541.5723187,2541.56683505911,40485332190.0
6753.7607886,6753.7587249885355,40485332190.0
2075.7182805,2075.7115661925386,40485332190.0
4146.3884625,4146.38510127635,40485332190.0
8940.0240852,8940.022526273082,40485332190.0
2641.2611021,2641.25582548019,40485332190.0
1088.488907,1088.4761029433405,40485332190.0
1556.3517745,1556.3428196111936,40485332190.0
3577.8308548,3577.826959522306,40485332190.0
5556.6522537,5556.649745534009,40485332190.0
2088.2990632,2088.2923893443253,40485332190.0
3672.73778,3672.7339852867963,40485332190.0
2125.6491409,2125.642584289787,40485332190.0
5710.4866786,5710.4842379860565,40485332190.0
7656.6983582,7656.696537948357,40485332190.0
3973.849666,3973.8461587860406,40485332190.0
5409.1343014,5409.131724887809,40485332190.0
1813.8917819,1813.8840983300645,40485332190.0
6526.4388246,6526.43668910029,40485332190.0
2613.9476319,2613.942300133795,40485332190.0
2194.9893625,2194.9830129893658,40485332190.0
9793.8769455,9793.875522440205,40485332190.0
6426.1573815,6426.155212702391,40485332190.0
2026.236234,2026.229355777092,40485332190.0
381.11090559,381.07433447263196,40485332190.0
2939.3917804,2939.387039019847,40485332190.0
3192.1300841,3192.1257180483053,40485332190.0
5160.7071311,5160.704430567991,40485332190.0
11163.765325,11163.764076849118,40485332190.0
8966.5359198,8966.534365487827,40485332190.0
9627.0783467,9627.076898948368,40485332190.0
1829.2394862,1829.231867145404,40485332190.0
6071.0508498,6071.048554133117,40485332190.0
3204.2755649,3204.271215365647,40485332190.0
11841.109913,11841.108735913162,40485332190.0
2171.0746163,2171.068196829151,40485332190.0
5612.0756924,5612.073209057207,40485332190.0
2784.9407883,2784.9357838359742,40485332190.0
5467.4702102,5467.467661147866,40485332190.0
5433.8857909,5433.883226097368,40485332190.0
13396.321756,13396.320715740289,40485332190.0
8693.7792746,8693.77767146122,40485332190.0
2895.7310071,2895.7261941355787,40485332190.0
184.66995619,184.59447107353918,40485332190.0
4784.6053357,4784.60242282469,40485332190.0
5990.4111906,5990.408864025138,40485332190.0
1551.6686641,1551.6596821793794,40485332190.0
6432.7132412,6432.711074610211,40485332190.0
2071.8641863,2071.8574595775253,40485332190.0
2274.0859606,2274.0798320330573,40485332190.0
4370.7626076,4370.759418888305,40485332190.0
1054.8594199,1054.8462077331405,40485332190.0
8978.456627,8978.45507467462,40485332190.0
7210.3352435,7210.333310553069,40485332190.0
3789.7903605,3789.786682957837,40485332190.0
2135.6239231,2135.6173971128305,40485332190.0
11936.649949,11936.648781255133,40485332190.0
2327.078626,2327.0726369776776,40485332190.0
2401.9394349,2401.9336325016207,40485332190.0
3312.2551502,3312.250942525178,40485332190.0
1120.3895836,1120.377144124145,40485332190.0
12733.465911,12733.464816347689,40485332190.0
6250.7813805,6250.779150827917,40485332190.0
3999.1650729,3999.1615879190667,40485332190.0
3363.5407165,3363.536573001701,40485332190.0
7593.9023191,7593.9004838084675,40485332190.0
13297.914289,13297.913240316706,40485332190.0
1136.0714899,1136.0592220469282,40485332190.0
6749.8920623,6749.889997528641,40485332190.0
2581.3882143,2581.3828153131067,40485332190.0
3543.2968532,3543.2929198741426,40485332190.0
11447.411284,11447.41006635693,40485332190.0
5301.0721781,5301.069549030023,40485332190.0
1286.7309519,1286.7201205400777,40485332190.0
1611.0196601,1611.0110089930129,40485332190.0
1983.7169123,1983.7098865455614,40485332190.0
4080.2863633,4080.2829475200456,40485332190.0
1658.5344806,1658.526077371525,40485332190.0
4324.984093,4324.980870528069,40485332190.0
1682.6643347,1682.656052054195,40485332190.0
10722.845017,10722.843717062566,40485332190.0
3687.581667,3687.5778875503365,40485332190.0
2155.7884985,2155.782033620487,40485332190.0
5875.5516653,5875.549293258171,40485332190.0
1444.2725067,1444.2628569072137,40485332190.0
1461.8077941,1461.798260005361,40485332190.0
5605.0845932,5605.082106702177,40485332190.0
3940.3907275,3940.387190550851,40485332190.0
3716.2182919,3716.2145416136505,40485332190.0
7155.7726054,7155.770657788898,40485332190.0
4059.1179772,4059.11454373925,40485332190.0
5141.3536324,5141.350921645131,40485332190.0
5581.0015751,5580.999077922883,40485332190.0
4739.8702062,4739.867265796599,40485332190.0
3189.0110408,3189.0066704672745,40485332190.0
5750.5650647,5750.562641120871,40485332190.0
4921.7451808,4921.74234906936,40485332190.0
4420.2411718,4420.238018744193,40485332190.0
2201.6663799,2201.6600496922324,40485332190.0
1844.7714263,1844.7638713525084,40485332190.0
2600.7281752,2600.722816288671,40485332190.0
7262.9707254,7262.968806472812,40485332190.0
3284.2721801,3284.2679365022477,40485332190.0
5152.2069564,5152.204251412746,40485332190.0
3231.2690405,3231.2647273463695,40485332190.0
3075.5125223,3075.5079907413356,40485332190.0
18919.959668,18919.958931827383,40485332190.0
7230.4814967,7230.479569217871,40485332190.0
1648.7391207,1648.7306675380632,40485332190.0
1818.2239923,1818.2163271287347,40485332190.0
6105.8416991,6105.83941650963,40485332190.0
2090.3266029,2090.319935542517,40485332190.0
1124.1050276,1124.092629248087,40485332190.0
3051.6428123,3051.6382452546977,40485332190.0
885.05483959,885.039092417097,40485332190.0
7562.7162601,7562.714417299659,40485332190.0
3989.4887667,3989.4852733310363,40485332190.0
2468.5468028,2468.5411570527353,40485332190.0
4135.2044496,4135.201079313944,40485332190.0
6077.846158,6077.843864861897,40485332190.0
8823.4784265,8823.476846953708,40485332190.0
1824.4779731,1824.47033420037,40485332190.0
1375.7287126,1375.7185819498334,40485332190.0
1490.8296741,1490.8203256709191,40485332190.0
4470.0693828,4470.0662649336455,40485332190.0
1866.1197242,1866.1122556790108,40485332190.0
2256.57373,2256.5675538584014,40485332190.0
468.52916225,468.49941505889154,40485332190.0
3430.650386,3430.6463235785973,40485332190.0
8927.3062793,8927.30471817306,40485332190.0
5025.8181875,5025.815414445332,40485332190.0
2590.8636454,2590.8582661547257,40485332190.0
2055.6236042,2055.616824271873,40485332190.0
6319.4028869,6319.400681429169,40485332190.0
5920.1936201,5920.191265887887,40485332190.0
5400.983713,5400.981132560182,40485332190.0
8663.9234733,8663.921864649503,40485332190.0
1379.0857307,1379.0756247355607,40485332190.0
4186.6673909,4186.664062005642,40485332190.0
1109.3799544,1109.3673914869808,40485332190.0
4515.2966626,4515.293576019287,40485332190.0
5997.8706832,5997.868359547501,40485332190.0
1227.1342704,1227.1229129972571,40485332190.0
5357.8927776,5357.89017646808,40485332190.0
8742.0682993,8742.066705041909,40485332190.0
5475.1084453,5475.105899779834,40485332190.0
1374.5972703,1374.5871313474477,40485332190.0
1161.6477972,1161.635799520459,40485332190.0
6633.1135072,6633.11140610932,40485332190.0
6260.3658629,6260.363636721898,40485332190.0
540.6538744,540.6280957763228,40485332190.0
15521.54307,15521.542172174564,40485332190.0
1532.6350992,1532.6260056723963,40485332190.0
4608.7573706,4608.75434653122,40485332190.0
2403.0271597,2403.021359910593,40485332190.0
1775.6386993,1775.6308502451354,40485332190.0
7084.7600626,7084.758095425261,40485332190.0
6163.4130945,6163.4108332656215,40485332190.0
4626.0665074,4626.06349466369,40485332190.0
2290.1159512,2290.109865507253,40485332190.0
1883.0339204,1883.0265190664422,40485332190.0
914.81537848,914.8001436118882,40485332190.0
1581.8584599,1581.8496493950709,40485332190.0
3200.4533684,3200.449013717446,40485332190.0
452.795173,452.7643920656603,40485332190.0
8450.5698151,8450.56816582788,40485332190.0
2243.1072915,2243.1010782340527,40485332190.0
1514.4888141,1514.479611618034,40485332190.0
2342.145475,2342.1395244685723,40485332190.0
5372.2782685,5372.275674242011,40485332190.0
9939.0056516,9939.004249308768,40485332190.0
2437.3804424,2437.3747243403545,40485332190.0
1934.2772971,1934.2700918714172,40485332190.0
5760.2532939,5760.250874453017,40485332190.0
3536.7907702,3536.786829583487,40485332190.0
3029.5467127,3029.5421123345513,40485332190.0
2812.130392,2812.1254359474547,40485332190.0
3367.3518992,3367.3477603948186,40485332190.0
1907.4117782,1907.404471432442,40485332190.0
2320.1835108,2320.177503934138,40485332190.0
8356.4301246,8356.428456823238,40485332190.0
3078.5266257,3078.522098509253,40485332190.0
2540.1811471,2540.1756604494326,40485332190.0
1354.9735188,1354.9632328883204,40485332190.0
7850.4072587,7850.405483402942,40485332190.0
2663.1787383,2663.173505164505,40485332190.0
2758.5186271,2758.5135746704996,40485332190.0
4250.3345109,4250.331231835066,40485332190.0
6265.0264898,6265.024265254094,40485332190.0
4250.204352,4250.201072926316,40485332190.0
1981.9343855,1981.9273534304139,40485332190.0
3226.7841069,3226.7797877613184,40485332190.0
3934.8511143,3934.8475722944468,40485332190.0
672.57215332,672.5514310935123,40485332190.0
4162.1633521,4162.160003585115,40485332190.0
894.26247678,894.2468917576269,40485332190.0
4674.3294275,4674.3264459259635,40485332190.0
17081.198487,17081.19767145877,40485332190.0
3102.1076255,3102.1031328184513,40485332190.0
968.78917926,968.7747931723422,40485332190.0
2335.3922698,2335.386302046532,40485332190.0
5472.8218323,5472.819285700956,40485332190.0
3247.6627679,3247.6584765305397,40485332190.0
6264.0440895,6264.041864634816,40485332190.0
5672.0063968,5672.0039396425445,40485332190.0
5154.749763,5154.74705925007,40485332190.0
3119.2514445,3119.2469764412485,40485332190.0
2148.7439223,2148.737436210155,40485332190.0
8334.8079319,8334.806259727418,40485332190.0
4218.6960277,4218.692724033095,40485332190.0
1119.8192896,1119.806843823306,40485332190.0
3408.3509832,3408.3468940792313,40485332190.0
6844.5539103,6844.55187406184,40485332190.0
2184.5967604,2184.590380726512,40485332190.0
5287.9614087,5287.95877316567,40485332190.0
1901.4311988,1901.423869048075,40485332190.0
5037.6849005,5037.682133891618,40485332190.0
2799.1749165,2799.169937501423,40485332190.0
788.75624371,788.7385739411635,40485332190.0
6576.2857889,6576.28366967766,40485332190.0
7434.0856174,7434.083742721026,40485332190.0
4851.7530956,4851.750223022617,40485332190.0
3068.4748748,3068.4703327533416,40485332190.0
1696.2374523,1696.2292359139954,40485332190.0
6961.6957518,6961.6937498149755,40485332190.0
1290.7109057,1290.7001078103322,40485332190.0
2653.8322116,2653.826959969634,40485332190.0
2972.0387154,2972.0340260109906,40485332190.0
815.90298544,815.8859036032517,40485332190.0
6763.3100681,6763.308007465726,40485332190.0
1755.3279511,1755.3200112883305,40485332190.0
5305.4292883,5305.426661424541,40485332190.0
7364.7275692,7364.725676832565,40485332190.0
2969.3177221,2969.313028477378,40485332190.0
3766.5047665,3766.501066258763,40485332190.0
5207.3292537,5207.326577225671,40485332190.0
9683.1085029,9683.107063512663,40485332190.0
9167.3082265,9167.306706186924,40485332190.0
4832.304751,4832.301866899381,40485332190.0
2348.8318799,2348.8259463026825,40485332190.0
7411.4828236,7411.480943110501,40485332190.0
6064.5361349,6064.53383674078,40485332190.0
7427.2067148,7427.204838345588,40485332190.0
3452.6542074,3452.650170819698,40485332190.0
4199.6617878,4199.658469200671,40485332190.0
7963.6836762,7963.681926110551,40485332190.0
13082.115983,13082.11491706044,40485332190.0
9314.0435677,9314.042071320642,40485332190.0
5291.0588774,5291.056243329349,40485332190.0
1062.6681416,1062.6550264131727,40485332190.0
11126.542749,11126.541496455011,40485332190.0
10743.251916,10743.250617989268,40485332190.0
4991.4799279,4991.47713575521,40485332190.0
2980.7093357,2980.704659888889,40485332190.0
5824.2128103,5824.21041734612,40485332190.0
1477.3188073,1477.3093732690243,40485332190.0
1130.5941916,1130.5818644405617,40485332190.0
4719.9571761,4719.954223347802,40485332190.0
548.97101275,548.9456246899807,40485332190.0
2690.4554644,2690.4502842291313,40485332190.0
1654.3886999,1654.3802756028508,40485332190.0
14697.487011,14697.486062496397,40485332190.0
3456.5164755,3456.5124433816936,40485332190.0
1436.949001,1436.9393019889217,40485332190.0
1009.4093368,1009.395529666399,40485332190.0
1039.997728,1039.9843269547844,40485332190.0
10711.249019,10711.247717939166,40485332190.0
7800.2931489,7800.291362163951,40485332190.0
2993.657204,2993.6525484421777,40485332190.0
6117.3464609,6117.3441826490925,40485332190.0
8609.4353345,8609.433715732572,40485332190.0
3517.1450169,3517.141054243831,40485332190.0
5503.634499,5503.631966637574,40485332190.0
2669.3336213,2669.328400176366,40485332190.0
10692.07558,10692.074276493617,40485332190.0
10619.898919,10619.897606900711,40485332190.0
3711.8434177,3711.83966296273,40485332190.0
1490.5372278,1490.527877430741,40485332190.0
2305.5581313,2305.5520863862157,40485332190.0
6289.9818016,6289.979585827669,40485332190.0
595.47822496,595.4548198062375,40485332190.0
433.18058991,433.1484151038282,40485332190.0
10158.511856,10158.510483402972,40485332190.0
2431.8878826,2431.882151677956,40485332190.0
3849.5933132,3849.589692800425,40485332190.0
3708.4683565,3708.4645983530504,40485332190.0
1398.4567179,1398.4467518661727,40485332190.0
314.78896,314.7446828349752,40485332190.0
2077.4783246,2077.4716159943578,40485332190.0
3388.5770406,3388.5729276757306,40485332190.0
613.43777729,613.4150573953655,40485332190.0
686.72147052,686.7011752611432,40485332190.0
2613.5658599,2613.560527385927,40485332190.0
11930.192936,11930.191768104525,40485332190.0
4265.0423707,4265.039102999089,40485332190.0
4966.6005689,4966.597762789741,40485332190.0
11772.133946,11772.132762925954,40485332190.0
3121.853847,3121.8493826490712,40485332190.0
4997.417577,4997.4147881817025,40485332190.0
5748.8044065,5748.801982172505,40485332190.0
2558.4146147,2558.409167226874,40485332190.0
8810.1928323,8810.19125044504,40485332190.0
2112.0178344,2112.0112354859934,40485332190.0
1405.6016091,1405.5916937294946,40485332190.0
6007.8668713,6007.864551479663,40485332190.0
7167.4194562,7167.417511706263,40485332190.0
2654.5961981,2654.590947898251,40485332190.0
5584.1058998,5584.103403984146,40485332190.0
4387.3265586,4387.323381960265,40485332190.0
3255.8672404,3255.862959813747,40485332190.0
5510.6519053,5510.649376195689,40485332190.0
6790.8790636,6790.877011265951,40485332190.0
11564.873606,11564.872400801678,40485332190.0
10566.105238,10566.103919646626,40485332190.0
2443.4301135,2443.424409600764,40485332190.0
13696.900868,13696.899850766102,40485332190.0
3983.9515277,3983.9480294235523,40485332190.0
3536.27217,3536.268228877578,40485332190.0
2592.9188067,2592.913431677585,40485332190.0
4232.7326867,4232.729394023222,40485332190.0
5699.526138,5699.523692754674,40485332190.0
4479.5494945,4479.546383236067,40485332190.0
10359.143995,10359.142649712476,40485332190.0
3534.7858417,3534.7818988978274,40485332190.0
3162.2364865,3162.232079246849,40485332190.0
1456.4544511,1456.4448820273558,40485332190.0
5208.0477791,5208.045103025813,40485332190.0
2178.874951,2178.8685545831418,40485332190.0
2919.7700721,2919.765298739985,40485332190.0
560.48436384,560.4594973260379,40485332190.0
4419.6192839,4419.616130409631,40485332190.0
15733.926252,15733.925366215271,40485332190.0
1691.1199374,1691.1116960407035,40485332190.0
9954.5134681,9954.51206805815,40485332190.0
3480.0370129,3480.033008024427,40485332190.0
3944.1972845,3944.1937509835625,40485332190.0
5351.7899052,5351.787300957763,40485332190.0
11275.078929,11275.077692541983,40485332190.0
4773.7747835,4773.771864060267,40485332190.0
3026.625197,3026.620592230196,40485332190.0
3870.7161303,3870.7125297109133,40485332190.0
1530.3332053,1530.324098054716,40485332190.0
4167.0919783,4167.088633813734,40485332190.0
933.56276028,933.5478313477879,40485332190.0
1827.2898166,1827.282189520236,40485332190.0
2522.6992182,2522.6936935784174,40485332190.0
1274.2643243,1274.2533869201477,40485332190.0
2609.19897,2609.193628532686,40485332190.0
1308.4517847,1308.4411331963197,40485332190.0
6752.2525111,6752.250447045083,40485332190.0
1183.0921706,1183.080390420692,40485332190.0
2408.9593384,2408.953552895917,40485332190.0
13558.238649,13558.237621790806,40485332190.0
1013.6985094,1013.6847606865967,40485332190.0
15747.234358,15747.233472791831,40485332190.0
5072.4131736,5072.410426006217,40485332190.0
1672.8380931,1672.8297617388012,40485332190.0
6930.9375717,6930.935560857612,40485332190.0
5797.596208,5797.593804119054,40485332190.0
5007.1710565,5007.1682731333185,40485332190.0
4437.2345495,4437.231408520832,40485332190.0
1208.854822,1208.84329285174,40485332190.0
1764.2165609,1764.2086610236415,40485332190.0
1132.7273121,1132.7150081203868,40485332190.0
4052.0670952,4052.063655668918,40485332190.0
3656.9367625,3656.9329514190567,40485332190.0
3746.3511055,3746.34738539871,40485332190.0
3649.3488061,3649.3449870021227,40485332190.0
5204.616973,5204.61429516436,40485332190.0
4875.1914933,4875.188634580167,40485332190.0
4915.8151064,4915.8122712900795,40485332190.0
1609.1931943,1609.184533358098,40485332190.0
1533.6709857,1533.6618982774041,40485332190.0
2161.097986,2161.0915369816416,40485332190.0
4140.7943082,4140.790942402789,40485332190.0
3355.3340641,3355.329910480011,40485332190.0
15341.408161,15341.4072526354,40485332190.0
5448.528984,5448.52642609276,40485332190.0
2544.0157535,2544.0102751385543,40485332190.0
3219.3847856,3219.3804564697266,40485332190.0
2865.7780525,2865.7731892067645,40485332190.0
2612.5761301,2612.570795529519,40485332190.0
3209.3680246,3209.3636820471625,40485332190.0
2902.1682314,2902.1634290720785,40485332190.0
5942.8994926,5942.89714751242,40485332190.0
2185.0247901,2185.0184116418704,40485332190.0
19825.225522,19825.224818912997,40485332190.0
8123.7069999,8123.705284321955,40485332190.0
3256.8696517,3256.8653724162277,40485332190.0
5564.3134857,5564.310980983891,40485332190.0
2178.3581068,2178.3517089069346,40485332190.0
5950.0847181,5950.082375698561,40485332190.0
1063.9912163,1063.9781174812504,40485332190.0
7435.8709314,7435.869057105514,40485332190.0
1218.4327322,1218.4212936424242,40485332190.0
6287.5512936,6287.549076987747,40485332190.0
3269.7687169,3269.764454461572,40485332190.0
5477.5298156,5477.527271198973,40485332190.0
1292.574293,1292.5635105175747,40485332190.0
4002.8698364,4002.8663546945036,40485332190.0
5547.8112032,5547.808691044881,40485332190.0
864.87480135,864.8586867482475,40485332190.0
4006.0536923,4006.0502132822276,40485332190.0
16548.204578,16548.203735219286,40485332190.0
6246.3567022,6246.354470987511,40485332190.0
799.93219362,799.9147707208529,40485332190.0
5051.8349329,5051.832174170964,40485332190.0
4723.0037262,4723.000775262533,40485332190.0
3904.7318171,3904.7282478415586,40485332190.0
2056.3004405,2056.293662847155,40485332190.0
3051.4527707,3051.448203306257,40485332190.0
11592.036319,11592.035116776116,40485332190.0
7418.0517485,7418.049869672747,40485332190.0
10121.271044,10121.269667388713,40485332190.0
2591.4037626,2591.3983844038416,40485332190.0
3741.4302892,3741.4265641000197,40485332190.0
7385.3905569,7385.388669760923,40485332190.0
3336.519702,3336.5155248904985,40485332190.0
4445.6242239,4445.621088890634,40485332190.0
3238.0146861,3238.010381981939,40485332190.0
3873.5570165,3873.5534185568963,40485332190.0
5282.4407177,5282.438079316595,40485332190.0
4885.6201984,4885.617345742029,40485332190.0
14196.243355,14196.242373011115,40485332190.0
1237.3314237,1237.3201599915672,40485332190.0
5326.9779686,5326.975352320718,40485332190.0
4521.1585054,4521.1554227718925,40485332190.0
5438.0126187,5438.010055774885,40485332190.0
22728.973166,22728.97255261602,40485332190.0
5738.354952,5738.352523252549,40485332190.0
3811.9375401,3811.933883959371,40485332190.0
4196.1520846,4196.1487632527615,40485332190.0
3074.8256378,3074.8211052243414,40485332190.0
7965.0545486,7965.052798768869,40485332190.0
2111.356861,2111.35026000281,40485332190.0
6334.5351983,6334.53299808973,40485332190.0
2353.9487018,2353.9427811536075,40485332190.0
5509.5319947,5509.529465111291,40485332190.0
3990.1266184,3990.1231255112866,40485332190.0
7227.9179538,7227.916025608057,40485332190.0
4287.8203716,4287.817121202826,40485332190.0
9881.9995634,9881.998153008852,40485332190.0
5712.2833727,5712.280932926222,40485332190.0
3772.9682919,3772.9645979930947,40485332190.0
9101.3150041,9101.313472762167,40485332190.0
4084.7801176,4084.7767056976536,40485332190.0
18231.634839,18231.63407491386,40485332190.0
10175.391808,10175.390438618524,40485332190.0
7126.6173634,7126.61540785653,40485332190.0
8987.8341897,8987.832639077718,40485332190.0
11415.928936,11415.927714383615,40485332190.0
3365.3326352,3365.3284938423326,40485332190.0
8627.6771227,8627.675507307076,40485332190.0
4381.1579286,4381.15474747232,40485332190.0
2421.8842076,2421.8784530136118,40485332190.0
2791.2557256,2791.2507325483307,40485332190.0
9491.9384697,9491.937001436605,40485332190.0
7892.513722,7892.511956152547,40485332190.0
5313.2719104,5313.26928727376,40485332190.0
3122.7193484,3122.714885333589,40485332190.0
2042.2935743,2042.286750075927,40485332190.0
4572.5672519,4572.564203964216,40485332190.0
5142.1733044,5142.170594121084,40485332190.0
6497.9063632,6497.90421834527,40485332190.0
4538.0785776,4538.075506489563,40485332190.0
12106.954139,12106.952988503854,40485332190.0
570.45862256,570.4341908473192,40485332190.0
12902.422785,12902.421705244735,40485332190.0
2214.8524931,2214.8462005156257,40485332190.0
621.09170393,621.0692640265487,40485332190.0
356.77196934,356.73290307899913,40485332190.0
13244.048519,13244.047466577893,40485332190.0
302.49133139,302.4452538917419,40485332190.0
7142.0586227,7142.056671260409,40485332190.0
7418.523279,7418.521400343862,40485332190.0
4723.1422832,4723.139332407404,40485332190.0
1364.3614581,1364.3512429622888,40485332190.0
1222.8948939,1222.8834972193429,40485332190.0
6456.1411958,6456.139037101533,40485332190.0
5217.430676,5217.428004770656,40485332190.0
2183.9190225,2183.912640872797,40485332190.0
10768.144759,10768.143464566694,40485332190.0
2687.244257,2687.2390706425863,40485332190.0
5034.9298757,5034.92710758208,40485332190.0
15991.492329,15991.491457709268,40485332190.0
7101.6625613,7101.6605987400035,40485332190.0
2313.075743,2313.069717699401,40485332190.0
3007.0773293,3007.0726946099253,40485332190.0
1151.8619499,1151.8498503714873,40485332190.0
7880.2433671,7880.241598516689,40485332190.0
4744.1546336,4744.151695852552,40485332190.0
2964.3561884,2964.351486886329,40485332190.0
2471.1798028,2471.174162964512,40485332190.0
2290.1392693,2290.1331836650056,40485332190.0
5564.3163304,5564.313825759423,40485332190.0
2628.327658,2628.322355410282,40485332190.0
15342.104928,15342.10401989774,40485332190.0
7016.6069307,7016.604944425192,40485332190.0
3335.7292524,3335.7250742599963,40485332190.0
2432.9565631,2432.9508346190705,40485332190.0
7873.774525,7873.772754969692,40485332190.0
11051.813499,11051.812238223603,40485332190.0
12592.841181,12592.840075070455,40485332190.0
3163.7675953,3163.763190065005,40485332190.0
3822.4528406,3822.4491944250544,40485332190.0
10066.043216,10066.041831266497,40485332190.0
11770.043892,11770.042708113257,40485332190.0
4155.9356499,4155.932296412625,40485332190.0
5713.0009813,5712.9985418369115,40485332190.0
5356.4700588,5356.467456967006,40485332190.0
2173.9852835,2173.9788727244745,40485332190.0
950.92532571,950.9106693647574,40485332190.0
392.73075345,392.69526447532894,40485332190.0
2197.0289419,2197.022598366134,40485332190.0
3311.9665398,3311.962331713974,40485332190.0
3003.2888529,3003.2842123419227,40485332190.0
1227.8655081,1227.8541574777962,40485332190.0
3205.4398199,3205.435471915826,40485332190.0
1168.4331783,1168.421250325732,40485332190.0
6270.8515523,6270.849329723131,40485332190.0
3090.3304022,3090.3258923390003,40485332190.0
4635.0945697,4635.091562785529,40485332190.0
5704.6550582,5704.652615108009,40485332190.0
6831.739171,6831.737131001766,40485332190.0
1464.7881543,1464.7786395953774,40485332190.0
2213.092355,2213.0860575078923,40485332190.0
1216.627909,1216.616453577277,40485332190.0
2006.3149352,2006.3079885845098,40485332190.0
3281.9692392,3281.964992693816,40485332190.0
2498.2484096,2498.242830989487,40485332190.0
6763.5155799,6763.513519289297,40485332190.0
3221.9739735,3221.9696479402596,40485332190.0
3073.9859565,3073.981422654155,40485332190.0
1027.1259635,1027.1123945194533,40485332190.0
10411.999853,10411.998515029642,40485332190.0
1675.0515826,1675.0432622896767,40485332190.0
231.57395533,231.51376378836736,40485332190.0
4123.078308,4123.07492775524,40485332190.0
11209.006683,11209.005439887436,40485332190.0
3893.5549208,3893.5513412345576,40485332190.0
5182.1309676,5182.1282782390435,40485332190.0
5328.2141537,5328.211537974568,40485332190.0
9797.0234869,9797.022064330287,40485332190.0
4108.4512143,4108.447822019685,40485332190.0
3860.3434544,3860.3398440626893,40485332190.0
4710.1462333,4710.143274329897,40485332190.0
326.63673106,326.5940601274248,40485332190.0
2909.0172178,2909.012426847743,40485332190.0
3978.7835262,3978.780023323839,40485332190.0
7505.9944732,7505.99261641066,40485332190.0
333.37272319,333.3309145577023,40485332190.0
2031.3393884,2031.3325274919316,40485332190.0
14535.44147,14535.440510559554,40485332190.0
12294.75524,12294.754106229422,40485332190.0
509.74143568,509.7140936593334,40485332190.0
3745.3916352,3745.387914011464,40485332190.0
4887.5524005,4887.549548881776,40485332190.0
4868.8760271,4868.87316466751,40485332190.0
5694.1707309,5694.168283258738,40485332190.0
2729.8726977,2729.8675923202127,40485332190.0
2297.6946897,2297.6886240349895,40485332190.0
5924.1951621,5924.192809545368,40485332190.0
6901.7134349,6901.711415577868,40485332190.0
3491.3715996,3491.367607732637,40485332190.0
1457.9605748,1457.9510155387168,40485332190.0
3598.6326791,3598.628806257478,40485332190.0
12851.984431,12851.98334632556,40485332190.0
4505.7293257,4505.72623249821,40485332190.0
8832.6948498,8832.693271930611,40485332190.0
3563.1456302,3563.141718711209,40485332190.0
5068.5229919,5068.520242224294,40485332190.0
6416.4357353,6416.433563260025,40485332190.0
5743.3287119,5743.326285274727,40485332190.0
950.25349302,950.238826318036,40485332190.0
5512.682956,5512.680427872024,40485332190.0
11245.661452,11245.660212569066,40485332190.0
1468.8605483,1468.8510600121117,40485332190.0
11800.107591,11800.106410391822,40485332190.0
2349.4876622,2349.4817302109664,40485332190.0
8676.6137467,8676.61214037087,40485332190.0
1617.8507382,1617.8421237056457,40485332190.0
12396.967672,12396.966547595099,40485332190.0
2680.1042114,2680.0990111993247,40485332190.0
5782.5629786,5782.560568412744,40485332190.0
1722.8790032,1722.8709138479362,40485332190.0
3723.0697171,3723.065973729275,40485332190.0
5388.9224219,5388.91983564516,40485332190.0
4260.5892332,4260.585961972842,40485332190.0
1511.6747579,1511.6655383575521,40485332190.0
10955.936795,10955.935522764736,40485332190.0
3194.3235816,3194.319218540156,40485332190.0
1105.1357238,1105.1231126942673,40485332190.0
5678.6232904,5678.620836161847,40485332190.0
1434.7279516,1434.7182375678078,40485332190.0
3716.3214461,3716.317695918174,40485332190.0
8197.0492806,8197.047580304145,40485332190.0
7559.63752,7559.635676377362,40485332190.0
2758.1245037,2758.1194507051478,40485332190.0
1362.4278659,1362.4176363062602,40485332190.0
1488.4273272,1488.417963592894,40485332190.0
10755.769219,10755.767922669555,40485332190.0
2688.307397,2688.302212635719,40485332190.0
12347.528257,12347.527128551053,40485332190.0
2061.1594834,2061.1527216572345,40485332190.0
2747.8929446,2747.8878726820744,40485332190.0
4106.4874811,4106.484087226488,40485332190.0
4411.0131742,4411.010014607851,40485332190.0
1374.7861807,1374.776043060675,40485332190.0
2095.5413387,2095.5346879157455,40485332190.0
6210.166918,6210.164673789066,40485332190.0
509.4111434,509.38378365449483,40485332190.0
1342.3651843,1342.35480183793,40485332190.0
6642.8453507,6642.843252681947,40485332190.0
5022.3854785,5022.382703447367,40485332190.0
4224.4276467,4224.424347582997,40485332190.0
2171.7348418,2171.728424332132,40485332190.0
7518.0969712,7518.095117421062,40485332190.0
3946.1578358,3946.154304008034,40485332190.0
3935.0987139,3935.095172211352,40485332190.0
8808.9799958,8808.978413633398,40485332190.0
1948.8552255,1948.848074096854,40485332190.0
7772.6402857,7772.638492631836,40485332190.0
3909.4526667,3909.449101749453,40485332190.0
4943.4534822,4943.450662957393,40485332190.0
11809.105805,11809.104624377256,40485332190.0
3112.3027883,3112.2983102697885,40485332190.0
3201.4287751,3201.4244216910092,40485332190.0
6867.4680119,6867.465982473763,40485332190.0
1984.9436976,1984.936676237776,40485332190.0
3469.774262,3469.770245371639,40485332190.0
2801.4703125,2801.4653376953315,40485332190.0
4890.6232276,4890.620377903667,40485332190.0
4315.0301405,4315.026910632308,40485332190.0
8017.9517236,8017.94998543645,40485332190.0
1582.746378,1582.737572467156,40485332190.0
4628.7072843,4628.704273304788,40485332190.0
2852.1960099,2852.1911234674253,40485332190.0
7973.1901481,7973.188400180389,40485332190.0
2300.6727255,2300.66666778746,40485332190.0
2645.8052126,2645.7999450875327,40485332190.0
775.02021028,775.0022273367174,40485332190.0
2794.6928369,2794.6878499208638,40485332190.0
4806.2427342,4806.239834362369,40485332190.0
5139.823487,5139.820775435085,40485332190.0
2365.2673739,2365.2614814872477,40485332190.0
1111.6145113,1111.6019737049392,40485332190.0
4352.7403596,4352.7371577255435,40485332190.0
3731.4272509,3731.4235158801066,40485332190.0
1207.4830966,1207.4715544354235,40485332190.0
1871.7691515,1871.7617055450687,40485332190.0
3895.1227643,3895.119186241693,40485332190.0
463.46671355,463.43664141433015,40485332190.0
6182.6707398,6182.668485531921,40485332190.0
4658.5366352,4658.5336435437885,40485332190.0
10451.241827,10451.24049359226,40485332190.0
6818.8778891,6818.875845193898,40485332190.0
2911.9473756,2911.9425895045792,40485332190.0
11299.537845,11299.536611866724,40485332190.0
1587.8135151,1587.8047376345519,40485332190.0
1536.2810194,1536.2719474798828,40485332190.0
6363.5899668,6363.587776605907,40485332190.0
1620.207922,1620.1993199925694,40485332190.0
11285.695871,11285.694635894426,40485332190.0
4292.1420133,4292.1387661995805,40485332190.0
4306.5861345,4306.582898346374,40485332190.0
2457.3193256,2457.313653988951,40485332190.0
1390.1078278,1390.0978020009657,40485332190.0
6430.0279131,6430.025745667054,40485332190.0
3329.8181475,3329.8139619707918,40485332190.0
10613.381303,10613.379989702495,40485332190.0
4690.0770973,4690.074125755189,40485332190.0
6386.0160607,6386.013878241469,40485332190.0
2047.8026859,2047.7958800821898,40485332190.0
2491.3351376,2491.329543434927,40485332190.0
3384.8428196,3384.8387021475146,40485332190.0
1566.5367791,1566.5278824367313,40485332190.0
4725.9280896,4725.925140588515,40485332190.0
4494.6105802,4494.607479374361,40485332190.0
1280.5223324,1280.5114484715505,40485332190.0
761.03163465,761.0133211506711,40485332190.0
4065.4817731,4065.478344942445,40485332190.0
881.23289298,881.2170775224262,40485332190.0
5949.3292668,5949.326924203772,40485332190.0
2979.8422588,2979.8375817143033,40485332190.0
8202.7388041,8202.73710504447,40485332190.0
14180.820375,14180.819392041543,40485332190.0
881.61303967,881.5972310215684,40485332190.0
4242.8893887,4242.886103924526,40485332190.0
4486.296458,4486.2933513896205,40485332190.0
3701.9378565,3701.9340916714746,40485332190.0
2402.5940539,2402.588253070145,40485332190.0
5727.5724007,5727.569967379277,40485332190.0
2560.7327982,2560.7273556038576,40485332190.0
4821.7906843,4821.787793906878,40485332190.0
2567.1149049,2567.1094758429044,40485332190.0
2389.0215045,2389.0156706731013,40485332190.0
3471.4858901,3471.4818753578074,40485332190.0
753.20670896,753.1882052011574,40485332190.0
1689.0766976,1689.0684463412456,40485332190.0
2905.3306098,2905.3258126746287,40485332190.0
1434.3127557,1434.3030387915496,40485332190.0
2422.7046017,2422.6988490508397,40485332190.0
4935.163072,4935.160248039396,40485332190.0
634.67948739,634.6575279272688,40485332190.0
709.329989,709.3103406257428,40485332190.0
8575.3186447,8575.317019390366,40485332190.0
2961.4961754,2961.491469291019,40485332190.0
3202.4903211,3202.485969165242,40485332190.0
1994.2630993,1994.2561106946168,40485332190.0
4223.5635001,4223.560200250593,40485332190.0
3530.5587608,3530.5548133468965,40485332190.0
4784.1927696,4784.189856467768,40485332190.0
3439.8829052,3439.878853615354,40485332190.0
5705.7924602,5705.79001759778,40485332190.0
9658.0036786,9658.002235583192,40485332190.0
6441.6590467,6441.65688311602,40485332190.0
1107.1153074,1107.1027187401144,40485332190.0
8380.3697023,8380.368039256779,40485332190.0
17122.433595,17122.43278013437,40485332190.0
4547.3583297,4547.355264813532,40485332190.0
774.79579899,774.77781083836,40485332190.0
2065.5075589,2065.5008113499484,40485332190.0
1873.1799701,1873.1725298861984,40485332190.0
8177.7633785,8177.761674213803,40485332190.0
1908.9118352,1908.9045341627682,40485332190.0
11357.088307,11357.08707955621,40485332190.0
9026.661285,9026.659741012423,40485332190.0
3350.1769493,3350.172789233353,40485332190.0
6364.8722956,6364.870105923086,40485332190.0
1312.3303351,1312.319715041058,40485332190.0
6684.6201133,6684.6180283956555,40485332190.0
11467.223648,11467.222432784041,40485332190.0
23777.585742,23777.585155463956,40485332190.0
6472.9149438,6472.912790695961,40485332190.0
2521.7569895,2521.7514627893147,40485332190.0
565.68983399,565.6651963117972,40485332190.0
4204.0881909,4204.084875790962,40485332190.0
3916.2938493,3916.2902905557844,40485332190.0
4151.7665491,4151.763192236824,40485332190.0
9215.5397455,9215.538233185893,40485332190.0
7271.8100347,7271.808118172436,40485332190.0
7812.0083218,7812.006537743767,40485332190.0
1257.5377128,1257.5266300871915,40485332190.0
3380.6937489,3380.6896263503168,40485332190.0
6615.2676774,6615.265570585217,40485332190.0
5878.4320462,5878.429675291223,40485332190.0
5062.397443,5062.394689975793,40485332190.0
4860.6429347,4860.640067461339,40485332190.0
3039.1251136,3039.120527723374,40485332190.0
5586.9278871,5586.925392538048,40485332190.0
911.16297228,911.1476763320748,40485332190.0
1889.3621251,1889.3547485165145,40485332190.0
2125.5171791,2125.5106221788574,40485332190.0
3467.9800562,3467.9760373921736,40485332190.0
2886.4701487,2886.4653202631857,40485332190.0
8819.4176991,8819.416118881032,40485332190.0
2984.1541866,2984.149516248325,40485332190.0
7759.0544449,7759.052648621259,40485332190.0
164.81229794,164.7277134726039,40485332190.0
3010.0875968,3010.0829667213015,40485332190.0
4459.1525309,4459.1494053589095,40485332190.0
2725.8250481,2725.8199351633343,40485332190.0
13665.031422,13665.03040232254,40485332190.0
2917.6126123,2917.607835396403,40485332190.0
2760.9318477,2760.926799721352,40485332190.0
2774.4743533,2774.469330039829,40485332190.0
3839.0364474,3839.032817062108,40485332190.0
8620.7740257,8620.772409030313,40485332190.0
5757.724127,5757.721706441698,40485332190.0
2161.0988342,2161.092385222638,40485332190.0
4328.8223311,4328.819111541556,40485332190.0
3479.8753463,3479.87134118186,40485332190.0
3491.7438607,3491.7398693576115,40485332190.0
1669.5903168,1669.58196931743,40485332190.0
9172.3068832,9172.305363667365,40485332190.0
2548.4890692,2548.4836004164554,40485332190.0
4868.1571263,4868.154263404398,40485332190.0
3178.2027584,3178.198373218936,40485332190.0
3981.2681703,3981.264669611407,40485332190.0
1948.1557832,1948.148629327689,40485332190.0
2163.6526314,2163.646189907885,40485332190.0
3700.290698,3700.28693158577,40485332190.0
10673.584798,10673.58349210247,40485332190.0
1868.0241396,1868.0166788138777,40485332190.0
3778.5117134,3778.508024935744,40485332190.0
3368.2024596,3368.198321782199,40485332190.0
1522.2020847,1522.1929288931785,40485332190.0
2414.2113069,2414.2055339314666,40485332190.0
6847.0878628,6847.085827266772,40485332190.0
2132.1681386,2132.161602155821,40485332190.0
2074.0694843,2074.062764689706,40485332190.0
1257.7161973,1257.7051159891917,40485332190.0
7136.5768059,7136.574853001033,40485332190.0
1255.2240286,1255.212925368902,40485332190.0
5539.3470366,5539.344520649975,40485332190.0
508.54983086,508.5224247838796,40485332190.0
3779.6735257,3779.6698383132343,40485332190.0
1615.2943178,1615.285689591908,40485332190.0
5293.5885382,5293.58590539287,40485332190.0
5627.0580159,5627.055539160808,40485332190.0
2918.5154246,2918.510649209788,40485332190.0
11164.847473,11164.846224712472,40485332190.0
5794.1738523,5794.171446877969,40485332190.0
1407.2780574,1407.2681538500383,40485332190.0
4962.2895536,4962.286745109094,40485332190.0
1857.5423531,1857.5348501637682,40485332190.0
3713.2202864,3713.2165330239122,40485332190.0
4361.5829493,4361.579753953995,40485332190.0
2761.6496378,2761.644591181943,40485332190.0
5270.5362413,5270.533597013105,40485332190.0
2921.1759498,2921.1711787782374,40485332190.0
7371.8508731,7371.848982550587,40485332190.0
16050.117587,16050.116719405036,40485332190.0
1741.0433298,1741.0353248849988,40485332190.0
1829.0962448,1829.0886251664972,40485332190.0
2252.5771895,2252.5710023701076,40485332190.0
1395.3440931,1395.3341048987484,40485332190.0
1821.2979885,1821.2903362248314,40485332190.0
1707.2458406,1707.237677101757,40485332190.0
3046.4030644,3046.398489479566,40485332190.0
519.03231692,519.0054643651465,40485332190.0
9180.5504899,9180.54897180277,40485332190.0
6555.047594,6555.045467877606,40485332190.0
5544.6205801,5544.61806650895,40485332190.0
1624.9932176,1624.9846409153822,40485332190.0
6853.313172,6853.311138379415,40485332190.0
3120.6312035,3120.626737351546,40485332190.0
2501.749748,2501.7441771073136,40485332190.0
5663.1369949,5663.13453386331,40485332190.0
2091.4979741,2091.491310457054,40485332190.0
3201.9775102,3201.9731575887113,40485332190.0
2017.6296562,2017.622748578339,40485332190.0
2055.0954929,2055.088711252763,40485332190.0
1231.0407734,1231.0294520641141,40485332190.0
7674.5396024,7674.537786404709,40485332190.0
4834.8613669,4834.858484285416,40485332190.0
5419.5887983,5419.586226747873,40485332190.0
4923.0287242,4923.025893244292,40485332190.0
10604.557719,10604.556404761244,40485332190.0
612.05312004,612.030348746441,40485332190.0
1906.0144499,1906.0071377528436,40485332190.0
831.50816524,831.491403982353,40485332190.0
2010.4133216,2010.4063891918483,40485332190.0
12407.129591,12407.12846724691,40485332190.0
2228.4196743,2228.41342013864,40485332190.0
3352.9843554,3352.980198803732,40485332190.0
2357.5435137,2357.537602110887,40485332190.0
3511.9987384,3511.9947700007383,40485332190.0
6399.480096,6399.4779181973345,40485332190.0
4562.9477335,4562.944679088766,40485332190.0
6597.8786463,6597.8765339315005,40485332190.0
1323.7789655,1323.7684373169245,40485332190.0
6187.8829893,6187.8807369302895,40485332190.0
3592.5277303,3592.5238508697444,40485332190.0
12996.003396,12996.002323634439,40485332190.0
1990.8484269,1990.8414263055733,40485332190.0
2768.1978241,2768.1927894163823,40485332190.0
5326.7100716,5326.707455176664,40485332190.0
4454.482408,4454.479279272982,40485332190.0
6864.0220693,6864.020038831749,40485332190.0
6027.102365,6027.10005253802,40485332190.0
2497.8557088,2497.8501292425663,40485332190.0
4488.7261062,4488.723001337501,40485332190.0
2082.4264227,2082.419729962761,40485332190.0
4298.2776621,4298.27441959223,40485332190.0
6433.6303746,6433.6282083352235,40485332190.0
17121.354481,17121.353667165582,40485332190.0
2137.4593213,2137.4528009457713,40485332190.0
8400.1166951,8400.115035954079,40485332190.0
11893.774278,11893.773106569195,40485332190.0
4418.4721792,4418.469024974304,40485332190.0
5858.9733041,5858.970925425486,40485332190.0
687.60380373,687.5835345167094,40485332190.0
4353.8370072,4353.833806078916,40485332190.0
14877.524918,14877.523981798195,40485332190.0
2760.1532191,2760.1481697973563,40485332190.0
2321.329644,2321.3236400697656,40485332190.0
2771.6968649,2771.691836545814,40485332190.0
1951.9872945,1951.9801545881642,40485332190.0
1891.732157,1891.7247896556064,40485332190.0
4712.2892076,4712.286249967999,40485332190.0
3723.0703814,3723.066638032771,40485332190.0
2374.9261098,2374.9202414472543,40485332190.0
1539.9697604,1539.9607102031673,40485332190.0
1863.9788964,1863.9714193447167,40485332190.0
3807.0573647,3807.053703941087,40485332190.0
4354.9192231,4354.916022852652,40485332190.0
3591.3584834,3591.3546026614617,40485332190.0
106.59409651,106.46326806240849,40485332190.0
2107.8270933,2107.820481322566,40485332190.0
1350.9392077,1350.928891098291,40485332190.0
2144.3523066,2144.345807197033,40485332190.0
3432.2021482,3432.198087538108,40485332190.0
8218.8076034,8218.8059076916,40485332190.0
3832.2232503,3832.219613528416,40485332190.0
11886.114951,11886.113777971248,40485332190.0
4723.1645767,4723.161625981251,40485332190.0
14652.396428,14652.39547715333,40485332190.0
2060.0064049,2059.999639429653,40485332190.0
19425.149048,19425.14833044668,40485332190.0
2660.2715549,2660.2663159931944,40485332190.0
11637.419972,11637.41877436529,40485332190.0
9280.100591,9280.09908924188,40485332190.0
3879.8091471,3879.8055548937054,40485332190.0
5344.9837823,5344.981174857559,40485332190.0
2538.2438294,2538.238338566902,40485332190.0
7147.3605771,7147.358627215738,40485332190.0
2275.3164456,2275.310320336444,40485332190.0
2439.5718926,2439.566179719319,40485332190.0
2885.7658811,2885.761051472107,40485332190.0
2557.820345,2557.8148962791324,40485332190.0
9220.2088023,9220.207290794413,40485332190.0
5135.2765977,5135.273883770271,40485332190.0
5931.9088521,5931.906502689992,40485332190.0
6016.0831538,6016.0808371253925,40485332190.0
7114.4884707,7114.486511672997,40485332190.0
4185.9005041,4185.897174646181,40485332190.0
14931.930381,14931.929447262895,40485332190.0
15766.351613,15766.350728771842,40485332190.0
2217.5782736,2217.5719887722785,40485332190.0
1768.4229634,1768.4150823242971,40485332190.0
1215.9668605,1215.9553987925513,40485332190.0
4722.5485825,4722.5456313878385,40485332190.0
2301.0652874,2301.0592307334623,40485332190.0
11321.519198,11321.517967718128,40485332190.0
1458.7727525,1458.7631985527646,40485332190.0
6839.0694966,6839.067458676202,40485332190.0
4185.6988443,4185.69551462645,40485332190.0
1909.7917427,1909.7844450140342,40485332190.0
3090.5616015,3090.557091975038,40485332190.0
493.07001164,493.04174509979924,40485332190.0
2991.9215646,2991.9169063897602,40485332190.0
8530.8162981,8530.814664376161,40485332190.0
1979.9082111,1979.9011718421223,40485332190.0
598.15982126,598.136521043221,40485332190.0
1912.7249879,1912.7177014408114,40485332190.0
6861.8784219,6861.876390838663,40485332190.0
4412.3034646,4412.300305878386,40485332190.0
8558.1799587,8558.178330277571,40485332190.0
5664.4524491,5664.449988738136,40485332190.0
3063.0995801,3063.0950301068183,40485332190.0
2150.060546,2150.054063889388,40485332190.0
4402.0167308,4402.013564763423,40485332190.0
1312.6870672,1312.6764500067763,40485332190.0
10447.356349,10447.355014879386,40485332190.0
16457.219276,16457.218429257762,40485332190.0
14051.308289,14051.30729763004,40485332190.0
2899.9280324,2899.923226361001,40485332190.0
4883.6086708,4883.605816955149,40485332190.0
4381.4940178,4381.490836974859,40485332190.0
10534.499661,10534.498337774705,40485332190.0
6471.0707858,6471.068632064774,40485332190.0
2501.8906724,2501.8851019020303,40485332190.0
2078.1787876,2078.172081299352,40485332190.0
2145.8322892,2145.825794309582,40485332190.0
9007.4196455,9007.418098271946,40485332190.0
3135.1240809,3135.119635458734,40485332190.0
2887.013303,2887.0084755163693,40485332190.0
9737.9825595,9737.981128280193,40485332190.0
3270.0762625,3270.0720005355397,40485332190.0
2218.4984879,2218.4922057483245,40485332190.0
2770.0725851,2770.067553796176,40485332190.0
9730.8508807,9730.849448379342,40485332190.0
2494.3039967,2494.2984091615867,40485332190.0
9889.2605903,9889.259181039299,40485332190.0
3901.2793679,3901.275795520536,40485332190.0
6905.7871554,6905.785137292973,40485332190.0
2770.633743,2770.628712738164,40485332190.0
743.96901299,743.9502794680416,40485332190.0
6430.5953632,6430.593195925695,40485332190.0
2741.9465395,2741.941456578712,40485332190.0
17670.167672,17670.16688287791,40485332190.0
3764.9653283,3764.9616265513837,40485332190.0
21285.911914,21285.911259385044,40485332190.0
917.65735228,917.6421645931973,40485332190.0
3471.406104,3471.402089181756,40485332190.0
5934.9797517,5934.977403455031,40485332190.0
3649.6680198,3649.6642010526834,40485332190.0
12772.448934,12772.44784298318,40485332190.0
6870.6278001,6870.625771592463,40485332190.0
13852.538004,13852.536997883224,40485332190.0
3102.7223687,3102.717876874102,40485332190.0
7863.3872423,7863.385469924633,40485332190.0
9026.2303238,9026.228779814372,40485332190.0
1542.3868912,1542.3778552372855,40485332190.0
2543.947116,2543.941637522362,40485332190.0
4177.922529,4177.919193152272,40485332190.0
580.65815205,580.6341495089929,40485332190.0
3655.08054,3655.076726954424,40485332190.0
5748.2029607,5748.200536040841,40485332190.0
3882.2845522,3882.2809623854287,40485332190.0
2492.7446706,2492.7390795562596,40485332190.0
3351.1448255,3351.140666623635,40485332190.0
1256.2320823,1256.2209880022906,40485332190.0
7710.7579575,7710.756149992833,40485332190.0
1568.1286875,1568.119799816068,40485332190.0
3123.0672829,3123.0628202586304,40485332190.0
4780.9656051,4780.962690004804,40485332190.0
5033.1554835,5033.152714473644,40485332190.0
6611.8229952,6611.820887270489,40485332190.0
5365.7069517,5365.7043543675245,40485332190.0
6915.3223682,6915.320352837458,40485332190.0
4500.1824689,4500.179371934064,40485332190.0
4734.2767606,4734.27381679609,40485332190.0
4192.887785,4192.884460988712,40485332190.0
3797.8915474,3797.8878777194436,40485332190.0
8264.6446283,8264.642942031805,40485332190.0
6492.5512983,6492.549151658277,40485332190.0
1671.6212625,1671.6129250413196,40485332190.0
10875.162076,10875.160794169993,40485332190.0
1030.1206516,1030.107122063688,40485332190.0
3452.8835288,3452.8794924457634,40485332190.0
3752.7295952,3752.7258813910057,40485332190.0
6222.7031675,6222.700927821117,40485332190.0
4594.8325895,4594.829556350402,40485332190.0
2441.2269108,2441.2212017061343,40485332190.0
3762.7118876,3762.7081836045104,40485332190.0
2380.063677,2380.057821269396,40485332190.0
4550.3114485,4550.3083856401945,40485332190.0
1927.6539205,1927.6466904541721,40485332190.0
3574.7516457,3574.747746976497,40485332190.0
3266.8360746,3266.8318083654017,40485332190.0
1981.6943639,1981.6873310208905,40485332190.0
7248.247722,7248.2457992768495,40485332190.0
2330.2722349,2330.2662540548413,40485332190.0
5554.2526244,5554.2501152138575,40485332190.0
3801.9623568,3801.9586911450806,40485332190.0
2520.114075,2520.1085447174682,40485332190.0
999.41458032,999.4006350681516,40485332190.0
5180.1381984,5180.135507932938,40485332190.0
6001.2343985,6001.232076174976,40485332190.0
9254.1325495,9254.131043510546,40485332190.0
6144.0843959,6144.082127479959,40485332190.0
3035.9564763,3035.9518856885343,40485332190.0
3216.1451555,3216.1408220807243,40485332190.0
3787.0333387,3787.029658460935,40485332190.0
8279.4145848,8279.412901427868,40485332190.0
2112.9185958,2112.911999715875,40485332190.0
4257.1961389,4257.192865082588,40485332190.0
2310.6706225,2310.66459090685,40485332190.0
1676.1037802,1676.0954650059857,40485332190.0
9285.801674,9285.800173147523,40485332190.0
5821.888992,5821.886598106126,40485332190.0
8735.2891653,8735.28756980515,40485332190.0
1481.9341985,1481.9247938286849,40485332190.0
1548.966433,1548.9574353764842,40485332190.0
3662.1199801,3662.1161743592206,40485332190.0
3032.8295358,3032.824940515232,40485332190.0
14068.895338,14068.894346740191,40485332190.0
1597.1441474,1597.1354211753228,40485332190.0
5790.7894034,5790.786996654679,40485332190.0
3390.9773594,3390.973249367776,40485332190.0
11419.489007,11419.487786871552,40485332190.0
3782.3365872,3782.3329024850395,40485332190.0
5947.7876513,5947.785308012104,40485332190.0
2876.8783257,2876.8734812135312,40485332190.0
9372.4477259,9372.446238858574,40485332190.0
8824.0904457,8824.088866226683,40485332190.0
5263.7204443,5263.717796558169,40485332190.0
2373.9399035,2373.9340326610636,40485332190.0
15249.278194,15249.277279701508,40485332190.0
2978.488398,2978.483718724139,40485332190.0
2093.7386456,2093.7319890379854,40485332190.0
2303.3155767,2303.3095258273697,40485332190.0
7381.9013432,7381.899455236185,40485332190.0
1442.7814263,1442.7717663784106,40485332190.0
8427.1790242,8427.177370450141,40485332190.0
4406.115074,4406.111910851996,40485332190.0
1656.1051176,1656.096702036677,40485332190.0
19935.385172,19935.384472476133,40485332190.0
4558.0323025,4558.029244755605,40485332190.0
1897.897383,1897.8900395495675,40485332190.0
1459.470767,1459.4612175977882,40485332190.0
4516.5674181,4516.564332285774,40485332190.0
1638.1191218,1638.1106138729986,40485332190.0
9343.3633466,9343.361854968669,40485332190.0
1027.786033,1027.7724726787085,40485332190.0
1971.5564734,1971.5494043877939,40485332190.0
313.71971331,313.67528521186955,40485332190.0
2918.1614651,2918.156689170028,40485332190.0
6660.1835593,6660.181466650558,40485332190.0
2594.4364338,2594.431061874692,40485332190.0
15168.486361,15168.485441683979,40485332190.0
2491.0167849,2491.0111900279526,40485332190.0
7234.7935601,7234.791633744091,40485332190.0
8699.3220851,8699.32048308328,40485332190.0
5117.727654,5117.7249308107,40485332190.0
9871.2470287,9871.245616828446,40485332190.0
19242.819235,19242.81851060094,40485332190.0
1676.2164658,1676.20815122907,40485332190.0
7690.0248497,7690.023037409644,40485332190.0
2817.3163829,2817.311436053099,40485332190.0
2412.5018257,2412.4960487514572,40485332190.0
4873.0060426,4873.003182579616,40485332190.0
3269.6656395,3269.661376981691,40485332190.0
1992.7230199,1992.7160259078805,40485332190.0
2775.0512701,2775.0462478143645,40485332190.0
3612.444562,3612.440703910136,40485332190.0
3023.5029616,3023.498352057641,40485332190.0
3178.1577921,3178.153406838832,40485332190.0
7814.6146231,7814.6128396447375,40485332190.0
1304.2978451,1304.2871595830356,40485332190.0
5213.0165596,5213.013886009187,40485332190.0
661.49817586,661.4771067084387,40485332190.0
13731.414848,13731.413832256934,40485332190.0
6661.7314713,6661.729379208087,40485332190.0
5277.8344889,5277.831848215509,40485332190.0
5389.360017,5389.357430982094,40485332190.0
6681.5128971,6681.510811142078,40485332190.0
352.69361768,352.65409962893756,40485332190.0
17165.566232,17165.565420381117,40485332190.0
1051.5045067,1051.491252275173,40485332190.0
4547.2597887,4547.256723804705,40485332190.0
7911.4073219,7911.40556029564,40485332190.0
9719.7283426,9719.726908706156,40485332190.0
8507.4914718,8507.489833549529,40485332190.0
4563.4879194,4563.484865377444,40485332190.0
3967.3238974,3967.3203844397553,40485332190.0
434.30707923,434.27498788368285,40485332190.0
3567.1895879,3567.185680937803,40485332190.0
402.52666194,402.49203670352273,40485332190.0
20099.403387,20099.40269384369,40485332190.0
7933.1495566,7933.147799762615,40485332190.0
3062.9282901,3062.923739787156,40485332190.0
13523.897175,13523.89614446995,40485332190.0
8201.7876401,8201.785940907563,40485332190.0
3924.8917164,3924.8881654705865,40485332190.0
6991.4338096,6991.4318161064375,40485332190.0
2181.5564748,2181.5500861615,40485332190.0
3325.3920165,3325.3878253816174,40485332190.0
2246.9923584,2246.986155931121,40485332190.0
3755.8568347,3755.8531240185152,40485332190.0
1106.238295,1106.2256963524148,40485332190.0
2815.6431914,2815.6382415726857,40485332190.0
1982.1090532,1982.1020218183432,40485332190.0
5700.6562554,5700.65381058591,40485332190.0
2423.4466234,2423.4408724518953,40485332190.0
531.39569278,531.3694649966949,40485332190.0
7275.7278346,7275.725919058484,40485332190.0
2794.3969118,2794.3919243072382,40485332190.0
7232.1544388,7232.152511707046,40485332190.0
3780.2410403,3780.2373535105944,40485332190.0
866.98909129,866.9730159869888,40485332190.0
10957.489664,10957.488392034089,40485332190.0
4720.423207,4720.420254474968,40485332190.0
2274.3800737,2274.3739458709833,40485332190.0
3764.1904717,3764.186769168934,40485332190.0
1044.2311334,1044.21778669126,40485332190.0
4190.7225247,4190.719198966568,40485332190.0
3768.1468231,3768.143124520074,40485332190.0
2365.4192504,2365.4133584493593,40485332190.0
2486.9009619,2486.8953576886433,40485332190.0
3117.6717629,3117.667292586993,40485332190.0
2381.5860561,2381.5802040391377,40485332190.0
14188.924553,14188.92357028908,40485332190.0
3015.3457361,3015.341114161419,40485332190.0
7025.3455044,7025.343520547844,40485332190.0
146.91571012,146.82081567814984,40485332190.0
4283.9535055,4283.950252147026,40485332190.0
6851.1728112,6851.170776947819,40485332190.0
804.52271153,804.5053880584535,40485332190.0
4327.7404756,4327.737255202056,40485332190.0
897.08309651,897.0675604866215,40485332190.0
3069.6645682,3069.6600280244324,40485332190.0
1255.9318731,1255.9207760961647,40485332190.0
2693.52877,2693.5235957167033,40485332190.0
5368.5751087,5368.572512663099,40485332190.0
2257.9889334,2257.982761129084,40485332190.0
2104.0660375,2104.059413613746,40485332190.0
1823.9091283,1823.9014869379764,40485332190.0
4803.7217978,4803.718896579675,40485332190.0
3260.8740961,3260.8698221346654,40485332190.0
3508.1886602,3508.1846874686885,40485332190.0
2132.6099182,2132.6033830767724,40485332190.0
2178.6139067,2178.607509559324,40485332190.0
4559.5915559,4559.588499272435,40485332190.0
6906.5566573,6906.554639391327,40485332190.0
5869.540749,5869.538374494204,40485332190.0
15988.892371,15988.89149956733,40485332190.0
3048.5469569,3048.542385313599,40485332190.0
13010.622087,13010.621015405346,40485332190.0
2472.9690646,2472.963428867515,40485332190.0
7312.3336734,7312.331767407601,40485332190.0
7167.8590574,7167.857112989148,40485332190.0
1846.7497875,1846.7422407498966,40485332190.0
2183.0055166,2182.9991323046906,40485332190.0
2851.3575129,2851.3526250517925,40485332190.0
3233.1626217,3233.1583110583583,40485332190.0
5012.497883,5012.495102526892,40485332190.0
5151.5272643,5151.52455886014,40485332190.0
2647.2942325,2647.2889678624456,40485332190.0
1761.5727108,1761.5647991078047,40485332190.0
4468.2885572,4468.285438184111,40485332190.0
3173.1604926,3173.156100419491,40485332190.0
5252.8277584,5252.825105130146,40485332190.0
3508.0652492,3508.0612763801687,40485332190.0
6845.6707061,6845.668670145161,40485332190.0
10415.408213,10415.406874268087,40485332190.0
11340.995097,11340.993867791469,40485332190.0
527.47032048,527.4438975066411,40485332190.0
2928.9492985,2928.9445401169305,40485332190.0
10774.587239,10774.585944977885,40485332190.0
2482.9160037,2482.9103905004526,40485332190.0
1482.1953992,1482.185996263715,40485332190.0
338.62054601,338.57938539302864,40485332190.0
10326.617812,10326.616462594895,40485332190.0
1246.5195034,1246.508322702445,40485332190.0
838.67208565,838.6554675667961,40485332190.0
1972.4883373,1972.4812715493126,40485332190.0
818.90621395,818.8891947490566,40485332190.0
4266.0783462,4266.075079194506,40485332190.0
2509.5018835,2509.496329871985,40485332190.0
2463.9779251,2463.972268774734,40485332190.0
2953.9234377,2953.918719532899,40485332190.0
4728.0604163,4728.057468621104,40485332190.0
8252.9118697,8252.910180940435,40485332190.0
11295.775621,11295.774386671437,40485332190.0
4625.8106226,4625.807609722475,40485332190.0
4118.1130343,4118.109649976549,40485332190.0
10115.73151,10115.73013238837,40485332190.0
4921.3929806,4921.3901487034855,40485332190.0
2954.0729623,2954.0682443903224,40485332190.0
8430.7229886,8430.721335415485,40485332190.0
4350.444287,4350.441083451028,40485332190.0
5337.4733035,5337.470692321457,40485332190.0
5387.3391046,5387.3365175882245,40485332190.0
3815.0561192,3815.052465983375,40485332190.0
817.30590473,817.2888522065141,40485332190.0
8252.5759997,8252.57431091766,40485332190.0
1201.4879688,1201.476368965044,40485332190.0
4942.100497,4942.097677001089,40485332190.0
12678.503915,12678.5028154199,40485332190.0
1051.5284945,1051.5152404237297,40485332190.0
4375.0489326,4375.0457470495985,40485332190.0
876.24975668,876.2338512735034,40485332190.0
6645.6956102,6645.69351309266,40485332190.0
1241.9909405,1241.9797189172023,40485332190.0
5511.1789178,5511.176388956874,40485332190.0
2668.4147263,2668.409503269709,40485332190.0
17641.020519,17641.019729005686,40485332190.0
1285.1008,1285.089954815389,40485332190.0
17555.059594,17555.058799786493,40485332190.0
14272.873632,14272.87265553454,40485332190.0
1890.4853857,1890.4780135651354,40485332190.0
12865.350085,12865.349002124593,40485332190.0
1845.0114614,1845.0039074537194,40485332190.0
11667.383411,11667.382216385804,40485332190.0
4318.7627622,4318.759535055784,40485332190.0
6328.3533664,6328.351164065887,40485332190.0
2905.7996708,2905.794874491447,40485332190.0
4199.8593596,4199.856041185632,40485332190.0
684.35244409,684.3320785745848,40485332190.0
13519.604653,13519.603622228924,40485332190.0
2085.7221605,2085.715478354748,40485332190.0
14831.763561,14831.762621391663,40485332190.0
1419.4606797,1419.450861212202,40485332190.0
4290.2997702,4290.296521656711,40485332190.0
4065.6743431,4065.6709151230784,40485332190.0
6288.5108127,6288.50859649077,40485332190.0
1533.4050079,1533.395918946093,40485332190.0
10588.729592,10588.728275902155,40485332190.0
6925.2376465,6925.235633985677,40485332190.0
2223.9551588,2223.9488920323647,40485332190.0
1785.0488883,1785.041080676075,40485332190.0
1375.2240694,1375.2139350327552,40485332190.0
3737.418257,3737.414527929366,40485332190.0
434.49295335,434.4608757373325,40485332190.0
750.56201943,750.5434504640721,40485332190.0
9507.6492708,9507.647804928936,40485332190.0
4573.4289257,4573.425878354323,40485332190.0
9511.5303521,9511.528886869637,40485332190.0
1030.3754554,1030.3619291804428,40485332190.0
2566.590056,2566.5846258820334,40485332190.0
4621.3759518,4621.372936036389,40485332190.0
8632.2068592,8632.205244656554,40485332190.0
6447.0468773,6447.044715502687,40485332190.0
4299.3183737,4299.315132066629,40485332190.0
681.11178825,681.0913258285614,40485332190.0
4054.0462136,4054.042775755986,40485332190.0
3659.1847019,3659.1808931638643,40485332190.0
3728.7271559,3728.723418169267,40485332190.0
4847.1601612,4847.157285888605,40485332190.0
6860.1714648,6860.169433205701,40485332190.0
2229.3034471,2229.297195372333,40485332190.0
6444.3610684,6444.358905725226,40485332190.0
2139.651165,2139.644651380096,40485332190.0
4145.7602649,4145.756903198177,40485332190.0
18344.002766,18344.00200646379,40485332190.0
4244.5834436,4244.580160098509,40485332190.0
13175.753253,13175.752195388435,40485332190.0
3720.8762064,3720.872460769367,40485332190.0
755.39625392,755.3778037995452,40485332190.0
1218.7509536,1218.7395180355645,40485332190.0
4987.0199998,4987.017205140768,40485332190.0
3614.2400386,3614.236182477719,40485332190.0
12857.296919,12857.295834521241,40485332190.0
9183.7063696,9183.704852076777,40485332190.0
2459.6070965,2459.6014301646715,40485332190.0
12479.718367,12479.71725030605,40485332190.0
3410.9314707,3410.92738469872,40485332190.0
1494.9743515,1494.9650288913717,40485332190.0
3403.5337879,3403.529693062634,40485332190.0
6102.3055748,6102.303290886059,40485332190.0
2000.9062576,2000.899292220836,40485332190.0
3203.2417409,3203.237390071471,40485332190.0
10887.484754,10887.483474279503,40485332190.0
8311.5647464,8311.563069551185,40485332190.0
1070.0509355,1070.0379107981175,40485332190.0
9932.3178413,9932.316438119316,40485332190.0
2170.039304,2170.0328814958134,40485332190.0
16399.714521,16399.71367106576,40485332190.0
5807.6023296,5807.599929864679,40485332190.0
3501.1048635,3501.1008827293263,40485332190.0
7784.1394254,7784.137634931048,40485332190.0
4592.954721,4592.951686605027,40485332190.0
1336.5398269,1336.5293992244012,40485332190.0
1354.0286142,1354.0183211788724,40485332190.0
2865.1447533,2865.139889050687,40485332190.0
10335.190042,10335.188694411787,40485332190.0
4247.4461037,4247.442822442316,40485332190.0
18962.446516,18962.445780592338,40485332190.0
3635.3497659,3635.3459321424275,40485332190.0
3102.3047007,3102.3002082580197,40485332190.0
2374.6497327,2374.643863633168,40485332190.0
2328.0158033,2328.009816633327,40485332190.0
2214.1280095,2214.1217149302893,40485332190.0
3379.1710345,3379.166910110949,40485332190.0
3951.6000634,3951.5965364052745,40485332190.0
1942.8850756,1942.8779022937665,40485332190.0
5885.4506496,5885.448281514655,40485332190.0
8679.8689567,8679.867351017963,40485332190.0
2497.6761902,2497.6706102039334,40485332190.0
4685.9485276,4685.945553365117,40485332190.0
4136.6530501,4136.649680933871,40485332190.0
28854.160447,28854.159964009203,40485332190.0
4048.3859251,4048.382482498797,40485332190.0
5365.7555114,5365.752913991375,40485332190.0
3596.4663355,3596.46246025833,40485332190.0
11789.874548,11789.873366054686,40485332190.0
4095.3915159,4095.388112762583,40485332190.0
1371.4835683,1371.4734063491626,40485332190.0
7904.0678334,7904.0660701558845,40485332190.0
8154.5699779,8154.568268844033,40485332190.0
3109.2148975,3109.2104150648465,40485332190.0
4647.5682791,4647.565280372744,40485332190.0
5741.3245363,5741.322108829183,40485332190.0
1068.815261,1068.8022211827417,40485332190.0
6495.2664018,6495.26425609234,40485332190.0
6640.4077993,6640.405700444305,40485332190.0
3616.5370025,3616.53314878793,40485332190.0
8415.5078248,8415.506168747386,40485332190.0
8482.8822322,8482.880589256278,40485332190.0
1679.1049759,1679.096675643146,40485332190.0
2158.6379571,2158.631500739632,40485332190.0
2806.5112256,2806.5062596600087,40485332190.0
1404.91918,1404.9092598939549,40485332190.0
1876.3099154,1876.3024876016016,40485332190.0
9278.142368,9278.140865892152,40485332190.0
1663.7546445,1663.7462677425178,40485332190.0
9516.6786898,9516.677225323683,40485332190.0
12995.076674,12995.075601605124,40485332190.0
10416.088169,10416.086831135533,40485332190.0
2312.543561,2312.5375343527935,40485332190.0
11500.70267,11500.701458302028,40485332190.0
1827.0720719,1827.0644437864867,40485332190.0
6999.0475965,6999.0456052291875,40485332190.0
1820.8434079,1820.8357536724125,40485332190.0
4040.1681473,4040.1646976944908,40485332190.0
7729.4035589,7729.401755811111,40485332190.0
3599.1870112,3599.1831389396834,40485332190.0
4260.2248387,4260.221567232026,40485332190.0
6366.5310422,6366.5288531455435,40485332190.0
5172.5880994,5172.585404942596,40485332190.0
4050.2650608,4050.261619749802,40485332190.0
6129.5104657,6129.508191912355,40485332190.0
6228.620829,6228.618591437124,40485332190.0
6401.1195064,6401.117329158717,40485332190.0
4040.5001949,4040.496745636186,40485332190.0
3585.0791056,3585.075218107673,40485332190.0
1395.7039099,1395.6939241945915,40485332190.0
4480.4975855,4480.494474910858,40485332190.0
2046.0282178,2046.021406010343,40485332190.0
3013.691549,3013.6869245011267,40485332190.0
6674.0772447,6674.075156419153,40485332190.0
8292.1554771,8292.153796321356,40485332190.0
1279.3791473,1279.3682536888205,40485332190.0
4573.2395861,4573.236538563547,40485332190.0
3439.1778326,3439.1737801086842,40485332190.0
3275.9034976,3275.899243202482,40485332190.0
1104.8930346,1104.8804206489006,40485332190.0
5397.5362928,5397.533710638875,40485332190.0
3437.6017592,3437.597704862172,40485332190.0
1436.8366465,1436.8269466775853,40485332190.0
8025.1865236,8025.184786894001,40485332190.0
2354.6289224,2354.623003456496,40485332190.0
5400.3983753,5400.395794597282,40485332190.0
3016.9255925,3016.9209729449644,40485332190.0
7438.1903262,7438.188452463404,40485332190.0
4477.793627,4477.790514553456,40485332190.0
8944.7284553,8944.726897173017,40485332190.0
1482.6276606,1482.6182603364587,40485332190.0
1740.4415477,1740.4335399178472,40485332190.0
3239.9590046,3239.954702959538,40485332190.0
5120.0520823,5120.049360263646,40485332190.0
3249.8025854,3249.7982968378824,40485332190.0
849.26861658,849.2522058511692,40485332190.0
3372.9730304,3372.9688984835516,40485332190.0
940.81840294,940.8035891486344,40485332190.0
1654.2176772,1654.209252016923,40485332190.0
2448.7795246,2448.7738332599597,40485332190.0
1530.3209574,1530.3118501851175,40485332190.0
331.8314118,331.78940895061794,40485332190.0
4467.8628679,4467.859748522793,40485332190.0
7124.6282424,7124.626286254175,40485332190.0
2120.3178571,2120.3112840768654,40485332190.0
5033.0285742,5033.025805069383,40485332190.0
1574.2898296,1574.280976708831,40485332190.0
4021.8719073,4021.8684419936276,40485332190.0
2488.6426382,2488.637037957141,40485332190.0
1850.990941,1850.9834115798267,40485332190.0
5792.0285067,5792.026100440072,40485332190.0
7937.1389407,7937.1371847752425,40485332190.0
4022.4504102,4022.446945462416,40485332190.0
4125.7575186,4125.754140531711,40485332190.0
7939.978098,7939.976342785579,40485332190.0
2625.3012522,2625.2959434444756,40485332190.0
12922.553927,12922.552848461066,40485332190.0
6464.8139113,6464.811755506151,40485332190.0
1143.7813738,1143.7691887513176,40485332190.0
1824.6319096,1824.6242713998167,40485332190.0
8299.0244059,8299.022726537756,40485332190.0
4129.6682544,4129.664879548823,40485332190.0
11949.900113,11949.898946508127,40485332190.0
4144.6603641,4144.6570014796025,40485332190.0
9211.9480597,9211.946546758147,40485332190.0
3982.8831592,3982.879659988891,40485332190.0
1107.6462561,1107.6336734708168,40485332190.0
2990.7449134,2990.7402533287545,40485332190.0
3383.5087396,3383.5046204533023,40485332190.0
7035.5154978,7035.513516839534,40485332190.0
4186.8909012,4186.887572479546,40485332190.0
10746.707662,10746.706365372123,40485332190.0
3057.6271387,3057.6225806068633,40485332190.0
11401.954664,11401.953441726253,40485332190.0
19850.202657,19850.201954918342,40485332190.0
3280.0709925,3280.0667434414413,40485332190.0
2588.9189758,2588.9135925016844,40485332190.0
4652.6690573,4652.666061799005,40485332190.0
2332.4012524,2332.395277053822,40485332190.0
759.27240755,759.2540516272336,40485332190.0
6220.7542626,6220.752022184555,40485332190.0
6471.3549073,6471.352753650602,40485332190.0
5317.1082299,5317.105608682464,40485332190.0
2373.4217848,2373.415912741797,40485332190.0
3038.3524127,3038.3478257453153,40485332190.0
15024.096201,15024.09527363251,40485332190.0
8204.8678937,8204.866195072984,40485332190.0
979.93708741,979.9228649833898,40485332190.0
633.50949688,633.4874968592521,40485332190.0
4809.467287,4809.464389149933,40485332190.0
2113.7461104,2113.739516975673,40485332190.0
1659.977877,1659.969481055981,40485332190.0
4259.9982205,4259.994948907369,40485332190.0
5219.7035019,5219.700831861941,40485332190.0
4612.0338621,4612.030840275619,40485332190.0
5462.3948309,5462.392279520162,40485332190.0
6863.2362475,6863.234216883967,40485332190.0
4669.016008,4669.013022949481,40485332190.0
1725.8801936,1725.8721182342113,40485332190.0
1632.0094024,1632.00086255932,40485332190.0
12918.413579,12918.412500454397,40485332190.0
4811.459449,4811.4565523893225,40485332190.0
3002.6837928,3002.6791512429672,40485332190.0
6408.9587564,6408.956581799187,40485332190.0
2809.5117633,2809.506802675234,40485332190.0
1288.5587079,1288.547891883128,40485332190.0
14855.493951,14855.493013136427,40485332190.0
3635.9298717,3635.9260385158314,40485332190.0
2677.546858,2677.5416529061104,40485332190.0
1998.5551699,1998.5481963993411,40485332190.0
3090.1351076,3090.130597496571,40485332190.0
1892.3000558,1892.2926907431843,40485332190.0
2334.3861781,2334.380207721062,40485332190.0
2537.0596148,2537.0541213643464,40485332190.0
21000.976866,21000.976201772355,40485332190.0
2404.5927297,2404.5869337115437,40485332190.0
2229.0546781,2229.04842563744,40485332190.0
4686.470935,4686.467961109599,40485332190.0
3867.5472807,3867.5436771431496,40485332190.0
9107.757642,9107.756111756684,40485332190.0
1877.1535442,1877.1461197179765,40485332190.0
5322.9632362,5322.960617899614,40485332190.0
9994.0792606,9994.077866061793,40485332190.0
2963.9385989,2963.933896764749,40485332190.0
3750.4162121,3750.4124959446876,40485332190.0
2311.9114801,2311.9054517432223,40485332190.0
5007.9015178,5007.898734780748,40485332190.0
13155.193461,13155.192401643766,40485332190.0
5730.8989064,5730.896474492749,40485332190.0
8914.8727093,8914.871145942927,40485332190.0
2042.2134761,2042.20665163456,40485332190.0
692.71192192,692.691802181515,40485332190.0
6599.4178887,6599.415776785698,40485332190.0
373.70647943,373.6691836443072,40485332190.0
9105.7050125,9105.703481896438,40485332190.0
3520.2121083,3520.2081492230686,40485332190.0
1063.777357,1063.7642555384773,40485332190.0
1700.3497568,1700.3415602549273,40485332190.0
6034.5572445,6034.554934970745,40485332190.0
6207.3186193,6207.316374007893,40485332190.0
2021.0943015,2021.0874056865305,40485332190.0
5930.0799802,5930.077630014807,40485332190.0
4374.3404887,4374.337302580486,40485332190.0
5031.5552122,5031.552442294449,40485332190.0
1889.379435,1889.3720585038723,40485332190.0
2544.1873735,2544.1818955705703,40485332190.0
2459.1048671,2459.099199577452,40485332190.0
3744.0995762,3744.0958538509053,40485332190.0
4615.230016,4615.226996218939,40485332190.0
6422.4022116,6422.400041568403,40485332190.0
3242.6948922,3242.6905941568825,40485332190.0
1952.8768199,1952.8696832134451,40485332190.0
5262.1096891,5262.107040495391,40485332190.0
176.93266799,176.85388047377356,40485332190.0
2383.1514755,2383.1456273947997,40485332190.0
2925.3871136,2925.382349510167,40485332190.0
6444.1774433,6444.175280544207,40485332190.0
6094.0309535,6094.028666489515,40485332190.0
11024.516733,11024.515468892578,40485332190.0
4070.4856453,4070.4822214365436,40485332190.0
6619.0268699,6619.024764328679,40485332190.0
4335.6593492,4335.656134697382,40485332190.0
2016.0148542,2016.0079410197495,40485332190.0
2822.6001366,2822.5951989371924,40485332190.0
2823.1564917,2823.151555056186,40485332190.0
4875.8826023,4875.8797439177915,40485332190.0
887.02035024,887.0046379639288,40485332190.0
1593.8534378,1593.8446936538096,40485332190.0
1267.2964043,1267.285406774716,40485332190.0
6670.9170522,6670.914963068936,40485332190.0
3742.4806358,3742.476911761977,40485332190.0
4053.0993227,4053.095884050812,40485332190.0
4785.1929122,4785.189999699637,40485332190.0
1600.5605093,1600.5518017110571,40485332190.0
4390.8804418,4390.877267701761,40485332190.0
8357.4507359,8357.449068302183,40485332190.0
5027.6843566,5027.681584589017,40485332190.0
3708.7533811,3708.7496233027146,40485332190.0
14982.385106,14982.384175203579,40485332190.0
6086.7156541,6086.713364383814,40485332190.0
6308.6810464,6308.678837224188,40485332190.0
1740.6067739,1740.5987668197213,40485332190.0
7398.0028782,7398.000994221192,40485332190.0
4005.1620739,4005.1585941481853,40485332190.0
1490.1530532,1490.1437004687468,40485332190.0
5768.6016076,5768.599191605265,40485332190.0
5047.4215317,5047.418770495543,40485332190.0
802.5200147,802.5026479904236,40485332190.0
1609.1469915,1609.138330376459,40485332190.0
4747.413415,4747.410479341206,40485332190.0
13227.932131,13227.93107789615,40485332190.0
7786.3810026,7786.379212660953,40485332190.0
2210.2425089,2210.2362032118367,40485332190.0
5122.5615955,5122.558874831191,40485332190.0
1742.0636101,1742.05560976877,40485332190.0
732.46617821,732.4471504901176,40485332190.0
2887.2829152,2887.278088176592,40485332190.0
3458.6934287,3458.689399169685,40485332190.0
6846.2226749,6846.220639158409,40485332190.0
6582.1223959,6582.120278540131,40485332190.0
13859.495797,13859.494791525729,40485332190.0
3403.1462841,3403.1421887188762,40485332190.0
8032.8887711,8032.8870361268,40485332190.0
2262.064009,2262.057847798652,40485332190.0
2537.5571977,2537.551705349437,40485332190.0
779.51320161,779.4953223199382,40485332190.0
3477.0917384,3477.0877301057917,40485332190.0
6927.5325904,6927.530578525086,40485332190.0
3310.7836668,3310.7794571860945,40485332190.0
4339.1158958,4339.1126838012315,40485332190.0
5306.6422522,5306.639625816475,40485332190.0
5969.9816841,5969.979349537556,40485332190.0
554.75643368,554.7313104128453,40485332190.0
746.60436599,746.5856986010102,40485332190.0
3773.7134382,3773.7097449864655,40485332190.0
281.19099185,281.1414233708177,40485332190.0
1103.1132497,1103.1006154763845,40485332190.0
1036.1162523,1036.1028009578006,40485332190.0
1018.6354402,1018.6217580903749,40485332190.0
3918.9290272,3918.9254708930875,40485332190.0
1902.0160269,1902.00869938182,40485332190.0
4063.0912429,4063.087812699248,40485332190.0
6575.6011706,6575.599051153648,40485332190.0
1098.2069884,1098.1942977463045,40485332190.0
6543.9584965,6543.956366817928,40485332190.0
7478.3000098,7478.298146190126,40485332190.0
6271.2918433,6271.289620992298,40485332190.0
2237.2741771,2237.267947666629,40485332190.0
5985.5410923,5985.538763865095,40485332190.0
3992.0658518,3992.062360654975,40485332190.0
1567.2677087,1567.2588161916012,40485332190.0
5268.3129191,5268.310273686756,40485332190.0
5997.2299095,5997.227585653629,40485332190.0
17079.563321,17079.562504850874,40485332190.0
8275.9706449,8275.968960917227,40485332190.0
1486.0172447,1486.0078659113265,40485332190.0
4217.0990377,4217.095732789967,40485332190.0
2540.211426,2540.205939377476,40485332190.0
1751.0153041,1751.0073446830102,40485332190.0
2761.718393,2761.713346536734,40485332190.0
7147.53859,7147.536640032464,40485332190.0
5432.8087603,5432.806194936655,40485332190.0
2271.6504038,2271.6442686075266,40485332190.0
2166.82954,2166.8231080148853,40485332190.0
5747.4475754,5747.445150448192,40485332190.0
1686.3018618,1686.293596994949,40485332190.0
4099.7732797,4099.769880242286,40485332190.0
2260.3373476,2260.3311816724768,40485332190.0
1002.4414368,1002.4275337379138,40485332190.0
2197.617972,2197.611630152966,40485332190.0
9813.6944501,9813.693029931983,40485332190.0
3238.6784378,3238.6741345179257,40485332190.0
1252.6698616,1252.6587357587784,40485332190.0
2940.7944093,2940.789670095146,40485332190.0
3597.8629493,3597.8590755603586,40485332190.0
6656.0076857,6656.00559188432,40485332190.0
4884.6900187,4884.6871655185605,40485332190.0
2698.4075046,2698.402339763043,40485332190.0
3643.3997562,3643.3959309565234,40485332190.0
2023.1195391,2023.1126502364436,40485332190.0
2478.0383506,2478.032726441416,40485332190.0
7073.9907339,7073.9887637331585,40485332190.0
2917.8890656,2917.884289164553,40485332190.0
336.06370646,336.02223265508263,40485332190.0
6320.0160971,6320.013891890049,40485332190.0
3664.5772656,3664.5734624362235,40485332190.0
4171.0839799,4171.08063860126,40485332190.0
4941.3907884,4941.3879679419215,40485332190.0
3127.1679232,3127.1634664138173,40485332190.0
3116.5986858,3116.594213935788,40485332190.0
4405.1132439,4405.110080112102,40485332190.0
3368.811206,3368.8070689316005,40485332190.0
2657.7536569,2657.7484130358284,40485332190.0
11122.601691,11122.600437549201,40485332190.0
2231.4079677,2231.4017219206744,40485332190.0
4234.8792775,4234.875986451652,40485332190.0
1552.0856459,1552.0766663409952,40485332190.0
3564.7331821,3564.7292723649457,40485332190.0
2917.2610307,2917.2562532994048,40485332190.0
4710.5483425,4710.545383826295,40485332190.0
7386.2058707,7386.203983844286,40485332190.0
10882.844161,10882.842880793172,40485332190.0
2910.3583136,2910.353524862268,40485332190.0
2543.9497912,2543.9443126947467,40485332190.0
1146.7313975,1146.719243779653,40485332190.0
3376.5797203,3376.5755927334744,40485332190.0
6839.9976131,6839.995575503407,40485332190.0
12287.325163,12287.324029450097,40485332190.0
10207.954623,10207.95325752423,40485332190.0
2751.6989004,2751.693835550768,40485332190.0
1297.380402,1297.3696595358342,40485332190.0
1267.737602,1267.7266083811983,40485332190.0
12426.978591,12426.977469478292,40485332190.0
1486.6615598,1486.6521851418568,40485332190.0
1321.3752689,1321.3647215741055,40485332190.0
8076.3260822,8076.324356452165,40485332190.0
2871.0557989,2871.050944634135,40485332190.0
19495.560745,19495.560030262328,40485332190.0
2230.5768225,2230.5705743449994,40485332190.0
8526.863794,8526.862159540144,40485332190.0
2528.1485789,2528.1430661987365,40485332190.0
2796.7847012,2796.7797179545,40485332190.0
5000.4110617,5000.408274610116,40485332190.0
5246.6698514,5246.667194987803,40485332190.0
3804.6590409,3804.655377846983,40485332190.0
3400.4194708,3400.4153721758444,40485332190.0
1946.6354567,1946.628297233649,40485332190.0
10562.338293,10562.33697343941,40485332190.0
7935.9433801,7935.941623908961,40485332190.0
4829.6015778,4829.598692046817,40485332190.0
8878.7635475,8878.761977752592,40485332190.0
487.5706945,487.54210912586143,40485332190.0
3962.2230827,3962.2195651796533,40485332190.0
4875.0277337,4875.02487488677,40485332190.0
4974.3954288,4974.392627032895,40485332190.0
317.8858763,317.84203055395125,40485332190.0
3336.4655882,3336.461410979101,40485332190.0
3760.9364965,3760.932790782997,40485332190.0
1819.6233134,1819.6156540679083,40485332190.0
3603.4401264,3603.4362587368714,40485332190.0
4690.2393712,4690.236399696987,40485332190.0
2441.2454897,2441.2397806695426,40485332190.0
2606.7925275,2606.7871811100354,40485332190.0
5437.9674387,5437.964875832203,40485332190.0
5231.4338851,5231.431220990758,40485332190.0
3175.7873544,3175.78296585383,40485332190.0
5296.4999527,5296.497321312248,40485332190.0
5808.4164681,5808.414068653,40485332190.0
5796.4690803,5796.466675955067,40485332190.0
9912.6495284,9912.648122458198,40485332190.0
3187.4806153,3187.4762428316717,40485332190.0
573.21049501,573.1861805974685,40485332190.0
1278.5100059,1278.4991048838376,40485332190.0
3842.3025072,3842.298879894547,40485332190.0
3731.5740917,3731.5703568191843,40485332190.0
3152.1488616,3152.1444401947265,40485332190.0
4233.8490956,4233.845803810711,40485332190.0
2486.6060376,2486.600432763965,40485332190.0
3558.8654033,3558.861487179057,40485332190.0
3913.288187,3913.2846255222416,40485332190.0
2031.8654162,2031.8585569591312,40485332190.0
6888.6181362,6888.616112956373,40485332190.0
3511.5534529,3511.5494840133197,40485332190.0
3999.860029,3999.8565446282764,40485332190.0
1052.6630762,1052.6498363520782,40485332190.0
5739.9791708,5739.97674276062,40485332190.0
2962.4972831,2962.492578611103,40485332190.0
1641.5622684,1641.5537783441039,40485332190.0
1892.8395053,1892.8321422526517,40485332190.0
10198.37078,10198.369413262842,40485332190.0
15692.765983,15692.765095457977,40485332190.0
10784.767116,10784.765823104259,40485332190.0
2222.3710963,2222.3648250678407,40485332190.0
3315.7892115,3315.785008362167,40485332190.0
3817.1183132,3817.1146619515544,40485332190.0
2175.6705227,2175.6641168602873,40485332190.0
7709.4198999,7709.418092193651,40485332190.0
1904.4983473,1904.491029333346,40485332190.0
6443.6441529,6443.641989964311,40485332190.0
9353.9428467,9353.94135682027,40485332190.0
2537.1113454,2537.1058521188693,40485332190.0
3734.6014631,3734.5977311995416,40485332190.0
1331.1670606,1331.15659088817,40485332190.0
5892.171705,5892.1693396827495,40485332190.0
4376.742457,4376.739272714897,40485332190.0
7319.1700473,7319.168143125506,40485332190.0
5203.1549431,5203.152264566876,40485332190.0
9648.7017975,9648.700353058995,40485332190.0
1243.8299462,1243.81874125707,40485332190.0
4350.2867044,4350.283500698094,40485332190.0
2618.0586656,2618.0533422813037,40485332190.0
2511.0420755,2511.036525250153,40485332190.0
10436.343455,10436.342119236402,40485332190.0
1055.4430596,1055.4298546105422,40485332190.0
1963.4377142,1963.430615941673,40485332190.0
3680.7038791,3680.7000926047044,40485332190.0
2860.0952998,2860.0904268601676,40485332190.0
1467.6505851,1467.641088943861,40485332190.0
3852.3948037,3852.391185916713,40485332190.0
9214.1442929,9214.142780388776,40485332190.0
7070.4452272,7070.443256009651,40485332190.0
7270.6748911,7270.672974267433,40485332190.0
8235.9685322,8235.966839997265,40485332190.0
2201.9464114,2201.9400820086644,40485332190.0
6450.1867367,6450.184576063735,40485332190.0
2422.171222,2422.1654680620936,40485332190.0
4813.1839601,4813.181064562283,40485332190.0
1291.6912527,1291.6804629366359,40485332190.0
7609.6572813,7609.6554498449905,40485332190.0
2396.6815201,2396.6757050043866,40485332190.0
4263.5709096,4263.567640837999,40485332190.0
6372.3397708,6372.337583712876,40485332190.0
2859.6447609,2859.6398872605264,40485332190.0
2884.0070996,2884.0022670783246,40485332190.0
3961.7855448,3961.7820269566178,40485332190.0
17475.876906,17475.876108892342,40485332190.0
2598.3657445,2598.3603807573586,40485332190.0
5810.0853114,5810.082912611389,40485332190.0
5335.7626188,5335.76000682599,40485332190.0
1903.2476055,1903.2402828187649,40485332190.0
2578.0482885,2578.042882458536,40485332190.0
4463.9738089,4463.970686838225,40485332190.0
5123.8529876,5123.850267505419,40485332190.0
4183.0595521,4183.056220348785,40485332190.0
2488.2417721,2488.2361709879824,40485332190.0
6360.6529401,6360.650748960495,40485332190.0
3730.3599856,3730.3562494647285,40485332190.0
2102.8828983,2102.876270753737,40485332190.0
9002.5229857,9002.521437549472,40485332190.0
8902.287182,8902.285616395571,40485332190.0
4442.6246008,4442.62146369745,40485332190.0
8854.7866401,8854.78506621173,40485332190.0
1333.4439441,1333.4334921783468,40485332190.0
4654.7434255,4654.740431365005,40485332190.0
4335.4689399,4335.4657252914685,40485332190.0
2869.3276579,2869.3228006847157,40485332190.0
15261.260851,15261.259937317298,40485332190.0
842.26930618,842.2527590715323,40485332190.0
17310.558372,17310.55756723036,40485332190.0
2716.6897985,2716.68466836487,40485332190.0
5507.3817331,5507.37920259335,40485332190.0
2394.3793237,2394.37350292759,40485332190.0
5575.2058527,5575.203352962619,40485332190.0
811.52834836,811.5111744266737,40485332190.0
7406.8491126,7406.847230966021,40485332190.0
6933.9838463,6933.981836289616,40485332190.0
11528.727957,11528.726748289486,40485332190.0
3280.7629362,3280.758688144931,40485332190.0
2935.9187797,2935.9140326584484,40485332190.0
4463.9074492,4463.90432705479,40485332190.0
4400.9197116,4400.9165447802125,40485332190.0
6265.9285414,6265.926317126033,40485332190.0
3619.9997339,3619.9958838619555,40485332190.0
6051.0476467,6051.045343468703,40485332190.0
2091.2671194,2091.260455030592,40485332190.0
2796.6246229,2796.6196394563076,40485332190.0
4113.2508432,4113.247454858211,40485332190.0
1709.670463,1709.6623111607562,40485332190.0
5376.3171689,5376.314576553258,40485332190.0
6099.3001437,6099.297858676151,40485332190.0
3508.740188,3508.7362159190443,40485332190.0
1888.2760865,1888.268705685776,40485332190.0
8973.2581141,8973.256560946642,40485332190.0
5690.9868234,5690.984374454581,40485332190.0
1695.5407116,1695.5324917936557,40485332190.0
2791.6951376,2791.6901452488246,40485332190.0
6799.2751614,6799.273111562313,40485332190.0
4075.4855027,4075.4820829372,40485332190.0
9960.6588095,9960.657410282385,40485332190.0
3317.1152972,3317.111095646816,40485332190.0
4172.4424213,4172.439081008141,40485332190.0
1628.899055,1628.8904989208806,40485332190.0
7073.5528897,7073.550919436588,40485332190.0
2677.4243487,2677.4191434112126,40485332190.0
1100.9691228,1100.956463964895,40485332190.0
6871.944633,6871.9426049609165,40485332190.0
3982.3248656,3982.3213658418276,40485332190.0
3933.1794672,3933.1759238106597,40485332190.0
2441.7081999,2441.702492045256,40485332190.0
2742.2312327,2742.226150348437,40485332190.0
5135.2055564,5135.202842350704,40485332190.0
3870.046401,3870.0427998012055,40485332190.0
1102.8090341,1102.7963962778908,40485332190.0
6443.2491919,6443.247028833641,40485332190.0
3082.6727843,3082.668263265255,40485332190.0
6962.9925494,6962.99054782057,40485332190.0
5081.4203581,5081.417615399737,40485332190.0
2561.9381817,2561.932741710881,40485332190.0
308.62364747,308.5784856510178,40485332190.0
1321.9971893,1321.986646881527,40485332190.0
26401.752,26401.75147250417,40485332190.0
7277.7378544,7277.735939360906,40485332190.0
2053.859341,2053.852555201216,40485332190.0
3707.5321863,3707.528427238847,40485332190.0
10452.860567,10452.859233119141,40485332190.0
1449.0875333,1449.0779154990187,40485332190.0
1477.5631464,1477.5537139494259,40485332190.0
5632.6501927,5632.647718447081,40485332190.0
1999.9029949,1999.8960260979816,40485332190.0
13150.779222,13150.778161875254,40485332190.0
9341.2364149,9341.23492290405,40485332190.0
4393.9980073,4393.994835416561,40485332190.0
2182.7647791,2182.758394080562,40485332190.0
8109.9324388,8109.930720270038,40485332190.0
1964.9770323,1964.9699395824848,40485332190.0
622.60583371,622.5834483792855,40485332190.0
3036.6600022,3036.6554126235974,40485332190.0
4428.5823301,4428.579183051408,40485332190.0
4383.794843,4383.7916638359875,40485332190.0
4412.1048671,4412.101708282856,40485332190.0
3680.6927402,3680.688953700661,40485332190.0
3295.3754082,3295.37117894609,40485332190.0
13715.880014,13715.878998552582,40485332190.0
6671.7737263,6671.77163738617,40485332190.0
5012.9512278,5012.948447646289,40485332190.0
2188.6255683,2188.619200433414,40485332190.0
5565.0795081,5565.077003795985,40485332190.0
6950.216847,6950.214841750995,40485332190.0
4073.861167,4073.8577458746695,40485332190.0
2752.0010563,2751.995991986999,40485332190.0
2662.5818434,2662.576608920296,40485332190.0
6625.0770155,6625.074911793277,40485332190.0
2460.163225,2460.1575599943812,40485332190.0
2835.6652574,2835.6603424450677,40485332190.0
2666.7534833,2666.7482571079886,40485332190.0
6040.6733581,6040.6710508919095,40485332190.0
3795.0184458,3795.0147733629738,40485332190.0
2647.8977687,2647.892505230327,40485332190.0
3446.3179577,3446.313913754695,40485332190.0
1044.4836135,1044.470269977207,40485332190.0
3540.363055,3540.359118449823,40485332190.0
2787.1031852,2787.0981847076705,40485332190.0
2162.4514238,2162.4449787789176,40485332190.0
2869.6501011,2869.6452443562475,40485332190.0
3653.3907688,3653.386953977173,40485332190.0
6181.5574023,6181.555147726402,40485332190.0
1594.9322355,1594.923497195415,40485332190.0
3170.8296622,3170.825266886075,40485332190.0
1984.1124519,1984.1054276528291,40485332190.0
3599.9255825,3599.9217110785457,40485332190.0
2759.9484395,2759.9433897893787,40485332190.0
2143.4556402,2143.449138098537,40485332190.0
4125.4312293,4125.427851007184,40485332190.0
5156.2790094,5156.2763065011,40485332190.0
10463.492433,10463.491101277019,40485332190.0
6004.3806426,6004.378321404111,40485332190.0
7344.1138172,7344.11191943356,40485332190.0
4212.8066268,4212.803318513544,40485332190.0
6467.0577086,6467.055553495464,40485332190.0
2029.7384002,2029.731533736652,40485332190.0
1964.8177861,1964.8106927705774,40485332190.0
1652.4959033,1652.4874693544741,40485332190.0
3014.672724,3014.6681009832932,40485332190.0
7495.104399,7495.1025395695815,40485332190.0
157.36099646,157.27240457411196,40485332190.0
4008.8416531,4008.8381765675863,40485332190.0
5432.046458,5432.04389230924,40485332190.0
3086.3615989,3086.3570832453993,40485332190.0
3989.8367846,3989.833291418843,40485332190.0
2132.4850944,2132.47855885343,40485332190.0
19642.925415,19642.924705700083,40485332190.0
5794.5705249,5794.568119669763,40485332190.0
1423.8005165,1423.790727842446,40485332190.0
1372.9847786,1372.974627705874,40485332190.0
1730.6652824,1730.6572294519528,40485332190.0
7393.2133951,7393.211510013018,40485332190.0
3383.8880815,3383.88396286688,40485332190.0
5069.7800928,5069.777343789536,40485332190.0
9008.7747159,9008.773168890008,40485332190.0
14239.632583,14239.631603671849,40485332190.0
1107.7777248,1107.7651436689741,40485332190.0
728.5703736,728.5512441295117,40485332190.0
3638.9323295,3638.928499508917,40485332190.0
2090.4443357,2090.4376686860396,40485332190.0
2994.2228149,2994.2181602172654,40485332190.0
6419.6404292,6419.638258245149,40485332190.0
2300.2137315,2300.2076724109697,40485332190.0
4821.7804283,4821.777537877801,40485332190.0
1585.2004743,1585.19168237598,40485332190.0
1298.4239317,1298.4131978400594,40485332190.0
4250.0988897,4250.095610470068,40485332190.0
6359.8995927,6359.897401375376,40485332190.0
3624.3985939,3624.3947485130316,40485332190.0
6772.2483326,6772.246274602094,40485332190.0
3049.0780219,3049.0734510231955,40485332190.0
2676.4196622,2676.4144549457255,40485332190.0
1808.8708027,1808.8630978663157,40485332190.0
13234.247581,13234.24652860912,40485332190.0
2989.3620415,2989.35737925873,40485332190.0
1721.7726798,1721.7645852731287,40485332190.0
8302.1132071,8302.111528356134,40485332190.0
2880.8527152,2880.847877445301,40485332190.0
4727.3824798,4727.379531658985,40485332190.0
1776.7180939,1776.7102496570474,40485332190.0
1240.6617561,1240.6505225076164,40485332190.0
8415.4095188,8415.407862676459,40485332190.0
3196.8030755,3196.798715917321,40485332190.0
2248.6049149,2248.5987167982553,40485332190.0
1285.1715192,1285.160674766513,40485332190.0
2487.1465498,2487.1409462204465,40485332190.0
3029.7625451,3029.757945084038,40485332190.0
6795.2778703,6795.275819302909,40485332190.0
2179.2505902,2179.2441948777664,40485332190.0
6318.1379511,6318.135745267096,40485332190.0
1745.7238312,1745.715847684251,40485332190.0
2265.2721951,2265.2660426169887,40485332190.0
4151.4150347,4151.41167752346,40485332190.0
6529.7791947,6529.777060310611,40485332190.0
2184.8835999,2184.877221063305,40485332190.0
1892.6227939,1892.615429982451,40485332190.0
5146.4019257,5146.399217568895,40485332190.0
1345.8305556,1345.8201998432028,40485332190.0
719.03561188,719.0162287375005,40485332190.0
17616.248116,17616.247324889246,40485332190.0
425.5813591,425.54860973853795,40485332190.0
5560.0863935,5560.0838869105255,40485332190.0
8677.5527758,8677.551169656244,40485332190.0
7205.2756476,7205.27371333046,40485332190.0
3222.7681437,3222.7638191168426,40485332190.0
1574.3314894,1574.3226367230532,40485332190.0
5392.1557995,5392.153214860866,40485332190.0
1902.3312716,1902.3239453166198,40485332190.0
4858.917197,4858.914328660945,40485332190.0
1613.1740683,1613.1654287565116,40485332190.0
4297.1922881,4297.189044823263,40485332190.0
4375.5044425,4375.501257315245,40485332190.0
3931.0955539,3931.0920085922585,40485332190.0
1405.86195,1405.852036514929,40485332190.0
9691.6402394,9691.6388013002,40485332190.0
3671.9178445,3671.9140488893195,40485332190.0
5359.1282435,5359.125642887609,40485332190.0
2000.5379164,2000.5309497962298,40485332190.0
6956.36067,6956.358666546588,40485332190.0
12031.501088,12031.49992956395,40485332190.0
22159.482803,22159.482173638287,40485332190.0
7199.4504458,7199.448509925953,40485332190.0
2983.0144476,2983.0097755514985,40485332190.0
1709.3465296,1709.3383762131177,40485332190.0
6899.8305311,6899.828511209816,40485332190.0
5579.0754681,5579.072970042051,40485332190.0
11457.476203,11457.474986662499,40485332190.0
18585.290622,18585.289872443638,40485332190.0
2197.9360526,2197.9297116177845,40485332190.0
1729.193346,1729.1852861142222,40485332190.0
1289.7824187,1289.7716129840549,40485332190.0
12519.519428,12519.518314358831,40485332190.0
1364.1195213,1364.1093043664503,40485332190.0
1050.1644738,1050.1512024961426,40485332190.0
2213.3316361,2213.3253392120114,40485332190.0
2329.0344078,2329.0284237562323,40485332190.0
7187.5970512,7187.595112117822,40485332190.0
9117.0728246,9117.07129599073,40485332190.0
8858.16183,8858.16025665486,40485332190.0
6097.897997,6097.895711461877,40485332190.0
4001.6404388,4001.636955968487,40485332190.0
2870.5818761,2870.577020914879,40485332190.0
9513.4160048,9513.414539843128,40485332190.0
2283.1637048,2283.1576005984903,40485332190.0
1349.7184093,1349.7080834416656,40485332190.0
3191.2000193,3191.1956520070426,40485332190.0
2379.8535972,2379.8477409266443,40485332190.0
2266.7523238,2266.7461753178773,40485332190.0
8183.6831046,8183.681401580288,40485332190.0
3191.7945323,3191.7901657724187,40485332190.0
2623.4923573,2623.487044870368,40485332190.0
14580.894718,14580.89376236497,40485332190.0
5543.3554319,5543.3529178081635,40485332190.0
2663.6957501,2663.6905179399896,40485332190.0
2751.5700956,2751.565030517975,40485332190.0
5443.7646567,5443.762096546176,40485332190.0
3258.672333,3258.6680560127766,40485332190.0
1136.9267029,1136.9144443107489,40485332190.0
12828.191198,12828.190111818232,40485332190.0
5038.4681448,5038.465378725246,40485332190.0
13028.45526,13028.45418987196,40485332190.0
1395.7279261,1395.717940595965,40485332190.0
8696.9609055,8696.959302994077,40485332190.0
1939.0046704,1938.9974826564726,40485332190.0
4285.6163204,4285.613068377301,40485332190.0
3497.8070831,3497.803098540386,40485332190.0
3099.3397691,3099.3352723747403,40485332190.0
4132.3646127,4132.3612400672755,40485332190.0
3749.7018577,3749.698140802322,40485332190.0
6206.1155752,6206.113329491237,40485332190.0
7379.6536218,7379.651733284807,40485332190.0
7961.2056701,7961.203919438933,40485332190.0
2859.1263214,2859.1214469050287,40485332190.0
1825.6307671,1825.6231329995705,40485332190.0
8414.6837402,8414.682084013117,40485332190.0
2203.8591945,2203.8528706325906,40485332190.0
1109.6407616,1109.6282015663776,40485332190.0
3485.7078805,3485.7038822122468,40485332190.0
4273.9954362,4273.9921753432145,40485332190.0
1611.2261411,1611.2174912168107,40485332190.0
7878.7028101,7878.701041118005,40485332190.0
10671.534947,10671.533640641022,40485332190.0
5406.8845285,5406.881950928777,40485332190.0
4311.925649,4311.922416884324,40485332190.0
10494.549588,10494.548259296778,40485332190.0
2233.9326228,2233.926384048998,40485332190.0
7368.1721794,7368.170287929257,40485332190.0
1684.3123372,1684.304062588267,40485332190.0
4579.5750911,4579.572047886705,40485332190.0
3687.8845041,3687.880725036225,40485332190.0
6704.0175746,6704.015495620328,40485332190.0
6827.1384697,6827.136428366471,40485332190.0
7086.5133569,7086.511390225187,40485332190.0
3435.437413,3435.4333561819917,40485332190.0
9676.4314296,9676.42998931397,40485332190.0
9960.3044223,9960.30302304676,40485332190.0
1014.5317034,1014.517965938017,40485332190.0
2805.704874,2805.6999066065996,40485332190.0
2375.9836027,2375.977736926934,40485332190.0
3639.3901038,3639.3862743406025,40485332190.0
2131.1471597,2131.1406200476185,40485332190.0
9535.7553424,9535.75388089438,40485332190.0
3052.8282695,3052.823704264347,40485332190.0
2291.9901386,2291.9840578085896,40485332190.0
1983.7943453,1983.7873198849063,40485332190.0
4640.4964953,4640.493491884353,40485332190.0
2190.1512844,2190.144920971224,40485332190.0
2752.6280386,2752.6229754536903,40485332190.0
2880.8754097,2880.8705718765923,40485332190.0
6006.2137846,6006.211464198853,40485332190.0
7369.0620718,7369.060180551953,40485332190.0
11103.030173,11103.028918086186,40485332190.0
1542.215017,1542.2059799764443,40485332190.0
3692.7378249,3692.734050729494,40485332190.0
2477.2683575,2477.262731591056,40485332190.0
3482.8254701,3482.8214684378318,40485332190.0
1816.0800992,1816.0724249917087,40485332190.0
1890.7854527,1890.778081634282,40485332190.0
6267.3141175,6267.311893741373,40485332190.0
19778.14149,19778.14078536103,40485332190.0
6768.577588,6768.5755289159515,40485332190.0
5719.5495835,5719.547146707867,40485332190.0
5363.9932235,5363.990625276342,40485332190.0
6035.2926889,6035.290379629316,40485332190.0
8926.2973442,8926.29578278539,40485332190.0
5743.8904932,5743.888066789909,40485332190.0
8831.3434721,8831.34189400912,40485332190.0
2284.6552435,2284.6491432111043,40485332190.0
2913.558464,2913.5536804574995,40485332190.0
6989.8197352,6989.8177413164085,40485332190.0
189.79023552,189.71678769769963,40485332190.0
568.86301605,568.8385158020947,40485332190.0
7338.4410077,7338.439108530723,40485332190.0
18255.074495,18255.0737316237,40485332190.0
1017.0987166,1017.0850137514782,40485332190.0
3187.8509531,3187.8465812053573,40485332190.0
7700.4189847,7700.4171748091785,40485332190.0
7751.3412056,7751.339407619084,40485332190.0
1677.0205289,1677.0122182621972,40485332190.0
9783.2927612,9783.291336569617,40485332190.0
2330.0579086,2330.051927189541,40485332190.0
6061.5097989,6061.507499617283,40485332190.0
2067.1290693,2067.122327135973,40485332190.0
4514.762996,4514.759909067743,40485332190.0
1630.1738054,1630.1652560199136,40485332190.0
6849.6518701,6849.649835407495,40485332190.0
2891.3998432,2891.395023056021,40485332190.0
10520.899524,10520.898199682035,40485332190.0
11976.412458,11976.411294052563,40485332190.0
14832.701252,14832.700311979645,40485332190.0
869.62293992,869.6069132989591,40485332190.0
1978.1549792,1978.147933740874,40485332190.0
1863.131823,1863.124342669914,40485332190.0
3920.4845777,3920.4810228049696,40485332190.0
4414.538336,4414.535178959573,40485332190.0
7412.0925129,7412.09063260249,40485332190.0
2782.460213,2782.455204187689,40485332190.0
6171.4667978,6171.464539470093,40485332190.0
4070.2548915,4070.2514674204367,40485332190.0
2221.3330618,2221.326787688011,40485332190.0
3816.2292561,3816.225604008041,40485332190.0
3857.6181715,3857.6145587089923,40485332190.0
1905.2515608,1905.2442457376346,40485332190.0
2607.6153776,2607.6100329175333,40485332190.0
11357.258446,11357.257219352021,40485332190.0
5393.0723153,5393.069731099988,40485332190.0
12214.213301,12214.212159862456,40485332190.0
6761.0269483,6761.024887014432,40485332190.0
2056.5609432,2056.55416634332,40485332190.0
2928.8609622,2928.856203674355,40485332190.0
6340.9531422,6340.950944276149,40485332190.0
3150.2970386,3150.292614573435,40485332190.0
4869.4256352,4869.4227730350785,40485332190.0
10041.425898,10041.424510229988,40485332190.0
3923.7166713,3923.7131193655237,40485332190.0
4509.5916313,4509.588540789558,40485332190.0
4618.1145582,4618.111540273447,40485332190.0
6110.5126398,6110.510358943349,40485332190.0
5668.6443481,5668.641889576911,40485332190.0
2767.6129739,2767.607938212168,40485332190.0
5158.6460689,5158.643367294893,40485332190.0
1694.0483836,1694.0401565348013,40485332190.0
4813.8422024,4813.839307297462,40485332190.0
3491.9529766,3491.9489853483046,40485332190.0
2709.0454551,2709.0403104615416,40485332190.0
3311.194158,3311.189948990158,40485332190.0
123.64222904,123.52945736829523,40485332190.0
5353.3908157,5353.388212297223,40485332190.0
2890.0085415,2890.003719033443,40485332190.0
1305.4290724,1305.418396196808,40485332190.0
2999.381871,2999.377224363654,40485332190.0
1581.0393319,1581.030516794331,40485332190.0
16513.045973,16513.04512897572,40485332190.0
7550.1689487,7550.167102868946,40485332190.0
3325.6645906,3325.660399830682,40485332190.0
5721.8347468,5721.832311062646,40485332190.0
803.35689903,803.3395504103449,40485332190.0
2253.838851,2253.83266732428,40485332190.0
4997.9472715,4997.944482979248,40485332190.0
4663.174383,4663.171394214418,40485332190.0
1923.3180995,1923.310853121124,40485332190.0
2083.2905428,2083.2838528428915,40485332190.0
3331.711171,3331.706987873417,40485332190.0
10719.328477,10719.327177357898,40485332190.0
2418.4318556,2418.4260927331834,40485332190.0
1064.0041199,1063.9910212055963,40485332190.0
3104.4976237,3104.493134400723,40485332190.0
3143.7469379,3143.7425046530702,40485332190.0
4918.3815049,4918.378671260027,40485332190.0
3972.1555445,3972.1520358552566,40485332190.0
6308.2706426,6308.26843331752,40485332190.0
4934.0572602,4934.054435589807,40485332190.0
217.66797166,217.60393361127623,40485332190.0
1576.9010986,1576.89226029941,40485332190.0
8982.0181371,8982.016585473782,40485332190.0
2592.2329122,2592.227535811133,40485332190.0
7531.2361084,7531.234257813075,40485332190.0
7950.1799298,7950.1781767969105,40485332190.0
7561.8292079,7561.827364860406,40485332190.0
3293.3711856,3293.366953827937,40485332190.0
2206.2802379,2206.2739209157935,40485332190.0
2711.0332645,2711.0281236744645,40485332190.0
6795.2956966,6795.293645589426,40485332190.0
9140.538667,9140.537142253883,40485332190.0
4664.9731098,4664.970122232134,40485332190.0
5813.9308724,5813.928475153351,40485332190.0
1931.7964065,1931.7891920219256,40485332190.0
5190.0997892,5190.09710389534,40485332190.0
3253.3107263,3253.3064423876303,40485332190.0
1847.8787225,1847.871180348961,40485332190.0
3312.0715837,3312.06737580116,40485332190.0
7229.8258854,7229.823957741639,40485332190.0
2580.1950508,2580.1896493569925,40485332190.0
2779.036546,2779.0315310091464,40485332190.0
1415.5282805,1415.5184347138559,40485332190.0
2831.2144255,2831.2095029614966,40485332190.0
153.04090953,152.9498153791897,40485332190.0
5235.8883861,5235.88572428741,40485332190.0
2943.4612704,2943.4565354726874,40485332190.0
9858.2731981,9858.271784384566,40485332190.0
6147.1224406,6147.120173349169,40485332190.0
3408.3225038,3408.3184147128836,40485332190.0
2238.8132475,2238.80702228621,40485332190.0
5365.6501602,5365.647562738942,40485332190.0
11414.769953,11414.768732000406,40485332190.0
11507.57489,11507.57367852324,40485332190.0
4808.1548037,4808.151905067717,40485332190.0
3390.4986031,3390.4944925183822,40485332190.0
9226.1001709,9226.098660250438,40485332190.0
2530.9960822,2530.990575686924,40485332190.0
5546.4036097,5546.401096979911,40485332190.0
8629.4569312,8629.455316133179,40485332190.0
9594.5432176,9594.541764971073,40485332190.0
8169.5183338,8169.5166278785755,40485332190.0
3545.734693,3545.7307623654733,40485332190.0
10086.37734,10086.375957956445,40485332190.0
4438.1670136,4438.163873356794,40485332190.0
3328.3088701,3328.304682653493,40485332190.0
6609.0085273,6609.006418575616,40485332190.0
3962.6788225,3962.6753053980283,40485332190.0
8075.8678714,8075.866145643574,40485332190.0
697.37395283,697.3539675897214,40485332190.0
4450.2506752,4450.247543427665,40485332190.0
4936.9658434,4936.963020366826,40485332190.0
2939.0205258,2939.015783755675,40485332190.0
3701.99795,3701.994185252745,40485332190.0
2994.9496131,2994.9449596546256,40485332190.0
7185.0273603,7185.025420573448,40485332190.0
5137.5840911,5137.581378359018,40485332190.0
4030.5888389,4030.585381114049,40485332190.0
9560.2437893,9560.242331540554,40485332190.0
1551.0458682,1551.0368826073889,40485332190.0
11313.631746,11313.630514102313,40485332190.0
5784.231297,5784.228887433336,40485332190.0
2366.0599647,2366.0540742573635,40485332190.0
15567.869057,15567.86816213428,40485332190.0
8990.8781472,8990.876597142162,40485332190.0
4631.5877488,4631.5847396903,40485332190.0
2421.2281799,2421.222423729621,40485332190.0
2903.7009749,2903.696175118061,40485332190.0
7263.8440256,7263.842106887656,40485332190.0
1847.9194647,1847.9119227147721,40485332190.0
4612.9745368,4612.971515478117,40485332190.0
1467.9408075,1467.9313132463997,40485332190.0
5549.2807533,5549.278241886916,40485332190.0
1402.2288879,1402.2189487132023,40485332190.0
5985.1479769,5985.1456482415815,40485332190.0
3840.9661361,3840.962507627525,40485332190.0
10142.381949,10142.380575026897,40485332190.0
4999.9215829,4999.918795471021,40485332190.0
5798.9912285,5798.9888251614,40485332190.0
666.73847152,666.7175679667077,40485332190.0
10486.176675,10486.175345601672,40485332190.0
1620.2243727,1620.215770822439,40485332190.0
6522.3024908,6522.300353905398,40485332190.0
9442.7326392,9442.731163233997,40485332190.0
2707.6932826,2707.68813535514,40485332190.0
3016.802699,3016.798079159825,40485332190.0
4168.7255742,4168.722230981507,40485332190.0
5535.0328232,5535.030305227963,40485332190.0
10063.739191,10063.73780671019,40485332190.0
2875.2873193,2875.2824721347533,40485332190.0
4659.6007934,4659.597802350945,40485332190.0
2141.6446242,2141.638116564395,40485332190.0
1409.5558882,1409.5460005855746,40485332190.0
2518.5268584,2518.5213246471194,40485332190.0
3640.945651,3640.941823112708,40485332190.0
1816.8676708,1816.8599998591408,40485332190.0
4758.9942177,4758.991289156803,40485332190.0
4933.4625969,4933.459771879788,40485332190.0
3300.3315747,3300.327351750457,40485332190.0
3127.7214794,3127.7170234831183,40485332190.0
2914.2310294,2914.2262470177798,40485332190.0
3879.3459932,3879.342400575923,40485332190.0
9697.4421751,9697.440737836014,40485332190.0
4764.1493747,4764.146449344529,40485332190.0
13264.305131,13264.304080330172,40485332190.0
14798.879368,14798.878426675066,40485332190.0
5374.580816,5374.5782228484195,40485332190.0
4784.8903125,4784.887399759354,40485332190.0
1888.4163307,1888.4089504532415,40485332190.0
5073.0736617,5073.070914423594,40485332190.0
6190.1201246,6190.1178731187,40485332190.0
9029.536479,9029.53493546346,40485332190.0
4197.081196,4197.0778753843315,40485332190.0
2131.2875938,2131.281054639671,40485332190.0
4559.7373306,4559.73427411721,40485332190.0
13108.20625,13108.205186583009,40485332190.0
2356.3219863,2356.316071588296,40485332190.0
6731.5439102,6731.541839858697,40485332190.0
7754.0370665,7754.0352690588825,40485332190.0
5990.121459,5990.119132388591,40485332190.0
5726.5891863,5726.586752656181,40485332190.0
5755.4344745,5755.4320529254155,40485332190.0
2789.2346273,2789.2296305553423,40485332190.0
5268.7550353,5268.752390116308,40485332190.0
6052.0791494,6052.076846600064,40485332190.0
4373.4754018,4373.472215131246,40485332190.0
2377.4018283,2377.395966019801,40485332190.0
7674.9143331,7674.912517199327,40485332190.0
2169.2131478,2169.206722876087,40485332190.0
2540.5052197,2540.499733733268,40485332190.0
10996.882379,10996.88111196824,40485332190.0
885.93377786,885.9180463156262,40485332190.0
3739.5327672,3739.5290402753462,40485332190.0
2766.2262385,2766.2212002224646,40485332190.0
11049.026379,11049.02511775567,40485332190.0
767.20711819,767.1889521099336,40485332190.0
9125.9184731,9125.916945918387,40485332190.0
3765.0061088,3765.0024071070575,40485332190.0
1176.4924596,1176.480613415754,40485332190.0
2281.8502712,2281.844163446114,40485332190.0
2190.9173541,2190.9109928539847,40485332190.0
2525.6397375,2525.634219253394,40485332190.0
14131.268441,14131.267454232137,40485332190.0
11159.988957,11159.9877082866,40485332190.0
12892.15342,12892.15233959337,40485332190.0
5309.4076528,5309.405027811716,40485332190.0
7433.325819,7433.323944089077,40485332190.0
5033.7939954,5033.791226746318,40485332190.0
2009.7813867,2009.774452089478,40485332190.0
1349.3390747,1349.328745981196,40485332190.0
888.32289953,888.3072102913345,40485332190.0
671.43474256,671.4139852278524,40485332190.0
902.71818103,902.7027419930564,40485332190.0
19199.167945,19199.167219033756,40485332190.0
5479.5954792,5479.592935835653,40485332190.0
6827.4179706,6827.415929328231,40485332190.0
1538.3058956,1538.2968356575045,40485332190.0
3246.3158589,3246.311565732049,40485332190.0
3077.6657834,3077.6612549598794,40485332190.0
900.91019293,900.8947229123974,40485332190.0
5966.8686209,5966.86628512572,40485332190.0
3472.0025024,3471.9984883466623,40485332190.0
2076.8884315,2076.881720990439,40485332190.0
3770.5232166,3770.519520345208,40485332190.0
2658.1575771,2658.1523339557334,40485332190.0
8466.1506872,8466.149041000552,40485332190.0
3502.3292761,3502.3252966787377,40485332190.0
1987.5184586,1987.5114463794398,40485332190.0
15982.092202,15982.091329616213,40485332190.0
10042.399023,10042.397635120025,40485332190.0
8407.4182686,8407.416610927547,40485332190.0
3667.3621345,3667.3583342110687,40485332190.0
450.3867118,450.35576626007423,40485332190.0
17037.852845,17037.852027409772,40485332190.0
4217.4124778,4217.409173165434,40485332190.0
1878.3175975,1878.3101775295465,40485332190.0
4252.478572,4252.475294674034,40485332190.0
1865.6748743,1865.66740405168,40485332190.0
2359.7045156,2359.6986093123637,40485332190.0
6398.8944781,6398.892300074569,40485332190.0
15845.794377,15845.793497993624,40485332190.0
10814.951197,10814.949908162313,40485332190.0
4200.1609386,4200.1576203762,40485332190.0
23564.119123,23564.1185316506,40485332190.0
6520.4501458,6520.448008337209,40485332190.0
300.05086387,300.004411540274,40485332190.0
3892.2187628,3892.2151820254576,40485332190.0
6876.9019794,6876.899952777204,40485332190.0
2966.0850349,2966.080336091312,40485332190.0
2635.7007373,2635.6954495397554,40485332190.0
4946.1037145,4946.10089678382,40485332190.0
1964.8149535,1964.8078602351222,40485332190.0
5178.182717,5178.180025611598,40485332190.0
6927.1952873,6927.193275405036,40485332190.0
2044.6686565,2044.6618402675758,40485332190.0
1453.1475077,1453.137916772241,40485332190.0
969.90502501,969.8906554729793,40485332190.0
8891.2977393,8891.296171791773,40485332190.0
6537.2879294,6537.2857974943245,40485332190.0
18397.484274,18397.48351647583,40485332190.0
9170.9231849,9170.921665221287,40485332190.0
2360.7554211,2360.749517480861,40485332190.0
1788.4528123,1788.4450194708218,40485332190.0
5388.9879325,5388.98534629149,40485332190.0
2145.0840578,2145.077560651441,40485332190.0
15138.277138,15138.276218123492,40485332190.0
2091.1170284,2091.110363575801,40485332190.0
810.62958773,810.612394760736,40485332190.0
7575.2856965,7575.283856697504,40485332190.0
9889.7414154,9889.740006122618,40485332190.0
9439.7131552,9439.711678713724,40485332190.0
3471.6180712,3471.6140566739887,40485332190.0
1940.9696774,1940.9624969661209,40485332190.0
2566.7911231,2566.785693444944,40485332190.0
3335.5114316,3335.5072531864976,40485332190.0
3446.0440971,3446.0400527328457,40485332190.0
4117.735357,4117.731972456264,40485332190.0
1693.3912159,1693.3829856226253,40485332190.0
3623.2098896,3623.20604303291,40485332190.0
3114.621913,3114.617438214394,40485332190.0
5065.4898159,5065.487064547727,40485332190.0
4217.5257021,4217.522397573232,40485332190.0
5858.4403962,5858.438017260831,40485332190.0
4217.3741965,4217.370891800795,40485332190.0
3419.979873,3419.9757977927843,40485332190.0
669.66832314,669.6475110547334,40485332190.0
468.3605195,468.3307616000466,40485332190.0
3719.6132644,3719.6095175537303,40485332190.0
3080.2317814,3080.227256771916,40485332190.0
3736.3076143,3736.3038842042392,40485332190.0
13552.774993,13552.773964948316,40485332190.0
3763.6185433,3763.614840200391,40485332190.0
2501.673273,2501.6677019577382,40485332190.0
9400.500894,9400.49941142316,40485332190.0
4264.3425749,4264.339306641803,40485332190.0
13252.188032,13252.186980318145,40485332190.0
4945.9998616,4945.997043718756,40485332190.0
2665.8944139,2665.88918605666,40485332190.0
112.43211127,112.30808377333712,40485332190.0
4421.8729397,4421.86978793792,40485332190.0
5037.8107137,5037.807947192253,40485332190.0
948.80476589,948.7900767907198,40485332190.0
3353.7774287,3353.773273142856,40485332190.0
15080.363262,15080.362338172885,40485332190.0
3938.8839012,3938.880362810714,40485332190.0
542.69096037,542.6652785167355,40485332190.0
5908.8149712,5908.812612531732,40485332190.0
9023.0357687,9023.034224096484,40485332190.0
7938.3484664,7938.34671069783,40485332190.0
10205.441374,10205.440008619951,40485332190.0
3279.7054634,3279.7012139724097,40485332190.0
8749.5717136,8749.570120711425,40485332190.0
3632.6286379,3632.6248013424447,40485332190.0
1051.837484,1051.8242337553613,40485332190.0
1265.7027779,1265.6917665803473,40485332190.0
6120.2360487,6120.233771525995,40485332190.0
4684.5734377,4684.570462605491,40485332190.0
1390.9685646,1390.9585449031001,40485332190.0
3809.1111604,3809.107501557271,40485332190.0
4970.2871965,4970.284392380269,40485332190.0
8639.1598584,8639.158245106388,40485332190.0
1791.029835,1791.022053403117,40485332190.0
5734.4314005,5734.428970047963,40485332190.0
7435.4740878,7435.472213341242,40485332190.0
2678.7679057,2678.7627028918123,40485332190.0
1512.1701187,1512.160902089496,40485332190.0
5268.4327166,5268.430071296801,40485332190.0
6628.0467268,6628.044624117115,40485332190.0
1975.5714911,1975.5644365027924,40485332190.0
2738.5376658,2738.532576573459,40485332190.0
3359.6956549,3359.691506614785,40485332190.0
6456.7275413,6456.72538273085,40485332190.0
8515.5042952,8515.502658497415,40485332190.0
2909.0470914,2909.0423004563854,40485332190.0
2797.961146,2797.9561648888357,40485332190.0
4110.9083728,4110.904982524264,40485332190.0
4724.5571708,4724.554220940308,40485332190.0
20370.711962,20370.711278126786,40485332190.0
3169.0428562,3169.038458338764,40485332190.0
4452.9222168,4452.919086926194,40485332190.0
8825.7039764,8825.702397276717,40485332190.0
8736.2237953,8736.222199944219,40485332190.0
1866.2517552,1866.2442872445513,40485332190.0
2075.8913766,2075.884662922216,40485332190.0
11057.665345,11057.664084758737,40485332190.0
4010.5610982,4010.557623144124,40485332190.0
4687.11895,4687.115976526128,40485332190.0
5644.7163353,5644.713866269977,40485332190.0
8583.2571926,8583.255568775041,40485332190.0
5418.5865491,5418.583977038775,40485332190.0
780.29635857,780.2784972212751,40485332190.0
3786.2570703,3786.253389416704,40485332190.0
8616.0724805,8616.070862988148,40485332190.0
997.32427992,997.3103054565843,40485332190.0
3485.2693122,3485.2653134263405,40485332190.0
1766.7905824,1766.7826940845382,40485332190.0
2968.4302422,2968.4255470946655,40485332190.0
1858.6545283,1858.6470297998117,40485332190.0
4775.4749207,4775.472002327068,40485332190.0
4724.8352409,4724.832291164639,40485332190.0
1866.6820557,1866.6745895651034,40485332190.0
5359.2125148,5359.209914234223,40485332190.0
7898.4210243,7898.419259775917,40485332190.0
4759.4148532,4759.411924915964,40485332190.0
3970.3381604,3970.334650122527,40485332190.0
2407.1576355,2407.1518456285976,40485332190.0
3382.7352726,3382.731152519465,40485332190.0
9328.472806,9328.471312010699,40485332190.0
2133.5056517,2133.49911928139,40485332190.0
1527.0845639,1527.0754373599668,40485332190.0
3716.4768478,3716.473097795316,40485332190.0
6485.3519501,6485.349801116432,40485332190.0
4106.3352905,4106.331896424753,40485332190.0
5146.802537,5146.799829110128,40485332190.0
2018.3377008,2018.3307956166857,40485332190.0
4003.6214336,4003.6179524451777,40485332190.0
2544.0482559,2544.04277757195,40485332190.0
6654.8451927,6654.843098469543,40485332190.0
1723.2759924,1723.267904848257,40485332190.0
1085.9373911,1085.9245569499346,40485332190.0
1613.3922761,1613.3836377378673,40485332190.0
2228.2408831,2228.2346284445875,40485332190.0
8990.1498541,8990.14830383395,40485332190.0
4023.8683682,4023.86490464288,40485332190.0
3091.7932806,3091.7887728982146,40485332190.0
5676.6720645,5676.669609331064,40485332190.0
6738.3725423,6738.370474070178,40485332190.0
7590.0509475,7590.049111270946,40485332190.0
6376.8720183,6376.869832662525,40485332190.0
9618.8055536,9618.804104610826,40485332190.0
1778.0519829,1778.0441445309343,40485332190.0
4030.0546156,4030.0511573340846,40485332190.0
5434.0291824,5434.026617633066,40485332190.0
766.81310438,766.7949289634122,40485332190.0
4140.5829885,4140.579622518921,40485332190.0
10166.250357,10166.248985545371,40485332190.0
2628.5982712,2628.592969066922,40485332190.0
263.35145617,263.29852924472135,40485332190.0
3655.1944234,3655.1906105693542,40485332190.0
1622.7448909,1622.7363022998245,40485332190.0
12628.987695,12628.986592012725,40485332190.0
5660.9120522,5660.9095901680685,40485332190.0
3601.2570785,3601.2532085192083,40485332190.0
6677.6116336,6677.609546484766,40485332190.0
690.73518662,690.715009290589,40485332190.0
3557.4438191,3557.4399013733164,40485332190.0
1889.3287327,1889.3213559953826,40485332190.0
4234.9305819,4234.9272909061365,40485332190.0
2563.895608,2563.8901721685497,40485332190.0
3848.0422964,3848.0386744922516,40485332190.0
3890.2267797,3890.2231971423857,40485332190.0
4474.5792969,4474.576182183357,40485332190.0
5256.9435376,5256.940886381376,40485332190.0
2792.5496965,2792.5447056520816,40485332190.0
4514.3126991,4514.309611776377,40485332190.0
3839.4916624,3839.488032478335,40485332190.0
7625.8514955,7625.8496679343925,40485332190.0
4678.193503,4678.190523833034,40485332190.0
3978.856019,3978.8525161895263,40485332190.0
1523.1995429,1523.1903930365086,40485332190.0
2187.4347646,2187.4283931898585,40485332190.0
2190.7640986,2190.757736794493,40485332190.0
4872.3167591,4872.313898651815,40485332190.0
4755.8383354,4755.835404876407,40485332190.0
4170.9795898,4170.976248350161,40485332190.0
1545.0527708,1545.0437503113083,40485332190.0
2702.4535526,2702.4483954184575,40485332190.0
1259.1786396,1259.1675711734276,40485332190.0
1981.1915076,1981.184472973307,40485332190.0
921.66293623,921.6478145418442,40485332190.0
6096.7900411,6096.7877551833635,40485332190.0
8181.2048967,8181.203193143551,40485332190.0
5552.8705129,5552.8680030666,40485332190.0
1691.6760279,1691.6677892807218,40485332190.0
1678.6534838,1678.6451813249685,40485332190.0
1302.7856303,1302.77493239051,40485332190.0
1884.9699664,1884.9625726532995,40485332190.0
4459.3645218,4459.361396455623,40485332190.0
3394.2647665,3394.260660500889,40485332190.0
3932.6420424,3932.6384984576634,40485332190.0
2825.8194085,2825.8144764770045,40485332190.0
6880.9975251,6880.995499604129,40485332190.0
2618.0492156,2618.043892093066,40485332190.0
11601.130315,11601.129113506768,40485332190.0
2379.3200398,2379.3141821766762,40485332190.0
10327.28567,10327.284320214454,40485332190.0
6678.9678391,6678.96575242049,40485332190.0
2159.403443,2159.3969889296377,40485332190.0
3499.2563666,3499.2523838344728,40485332190.0
3733.2820754,3733.2783421896115,40485332190.0
938.89432091,938.8794767530512,40485332190.0
3469.6946392,3469.690622411027,40485332190.0
4860.501661,4860.498793565304,40485332190.0
2082.1529538,2082.146260273428,40485332190.0
3652.1894403,3652.1856242532094,40485332190.0
2448.2071449,2448.201452145123,40485332190.0
1242.3339653,1242.3227468586306,40485332190.0
1770.2717826,1770.263909867774,40485332190.0
1754.4693952,1754.4614515296805,40485332190.0
1619.5229673,1619.5143616398939,40485332190.0
17242.396764,17242.39595585606,40485332190.0
579.81026312,579.786225486355,40485332190.0
5545.4644394,5545.461926213251,40485332190.0
3119.8505012,3119.846033999007,40485332190.0
717.12034459,717.1009096771885,40485332190.0
15708.135777,15708.134889222052,40485332190.0
1120.7150888,1120.7026528839538,40485332190.0
2277.8902253,2277.8841069393698,40485332190.0
3055.6532783,3055.648717248645,40485332190.0
5775.421547,5775.419133921247,40485332190.0
11964.02692,11964.02575483295,40485332190.0
3119.1368944,3119.132426137417,40485332190.0
8514.1655478,8514.163910895251,40485332190.0
1530.1276834,1530.1185749769074,40485332190.0
9402.9550349,9402.953552742829,40485332190.0
5590.7421446,5590.739651690093,40485332190.0
1504.1431649,1504.1338990886243,40485332190.0
11719.819554,11719.818364855804,40485332190.0
1851.1539424,1851.1464136220536,40485332190.0
5584.6217318,5584.61923619486,40485332190.0
7604.3110499,7604.309217153107,40485332190.0
4048.2615247,4048.25808206128,40485332190.0
5940.6595829,5940.6572368546385,40485332190.0
13138.515064,13138.514003525841,40485332190.0
3048.4567148,3048.4521429446477,40485332190.0
6828.2427355,6828.240694380456,40485332190.0
2765.3140058,2765.308965865522,40485332190.0
10894.532189,10894.530910590403,40485332190.0
19484.146897,19484.146182550758,40485332190.0
1618.4980287,1618.4894176166044,40485332190.0
2753.1087666,2753.1037043203232,40485332190.0
6461.5141503,6461.511993369059,40485332190.0
1146.3794173,1146.3672597500351,40485332190.0
2254.007773,2254.0015897821563,40485332190.0
4573.9426433,4573.939596329794,40485332190.0
1009.8944331,1009.8806325806502,40485332190.0
8046.0994568,8046.097724670109,40485332190.0
2328.2193808,2328.2133946794092,40485332190.0
1664.1217206,1664.113345571099,40485332190.0
4384.0050738,4384.001894744321,40485332190.0
4177.8788568,4177.875520915808,40485332190.0
1549.7669959,1549.7580029308754,40485332190.0
529.14987062,529.1235315226916,40485332190.0
4185.0975202,4185.094190025826,40485332190.0
3084.9679803,3084.963462560487,40485332190.0
4880.621531,4880.618675420954,40485332190.0
1509.1525459,1509.1433109405432,40485332190.0
2716.4647615,2716.459630959919,40485332190.0
7751.8894878,7751.887689892142,40485332190.0
2654.7397674,2654.7345174786446,40485332190.0
5530.5152393,5530.512719350622,40485332190.0
3188.7342327,3188.7298620362562,40485332190.0
4342.067607,4342.064397217958,40485332190.0
787.26493251,787.2472292710905,40485332190.0
8334.3180062,8334.316333933979,40485332190.0
8209.4898299,8209.488132148517,40485332190.0
4344.1595541,4344.15634595648,40485332190.0
12471.126597,12471.125479508191,40485332190.0
15190.791022,15190.790104183665,40485332190.0
17474.633494,17474.632696056346,40485332190.0
659.45845884,659.4373245114392,40485332190.0
4545.366867,4545.363800778252,40485332190.0
3774.0325953,3774.0289024098397,40485332190.0
4287.0493331,4287.046082095326,40485332190.0
1204.1079338,1204.096359238615,40485332190.0
4227.2100944,4227.20679737748,40485332190.0
2329.6106001,2329.6046175681327,40485332190.0
639.01774601,638.9959356220367,40485332190.0
2372.8926467,2372.8867732719286,40485332190.0
6043.8494108,6043.84710481471,40485332190.0
15224.859174,15224.858258731845,40485332190.0
4968.6069216,4968.604116549179,40485332190.0
1184.3876388,1184.3758715330393,40485332190.0
7207.7299027,7207.72796908935,40485332190.0
786.4970434,786.4793228725107,40485332190.0
3052.7570767,3052.752511366175,40485332190.0
7484.6661041,7484.664242054956,40485332190.0
4105.8869625,4105.883568052276,40485332190.0
1842.3678041,1842.360239428928,40485332190.0
2882.0325017,2882.027665933128,40485332190.0
1646.4888075,1646.4803428308667,40485332190.0
2234.4434608,2234.4372235002356,40485332190.0
4241.6656327,4241.662347012255,40485332190.0
348.7084684,348.66849866822383,40485332190.0
2668.2966641,2668.2914409177374,40485332190.0
3569.0683118,3569.064406845503,40485332190.0
1487.1777752,1487.1684036987174,40485332190.0
3177.7959274,3177.7915416374653,40485332190.0
3083.4302666,3083.4257466092654,40485332190.0
2371.5727274,2371.5668507135842,40485332190.0
2608.4884574,2608.4831144592845,40485332190.0
6542.3325024,6542.330372150177,40485332190.0
902.24633663,902.2308895176153,40485332190.0
7940.7558611,7940.754105960687,40485332190.0
1444.331325,1444.321675609523,40485332190.0
19157.148909,19157.148181878845,40485332190.0
2029.9765518,2029.9696862251228,40485332190.0
2804.455214,2804.450244407911,40485332190.0
457.27870513,457.2482260262608,40485332190.0
3761.8074206,3761.803715766168,40485332190.0
1746.1737344,1746.165752874051,40485332190.0
2403.9424751,2403.936677525448,40485332190.0
4785.8743809,4785.871468802315,40485332190.0
5655.360089,5655.357624655729,40485332190.0
6254.3325842,6254.330355803831,40485332190.0
9773.2729194,9773.27149336648,40485332190.0
5645.9350017,5645.932533244643,40485332190.0
5401.729187,5401.726606894203,40485332190.0
12577.987415,12577.986307627441,40485332190.0
12623.779137,12623.778032465312,40485332190.0
5465.2868548,5465.284304761462,40485332190.0
1685.6131948,1685.6049265847598,40485332190.0
2108.442013,2108.4354028808007,40485332190.0
4108.7011413,4108.697749218939,40485332190.0
4695.9981803,4695.995212467522,40485332190.0
985.79668588,985.7825479906093,40485332190.0
945.98068683,945.9659538785153,40485332190.0
805.77228307,805.7549864565965,40485332190.0
2636.6113482,2636.6060623080584,40485332190.0
4110.506515,4110.5031244199745,40485332190.0
510.02089246,509.9935654284506,40485332190.0
5862.3853004,5862.382923020088,40485332190.0
12783.819438,12783.818347756891,40485332190.0
1314.6073092,1314.5967075406618,40485332190.0
10518.686173,10518.684847339699,40485332190.0
17133.532553,17133.53173952528,40485332190.0
4635.4378805,4635.434873920092,40485332190.0
1305.2929132,1305.282235895534,40485332190.0
2215.4511333,2215.4448424259226,40485332190.0
4498.2947964,4498.291698142254,40485332190.0
3475.9740298,3475.970020225492,40485332190.0
860.48828549,860.4720887478967,40485332190.0
10236.322995,10236.321633952775,40485332190.0
3853.1312748,3853.1276577549684,40485332190.0
4483.8381253,4483.8350170163885,40485332190.0
3717.3972644,3717.3935152562103,40485332190.0
6479.8290163,6479.826865431995,40485332190.0
3394.9699347,3394.9658295865725,40485332190.0
2721.1074972,2721.1023754048806,40485332190.0
11494.495236,11494.49402260888,40485332190.0
5365.4724599,5365.4698623000795,40485332190.0
3467.2954923,3467.29147274851,40485332190.0
1530.472516,1530.463409603377,40485332190.0
2910.5663686,2910.56158018283,40485332190.0
8634.7919917,8634.790377612479,40485332190.0
541.26949393,541.2437446235473,40485332190.0
2002.8000674,2002.7931086017416,40485332190.0
2322.2559686,2322.2499671408173,40485332190.0
1241.746582,1241.7353582778283,40485332190.0
3005.6166355,3005.611998517912,40485332190.0
4269.3523854,4269.349121014858,40485332190.0
5776.1857333,5776.183320523251,40485332190.0
1023.3853794,1023.371760830293,40485332190.0
5800.8542303,5800.851827706502,40485332190.0
5011.152947,5011.150165739864,40485332190.0
2298.5088905,2298.502827058105,40485332190.0
5513.4250451,5513.422517192586,40485332190.0
9014.2272477,9014.225701562093,40485332190.0
3303.4915274,3303.487308539383,40485332190.0
4313.1628737,4313.159642427784,40485332190.0
1958.2889853,1958.2818684119409,40485332190.0
2781.7191579,2781.714147705107,40485332190.0
2615.877166,2615.871838142418,40485332190.0
14763.72182,14763.720876433854,40485332190.0
3458.5857505,3458.581720824539,40485332190.0
6388.9483479,6388.94616647584,40485332190.0
5292.1624382,5292.159804717952,40485332190.0
10542.068438,10542.067116703938,40485332190.0
3878.3312966,3878.327703062441,40485332190.0
3704.7686225,3704.764860652793,40485332190.0
2228.6319577,2228.62570412495,40485332190.0
8536.8129939,8536.811361346261,40485332190.0
6650.0787284,6650.076632613556,40485332190.0
13317.697585,13317.696538805041,40485332190.0
4463.9873569,4463.984234806958,40485332190.0
1753.333642,1753.3256931845553,40485332190.0
5493.9693579,5493.966821086964,40485332190.0
8951.927826,8951.9262691144,40485332190.0
2820.6504923,2820.645551250812,40485332190.0
3777.1363434,3777.1326535951507,40485332190.0
3715.932751,3715.929000392026,40485332190.0
1688.2467045,1688.2384491085547,40485332190.0
2629.5392195,2629.533919369896,40485332190.0
3305.1154323,3305.1112155605224,40485332190.0
8105.6139399,8105.612220411021,40485332190.0
5628.1782389,5628.175762634027,40485332190.0
2843.8036643,2843.7987634060346,40485332190.0
3190.5290122,3190.5246439831694,40485332190.0
2315.1243173,2315.118297323349,40485332190.0
7195.2929009,7195.290963924967,40485332190.0
2973.3676245,2973.3629372207947,40485332190.0
1348.7900789,1348.779745941336,40485332190.0
13506.731102,13506.730070075455,40485332190.0
5127.0788856,5127.076167294257,40485332190.0
2122.9317524,2122.9251874405168,40485332190.0
1917.5131354,1917.5058670916007,40485332190.0
14514.68284,14514.681880121265,40485332190.0
5622.1440673,5622.141588341772,40485332190.0
7783.5442193,7783.542428705196,40485332190.0
2705.4360113,2705.4308598081475,40485332190.0
12862.418175,12862.41709063746,40485332190.0
7847.7989294,7847.797153443928,40485332190.0
3852.6879961,3852.6843786698164,40485332190.0
6843.5234566,6843.521420084652,40485332190.0
3281.2436457,3281.2393981405603,40485332190.0
4440.7295677,4440.726429222248,40485332190.0
989.49986043,989.4857754495932,40485332190.0
3370.1725626,3370.1684271622203,40485332190.0
6438.3075166,6438.30535183174,40485332190.0
8588.0440906,8588.042467771096,40485332190.0
5622.9400039,5622.937525242053,40485332190.0
855.49249002,855.4761986866023,40485332190.0
2573.4893503,2573.483934741395,40485332190.0
537.1657283,537.1397822703912,40485332190.0
5908.3857231,5908.383364224063,40485332190.0
1571.8132112,1571.8043443540719,40485332190.0
4157.0243363,4157.02098367467,40485332190.0
5252.6777714,5252.675118161105,40485332190.0
11323.946101,11323.944870197935,40485332190.0
1537.014087,1537.005019446812,40485332190.0
4501.9866752,4501.9835794657765,40485332190.0
8755.8541797,8755.852587955713,40485332190.0
2046.5271352,2046.5203251504458,40485332190.0
6009.4530901,6009.4507709844165,40485332190.0
8291.1019097,8291.100228740803,40485332190.0
617.77157022,617.7490097205871,40485332190.0
8089.3905395,8089.388816649963,40485332190.0
1071.7076848,1071.6946803309152,40485332190.0
321.45395958,321.4106005783794,40485332190.0
7517.4682947,7517.466440795152,40485332190.0
19220.085753,19220.08502864625,40485332190.0
2407.4498727,2407.4440836376334,40485332190.0
9479.8530896,9479.851619419085,40485332190.0
1991.9035725,1991.8965757336941,40485332190.0
1344.9430544,1344.9326917666278,40485332190.0
6305.9401201,6305.937910004887,40485332190.0
3720.1326102,3720.1288639059253,40485332190.0
829.39734599,829.3805420713427,40485332190.0
1092.6760535,1092.6632984726114,40485332190.0
2669.4446507,2669.439429827582,40485332190.0
2626.6345788,2626.629272808821,40485332190.0
1357.2615538,1357.251285360556,40485332190.0
8495.1115818,8495.10994123572,40485332190.0
1644.5706656,1644.5621910556288,40485332190.0
1118.5941327,1118.5816732497779,40485332190.0
3109.7662975,3109.7618157782485,40485332190.0
6999.7436927,6999.741701567504,40485332190.0
5084.2449493,5084.242208097481,40485332190.0
4501.9246817,4501.921585923465,40485332190.0
15346.791044,15346.790135946183,40485332190.0
3932.6099589,3932.606415005846,40485332190.0
3290.6059386,3290.6017031586325,40485332190.0
11626.030227,11626.029028238776,40485332190.0
7721.9508717,7721.949066850237,40485332190.0
10736.53154,10736.530241334702,40485332190.0
1533.470223,1533.4611345017947,40485332190.0
5950.8685951,5950.866253033243,40485332190.0
4414.6016219,4414.598464878529,40485332190.0
486.32462426,486.295965630506,40485332190.0
6408.3963672,6408.394192375114,40485332190.0
7956.3122909,7956.310539124873,40485332190.0
5134.8524386,5134.849724381624,40485332190.0
1464.0740394,1464.0645200510737,40485332190.0
6227.6465774,6227.644339475702,40485332190.0
2311.8617149,2311.8556864840875,40485332190.0
3742.0171678,3742.0134433257176,40485332190.0
3296.3216877,3296.317459665409,40485332190.0
2416.003671,2415.997902462722,40485332190.0
12001.410249,12001.409088527394,40485332190.0
387.78987733,387.75393614547687,40485332190.0
4970.1989066,4970.196102423307,40485332190.0
2988.2223096,2988.2176456748857,40485332190.0
905.98342968,905.9680462845519,40485332190.0
3327.7249792,3327.7207910777943,40485332190.0
3814.9763076,3814.972654401562,40485332190.0
9443.9398032,9443.938327455135,40485332190.0
2581.4509168,2581.4455179026977,40485332190.0
2761.0255088,2761.020461047935,40485332190.0
9135.4415625,9135.440036853868,40485332190.0
1062.2448606,1062.2317402435626,40485332190.0
5978.1927027,5978.190371363775,40485332190.0
2253.6542374,2253.6480531580146,40485332190.0
7439.136778,7439.134904547658,40485332190.0
622.49878272,622.4763935507991,40485332190.0
5223.0250717,5223.022403331059,40485332190.0
3871.1223783,3871.118778017218,40485332190.0
3984.5409925,3984.537494759624,40485332190.0
12398.20958,12398.208456217815,40485332190.0
1080.2585108,1080.2456091667268,40485332190.0
7434.2596249,7434.257750256094,40485332190.0
1324.9241011,1324.913581971515,40485332190.0
4608.3446011,4608.34157676314,40485332190.0
5255.6202074,5255.617555649909,40485332190.0
1849.9957535,1849.988219954585,40485332190.0
10290.561855,10290.560501229349,40485332190.0
2888.583506,2888.5786811876774,40485332190.0
4418.8541831,4418.851029203875,40485332190.0
3180.2316673,3180.2272848909506,40485332190.0
12362.840745,12362.839617687283,40485332190.0
3057.7787952,3057.7742373275755,40485332190.0
2741.3568722,2741.351788210711,40485332190.0
4210.8532017,4210.849892012937,40485332190.0
4155.211758,4155.208403903019,40485332190.0
5075.4462987,5075.443552788786,40485332190.0
5687.9050069,5687.902556681953,40485332190.0
4746.4471899,4746.444253686226,40485332190.0
14907.488892,14907.48795713977,40485332190.0
7235.2198184,7235.217892068575,40485332190.0
3646.4263268,3646.4225046381216,40485332190.0
1807.1101898,1807.1024774279138,40485332190.0
3765.5437409,3765.5400397278245,40485332190.0
2961.0487098,2961.044003064921,40485332190.0
5352.6685344,5352.66593060566,40485332190.0
6406.6089539,6406.606778556336,40485332190.0
10974.731868,10974.7305979781,40485332190.0
2364.2072354,2364.2013404001477,40485332190.0
1671.2731188,1671.2647796332217,40485332190.0
8312.8280998,8312.826423222545,40485332190.0
2838.4108993,2838.4059892059327,40485332190.0
12301.49569,12301.494557326798,40485332190.0
4807.617683,4807.614784013084,40485332190.0
14527.156089,14527.155129491572,40485332190.0
8820.1318307,8820.1302504883,40485332190.0
11182.037791,11182.03654506334,40485332190.0
2925.0628763,2925.0581115699783,40485332190.0
2373.1946066,2373.188733969254,40485332190.0
2393.7402337,2393.7344113844706,40485332190.0
2806.5955675,2806.590601622843,40485332190.0
1930.9600086,1930.9527909557967,40485332190.0
7165.0982062,7165.096261135043,40485332190.0
1037.833922,1037.8204929424141,40485332190.0
1048.2027774,1048.1894812843516,40485332190.0
1626.4045671,1626.3959979184992,40485332190.0
2978.8371318,2978.8324531431467,40485332190.0
2086.2574559,2086.2507755634256,40485332190.0
8736.5960106,8736.594415362939,40485332190.0
6406.8662377,6406.8640623006495,40485332190.0
2382.5659355,2382.5600858562652,40485332190.0
1970.783237,1970.7761651926926,40485332190.0
4771.4990142,4771.49609337381,40485332190.0
5908.6259024,5908.6235436036695,40485332190.0
3732.4162851,3732.4125510502313,40485332190.0
2872.7497962,2872.744944845989,40485332190.0
3171.6958474,3171.691453243711,40485332190.0
2618.5646315,2618.559309071114,40485332190.0
2121.5807402,2121.574171082488,40485332190.0
2116.3976719,2116.3910866726405,40485332190.0
2868.8237596,2868.818901520447,40485332190.0
1368.0227879,1368.0126001488084,40485332190.0
3452.1208918,3452.11685461121,40485332190.0
1601.1855965,1601.1768922872718,40485332190.0
14041.64928,14041.648288149541,40485332190.0
2952.4099767,2952.405256161289,40485332190.0
5351.9379154,5351.935311361029,40485332190.0
4018.0593414,4018.055872767285,40485332190.0
4020.8674874,4020.8640212520436,40485332190.0
1371.0434981,1371.033332839552,40485332190.0
2942.4950615,2942.49032495563,40485332190.0
1014.8325235,1014.8187901622872,40485332190.0
6512.4917436,6512.48960354011,40485332190.0
7336.3616953,7336.359795498258,40485332190.0
3922.1400512,3922.136497829554,40485332190.0
3798.3669528,3798.3632835320573,40485332190.0
4668.4289599,4668.425974530099,40485332190.0
16702.412184,16702.41135009905,40485332190.0
2586.2373173,2586.2319284280816,40485332190.0
11525.537977,11525.536767911444,40485332190.0
5009.427464,5009.424681785723,40485332190.0
1248.1290188,1248.1178523832675,40485332190.0
1812.5868444,1812.5791553997326,40485332190.0
4686.1177713,4686.114797179214,40485332190.0
5730.8402584,5730.837826554685,40485332190.0
349.13809707,349.09817653299075,40485332190.0
16098.383724,16098.382857693512,40485332190.0
2521.6076417,2521.6021146660687,40485332190.0
3071.2894856,3071.2849477732143,40485332190.0
1758.7718536,1758.7639292506772,40485332190.0
2171.5105834,2171.5041652749364,40485332190.0
3519.0030054,3518.999044890072,40485332190.0
6096.1639501,6096.161663903761,40485332190.0
8813.2528877,8813.251306345113,40485332190.0
3115.0072967,3115.002822521619,40485332190.0
1509.0556021,1509.0463664760382,40485332190.0
6118.1909384,6118.18866042152,40485332190.0
20702.530793,20702.530120387633,40485332190.0
2606.2744449,2606.269097426828,40485332190.0
3374.4216436,3374.417513387776,40485332190.0
2824.0392912,2824.0343560626584,40485332190.0
15137.515115,15137.51419382239,40485332190.0
2673.271608,2673.2663945547047,40485332190.0
7504.9262576,7504.924400503031,40485332190.0
3920.8548455,3920.851290916063,40485332190.0
10422.817414,10422.816076214689,40485332190.0
2694.6799926,2694.67482057152,40485332190.0
9088.6111978,9088.609664406147,40485332190.0
6397.6485501,6397.646371680252,40485332190.0
3067.9382057,3067.933662857994,40485332190.0
4941.2601055,4941.257284922287,40485332190.0
12747.077534,12747.076440288869,40485332190.0
2588.89527,2588.889886575867,40485332190.0
9263.7384606,9263.73695620776,40485332190.0
4170.9236174,4170.920275889698,40485332190.0
7066.8270559,7066.825083655984,40485332190.0
1449.1909199,1449.1813028389595,40485332190.0
3738.0827338,3738.0790053361475,40485332190.0
6845.605429,6845.603393093484,40485332190.0
770.75860095,770.7405185765733,40485332190.0
7270.1440159,7270.142098916001,40485332190.0
8280.7128616,8280.71117853844,40485332190.0
10900.713836,10900.7125569465,40485332190.0
12322.701642,12322.700511493074,40485332190.0
3279.7888138,3279.7845644356585,40485332190.0
2948.5389698,2948.534242987674,40485332190.0
13865.294018,13865.293012880824,40485332190.0
2612.2858842,2612.2805490001992,40485332190.0
7799.7705209,7799.768734109207,40485332190.0
2311.9243424,2311.9183141179765,40485332190.0
4507.207628,4507.204535906324,40485332190.0
2667.1898064,2667.18458102622,40485332190.0
8344.4564361,8344.454765820119,40485332190.0
3466.1701043,3466.166083451732,40485332190.0
1191.3461733,1191.334474736858,40485332190.0
3103.5515623,3103.5470715724637,40485332190.0
12167.241996,12167.240850227916,40485332190.0
1524.2123632,1524.2032194196954,40485332190.0
3666.3281617,3666.3243602814487,40485332190.0
2454.0142689,2454.0085896208093,40485332190.0
1451.2851174,1451.275514223655,40485332190.0
7656.6004313,7656.5986110473295,40485332190.0
3282.1290002,3282.124753866674,40485332190.0
591.58149413,591.5579348048332,40485332190.0
5030.0710889,5030.068318126233,40485332190.0
4691.8793475,4691.876377117668,40485332190.0
4135.3830601,4135.379689834218,40485332190.0
11830.930451,11830.92927292056,40485332190.0
1280.5737256,1280.562842174497,40485332190.0
3341.3667458,3341.3625747702404,40485332190.0
1335.0014989,1334.9910591335206,40485332190.0
4108.7222894,4108.71889735181,40485332190.0
2356.8499771,2356.844063677054,40485332190.0
9162.4392072,9162.437686110685,40485332190.0
5691.0944729,5691.092024005125,40485332190.0
1720.4166216,1720.4085207382302,40485332190.0
3470.5161161,3470.5121001812013,40485332190.0
2698.9495872,2698.944423337057,40485332190.0
4792.451573,4792.448664941458,40485332190.0
4188.974115,4188.970787950965,40485332190.0
6754.9619785,6754.959915316668,40485332190.0
4846.4390659,4846.436190206472,40485332190.0
3483.1077105,3483.1037092309325,40485332190.0
4981.4017267,4981.398928914239,40485332190.0
1901.1684159,1901.161085105368,40485332190.0
4745.0996708,4745.0967337314605,40485332190.0
3114.6200105,3114.6155358394767,40485332190.0
22389.554593,22389.553969952707,40485332190.0
7357.246595,7357.244700714848,40485332190.0
4808.2307227,4808.227824182154,40485332190.0
5592.2888778,5592.286385597769,40485332190.0
1719.7799933,1719.7718893445585,40485332190.0
6694.1040252,6694.101943242802,40485332190.0
2903.4512092,2903.446409117285,40485332190.0
3119.8720807,3119.8676135856704,40485332190.0
8453.9768121,8453.97516356526,40485332190.0
9210.4835357,9210.48202255129,40485332190.0
5295.8619504,5295.859318720336,40485332190.0
6685.2518321,6685.249747370009,40485332190.0
12434.441482,12434.440361395615,40485332190.0
3663.0850121,3663.0812073765137,40485332190.0
5497.4781872,5497.4756520199035,40485332190.0
337.33230419,337.29098636892036,40485332190.0
1317.2578321,1317.2472516972248,40485332190.0
1924.2344895,1924.2272466197796,40485332190.0
2999.4766072,2999.471960706804,40485332190.0
14383.996565,14383.995596328257,40485332190.0
7928.8702437,7928.8684859698005,40485332190.0
8240.2444457,8240.242754302559,40485332190.0
14669.842301,14669.841350906736,40485332190.0
6910.4708871,6910.468870258536,40485332190.0
3341.2138141,3341.2096429091766,40485332190.0
2471.7387573,2471.7331187413356,40485332190.0
7033.9081019,7033.906120496834,40485332190.0
20160.752433,20160.751740821357,40485332190.0
4805.1553132,4805.152412859212,40485332190.0
1208.6471196,1208.635588533667,40485332190.0
7521.9754595,7521.973606689048,40485332190.0
3652.1612543,3652.157438164424,40485332190.0
4443.0621533,4443.059016446711,40485332190.0
3845.0343173,3845.030692634895,40485332190.0
4442.0218112,4442.018673741126,40485332190.0
642.72131632,642.6996316234996,40485332190.0
5043.659811,5043.657047735693,40485332190.0
1158.7211432,1158.7091152082796,40485332190.0
5412.9925574,5412.989982661428,40485332190.0
3613.2628038,3613.258946540069,40485332190.0
2550.8242993,2550.81883558012,40485332190.0
2246.2990209,2246.2928164568175,40485332190.0
1618.0404019,1618.0317884426058,40485332190.0
1406.9957148,1406.9858093067749,40485332190.0
1281.1431865,1281.1323079274719,40485332190.0
710.03500735,710.015378501486,40485332190.0
3316.6376048,3316.6334025758174,40485332190.0
8052.8426245,8052.840893791995,40485332190.0
2255.6348835,2255.6287047203846,40485332190.0
1884.2526996,1884.245303055777,40485332190.0
9608.4154258,9608.413975336598,40485332190.0
14913.363937,14913.36300305406,40485332190.0
1189.1296953,1189.1179749085245,40485332190.0
1522.4549045,1522.4457500996723,40485332190.0
6828.3797969,6828.377755889476,40485332190.0
2056.2101615,2056.203383514499,40485332190.0
2088.6678781,2088.661205390659,40485332190.0
1325.448076,1325.4375610271163,40485332190.0
2244.4844661,2244.4782566511158,40485332190.0
3076.4169972,3076.4124669928715,40485332190.0
4032.158205,4032.15474853032,40485332190.0
2872.2300558,2872.2252034240746,40485332190.0
1818.2795527,1818.2718877217226,40485332190.0
625.00721528,624.9849159633236,40485332190.0
8165.8260813,8165.824374621826,40485332190.0
2419.3891442,2419.3833836562194,40485332190.0
11446.349032,11446.347814117351,40485332190.0
9493.2705094,9493.269041309197,40485332190.0
3574.0714032,3574.067503693871,40485332190.0
1607.432835,1607.4241646864905,40485332190.0
4999.3167628,4999.313974998429,40485332190.0
7827.1103391,7827.108558524906,40485332190.0
629.26982908,629.2476808210341,40485332190.0
3597.6846237,3597.6807498927164,40485332190.0
4194.1507261,4194.14740312751,40485332190.0
4884.8026555,4884.79980234262,40485332190.0
2903.5413393,2903.536539312189,40485332190.0
2205.0288709,2205.022550351443,40485332190.0
2262.2508572,2262.244696540257,40485332190.0
3621.9121415,3621.9082935618335,40485332190.0
9345.1640417,9345.162550270546,40485332190.0
1728.7272198,1728.7191578469146,40485332190.0
2210.1909902,2210.1846844549773,40485332190.0
647.38169181,647.3601632211758,40485332190.0
11560.244869,11560.24366341628,40485332190.0
2354.8095072,2354.803588691086,40485332190.0
3475.4709644,3475.4669543826817,40485332190.0
1584.6084833,1584.5996881023343,40485332190.0
4740.7281111,4740.725171284215,40485332190.0
9841.5214196,9841.520003394711,40485332190.0
4443.5827325,4443.579595996685,40485332190.0
2146.1662006,2146.159706692575,40485332190.0
1515.0456066,1515.0364076030835,40485332190.0
1883.6472559,1883.6398569613693,40485332190.0
7461.5549604,7461.553092541889,40485332190.0
904.05921457,904.0437984329861,40485332190.0
1389.6101491,1389.6001196976933,40485332190.0
4212.1679488,4212.164640001734,40485332190.0
7004.3803403,7004.378350590625,40485332190.0
5886.2454082,5886.243040490676,40485332190.0
2090.6469784,2090.6403120513073,40485332190.0
5025.0653037,5025.062530207008,40485332190.0
945.9853695,945.9706366172472,40485332190.0
2668.8900982,2668.8848761698287,40485332190.0
5833.0780227,5833.075633451977,40485332190.0
6027.043134,6027.040821580204,40485332190.0
2179.1982363,2179.1918407813723,40485332190.0
1902.1045177,1902.0971905916488,40485332190.0
1787.4102622,1787.4024648951267,40485332190.0
9091.4083484,9091.406815443583,40485332190.0
2755.7786122,2755.7735548326473,40485332190.0
4743.8429345,4743.8399965944345,40485332190.0
9209.3613093,9209.35979593675,40485332190.0
9391.8131078,9391.811623836484,40485332190.0
13753.863208,13753.862194766987,40485332190.0
6729.7137186,6729.711647686791,40485332190.0
12828.223466,12828.222378939312,40485332190.0
2838.3995624,2838.3946522547117,40485332190.0
1423.0604594,1423.0506656765822,40485332190.0
3297.3058035,3297.3015767570882,40485332190.0
1878.5606684,1878.553249347649,40485332190.0
17127.664688,17127.663874597725,40485332190.0
3740.1580781,3740.154351790356,40485332190.0
4863.9465726,4863.943707265472,40485332190.0
5870.1221263,5870.119752079033,40485332190.0
5517.1831028,5517.1805766344505,40485332190.0
7119.6787877,7119.676830134395,40485332190.0
9322.1436814,9322.142186333667,40485332190.0
12253.800622,12253.799483834753,40485332190.0
6546.5023971,6546.500268159062,40485332190.0
3762.1422366,3762.138532034884,40485332190.0
14532.07727,14532.076311384471,40485332190.0
11901.2508,11901.249628500687,40485332190.0
6081.0228394,6081.020547541377,40485332190.0
5401.7471138,5401.744533707334,40485332190.0
3853.4365671,3853.43295026428,40485332190.0
4338.5246393,4338.521427012652,40485332190.0
2547.7674728,2547.762002480048,40485332190.0
1040.5112591,1040.4978646971708,40485332190.0
5579.0030419,5579.000543834513,40485332190.0
3829.262939,3829.259299399526,40485332190.0
1040.6809099,1040.667517645446,40485332190.0
257.00362193,256.94938747412874,40485332190.0
2489.3717438,2489.3661452349875,40485332190.0
3651.8867986,3651.8829822586613,40485332190.0
3138.992662,3138.9882220400523,40485332190.0
899.52081989,899.5053259729223,40485332190.0
5528.453201,5528.450680033352,40485332190.0
2599.8068672,2599.8015064237657,40485332190.0
589.03638629,589.0127251581268,40485332190.0
2768.4684332,2768.4633989984713,40485332190.0
6225.7726693,6225.770430616369,40485332190.0
4347.5753217,4347.5721160238345,40485332190.0
5092.3585746,5092.355837753337,40485332190.0
5463.2229829,5463.2204318649265,40485332190.0
2970.0511991,2970.046506668436,40485332190.0
1376.8469125,1376.8367900404537,40485332190.0
2843.703628,2843.6987270343834,40485332190.0
8783.5949234,8783.59333661748,40485332190.0
4789.8193497,4789.816439989838,40485332190.0
851.39616229,851.3797925777078,40485332190.0
3193.4427341,3193.43836977211,40485332190.0
2450.7927692,2450.7870824302095,40485332190.0
3872.8561218,3872.8525231661984,40485332190.0
7879.7387963,7879.737027571114,40485332190.0
5502.1441139,5502.141580898178,40485332190.0
4574.4687909,4574.465744143569,40485332190.0
4886.2050009,4886.202148567254,40485332190.0
5602.9368386,5602.934351110896,40485332190.0
2308.6867398,2308.680703065843,40485332190.0
4156.0078498,4156.004496351672,40485332190.0
4739.6869505,4739.68401006314,40485332190.0
7857.2378509,7857.236077103326,40485332190.0
2908.160694,2908.155901584652,40485332190.0
6692.8803872,6692.878304815218,40485332190.0
2853.0908777,2853.085992802734,40485332190.0
10232.422186,10232.42082370281,40485332190.0
1816.770054,1816.7623827145699,40485332190.0
6494.2381386,6494.235992543144,40485332190.0
2160.0553304,2160.048878209082,40485332190.0
4178.7322539,4178.728918637098,40485332190.0
3479.0384438,3479.0344378295754,40485332190.0
10995.255005,10995.253737829915,40485332190.0
4845.5039407,4845.501064353327,40485332190.0
5721.1429788,5721.140542677706,40485332190.0
12344.880698,12344.87956890185,40485332190.0
3531.7059577,3531.702011470791,40485332190.0
1565.0315479,1565.0226426199422,40485332190.0
1201.1057363,1201.0941327928558,40485332190.0
6974.0664115,6974.06441317254,40485332190.0
3063.5457567,3063.541207376088,40485332190.0
4243.0228939,4243.0196092502165,40485332190.0
5898.6529913,5898.650628509246,40485332190.0
2664.1179187,2664.1126874177003,40485332190.0
3633.5796925,3633.5758568755364,40485332190.0
2517.2291111,2517.223574415738,40485332190.0
12710.822159,12710.821061901635,40485332190.0
5535.2276592,5535.225141346499,40485332190.0
10278.342341,10278.34098526066,40485332190.0
8222.2312715,8222.229576519785,40485332190.0
2374.6592778,2374.653408811056,40485332190.0
4743.1994493,4743.196511028859,40485332190.0
2995.6535376,2995.6488852084394,40485332190.0
2809.8574087,2809.8524486807205,40485332190.0
10952.502589,10952.501316553593,40485332190.0
344.3722409,344.33176783145603,40485332190.0
12702.51623,12702.515132792576,40485332190.0
1913.1985965,1913.1913118634595,40485332190.0
1356.1261293,1356.1158521934167,40485332190.0
7496.2843946,7496.282535424565,40485332190.0
6932.8956143,6932.893604090892,40485332190.0
9684.7782561,9684.776817056472,40485332190.0
1150.1166751,1150.1045571074865,40485332190.0
2830.2476411,2830.2427168009867,40485332190.0
3919.3013123,3919.2977562866663,40485332190.0
1871.4560514,1871.4486042082835,40485332190.0
1700.6500096,1700.6418144950276,40485332190.0
4493.7202553,4493.717153833319,40485332190.0
4614.2108778,4614.207857317604,40485332190.0
10471.887387,10471.886055599414,40485332190.0
4186.6390155,4186.635686545276,40485332190.0
2521.5403695,2521.5348423433875,40485332190.0
2826.4566572,2826.4517263222497,40485332190.0
1728.115821,1728.1077561248055,40485332190.0
1863.0296381,1863.0221572546375,40485332190.0
5033.1461752,5033.143406248433,40485332190.0
4752.580502,4752.577569499846,40485332190.0
5614.3541886,5614.351706209313,40485332190.0
1334.9607995,1334.9503594557618,40485332190.0
3132.8376183,3132.8331696521554,40485332190.0
1342.6961464,1342.6857664714366,40485332190.0
6497.8406848,6497.838539872131,40485332190.0
1846.9642645,1846.9567186142283,40485332190.0
4529.8245119,4529.821435166425,40485332190.0
8241.979348,8241.977656950088,40485332190.0
2453.4979314,2453.492250900843,40485332190.0
3379.0623163,3379.058191766932,40485332190.0
2317.2744492,2317.2684347874965,40485332190.0
1904.9485495,1904.9412332249842,40485332190.0
2063.1356133,2063.1288580393457,40485332190.0
2336.91496,2336.908996145545,40485332190.0
187.95656962,187.88240497686175,40485332190.0
10115.800636,10115.799258494184,40485332190.0
6366.6148452,6366.6126560799885,40485332190.0
2634.1644632,2634.1591723972238,40485332190.0
5242.936784,5242.934125731723,40485332190.0
8255.1443115,8255.142623292464,40485332190.0
4672.9169821,4672.913999619734,40485332190.0
1009.3074382,1009.2936296782165,40485332190.0
3703.8279029,3703.824140060348,40485332190.0
7087.2602632,7087.258296693326,40485332190.0
4201.0323478,4201.029030282009,40485332190.0
2998.8140585,2998.809411045464,40485332190.0
10001.807065,10001.805671373219,40485332190.0
8616.0945863,8616.092968744093,40485332190.0
2557.9943552,2557.988906781553,40485332190.0
7331.5234308,7331.521529843574,40485332190.0
13632.838762,13632.837739286086,40485332190.0
1367.1824596,1367.1722656056286,40485332190.0
1742.2151413,1742.20714175637,40485332190.0
11894.924138,11894.922965996586,40485332190.0
3455.3381421,3455.3341087016056,40485332190.0
2599.4782057,2599.4728441711827,40485332190.0
13746.799136,13746.798122923366,40485332190.0
9535.4021067,9535.4006450444,40485332190.0
1866.8194756,1866.8120100329543,40485332190.0
1824.9482982,1824.9406612325329,40485332190.0
10124.323076,10124.32169900282,40485332190.0
3160.6203877,3160.6159781105393,40485332190.0
1778.2663151,1778.2584777172176,40485332190.0
4565.7858682,4565.782815687638,40485332190.0
4276.8289653,4276.8257066012275,40485332190.0
1310.9675832,1310.956952128118,40485332190.0
7807.5251108,7807.523325780866,40485332190.0
11894.625612,11894.624440540796,40485332190.0
5227.9537178,5227.95105194956,40485332190.0
2260.4343247,2260.4281590545856,40485332190.0
1374.4153471,1374.405206789075,40485332190.0
4155.4335017,4155.430147835772,40485332190.0
5512.7395388,5512.737010748404,40485332190.0
4968.6482372,4968.645432216614,40485332190.0
2225.2611685,2225.2549055108684,40485332190.0
3695.3756063,3695.371834784631,40485332190.0
3652.6536828,3652.6498671943455,40485332190.0
9108.197662,9108.196131770206,40485332190.0
1451.1550786,1451.1454744739679,40485332190.0
2428.5474168,2428.5416779571456,40485332190.0
1435.4578154,1435.4481062252655,40485332190.0
5653.2774512,5653.274985940571,40485332190.0
4319.3796684,4319.376441839425,40485332190.0
1532.7957991,1532.7867065315218,40485332190.0
1879.9465561,1879.9391425765307,40485332190.0
8205.0464885,8205.044789943415,40485332190.0
990.20576631,990.1916913681723,40485332190.0
2090.6739611,2090.6672948794585,40485332190.0
6476.9468852,6476.944733509023,40485332190.0
7422.0592244,7422.05734667231,40485332190.0
4188.867462,4188.864134880499,40485332190.0
1050.9790329,1050.9657719070028,40485332190.0
8178.7224072,8178.720703158407,40485332190.0
5704.1399323,5704.137488980132,40485332190.0
11339.31399,11339.312760775547,40485332190.0
10454.598022,10454.596688969115,40485332190.0
3971.2434004,3971.2398909613803,40485332190.0
2830.2945777,2830.289653399443,40485332190.0
3749.1485513,3749.1448338946225,40485332190.0
8276.4949443,8276.493260309902,40485332190.0
6071.0416714,6071.039375753586,40485332190.0
1660.5026994,1660.4943061564454,40485332190.0
2805.0084798,2805.0035111299767,40485332190.0
5403.1290483,5403.126468825837,40485332190.0
14543.785737,14543.784778716428,40485332190.0
3352.8884633,3352.884306578356,40485332190.0
1128.5992903,1128.5869413029795,40485332190.0
257.54659082,257.492470724119,40485332190.0
1438.1532062,1438.1435153361915,40485332190.0
8173.0300901,8173.028384881827,40485332190.0
2632.3508705,2632.3455760069837,40485332190.0
16677.863288,16677.862452828733,40485332190.0
6813.3819518,6813.3799062587905,40485332190.0
3530.4773746,3530.473426980662,40485332190.0
3477.164108,3477.1600998240856,40485332190.0
833.79945192,833.7827367215042,40485332190.0
992.12960028,992.1155526354574,40485332190.0
2123.2023154,2123.195751254035,40485332190.0
10852.560812,10852.559527457437,40485332190.0
5508.6720381,5508.6695080018635,40485332190.0
1036.9150984,1036.9016574993732,40485332190.0
14600.607013,14600.606058131412,40485332190.0
844.02099893,844.0044861656626,40485332190.0
850.91034904,850.8939699672937,40485332190.0
3324.3183211,3324.3141287082212,40485332190.0
5650.9253516,5650.922885267243,40485332190.0
3222.1986117,3222.1942864277703,40485332190.0
16218.372221,16218.371362002934,40485332190.0
4338.6675783,4338.664365950651,40485332190.0
667.78675843,667.7658876964078,40485332190.0
2298.691078,2298.685015033865,40485332190.0
2986.400828,2986.396161181576,40485332190.0
5379.9290739,5379.926483271331,40485332190.0
1436.9246083,1436.9149091045974,40485332190.0
1365.6252683,1365.6150627209545,40485332190.0
3894.928,3894.9244217354885,40485332190.0
8206.8874684,8206.885770134799,40485332190.0
5390.6586986,5390.6561132726565,40485332190.0
5449.7547499,5449.752192529143,40485332190.0
553.51774026,553.4925607579389,40485332190.0
5587.5131873,5587.5106929995945,40485332190.0
7704.4654513,7704.463642353222,40485332190.0
2123.3441614,2123.33759772576,40485332190.0
7450.1301329,7450.128262198932,40485332190.0
7780.4812034,7780.479412144483,40485332190.0
905.386296,905.3709024630708,40485332190.0
15275.910234,15275.909321748339,40485332190.0
5284.3850593,5284.382421927941,40485332190.0
847.11077005,847.0943175172706,40485332190.0
1853.5671197,1853.5596007401655,40485332190.0
13567.452439,13567.451412035221,40485332190.0
2144.5140718,2144.507572910787,40485332190.0
2373.9529402,2373.9470694299816,40485332190.0
6614.5246247,6614.522517659799,40485332190.0
4216.0421864,4216.038880699938,40485332190.0
8517.651901,8517.650264802294,40485332190.0
968.67748047,968.6630927212796,40485332190.0
7851.646023,7851.644248053282,40485332190.0
14914.2695,14914.268564972343,40485332190.0
3927.0879734,3927.084424476267,40485332190.0
2591.8756055,2591.870228325383,40485332190.0
3341.3896797,3341.385508624801,40485332190.0
6247.353385,6247.351154159616,40485332190.0
4662.8811049,4662.878115981407,40485332190.0
1570.3173636,1570.3084883098977,40485332190.0
3732.1960728,3732.192338526111,40485332190.0
2287.9444608,2287.9383692746937,40485332190.0
3467.4061445,3467.4021251247423,40485332190.0
1892.2348672,1892.2275018927717,40485332190.0
4108.8287129,4108.825320940109,40485332190.0
1377.6243613,1377.6142445915814,40485332190.0
2756.9011427,2756.896087342391,40485332190.0
6402.7827651,6402.78058844232,40485332190.0
3635.394835,3635.3910013061804,40485332190.0
7748.8618921,7748.860093508246,40485332190.0
3299.0467843,3299.0425597560275,40485332190.0
3079.5783986,3079.5738729725676,40485332190.0
4324.843945,4324.840722484261,40485332190.0
1207.0895832,1207.078037205057,40485332190.0
4070.9504816,4070.947058048232,40485332190.0
4037.7983513,4037.7948996555456,40485332190.0
7371.5687289,7371.566838267106,40485332190.0
1345.7732422,1345.7628861215028,40485332190.0
11792.294601,11792.293419568296,40485332190.0
3048.5852836,3048.5807119385017,40485332190.0
6735.5114358,6735.50936661245,40485332190.0
7861.5250703,7861.523297468626,40485332190.0
3044.7676305,3044.7630531599684,40485332190.0
12374.142358,12374.141231486574,40485332190.0
7888.3030378,7888.301271023848,40485332190.0
6838.6757681,6838.673730104129,40485332190.0
1918.7053792,1918.6981154696973,40485332190.0
6822.343744,6822.341701141927,40485332190.0
1759.4925879,1759.484666920214,40485332190.0
3161.6165144,3161.6121062038696,40485332190.0
3213.7386718,3213.7343350557626,40485332190.0
14086.196146,14086.195156685877,40485332190.0
3557.7553856,3557.751468203141,40485332190.0
1569.3911449,1569.382264430251,40485332190.0
5168.1803684,5168.177671663261,40485332190.0
1888.8012817,1888.7939029206593,40485332190.0
2723.7444363,2723.7393195059512,40485332190.0
1994.6777997,1994.670812571271,40485332190.0
637.03640147,637.0145232523807,40485332190.0
6689.0181831,6689.016099524546,40485332190.0
1449.1960166,1449.1863995132426,40485332190.0
15549.793376,15549.79247965893,40485332190.0
4635.738648,4635.735641554298,40485332190.0
11553.776019,11553.774812691088,40485332190.0
3412.7396274,3412.7355436524217,40485332190.0
10652.391968,10652.390658903814,40485332190.0
5402.8072305,5402.804650879779,40485332190.0
1509.6348728,1509.6256407272085,40485332190.0
7029.1051029,7029.103120138145,40485332190.0
2403.5613357,2403.5555372333724,40485332190.0
4188.4222333,4188.418905800102,40485332190.0
2813.0327118,2813.0277573125686,40485332190.0
1628.8368268,1628.828270374411,40485332190.0
408.83166367,408.7975724672482,40485332190.0
3145.1739335,3145.16950229557,40485332190.0
3593.5642704,3593.5603920694925,40485332190.0
3892.0113662,3892.007785213295,40485332190.0
3231.6713362,3231.667023585632,40485332190.0
3876.2368022,3876.233206769066,40485332190.0
807.00711344,806.9898432861806,40485332190.0
2752.5986319,2752.5935686201465,40485332190.0
1210.8939617,1210.882451946391,40485332190.0
4629.1022075,4629.09919672774,40485332190.0
4837.0302682,4837.027386900316,40485332190.0
11367.635033,11367.633806907546,40485332190.0
10866.473525,10866.47224235135,40485332190.0
5088.7887201,5088.785981395341,40485332190.0
5580.1960691,5580.193571429037,40485332190.0
2424.9509248,2424.945177450433,40485332190.0
3082.2343849,3082.2298631296544,40485332190.0
1257.8108612,1257.799780758418,40485332190.0
12219.860493,12219.85935297651,40485332190.0
6949.7744001,6949.772394751575,40485332190.0
6368.6477769,6368.645588612472,40485332190.0
3417.439505,3417.4354267312365,40485332190.0
8040.3965339,8040.394800491896,40485332190.0
5925.8251481,5925.822796128752,40485332190.0
7431.6649004,7431.663025126099,40485332190.0
2197.1767022,2197.170359038722,40485332190.0
1776.500487,1776.4926417198903,40485332190.0
4814.1622621,4814.159367058432,40485332190.0
771.63194478,771.61388287636,40485332190.0
1283.7787196,1283.7678634128508,40485332190.0
1909.9262519,1909.918954755607,40485332190.0
2615.0650413,2615.0597118251662,40485332190.0
917.02800916,917.0128110366961,40485332190.0
1535.1446893,1535.1356106791723,40485332190.0
3234.5127871,3234.5084782526064,40485332190.0
3714.8069128,3714.8031610926596,40485332190.0
2329.5690276,2329.5630449329865,40485332190.0
3059.2873569,3059.2828012150976,40485332190.0
2280.5796307,2280.573519612163,40485332190.0
956.68741995,956.672851887699,40485332190.0
829.01311055,828.9962988496583,40485332190.0
4760.083809,4760.080881115775,40485332190.0
3662.456716,3662.4529105489733,40485332190.0
7449.8979815,7449.896110756797,40485332190.0
7560.1388559,7560.137012421244,40485332190.0
2497.5710448,2497.565464618677,40485332190.0
8874.9588621,8874.957291779354,40485332190.0
14506.278489,14506.277528896177,40485332190.0
6035.670359,6035.668049898273,40485332190.0
941.40114167,941.386337042916,40485332190.0
10875.348789,10875.347507269222,40485332190.0
956.76483871,956.7502718137226,40485332190.0
2841.0000057,2840.9950999993466,40485332190.0
2598.2417882,2598.2364242094636,40485332190.0
1808.9669123,1808.9592079121273,40485332190.0
2328.8607096,2328.8547251862656,40485332190.0
9896.3911664,9896.389758085234,40485332190.0
4030.8009047,4030.797447147372,40485332190.0
6097.9220522,6097.919766663835,40485332190.0
15974.280767,15974.279894285195,40485332190.0
2143.6520223,2143.6455207399295,40485332190.0
1284.5403566,1284.529506740271,40485332190.0
9771.9234559,9771.922029601514,40485332190.0
2741.9826169,2741.9775341368163,40485332190.0
483.21738483,483.18854191495734,40485332190.0
5468.2484449,5468.245896213117,40485332190.0
3263.816396,3263.8121258746737,40485332190.0
961.36433406,961.3498368641118,40485332190.0
2202.5335461,2202.5272183677785,40485332190.0
2242.6139537,2242.607739152512,40485332190.0
1255.7312442,1255.7201454187993,40485332190.0
3198.6452568,3198.6408996012383,40485332190.0
7517.8083404,7517.80648656069,40485332190.0
2707.234454,2707.2293058954474,40485332190.0
2272.8141189,2272.807986822591,40485332190.0
5526.37013,5526.367608157655,40485332190.0
3850.4455239,3850.4419043074354,40485332190.0
8076.7680171,8076.76629156568,40485332190.0
6605.9751596,6605.973049847572,40485332190.0
2269.6352933,2269.6291527329413,40485332190.0
4051.8627957,4051.8593560060494,40485332190.0
2151.4177539,2151.4112758376673,40485332190.0
8573.0746004,8573.072974638937,40485332190.0
3274.7550489,3274.7507930591705,40485332190.0
4527.3409961,4527.33791764737,40485332190.0
10457.87732,10457.875987485379,40485332190.0
8186.016759,8186.015056485584,40485332190.0
3765.5770854,3765.5733842729055,40485332190.0
4193.1186276,4193.115303798483,40485332190.0
4602.7229173,4602.719889297774,40485332190.0
10235.844323,10235.842961124426,40485332190.0
1961.8580041,1961.8509001966588,40485332190.0
2645.7358775,2645.730609762803,40485332190.0
3557.2129101,3557.208992156417,40485332190.0
8682.0382484,8682.036643129366,40485332190.0
3554.1667092,3554.1627878516756,40485332190.0
4730.1835501,4730.180603681141,40485332190.0
5362.5212765,5362.518677508939,40485332190.0
3198.3521131,3198.3477555369345,40485332190.0
2275.6425458,2275.6364213443335,40485332190.0
5071.116613,5071.113864688649,40485332190.0
5464.3189527,5464.316402105116,40485332190.0
4418.173719,4418.170564532702,40485332190.0
2503.5925034,2503.5869365880226,40485332190.0
2360.2167789,2360.2108739994414,40485332190.0
4060.820165,4060.8167329294433,40485332190.0
4708.9597788,4708.956819201117,40485332190.0
12946.352144,12946.351068168757,40485332190.0
2753.857443,2753.852382042791,40485332190.0
1044.9351752,1044.9218374901136,40485332190.0
5536.2543848,5536.251867390787,40485332190.0
7073.9127128,7073.910742579641,40485332190.0
10614.372627,10614.371313698448,40485332190.0
2583.0070003,2583.001604674349,40485332190.0
4226.0770792,4226.07378128124,40485332190.0
7551.4059846,7551.404138994187,40485332190.0
2230.3626782,2230.3564294184985,40485332190.0
5823.5260093,5823.5236160969225,40485332190.0
2652.6377665,2652.6325124364894,40485332190.0
1526.0561603,1526.0470276403535,40485332190.0
4926.7032224,4926.700393476056,40485332190.0
1466.7005447,1466.6910423295703,40485332190.0
952.99681008,952.9821855981464,40485332190.0
868.61223389,868.5961886286512,40485332190.0
746.67916541,746.6604998875172,40485332190.0
2069.1210901,2069.114354337057,40485332190.0
2566.3015184,2566.296087632846,40485332190.0
1458.046577,1458.0370182735273,40485332190.0
2757.4257853,2757.420730881784,40485332190.0
5376.9714172,5376.968825224188,40485332190.0
1513.5504776,1513.5412695249988,40485332190.0
1054.2861735,1054.272954040195,40485332190.0
2307.724507,2307.718467631374,40485332190.0
5029.9582468,5029.955475971919,40485332190.0
3828.4810007,3828.4773603693097,40485332190.0
3441.2656838,3441.261633827676,40485332190.0
12752.429409,12752.428315827576,40485332190.0
5392.4068799,5392.40429527464,40485332190.0
1997.2178633,1997.2108850938505,40485332190.0
2755.5135405,2755.5084826958437,40485332190.0
826.87273786,826.8558826391177,40485332190.0
2541.5960293,2541.590545771176,40485332190.0
2661.2197498,2661.2145126672453,40485332190.0
4326.6997274,4326.696506197328,40485332190.0
1728.1229402,1728.1148753673854,40485332190.0
6105.8828317,6105.880549090367,40485332190.0
2229.8709053,2229.8646551324596,40485332190.0
3477.4322352,3477.428227385833,40485332190.0
1202.5428805,1202.5312908523604,40485332190.0
5264.7836753,5264.781028175158,40485332190.0
7590.5492174,7590.5473812585715,40485332190.0
11182.910419,11182.90917222063,40485332190.0
1645.256465,1645.2479939949628,40485332190.0
2637.20022,2637.194935181454,40485332190.0
800.96479121,800.947390781177,40485332190.0
8758.259757,8758.25816574149,40485332190.0
10925.764994,10925.76371783434,40485332190.0
8412.1373025,8412.13564570254,40485332190.0
12679.817476,12679.81637658528,40485332190.0
7137.3391247,7137.337172023629,40485332190.0
8017.4019911,8017.4002527768025,40485332190.0
8889.8841743,8889.882606522393,40485332190.0
1774.1749683,1774.1671127926559,40485332190.0
4968.5724771,4968.569672057051,40485332190.0
484.82415784,484.79541052660176,40485332190.0
4769.0912192,4769.088296864979,40485332190.0
2941.1033979,2941.098659127004,40485332190.0
4196.1043755,4196.101054003351,40485332190.0
6679.3719322,6679.369845547771,40485332190.0
7889.6299875,7889.628221005156,40485332190.0
3308.2747475,3308.270534720573,40485332190.0
6540.8980005,6540.8958697042945,40485332190.0
1459.2182857,1459.2087347338943,40485332190.0
3611.8753426,3611.8714839517747,40485332190.0
6605.227948,6605.225837957851,40485332190.0
516.205613,516.1786133966375,40485332190.0
13324.857072,13324.856025962783,40485332190.0
2571.2710001,2571.2655798692113,40485332190.0
4566.7997957,4566.796743864746,40485332190.0
4813.4299882,4813.427092770516,40485332190.0
2755.8683469,2755.8632897194057,40485332190.0
4594.4441667,4594.441133243053,40485332190.0
1365.3483785,1365.33817081376,40485332190.0
416.58806658,416.5546101754315,40485332190.0
2097.5093049,2097.5026603877727,40485332190.0
2363.5093302,2363.5034334145384,40485332190.0
2823.8809985,2823.876063181772,40485332190.0
582.24689059,582.2229535476612,40485332190.0
4619.6135788,4619.610561872113,40485332190.0
6614.5964583,6614.594351309205,40485332190.0
6051.308019,6051.305715858297,40485332190.0
1038.5020642,1038.4886437989915,40485332190.0
1342.0195356,1342.009150434778,40485332190.0
6653.5901309,6653.588036303232,40485332190.0
4707.0464102,4707.04344932559,40485332190.0
1319.7491258,1319.7385654617729,40485332190.0
9042.2474866,9042.245945301476,40485332190.0
2723.5565511,2723.5514339666574,40485332190.0
1493.7768186,1493.7674885942079,40485332190.0
3519.6223312,3519.6183713926403,40485332190.0
4922.1503794,4922.147547875801,40485332190.0
912.93459641,912.9193301457801,40485332190.0
5252.4552035,5252.452550005264,40485332190.0
24910.316013,24910.315453328,40485332190.0
2934.1744595,2934.169709643909,40485332190.0
2561.5347443,2561.5293034374813,40485332190.0
1940.3194478,1940.3122649877944,40485332190.0
199.51123274,199.4413648819631,40485332190.0
1643.3757994,1643.3673186629449,40485332190.0
9438.9618519,9438.96037535819,40485332190.0
5173.9303765,5173.927682764409,40485332190.0
6519.708647,6519.706509319513,40485332190.0
110.1819628,110.05539951278755,40485332190.0
6433.1846822,6433.182515706272,40485332190.0
6278.1738815,6278.171661651484,40485332190.0
6869.9088055,6869.906776800454,40485332190.0
2587.2985021,2587.293115380408,40485332190.0
2939.9711206,2939.9663800694807,40485332190.0
19772.015911,19772.015206632856,40485332190.0
3653.6399357,3653.636121112995,40485332190.0
5342.094233,5342.091624084689,40485332190.0
18046.183187,18046.182414912826,40485332190.0
3734.005333,3734.0016004591403,40485332190.0
6434.1821144,6434.179948242478,40485332190.0
4332.3743634,4332.371146466465,40485332190.0
4049.5861126,4049.5826710190704,40485332190.0
8878.2555221,8878.25395237357,40485332190.0
2015.4599758,2015.4530606965384,40485332190.0
4414.947416,4414.944259220253,40485332190.0
1685.7903722,1685.782104880048,40485332190.0
3404.997915,3404.9938218303323,40485332190.0
4491.5373004,4491.534197504839,40485332190.0
8053.2819971,8053.280266539674,40485332190.0
249.73678777,249.6809748487373,40485332190.0
3469.0002749,3468.996257263558,40485332190.0
4638.3296269,4638.3266221752465,40485332190.0
3988.0950007,3988.0915060316643,40485332190.0
1309.5417086,1309.531065870782,40485332190.0
3106.8012295,3106.796743519219,40485332190.0
1363.1071413,1363.096916839989,40485332190.0
1618.5633111,1618.5547003805161,40485332190.0
1420.5257947,1420.5159835548302,40485332190.0
1126.2796931,1126.2673187149737,40485332190.0
4043.6002819,4043.5968351715605,40485332190.0
1003.1315733,1003.1176797145911,40485332190.0
10053.675674,10053.67428810817,40485332190.0
4054.1464492,4054.1430114981376,40485332190.0
2210.7174861,2210.7111818779176,40485332190.0
1764.1566698,1764.1487696624354,40485332190.0
1761.8866297,1761.8787194031515,40485332190.0
3938.8530012,3938.849462841209,40485332190.0
6534.8644467,6534.862313959505,40485332190.0
2845.675181,2845.670283383367,40485332190.0
1451.5202093,1451.510607618639,40485332190.0
1879.3108394,1879.3034232965606,40485332190.0
3318.8482618,3318.8440624667965,40485332190.0
1401.1599838,1401.150037053514,40485332190.0
5314.3824244,5314.379801900725,40485332190.0
5301.5233399,5301.520711035621,40485332190.0
1620.3135811,1620.3049796700263,40485332190.0
2272.9092291,2272.903097376115,40485332190.0
2468.2190424,2468.213395756815,40485332190.0
693.9098913,693.8898062958882,40485332190.0
6812.4534125,6812.451366686182,40485332190.0
1994.6184013,1994.6114140481,40485332190.0
6855.7491655,6855.747132609493,40485332190.0
5611.5641729,5611.5616893003735,40485332190.0
3813.4861624,3813.4825077507635,40485332190.0
5851.0262705,5851.023888590946,40485332190.0
3660.9965504,3660.992743518442,40485332190.0
3866.8781682,3866.8745640394122,40485332190.0
3174.10614,3174.1017491990183,40485332190.0
4256.8401654,4256.83689135046,40485332190.0
2214.4613939,2214.455100258347,40485332190.0
5651.6917518,5651.689285863912,40485332190.0
4643.481209,4643.478207606305,40485332190.0
6574.6503794,6574.648259529025,40485332190.0
3000.0422696,3000.037623951353,40485332190.0
2378.2290435,2378.223183198595,40485332190.0
4587.4509915,4587.447953478814,40485332190.0
2402.4734707,2402.467669532019,40485332190.0
8275.2614382,8275.259753982187,40485332190.0
4690.380834,4690.377862541367,40485332190.0
1197.8420807,1197.830445592846,40485332190.0
1221.3880875,1221.3766766278923,40485332190.0
1839.1067459,1839.0991676814635,40485332190.0
9533.4779339,9533.476471938317,40485332190.0
2546.2621343,2546.2566607983413,40485332190.0
2861.6271801,2861.6223097498696,40485332190.0
2068.2952246,2068.2884862143883,40485332190.0
1397.4780354,1397.4680623803258,40485332190.0
3038.9943802,3038.9897941760846,40485332190.0
5500.0977321,5500.095198158269,40485332190.0
1877.0843567,1877.0769318569044,40485332190.0
1446.1046818,1446.0950440808392,40485332190.0
2104.8512257,2104.8446042949536,40485332190.0
4783.5594894,4783.556575891734,40485332190.0
2805.5622831,2805.557315481671,40485332190.0
8437.1968327,8437.195180883818,40485332190.0
3310.5123849,3310.5081749438277,40485332190.0
2812.0988856,2812.093929475006,40485332190.0
1990.1837489,1990.176745953921,40485332190.0
2636.6449004,2636.6396146096113,40485332190.0
2871.9912699,2871.9864171367076,40485332190.0
4862.8807437,4862.877877686161,40485332190.0
10764.989506,10764.988211582853,40485332190.0
1151.8130705,1151.8009703742518,40485332190.0
11609.094417,11609.09321690832,40485332190.0
4500.1622963,4500.159199301195,40485332190.0
4568.1989077,4568.195856778643,40485332190.0
4751.8698361,4751.866903204671,40485332190.0
4239.257266,4239.253978368004,40485332190.0
3264.8753748,3264.8711059975535,40485332190.0
3084.5181937,3084.5136753915403,40485332190.0
3891.13135,3891.127768302782,40485332190.0
3261.4445276,3261.4402543358883,40485332190.0
4239.2869186,4239.283631093592,40485332190.0
6274.506963,6274.504741767353,40485332190.0
10373.726543,10373.725198927812,40485332190.0
1233.5291424,1233.5178439296917,40485332190.0
21544.739563,21544.738916184986,40485332190.0
1379.668757,1379.658655352652,40485332190.0
5699.748568,5699.746122852251,40485332190.0
5116.6063032,5116.603579356128,40485332190.0
22487.604839,22487.604219319986,40485332190.0
460.86208165,460.83183954465494,40485332190.0
2529.9479,2529.942391196246,40485332190.0
2290.8452625,2290.839178732743,40485332190.0
13354.361079,13354.360035370562,40485332190.0
4424.8978174,4424.894667709427,40485332190.0
1570.1470992,1570.138222964083,40485332190.0
1734.313559,1734.3055229536155,40485332190.0
5013.6515804,5013.64880063197,40485332190.0
1272.5652708,1272.5543188442243,40485332190.0
1489.6639069,1489.6545510927754,40485332190.0
1207.384852,1207.373308895727,40485332190.0
5474.0332655,5474.030719531931,40485332190.0
3702.8957592,3702.891995374212,40485332190.0
2743.8871746,2743.8820953193526,40485332190.0
8438.2542555,8438.25260386925,40485332190.0
1313.0502951,1313.0396808741832,40485332190.0
3394.0124099,3394.0083035365997,40485332190.0
2150.8610161,2150.8545364205793,40485332190.0
800.32607506,800.3086607361333,40485332190.0
2520.5947312,2520.589201918983,40485332190.0
5941.1397615,5941.137415668136,40485332190.0
2407.3496918,2407.343902437307,40485332190.0
5838.705306,5838.702919043702,40485332190.0
1951.0441905,1951.0370471360184,40485332190.0
1749.5620688,1749.5541028517666,40485332190.0
1233.155906,1233.1446040269898,40485332190.0
197.8664564,197.79600755580032,40485332190.0
12230.949496,12230.948357064886,40485332190.0
11182.597329,11182.596083197228,40485332190.0
668.2162041,668.1953467741595,40485332190.0
4189.2435496,4189.24022273071,40485332190.0
4952.8294408,4952.826626831186,40485332190.0
3329.5259433,3329.521757393285,40485332190.0
7050.1583193,7050.156342529327,40485332190.0
10824.284704,10824.283416106695,40485332190.0
11938.869691,11938.868523475694,40485332190.0
4942.1710527,4942.168232662393,40485332190.0
3424.6376909,3424.6336212832866,40485332190.0
2578.1901867,2578.1847809890005,40485332190.0
2983.4920042,2983.4873327883215,40485332190.0
4651.8874813,4651.884485227266,40485332190.0
1616.4449558,1616.4363338615844,40485332190.0
2744.0561584,2744.051079438909,40485332190.0
7811.4327363,7811.4309521075775,40485332190.0
5955.9534367,5955.951096697138,40485332190.0
1674.4280551,1674.4197316315117,40485332190.0
9332.4473518,9332.4458584627,40485332190.0
2942.5034818,2942.4987454233906,40485332190.0
6220.7838226,6220.781582245915,40485332190.0
3558.0857151,3558.081798089261,40485332190.0
676.65013754,676.6295401964325,40485332190.0
3682.2888021,3682.2850172723033,40485332190.0
833.86793301,833.8512191866868,40485332190.0
1804.9856641,1804.9779426486996,40485332190.0
1617.9363484,1617.927734403883,40485332190.0
4355.9576851,4355.954485598238,40485332190.0
7831.1246126,7831.122832914134,40485332190.0
3201.7487916,3201.7444387166342,40485332190.0
1477.3455156,1477.3360817626537,40485332190.0
1321.0111036,1321.0005532513492,40485332190.0
6268.6014349,6268.599211656763,40485332190.0
3654.0676591,3654.063844922228,40485332190.0
2352.7241212,2352.718197441148,40485332190.0
4996.776314,4996.773524848796,40485332190.0
3450.01678,3450.012740335948,40485332190.0
3933.6443058,3933.64076281031,40485332190.0
8441.9561026,8441.954451702839,40485332190.0
2684.7795879,2684.7743968200384,40485332190.0
10029.800356,10029.798966610937,40485332190.0
2498.186692,2498.181113163429,40485332190.0
5516.3265703,5516.324043794017,40485332190.0
2644.0600089,2644.0547378421015,40485332190.0
1435.937509,1435.9278030964392,40485332190.0
3646.8973081,3646.8934864607268,40485332190.0
1542.8042132,1542.7951795890453,40485332190.0
5047.2142273,5047.211465981182,40485332190.0
8000.8659993,8000.864257318642,40485332190.0
3101.0274291,3101.022934783763,40485332190.0
5172.9096744,5172.906980172923,40485332190.0
2932.2514147,2932.246661663335,40485332190.0
2591.2089804,2591.2036017958326,40485332190.0
3673.8017884,3673.797994723887,40485332190.0
2416.3749559,2416.369188224478,40485332190.0
3843.9013291,3843.897703355872,40485332190.0
4391.1609602,4391.157786333931,40485332190.0
1814.3803514,1814.3726699861713,40485332190.0
1086.8702743,1086.8574512466716,40485332190.0
5395.015881,5395.013297778363,40485332190.0
2274.7964856,2274.790358906094,40485332190.0
1640.9668083,1640.9583151571308,40485332190.0
8242.8600675,8242.858376678281,40485332190.0
3844.6538132,3844.6501881817126,40485332190.0
3858.9603959,3858.95678420958,40485332190.0
1899.0387775,1899.0314385644008,40485332190.0
8771.6031134,8771.601524573463,40485332190.0
14070.082301,14070.081310870093,40485332190.0
3711.8487482,3711.84499349894,40485332190.0
14007.117489,14007.116493728701,40485332190.0
11874.984209,11874.98303532738,40485332190.0
3601.5648513,3601.5609815977205,40485332190.0
7302.4723834,7302.47047481777,40485332190.0
6313.0396297,6313.037422061562,40485332190.0
12345.498109,12345.496979249843,40485332190.0
1161.4170779,1161.405077870804,40485332190.0
1456.7444446,1456.7348773300612,40485332190.0
10715.549929,10715.548628334616,40485332190.0
4958.380656,4958.377845230641,40485332190.0
319.34605263,319.30240739362375,40485332190.0
2712.6031073,2712.597969483612,40485332190.0
2505.4968473,2505.4912846517427,40485332190.0
4816.4791021,4816.476208540333,40485332190.0
827.01945524,827.0026030106438,40485332190.0
1193.1524371,1193.1407562089269,40485332190.0
15055.777787,15055.776861000313,40485332190.0
2715.0245764,2715.0194431161362,40485332190.0
4444.6441795,4444.641043813059,40485332190.0
3431.3681538,3431.36409216879,40485332190.0
6621.6588996,6621.656794794074,40485332190.0
9042.0649193,9042.063378004364,40485332190.0
4583.7125056,4583.709465083444,40485332190.0
2064.5016053,2064.4948544548456,40485332190.0
1765.0480371,1765.0401409872877,40485332190.0
2284.3778881,2284.3717871604977,40485332190.0
3346.289443,3346.285278065027,40485332190.0
10531.664451,10531.663127107502,40485332190.0
5441.9165176,5441.913956564882,40485332190.0
2700.1939519,2700.188790390088,40485332190.0
15668.745432,15668.744542827053,40485332190.0
8487.6180941,8487.616451991471,40485332190.0
1750.7420484,1750.7340877583779,40485332190.0
1319.4238845,1319.4133215680822,40485332190.0
6554.7744563,6554.772330147431,40485332190.0
7302.4211171,7302.419208569358,40485332190.0
2624.526702,2624.5213916637686,40485332190.0
2423.4690762,2423.4633253914353,40485332190.0
2274.010791,2274.0046621438623,40485332190.0
1973.6915287,1973.684467275356,40485332190.0
8537.7469273,8537.745294894698,40485332190.0
8985.5021398,8985.500588651672,40485332190.0
2180.8517543,2180.8453636980184,40485332190.0
3455.2439973,3455.2399637370017,40485332190.0
4787.2984537,4787.295542411533,40485332190.0
2721.7860484,2721.7809277839287,40485332190.0
3178.3192884,3178.3149033926243,40485332190.0
1779.9899549,1779.9821250055497,40485332190.0
6729.4177517,6729.415680656614,40485332190.0
5447.6848801,5447.682321788757,40485332190.0
1466.9011827,1466.891681714581,40485332190.0
11483.389113,11483.387899386507,40485332190.0
9413.732286,9413.730805497451,40485332190.0
1338.095887,1338.085471429195,40485332190.0
2726.4676205,2726.4625088514135,40485332190.0
7069.1717388,7069.169767301822,40485332190.0
7551.8986783,7551.896832841374,40485332190.0
3855.3596347,3855.3560197171496,40485332190.0
3817.4204124,3817.4167615114543,40485332190.0
2493.3271268,2493.321537059471,40485332190.0
1316.4445876,1316.4340007090145,40485332190.0
2747.1748482,2747.1697749980717,40485332190.0
2302.0209437,2302.01488952245,40485332190.0
3982.7532949,3982.749795564887,40485332190.0
4570.4342076,4570.431158244122,40485332190.0
1023.1283321,1023.1147100896688,40485332190.0
7158.4397037,7158.437756710851,40485332190.0
3380.182292,3380.178168761915,40485332190.0
3344.5367695,3344.532602379711,40485332190.0
1996.9651572,1996.958178129457,40485332190.0
2759.2224631,2759.2174120776313,40485332190.0
1054.6853263,1054.6721118700048,40485332190.0
1903.9522188,1903.944898675106,40485332190.0
2328.6434527,2328.637467606474,40485332190.0
8583.438021,8583.436397290377,40485332190.0
2424.2220423,2424.2162932197903,40485332190.0
8497.1848716,8497.183231412298,40485332190.0
3372.4662405,3372.4621079934072,40485332190.0
3192.8010779,3192.796712702419,40485332190.0
20444.316188,20444.31550657707,40485332190.0
16368.983538,16368.98268703786,40485332190.0
3475.5912556,3475.587245622215,40485332190.0
4941.0390905,4941.036269806026,40485332190.0
9858.8092163,9858.80780267789,40485332190.0
1814.858483,1814.8508036342325,40485332190.0
3001.6577379,3001.6530948072395,40485332190.0
5105.2698316,5105.267101681383,40485332190.0
1301.3378209,1301.3271110951757,40485332190.0
7407.8866985,7407.884817121695,40485332190.0
1462.0332924,1462.0237597695686,40485332190.0
3087.8041639,3087.799650367607,40485332190.0
9636.7819951,9636.780548871455,40485332190.0
5652.6197765,5652.617310830819,40485332190.0
6958.2834138,6958.281410891951,40485332190.0
6456.4871787,6456.485020092118,40485332190.0
5561.2863423,5561.283836193327,40485332190.0
5157.6800541,5157.677351914292,40485332190.0
337.20588241,337.1645490947764,40485332190.0
336.28609679,336.2446504077673,40485332190.0
12126.46852,12126.4673712706,40485332190.0
6295.3613625,6295.359148706282,40485332190.0
3377.481848,3377.4777216080925,40485332190.0
3654.7360476,3654.7322342074117,40485332190.0
12650.986534,12650.985431715208,40485332190.0
4819.4993273,4819.496435458709,40485332190.0
1413.7024013,1413.6925428109937,40485332190.0
4023.0225998,4023.0191355457077,40485332190.0
6651.4034693,6651.401373957901,40485332190.0
4949.0606431,4949.057826980127,40485332190.0
10434.184187,10434.182851118376,40485332190.0
1317.9984081,1317.9878336670695,40485332190.0
4294.505133,4294.501887688098,40485332190.0
4241.9450674,4241.94178192792,40485332190.0
17428.044045,17428.043245208384,40485332190.0
7375.1569929,7375.15510325316,40485332190.0
1653.9718902,1653.9634638035545,40485332190.0
2773.888951,2773.8839266442465,40485332190.0
2622.7162826,2622.7109685700016,40485332190.0
2328.3856767,2328.3796909648418,40485332190.0
3999.2787803,3999.275295357488,40485332190.0
1436.5290363,1436.5193343564408,40485332190.0
17806.14401,17806.14322731608,40485332190.0
2225.3888739,2225.3826111346057,40485332190.0
3993.3351649,3993.331674847769,40485332190.0
820.22173066,820.2047387583505,40485332190.0
13453.771961,13453.770924782048,40485332190.0
6157.7977648,6157.795501416267,40485332190.0
2025.7625917,2025.7557118106727,40485332190.0
2023.9897147,2023.9828288021954,40485332190.0
12798.013904,12798.012815119033,40485332190.0
4703.4530907,4703.450127568882,40485332190.0
3039.9760771,3039.9714924466803,40485332190.0
4358.2336977,4358.23049979326,40485332190.0
10964.184163,10964.18289217457,40485332190.0
3785.2227191,3785.2190372198265,40485332190.0
13720.939409,13720.938393421839,40485332190.0
7947.086695,7947.084941247086,40485332190.0
1670.1479561,1670.1396113198273,40485332190.0
5115.1787299,5115.176005322602,40485332190.0
6058.7743117,6058.772011409909,40485332190.0
2354.919286,2354.913367842485,40485332190.0
589.60115679,589.5775183272472,40485332190.0
2894.2223386,2894.2175231318374,40485332190.0
2442.2423786,2442.2366719004067,40485332190.0
8226.5403625,8226.53866834683,40485332190.0
1098.1792259,1098.1665348790398,40485332190.0
5745.9717953,5745.969369740488,40485332190.0
475.76863144,475.7393369239094,40485332190.0
10751.984708,10751.98341161415,40485332190.0
4997.4928727,4997.490083989228,40485332190.0
1510.337603,1510.3283752134391,40485332190.0
7029.8794902,7029.877507634178,40485332190.0
360.17303093,360.1343336065328,40485332190.0
3979.9579477,3979.954445872967,40485332190.0
4270.8947945,4270.891531311427,40485332190.0
4117.1898459,4117.186460862833,40485332190.0
10530.914431,10530.913107131635,40485332190.0
5490.117708,5490.1151694935825,40485332190.0
7170.8826823,7170.880738722944,40485332190.0
1417.4933967,1417.4835645470425,40485332190.0
2657.5441119,2657.5388675532795,40485332190.0
3860.9872427,3860.983632944239,40485332190.0
8229.4096973,8229.408003723212,40485332190.0
4252.767789,4252.764511839013,40485332190.0
2954.2812445,2954.276526951998,40485332190.0
2224.2187625,2224.212496477971,40485332190.0
6546.7637103,6546.761581485494,40485332190.0
3853.4298055,3853.4261887957455,40485332190.0
3456.5420328,3456.538000749532,40485332190.0
3343.4996674,3343.4954990048745,40485332190.0
2922.5741363,2922.5693675832727,40485332190.0
10598.294661,10598.293345904001,40485332190.0
3449.9386096,3449.934569791582,40485332190.0
17776.100571,17776.099786950635,40485332190.0
2622.5536757,2622.5483614409764,40485332190.0
1776.17751,1776.1696633664992,40485332190.0
4423.3278551,4423.324704252309,40485332190.0
4277.1187909,4277.1155323421335,40485332190.0
3798.8763962,3798.8727274862385,40485332190.0
2170.4157418,2170.4093203661905,40485332190.0
1806.8578774,1806.8501640315876,40485332190.0
1024.3409318,1024.3273259335517,40485332190.0
3920.4905799,3920.4870249640526,40485332190.0
1373.6162683,1373.6061220017004,40485332190.0
6763.9505049,6763.9484444061145,40485332190.0
2531.3458906,2531.340384745483,40485332190.0
6012.9030621,6012.900744219726,40485332190.0
2808.880081,2808.875119265215,40485332190.0
14053.819751,14053.818758576628,40485332190.0
13078.594607,13078.593540809534,40485332190.0
13689.305672,13689.304654160087,40485332190.0
5341.1578215,5341.155212160519,40485332190.0
3478.2170207,3478.2130137110803,40485332190.0
4000.1747225,4000.1712383805448,40485332190.0
15591.915638,15591.914744214577,40485332190.0
13242.258685,13242.257633029823,40485332190.0
7139.3992295,7139.397277410089,40485332190.0
9826.7779919,9826.776573620977,40485332190.0
5643.108418,5643.105948243358,40485332190.0
947.16566224,947.1509477170928,40485332190.0
10147.7188,10147.717425625127,40485332190.0
1370.3399679,1370.3297974733493,40485332190.0
15191.20894,15191.208023344821,40485332190.0
2566.4003788,2566.3949482385797,40485332190.0
9733.204968,9733.20353609919,40485332190.0
931.13673806,931.1217702322897,40485332190.0
1376.606808,1376.5966838437705,40485332190.0
10950.816253,10950.814980419253,40485332190.0
2420.5201392,2420.514381323317,40485332190.0
5596.4584402,5596.455949902024,40485332190.0
4818.980999,4818.978106893621,40485332190.0
705.84392621,705.8241807964795,40485332190.0
689.49961989,689.4794064070055,40485332190.0
4832.0377243,4832.034840016388,40485332190.0
4905.7557789,4905.752937968323,40485332190.0
3405.3464645,3405.3423718481044,40485332190.0
5616.5412632,5616.538781791818,40485332190.0
4057.8142169,4057.810782316146,40485332190.0
2874.5690271,2874.5641787329682,40485332190.0
7341.2766758,7341.274777372929,40485332190.0
5355.6982481,5355.695645861919,40485332190.0
5855.1474584,5855.145078061306,40485332190.0
4766.5963847,4766.593460816671,40485332190.0
2029.1139376,2029.1070690757163,40485332190.0
1160.1234438,1160.1114303359107,40485332190.0
13984.253137,13984.252140437471,40485332190.0
4454.7492485,4454.746119970961,40485332190.0
4217.5106603,4217.507355725004,40485332190.0
8768.2574812,8768.25589171111,40485332190.0
3387.7693672,3387.7652532760644,40485332190.0
14415.536994,14415.536027167858,40485332190.0
11317.23333,11317.23209884444,40485332190.0
589.45270715,589.4290627320721,40485332190.0
5798.5123018,5798.509898232602,40485332190.0
3051.0829034,3051.0783355403682,40485332190.0
2600.7496802,2600.7443213815272,40485332190.0
4475.4797788,4475.476664675563,40485332190.0
23113.811096,23113.8104929098,40485332190.0
6766.8795943,6766.87753463618,40485332190.0
6453.597419,6453.595259483771,40485332190.0
4040.2298775,4040.226427926639,40485332190.0
11648.255231,11648.254034643,40485332190.0
2637.3119308,2637.3066461764993,40485332190.0
7880.5966885,7880.594920005889,40485332190.0
5163.7503193,5163.747620343596,40485332190.0
2372.9149548,2372.909081475924,40485332190.0
1848.4355698,1848.4280298847864,40485332190.0
1819.5308942,1819.5232344681735,40485332190.0
4311.0170242,4311.013791310131,40485332190.0
3201.3870817,3201.3827282725756,40485332190.0
4216.908992,4216.905686979203,40485332190.0
3163.9804286,3163.9760237185255,40485332190.0
2347.3787422,2347.3728048800044,40485332190.0
5062.634377,5062.631624128061,40485332190.0
6935.8180186,6935.8160091988175,40485332190.0
15569.144029,15569.143134086076,40485332190.0
2697.9465007,2697.9413349506617,40485332190.0
11164.736125,11164.734876708784,40485332190.0
1847.4969407,1847.4893969411494,40485332190.0
3724.488737,3724.4849950791136,40485332190.0
1715.2653113,1715.257186013135,40485332190.0
2916.8559325,2916.851154493796,40485332190.0
4671.9731426,4671.970159528928,40485332190.0
2137.0440502,2137.0375286029744,40485332190.0
3424.9007925,3424.8967231985785,40485332190.0
5492.6407762,5492.638238761682,40485332190.0
5070.0447162,5070.041967304119,40485332190.0
2230.7390649,2230.732817191253,40485332190.0
1054.4786732,1054.4654561226537,40485332190.0
1525.1283958,1525.119257567337,40485332190.0
8482.0565585,8482.05491541739,40485332190.0
5088.2861715,5088.28343243435,40485332190.0
2137.6620192,2137.6554993747986,40485332190.0
2438.2460996,2438.24038358126,40485332190.0
595.88821975,595.8648306982391,40485332190.0
567.32465301,567.300086333772,40485332190.0
8142.5436208,8142.541909186644,40485332190.0
3959.843346,3959.8398264358834,40485332190.0
3211.9634366,3211.9590975494807,40485332190.0
2116.3108699,2116.304284350383,40485332190.0
2843.1530015,2843.148099498444,40485332190.0
2911.1605833,2911.155795859114,40485332190.0
2579.2815839,2579.276180453178,40485332190.0
4074.6867102,4074.6832898205485,40485332190.0
4167.1360805,4167.1327360076,40485332190.0
2869.97179,2869.9669338840467,40485332190.0
1625.2785059,1625.269930758174,40485332190.0
2557.8433652,2557.837916508595,40485332190.0
3760.4350747,3760.4313684921494,40485332190.0
2862.898158,2862.893289811867,40485332190.0
14849.746865,14849.745926457304,40485332190.0
1276.3159575,1276.3050376944127,40485332190.0
2598.7022366,2598.696873615858,40485332190.0
8684.4090991,8684.407494316492,40485332190.0
9442.3156233,9442.3141472406,40485332190.0
666.65970641,666.6388003909325,40485332190.0
7691.3711135,7691.369301433357,40485332190.0
1551.1914544,1551.1824696171325,40485332190.0
3150.2283458,3150.223921710913,40485332190.0
3435.3654779,3435.361420891225,40485332190.0
11590.032112,11590.030909351133,40485332190.0
2600.8281517,2600.8227930921967,40485332190.0
1766.6212873,1766.6133981837972,40485332190.0
2183.2567453,2183.250361685316,40485332190.0
1317.1942783,1317.1836974810656,40485332190.0
3229.0202147,3229.0158985623775,40485332190.0
4822.5079136,4822.5050236575935,40485332190.0
10075.473516,10075.472132049732,40485332190.0
4077.3565613,4077.3531431682773,40485332190.0
11418.496985,11418.495764197189,40485332190.0
8153.6064372,8153.604727905376,40485332190.0
14503.084001,14503.083040087928,40485332190.0
1266.0405978,1266.0295894648534,40485332190.0
1502.117704,1502.1084258044423,40485332190.0
23633.170722,23633.170132425344,40485332190.0
7775.5869799,7775.585187493455,40485332190.0
5822.1002001,5822.097806277474,40485332190.0
8332.4681283,8332.466455709366,40485332190.0
6632.8735887,6632.871487547778,40485332190.0
4564.6366574,4564.633604109105,40485332190.0
3358.1345819,3358.1304317165286,40485332190.0
2555.9621851,2555.9567323200513,40485332190.0
12911.127537,12911.12645715402,40485332190.0
3801.7990128,3801.795346890234,40485332190.0
2899.1436127,2899.138805420796,40485332190.0
4529.8465221,4529.843445415639,40485332190.0
4117.2873942,4117.284009197763,40485332190.0
3892.9453452,3892.941765132747,40485332190.0
11343.462618,11343.461390180108,40485332190.0
1694.9292442,1694.921021339933,40485332190.0
2861.0350304,2861.0301590933655,40485332190.0
2066.9823051,2066.9755624240493,40485332190.0
2970.0182118,2970.013519163381,40485332190.0
7712.5556297,7712.553822639837,40485332190.0
3646.2545727,3646.2507504047676,40485332190.0
5914.4490527,5914.4466962292745,40485332190.0
3561.3116218,3561.30770827497,40485332190.0
3873.1605585,3873.156960148466,40485332190.0
1122.4985649,1122.4861487875528,40485332190.0
3040.6722558,3040.6676722259026,40485332190.0
5561.1981162,5561.195610103987,40485332190.0
5802.2795115,5802.277109513629,40485332190.0
1556.2121636,1556.2032078868413,40485332190.0
1682.3800779,1682.371793777744,40485332190.0
6572.7724956,6572.770375182518,40485332190.0
4215.3382864,4215.334980128509,40485332190.0
11353.875281,11353.87405355679,40485332190.0
7610.9392016,7610.937370420987,40485332190.0
2956.6923516,2956.68763792519,40485332190.0
2602.4522667,2602.4469113126884,40485332190.0
4407.5610879,4407.557925863809,40485332190.0
2708.0324064,2708.0272598625957,40485332190.0
3846.7835112,3846.7798881204744,40485332190.0
5939.6596788,5939.65733233754,40485332190.0
5885.7529732,5885.750605252519,40485332190.0
3537.201589,3537.1976489534477,40485332190.0
2716.4878721,2716.4827415368763,40485332190.0
2574.788836,2574.7834231288684,40485332190.0
13235.814483,13235.8134300911,40485332190.0
4418.8987063,4418.895552341239,40485332190.0
6237.9202498,6237.918015551725,40485332190.0
3353.3537728,3353.349616702929,40485332190.0
6603.7396751,6603.73756465856,40485332190.0
4167.3951234,4167.391779175086,40485332190.0
2508.0404232,2508.0348663281998,40485332190.0
3539.2423316,3539.2383938222133,40485332190.0
7313.5337032,7313.531797570854,40485332190.0
7610.7567288,7610.754897606935,40485332190.0
1689.4060166,1689.397766879569,40485332190.0
1316.2250781,1316.2144894103228,40485332190.0
2102.5378138,2102.5311851769334,40485332190.0
12559.025777,12559.024667818492,40485332190.0
9627.9217625,9627.920314961104,40485332190.0
2170.7969462,2170.7905260236107,40485332190.0
2925.8279442,2925.823180759262,40485332190.0
9035.4607888,9035.459246340206,40485332190.0
2171.2127391,2171.206320091456,40485332190.0
6685.1595842,6685.157499417308,40485332190.0
2130.3574742,2130.3509321470387,40485332190.0
2744.2672953,2744.262216750183,40485332190.0
11951.857578,11951.856412131203,40485332190.0
3498.5041533,3498.5001696245513,40485332190.0
4846.7937913,4846.790915777525,40485332190.0
2509.9762577,2509.9707050138854,40485332190.0
3375.8372552,3375.8331267552176,40485332190.0
3000.6979985,3000.693353908035,40485332190.0
4573.54398,4573.540932754249,40485332190.0
4687.6261515,4687.623178384826,40485332190.0
10822.648281,10822.646992897415,40485332190.0
5857.8692658,5857.866886624704,40485332190.0
1551.1305267,1551.1215416256366,40485332190.0
3659.5463,3659.5424915774643,40485332190.0
8056.4035042,8056.401774273103,40485332190.0
2825.6760463,2825.6711141133333,40485332190.0
3960.429916,3960.42639694083,40485332190.0
1561.5248399,1561.5159146015267,40485332190.0
3384.6126896,3384.6085718757545,40485332190.0
2654.5149625,2654.5097122501056,40485332190.0
4738.8971041,4738.894163080251,40485332190.0
4449.4494176,4449.446285289374,40485332190.0
14490.154183,14490.153220570948,40485332190.0
12090.686534,12090.685381141313,40485332190.0
11895.630294,11895.629122258179,40485332190.0
1171.9363695,1171.9244772486084,40485332190.0
14525.683208,14525.682249315567,40485332190.0
17511.515883,17511.51508688427,40485332190.0
1508.2133873,1508.204146505946,40485332190.0
913.2951868,913.2799265712918,40485332190.0
1112.5984235,1112.5858968440723,40485332190.0
3930.438611,3930.43506509493,40485332190.0
2590.8743933,2590.8690140516155,40485332190.0
2261.5063841,2261.500221480858,40485332190.0
3469.4220009,3469.4179838735104,40485332190.0
11333.253049,11333.251819844843,40485332190.0
6923.1157261,6923.113713039578,40485332190.0
7429.5423954,7429.540519449195,40485332190.0
5026.7796213,5026.776848728265,40485332190.0
1553.4335251,1553.424553347544,40485332190.0
2019.2074149,2019.2005126957822,40485332190.0
3994.1252935,3994.121804135011,40485332190.0
6091.2182226,6091.215934513563,40485332190.0
9137.2149163,9137.213390945388,40485332190.0
1431.624398,1431.6146629574457,40485332190.0
5128.2496129,5128.246895172289,40485332190.0
17078.065978,17078.065162377556,40485332190.0
3224.5334458,3224.5291235882023,40485332190.0
2519.4647708,2519.459239072228,40485332190.0
11735.460563,11735.459375275768,40485332190.0
3996.2427362,3996.239248690454,40485332190.0
1792.56869,1792.5609150684047,40485332190.0
2971.0084508,2971.003759796483,40485332190.0
2503.7382282,2503.7326617033987,40485332190.0
1503.2751605,1503.2658893209968,40485332190.0
4041.6082559,4041.6048074838172,40485332190.0
2205.4864895,2205.4801702857308,40485332190.0
2235.0185851,2235.012349359274,40485332190.0
742.44794262,742.4291707193886,40485332190.0
2343.9545285,2343.948582542915,40485332190.0
3862.4292609,3862.425652505177,40485332190.0
2249.5833616,2249.577166210403,40485332190.0
7090.5041831,7090.502217492451,40485332190.0
2756.6922164,2756.6871606738273,40485332190.0
5295.4327551,5295.430123223851,40485332190.0
9009.080036,9009.078489029222,40485332190.0
5324.7105907,5324.707973378429,40485332190.0
4519.8403158,4519.837232274864,40485332190.0
1157.3599648,1157.3479226984207,40485332190.0
16456.827866,16456.827019102155,40485332190.0
3691.1278167,3691.1240408390945,40485332190.0
1638.4719676,1638.4634614175895,40485332190.0
18392.054231,18392.053473719217,40485332190.0
1454.1649827,1454.1553984743957,40485332190.0
4608.0341235,4608.031099032204,40485332190.0
8948.9969321,8948.995374659498,40485332190.0
5083.8572487,5083.85450732988,40485332190.0
12239.860595,12239.859456775728,40485332190.0
4495.5152693,4495.512169097407,40485332190.0
2341.7989363,2341.7929849449115,40485332190.0
3078.3224346,3078.3179071478035,40485332190.0
1602.5326578,1602.5239609086059,40485332190.0
6746.3389682,6746.336902315927,40485332190.0
1196.7118319,1196.700185764693,40485332190.0
2728.0779076,2728.072798837157,40485332190.0
4315.4725912,4315.469361644584,40485332190.0
9778.5375372,9778.53611189178,40485332190.0
4788.2162533,4788.2133426141745,40485332190.0
1355.0663722,1355.0560870257284,40485332190.0
3864.7261812,3864.7225750552334,40485332190.0
4764.4436328,4764.440707581902,40485332190.0
5609.719314,5609.7168295765405,40485332190.0
3823.5655037,3823.56185874957,40485332190.0
3234.4019369,3234.3976279876965,40485332190.0
1238.0569194,1238.0456621979633,40485332190.0
827.66486261,827.6480235194665,40485332190.0
1803.2784285,1803.2706997964503,40485332190.0
2590.5800584,2590.574678491947,40485332190.0
4695.4605995,4695.457631387732,40485332190.0
1793.6429554,1793.6351850933752,40485332190.0
3528.8833785,3528.8794290856404,40485332190.0
2110.1010554,2110.0944505190773,40485332190.0
3099.4507489,3099.446252297427,40485332190.0
1949.0584325,1949.0512818486525,40485332190.0
1211.537164,1211.5256603842133,40485332190.0
3387.9473246,3387.9432108980463,40485332190.0
2177.0836668,2177.0772651510333,40485332190.0
4638.6431898,4638.6401851993,40485332190.0
4404.874842,4404.871677986878,40485332190.0
2839.0467738,2839.0418647455704,40485332190.0
4181.2266009,4181.223267691064,40485332190.0
1203.9875763,1203.9760006216484,40485332190.0
6880.2449978,6880.2429721327335,40485332190.0
7406.3513995,7406.349517748593,40485332190.0
2342.2594715,2342.2535212558155,40485332190.0
2171.7708354,2171.7644181045316,40485332190.0
5766.7929805,5766.790563667985,40485332190.0
960.83117482,960.8166695821074,40485332190.0
5470.3956121,5470.39306443406,40485332190.0
4101.4496059,4101.446207850738,40485332190.0
1958.7578265,1958.750711202537,40485332190.0
8177.722351,8177.720646738525,40485332190.0
2409.6869616,2409.681177830207,40485332190.0
9502.0901692,9502.088702563191,40485332190.0
2695.2293745,2695.2242035308823,40485332190.0
2508.4937645,2508.4882085835943,40485332190.0
1290.3111274,1290.3003261056624,40485332190.0
8536.3242367,8536.322603971834,40485332190.0
6625.8329979,6625.830894514004,40485332190.0
2036.7572059,2036.7503631796778,40485332190.0
996.49103938,996.477053224634,40485332190.0
1766.4297675,1766.4218776228347,40485332190.0
5221.0184925,5221.015823134058,40485332190.0
2202.2689679,2202.262639481178,40485332190.0
3680.437024,3680.433237188968,40485332190.0
6575.1243646,6575.122245012444,40485332190.0
6579.0516115,6579.04949317925,40485332190.0
3200.8249346,3200.8205803655915,40485332190.0
2741.0672706,2741.0621860628453,40485332190.0
4151.5898765,4151.586519415278,40485332190.0
3294.2478642,3294.243633530563,40485332190.0
553.12124795,553.096050394022,40485332190.0
2678.1672407,2678.1620367703686,40485332190.0
9531.3831722,9531.381709924666,40485332190.0
1075.1912456,1075.1782831436826,40485332190.0
426.52322643,426.4905493891442,40485332190.0
7768.1923692,7768.1905750492015,40485332190.0
997.52562844,997.5116567873492,40485332190.0
912.25179611,912.2365184200743,40485332190.0
11419.702112,11419.700890970584,40485332190.0
6400.1342749,6400.132097291479,40485332190.0
1964.6572156,1964.6501217526659,40485332190.0
15415.941224,15415.94031953744,40485332190.0
4941.2711857,4941.268365176355,40485332190.0
2859.698505,2859.693631367948,40485332190.0
3317.9173517,3317.9131511827973,40485332190.0
1348.9163528,1348.906020716148,40485332190.0
15152.965837,15152.964917011679,40485332190.0
12707.102687,12707.101590152668,40485332190.0
3248.9898175,3248.9855277866486,40485332190.0
3011.8058049,3011.80117746507,40485332190.0
4671.176446,4671.173462323599,40485332190.0
1091.4931357,1091.4803668893592,40485332190.0
1355.3946292,1355.3843465359864,40485332190.0
2349.1214064,2349.1154735260866,40485332190.0
9452.0897034,9452.088228950635,40485332190.0
8276.6389112,8276.637227355739,40485332190.0
1477.3739514,1477.3645177097883,40485332190.0
6624.9621991,6624.96009541173,40485332190.0
3369.3928758,3369.388739501532,40485332190.0
4919.7410441,4919.7382111758125,40485332190.0
5209.4885438,5209.485868438744,40485332190.0
4119.324736,4119.321352683193,40485332190.0
886.24721922,886.2314932342347,40485332190.0
2416.223539,2416.217770945165,40485332190.0
907.95104659,907.9356965285992,40485332190.0
4963.6919955,4963.689187620127,40485332190.0
6254.317324,6254.315095646574,40485332190.0
2134.2895532,2134.2830231250464,40485332190.0
3572.3948323,3572.3909310328027,40485332190.0
6314.429622,6314.427414748036,40485332190.0
7870.2308439,7870.229073052213,40485332190.0
3217.3001979,3217.2958660431877,40485332190.0
4337.3020363,4337.298822999676,40485332190.0
2779.2901983,2779.2851837304,40485332190.0
2885.8478308,2885.843001357948,40485332190.0
12114.982352,12114.981201575089,40485332190.0
2401.8317153,2401.8259126554444,40485332190.0
10516.803537,10516.802211045539,40485332190.0
6886.1674582,6886.165434278356,40485332190.0
5126.8254545,5126.822735961935,40485332190.0
3613.0906867,3613.0868293618196,40485332190.0
3265.8194185,3265.8151509886698,40485332190.0
329.88630895,329.8440584163101,40485332190.0
2364.2510678,2364.2451729166087,40485332190.0
940.20641383,940.1915903985321,40485332190.0
3893.4844545,3893.4808749276217,40485332190.0
1666.5907156,1666.5823530340117,40485332190.0
3975.1222437,3975.118737632149,40485332190.0
1776.6665239,1776.6586794696786,40485332190.0
11309.793823,11309.792590868881,40485332190.0
5810.3239526,5810.321553914597,40485332190.0
2236.1094284,2236.103195731112,40485332190.0
12167.257639,12167.256493592304,40485332190.0
4669.0116813,4669.008696310923,40485332190.0
5134.5074142,5134.504699870589,40485332190.0
4568.1645511,4568.161500175829,40485332190.0
3044.5512263,3044.5466485957973,40485332190.0
3099.7970672,3099.792571144683,40485332190.0
11361.449633,11361.44840595381,40485332190.0
2898.2695253,2898.2647165839107,40485332190.0
5110.5420077,5110.539280578195,40485332190.0
12530.613636,12530.612524007438,40485332190.0
4528.6794042,4528.676326656072,40485332190.0
8755.9925121,8755.990920406626,40485332190.0
11311.219016,11311.217784545632,40485332190.0
6385.8302367,6385.828054221532,40485332190.0
3042.1637946,3042.1592133535405,40485332190.0
3057.1495766,3057.1450177661327,40485332190.0
6128.0640162,6128.061741947593,40485332190.0
2400.2331676,2400.227361098595,40485332190.0
10677.459108,10677.457802508034,40485332190.0
5134.557378,5134.554663618691,40485332190.0
19279.022017,19279.021294264458,40485332190.0
486.0355247,486.0068490352484,40485332190.0
2201.5498418,2201.5435113151057,40485332190.0
3795.9813113,3795.9776397579058,40485332190.0
6289.0095988,6289.007382697377,40485332190.0
7679.6141248,7679.612310017605,40485332190.0
858.16579574,858.1495551524653,40485332190.0
3085.7710853,3085.7665688419793,40485332190.0
6533.0678917,6533.065758449471,40485332190.0
4811.6851566,4811.682260070962,40485332190.0
1527.1931842,1527.1840582459736,40485332190.0
2020.578988,2020.5720904409013,40485332190.0
14122.136882,14122.135894407002,40485332190.0
7274.5375171,7274.535601264147,40485332190.0
1185.2469999,1185.2352411175195,40485332190.0
444.87989993,444.8485713112917,40485332190.0
2841.9962519,2841.991347971653,40485332190.0
3964.8980039,3964.894488791616,40485332190.0
7025.188578,7025.186594177695,40485332190.0
12517.82133,12517.820216766157,40485332190.0
7222.5093119,7222.507382237982,40485332190.0
3254.1716312,3254.1673484238513,40485332190.0
5392.4020895,5392.399504948575,40485332190.0
2942.6261158,2942.6213795490985,40485332190.0
9066.5000963,9066.498559089408,40485332190.0
4982.334447,4982.331649739029,40485332190.0
3740.8245522,3740.820826588495,40485332190.0
6394.7947012,6394.792521832223,40485332190.0
786.2295047,786.2117781430173,40485332190.0
1546.3435125,1546.334499589792,40485332190.0
8503.6638023,8503.662163358402,40485332190.0
2420.7883138,2420.7825566091046,40485332190.0
6249.8657021,6249.863472148028,40485332190.0
9380.0675084,9380.0660225519,40485332190.0
998.36500195,998.3510420439246,40485332190.0
4725.883146,4725.880196944161,40485332190.0
5995.1556296,5995.153304852808,40485332190.0
9437.9167609,9437.915284159879,40485332190.0
3539.5970689,3539.5931314666004,40485332190.0
259.29047556,259.2367195283406,40485332190.0
6228.1940587,6228.1918209758505,40485332190.0
3894.3469437,3894.3433648667865,40485332190.0
7209.2956249,7209.293691721023,40485332190.0
2433.0053072,2432.9995789075824,40485332190.0
4990.977298,4990.974505525162,40485332190.0
6952.3652243,6952.363219649299,40485332190.0
4145.5302391,4145.526877169681,40485332190.0
12023.594557,12023.593396941294,40485332190.0
5391.6223343,5391.619749317834,40485332190.0
860.91488958,860.8987008508702,40485332190.0
2377.3303344,2377.3244718819915,40485332190.0
1123.1108989,1123.0984895801707,40485332190.0
2693.0594837,2693.054308508999,40485332190.0
1147.5824427,1147.5702980321746,40485332190.0
5197.4399335,5197.437251979249,40485332190.0
2560.1649192,2560.1594753933146,40485332190.0
7424.8910442,7424.889167132612,40485332190.0
2015.7388332,2015.7319190696858,40485332190.0
1303.3302517,1303.3195582655949,40485332190.0
7951.435906,7951.4341532666795,40485332190.0
11958.815901,11958.814735525519,40485332190.0
3495.1471902,3495.143202707724,40485332190.0
396.32684037,396.291673433123,40485332190.0
5982.3726371,5982.370307429769,40485332190.0
2198.0541783,2198.047837769727,40485332190.0
1940.7155587,1940.7083773086158,40485332190.0
2539.2637526,2539.258264024262,40485332190.0
1747.7887614,1747.7807873570544,40485332190.0
3548.7623922,3548.758464961545,40485332190.0
3362.576327,3362.572182216498,40485332190.0
7864.3760708,7864.374298665812,40485332190.0
10783.590797,10783.589504904696,40485332190.0
5507.2882103,5507.285679698277,40485332190.0
3572.5302004,3572.526299299359,40485332190.0
11680.82072,11680.819526762363,40485332190.0
1522.0868237,1522.0776672133884,40485332190.0
2075.0594329,2075.052716523222,40485332190.0
6399.1326483,6399.130470336351,40485332190.0
3132.624821,3132.6203720367303,40485332190.0
1465.56874,1465.5592303569558,40485332190.0
1603.710412,1603.701721477066,40485332190.0
4233.4474194,4233.444127273054,40485332190.0
2357.0611954,2357.0552825144664,40485332190.0
1878.7758226,1878.76840451492,40485332190.0
2261.6627241,2261.656561837177,40485332190.0
5730.1775568,5730.175124592444,40485332190.0
3745.9551585,3745.9514379434413,40485332190.0
4082.426671,4082.423257091832,40485332190.0
6476.4768589,6476.474706968076,40485332190.0
1625.4565342,1625.4479599678273,40485332190.0
6909.6089037,6909.606886641577,40485332190.0
10605.759503,10605.75818881773,40485332190.0
6576.1686992,6576.166579857187,40485332190.0
1741.7581225,1741.7501208211595,40485332190.0
12812.858375,12812.857287526444,40485332190.0
7009.5982991,7009.596310896321,40485332190.0
5803.434611,5803.432209499332,40485332190.0
4469.560138,4469.557019814123,40485332190.0
1852.9185492,1852.911027513413,40485332190.0
1898.7844444,1898.7771044039393,40485332190.0
4794.8780385,4794.875131779435,40485332190.0
5361.9378753,5361.935276038446,40485332190.0
4158.8054562,4158.802104933795,40485332190.0
11568.533737,11568.532532531772,40485332190.0
3427.671277,3427.667210977688,40485332190.0
2328.2543187,2328.2483326994056,40485332190.0
924.41971797,924.4046413848731,40485332190.0
4903.2290379,4903.226195495398,40485332190.0
2645.4508015,2645.4455332130055,40485332190.0
17150.0829,17150.08208712111,40485332190.0
1553.6859086,1553.6769383814956,40485332190.0
6589.0838436,6589.081728425737,40485332190.0
5371.8334934,5371.83089889733,40485332190.0
1494.6451171,1494.635792453253,40485332190.0
3875.528286,3875.52468986458,40485332190.0
4076.5826626,4076.5792438008953,40485332190.0
2148.5416972,2148.535210459554,40485332190.0
3069.4421191,3069.4375785450693,40485332190.0
5013.6280942,5013.625314386425,40485332190.0
5149.643503,5149.6407966280685,40485332190.0
4525.3716551,4525.3685753760055,40485332190.0
4910.0714492,4910.068610843054,40485332190.0
2123.4471297,2123.4405662496283,40485332190.0
2400.4191537,2400.413347680547,40485332190.0
5048.8646157,5048.861855217354,40485332190.0
106.01152544,105.87997714867444,40485332190.0
7638.8816244,7638.879799973901,40485332190.0
7656.7752862,7656.773465923998,40485332190.0
5230.9378539,5230.935189562541,40485332190.0
915.08643548,915.0712051140821,40485332190.0
10586.769681,10586.768364114945,40485332190.0
1977.5732342,1977.5661867075564,40485332190.0
4774.1039468,4774.101027507547,40485332190.0
12703.440623,12703.43952577182,40485332190.0
2696.2281505,2696.2229814524358,40485332190.0
1551.4101528,1551.4011693733655,40485332190.0
1736.6347603,1736.6267349608054,40485332190.0
10415.179991,10415.178653123245,40485332190.0
1415.9797219,1415.9698791903916,40485332190.0
11293.208775,11293.207540882086,40485332190.0
2113.1074856,2113.100890056137,40485332190.0
1833.1431244,1833.1355216383495,40485332190.0
3926.69284,3926.6892906266253,40485332190.0
394.14841274,394.1130514247801,40485332190.0
1762.7137029,1762.7057964178991,40485332190.0
2263.439018,2263.4328604775305,40485332190.0
824.49306921,824.4761653335703,40485332190.0
4537.849255,4537.846183704052,40485332190.0
9637.6442639,9637.642817764276,40485332190.0
1037.2377444,1037.2243077198289,40485332190.0
5944.1048837,5944.10253901896,40485332190.0
5826.1017995,5826.099407356247,40485332190.0
6086.3064972,6086.304207218474,40485332190.0
1475.1643628,1475.15491505828,40485332190.0
2657.5047267,2657.4994822950284,40485332190.0
3291.0701337,3291.0658989699905,40485332190.0
1308.4946222,1308.4839710065148,40485332190.0
1875.1077483,1875.1003156585957,40485332190.0
10692.098946,10692.097642563089,40485332190.0
1649.8462073,1649.837759785638,40485332190.0
2151.0519453,2151.0454661186513,40485332190.0
4065.546748,4065.543319975188,40485332190.0
11711.439868,11711.438677866527,40485332190.0
1770.5543921,1770.546520595524,40485332190.0
3033.6217911,3033.6171969014495,40485332190.0
2137.3006154,2137.294094527326,40485332190.0
3160.7778721,3160.7734627618574,40485332190.0
5578.8014892,5578.798991010519,40485332190.0
2255.2156213,2255.2094413991185,40485332190.0
4542.0229509,4542.019882412578,40485332190.0
2133.3760812,2133.369548390066,40485332190.0
12899.764469,12899.763389298258,40485332190.0
6171.8263455,6171.824087311184,40485332190.0
2853.966598,2853.9617146316887,40485332190.0
7507.1268166,7507.1249601060945,40485332190.0
3299.4236094,3299.419385325787,40485332190.0
15125.735211,15125.734289576787,40485332190.0
2718.1910735,2718.1859461742993,40485332190.0
4092.6387178,4092.635312360198,40485332190.0
8345.6705267,8345.668856749602,40485332190.0
15924.952813,15924.951937104024,40485332190.0
777.89657325,777.8786568026427,40485332190.0
4213.9710272,4213.967719820647,40485332190.0
2201.7073138,2201.7009837457626,40485332190.0
13320.817651,13320.816604800275,40485332190.0
618.396589,618.3740513047248,40485332190.0
2122.0550685,2122.048500775681,40485332190.0
3597.9363477,3597.932474153541,40485332190.0
14452.103908,14452.102943651242,40485332190.0
4198.355477,4198.352157331698,40485332190.0
2109.469878,2109.463271139798,40485332190.0
2980.6681291,2980.663453341047,40485332190.0
3980.2824382,3980.2789366044917,40485332190.0
3169.1977002,3169.193302610968,40485332190.0
1100.0288917,1100.0162220447842,40485332190.0
4436.8827345,4436.87959330306,40485332190.0
1518.2331237,1518.2239439313114,40485332190.0
6831.6436316,6831.641591456335,40485332190.0
6387.0659127,6387.063730611945,40485332190.0
2371.1689067,2371.163029056298,40485332190.0
2147.8263348,2147.819845904939,40485332190.0
3446.317216,3446.313172005793,40485332190.0
2175.5530027,2175.546596520618,40485332190.0
2375.27763,2375.271762421303,40485332190.0
4594.3831859,4594.380152339065,40485332190.0
6293.0475905,6293.04537590535,40485332190.0
3472.9296589,3472.9256458927284,40485332190.0
6263.0809616,6263.078736352052,40485332190.0
3474.7047758,3474.7007648626727,40485332190.0
7839.3564777,7839.354699813225,40485332190.0
3169.8884448,3169.884048195448,40485332190.0
5048.5384174,5048.535656814093,40485332190.0
3054.568157,3054.5635943042303,40485332190.0
1512.1277546,1512.1185378451687,40485332190.0
2359.4504389,2359.44453197935,40485332190.0
404.90173628,404.8673141605052,40485332190.0
3783.1113688,3783.107684839805,40485332190.0
16374.201699,16374.20084836651,40485332190.0
4924.6537887,4924.650958735922,40485332190.0
5800.2856804,5800.283277587138,40485332190.0
2653.4683804,2653.46312804326,40485332190.0
4676.650863,4676.647882940033,40485332190.0
2988.4129905,2988.4083267421456,40485332190.0
7688.0545754,7688.052762577683,40485332190.0
19702.091322,19702.090615049136,40485332190.0
2198.0587145,2198.052373994467,40485332190.0
5724.1558726,5724.153437821208,40485332190.0
4884.0910249,4884.088171303982,40485332190.0
6543.2338436,6543.23171368773,40485332190.0
10071.17645,10071.175066064932,40485332190.0
4539.6992636,4539.696193502095,40485332190.0
11933.127384,11933.126215815906,40485332190.0
6517.2767318,6517.274593423308,40485332190.0
3103.877845,3103.8733547884763,40485332190.0
3209.2923286,3209.2879859155387,40485332190.0
2827.0700327,2827.065102816694,40485332190.0
1701.3044523,1701.296260382231,40485332190.0
5895.6301532,5895.62778925206,40485332190.0
2811.1924007,2811.1874430091643,40485332190.0
4559.2800108,4559.27695391405,40485332190.0
6317.4521303,6317.449924261836,40485332190.0
8804.9247248,8804.923141987994,40485332190.0
5989.6295333,5989.627206458889,40485332190.0
10562.797488,10562.796167936212,40485332190.0
15074.828504,15074.827578909191,40485332190.0
2203.3258305,2203.319505102124,40485332190.0
2758.0537407,2758.048687487517,40485332190.0
3464.3046204,3464.3005973721733,40485332190.0
3318.4876396,3318.4834397173254,40485332190.0
2682.9500018,2682.944807118347,40485332190.0
11755.815492,11755.814306907696,40485332190.0
1440.5011529,1440.4914777343965,40485332190.0
2671.5506378,2671.545420942011,40485332190.0
4289.1400244,4289.136775106222,40485332190.0
7578.1241937,7578.122354634057,40485332190.0
1685.2949888,1685.2867190245256,40485332190.0
8860.4760381,8860.474465193282,40485332190.0
1622.3992197,1622.3906293014063,40485332190.0
8883.2815614,8883.279992526035,40485332190.0
15924.511938,15924.511063234739,40485332190.0
2397.2384093,2397.2325955252554,40485332190.0
1941.0735401,1941.0663600190455,40485332190.0
2301.111304,2301.1052473443738,40485332190.0
6889.6741311,6889.672108282437,40485332190.0
11592.021694,11592.020490967141,40485332190.0
1962.1790843,1962.1719814219562,40485332190.0
10821.714866,10821.713578119601,40485332190.0
614.46657344,614.4438915843853,40485332190.0
5407.0615777,5407.059000191551,40485332190.0
15261.388946,15261.388032324181,40485332190.0
3624.0681388,3624.0642930929353,40485332190.0
2507.540256,2507.5346979864285,40485332190.0
4100.3387703,4100.33537138983,40485332190.0
958.26091919,958.2463750369467,40485332190.0
885.37046708,885.354725519323,40485332190.0
2260.3664769,2260.360311024386,40485332190.0
4979.9606421,4979.957843498841,40485332190.0
812.85663949,812.8394936221499,40485332190.0
4038.2698505,4038.2663992179837,40485332190.0
1072.3800541,1072.3670576814864,40485332190.0
1583.4632901,1583.4544884480565,40485332190.0
6186.7324216,6186.730168852208,40485332190.0
2504.0806026,2504.0750368510417,40485332190.0
5535.4111907,5535.408672935017,40485332190.0
4593.564211,4593.561177034043,40485332190.0
1626.0768929,1626.06832199264,40485332190.0
3423.1243503,3423.120278799529,40485332190.0
2804.4638894,2804.458919842417,40485332190.0
1446.2895555,1446.2799190789638,40485332190.0
359.48668147,359.44791025935314,40485332190.0
5281.8036091,5281.800970451832,40485332190.0
2327.5324189,2327.5264309977792,40485332190.0
3016.4533005,3016.44868019771,40485332190.0
10752.056783,10752.055486701565,40485332190.0
7876.5189813,7876.5172118029805,40485332190.0
4043.2949567,4043.2915097810346,40485332190.0
3608.0604491,3608.0565864444497,40485332190.0
2658.5398706,2658.534628281556,40485332190.0
2747.4947672,2747.489694588653,40485332190.0
2424.2904874,2424.2847385021432,40485332190.0
3015.1632108,3015.158588510453,40485332190.0
4404.7666312,4404.763467112064,40485332190.0
6281.8787376,6281.876518945791,40485332190.0
4735.6702991,4735.667356096557,40485332190.0
1743.6258776,1743.6178844984684,40485332190.0
9992.7587864,9992.75739170662,40485332190.0
5265.3667533,5265.364106369448,40485332190.0
3823.4347634,3823.4311183191157,40485332190.0
1334.1610374,1334.1505910970116,40485332190.0
3056.9566813,3056.9521222576777,40485332190.0
4835.84088,4835.837997926677,40485332190.0
3103.473908,3103.4694171861756,40485332190.0
3245.7876081,3245.7833142330915,40485332190.0
7619.2125818,7619.210752563896,40485332190.0
5641.9001016,5641.897631391905,40485332190.0
2619.9558702,2619.9505505577554,40485332190.0
6041.9820743,6041.979767615224,40485332190.0
1999.377886,1999.3709153185632,40485332190.0
3955.0840111,3955.080487227046,40485332190.0
25933.170233,25933.169695806653,40485332190.0
2657.2795606,2657.2743157214677,40485332190.0
6798.3856612,6798.383611184183,40485332190.0
4368.0603255,4368.057134786344,40485332190.0
4364.9363101,4364.933117156764,40485332190.0
17667.449736,17667.448947419438,40485332190.0
1455.4092048,1455.399628747889,40485332190.0
1256.6524143,1256.6413236485862,40485332190.0
722.99030021,722.9710230923664,40485332190.0
11428.54074,11428.539520201683,40485332190.0
7745.8137977,7745.811998383241,40485332190.0
2835.7557065,2835.7507916895,40485332190.0
475.61340276,475.5840986888788,40485332190.0
5651.144356,5651.1418897532485,40485332190.0
1196.004986,1195.9933330439708,40485332190.0
302.15666441,302.1105358725923,40485332190.0
14808.722891,14808.721949475726,40485332190.0
5869.0544761,5869.052101430973,40485332190.0
4898.3550625,4898.352217295779,40485332190.0
646.15979889,646.1382295812621,40485332190.0
2060.8512184,2060.844455688132,40485332190.0
3773.6512606,3773.647567418327,40485332190.0
7991.7043761,7991.702632152115,40485332190.0
3131.3604606,3131.35600979049,40485332190.0
2199.4291587,2199.422822076909,40485332190.0
8175.7533407,8175.751635988699,40485332190.0
2477.2865426,2477.2809167740484,40485332190.0
2632.0648687,2632.059573681541,40485332190.0
11407.238785,11407.237563875866,40485332190.0
3126.1533423,3126.148884101038,40485332190.0
4443.493457,4443.490320598236,40485332190.0
558.01716654,557.9921900764467,40485332190.0
2042.2192094,2042.2123849767129,40485332190.0
5072.8308201,5072.828072688786,40485332190.0
3161.7106183,3161.706210249562,40485332190.0
7811.6883156,7811.686531510539,40485332190.0
2351.7204772,2351.7145509170955,40485332190.0
3924.2137006,3924.21014900349,40485332190.0
7543.8397263,7543.837878873378,40485332190.0
3395.7991322,3395.7950279488255,40485332190.0
1246.7698971,1246.7587185886143,40485332190.0
8450.9282778,8450.926628602334,40485332190.0
3830.5769263,3830.573287879129,40485332190.0
4588.5788014,4588.575764138524,40485332190.0
954.47778369,954.4631818874998,40485332190.0
1833.5873731,1833.5797721395188,40485332190.0
653.28039695,653.2590627543832,40485332190.0
2121.9325661,2121.925998040572,40485332190.0
2112.1365976,2112.1299991357087,40485332190.0
3665.9998425,3665.9960408561674,40485332190.0
3324.5135777,3324.509385542446,40485332190.0
3732.8696613,3732.865927776226,40485332190.0
1307.2226185,1307.2119570020393,40485332190.0
9599.2521038,9599.25065198069,40485332190.0
1598.0271384,1598.0184170239738,40485332190.0
8997.7809454,8997.779396432148,40485332190.0
4338.8176294,4338.8144172789725,40485332190.0
3779.9671662,3779.9634790833065,40485332190.0
1992.7678464,1992.7608526760002,40485332190.0
5218.3391499,5218.336479119069,40485332190.0
12817.193759,12817.192671467012,40485332190.0
9338.6900779,9338.688585458829,40485332190.0
851.76186295,851.7455002625987,40485332190.0
3672.0139021,3672.010106615614,40485332190.0
7374.4635412,7374.461651332904,40485332190.0
693.6622753,693.6421831225315,40485332190.0
26016.739034,26016.738498675666,40485332190.0
4348.1089246,4348.105719219868,40485332190.0
8456.2658024,8456.264154273911,40485332190.0
2224.2577169,2224.2514510107835,40485332190.0
7143.3017745,7143.299823483711,40485332190.0
3296.6758149,3296.671587325157,40485332190.0
4856.7172112,4856.714341520121,40485332190.0
3759.7394263,3759.7357193883317,40485332190.0
3646.7608256,3646.7570038525046,40485332190.0
2884.2238342,2884.2190020438375,40485332190.0
4909.9646395,4909.961800999097,40485332190.0
7196.0473926,7196.045455843844,40485332190.0
3141.7802601,3141.7758241201373,40485332190.0
4431.9587855,4431.955640813815,40485332190.0
5586.4293436,5586.426848872197,40485332190.0
4966.4151424,4966.412336139874,40485332190.0
3223.7615533,3223.757230117975,40485332190.0
2130.5948856,2130.5883442478294,40485332190.0
5653.0565383,5653.054072909457,40485332190.0
3975.1974065,3975.1939005080794,40485332190.0
7209.9441316,7209.942198661099,40485332190.0
12663.862919,12663.861818884314,40485332190.0
888.44749807,888.4318110379077,40485332190.0
8785.6176487,8785.616062412555,40485332190.0
4628.5227239,4628.519712797427,40485332190.0
6641.1513518,6641.149253222131,40485332190.0
3050.5354226,3050.530853923797,40485332190.0
10032.335535,10032.334145535693,40485332190.0
1047.0889044,1047.075594180057,40485332190.0
10596.95056,10596.94924476565,40485332190.0
2755.3552637,2755.3502055552353,40485332190.0
3316.4586043,3316.454401922061,40485332190.0
2362.2688466,2362.262946781851,40485332190.0
6479.6036184,6479.601467445367,40485332190.0
3147.4156845,3147.4112564344964,40485332190.0
6333.3858522,6333.383651647607,40485332190.0
4742.0352955,4742.032356436272,40485332190.0
10855.426481,10855.425197065297,40485332190.0
14209.482908,14209.481927720559,40485332190.0
8981.6701759,8981.668624166288,40485332190.0
654.68062446,654.6593358947763,40485332190.0
4195.2784568,4195.2751347412795,40485332190.0
4020.8370083,4020.8335421698157,40485332190.0
4974.9432886,4974.940487169054,40485332190.0
9633.5865976,9633.585150917997,40485332190.0
4880.8965176,4880.8936622396795,40485332190.0
4611.3861958,4611.383173454461,40485332190.0
3741.8337072,3741.829982593121,40485332190.0
1416.5731231,1416.563284615102,40485332190.0
5635.7781811,5635.775708158137,40485332190.0
5745.7256921,5745.723266495229,40485332190.0
1829.6076947,1829.6000772139525,40485332190.0
14865.593672,14865.592734569955,40485332190.0
2610.5490998,2610.5437611494826,40485332190.0
3834.0123029,3834.008667735414,40485332190.0
2343.9464626,2343.9405166184492,40485332190.0
2455.4969494,2455.4912735262683,40485332190.0
4401.091705,4401.088538269057,40485332190.0
3332.9661839,3332.9620022614795,40485332190.0
2356.597226,2356.591311942977,40485332190.0
1359.5206748,1359.5104233176623,40485332190.0
1565.1726499,1565.1637454804372,40485332190.0
1330.5537622,1330.5432875390627,40485332190.0
2202.0492131,2202.0428840392433,40485332190.0
6591.5259713,6591.523856924298,40485332190.0
4042.0263243,4042.022876294407,40485332190.0
2805.939297,2805.9343300267255,40485332190.0
2714.2937172,2714.288582600539,40485332190.0
11358.49404,11358.49281374919,40485332190.0
2868.685706,2868.6808476720457,40485332190.0
5660.817992,5660.81552992641,40485332190.0
7422.5248512,7422.522973606914,40485332190.0
2852.8028018,2852.7979164585263,40485332190.0
1058.3500258,1058.3368570800765,40485332190.0
9608.7445824,9608.743131923997,40485332190.0
5370.1036288,5370.101033544277,40485332190.0
2221.8650926,2221.8588199906753,40485332190.0
5027.9950663,5027.992294431038,40485332190.0
1059.8040756,1059.7909249998431,40485332190.0
3731.6368543,3731.6331194917925,40485332190.0
7530.251758,7530.249907240736,40485332190.0
5796.632297,5796.629892613154,40485332190.0
1517.1556053,1517.1464190350491,40485332190.0
8130.8307855,8130.829071368383,40485332190.0
3264.0863445,3264.0820747674807,40485332190.0
1320.4911643,1320.4806098763602,40485332190.0
5415.3627933,5415.360219713736,40485332190.0
11273.412799,11273.411562746314,40485332190.0
7311.3783092,7311.376403022396,40485332190.0
6576.7093521,6576.7072329016655,40485332190.0
2180.4762989,2180.4699072486305,40485332190.0
1810.7154739,1810.7077768941497,40485332190.0
17392.512852,17392.51205015597,40485332190.0
2129.3202617,2129.3137164361046,40485332190.0
2307.7538419,2307.747802702733,40485332190.0
11056.817962,11056.816701476513,40485332190.0
8783.3559587,8783.354371913842,40485332190.0
2792.1004194,2792.095427887711,40485332190.0
2099.767457,2099.7608195872485,40485332190.0
5880.3431862,5880.340816074147,40485332190.0
1892.088196,1892.0808299908529,40485332190.0
3100.628212,3100.6237171729053,40485332190.0
1193.2791188,1193.2674391887251,40485332190.0
3692.897506,3692.893732010807,40485332190.0
1947.4440819,1947.4369253346704,40485332190.0
9021.8409007,9021.839355935457,40485332190.0
4871.972743,4871.969882308998,40485332190.0
3792.3102647,3792.306589692774,40485332190.0
5300.5020407,5300.499411330929,40485332190.0
1618.9056163,1618.8970073873586,40485332190.0
3624.6650413,3624.661196331526,40485332190.0
3558.4212905,3558.417373855358,40485332190.0
3343.0886458,3343.084476879141,40485332190.0
743.77776809,743.7590297557261,40485332190.0
994.29145472,994.2774376285747,40485332190.0
5765.6810303,5765.678613040567,40485332190.0
2285.5584193,2285.5523214993577,40485332190.0
1018.032312,1018.0186218121602,40485332190.0
1963.7116046,1963.7045072976111,40485332190.0
3725.7121037,3725.708362940468,40485332190.0
1247.6747775,1247.663607028913,40485332190.0
5932.3821957,5932.379846419025,40485332190.0
4118.0360895,4118.032705073203,40485332190.0
3179.884839,3179.8804561309785,40485332190.0
4926.2574303,4926.254601197819,40485332190.0
4069.5495019,4069.546077175794,40485332190.0
1361.8437034,1361.8334694038567,40485332190.0
3622.8803493,3622.8765023013616,40485332190.0
11077.180726,11077.179467443548,40485332190.0
3608.3375356,3608.3336730649307,40485332190.0
3338.3374672,3338.333292315869,40485332190.0
11264.289431,11264.288193506234,40485332190.0
6588.5812958,6588.579180441777,40485332190.0
12687.757898,12687.756799891144,40485332190.0
4484.4526155,4484.449507620474,40485332190.0
36727.398544,36727.39816502056,40485332190.0
5302.6459158,5302.64328757884,40485332190.0
7366.847248,7366.845356110859,40485332190.0
2073.81788,2073.8111595478445,40485332190.0
5881.3988535,5881.396483847948,40485332190.0
11252.236388,11252.235149204913,40485332190.0
4177.3767824,4177.373446091179,40485332190.0
3702.8197433,3702.81597947812,40485332190.0
1513.2919291,1513.282719327247,40485332190.0
5501.1296895,5501.127155970145,40485332190.0
2992.8721984,2992.867541730033,40485332190.0
8704.7156563,8704.714055231932,40485332190.0
2750.5617348,2750.5566678074842,40485332190.0
9318.9061872,9318.904691637032,40485332190.0
1979.2759328,1979.2688913057966,40485332190.0
7513.3124812,7513.310626261695,40485332190.0
1117.0208018,1117.0083247542964,40485332190.0
4771.0739961,4771.071074905567,40485332190.0
8907.6318758,8907.630311227476,40485332190.0
4296.4872813,4296.484037495556,40485332190.0
1276.3746585,1276.3637392285107,40485332190.0
11353.551964,11353.55073558861,40485332190.0
2403.6528826,2403.64708435203,40485332190.0
756.896637,756.8782234545366,40485332190.0
6508.0865279,6508.084386413375,40485332190.0
1100.8990455,1100.8863858021941,40485332190.0
1191.0818977,1191.0701965911626,40485332190.0
2239.4672651,2239.46104167221,40485332190.0
4323.5552359,4323.552012483037,40485332190.0
2173.0879862,2173.081572748286,40485332190.0
7366.6954405,7366.693548576765,40485332190.0
2705.5134599,2705.5083085907613,40485332190.0
10413.305896,10413.304557033634,40485332190.0
2738.0594218,2738.0543316989592,40485332190.0
5937.2544625,5937.2521151284,40485332190.0
1828.8490008,1828.841380198906,40485332190.0
24472.876793,24472.87622286241,40485332190.0
5969.5840722,5969.581737545896,40485332190.0
12423.550594,12423.549472597273,40485332190.0
1712.2757636,1712.2676241780043,40485332190.0
7517.9743767,7517.972522954007,40485332190.0
796.98456043,796.9670730941882,40485332190.0
302.16249412,302.1163664741733,40485332190.0
1887.6639686,1887.6565854862597,40485332190.0
3292.8616434,3292.8574108550883,40485332190.0
1033.2795545,1033.2660663112188,40485332190.0
2136.041214,2136.0346892442244,40485332190.0
845.38469902,845.3682128994991,40485332190.0
17237.512937,17237.512128528488,40485332190.0
8394.2123755,8394.210715250258,40485332190.0
5084.2480033,5084.245262065129,40485332190.0
5436.0360496,5436.033485712305,40485332190.0
21115.253547,21115.252887059327,40485332190.0
6621.3127417,6621.310636826043,40485332190.0
8151.8445188,8151.8428091487895,40485332190.0
2773.177603,2773.1725773792678,40485332190.0
14627.759415,14627.758462445368,40485332190.0
2518.3011852,2518.295650921449,40485332190.0
2417.1895392,2417.1837734570213,40485332190.0
603.25893194,603.2358286724362,40485332190.0
9981.9800057,9981.978609496218,40485332190.0
7159.8045968,7159.802650236211,40485332190.0
3288.0130004,3288.008761724987,40485332190.0
8209.9635267,8209.961829088918,40485332190.0
4141.5340138,4141.530648555564,40485332190.0
3720.8198656,3720.816119919681,40485332190.0
4855.1519405,4855.149069980207,40485332190.0
9491.8698742,9491.868405940339,40485332190.0
3886.0742754,3886.0706890415604,40485332190.0
5757.016364,5757.013943171775,40485332190.0
6413.2073621,6413.205188930496,40485332190.0
1668.1817868,1668.173432224429,40485332190.0
5201.6102489,5201.607569597562,40485332190.0
2585.5344998,2585.5291094167783,40485332190.0
813.47817669,813.4610439261123,40485332190.0
4734.0324098,4734.029465855468,40485332190.0
140.73822916,140.63916659332435,40485332190.0
7159.4063477,7159.404400973491,40485332190.0
4652.4038977,4652.400902028013,40485332190.0
2053.2892844,2053.28249670669,40485332190.0
107.54052499,107.41084931413172,40485332190.0
8725.7980315,8725.796434203685,40485332190.0
13785.800274,13785.79926229401,40485332190.0
407.08429408,407.0500565255249,40485332190.0
3259.0362255,3259.031949019902,40485332190.0
4678.8933043,4678.890325629455,40485332190.0
4360.4774865,4360.474290300018,40485332190.0
7364.0540368,7364.052144298588,40485332190.0
2503.9096063,2503.904040251024,40485332190.0
4095.2478469,4095.24444375987,40485332190.0
7403.0451613,7403.043278706528,40485332190.0
2361.0582216,2361.052318786537,40485332190.0
682.19707953,682.1766496623248,40485332190.0
11095.773379,11095.772123412817,40485332190.0
4138.0311732,4138.027805186111,40485332190.0
1332.9888322,1332.9783766462501,40485332190.0
2824.9116975,2824.9067638531906,40485332190.0
3096.1534355,3096.1489341569786,40485332190.0
2671.0374117,2671.0321938955444,40485332190.0
2922.3769576,2922.3721885080163,40485332190.0
2749.1404138,2749.1353442152167,40485332190.0
17691.432388,17691.431599897416,40485332190.0
5250.5154813,5250.512826894697,40485332190.0
1784.7083237,1784.7005146204967,40485332190.0
2132.0891423,2132.082605521659,40485332190.0
2691.533572,2691.528393880486,40485332190.0
6311.7172433,6311.7150351969,40485332190.0
1525.9252675,1525.916134006478,40485332190.0
1483.4952737,1483.4858789725208,40485332190.0
7370.7575884,7370.755697530024,40485332190.0
2539.9239162,2539.918428965058,40485332190.0
1958.9758042,1958.9686897729348,40485332190.0
3876.9585479,3876.954953122717,40485332190.0
2081.1913837,2081.1846870217755,40485332190.0
20492.141536,20492.140855798178,40485332190.0
1120.6774875,1120.6650511844614,40485332190.0
4169.0012151,4168.99787212041,40485332190.0
2358.9397246,2358.93381643195,40485332190.0
3091.6393748,3091.634866924306,40485332190.0
1989.8543126,1989.8473085377345,40485332190.0
6506.1829367,6506.180794591851,40485332190.0
3643.4878732,3643.484048020705,40485332190.0
3952.4652606,3952.4617343918667,40485332190.0
4814.2658014,4814.262906418868,40485332190.0
4134.14928,4134.145908838184,40485332190.0
1971.9549414,1971.9478737586946,40485332190.0
4380.9941871,4380.991005807708,40485332190.0
223.31575656,223.2533385226207,40485332190.0
4893.5788349,4893.575986825981,40485332190.0
1837.1061269,1837.0985405926945,40485332190.0
1994.7376715,1994.7306846503177,40485332190.0
10667.641874,10667.640567160124,40485332190.0
3744.9252401,3744.921518532694,40485332190.0
533.45707533,533.4309489141689,40485332190.0
3187.8696455,3187.8652735375495,40485332190.0
4801.6379348,4801.635032227831,40485332190.0
4273.4149366,4273.411675197141,40485332190.0
5225.7979844,5225.795317445168,40485332190.0
1452.5011266,1452.491531320159,40485332190.0
2390.5821651,2390.5763352371523,40485332190.0
8849.0296837,8849.028108692775,40485332190.0
12491.160477,12491.15936117042,40485332190.0
4441.4482419,4441.445103997237,40485332190.0
2671.4958239,2671.4906070166244,40485332190.0
2835.1826692,2835.177753546442,40485332190.0
4722.1993595,4722.196408098995,40485332190.0
1036.8809329,1036.8674916217367,40485332190.0
2210.5952017,2210.5888970695532,40485332190.0
3724.2369905,3724.233248212578,40485332190.0
2654.1099533,2654.104702206623,40485332190.0
15583.10308,15583.102185901125,40485332190.0
3086.4625289,3086.4580133342547,40485332190.0
2315.1803565,2315.1743366511123,40485332190.0
4650.6549149,4650.651918057446,40485332190.0
9491.1521817,9491.150713273633,40485332190.0
14398.699039,14398.698071473817,40485332190.0
608.49591198,608.4730075574067,40485332190.0
4477.6592732,4477.65616063428,40485332190.0
8596.1094759,8596.107854595417,40485332190.0
2727.7098344,2727.7047249824254,40485332190.0
7369.1857198,7369.183828496519,40485332190.0
3513.448689,3513.4447222870735,40485332190.0
2912.5870644,2912.5822792979593,40485332190.0
5817.3228292,5817.320433441508,40485332190.0
13757.247265,13757.246251129734,40485332190.0
3918.3419845,3918.338427610098,40485332190.0
15509.953883,15509.952984272393,40485332190.0
4840.9039161,4840.901037057363,40485332190.0
2186.4101138,2186.4037393424155,40485332190.0
4199.4206581,4199.4173393085675,40485332190.0
1983.222799,1983.2157715936232,40485332190.0
6350.6404467,6350.638252114255,40485332190.0
1612.3768323,1612.368188575273,40485332190.0
8588.188023,8588.186400120701,40485332190.0
3225.1305724,3225.126251050176,40485332190.0
6823.8432326,6823.8411902373455,40485332190.0
5098.3902777,5098.387544025004,40485332190.0
8466.2213687,8466.21972252984,40485332190.0
14968.557405,14968.556474321109,40485332190.0
395.68985798,395.65463443264844,40485332190.0
3515.6870788,3515.6831145734245,40485332190.0
7650.4211739,7650.419352138092,40485332190.0
4819.6697231,4819.666831397819,40485332190.0
4559.2445555,4559.241498702273,40485332190.0
2720.2742776,2720.2691542305374,40485332190.0
10270.277168,10270.275811501637,40485332190.0
5874.8186173,5874.8162449683105,40485332190.0
1810.2565753,1810.2488763934573,40485332190.0
2964.2223401,2964.2176384265485,40485332190.0
1128.5744203,1128.5620710513936,40485332190.0
4097.7484562,4097.745055094909,40485332190.0
10313.377074,10313.375722872523,40485332190.0
14391.539995,14391.539026731683,40485332190.0
9725.8207471,9725.819314129827,40485332190.0
919.90657478,919.8914242259357,40485332190.0
8897.0050972,8897.003530663771,40485332190.0
6553.3143935,6553.312266775546,40485332190.0
3754.3384374,3754.3347251753453,40485332190.0
3933.6265045,3933.622961457544,40485332190.0
2674.0847563,2674.0795443641014,40485332190.0
7975.1377013,7975.135953818552,40485332190.0
1766.9964771,1766.988589707906,40485332190.0
1956.7015165,1956.6943937965332,40485332190.0
4188.6344199,4188.631092624274,40485332190.0
3405.897546,3405.893453938436,40485332190.0
1712.0497677,1712.041627210843,40485332190.0
2271.1810339,2271.174897453271,40485332190.0
3281.6976447,3281.693397823833,40485332190.0
4355.7636009,4355.760401170508,40485332190.0
8201.9389475,8201.937248299922,40485332190.0
4130.9087746,4130.905400750123,40485332190.0
4435.7386429,4435.735500950053,40485332190.0
5130.0560054,5130.053288635527,40485332190.0
11149.826583,11149.825332313216,40485332190.0
9496.1807127,9496.179245054658,40485332190.0
7838.6594428,7838.657664817699,40485332190.0
4907.5200663,4907.517226395887,40485332190.0
8541.8754722,8541.873840622266,40485332190.0
7941.355586,7941.3538309886235,40485332190.0
7341.9678493,7341.965950994509,40485332190.0
2837.183235,2837.1783227263863,40485332190.0
10393.708997,10393.707655683796,40485332190.0
2445.7050765,2445.699377967237,40485332190.0
2813.0955025,2813.090548168136,40485332190.0
994.07211775,994.0580975642824,40485332190.0
11778.872801,11778.871618043688,40485332190.0
13524.559327,13524.558296381118,40485332190.0
3651.3304137,3651.326596741763,40485332190.0
7108.4387349,7108.4367741941,40485332190.0
5908.6276432,5908.625284491384,40485332190.0
4334.0106742,4334.007458491844,40485332190.0
6248.5345311,6248.532300645554,40485332190.0
2598.7905486,2598.7851857335368,40485332190.0
4300.3295167,4300.326275739973,40485332190.0
2693.3031911,2693.2980164100013,40485332190.0
2121.004732,2120.998161040861,40485332190.0
2722.6418563,2722.6367372854115,40485332190.0
819.03521299,819.0181964694345,40485332190.0
5872.1539794,5872.151606036163,40485332190.0
2022.9541343,2022.947244873672,40485332190.0
6840.2176845,6840.215647015402,40485332190.0
4072.5636864,4072.5602641661717,40485332190.0
3855.7535357,3855.7499210904207,40485332190.0
3143.8879071,3143.8834740615375,40485332190.0
8399.3785216,8399.376862306344,40485332190.0
3810.4203764,3810.416718867531,40485332190.0
3471.3178245,3471.313809527125,40485332190.0
1899.6825597,1899.6752232192387,40485332190.0
3061.2648222,3061.2602695145038,40485332190.0
3269.1225412,3269.11827796011,40485332190.0
1171.9368458,1171.9249534813225,40485332190.0
1854.9182205,1854.9107070403973,40485332190.0
5975.2367247,5975.234392275743,40485332190.0
4541.0327192,4541.0296500476425,40485332190.0
11251.294467,11251.293228581186,40485332190.0
1684.0556036,1684.0473277544215,40485332190.0
5602.391508,5602.389020360208,40485332190.0
2669.3985827,2669.3933617015578,40485332190.0
2188.7908123,2188.7844449033073,40485332190.0
4698.0131543,4698.010187721443,40485332190.0
2719.9978335,2719.9927096403976,40485332190.0
13645.208648,13645.207626694555,40485332190.0
8066.0470279,8066.0453000286525,40485332190.0
2592.8457643,2592.840389133003,40485332190.0
1228.124847,1228.113498722884,40485332190.0
2219.0414448,2219.0351640737886,40485332190.0
7906.4489672,7906.447204537917,40485332190.0
3663.377489,3663.3736845786534,40485332190.0
6993.3594382,6993.357445269868,40485332190.0
5258.611238,5258.608587654603,40485332190.0
1590.5216357,1590.512873194171,40485332190.0
4793.8676722,4793.864764901845,40485332190.0
4165.1791276,4165.175781539581,40485332190.0
1934.6601968,1934.6529929829624,40485332190.0
1854.6085587,1854.6010439146569,40485332190.0
701.87870783,701.8588508638131,40485332190.0
4343.2726856,4343.26947679215,40485332190.0
1992.4713675,1992.464372692612,40485332190.0
3286.5639651,3286.55972454537,40485332190.0
1580.7121367,1580.703319778058,40485332190.0
5628.1389918,5628.136515481933,40485332190.0
9356.6703537,9356.668864162843,40485332190.0
1523.8828007,1523.8736548921233,40485332190.0
4129.6735106,4129.670135779945,40485332190.0
8672.7136295,8672.712022528274,40485332190.0
5522.537507,5522.534983328588,40485332190.0
11405.255035,11405.253812557092,40485332190.0
3640.7659978,3640.762169776907,40485332190.0
6396.3754668,6396.373287853039,40485332190.0
2544.779563,2544.774086301188,40485332190.0
739.04045415,739.0215956932019,40485332190.0
3114.0085008,3114.004025207031,40485332190.0
1380.1346986,1380.1246002823584,40485332190.0
2301.0329614,2301.026904569041,40485332190.0
1227.3723883,1227.3610330858937,40485332190.0
4627.2712456,4627.268233657248,40485332190.0
1185.431191,1185.419434103494,40485332190.0
3751.2946275,3751.2909122112646,40485332190.0
6182.0671844,6182.064929940997,40485332190.0
7281.4009041,7281.398990102827,40485332190.0
1473.9372419,1473.9277861670832,40485332190.0
4444.5104926,4444.507356791478,40485332190.0
16320.771831,16320.770976301847,40485332190.0
3384.3424826,3384.3383644999344,40485332190.0
4864.9115909,4864.908726033366,40485332190.0
6359.6418211,6359.639629570114,40485332190.0
10290.622378,10290.621023805663,40485332190.0
3982.820529,3982.8170297399142,40485332190.0
2598.2291397,2598.2237756211325,40485332190.0
4243.3664878,4243.363203372324,40485332190.0
5872.8809557,5872.878582595194,40485332190.0
2848.1138052,2848.1089118070863,40485332190.0
724.01417734,723.9949274786528,40485332190.0
14312.834671,14312.833696656251,40485332190.0
2912.7356578,2912.730872881746,40485332190.0
2726.7060226,2726.700911295975,40485332190.0
3180.4631501,3180.4587680631666,40485332190.0
3459.1810058,3459.1769767978594,40485332190.0
5627.9807906,5627.978314218445,40485332190.0
3129.488012,3129.4835585301107,40485332190.0
3609.0084285,3609.004566722924,40485332190.0
2995.2618903,2995.257237288337,40485332190.0
6226.0126218,6226.01038335404,40485332190.0
3527.6903281,3527.6863774372914,40485332190.0
5791.8565404,5791.85413407243,40485332190.0
13479.422703,13479.421668786119,40485332190.0
4290.8280492,4290.8248011182695,40485332190.0
9597.803012,9597.80155987461,40485332190.0
9993.3172347,9993.315840056901,40485332190.0
11830.889864,11830.888685956837,40485332190.0
2120.2597468,2120.253173493853,40485332190.0
3725.1690214,3725.1652801059527,40485332190.0
3179.7980483,3179.793665281917,40485332190.0
515.59793193,515.5709005032859,40485332190.0
3228.1798687,3228.1755513956105,40485332190.0
1952.9311263,1952.923989851232,40485332190.0
12582.611114,12582.610006241106,40485332190.0
6929.732559,6929.730547810173,40485332190.0
4062.3797839,4062.376353165869,40485332190.0
2534.8319486,2534.8264504263384,40485332190.0
6161.7148769,6161.712615042081,40485332190.0
2039.0174373,2039.01060206176,40485332190.0
2878.5618853,2878.5570435933532,40485332190.0
6335.1147818,6335.112581856074,40485332190.0
9891.960508,9891.959099129519,40485332190.0
6339.960007,6339.957808685339,40485332190.0
7676.4549436,7676.453128123384,40485332190.0
2810.3306576,2810.325698347944,40485332190.0
8969.0246173,8969.023063403252,40485332190.0
3442.7522841,3442.748235832949,40485332190.0
5512.4943446,5512.491816402205,40485332190.0
3660.300622,3660.2968143434377,40485332190.0
3412.5349757,3412.53089169023,40485332190.0
3885.4511922,3885.4476051562146,40485332190.0
2759.0856231,2759.080571799572,40485332190.0
1335.8903301,1335.8798972814097,40485332190.0
5117.1024999,5117.0997763036685,40485332190.0
6198.7858337,6198.78358533259,40485332190.0
2988.0418904,2988.0372261471225,40485332190.0
2648.1221571,2648.116894140508,40485332190.0
6274.4268141,6274.424592867906,40485332190.0
4490.3586617,4490.355557926353,40485332190.0
7029.2962102,7029.2942275220275,40485332190.0
8416.9487276,8416.94707179731,40485332190.0
3129.3611245,3129.3566708730655,40485332190.0
1775.273168,1775.2653174208335,40485332190.0
10954.028726,10954.027453696875,40485332190.0
3522.0102663,3522.006309112602,40485332190.0
3824.2030786,3824.1994342066705,40485332190.0
1387.0033991,1386.9933507523053,40485332190.0
2592.3475021,2592.34212591957,40485332190.0
2032.0403237,2032.0334651088015,40485332190.0
1238.5791631,1238.5679106794946,40485332190.0
5573.2813095,5573.278808850092,40485332190.0
4660.2559682,4660.252977643866,40485332190.0
2966.0314834,2966.02678452197,40485332190.0
4210.6362214,4210.6329115333,40485332190.0
2458.6296611,2458.6239924150623,40485332190.0
5052.9501959,5052.947437668458,40485332190.0
2307.9075682,2307.9015294665965,40485332190.0
3665.8076131,3665.803811206435,40485332190.0
7786.0458555,7786.044065512636,40485332190.0
1284.6598472,1284.6489983581491,40485332190.0
737.64054546,737.6216512158969,40485332190.0
6641.6494873,6641.647388882299,40485332190.0
15504.898689,15504.897789928562,40485332190.0
6650.3702494,6650.368153753411,40485332190.0
1203.2372744,1203.2256914203845,40485332190.0
12034.450563,12034.44940496141,40485332190.0
5344.7810456,5344.7784380248495,40485332190.0
3210.0566087,3210.052267071745,40485332190.0
8590.2846674,8590.283044974518,40485332190.0
8057.0146614,8057.01293158453,40485332190.0
1782.8659861,1782.858168843628,40485332190.0
1756.7642156,1756.7562821824524,40485332190.0
930.94581176,930.9308408563364,40485332190.0
7984.9542508,7984.952505389851,40485332190.0
5325.7870026,5325.784385704613,40485332190.0
9147.7700472,9147.76852361829,40485332190.0
6469.7665279,6469.764373722967,40485332190.0
1409.4792542,1409.4693662059487,40485332190.0
6639.5597187,6639.557619578132,40485332190.0
2535.6981203,2535.6926239436148,40485332190.0
1199.1033232,1199.0917003736533,40485332190.0
10042.750365,10042.748977729134,40485332190.0
1814.5362289,1814.5285482231818,40485332190.0
3495.7927886,3495.7888018818308,40485332190.0
2062.2586867,2062.251928589145,40485332190.0
7595.8993371,7595.897502341167,40485332190.0
4121.9723476,4121.9689664663065,40485332190.0
4626.317326,4626.314313493815,40485332190.0
8198.863202,8198.861502181371,40485332190.0
2849.0977777,2849.0928859522805,40485332190.0
3973.587398,3973.58389060076,40485332190.0
4758.9186062,4758.915677682945,40485332190.0
6102.2111051,6102.208821125166,40485332190.0
8536.7299437,8536.728311120578,40485332190.0
3275.2623986,3275.2581434364597,40485332190.0
5693.8909999,5693.888552200724,40485332190.0
470.16076445,470.13112049916276,40485332190.0
3119.55099,3119.5465224018612,40485332190.0
15382.503451,15382.502544996347,40485332190.0
7078.8239169,7078.8219481143715,40485332190.0
1212.5274449,1212.5159506441307,40485332190.0
8486.0644494,8486.062807084427,40485332190.0
829.5136156,829.4968140430967,40485332190.0
2378.0241604,2378.0182996465987,40485332190.0
6985.6041926,6985.602197425413,40485332190.0
2174.0945516,2174.088141122945,40485332190.0
6273.2138287,6273.211606985546,40485332190.0
6227.3373172,6227.335079128398,40485332190.0
4491.2352756,4491.232172472078,40485332190.0
10984.898092,10984.896823343894,40485332190.0
4240.934427,4240.931140669869,40485332190.0
3677.2616363,3677.257846253148,40485332190.0
10353.425083,10353.42373711129,40485332190.0
1750.7621305,1750.7541700218594,40485332190.0
3878.3677414,3878.36414787267,40485332190.0
474.94038549,474.9110398930253,40485332190.0
3721.9699787,3721.9662341330118,40485332190.0
5514.0515284,5514.049000905025,40485332190.0
1694.9186658,1694.910442980595,40485332190.0
5242.2326026,5242.22994403915,40485332190.0
1523.8029641,1523.7938178736308,40485332190.0
2795.3076786,2795.3026927977226,40485332190.0
22616.319132,22616.3185155527,40485332190.0
2019.1278607,2019.1209582864487,40485332190.0
2750.1576586,2750.152590952379,40485332190.0
6292.173766,6292.17155109633,40485332190.0
1223.9661338,1223.9547469877266,40485332190.0
3164.2776613,3164.2732567801772,40485332190.0
1364.5372613,1364.5270475794625,40485332190.0
3609.5065388,3609.5026775823944,40485332190.0
1922.6681191,1922.660870319042,40485332190.0
5771.4351264,5771.432711606154,40485332190.0
2035.6361252,2035.6292786189183,40485332190.0
8907.1301734,8907.128608698376,40485332190.0
12055.06319,12055.062033492031,40485332190.0
2022.6396828,2022.6327923153426,40485332190.0
14120.661283,14120.660295754482,40485332190.0
2619.4593151,2619.453994535461,40485332190.0
2461.4128879,2461.4072256989316,40485332190.0
7995.1633025,7995.16155931269,40485332190.0
1357.6123139,1357.6020480024501,40485332190.0
5435.2396099,5435.237045720819,40485332190.0
11460.275792,11460.274575907486,40485332190.0
5659.7004613,5659.697998793838,40485332190.0
2165.0088495,2165.0024121344186,40485332190.0
2509.6013665,2509.5958129799064,40485332190.0
4880.0911212,4880.0882653168555,40485332190.0
13906.289109,13906.28810679715,40485332190.0
4446.5676118,4446.5644774337625,40485332190.0
1895.8220752,1895.814723791774,40485332190.0
3070.4244897,3070.4199506120463,40485332190.0
851.34769205,851.3313214004874,40485332190.0
4338.9926539,4338.989441881702,40485332190.0
6405.9838908,6405.981715187714,40485332190.0
8653.2320278,8653.23041714701,40485332190.0
5634.9539887,5634.951515370619,40485332190.0
4469.4122937,4469.409175449834,40485332190.0
6205.0019321,6204.999686025662,40485332190.0
1918.6292858,1918.6220217548553,40485332190.0
5360.1885754,5360.185975321829,40485332190.0
4786.5063895,4786.50347772849,40485332190.0
1526.55117,1526.5420402890406,40485332190.0
26418.42081,26418.420281675793,40485332190.0
3337.4865567,3337.4823807880207,40485332190.0
2273.5362555,2273.5301253983616,40485332190.0
1430.9528306,1430.9430908863571,40485332190.0
5333.4592548,5333.456641689034,40485332190.0
1262.251308,1262.240266559968,40485332190.0
2681.3654915,2681.360293766697,40485332190.0
2860.1740256,2860.169152809017,40485332190.0
3197.8278646,3197.8235062895637,40485332190.0
1566.4447351,1566.4358378754232,40485332190.0
1833.2017003,1833.194097672941,40485332190.0
2240.9366384,2240.9304191376577,40485332190.0
6000.0330205,6000.030697685772,40485332190.0
2745.0924854,2745.0874082868027,40485332190.0
1471.5260053,1471.5165341537988,40485332190.0
5415.8319869,5415.829413543341,40485332190.0
8661.9601072,8661.958498131704,40485332190.0
4281.4710092,4281.467753995358,40485332190.0
15784.199124,15784.198241708447,40485332190.0
3799.2433787,3799.23971029921,40485332190.0
5722.1263412,5722.123905507923,40485332190.0
3988.651166,3988.647671883803,40485332190.0
3454.0662837,3454.0622487561786,40485332190.0
3795.9228597,3795.9191881160527,40485332190.0
4183.4471629,4183.443831384555,40485332190.0
2878.5746471,2878.5698055318094,40485332190.0
10579.325333,10579.324016093715,40485332190.0
7204.8504756,7204.848541160982,40485332190.0
9906.5553547,9906.553947846207,40485332190.0
2578.0209329,2578.0155269033057,40485332190.0
5234.2048215,5234.202158794135,40485332190.0
2093.6339691,2093.6273122274756,40485332190.0
3385.3928527,3385.3887359433297,40485332190.0
4048.5905286,4048.5870861774597,40485332190.0
2829.0863946,2829.0814682898613,40485332190.0
4900.7445736,4900.741729784277,40485332190.0
3139.4017337,3139.3972943459244,40485332190.0
2821.5215567,2821.5166170899834,40485332190.0
1632.3774026,1632.3688647376548,40485332190.0
1833.2518027,1833.2442003687163,40485332190.0
10851.859581,10851.858297352104,40485332190.0
2597.9166021,2597.911237514014,40485332190.0
3931.4146785,3931.41113349792,40485332190.0
10047.694603,10047.693215911195,40485332190.0
6438.7768203,6438.774655746325,40485332190.0
1973.065607,1973.0585434085774,40485332190.0
3473.1992868,3473.1952741330415,40485332190.0
1366.4814709,1366.4712716490633,40485332190.0
12125.404367,12125.40321689562,40485332190.0
4754.4052461,4754.402314695254,40485332190.0
5523.1850002,5523.182476807622,40485332190.0
1789.7962363,1789.7884493948218,40485332190.0
1945.6338018,1945.6266386540965,40485332190.0
4471.3410693,4471.337952327866,40485332190.0
2845.0767272,2845.0718285832227,40485332190.0
1690.0763134,1690.0680670404715,40485332190.0
5329.2322399,5329.229624718454,40485332190.0
4002.4160553,4002.412573124033,40485332190.0
15045.61185,15045.610923809707,40485332190.0
14320.32002,14320.319046968038,40485332190.0
890.43485489,890.4192028703038,40485332190.0
3457.5228872,3457.518856220752,40485332190.0
2350.2892401,2350.283310178841,40485332190.0
1522.9345168,1522.9253653414469,40485332190.0
1033.7493521,1033.7358699766612,40485332190.0
12880.819469,12880.81838645332,40485332190.0
6373.4002991,6373.398112333523,40485332190.0
1577.6791628,1577.6703288745007,40485332190.0
5826.2226055,5826.220213441472,40485332190.0
2142.7831695,2142.776665319982,40485332190.0
5896.6664316,5896.664067972037,40485332190.0
10815.737016,10815.73572783036,40485332190.0
2418.2626831,2418.2569198772553,40485332190.0
9369.2005765,9369.199088991887,40485332190.0
7037.4839337,7037.481953306217,40485332190.0
6910.4682972,6910.466280370742,40485332190.0
4465.7097915,4465.706670638561,40485332190.0
2978.7589974,2978.75431857764,40485332190.0
4282.2804794,4282.27722482288,40485332190.0
17546.729342,17546.728548447427,40485332190.0
7520.8427912,7520.840938119872,40485332190.0
4916.0455717,4916.042736665328,40485332190.0
2379.8865408,2379.8806846566654,40485332190.0
891.21923309,891.2035948456406,40485332190.0
6251.1775508,6251.175321309559,40485332190.0
1849.0492842,1849.0417467895882,40485332190.0
4292.6072189,4292.60397218025,40485332190.0
6590.8414354,6590.8393208352645,40485332190.0
3179.6851589,3179.6807757689216,40485332190.0
2475.0225178,2475.0168867951556,40485332190.0
10977.804741,10977.803471370116,40485332190.0
1155.3900899,1155.3780273546104,40485332190.0
1527.0576147,1527.0484880114589,40485332190.0
4401.0401193,4401.0369524911075,40485332190.0
2337.0018027,2336.9958390336496,40485332190.0
1967.6169749,1967.6098917246577,40485332190.0
8260.6792878,8260.677600612767,40485332190.0
18329.681744,18329.68098350725,40485332190.0
2863.0587736,2863.053905794971,40485332190.0
4514.8735247,4514.870437819906,40485332190.0
14892.261004,14892.260068292044,40485332190.0
2540.5253106,2540.5198248174984,40485332190.0
3229.8761533,3229.871838254793,40485332190.0
942.32487848,942.3100883732425,40485332190.0
26757.729908,26757.7293869861,40485332190.0
1353.3152155,1353.304917134254,40485332190.0
14696.721618,14696.720669508866,40485332190.0
10084.236244,10084.234861929794,40485332190.0
11450.832268,11450.831050083694,40485332190.0
7646.8447232,7646.842900557368,40485332190.0
3998.5828265,3998.5793410210863,40485332190.0
4396.6260453,4396.622875367607,40485332190.0
879.18865599,879.1728037493067,40485332190.0
10272.775398,10272.774040958018,40485332190.0
931.98636679,931.9714126040669,40485332190.0
5950.1356164,5950.1332741293245,40485332190.0
19497.16936,19497.168645643273,40485332190.0
3108.3513018,3108.3468180811014,40485332190.0
317.72062709,317.67675853722915,40485332190.0
4728.7885492,4728.785601955628,40485332190.0
7007.9887724,7007.986783644004,40485332190.0
4621.0917245,4621.0887085972745,40485332190.0
2082.960506,2082.9538150653907,40485332190.0
1497.321367,1497.3120590500394,40485332190.0
2576.9137391,2576.908330673118,40485332190.0
16880.35067,16880.349844380507,40485332190.0
9727.1843786,9727.182945829376,40485332190.0
3832.0625864,3832.058949503854,40485332190.0
2149.9939044,2149.987422137148,40485332190.0
2678.455623,2678.450419623958,40485332190.0
5446.0765622,5446.074003085284,40485332190.0
762.12436442,762.1060771859953,40485332190.0
12584.276249,12584.275140855407,40485332190.0
6760.5957812,6760.59371971368,40485332190.0
5313.8167435,5313.8141207691415,40485332190.0
2216.6069284,2216.60064086393,40485332190.0
1734.044795,1734.0367577119473,40485332190.0
1615.3243752,1615.3157471899149,40485332190.0
2811.2768642,2811.2719066623554,40485332190.0
5748.1860701,5748.183645501194,40485332190.0
6679.6309121,6679.628825628782,40485332190.0
3519.0648468,3519.060886411096,40485332190.0
6430.3236173,6430.32144992083,40485332190.0
6371.6537771,6371.651589837286,40485332190.0
1124.4442861,1124.4318914826677,40485332190.0
2596.4116054,2596.406237656393,40485332190.0
4374.8632232,4374.860037491811,40485332190.0
5584.1217244,5584.1192286399655,40485332190.0
6423.9944638,6423.99229431382,40485332190.0
6597.2579818,6597.2558693062465,40485332190.0
7311.2882993,7311.286393097483,40485332190.0
2875.0222521,2875.0174044637474,40485332190.0
1609.281608,1609.2729475767098,40485332190.0
8409.7029165,8409.701259172058,40485332190.0
4625.6078159,4625.604802817026,40485332190.0
18754.732753,18754.732009814616,40485332190.0
4789.0630995,4789.0601892795985,40485332190.0
3703.1568404,3703.1530769111673,40485332190.0
2509.0800134,2509.074458762236,40485332190.0
5345.673484,5345.670876861905,40485332190.0
4046.8071912,4046.8037472222845,40485332190.0
1367.1724243,1367.1622301941773,40485332190.0
2451.6571034,2451.6514186639934,40485332190.0
9448.0873594,9448.085884282986,40485332190.0
1851.0614382,1851.0539090008724,40485332190.0
3682.2377354,3682.233950441011,40485332190.0
4502.0671008,4502.064005197957,40485332190.0
2960.9447661,2960.9400591987473,40485332190.0
6122.1352576,6122.132981095336,40485332190.0
12755.524364,12755.52327159468,40485332190.0
13273.651705,13273.650654794907,40485332190.0
9729.8912517,9729.889819297914,40485332190.0
3784.4493492,3784.445666495416,40485332190.0
1283.9435369,1283.932681979009,40485332190.0
8988.684428,8988.682877579025,40485332190.0
2365.1942497,2365.188357073042,40485332190.0
1948.5227962,1948.5156436094342,40485332190.0
3433.1418476,3433.1377880568275,40485332190.0
1975.8584483,1975.8513946272342,40485332190.0
2328.4526267,2328.446641199139,40485332190.0
2587.2292469,2587.223860082206,40485332190.0
5743.6574016,5743.654975027063,40485332190.0
6771.8437955,6771.841737362092,40485332190.0
4299.1806136,4299.177371878995,40485332190.0
11995.819433,11995.81827119103,40485332190.0
2134.9042789,2134.897750721314,40485332190.0
8910.8565752,8910.855011173537,40485332190.0
4716.8669627,4716.864008052202,40485332190.0
3582.4594214,3582.4555309880834,40485332190.0
7387.6240396,7387.622153112314,40485332190.0
3851.3121997,3851.3085809015606,40485332190.0
2324.2294903,2324.2234939381096,40485332190.0
3010.6904478,3010.6858185888245,40485332190.0
13112.886841,13112.885778083253,40485332190.0
6729.3169005,6729.314829412846,40485332190.0
2224.7575213,2224.751256800118,40485332190.0
1288.2327845,1288.2219657967532,40485332190.0
1843.7001561,1843.692596813639,40485332190.0
27116.76852,27116.768005851645,40485332190.0
2783.6396927,2783.634685873636,40485332190.0
2524.7355646,2524.7300444771495,40485332190.0
6530.8748589,6530.872724899429,40485332190.0
5874.1597728,5874.157400190247,40485332190.0
4381.3306828,4381.327501785255,40485332190.0
2501.2364435,2501.2308714551004,40485332190.0
1668.1042011,1668.0958460910326,40485332190.0
1966.2801376,1966.2730495666644,40485332190.0
2592.6485385,2592.643162955547,40485332190.0
12794.210293,12794.209202764107,40485332190.0
2548.1329343,2548.1274647539717,40485332190.0
4032.6218988,4032.6184427626845,40485332190.0
5384.1701693,5384.167580761096,40485332190.0
3883.2559399,3883.252350869088,40485332190.0
13742.789688,13742.78867353274,40485332190.0
4655.2087623,4655.205768432629,40485332190.0
2417.5395551,2417.5337901095913,40485332190.0
4316.3231138,4316.319884875758,40485332190.0
1475.5626222,1475.553176891853,40485332190.0
1251.878042,1251.8669090969233,40485332190.0
2271.7849236,2271.7787887620098,40485332190.0
692.58960458,692.569481282574,40485332190.0
2491.2712427,2491.265648423144,40485332190.0
4974.5017357,4974.498934001094,40485332190.0
7622.8083994,7622.806571126549,40485332190.0
4145.332662,4145.32929986753,40485332190.0
3439.145242,3439.141189504422,40485332190.0
2298.5324946,2298.526431211845,40485332190.0
7971.9752533,7971.973505093341,40485332190.0
9517.6015793,9517.600114916037,40485332190.0
6604.8517603,6604.849650186068,40485332190.0
4275.8104243,4275.807164839911,40485332190.0
1673.79892,1673.7905933959287,40485332190.0
3706.4661306,3706.4623704445085,40485332190.0
3279.7181698,3279.7139203958277,40485332190.0
2170.932183,2170.925763146434,40485332190.0
3083.1342382,3083.129717751228,40485332190.0
3315.527074,3315.5228704546125,40485332190.0
10246.770374,10246.769013909368,40485332190.0
3244.195165,3244.190868993655,40485332190.0
3856.6401121,3856.6364983097073,40485332190.0
5632.6117165,5632.609242205774,40485332190.0
3365.8974543,3365.8933136899436,40485332190.0
17583.371758,17583.370965534734,40485332190.0
13252.377723,13252.376670773945,40485332190.0
886.47058933,886.4548673152291,40485332190.0
13379.261862,13379.260820360734,40485332190.0
8536.3860049,8536.384372309294,40485332190.0
14828.036523,14828.035582901071,40485332190.0
2864.4407552,2864.435889669286,40485332190.0
4289.9992567,4289.996007978083,40485332190.0
3886.9791002,3886.9755146026264,40485332190.0
2079.2986454,2079.291942695543,40485332190.0
7616.2107604,7616.208930503117,40485332190.0
13656.336888,13656.335866925516,40485332190.0
12694.964717,12694.963618875268,40485332190.0
402.26311376,402.22846582625635,40485332190.0
3971.1679809,3971.164471426508,40485332190.0
886.95214013,886.9364266493388,40485332190.0
1724.9277174,1724.9196376286936,40485332190.0
8694.1612641,8694.159660991632,40485332190.0
2127.1302402,2127.123688118979,40485332190.0
2726.2858034,2726.2806913071795,40485332190.0
2351.1288811,2351.122953304818,40485332190.0
7625.9605329,7625.958705304872,40485332190.0
4580.6540851,4580.651042501225,40485332190.0
4445.1190533,4445.115917938666,40485332190.0
6933.7719757,6933.769965699394,40485332190.0
1669.129695,1669.121345036554,40485332190.0
2239.1053508,2239.099126403041,40485332190.0
7350.8008598,7350.798963854186,40485332190.0
1241.4495672,1241.4383407981968,40485332190.0
4961.1924333,4961.18962415083,40485332190.0
1060.9485115,1060.9353751366564,40485332190.0
1771.8691806,1771.8613148911381,40485332190.0
1673.374202,1673.3658732806718,40485332190.0
1577.3076435,1577.2988075120215,40485332190.0
4806.0457974,4806.042897536274,40485332190.0
3078.5691432,3078.5646161022473,40485332190.0
3918.2049058,3918.201348800589,40485332190.0
3845.527204,3845.5235798279114,40485332190.0
6229.2158198,6229.213582489102,40485332190.0
3399.5903652,3399.586265551562,40485332190.0
2232.3787231,2232.372480029132,40485332190.0
6988.3261808,6988.3241863852745,40485332190.0
1977.7444259,1977.7373790496013,40485332190.0
4432.0286171,4432.025472479914,40485332190.0
4727.5635938,4727.560645770848,40485332190.0
4860.4776379,4860.474770551637,40485332190.0
1290.3596837,1290.348882779713,40485332190.0
3704.1094086,3704.1056460377363,40485332190.0
2324.4569662,2324.4509703815206,40485332190.0
2782.9229995,2782.9179914492834,40485332190.0
6709.6805677,6709.678490528055,40485332190.0
3273.5768176,3273.572560140095,40485332190.0
2167.4776319,2167.47120181671,40485332190.0
7818.07909,7818.0773073741275,40485332190.0
1733.323837,1733.3157963903461,40485332190.0
6653.2902296,6653.288134887932,40485332190.0
3802.4146938,3802.4110284892777,40485332190.0
5721.973845,5721.9714093608945,40485332190.0
3476.9395577,3476.935549314473,40485332190.0
4327.9230245,4327.9198042288335,40485332190.0
1774.8154846,1774.8076318842152,40485332190.0
8361.6011674,8361.59950058479,40485332190.0
668.35453576,668.333682752761,40485332190.0
5388.9254827,5388.922896483485,40485332190.0
936.05189303,936.0370037897501,40485332190.0
3941.6758793,3941.672343545483,40485332190.0
2474.3700862,2474.3644536445936,40485332190.0
1529.4913619,1529.4822496604888,40485332190.0
5182.8593808,5182.856691753506,40485332190.0
2289.4178863,2289.4117987306263,40485332190.0
1985.3219669,1985.3149468879574,40485332190.0
3663.2260611,3663.2222564671624,40485332190.0
1165.3814382,1165.3694789947867,40485332190.0
7388.9363915,7388.93450531956,40485332190.0
3174.3363258,3174.3319352833037,40485332190.0
12640.060741,12640.059638164636,40485332190.0
2515.4199192,2515.414378541995,40485332190.0
4316.0946874,4316.091458345748,40485332190.0
6569.0119346,6569.00981305014,40485332190.0
15578.06534,15578.064445103544,40485332190.0
8787.0319068,8787.030320669921,40485332190.0
8533.5333125,8533.531679260272,40485332190.0
1632.5333262,1632.524789133778,40485332190.0
681.75907062,681.738627641717,40485332190.0
2886.6379373,2886.6331091464986,40485332190.0
3823.6146108,3823.6109658399305,40485332190.0
1231.4916185,1231.4803013269247,40485332190.0
1317.3036039,1317.2930238847284,40485332190.0
3628.5276775,3628.5238366085014,40485332190.0
6445.1713561,6445.16919367972,40485332190.0
1407.67824,1407.6683393199755,40485332190.0
9441.3672961,9441.365819960563,40485332190.0
1721.9043239,1721.8962299896305,40485332190.0
11905.878552,11905.8773817871,40485332190.0
866.26641351,866.2503247975067,40485332190.0
6548.5911745,6548.589046226122,40485332190.0
2023.031071,2023.0241818620862,40485332190.0
2512.9161712,2512.91062505193,40485332190.0
5223.7759947,5223.773326755642,40485332190.0
1932.4306872,1932.423475078018,40485332190.0
4119.7184333,4119.715050276342,40485332190.0
1113.8725621,1113.860049771445,40485332190.0
3313.4502035,3313.4459972536465,40485332190.0
3612.9004573,3612.8965997181613,40485332190.0
8482.6024036,8482.600760564696,40485332190.0
5246.7426042,5246.739947835173,40485332190.0
6036.2046243,6036.202315369531,40485332190.0
6128.3024647,6128.300190503585,40485332190.0
4372.772993,4372.769805734107,40485332190.0
6474.2710977,6474.268944982342,40485332190.0
2811.0514414,2811.0464834174345,40485332190.0
3453.912303,3453.908267803994,40485332190.0
761.10474249,761.0864307516955,40485332190.0
2170.4323467,2170.425925381838,40485332190.0
4694.9974029,4694.994434481366,40485332190.0
1989.0195052,1989.0124982021507,40485332190.0
1812.7134033,1812.7057148123404,40485332190.0
3731.9121159,3731.908381273431,40485332190.0
1647.4028669,1647.3944069650215,40485332190.0
1423.5704214,1423.560631199318,40485332190.0
3647.8619006,3647.858080042985,40485332190.0
5443.2932955,5443.290735132457,40485332190.0
8922.5697551,8922.568193183055,40485332190.0
10916.669078,10916.667801772895,40485332190.0
1325.8830314,1325.8725199026308,40485332190.0
9492.5315069,9492.5300387497,40485332190.0
2597.3424935,2597.3371276632697,40485332190.0
10577.476931,10577.475613834249,40485332190.0
1118.1963269,1118.1838630418513,40485332190.0
20291.473055,20291.472367973332,40485332190.0
5164.3062307,5164.303532012784,40485332190.0
1898.2570229,1898.249680979078,40485332190.0
14659.88333,14659.882378584578,40485332190.0
10973.565695,10973.564424779266,40485332190.0
7223.6097759,7223.607846538605,40485332190.0
3647.5296631,3647.525842223934,40485332190.0
3890.912166,3890.9085841303263,40485332190.0
3281.358769,3281.3545216841776,40485332190.0
742.41246013,742.393687325444,40485332190.0
3322.7692326,3322.7650382776633,40485332190.0
1775.8601544,1775.8523064029985,40485332190.0
9440.5080532,9440.50657694487,40485332190.0
13069.940782,13069.939716293653,40485332190.0
25846.272824,25846.272284807354,40485332190.0
16307.980106,16307.979252125242,40485332190.0
7455.6019788,7455.600109518185,40485332190.0
5456.0522134,5456.0496589720215,40485332190.0
8853.7249834,8853.7234092292,40485332190.0
3195.8953537,3195.8909928296325,40485332190.0
784.72060572,784.7028450752672,40485332190.0
10582.640862,10582.639545653366,40485332190.0
3238.6805467,3238.676243388658,40485332190.0
4521.1856382,4521.18255558787,40485332190.0
1320.8607729,1320.8502214160549,40485332190.0
4898.4750691,4898.47222387014,40485332190.0
17592.826863,17592.826070659572,40485332190.0
7443.8555443,7443.853672003892,40485332190.0
3036.142301,3036.1377105813413,40485332190.0
21345.220743,21345.22008990579,40485332190.0
8183.1752258,8183.173522664477,40485332190.0
8239.9130092,8239.911317759485,40485332190.0
5256.5504114,5256.547760035406,40485332190.0
2740.1499089,2740.1448226841917,40485332190.0
4294.6350864,4294.631841224755,40485332190.0
3279.708101,3279.703851549017,40485332190.0
12139.486657,12139.485509191498,40485332190.0
2093.6577119,2093.651055166454,40485332190.0
6958.7505145,6958.7485117411625,40485332190.0
13334.905921,13334.904876014405,40485332190.0
5336.7622574,5336.759645906775,40485332190.0
17641.786941,17641.78615133727,40485332190.0
254.2869449,254.23213090212465,40485332190.0
6502.0907829,6502.088639385296,40485332190.0
13323.340698,13323.339651433593,40485332190.0
5938.5523272,5938.5499803185685,40485332190.0
847.37900321,847.3625558830977,40485332190.0
2269.2947313,2269.2885897112324,40485332190.0
3639.0204825,3639.01665258001,40485332190.0
1344.1077465,1344.0973775016112,40485332190.0
2550.9348544,2550.92939092383,40485332190.0
10136.742689,10136.741313965778,40485332190.0
1686.0490616,1686.0407955073167,40485332190.0
1806.2648058,1806.2570898595707,40485332190.0
7309.6790433,7309.677136646101,40485332190.0
5721.386557,5721.384121078236,40485332190.0
402.18037103,402.1457159745987,40485332190.0
1955.6764401,1955.6693136973056,40485332190.0
9379.7743967,9379.77291082631,40485332190.0
3887.4036051,3887.4000199236493,40485332190.0
1736.7881147,1736.7800900593202,40485332190.0
5557.975264,5557.972756410359,40485332190.0
2521.173939,2521.168411027473,40485332190.0
2214.4606557,2214.4543621209987,40485332190.0
4319.7272832,4319.724056901737,40485332190.0
1986.9286804,1986.9216660564416,40485332190.0
5643.5289543,5643.526484765848,40485332190.0
4501.8118468,4501.808750867262,40485332190.0
3168.2907865,3168.2863876480064,40485332190.0
8133.4701444,8133.468430786412,40485332190.0
13617.261951,13617.260928293592,40485332190.0
4178.6193527,4178.616017443042,40485332190.0
2247.9562122,2247.9500123145535,40485332190.0
1960.1000053,1960.0928949734396,40485332190.0
2188.536712,2188.530343832876,40485332190.0
3795.0407411,3795.037068633006,40485332190.0
928.94695585,928.9319527428138,40485332190.0
1604.9984572,1604.989773682424,40485332190.0
6190.1311954,6190.128943924658,40485332190.0
13259.087526,13259.086474768648,40485332190.0
2058.3410762,2058.334305208375,40485332190.0
2535.2010439,2535.1955465296946,40485332190.0
2078.2469216,2078.240215499894,40485332190.0
849.59592744,849.5795230324281,40485332190.0
1191.9472026,1191.9355099321635,40485332190.0
1257.7591165,1257.7480356594656,40485332190.0
3114.9300547,3114.925580400084,40485332190.0
2337.1349995,2337.1290361766305,40485332190.0
646.11721143,646.0956407014867,40485332190.0
1326.6377275,1326.627222001151,40485332190.0
2549.0077845,2549.002316855055,40485332190.0
5269.8333656,5269.830720932088,40485332190.0
5448.4752264,5448.472668493166,40485332190.0
8568.8347764,8568.833149988268,40485332190.0
9563.0634699,9563.062012585062,40485332190.0
5414.3720145,5414.369440417085,40485332190.0
5420.0811674,5420.078596059962,40485332190.0
1312.5505374,1312.539919199077,40485332190.0
2485.970514,2485.9649077520003,40485332190.0
6026.926191,6026.9238785795205,40485332190.0
2569.3414607,2569.336036387026,40485332190.0
10457.731825,10457.730492634184,40485332190.0
9071.0379069,9071.03637047997,40485332190.0
1642.9619952,1642.9535123382548,40485332190.0
4457.296928,4457.293801244005,40485332190.0
3793.6379043,3793.6342305235084,40485332190.0
2141.9949588,2141.9884521951717,40485332190.0
6231.2780895,6231.275852833591,40485332190.0
5661.5174824,5661.515020681537,40485332190.0
1705.8646708,1705.856500653834,40485332190.0
1226.9955934,1226.9842347500658,40485332190.0
15707.392055,15707.391167296897,40485332190.0
3174.778055,3174.773665111092,40485332190.0
4955.0945957,4955.091783046463,40485332190.0
4597.3546584,4597.351626926244,40485332190.0
6739.3748088,6739.372740809546,40485332190.0
2717.1656404,2717.1605112044886,40485332190.0
7376.3970127,7376.395123330226,40485332190.0
3981.5380999,3981.534599470415,40485332190.0
14567.525848,14567.524891062614,40485332190.0
5414.4232275,5414.420653460514,40485332190.0
4936.5107649,4936.507941735019,40485332190.0
3629.5147955,3629.5109555633453,40485332190.0
3518.6408265,3518.6368655167403,40485332190.0
2513.4502444,2513.444699501634,40485332190.0
1769.4862693,1769.4783930142507,40485332190.0
1084.3585887,1084.3457358670128,40485332190.0
4272.9669876,4272.963725981284,40485332190.0
2174.9580916,2174.951683671515,40485332190.0
2453.8640336,2453.858353989566,40485332190.0
1444.7432162,1444.7335694854187,40485332190.0
2999.3783585,2999.373711970074,40485332190.0
1386.8685156,1386.8584663005395,40485332190.0
5114.7676603,5114.764935429493,40485332190.0
3304.3859659,3304.381748264276,40485332190.0
1391.4479795,1391.4379632524613,40485332190.0
1286.7212496,1286.710418152343,40485332190.0
2117.0698376,2117.063254486331,40485332190.0
3633.8951933,3633.891358011322,40485332190.0
1754.9198226,1754.911880879453,40485332190.0
2888.1072753,2888.102449607529,40485332190.0
4407.1947046,4407.191542235135,40485332190.0
3238.2551231,3238.2508191903985,40485332190.0
3452.5592878,3452.555251045501,40485332190.0
2053.4865974,2053.4798104081574,40485332190.0
3259.1931678,3259.188891533038,40485332190.0
1440.5426238,1440.5329489229657,40485332190.0
4360.7212423,4360.718046268256,40485332190.0
2209.4262507,2209.4199426660143,40485332190.0
3906.402157,3906.3985892310693,40485332190.0
2810.8469529,2810.841994582005,40485332190.0
4643.4500345,4643.447033027086,40485332190.0
2232.178616,2232.1723723814894,40485332190.0
6540.0330065,6540.030875465053,40485332190.0
6014.5100311,6014.507713826938,40485332190.0
3341.0747218,3341.0705503462123,40485332190.0
3781.4313963,3781.427710688775,40485332190.0
2158.7839528,2158.777496794519,40485332190.0
4626.8908766,4626.8878644229235,40485332190.0
8737.9141049,8737.912509891692,40485332190.0
1924.1797027,1924.1724596169295,40485332190.0
9646.8241953,9646.822750664203,40485332190.0
13705.053343,13705.05232535676,40485332190.0
878.71492173,878.699060947598,40485332190.0
1571.2884845,1571.2796147210536,40485332190.0
12185.343353,12185.34220919602,40485332190.0
2521.6539602,2521.648433286452,40485332190.0
4463.3283294,4463.325206874661,40485332190.0
1753.4630706,1753.455122318055,40485332190.0
2935.5154523,2935.5107045292607,40485332190.0
3981.8171836,3981.813683415601,40485332190.0
5759.3530178,5759.350597826319,40485332190.0
1983.5235048,1983.5164784703322,40485332190.0
3993.0712219,3993.067731528829,40485332190.0
1381.4236116,1381.4135226793926,40485332190.0
4712.1219364,4712.11897873305,40485332190.0
3664.4491589,3664.4453556445255,40485332190.0
1318.3812023,1318.3706310281827,40485332190.0
2600.9436869,2600.938328535662,40485332190.0
8507.3321912,8507.330552922807,40485332190.0
1252.450286,1252.4391581589555,40485332190.0
1585.7975091,1585.7887204491085,40485332190.0
4193.5188075,4193.51548407093,40485332190.0
10136.176718,10136.175343038813,40485332190.0
2080.9523597,2080.945662307751,40485332190.0
5896.526448,5896.524084401642,40485332190.0
2300.6821069,2300.6760491410027,40485332190.0
3866.5883493,3866.5847448054533,40485332190.0
2104.3627398,2104.3561169030336,40485332190.0
554.68350385,554.6583772751442,40485332190.0
3088.8224833,3088.8179712653246,40485332190.0
5965.4694936,5965.467157385539,40485332190.0
9397.7872431,9397.785760107248,40485332190.0
6776.6459417,6776.64388507969,40485332190.0
3683.9304179,3683.92663478026,40485332190.0
2291.8567387,2291.8506575997085,40485332190.0
2064.4250246,2064.418273536135,40485332190.0
6491.1430764,6491.140929268513,40485332190.0
1104.9762486,1104.9636355262046,40485332190.0
2064.2744635,2064.2677119976056,40485332190.0
5166.8563697,5166.853672336879,40485332190.0
1081.5854709,1081.5725851323436,40485332190.0
5136.9681574,5136.9654443063155,40485332190.0
18443.331739,18443.330983781452,40485332190.0
3206.1729745,3206.168627583774,40485332190.0
2882.8283476,2882.823513118627,40485332190.0
2722.3655515,2722.3604320151544,40485332190.0
6966.6777641,6966.67576354307,40485332190.0
5168.87587,5168.873173733768,40485332190.0
7772.4948942,7772.493101089523,40485332190.0
7058.4116916,7058.409717108258,40485332190.0
3183.8576358,3183.853258365922,40485332190.0
9178.1447057,9178.143187185779,40485332190.0
12718.713156,12718.712059488449,40485332190.0
2163.7937643,2163.7873233080027,40485332190.0
4977.3615393,4977.358739257742,40485332190.0
6849.0257198,6849.023684836866,40485332190.0
4709.1720803,4709.169120795569,40485332190.0
2442.861422,2442.855716826531,40485332190.0
7948.5355275,7948.53377410512,40485332190.0
14731.897646,14731.89669987232,40485332190.0
890.2392054,890.2235499365278,40485332190.0
5290.0538663,5290.051231717601,40485332190.0
3288.3528701,3288.3486318168916,40485332190.0
3123.5271633,3123.522701409124,40485332190.0
1890.9015453,1890.894174788779,40485332190.0
7668.1506511,7668.148833568122,40485332190.0
6254.6298411,6254.627612790317,40485332190.0
2741.0190301,2741.013945479994,40485332190.0
5310.1631112,5310.160486564664,40485332190.0
5947.8286245,5947.826281254695,40485332190.0
15526.631367,15526.630469495356,40485332190.0
1755.4548905,1755.4469511950715,40485332190.0
4341.510556,4341.507345868525,40485332190.0
4266.5484256,4266.545159081734,40485332190.0
3961.8689065,3961.8653886320812,40485332190.0
1048.2291719,1048.2158760755244,40485332190.0
1950.499975,1950.492829635711,40485332190.0
2316.0028618,2315.9968441266774,40485332190.0
823.44520027,823.4282748811844,40485332190.0
3670.6016535,3670.5978565185196,40485332190.0
1956.8046691,1956.7975467510446,40485332190.0
16432.157665,16432.156817273466,40485332190.0
6808.6921007,6808.690053852108,40485332190.0
5983.6196768,5983.617347650365,40485332190.0
2273.5223503,2273.5162201641856,40485332190.0
2326.1521898,2326.1461983051454,40485332190.0
7791.2035547,7791.201765909545,40485332190.0
14363.858628,14363.857658522844,40485332190.0
1963.0333757,1963.026275937004,40485332190.0
11217.191528,11217.19028549672,40485332190.0
1249.8999938,1249.8888432436531,40485332190.0
8717.4799371,8717.478338412056,40485332190.0
3720.5852757,3720.5815297404083,40485332190.0
6964.2233922,6964.221391022467,40485332190.0
4469.9078906,4469.904772601421,40485332190.0
4179.3383252,4179.334990527526,40485332190.0
8815.4970199,8815.49543897422,40485332190.0
11181.372619,11181.37137255053,40485332190.0
7018.9334661,7018.931480425101,40485332190.0
9881.6413207,9881.639910335807,40485332190.0
8632.4145451,8632.41293060702,40485332190.0
5122.8380803,5122.835359735809,40485332190.0
1001.3742035,1001.3602855876071,40485332190.0
3199.5469276,3199.5425717185076,40485332190.0
2717.7655335,2717.760405349023,40485332190.0
3436.3745657,3436.3705100246143,40485332190.0
1497.0360682,1497.0267583884124,40485332190.0
2040.057003,2040.050171285022,40485332190.0
6757.4192176,6757.417155099503,40485332190.0
10445.242157,10445.240822021313,40485332190.0
3600.0397842,3600.0359128392233,40485332190.0
999.21759336,999.2036453694743,40485332190.0
1857.7556974,1857.7481953633953,40485332190.0
4054.2505472,4054.247109524256,40485332190.0
5330.8544155,5330.8518011086535,40485332190.0
3606.3215684,3606.3177038514123,40485332190.0
2225.6377355,2225.6314734623834,40485332190.0
2463.3927794,2463.3871217368746,40485332190.0
10287.695369,10287.694014306751,40485332190.0
3863.7505508,3863.74694367155,40485332190.0
7950.7856344,7950.783881577158,40485332190.0
1706.218475,1706.210306589274,40485332190.0
2582.0142564,2582.008858660505,40485332190.0
3545.4339529,3545.430021977581,40485332190.0
1215.1369633,1215.12549380317,40485332190.0
2894.9378893,2894.9330749765463,40485332190.0
12830.835901,12830.834814777876,40485332190.0
3344.6495767,3344.6454097446313,40485332190.0
1307.5896949,1307.5790362714033,40485332190.0
6780.0409061,6780.038850599946,40485332190.0
2720.0933473,2720.088223552961,40485332190.0
6333.6578294,6333.6556288744805,40485332190.0
1110.7573873,1110.7448399133473,40485332190.0
9758.8145552,9758.813127049283,40485332190.0
3257.1754778,3257.171198880003,40485332190.0
9371.4849867,9371.483499592374,40485332190.0
3773.0104952,3773.0068013488726,40485332190.0
5335.473265,5335.470652896419,40485332190.0
7750.0340604,7750.03226205741,40485332190.0
1885.3109611,1885.303568668754,40485332190.0
3575.6376645,3575.6337666668855,40485332190.0
2896.3195441,2896.314732153321,40485332190.0
1329.6079667,1329.5974846263782,40485332190.0
3259.7026337,3259.6983581294344,40485332190.0
2857.4698909,2857.465013537531,40485332190.0
1043.9368553,1043.9235048686667,40485332190.0
6218.9699214,6218.967680359657,40485332190.0
1555.4970588,1555.4880989488513,40485332190.0
4667.5661075,4667.563121556769,40485332190.0
10451.243325,10451.241991799734,40485332190.0
1087.9336241,1087.9208135161089,40485332190.0
1627.1335938,1627.1250284285993,40485332190.0
3673.6207195,3673.61692574423,40485332190.0
6370.5779992,6370.575811505437,40485332190.0
1167.2249718,1167.213031465043,40485332190.0
5385.479808,5385.477220141518,40485332190.0
7080.4605498,7080.4585813727945,40485332190.0
1519.4039636,1519.3947909496017,40485332190.0
182.6799426,182.6036348497434,40485332190.0
4261.7325457,4261.729275408624,40485332190.0
17322.814529,17322.81372399746,40485332190.0
6041.6210303,6041.618723436372,40485332190.0
2511.5633229,2511.5577736953974,40485332190.0
3117.9534227,3117.9489528402473,40485332190.0
7740.5265919,7740.524791429282,40485332190.0
18158.885825,18158.88505756486,40485332190.0
877.12562829,877.1097387639463,40485332190.0
2633.4819967,2633.4767044825358,40485332190.0
2494.7798977,2494.774311197992,40485332190.0
10956.575174,10956.57390252321,40485332190.0
2507.0689334,2507.063374312664,40485332190.0
2408.950374,2408.944588471182,40485332190.0
3119.8069595,3119.8024922150735,40485332190.0
3172.0162246,3172.011830856804,40485332190.0
1786.9470877,1786.939288361312,40485332190.0
2872.2315845,2872.2267322000625,40485332190.0
1340.2390173,1340.228618350835,40485332190.0
2681.6346809,2681.6294836884144,40485332190.0
7774.3553966,7774.353603825179,40485332190.0
5092.6407109,5092.637974170796,40485332190.0
6309.8052116,6309.803002829948,40485332190.0
3178.0657592,3178.061373783013,40485332190.0
6010.6819104,6010.679591692672,40485332190.0
3833.4796735,3833.476037964042,40485332190.0
6005.0111637,6005.008842808879,40485332190.0
1439.6182416,1439.608560531571,40485332190.0
5476.4888278,5476.4862829641625,40485332190.0
2012.7971824,2012.7902581805688,40485332190.0
3717.6245528,3717.6208038623236,40485332190.0
4716.1143869,4716.111431710546,40485332190.0
1607.672015,1607.6633458794959,40485332190.0
15996.381084,15996.380213228467,40485332190.0
1516.421124,1516.4119332591947,40485332190.0
3436.164696,3436.1606400344444,40485332190.0
2832.8716874,2832.8667676709138,40485332190.0
917.43057647,917.4153850229426,40485332190.0
5645.3938796,5645.391410824485,40485332190.0
2152.9839366,2152.9774632085355,40485332190.0
5523.2308054,5523.22828205438,40485332190.0
5044.8606238,5044.857861217951,40485332190.0
6901.6597393,6901.657719896611,40485332190.0
4131.9103463,4131.906973212259,40485332190.0
1306.3702406,1306.359572149516,40485332190.0
20985.070992,20985.07032789405,40485332190.0
4648.0195954,4648.01659691481,40485332190.0
2006.8706496,2006.863704940901,40485332190.0
5907.1311068,5907.128747411293,40485332190.0
6100.8824685,6100.880184159225,40485332190.0
3635.4944358,3635.490602168416,40485332190.0
2566.6388373,2566.633407278048,40485332190.0
3766.6439341,3766.640233991793,40485332190.0
1021.0362508,1021.0226008899974,40485332190.0
4110.7412043,4110.73781396509,40485332190.0
4813.4110419,4813.408146382486,40485332190.0
4636.134274,4636.131267831652,40485332190.0
5013.6694433,5013.666663538891,40485332190.0
242.77589619,242.7184826159845,40485332190.0
802.72012618,802.7027637997128,40485332190.0
3833.7980297,3833.794394381248,40485332190.0
7072.7851983,7072.783227778488,40485332190.0
8851.632582,8851.631007442898,40485332190.0
2580.7602456,2580.7548452137885,40485332190.0
5460.7240739,5460.721521734494,40485332190.0
2446.4945235,2446.4888268061377,40485332190.0
5197.8020443,5197.799362987126,40485332190.0
10087.810864,10087.809482537452,40485332190.0
4438.9065602,4438.903420480676,40485332190.0
4020.6312459,4020.6277795061005,40485332190.0
1473.1929075,1473.1834470890549,40485332190.0
2551.9621991,2551.9567378469637,40485332190.0
10595.82648,10595.825165279275,40485332190.0
2722.3778989,2722.3727794151846,40485332190.0
4950.06968,4950.066864414757,40485332190.0
3173.5052749,3173.500883150768,40485332190.0
12195.811883,12195.810740479335,40485332190.0
7073.4330064,7073.431036059603,40485332190.0
1797.9611962,1797.9534446561465,40485332190.0
3810.1766857,3810.1730278443692,40485332190.0
4848.3421987,4848.339324104809,40485332190.0
2118.744058,2118.7374799633285,40485332190.0
2324.6744878,2324.6684925616646,40485332190.0
4512.096272,4512.093183237866,40485332190.0
11635.446393,11635.445194558175,40485332190.0
4864.9380905,4864.935225711692,40485332190.0
992.50504507,992.4910027485917,40485332190.0
16738.612849,16738.612015703082,40485332190.0
5119.9099943,5119.907272167321,40485332190.0
3045.7827295,3045.7781536775924,40485332190.0
1575.6433276,1575.6344823838776,40485332190.0
9695.1968654,9695.195427876108,40485332190.0
3163.9770041,3163.9725991974346,40485332190.0
8110.0869934,8110.085274935643,40485332190.0
4645.9643093,4645.961309469659,40485332190.0
12154.850618,12154.849472141266,40485332190.0
2352.4016539,2352.3957293209637,40485332190.0
5724.1990681,5724.196633350908,40485332190.0
6061.9931673,6061.99086817386,40485332190.0
1973.9722301,1973.9651697203512,40485332190.0
11515.643037,11515.641826635205,40485332190.0
3159.1015243,3159.097112625662,40485332190.0
2725.056906,2725.051791582593,40485332190.0
1466.1331107,1466.1236046871727,40485332190.0
2633.0871289,2633.08183594376,40485332190.0
603.15024178,603.1271343464238,40485332190.0
9956.7728973,9956.771497594424,40485332190.0
2815.1195309,2815.1145800964296,40485332190.0
2004.1575817,2004.150627602829,40485332190.0
793.06383872,793.0462649217378,40485332190.0
2955.4968423,2955.492126662588,40485332190.0
5494.2783339,5494.275797236229,40485332190.0
1941.0423828,1941.0352026584246,40485332190.0
1982.6198428,1982.6128131514126,40485332190.0
3684.9800138,3684.9762316978226,40485332190.0
986.18308423,986.1689518810675,40485332190.0
2171.5339422,2171.52752412778,40485332190.0
4835.405254,4835.40237167227,40485332190.0
17763.381449,17763.38066499187,40485332190.0
1717.1996712,1717.1915550256715,40485332190.0
1620.5459415,1620.5373413175498,40485332190.0
1925.2492981,1925.2420590394952,40485332190.0
3805.7401206,3805.736458511676,40485332190.0
2202.8126167,2202.806289803465,40485332190.0
1346.2520178,1346.2416653151538,40485332190.0
2384.9314186,2384.925574906173,40485332190.0
11061.194315,11061.193054135414,40485332190.0
1657.5038707,1657.495462190578,40485332190.0
3529.0919582,3529.0880090104342,40485332190.0
7512.247355,7512.245499774032,40485332190.0
3801.0706587,3801.0669920492255,40485332190.0
4593.003795,4593.000760588779,40485332190.0
3215.7447827,3215.7404486933474,40485332190.0
6418.87989,6418.877718736413,40485332190.0
2548.8995651,2548.8940971894617,40485332190.0
5991.4089235,5991.406597336798,40485332190.0
3154.3274371,3154.3230187475215,40485332190.0
8145.1739349,8145.172223862167,40485332190.0
15383.697738,15383.696831711366,40485332190.0
2791.859417,2791.8544249593465,40485332190.0
12389.710726,12389.709600638182,40485332190.0
6695.6821514,6695.680069868562,40485332190.0
5833.7909518,5833.788562825363,40485332190.0
1754.6066988,1754.598755717017,40485332190.0
2144.8989426,2144.892444919936,40485332190.0
2177.0806762,2177.074274417322,40485332190.0
5309.6958686,5309.693243770558,40485332190.0
2525.467443,2525.4619244869805,40485332190.0
3152.7292116,3152.7247909965,40485332190.0
4061.2551904,4061.251758684097,40485332190.0
2989.9200395,2989.9153782161798,40485332190.0
2624.0351969,2624.029885579411,40485332190.0
3528.9673618,3528.963412417075,40485332190.0
3844.4609319,3844.4573066387625,40485332190.0
1644.1384178,1644.129940942641,40485332190.0
2217.4871706,2217.4808855374977,40485332190.0
3954.037141,3954.033616202357,40485332190.0
1150.4171356,1150.4050208744131,40485332190.0
5420.2956515,5420.293080247041,40485332190.0
9945.3802538,9945.378852467282,40485332190.0
2589.0976468,2589.092263855237,40485332190.0
10752.598821,10752.59752436518,40485332190.0
9900.5449172,9900.54350943345,40485332190.0
1568.4316428,1568.4227568145468,40485332190.0
6085.4552728,6085.452982589282,40485332190.0
4805.6464982,4805.643598070956,40485332190.0
5386.7994815,5386.796894268444,40485332190.0
2784.4474413,2784.4424359642576,40485332190.0
3467.0273885,3467.023368657744,40485332190.0
6425.4755095,6425.473340407393,40485332190.0
450.94200812,450.9111006814602,40485332190.0
12648.113689,12648.112587104686,40485332190.0
3436.3133268,3436.309271072033,40485332190.0
767.29211233,767.27394826158,40485332190.0
3112.8802458,3112.8757685627324,40485332190.0
3003.0584083,3003.05376736203,40485332190.0
3477.8236616,3477.819654198776,40485332190.0
5257.752243,5257.749592327289,40485332190.0
14486.630487,14486.629524495154,40485332190.0
2332.924629,2332.918654981641,40485332190.0
1017.509314,1017.4956167781074,40485332190.0
3598.9909024,3598.9870299906684,40485332190.0
1487.3105704,1487.3011997616577,40485332190.0
5847.6664711,5847.6640877202635,40485332190.0
3465.0710609,3465.0670387473156,40485332190.0
2168.3866325,2168.380205091614,40485332190.0
3329.9639519,3329.959766564444,40485332190.0
1420.325214,1420.3154014449344,40485332190.0
5054.5075493,5054.504791936947,40485332190.0
4429.7139857,4429.710839409581,40485332190.0
3822.4434831,3822.439836971318,40485332190.0
2542.632476,2542.626994645073,40485332190.0
7773.0087085,7773.0069154701105,40485332190.0
3742.4769046,3742.473180582251,40485332190.0
8596.7300106,8596.728389424325,40485332190.0
2020.1370573,2020.1301581986584,40485332190.0
3497.6373962,3497.6334115301056,40485332190.0
4266.138767,4266.135500094214,40485332190.0
5250.1379506,5250.135295992999,40485332190.0
2357.4534436,2357.447531786212,40485332190.0
2716.7442775,2716.739147467851,40485332190.0
2771.5937643,2771.588735747765,40485332190.0
7538.5453391,7538.543490373959,40485332190.0
1702.600904,1702.5927182880646,40485332190.0
7333.6346895,7333.63278909391,40485332190.0
2488.9055597,2488.899960007437,40485332190.0
2607.8411431,2607.8357987592995,40485332190.0
5331.7304517,5331.727837702836,40485332190.0
8326.4707946,8326.469120723788,40485332190.0
1939.7587284,1939.7515435303208,40485332190.0
2015.0288455,2015.0219289723984,40485332190.0
7756.0978067,7756.096009798018,40485332190.0
1843.4870243,1843.4794641139088,40485332190.0
2097.7721541,2097.765510424665,40485332190.0
1789.5580036,1789.550215541637,40485332190.0
3906.9291425,3906.92557529825,40485332190.0
6674.3069407,6674.30485254726,40485332190.0
1124.7722397,1124.759848743843,40485332190.0
2247.371531,2247.3653295536083,40485332190.0
2977.6079463,2977.6032657140404,40485332190.0
14412.383049,14412.382082543952,40485332190.0
6317.227701,6317.225494746329,40485332190.0
7961.165458,7961.1637073363645,40485332190.0
6223.8999598,6223.89772055009,40485332190.0
3854.5155903,3854.5119745880984,40485332190.0
2058.560356,2058.5535856585316,40485332190.0
21664.294089,21664.2934454322,40485332190.0
2685.5980524,2685.592862851904,40485332190.0
3059.3146576,3059.310102015853,40485332190.0
6322.1119625,6322.109757994377,40485332190.0
5312.4661464,5312.463522933692,40485332190.0
11664.36757,11664.366374176701,40485332190.0
4492.1279643,4492.124861793998,40485332190.0
1827.9175573,1827.9099328133068,40485332190.0
8868.8070614,8868.805489958122,40485332190.0
4565.7424099,4565.739357474074,40485332190.0
5281.1042406,5281.101601647294,40485332190.0
1082.1543473,1082.1414683594794,40485332190.0
2440.5459526,2440.54024200549,40485332190.0
2192.2028482,2192.196490677771,40485332190.0
3262.6075606,3262.6032888764175,40485332190.0
3320.2668303,3320.2626327631956,40485332190.0
372.24650352,372.2090614452006,40485332190.0
2210.1938168,2210.187510969706,40485332190.0
3420.8018011,3420.797726953291,40485332190.0
6974.9757962,6974.973798053674,40485332190.0
5495.4956499,5495.49311386703,40485332190.0
10432.395669,10432.394333220522,40485332190.0
6316.8831808,6316.8809745092185,40485332190.0
5517.3580469,5517.355520905038,40485332190.0
2034.6844141,2034.6775643416827,40485332190.0
4579.5007862,4579.497742795009,40485332190.0
1229.5086788,1229.4973433957518,40485332190.0
5097.5362879,5097.533553841763,40485332190.0
1846.1787496,1846.1712004662493,40485332190.0
3462.6939812,3462.689956365829,40485332190.0
5654.3138607,5654.311395880509,40485332190.0
811.14210187,811.1249197596537,40485332190.0
11567.880322,11567.879118186338,40485332190.0
1775.3604954,1775.3526451346352,40485332190.0
2171.212143,2171.2057240165154,40485332190.0
936.58954,936.5746593125898,40485332190.0
3846.9290295,3846.9254066195513,40485332190.0
2810.9001687,2810.8952104398936,40485332190.0
6873.152547,6873.150519212401,40485332190.0
10122.473267,10122.471890361177,40485332190.0
2063.9176607,2063.9109079780533,40485332190.0
3455.5950283,3455.5909951416393,40485332190.0
1449.6898399,1449.6802261382181,40485332190.0
12247.057344,12247.05620629355,40485332190.0
5131.0283571,5131.025640854584,40485332190.0
6037.1161887,6037.113880150027,40485332190.0
10731.194073,10731.192774256033,40485332190.0
3038.0154399,3038.010852427994,40485332190.0
6624.0202203,6624.018116269519,40485332190.0
2112.79246,2112.785863468729,40485332190.0
18701.863032,18701.862286966458,40485332190.0
3266.2070039,3266.2027368658078,40485332190.0
1308.4010676,1308.3904156416172,40485332190.0
3109.6310655,3109.626583581892,40485332190.0
8793.7039517,8793.702366795338,40485332190.0
1395.5478296,1395.537842802606,40485332190.0
7514.6002761,7514.59842146932,40485332190.0
16577.940112,16577.939270857714,40485332190.0
4304.7539572,4304.750719639324,40485332190.0
7465.1218031,7465.119936168496,40485332190.0
1770.6781182,1770.6702472067464,40485332190.0
4272.0616539,4272.058391568086,40485332190.0
3083.7940025,3083.7894830338323,40485332190.0
14321.777568,14321.77659457112,40485332190.0
5871.0559371,5871.053563174163,40485332190.0
2076.9507685,2076.944058231878,40485332190.0
8163.88025,8163.878542909261,40485332190.0
9893.3164827,9893.315073999442,40485332190.0
6303.2764653,6303.274254288402,40485332190.0
3312.7891806,3312.7849735146942,40485332190.0
10418.800304,10418.798965718117,40485332190.0
6043.5533108,6043.551004757061,40485332190.0
4652.5859206,4652.582925074138,40485332190.0
6628.5113486,6628.5092460038295,40485332190.0
8109.2746593,8109.272940675006,40485332190.0
13250.018116,13250.017064609528,40485332190.0
1443.7768206,1443.767167419357,40485332190.0
2130.5687551,2130.5622136950174,40485332190.0
3051.185427,3051.1808592328994,40485332190.0
4784.1438958,4784.140982666712,40485332190.0
6480.6278552,6480.625704644307,40485332190.0
623.93836549,623.9160279703958,40485332190.0
5026.783197,5026.780424501029,40485332190.0
2357.2936152,2357.287702905967,40485332190.0
1608.2622481,1608.253582245018,40485332190.0
4290.945476,4290.942227972352,40485332190.0
8642.0297772,8642.028164542984,40485332190.0
4705.6812544,4705.678292625222,40485332190.0
4586.2293401,4586.226301227122,40485332190.0
6686.1322759,6686.130191511102,40485332190.0
3940.8909552,3940.8874186922044,40485332190.0
3667.1970291,3667.1932286248366,40485332190.0
3310.7491588,3310.7449492025344,40485332190.0
8496.671902,8496.670261701829,40485332190.0
5196.2881603,5196.285478125315,40485332190.0
11186.847804,11186.846558275085,40485332190.0
1593.9176036,1593.908859711873,40485332190.0
2912.8177051,2912.8129204311813,40485332190.0
1342.216269,1342.2058854727895,40485332190.0
2414.0482395,2414.0424662234523,40485332190.0
7332.1424901,7332.140589302947,40485332190.0
4731.1257674,4731.122821631479,40485332190.0
1036.6082856,1036.5948406951081,40485332190.0
4396.4747261,4396.471556056902,40485332190.0
7528.4588592,7528.457007914606,40485332190.0
838.45327808,838.4366556554564,40485332190.0
1810.2422626,1810.234563644022,40485332190.0
2470.7553878,2470.7497469487917,40485332190.0
10142.192674,10142.191300122984,40485332190.0
5981.5494,5981.547069974846,40485332190.0
8231.3292493,8231.327556172544,40485332190.0
9534.7647612,9534.763299525608,40485332190.0
3319.7887081,3319.784510018833,40485332190.0
7190.0572439,7190.055305550061,40485332190.0
5198.0004224,5197.997741190533,40485332190.0
2414.4982677,2414.4924954977587,40485332190.0
8106.2532685,8106.251549190506,40485332190.0
5951.0068025,5951.004460629739,40485332190.0
1527.3041984,1527.295073170526,40485332190.0
4677.5078907,4677.504911105878,40485332190.0
2465.4591283,2465.4534753263083,40485332190.0
750.02009655,750.0015141681696,40485332190.0
666.38145919,666.3605444440587,40485332190.0
1126.3203287,1126.3079546923886,40485332190.0
875.8247987,875.8088855710037,40485332190.0
1193.884242,1193.872568287867,40485332190.0
4665.2029814,4665.199993913467,40485332190.0
1281.6382425,1281.6273680418237,40485332190.0
4968.4266908,4968.423885695673,40485332190.0
4304.1252349,4304.121996826171,40485332190.0
2746.8175832,2746.812509316006,40485332190.0
4609.9312001,4609.928176834212,40485332190.0
4363.8085729,4363.805379194726,40485332190.0
4298.1473463,4298.14410370881,40485332190.0
315.85433433,315.8102065265356,40485332190.0
3775.2341836,3775.2304919007224,40485332190.0
6379.6456547,6379.643470143195,40485332190.0
562.82818986,562.8034269090493,40485332190.0
1379.863759,1379.8536586538257,40485332190.0
2908.7502946,2908.7455031428763,40485332190.0
2465.7134481,2465.7077957036918,40485332190.0
1615.2071514,1615.1985227460618,40485332190.0
2255.1866233,2255.1804433751727,40485332190.0
4586.6888801,4586.685841615471,40485332190.0
3336.574189,3336.5700120166225,40485332190.0
7749.8138675,7749.812069084579,40485332190.0
11754.324211,11754.323024732692,40485332190.0
6958.7304588,6958.72845597917,40485332190.0
8997.2457483,8997.244199254948,40485332190.0
9257.6815643,9257.680058860013,40485332190.0
6778.0445901,6778.042533869313,40485332190.0
15465.553127,15465.552225630818,40485332190.0
7765.049264,7765.047469139679,40485332190.0
6439.1351645,6439.133000062162,40485332190.0
3383.1452797,3383.1411601823497,40485332190.0
5811.3174108,5811.315012618866,40485332190.0
6050.4566858,6050.4543823491995,40485332190.0
10258.352234,10258.350875169037,40485332190.0
6728.2501093,6728.248037844567,40485332190.0
3238.4262516,3238.421948010517,40485332190.0
5161.6413388,5161.638638748498,40485332190.0
6129.5139293,6129.5116555867835,40485332190.0
3179.1770254,3179.17264163581,40485332190.0
8177.0338759,8177.032171578306,40485332190.0
3491.3237104,3491.3197184369315,40485332190.0
1473.7496487,1473.7401918551868,40485332190.0
1917.4469857,1917.439717176025,40485332190.0
1433.1002551,1433.0905299968808,40485332190.0
2160.6825271,2160.676076839855,40485332190.0
1258.6267945,1258.6157212951582,40485332190.0
621.0354822,621.0130402722863,40485332190.0
2041.0554476,2041.048619272966,40485332190.0
5763.9884376,5763.986019728565,40485332190.0
1217.6437766,1217.6323307385787,40485332190.0
8944.0782204,8944.07666219233,40485332190.0
12813.724571,12813.723482997526,40485332190.0
1519.5552471,1519.546075369613,40485332190.0
1862.0860826,1862.078598011427,40485332190.0
5246.0468547,5246.0441979933585,40485332190.0
1235.9409769,1235.929700473379,40485332190.0
6441.8054001,6441.803236509968,40485332190.0
2140.2567661,2140.2502542725238,40485332190.0
6271.7462316,6271.7440094487765,40485332190.0
1957.1798241,1957.1727031513224,40485332190.0
3156.6073826,3156.6029673704343,40485332190.0
462.93119217,462.90108524548197,40485332190.0
1980.7233846,1980.7163482632889,40485332190.0
16209.930016,16209.929155956992,40485332190.0
3240.3934115,3240.389110475269,40485332190.0
4008.9825575,4008.97908102727,40485332190.0
4175.5317845,4175.528446742959,40485332190.0
12009.210776,12009.209615783642,40485332190.0
12483.046831,12483.045714830365,40485332190.0
2935.506709,2935.501961304723,40485332190.0
7411.5716377,7411.56975722553,40485332190.0
6913.9980659,6913.996050085825,40485332190.0
694.4894138,694.46934554812,40485332190.0
4157.9754906,4157.972138711037,40485332190.0
8249.1703911,8249.168701684539,40485332190.0
8387.5558679,8387.554206300463,40485332190.0
4967.2475286,4967.244722829873,40485332190.0
1320.0723622,1320.0618044204502,40485332190.0
9295.080472,9295.07897257786,40485332190.0
1621.4134439,1621.4048482656406,40485332190.0
3823.6517088,3823.648063912508,40485332190.0
7501.4807997,7501.478941813674,40485332190.0
3277.9474645,3277.943212807206,40485332190.0
2362.1195698,2362.113669497937,40485332190.0
8799.5688282,8799.56724436246,40485332190.0
4594.8269436,4594.82391050466,40485332190.0
929.88314954,929.8681615363802,40485332190.0
5363.6301563,5363.62755792201,40485332190.0
3788.2194565,3788.2157775589317,40485332190.0
5679.7757609,5679.773307142963,40485332190.0
2807.729549,2807.724585169982,40485332190.0
881.94593763,881.9301349519114,40485332190.0
9687.8685365,9687.867097885677,40485332190.0
1655.0240079,1655.0155869328014,40485332190.0
2120.8833738,2120.8768024229853,40485332190.0
6388.2913887,6388.289207023557,40485332190.0
6280.1424646,6280.140245448844,40485332190.0
4130.7568717,4130.753497754811,40485332190.0
2901.7455416,2901.7407386742307,40485332190.0
3539.0399814,3539.036043387264,40485332190.0
3374.9986758,3374.9945462664787,40485332190.0
7387.4966681,7387.49478153508,40485332190.0
5382.3563146,5382.353725173644,40485332190.0
1131.5317995,1131.5194825766382,40485332190.0
2666.4548937,2666.4496668785787,40485332190.0
1676.7639019,1676.7555900745365,40485332190.0
3314.707598,3314.703393389151,40485332190.0
853.00183098,852.9854920778765,40485332190.0
4960.6597753,4960.656965834729,40485332190.0
13864.99569,13864.994685280124,40485332190.0
9913.7907305,9913.789324653448,40485332190.0
5508.5951516,5508.592621561485,40485332190.0
1311.062083,1311.0514526958345,40485332190.0
3422.5623773,3422.558305161222,40485332190.0
1440.5206866,1440.5110116106396,40485332190.0
962.12487324,962.1103875085396,40485332190.0
2063.5939971,2063.587243302076,40485332190.0
4471.6408676,4471.637750854388,40485332190.0
6402.2527204,6402.250543573969,40485332190.0
2213.196144,2213.1898467523774,40485332190.0
12825.25716,12825.256072934562,40485332190.0
5393.9234471,5393.920863223876,40485332190.0
1347.7195182,1347.7091769432402,40485332190.0
6289.2522913,6289.250075305482,40485332190.0
12580.884352,12580.883243713997,40485332190.0
11790.472783,11790.471600373718,40485332190.0
1050.7222949,1050.709030659711,40485332190.0
3437.7912871,3437.787233031437,40485332190.0
12802.95558,12802.95449165205,40485332190.0
4795.1521082,4795.149201762787,40485332190.0
1939.0937865,1939.086599151586,40485332190.0
10093.312898,10093.311517198666,40485332190.0
8476.5414101,8476.539765929929,40485332190.0
3663.7674448,3663.7636407187183,40485332190.0
8595.5194663,8595.517844926897,40485332190.0
8650.62736,8650.625748859364,40485332190.0
3487.7373494,3487.7333533504466,40485332190.0
8730.312018,8730.310421655106,40485332190.0
6280.7914185,6280.789199473768,40485332190.0
2011.8984862,2011.8915589258854,40485332190.0
2021.6460449,2021.6391510544986,40485332190.0
2931.3878016,2931.38304724219,40485332190.0
3284.0971168,3284.092873010749,40485332190.0
3094.4801356,3094.4756318455434,40485332190.0
2452.9094453,2452.9037635028267,40485332190.0
9808.3313945,9808.329973595768,40485332190.0
16572.357905,16572.357063975833,40485332190.0
266.17065845,266.11829222472903,40485332190.0
2998.4666837,2998.4620356765417,40485332190.0
3731.0487661,3731.0450307658994,40485332190.0
4682.2012771,4682.198300516844,40485332190.0
5020.2106287,5020.207852496542,40485332190.0
3984.1129891,3984.1094909224976,40485332190.0
5067.7136777,5067.710927548566,40485332190.0
2293.3736388,2293.3675617924237,40485332190.0
2477.0960316,2477.090405278398,40485332190.0
500.75339184,500.72555903992,40485332190.0
530.35401969,530.3277403909055,40485332190.0
2700.528788,2700.5236271500858,40485332190.0
3480.7117241,3480.7077199971777,40485332190.0
4948.1210901,4948.1182734942095,40485332190.0
6451.6876548,6451.685494567577,40485332190.0
6282.3773874,6282.375168980878,40485332190.0
7970.7071488,7970.705400250733,40485332190.0
7357.6299655,7357.628071200117,40485332190.0
4454.98536,4454.982231546082,40485332190.0
9415.8528427,9415.851362538537,40485332190.0
3982.0093862,3982.0058861911193,40485332190.0
9049.419976,9049.418435959702,40485332190.0
1466.7497582,1466.7402562376426,40485332190.0
7638.3879206,7638.3860959842905,40485332190.0
2728.1790751,2728.173966578625,40485332190.0
3263.5079907,3263.5037201286923,40485332190.0
3642.4923039,3642.4884776448403,40485332190.0
1952.8256552,1952.8185182861025,40485332190.0
2974.3513947,2974.346708902354,40485332190.0
102.1452561,102.0087220730043,40485332190.0
6654.1782367,6654.176142277858,40485332190.0
6204.784184,6204.781937855922,40485332190.0
7089.1009753,7089.09900933588,40485332190.0
1328.3993827,1328.3888911337713,40485332190.0
1257.1289122,1257.1178258141504,40485332190.0
220.50187106,220.4386562584161,40485332190.0
2947.3167737,2947.3120449611592,40485332190.0
21510.403018,21510.402370382413,40485332190.0
11527.267527,11527.266318043145,40485332190.0
4281.3368999,4281.3336445875875,40485332190.0
1430.2213847,1430.211640008779,40485332190.0
3219.1596592,3219.1553298504277,40485332190.0
4722.1329763,4722.130024838588,40485332190.0
2987.3493631,2987.3446977838753,40485332190.0
8278.7753473,8278.773663854949,40485332190.0
5788.928844,5788.9264364885985,40485332190.0
3647.7029746,3647.6991538343063,40485332190.0
1710.0125507,1710.0044005121852,40485332190.0
6575.9781259,6575.9760065272785,40485332190.0
1805.7084575,1805.700739166007,40485332190.0
2879.8711401,2879.866300685921,40485332190.0
3171.7221948,3171.717800680077,40485332190.0
956.37005823,956.3554853284078,40485332190.0
5163.5278457,5163.525146578794,40485332190.0
8851.8735559,8851.871981403978,40485332190.0
3446.8124419,3446.808398504663,40485332190.0
16058.075912,16058.075044795727,40485332190.0
2272.7909458,2272.7848136724383,40485332190.0
3615.6177534,3615.613898756189,40485332190.0
3591.0087643,3591.0048832095276,40485332190.0
11140.633172,11140.63192112484,40485332190.0
5972.8612195,5972.858886092646,40485332190.0
1930.6742408,1930.6670220052083,40485332190.0
5050.2636352,5050.260875559549,40485332190.0
3889.1730856,3889.1695020301845,40485332190.0
2778.3783306,2778.373314315909,40485332190.0
3045.5472003,3045.5426240409774,40485332190.0
3001.846255,3001.8416121534033,40485332190.0
1379.0249663,1379.0148598085193,40485332190.0
1792.3082909,1792.30051487984,40485332190.0
5704.2478929,5704.245449665167,40485332190.0
3797.38478,3797.3811097865246,40485332190.0
2121.7100487,2121.7034799497014,40485332190.0
1873.2566114,1873.2491713891106,40485332190.0
7638.4464473,7638.444622689705,40485332190.0
6638.9114575,6638.909358231909,40485332190.0
1102.8035396,1102.7909017203096,40485332190.0
14957.200027,14957.199094614498,40485332190.0
11366.172296,11366.17106979215,40485332190.0
7962.6799504,7962.678200124647,40485332190.0
2681.527695,2681.5224975122205,40485332190.0
2104.2324914,2104.2258680728905,40485332190.0
4698.0432999,4698.040333367991,40485332190.0
4605.1991294,4605.19610303374,40485332190.0
3451.4209442,3451.416906217846,40485332190.0
22880.389852,22880.38924298841,40485332190.0
2696.6521879,2696.6470196451683,40485332190.0
4571.4697754,4571.46672672139,40485332190.0
1696.444393,1696.4361776116684,40485332190.0
7710.458503,7710.456695434628,40485332190.0
5150.9402696,5150.937563853867,40485332190.0
4503.6375602,4503.634465587196,40485332190.0
3056.805723,3056.801163638455,40485332190.0
1837.6040848,1837.5965004975112,40485332190.0
5494.7642581,5494.76172163411,40485332190.0
9267.5246701,9267.523166200494,40485332190.0
2630.6052395,2630.5999414471357,40485332190.0
2890.1674585,2890.1626362984957,40485332190.0
1988.6757858,1988.6687776081594,40485332190.0
5600.3307665,5600.328277931619,40485332190.0
6980.6609188,6980.658922255653,40485332190.0
6889.605938,6889.603915173891,40485332190.0
5405.4081193,5405.405540999662,40485332190.0
4120.2318402,4120.228457635809,40485332190.0
7739.2147865,7739.212985625476,40485332190.0
642.22277886,642.2010773301075,40485332190.0
9793.0904596,9793.089036424764,40485332190.0
14935.227467,14935.226533677735,40485332190.0
6272.4716103,6272.469388357058,40485332190.0
4872.5946192,4872.59175892638,40485332190.0
4957.0851506,4957.082339063349,40485332190.0
2148.1078234,2148.1013353977423,40485332190.0
10403.882352,10403.881012500395,40485332190.0
7867.0342337,7867.032462163769,40485332190.0
2646.1918358,2646.186569033685,40485332190.0
4404.1699726,4404.166808136162,40485332190.0
6151.5536229,6151.55135734107,40485332190.0
1676.4380961,1676.4297826702934,40485332190.0
5044.1865058,5044.183742882785,40485332190.0
4259.8185109,4259.815239103376,40485332190.0
10938.199903,10938.198629515762,40485332190.0
226.93236742,226.87094441690755,40485332190.0
2297.6628976,2297.65683185279,40485332190.0
5735.1190699,5735.1166397597935,40485332190.0
3124.9189955,3124.914535506624,40485332190.0
6014.5701446,6014.567827441988,40485332190.0
3924.7204526,3924.7169015334653,40485332190.0
4044.4321187,4044.42867271581,40485332190.0
8268.9727213,8268.971035891764,40485332190.0
5339.1851663,5339.182556003543,40485332190.0
3494.9563094,3494.952321624649,40485332190.0
4938.8989848,4938.896162853971,40485332190.0
1362.3803154,1362.370085500257,40485332190.0
14956.391753,14956.390821286272,40485332190.0
1427.7757872,1427.7660258584415,40485332190.0
7502.4082593,7502.406401610312,40485332190.0
6614.3474222,6614.345315094956,40485332190.0
5716.5618633,5716.55942528132,40485332190.0
2021.2782076,2021.2713124381826,40485332190.0
6641.5849579,6641.582859496738,40485332190.0
3079.7977411,3079.7932157782325,40485332190.0
2490.2212203,2490.2156235394946,40485332190.0
8286.1663926,8286.164710579042,40485332190.0
3722.26443,3722.260685794917,40485332190.0
2773.3971635,2773.39213828022,40485332190.0
457.54020398,457.50974229318757,40485332190.0
3428.4552941,3428.451228948462,40485332190.0
3591.9709381,3591.967058006093,40485332190.0
6391.714903,6391.712722555205,40485332190.0
