E,p,N_M
1271.0716864,1271.0603564188232,40485332190.0
758.71488463,758.695903472708,40485332190.0
5258.6336266,5258.630888033701,40485332190.0
2687.8722729,2687.866915059766,40485332190.0
1782.7426334,1782.7345552267618,40485332190.0
677.53219541,677.5109398394721,40485332190.0
1094.4168934,1094.4037345891495,40485332190.0
3006.5074645,3006.5026744976803,40485332190.0
1294.718744,1294.707621008873,40485332190.0
3816.0901911,3816.086417327796,40485332190.0
1902.7388421,1902.731273462683,40485332190.0
1005.6752001,1005.6608801773615,40485332190.0
468.79979581,468.76907569913527,40485332190.0
467.11960633,467.08877571611885,40485332190.0
5619.2642283,5619.261665483988,40485332190.0
1071.9458091,1071.9323744348637,40485332190.0
2438.5198753,2438.513969587967,40485332190.0
4092.7021399,4092.6986211051085,40485332190.0
834.30098818,834.283726716303,40485332190.0
2673.9200772,2673.914691436707,40485332190.0
2118.1358132,2118.129014228184,40485332190.0
174.53098336,174.44845064707198,40485332190.0
7543.9756346,7543.973725578108,40485332190.0
2888.2037492,2888.198763007178,40485332190.0
2596.0191266,2596.013579161614,40485332190.0
1242.8295554,1242.8179679862947,40485332190.0
1378.9641911,1378.9537475828301,40485332190.0
2813.7981553,2813.7930372019605,40485332190.0
4293.7385442,4293.735190236555,40485332190.0
185.54308253,185.46545030068276,40485332190.0
4113.3344788,4113.33097770651,40485332190.0
8984.2936874,8984.292084472409,40485332190.0
986.69145211,986.6768566409338,40485332190.0
428.82804187,428.7944580718152,40485332190.0
3163.2156721,3163.211119428722,40485332190.0
2185.2812334,2185.274643324406,40485332190.0
319.22448359,319.1793675950619,40485332190.0
621.23637122,621.2131894220869,40485332190.0
6809.6375927,6809.635477821873,40485332190.0
2701.8347569,2701.829426742471,40485332190.0
443.54581349,443.51334415033807,40485332190.0
640.44972039,640.4272340607472,40485332190.0
815.03236319,815.0146936295877,40485332190.0
10131.49439,10131.492968546136,40485332190.0
1911.1772988,1911.169763612592,40485332190.0
1007.5231124,1007.508818717881,40485332190.0
3672.1370774,3672.1331556878354,40485332190.0
2980.7445824,2980.7397510118985,40485332190.0
1341.5687389,1341.5580043367602,40485332190.0
1960.3990845,1960.3917384360934,40485332190.0
1263.3754885,1263.3640895829444,40485332190.0
3149.6227379,3149.618165592879,40485332190.0
2044.4988821,2044.4918382957417,40485332190.0
932.91453285,932.8990960336944,40485332190.0
1779.593503,1779.5854106531447,40485332190.0
2328.8133756,2328.8071916630684,40485332190.0
645.75318022,645.7308785758146,40485332190.0
1081.0127275,1080.9994054934848,40485332190.0
905.2918658,905.2759579621196,40485332190.0
18659.848259,18659.84748773835,40485332190.0
1659.6820026,1659.6733255657755,40485332190.0
11838.536688,11838.535470829405,40485332190.0
867.91740244,867.9008095631435,40485332190.0
2834.0354605,2834.030378983035,40485332190.0
4050.1881492,4050.1845935808424,40485332190.0
2899.3067055,2899.3017384151863,40485332190.0
4376.1416867,4376.138395874073,40485332190.0
9109.8434585,9109.841877720602,40485332190.0
1521.5675922,1521.5581275255686,40485332190.0
937.78194338,937.7665866868474,40485332190.0
2936.4220508,2936.4171464537403,40485332190.0
328.40732136,328.36346706087596,40485332190.0
1509.7732526,1509.7637140165743,40485332190.0
3520.2356097,3520.2315187204003,40485332190.0
1567.4784812,1567.4692936856816,40485332190.0
2024.5838707,2024.5767576136607,40485332190.0
4961.4377317,4961.43482913536,40485332190.0
1279.3522406,1279.34098405747,40485332190.0
1320.0693174,1320.0584079595385,40485332190.0
3612.324672,3612.32068538745,40485332190.0
1704.56264,1704.554191397759,40485332190.0
3098.899689,3098.8950418702866,40485332190.0
432.64652033,432.6132329583477,40485332190.0
519.31088507,519.2831531324309,40485332190.0
2853.636391,2853.6313444461703,40485332190.0
5023.5261712,5023.523304433006,40485332190.0
1433.1508107,1433.1407620819457,40485332190.0
5897.7079587,5897.705516882123,40485332190.0
797.35372394,797.3356625969456,40485332190.0
1501.110866,1501.1012723604495,40485332190.0
7522.9660873,7522.964173049462,40485332190.0
1313.9333689,1313.9224085374524,40485332190.0
494.00317088,493.9740181647347,40485332190.0
2833.2712745,2833.2661916360153,40485332190.0
4434.7587738,4434.755526468375,40485332190.0
1043.6904399,1043.6766416051355,40485332190.0
380.02346138,379.9855641729571,40485332190.0
6015.1251805,6015.12278631109,40485332190.0
3796.7276199,3796.7238268398196,40485332190.0
4574.8279847,4574.824836730718,40485332190.0
4569.1933969,4569.19024515478,40485332190.0
1062.5810077,1062.56745459821,40485332190.0
3077.6038401,3077.599160692522,40485332190.0
13519.413623,13519.412557632351,40485332190.0
1309.4418468,1309.4308489224247,40485332190.0
3258.0068849,3258.0024646555544,40485332190.0
1493.9228779,1493.9132381109373,40485332190.0
2575.8740939,2575.868503155339,40485332190.0
4470.1247512,4470.121529581264,40485332190.0
1190.9399988,1190.9279064549066,40485332190.0
4240.2040099,4240.200613650404,40485332190.0
1874.6440047,1874.6363226503,40485332190.0
973.16600714,973.1512088142997,40485332190.0
690.67778952,690.6569385068155,40485332190.0
1484.9070627,1484.8973643326108,40485332190.0
699.8534384,699.8328607717357,40485332190.0
3276.4462192,3276.4418238815083,40485332190.0
5308.7111467,5308.7084340029405,40485332190.0
458.44827502,458.4168612164738,40485332190.0
176.88480034,176.80336640122357,40485332190.0
5420.0789191,5420.076262141968,40485332190.0
1738.1527422,1738.1444568204647,40485332190.0
1013.2776777,1013.26346519667,40485332190.0
1579.5247776,1579.5156602880954,40485332190.0
680.31704724,680.295878679503,40485332190.0
1135.1225653,1135.1098783289997,40485332190.0
1394.1215177,1394.1111877610774,40485332190.0
2281.8897672,2281.883456126472,40485332190.0
1027.3124786,1027.298460283657,40485332190.0
8160.8292927,8160.827528034025,40485332190.0
2220.6028211,2220.596335903035,40485332190.0
448.2655112,448.2333837595549,40485332190.0
5611.4036899,5611.401123502289,40485332190.0
1377.1316153,1377.1211579242595,40485332190.0
7561.7992603,7561.797355796901,40485332190.0
327.3001632,327.25616054281573,40485332190.0
527.32427673,527.2969662424766,40485332190.0
2897.8049582,2897.7999885579347,40485332190.0
2325.3270574,2325.320864270006,40485332190.0
1455.067897,1455.057999775074,40485332190.0
3665.3799548,3665.3760258472853,40485332190.0
4215.0163108,4215.012894144207,40485332190.0
2984.3712469,2984.366421312451,40485332190.0
1125.1242846,1125.111484892424,40485332190.0
3250.4808671,3250.4764366983873,40485332190.0
133.8543605,133.7467293265004,40485332190.0
3294.0038459,3293.9994739710337,40485332190.0
2226.7703245,2226.763857203179,40485332190.0
3029.1085048,3029.1037505366253,40485332190.0
3219.2807744,3219.2763009943214,40485332190.0
10934.505058,10934.503741143259,40485332190.0
1822.43458,1822.4266778640376,40485332190.0
2859.6690105,2859.6639746172277,40485332190.0
464.97500051,464.94402768225075,40485332190.0
7353.2616912,7353.259732789944,40485332190.0
762.84065351,762.8217750053614,40485332190.0
9102.7107671,9102.70918502003,40485332190.0
6537.4374525,6537.435249720984,40485332190.0
1069.5437452,1069.5302803983884,40485332190.0
2977.0187132,2977.0138758459198,40485332190.0
2621.6491785,2621.643685331908,40485332190.0
1112.1631826,1112.1502337177612,40485332190.0
1331.2305044,1331.2196864195391,40485332190.0
452.09889101,452.0670359872216,40485332190.0
2383.6637382,2383.6576966035545,40485332190.0
1509.5666516,1509.5571116156707,40485332190.0
846.86944459,846.852439302046,40485332190.0
527.57173294,527.5444352669463,40485332190.0
713.58264281,713.5624610995667,40485332190.0
25984.864347,25984.863792582753,40485332190.0
2168.2322093,2168.225567407564,40485332190.0
1569.8723065,1569.8631330628023,40485332190.0
1892.686978,1892.6793691693176,40485332190.0
1802.1550344,1802.1470433502732,40485332190.0
1467.7609418,1467.7511300854512,40485332190.0
3198.3146439,3198.310141140158,40485332190.0
657.95261292,657.9307247965431,40485332190.0
431.62721525,431.5938492658072,40485332190.0
3943.9535793,3943.949927906102,40485332190.0
383.09811148,383.0605184589809,40485332190.0
1143.4739892,1143.4613948859865,40485332190.0
709.548553,709.528256547371,40485332190.0
644.18368282,644.1613268316116,40485332190.0
4645.3863325,4645.383232370537,40485332190.0
1885.1895592,1885.1819201392252,40485332190.0
1932.6002786,1932.5928269040064,40485332190.0
3659.2061527,3659.2022171545113,40485332190.0
4162.9117607,4162.908301288994,40485332190.0
1069.9474936,1069.9340338463865,40485332190.0
3258.9392373,3258.9348183640964,40485332190.0
5754.7079515,5754.7054490351275,40485332190.0
282.67342929,282.62247859564775,40485332190.0
468.75765389,468.7269310144625,40485332190.0
15635.433897,15635.432975598182,40485332190.0
1277.30458,1277.2933053226964,40485332190.0
6769.358692,6769.35656459478,40485332190.0
886.88495186,886.8687138522916,40485332190.0
1691.6954153,1691.686902478091,40485332190.0
6740.861683,6740.859546628455,40485332190.0
1652.1499946,1652.1412779966115,40485332190.0
558.97397903,558.9482149572543,40485332190.0
2164.0961062,2164.0894516772796,40485332190.0
9826.0726481,9826.071182530155,40485332190.0
614.83601205,614.8125889110752,40485332190.0
8063.5997392,8063.597953212636,40485332190.0
1841.2289882,1841.2211667474303,40485332190.0
11300.748869,11300.747595336654,40485332190.0
1637.1686114,1637.1598150239295,40485332190.0
2449.8517144,2449.8458360383675,40485332190.0
1491.7773493,1491.7676956248104,40485332190.0
7604.4781462,7604.476252489348,40485332190.0
1201.2807935,1201.268805337061,40485332190.0
226.31625895,226.2526173204106,40485332190.0
1041.2649568,1041.251126274582,40485332190.0
903.97515984,903.9592288351397,40485332190.0
1161.8521106,1161.8397155066402,40485332190.0
6158.7622732,6158.759934873106,40485332190.0
2616.6069053,2616.6014015328406,40485332190.0
7400.9916462,7400.989700360808,40485332190.0
983.48927369,983.4746307035014,40485332190.0
487.66708219,487.63755067917924,40485332190.0
11304.80525,11304.803976097397,40485332190.0
5427.1537773,5427.151123776615,40485332190.0
598.13514375,598.111066574482,40485332190.0
425.11011825,425.07624071851967,40485332190.0
1027.3954062,1027.3813890035028,40485332190.0
3684.1308095,3684.1269005654085,40485332190.0
3495.3321076,3495.327987439566,40485332190.0
5031.7355111,5031.732648962223,40485332190.0
2736.7134123,2736.70815010265,40485332190.0
3992.9869025,3992.9832959670734,40485332190.0
1769.3875096,1769.3793705425855,40485332190.0
7630.0821777,7630.0802903135045,40485332190.0
2263.4846704,2263.4783079727085,40485332190.0
754.11856207,754.0994652150996,40485332190.0
2050.9082238,2050.901201972986,40485332190.0
3909.4537985,3909.4501147845235,40485332190.0
863.33843953,863.3217586426968,40485332190.0
1718.1387074,1718.1303255925193,40485332190.0
271.21160625,271.15850188404795,40485332190.0
430.10937311,430.07588937104805,40485332190.0
5978.9932323,5978.990823670453,40485332190.0
307.27102838,307.2241570288769,40485332190.0
2473.4825366,2473.4767144223083,40485332190.0
6516.8269237,6516.824713922019,40485332190.0
5715.671022,5715.668502358033,40485332190.0
785.62288916,785.6045581326299,40485332190.0
360.73260577,360.69268171298603,40485332190.0
151.58258857,151.48755373226925,40485332190.0
2692.9983447,2692.992997139669,40485332190.0
411.80509809,411.77012591475517,40485332190.0
400.05924823,400.0232491658561,40485332190.0
1568.7707368,1568.7615569667564,40485332190.0
3058.224681,3058.219971999787,40485332190.0
1877.7024386,1877.694769015714,40485332190.0
3549.0649679,3549.060910155566,40485332190.0
1122.1554304,1122.1425968870863,40485332190.0
765.72151846,765.7027109859539,40485332190.0
1696.4804478,1696.471958912522,40485332190.0
1624.3379261,1624.3290603276776,40485332190.0
850.4978746,850.4809418677586,40485332190.0
589.10371237,589.0792660697068,40485332190.0
1368.6974657,1368.6869438799256,40485332190.0
8541.05376,8541.052073879384,40485332190.0
1880.3747177,1880.3670590586128,40485332190.0
8994.1643018,8994.162700583067,40485332190.0
626.04444698,626.0214432185775,40485332190.0
697.32796314,697.3073109909982,40485332190.0
1096.4715464,1096.4584123030315,40485332190.0
932.09540666,932.0799562803602,40485332190.0
7090.5643722,7090.562341203601,40485332190.0
1602.8843733,1602.8753888061055,40485332190.0
2649.1149829,2649.109546652713,40485332190.0
1373.8240765,1373.8135939229333,40485332190.0
2018.1874522,2018.1803164841629,40485332190.0
977.17011971,977.1553820274924,40485332190.0
1419.6754674,1419.6653234728053,40485332190.0
544.97627353,544.9498476861145,40485332190.0
898.11587295,898.0998380053543,40485332190.0
421.00757443,420.97336674357405,40485332190.0
637.94053445,637.9179596750633,40485332190.0
2224.2947218,2224.2882473224217,40485332190.0
5713.6869233,5713.684402937131,40485332190.0
2368.0362366,2368.030155132559,40485332190.0
6886.499999,6886.497907746015,40485332190.0
2969.0844962,2969.079645875286,40485332190.0
1244.149877,1244.1383019619477,40485332190.0
6312.4126776,6312.410396206403,40485332190.0
2806.5852476,2806.5801163976707,40485332190.0
441.55926367,441.52664824826144,40485332190.0
776.60953367,776.5909898870046,40485332190.0
1817.2140138,1817.2060890135142,40485332190.0
630.24462148,630.2217710313364,40485332190.0
1222.2966786,1222.2848965651615,40485332190.0
5389.8399555,5389.837283632388,40485332190.0
7259.850507,7259.848523337105,40485332190.0
552.11690734,552.0908232816189,40485332190.0
1456.1988878,1456.1889982618643,40485332190.0
1390.0457963,1390.035436067473,40485332190.0
4686.9749067,4686.97183411977,40485332190.0
1845.4721866,1845.4643830897535,40485332190.0
741.08101403,741.0615812087447,40485332190.0
4279.5005041,4279.49713903549,40485332190.0
5458.9552262,5458.952588104918,40485332190.0
3595.1252809,3595.1212752024176,40485332190.0
3164.396086,3164.3915351022483,40485332190.0
2671.124325,2671.1189335290087,40485332190.0
1061.9213222,1061.9077606920341,40485332190.0
813.89449249,813.8767982208943,40485332190.0
1114.8824813,1114.8695640265692,40485332190.0
1716.3778397,1716.369449282007,40485332190.0
1115.7110906,1115.6981829561798,40485332190.0
769.82994991,769.8112428116823,40485332190.0
739.45629203,739.4368165024548,40485332190.0
7575.8406428,7575.838741962419,40485332190.0
2039.2366648,2039.2296027079772,40485332190.0
485.00870279,484.9790093976698,40485332190.0
3979.5027356,3979.4991167400294,40485332190.0
4281.5564243,4281.553060729513,40485332190.0
986.14951065,986.1349071606672,40485332190.0
317.2159695,317.170567812601,40485332190.0
709.32460155,709.3042986887475,40485332190.0
329.896014,329.8523576325149,40485332190.0
1148.2837203,1148.271178736205,40485332190.0
827.02987577,827.0124625366191,40485332190.0
1184.8520109,1184.8398564614695,40485332190.0
6107.6824427,6107.68008480185,40485332190.0
782.45361291,782.4352076222252,40485332190.0
1697.3097278,1697.3012431228888,40485332190.0
2226.5185118,2226.5120438045424,40485332190.0
1534.0259575,1534.01656960155,40485332190.0
829.74844925,829.7310930735015,40485332190.0
7961.7597749,7961.757966068046,40485332190.0
4830.3984624,4830.3954810644855,40485332190.0
501.1944979,501.16576350047814,40485332190.0
1094.3015677,1094.2884075388479,40485332190.0
11086.175418,11086.174119001054,40485332190.0
2324.7030776,2324.6968827323803,40485332190.0
1365.605374,1365.5948283848195,40485332190.0
2083.7043486,2083.6974373529283,40485332190.0
5281.6716336,5281.668906983629,40485332190.0
1412.6345219,1412.624327306995,40485332190.0
975.30043415,975.2856682147286,40485332190.0
1509.3070571,1509.2975155465808,40485332190.0
551.86142092,551.8353247786144,40485332190.0
3274.5610961,3274.5566982724354,40485332190.0
16774.101275,16774.100416794645,40485332190.0
1579.4160897,1579.406971721921,40485332190.0
430.14902839,430.1155477384464,40485332190.0
1676.7235304,1676.7149415971471,40485332190.0
9500.0245232,9500.02300724331,40485332190.0
3523.8055784,3523.8014915631557,40485332190.0
12663.738097,12663.736959101705,40485332190.0
1703.217507,1703.2090517893243,40485332190.0
2222.4772819,2222.470802143664,40485332190.0
3751.5656348,3751.561796105888,40485332190.0
4293.8309674,4293.82761350519,40485332190.0
997.08572629,997.0712829849055,40485332190.0
345.38905445,345.3473566093553,40485332190.0
1267.3387125,1267.3273491578525,40485332190.0
565.90722569,565.8817772891887,40485332190.0
609.00519404,608.9815466398411,40485332190.0
1618.6663593,1618.6574622948976,40485332190.0
3507.8350228,3507.830917384672,40485332190.0
3773.5294621,3773.5256457568526,40485332190.0
2191.3214081,2191.3148362372367,40485332190.0
1447.716485,1447.7065375670118,40485332190.0
6259.9588704,6259.956569889079,40485332190.0
2424.9010723,2424.8951333888836,40485332190.0
1783.8591971,1783.8511240964667,40485332190.0
1230.9205054,1230.9088058789885,40485332190.0
663.6340938,663.6123930777338,40485332190.0
202.94625822,202.87528559377571,40485332190.0
477.03409348,477.00390366859017,40485332190.0
3432.5985937,3432.5943982763633,40485332190.0
1226.5346409,1226.522899558536,40485332190.0
2409.1787192,2409.1727416082063,40485332190.0
4831.0369448,4831.033963846478,40485332190.0
521.08574526,521.0581077919182,40485332190.0
886.22362446,886.207374339151,40485332190.0
2736.8656725,2736.8604106067237,40485332190.0
2001.1629646,2001.1557682386097,40485332190.0
502.56685038,502.53819445089516,40485332190.0
1198.7910596,1198.7790464707782,40485332190.0
381.27245149,381.23467843145096,40485332190.0
1247.7763017,1247.7647601437257,40485332190.0
1702.148434,1702.1399734751005,40485332190.0
2307.1074711,2307.1012290056938,40485332190.0
5309.526718,5309.524005681462,40485332190.0
2180.3523318,2180.345726936304,40485332190.0
2300.9893294,2300.983070710434,40485332190.0
1724.2906251,1724.2822731906647,40485332190.0
29412.536618,29412.53612858217,40485332190.0
1249.2621597,1249.2506319949107,40485332190.0
11576.229765,11576.22852060602,40485332190.0
1090.2126063,1090.199396790376,40485332190.0
5117.0947866,5117.091972232572,40485332190.0
809.91386513,809.896083891229,40485332190.0
1236.5189277,1236.5072811604118,40485332190.0
895.52293214,895.5068507682639,40485332190.0
1408.005372,1407.9951439350784,40485332190.0
2085.2936492,2085.286743103097,40485332190.0
570.97879302,570.9535706690174,40485332190.0
1950.6668486,1950.659465871787,40485332190.0
3857.6543413,3857.650608080958,40485332190.0
2570.7242172,2570.7186151957653,40485332190.0
5672.8937517,5672.891213111939,40485332190.0
637.66199775,637.6394131102525,40485332190.0
1612.5191514,1612.5102205933342,40485332190.0
2202.4455904,2202.4390517336715,40485332190.0
595.99332709,595.9691633847649,40485332190.0
3061.0531107,3061.0484060552785,40485332190.0
2333.7383954,2333.732224529781,40485332190.0
800.43004904,800.4120571273994,40485332190.0
3154.0023936,3153.997827593327,40485332190.0
3246.071832,3246.067395472639,40485332190.0
1925.5756988,1925.568219946211,40485332190.0
542.66952484,542.6429866628365,40485332190.0
2270.0072653,2270.00092118131,40485332190.0
503.12406158,503.0954373859692,40485332190.0
8385.9404236,8385.938706368986,40485332190.0
1057.5209726,1057.507354696043,40485332190.0
1038.0417202,1038.0278467511437,40485332190.0
2081.6449111,2081.6379930425237,40485332190.0
675.94492577,675.9236202779264,40485332190.0
2046.9120642,2046.9050286087338,40485332190.0
2893.9406337,2893.9356573688797,40485332190.0
1406.789806,1406.7795690898363,40485332190.0
569.72229352,569.6970155442897,40485332190.0
1178.4277372,1178.415516483337,40485332190.0
2411.0081423,2411.002169254775,40485332190.0
1022.3187057,1022.3046188331555,40485332190.0
2677.6456322,2677.6402539196033,40485332190.0
1088.0336303,1088.020394232431,40485332190.0
962.94284865,962.927893217746,40485332190.0
765.62412341,765.6053135426039,40485332190.0
901.46271746,901.4467420424867,40485332190.0
701.55178125,701.5312534384611,40485332190.0
1612.7551464,1612.7462169133646,40485332190.0
550.67569228,550.6495399455705,40485332190.0
819.07016466,819.0525822110459,40485332190.0
6246.6148881,6246.612582718061,40485332190.0
4427.3220549,4427.318802148162,40485332190.0
385.9699793,385.9326660153381,40485332190.0
2166.2142494,2166.207601291463,40485332190.0
4465.0824835,4465.0792582569375,40485332190.0
1934.0512701,1934.0438239279247,40485332190.0
1323.3673754,1323.3564931439732,40485332190.0
233.94102983,233.8794630053167,40485332190.0
1022.8924858,1022.8784068461842,40485332190.0
340.50944126,340.4671458021394,40485332190.0
1036.0877373,1036.0738376952534,40485332190.0
4212.4633817,4212.459963043508,40485332190.0
1373.7550224,1373.744539418502,40485332190.0
3343.1444239,3343.1401161837966,40485332190.0
5404.2650314,5404.262366678838,40485332190.0
755.56503993,755.5459796351104,40485332190.0
1806.073543,1806.065569328502,40485332190.0
1739.0207324,1739.0124512305322,40485332190.0
843.02479118,843.0077083477125,40485332190.0
1995.7296074,1995.7223914356014,40485332190.0
2885.7689464,2885.7639559900927,40485332190.0
2071.6198736,2071.61292194408,40485332190.0
3133.3657166,3133.361120517652,40485332190.0
5636.4075182,5636.404963151289,40485332190.0
4043.4158675,4043.4123059048584,40485332190.0
257.31690736,257.26093483506105,40485332190.0
1378.1353889,1378.1249391360102,40485332190.0
8530.5432989,8530.541610756336,40485332190.0
1962.9630242,1962.9556877777957,40485332190.0
1230.6638146,1230.6521126485532,40485332190.0
587.25631038,587.2317871601209,40485332190.0
3216.8205063,3216.816029532509,40485332190.0
711.12454844,711.104296974676,40485332190.0
5390.3697473,5390.367075700107,40485332190.0
1000.5040511,1000.4896570885448,40485332190.0
3117.9063723,3117.901753414169,40485332190.0
7535.5457522,7535.543841060991,40485332190.0
1533.7077638,1533.698374001148,40485332190.0
1229.4587494,1229.4470359298066,40485332190.0
2895.9761877,2895.9712149180646,40485332190.0
2895.773989,2895.769015851784,40485332190.0
13550.4057,13550.404637007843,40485332190.0
628.48935068,628.466436407728,40485332190.0
506.41882468,506.3903867280197,40485332190.0
4187.411532,4187.4080928723515,40485332190.0
483.91223864,483.8824779685392,40485332190.0
10561.676694,10561.675330106262,40485332190.0
1551.8304302,1551.8211500257269,40485332190.0
624.54176192,624.5187028133901,40485332190.0
2838.7695272,2838.7644541635386,40485332190.0
1339.4511459,1339.4403942916392,40485332190.0
1412.5440805,1412.5338853670587,40485332190.0
5224.9476544,5224.944898181504,40485332190.0
4914.3523288,4914.349398323434,40485332190.0
14788.195287,14788.194313461876,40485332190.0
1194.6974981,1194.6854439115637,40485332190.0
2455.5719239,2455.5660592663703,40485332190.0
464.07873656,464.0477039046422,40485332190.0
838.46760063,838.4504249479965,40485332190.0
4366.7594694,4366.756171576438,40485332190.0
366.68744829,366.648172657386,40485332190.0
590.87303673,590.8486636370596,40485332190.0
1404.5104032,1404.500149745974,40485332190.0
1136.4939694,1136.481297838143,40485332190.0
1677.5872453,1677.5786608579285,40485332190.0
587.02995707,587.005424409776,40485332190.0
4932.0219698,4932.019049909363,40485332190.0
913.0467523,913.0309795782806,40485332190.0
1271.8091365,1271.7978130598838,40485332190.0
754.79067095,754.7715911063358,40485332190.0
5184.3640026,5184.361224752565,40485332190.0
2427.5672374,2427.5613050984975,40485332190.0
2773.0063469,2773.0011535728354,40485332190.0
3630.8291779,3630.825211550623,40485332190.0
374.32898877,374.2905149859997,40485332190.0
322.51091947,322.4662632824875,40485332190.0
1179.0447982,1179.03258388606,40485332190.0
956.11818939,956.1031272032405,40485332190.0
1340.6176135,1340.6068712402966,40485332190.0
3862.5880759,3862.5843475256443,40485332190.0
1783.6080129,1783.599938784772,40485332190.0
3042.8144684,3042.809735519914,40485332190.0
4045.7246942,4045.721134614936,40485332190.0
1058.4004126,1058.3868060239365,40485332190.0
2707.0100199,2707.004699962588,40485332190.0
3889.7801535,3889.776451199386,40485332190.0
10263.454171,10263.452767705021,40485332190.0
2519.1252458,2519.1195290705546,40485332190.0
5117.6852414,5117.682427388077,40485332190.0
603.09758068,603.0737016336053,40485332190.0
421.78184001,421.7476951195545,40485332190.0
1017.227793,1017.2136356975566,40485332190.0
2936.904009,2936.899105509279,40485332190.0
1045.6228456,1045.6090727731755,40485332190.0
820.10595534,820.0883950985985,40485332190.0
664.32273094,664.3010527041398,40485332190.0
1455.5552618,1455.5453678998952,40485332190.0
1360.6578461,1360.6472621181556,40485332190.0
162.52827592,162.43964494833432,40485332190.0
936.75919124,936.7438177766564,40485332190.0
5403.7474343,5403.744769283908,40485332190.0
3992.0878315,3992.0842240718944,40485332190.0
2812.084322,2812.0792007864693,40485332190.0
6821.2491168,6821.247005572093,40485332190.0
1112.0711606,1112.0582107825705,40485332190.0
2729.252243,2729.2469664604264,40485332190.0
1527.8800366,1527.8706110401465,40485332190.0
5483.147776,5483.145149596621,40485332190.0
1389.9202732,1389.909912060293,40485332190.0
2429.4314055,2429.4254777356778,40485332190.0
792.45641313,792.4382401756391,40485332190.0
11105.005752,11105.004455022698,40485332190.0
3923.6297139,3923.626043609708,40485332190.0
1676.7511061,1676.742517364981,40485332190.0
226.26221618,226.19855934340455,40485332190.0
3713.2948417,3713.2909634004614,40485332190.0
809.01268167,808.9948806187082,40485332190.0
417.49416224,417.45966665410594,40485332190.0
4937.182257,4937.179340078363,40485332190.0
2218.4158703,2218.409378660284,40485332190.0
2399.7651908,2399.7591897315697,40485332190.0
1869.8519648,1869.844263015444,40485332190.0
637.61637378,637.5937875254697,40485332190.0
701.64080107,701.6202758660293,40485332190.0
1505.4319243,1505.4223581972003,40485332190.0
2110.8370717,2110.8302491669965,40485332190.0
1285.5684821,1285.5572798887833,40485332190.0
2504.8217569,2504.8160075331148,40485332190.0
1019.7942972,1019.780175520103,40485332190.0
4323.122908,4323.119576764354,40485332190.0
3620.3187552,3620.3147773629157,40485332190.0
3273.1290742,3273.1246743384268,40485332190.0
1274.4340151,1274.4227150426389,40485332190.0
3525.8107081,3525.8066235412184,40485332190.0
2995.5948756,2995.5900681179623,40485332190.0
3278.9303509,3278.92595888679,40485332190.0
1874.7382594,1874.7305777355314,40485332190.0
3549.0648673,3549.06080957637,40485332190.0
568.46970315,568.4443694685641,40485332190.0
690.93122495,690.9103815926131,40485332190.0
2634.1970321,2634.1915651148565,40485332190.0
9583.0437624,9583.042259592683,40485332190.0
1591.5952563,1591.5862080426866,40485332190.0
927.24250985,927.2269786016955,40485332190.0
1496.5965998,1496.5869771122907,40485332190.0
6168.5291743,6168.526839725793,40485332190.0
2953.8792502,2953.8743749300083,40485332190.0
2028.8810676,2028.8739695079403,40485332190.0
2880.2893178,2880.284317911351,40485332190.0
6484.1700888,6484.167867850987,40485332190.0
2688.7597324,2688.754376356714,40485332190.0
1264.6827524,1264.6713652202252,40485332190.0
947.43863817,947.4234380097897,40485332190.0
1866.0321149,1866.024397413291,40485332190.0
1438.7540535,1438.7440440702994,40485332190.0
1368.8751106,1368.8645902002875,40485332190.0
1116.5580578,1116.54515989709,40485332190.0
14757.356453,14757.355477304684,40485332190.0
3312.1196056,3312.11525752845,40485332190.0
9657.3143878,9657.312896632124,40485332190.0
1692.1744911,1692.1659806435862,40485332190.0
663.32031801,663.298607014184,40485332190.0
355.03664812,354.9960834803593,40485332190.0
857.33993759,857.3231399916185,40485332190.0
260.90689647,260.85169426771233,40485332190.0
6005.7640832,6005.761685310016,40485332190.0
1742.4289565,1742.4206914988254,40485332190.0
1371.2701128,1371.259610674868,40485332190.0
1238.0073846,1237.9957520166508,40485332190.0
1184.3719957,1184.3598362746222,40485332190.0
3101.1862193,3101.181575578667,40485332190.0
550.51062528,550.4844651006999,40485332190.0
1683.649572,1683.641018460605,40485332190.0
914.96920865,914.9534690722865,40485332190.0
1570.9374075,1570.9282403482307,40485332190.0
6880.4799243,6880.477831191291,40485332190.0
1171.5386297,1171.5263371699775,40485332190.0
410.54733314,410.51225380906436,40485332190.0
1046.2147838,1046.2010187406852,40485332190.0
3837.3517178,3837.347964945555,40485332190.0
9387.9238341,9387.9223000964,40485332190.0
7921.7880866,7921.786268695088,40485332190.0
1292.9488014,1292.93766314195,40485332190.0
15247.920026,15247.919081422575,40485332190.0
2012.206744,2012.1995871139475,40485332190.0
9574.7438301,9574.742326077614,40485332190.0
10840.845542,10840.844214102513,40485332190.0
431.58248153,431.5491120798367,40485332190.0
1495.4949426,1495.4853128973093,40485332190.0
13362.54915,13362.548072024996,40485332190.0
2431.6769447,2431.671022356485,40485332190.0
1029.7742083,1029.7602235316876,40485332190.0
1641.810097,1641.8013254278178,40485332190.0
816.15004173,816.1323963685161,40485332190.0
826.25733705,826.2399075365493,40485332190.0
1758.2932099,1758.2850195393003,40485332190.0
2373.5376644,2373.5315970808842,40485332190.0
5310.0063233,5310.003611177727,40485332190.0
1913.7251932,1913.7176679972968,40485332190.0
1698.6127782,1698.6043000051918,40485332190.0
2862.518692,2862.5136610897375,40485332190.0
861.42629865,861.4095807364672,40485332190.0
2403.6062171,2403.600225662084,40485332190.0
1887.6046068,1887.596977428563,40485332190.0
3932.6273776,3932.6237156041857,40485332190.0
9554.6723647,9554.670857404382,40485332190.0
860.64164342,860.6249102649921,40485332190.0
506.77927542,506.7508576908095,40485332190.0
8759.7155617,8759.71391774717,40485332190.0
267.35967016,267.30580055039167,40485332190.0
261.06156205,261.0063925720878,40485332190.0
538.24233343,538.2155769579342,40485332190.0
443.77402836,443.741575719968,40485332190.0
5019.594169,5019.5912999855655,40485332190.0
999.61576244,999.6013556983905,40485332190.0
756.61762722,756.5985934466457,40485332190.0
577.5002384,577.4753008832623,40485332190.0
8249.850973,8249.849227319199,40485332190.0
518.93679882,518.9090468936495,40485332190.0
732.90354076,732.8838911059181,40485332190.0
455.33370189,455.30207320161253,40485332190.0
3951.0412862,3951.037641279462,40485332190.0
3693.2766899,3693.272790675027,40485332190.0
871.9307416,871.9142250961198,40485332190.0
917.05833468,917.0426309556835,40485332190.0
2279.3651212,2279.3588032198577,40485332190.0
448.84479095,448.81270497436986,40485332190.0
458.8517705,458.8203843294499,40485332190.0
1482.6733423,1482.6636293486793,40485332190.0
254.70367577,254.64712885264092,40485332190.0
510.00315754,509.9749194621863,40485332190.0
5594.1505996,5594.1480253598875,40485332190.0
1250.8453483,1250.8338350756776,40485332190.0
9551.9922056,9551.990697961632,40485332190.0
1399.7516442,1399.7413558629096,40485332190.0
1451.7692636,1451.7593439197487,40485332190.0
1034.5089952,1034.495074476532,40485332190.0
1750.1841828,1750.1759545028685,40485332190.0
4042.8217596,4042.8181975139896,40485332190.0
1894.7348803,1894.7272796328245,40485332190.0
3250.3024842,3250.2980534889443,40485332190.0
5669.4984398,5669.495899760738,40485332190.0
376.15118361,376.112896223899,40485332190.0
8501.7922519,8501.790557983128,40485332190.0
6060.2231749,6060.2207985338155,40485332190.0
11378.802188,11378.800922487508,40485332190.0
2829.0457074,2829.040616931602,40485332190.0
1059.3682901,1059.3546959284427,40485332190.0
1655.9456617,1655.9369650725741,40485332190.0
2961.9773305,2961.9724685082833,40485332190.0
758.091866,758.0728692321666,40485332190.0
11202.26392,11202.262634428747,40485332190.0
2969.6274157,2969.62256623673,40485332190.0
4056.1813705,4056.1778200279423,40485332190.0
1323.0776857,1323.0668010832355,40485332190.0
1902.5168421,1902.5092725181883,40485332190.0
816.87643161,816.8588019351726,40485332190.0
9866.9033854,9866.901925904243,40485332190.0
1193.9335001,1193.9214381464717,40485332190.0
3508.5184759,3508.5143713365574,40485332190.0
3308.3752325,3308.370879627889,40485332190.0
1040.5620532,1040.5482133232886,40485332190.0
797.89133113,797.8732819708134,40485332190.0
2010.513676,2010.5065131212048,40485332190.0
1098.8085041,1098.7953978961582,40485332190.0
1968.698388,1968.691072933939,40485332190.0
1673.6694151,1673.6608105793214,40485332190.0
1631.5748556,1631.5660290223059,40485332190.0
1030.5825905,1030.5686166500288,40485332190.0
1467.8303017,1467.8204905201726,40485332190.0
10062.845702,10062.844270814554,40485332190.0
533.50389032,533.4768961861889,40485332190.0
463.8940116,463.8629665920341,40485332190.0
1135.5011562,1135.4884734746365,40485332190.0
1083.9915159,1083.9782305540452,40485332190.0
1138.7365426,1138.7238959322776,40485332190.0
853.71990274,853.7030339167735,40485332190.0
4867.036702,4867.033743114159,40485332190.0
149.42071553,149.32430482046635,40485332190.0
709.78900681,709.7687172310241,40485332190.0
2130.5917754,2130.5850161313565,40485332190.0
570.05470128,570.0294380441377,40485332190.0
681.93340885,681.9122904646006,40485332190.0
6685.8166047,6685.814450744092,40485332190.0
463.74562463,463.71456969878176,40485332190.0
294.73254718,294.6836815149892,40485332190.0
15369.981735,15369.980798263405,40485332190.0
243.68673082,243.62762683989843,40485332190.0
967.85407759,967.8391980471959,40485332190.0
193.86390135,193.78960246976266,40485332190.0
1392.9508484,1392.9405097812491,40485332190.0
2416.5953697,2416.589410430833,40485332190.0
4849.9094382,4849.906468873374,40485332190.0
2254.9735953,2254.9672088375773,40485332190.0
4934.065898,4934.062979246773,40485332190.0
517.23330981,517.2054664875704,40485332190.0
393.79413484,393.7575629944079,40485332190.0
243.95256028,243.89352071127044,40485332190.0
3995.9576228,3995.9540189223208,40485332190.0
2472.237078,2472.231252783798,40485332190.0
5669.7184973,5669.71595731324,40485332190.0
4364.9766082,4364.973308926548,40485332190.0
2344.1063398,2344.10019627414,40485332190.0
1749.940722,1749.9324924417813,40485332190.0
1229.5995277,1229.5878155913988,40485332190.0
597.32521367,597.3011038587216,40485332190.0
1167.2685237,1167.2561861311747,40485332190.0
9203.0478277,9203.046262875181,40485332190.0
648.42599175,648.4037820350346,40485332190.0
1819.9379289,1819.9300158709868,40485332190.0
1511.7698703,1511.7603442198088,40485332190.0
8604.1855932,8604.183919436697,40485332190.0
449.05648105,449.0244101960231,40485332190.0
6930.5919728,6930.589894903775,40485332190.0
2517.7300597,2517.7243398671153,40485332190.0
1699.7127148,1699.70424208421,40485332190.0
470.94077272,470.9101922717216,40485332190.0
1175.7520612,1175.739812677788,40485332190.0
2347.4397755,2347.433640683293,40485332190.0
634.02556668,634.0028525038497,40485332190.0
2086.5253705,2086.5184685606414,40485332190.0
5711.9448393,5711.942317987986,40485332190.0
11963.067325,11963.066120556843,40485332190.0
1478.9483951,1478.9386576335576,40485332190.0
1840.5733593,1840.5655350520115,40485332190.0
2051.192225,2051.185204118072,40485332190.0
1529.6408998,1529.6314850470537,40485332190.0
7391.1334188,7391.1314703602575,40485332190.0
440.84696304,440.8142949168195,40485332190.0
501.80509021,501.776390772486,40485332190.0
2090.6567286,2090.6498403421465,40485332190.0
6324.602359,6324.600081950927,40485332190.0
4536.6675205,4536.6643461163385,40485332190.0
4614.0760982,4614.072977099795,40485332190.0
801.31783676,801.2998647775297,40485332190.0
2282.3580347,2282.3517248563016,40485332190.0
2049.3972212,2049.3901942187417,40485332190.0
1661.2188572,1661.2101881678495,40485332190.0
2410.0355812,2410.029605705422,40485332190.0
8522.7005451,8522.698855394903,40485332190.0
796.05763644,796.0395456961737,40485332190.0
1271.4003144,1271.388987392642,40485332190.0
707.29143187,707.2710706499394,40485332190.0
2443.9118915,2443.905998909937,40485332190.0
1330.598494,1330.5876708773355,40485332190.0
757.38374491,757.364730394569,40485332190.0
2717.8317852,2717.8264864467355,40485332190.0
482.16346068,482.13359206131,40485332190.0
2135.2743877,2135.267643284955,40485332190.0
4086.0222702,4086.0187457124994,40485332190.0
1103.4872893,1103.4742387014167,40485332190.0
523.78045051,523.7529552346855,40485332190.0
1290.0653447,1290.054181548841,40485332190.0
1650.0250742,1650.016346378687,40485332190.0
1992.5533602,1992.54613272443,40485332190.0
1114.1978184,1114.1848932084756,40485332190.0
4371.5875396,4371.58424535158,40485332190.0
551.67094875,551.6448436034887,40485332190.0
7321.4631033,7321.461136357502,40485332190.0
12445.233261,12445.232103731267,40485332190.0
8066.6309287,8066.629143497113,40485332190.0
3948.6173797,3948.6137325317636,40485332190.0
5936.5464613,5936.5440355167375,40485332190.0
1785.9479368,1785.9398732003672,40485332190.0
704.32880534,704.3083584690131,40485332190.0
1638.3815914,1638.3728015123042,40485332190.0
896.66438964,896.6483287410556,40485332190.0
1173.6490065,1173.6367361340733,40485332190.0
431.30914232,431.27575173168435,40485332190.0
573.9527065,573.927614840491,40485332190.0
8792.1939083,8792.19227039918,40485332190.0
767.55134229,767.5325796531298,40485332190.0
2939.5693439,2939.564444889432,40485332190.0
873.94817723,873.9316988532563,40485332190.0
2439.4354955,2439.4295920234417,40485332190.0
150.190656,150.09473984746228,40485332190.0
184.05397184,183.97571124930883,40485332190.0
1947.981251,1947.973858186427,40485332190.0
785.52301156,785.5046781921673,40485332190.0
1241.491578,1241.4799780970839,40485332190.0
3334.2992599,3334.29494085575,40485332190.0
3284.3226979,3284.318313084484,40485332190.0
454.30915775,454.27745772110495,40485332190.0
2037.8099227,2037.8028557567452,40485332190.0
1004.2551418,1004.2408015710683,40485332190.0
2491.794734,2491.788954554162,40485332190.0
976.27039048,976.2556392238315,40485332190.0
531.54946349,531.5223701040624,40485332190.0
1193.0476528,1193.035581878863,40485332190.0
2848.3269427,2848.3218866986176,40485332190.0
880.975162,880.9588150613434,40485332190.0
1314.0872985,1314.0763394766989,40485332190.0
1008.8471506,1008.8328756702399,40485332190.0
2657.2650549,2657.259635337577,40485332190.0
1886.8422325,1886.8346001569432,40485332190.0
3669.9598659,3669.9559419161865,40485332190.0
1914.223997,1914.216473761381,40485332190.0
2301.9601399,2301.953883921604,40485332190.0
426.29219578,426.2584121895716,40485332190.0
2041.0177754,2041.010719506502,40485332190.0
2401.1248272,2401.1188294700696,40485332190.0
15112.25754,15112.256587090094,40485332190.0
287.25277011,287.2026318047496,40485332190.0
765.913105,765.8943022303595,40485332190.0
482.48092947,482.45108051035743,40485332190.0
2013.9898711,2013.9827205841973,40485332190.0
982.8028387,982.7881854934392,40485332190.0
11828.917551,11828.916334430347,40485332190.0
857.34775184,857.3309543950104,40485332190.0
772.5012269,772.482584494432,40485332190.0
949.02364261,949.008467828965,40485332190.0
941.64156017,941.6262664248499,40485332190.0
612.03274117,612.0092107489005,40485332190.0
621.40313981,621.3799642278788,40485332190.0
1752.5848431,1752.5766259656402,40485332190.0
642.00480455,641.9823726978041,40485332190.0
167.03285251,166.9466130154067,40485332190.0
5674.4773739,5674.474836028863,40485332190.0
1137.9840597,1137.9714046879756,40485332190.0
842.21082687,842.1937275207405,40485332190.0
398.7626829,398.7265667772773,40485332190.0
1297.35119,1297.3400895487564,40485332190.0
5354.2974039,5354.294714272908,40485332190.0
840.49091419,840.4737798482543,40485332190.0
894.33372045,894.3176176826423,40485332190.0
319.40056579,319.35547468185615,40485332190.0
1378.5852766,1378.574830176181,40485332190.0
3123.2095955,3123.2049844772605,40485332190.0
6370.81136,6370.809099459122,40485332190.0
2713.9719156,2713.9666093361825,40485332190.0
973.53757619,973.5227835229485,40485332190.0
1619.8798389,1619.8709486967152,40485332190.0
939.21629218,939.2009589469277,40485332190.0
3816.7175074,3816.713734255838,40485332190.0
708.54039487,708.5200695468967,40485332190.0
474.12859752,474.0982227074242,40485332190.0
4452.9372713,4452.934037230244,40485332190.0
2353.1420695,2353.135949559571,40485332190.0
428.63372331,428.6001242883697,40485332190.0
1691.9017281,1691.893216296637,40485332190.0
3679.9237979,3679.9198844964353,40485332190.0
1950.3088787,1950.3014947252166,40485332190.0
6442.4882906,6442.486055250435,40485332190.0
786.00809156,785.9897695079699,40485332190.0
2578.4252631,2578.4196778583255,40485332190.0
1083.0990378,1083.085741536435,40485332190.0
8669.855822,8669.854160904586,40485332190.0
4299.7216498,4299.718300462982,40485332190.0
5334.0948418,5334.092141951832,40485332190.0
950.79265003,950.777503478959,40485332190.0
269.77205549,269.7186676894405,40485332190.0
16404.945418,16404.944540013053,40485332190.0
1576.684792,1576.675658154888,40485332190.0
2029.6657029,2029.6586075644555,40485332190.0
1921.5849576,1921.5774631927745,40485332190.0
3155.2690325,3155.264468401624,40485332190.0
4315.2457236,4315.242386310055,40485332190.0
1349.7883611,1349.7776918816976,40485332190.0
1892.0493131,1892.041701693567,40485332190.0
1297.9282571,1297.9171615738173,40485332190.0
1083.5356367,1083.5223457847737,40485332190.0
4648.6460061,4648.642908195608,40485332190.0
1940.1934321,1940.186009515754,40485332190.0
1415.8543758,1415.844204419006,40485332190.0
12096.956744,12096.955552996602,40485332190.0
2938.3699411,2938.365040039032,40485332190.0
2058.8106912,2058.8036963196896,40485332190.0
4297.5148156,4297.511464562837,40485332190.0
923.61025066,923.5946583320887,40485332190.0
2584.7812023,2584.7756308185676,40485332190.0
412.2563507,412.22141680755095,40485332190.0
272.80234143,272.74954678788396,40485332190.0
1088.2564988,1088.2432655202556,40485332190.0
8365.383763,8365.38204150656,40485332190.0
2351.6594528,2351.6533290713196,40485332190.0
930.1562245,930.1407419000464,40485332190.0
3277.8879708,3277.88357746525,40485332190.0
155.45364059,155.3609737190825,40485332190.0
2485.6318585,2485.6260647633976,40485332190.0
726.05314811,726.033313048837,40485332190.0
660.87228725,660.850495834803,40485332190.0
116.75197523,116.62856210946563,40485332190.0
4422.0923338,4422.089077185816,40485332190.0
9101.5618432,9101.56026098784,40485332190.0
7638.9978527,7638.9959674821885,40485332190.0
2222.6464242,2222.6399449115384,40485332190.0
1683.0002283,1682.9916713845591,40485332190.0
3058.5686866,3058.5639782234243,40485332190.0
679.07582415,679.0546168921733,40485332190.0
565.52524221,565.4997766220613,40485332190.0
2012.7330722,2012.7259171595902,40485332190.0
3833.3904141,3833.386657324327,40485332190.0
1332.2908906,1332.28008127652,40485332190.0
173.67272662,173.58978584302074,40485332190.0
1531.6463795,1531.636977145254,40485332190.0
1553.1339978,1553.124725496992,40485332190.0
2605.672326,2605.666799169715,40485332190.0
1715.7035673,1715.6951735864934,40485332190.0
1010.6015742,1010.5873240098906,40485332190.0
1560.5333892,1560.5241608577978,40485332190.0
1741.1813597,1741.1730888313978,40485332190.0
1643.2433457,1643.23458178177,40485332190.0
1684.5368477,1684.528298749544,40485332190.0
1749.9256675,1749.917437850586,40485332190.0
2378.1456319,2378.139576279424,40485332190.0
598.7566368,598.7325846191404,40485332190.0
594.46957849,594.4453528510136,40485332190.0
1920.3584239,1920.350924678281,40485332190.0
693.46098363,693.4402163034658,40485332190.0
1558.3975895,1558.3883485666945,40485332190.0
1173.5050894,1173.4928175131731,40485332190.0
639.79377079,639.7712614152496,40485332190.0
1342.8643024,1342.8535782428362,40485332190.0
5154.5962919,5154.5934980875345,40485332190.0
208.28952655,208.22037520755106,40485332190.0
3903.2778966,3903.2742070524864,40485332190.0
4015.7339059,4015.730319715554,40485332190.0
1517.2327596,1517.2232678826144,40485332190.0
774.23537968,774.2167790316604,40485332190.0
1549.2721879,1549.26289249395,40485332190.0
634.09457026,634.0718585611726,40485332190.0
6820.5312527,6820.529141284974,40485332190.0
968.73791365,968.7230476870488,40485332190.0
3126.7193209,3126.7147150358473,40485332190.0
3144.2685022,3144.2639220704727,40485332190.0
1445.2044636,1445.1944987966483,40485332190.0
607.2503444,607.2266286623959,40485332190.0
10014.82842,10014.82698160885,40485332190.0
923.35116818,923.3355714777267,40485332190.0
2073.1031932,2073.0962465704274,40485332190.0
244.15502104,244.09603045150038,40485332190.0
2046.8004901,2046.7934541846207,40485332190.0
1662.4714812,1662.4628187057885,40485332190.0
1231.4969797,1231.4852856830205,40485332190.0
710.94913905,710.9288825785728,40485332190.0
1486.7776149,1486.7679287359667,40485332190.0
577.15301218,577.1280596662713,40485332190.0
915.4815552,915.4658244178988,40485332190.0
4210.6981526,4210.69473248323,40485332190.0
2869.1105345,2869.105515160248,40485332190.0
672.8920826,672.8706804512316,40485332190.0
3300.7002581,3300.6958950326625,40485332190.0
7496.453714,7496.451792989242,40485332190.0
1565.4679158,1565.4587166013341,40485332190.0
513.77801727,513.749986677843,40485332190.0
910.32711373,910.3112938895173,40485332190.0
909.26553273,909.2496944154674,40485332190.0
2064.492886,2064.4859103552153,40485332190.0
5427.7727852,5427.770131923815,40485332190.0
827.08786421,827.0704522025565,40485332190.0
207.0105596,206.94098087008433,40485332190.0
2412.1687651,2412.1627948635282,40485332190.0
1027.1574043,1027.1433838307148,40485332190.0
2998.3894603,2998.3846573525752,40485332190.0
1841.8132444,1841.8054254076505,40485332190.0
1216.2444138,1216.2325731028009,40485332190.0
222.66954817,222.6048639677156,40485332190.0
436.69795941,436.6649808869643,40485332190.0
406.43923203,406.40379810521245,40485332190.0
280.26776903,280.21638092618326,40485332190.0
1010.5367291,1010.5224780415753,40485332190.0
784.97559744,784.9572512867898,40485332190.0
1224.6274546,1224.6156949618137,40485332190.0
3662.0681069,3662.0641743315336,40485332190.0
1474.111594,1474.1018246209603,40485332190.0
1070.6913926,1070.6779422109748,40485332190.0
6047.7458539,6047.74347274608,40485332190.0
411.61622448,411.5812362600164,40485332190.0
1021.6072407,1021.5931440023448,40485332190.0
5342.1223342,5342.119638478573,40485332190.0
3776.0922027,3776.0883889835072,40485332190.0
647.40801001,647.3857653726734,40485332190.0
2192.4946769,2192.488108510124,40485332190.0
3529.4305446,3529.426464306341,40485332190.0
868.73012451,868.713547147436,40485332190.0
844.19004391,844.1729846470134,40485332190.0
940.34393507,940.3286202208537,40485332190.0
241.29100179,241.23131083019183,40485332190.0
6674.9704678,6674.968310237246,40485332190.0
2031.0242728,2031.0171821675701,40485332190.0
1914.5353188,1914.5277967686332,40485332190.0
754.75491829,754.7358375392124,40485332190.0
3327.5823192,3327.5779913886777,40485332190.0
685.03721274,685.0161900418714,40485332190.0
1835.3525811,1835.3447345720926,40485332190.0
598.31904411,598.2949743431521,40485332190.0
1857.363218,1857.3554644648502,40485332190.0
13656.799052,13656.797997276073,40485332190.0
1904.8716332,1904.8640730218067,40485332190.0
1355.1475056,1355.1368785621519,40485332190.0
1006.2724175,1006.258106112823,40485332190.0
2209.0509588,2209.0444396104454,40485332190.0
7067.4544602,7067.4524225302275,40485332190.0
3686.5109648,3686.5070583214524,40485332190.0
1375.7349437,1375.724475655065,40485332190.0
603.95490555,603.9310603939687,40485332190.0
1718.2402415,1718.231860230674,40485332190.0
3257.2801751,3257.2757538964374,40485332190.0
3688.1641479,3688.160243161279,40485332190.0
2652.8808588,2652.8754303235933,40485332190.0
3139.1239428,3139.1193551286347,40485332190.0
1902.3179671,1902.3103967942227,40485332190.0
2159.7221674,2159.715499361129,40485332190.0
991.86314845,991.8486290931677,40485332190.0
955.3025257,955.2874506599322,40485332190.0
950.24886714,950.2337119244679,40485332190.0
874.8282908,874.8118289994849,40485332190.0
692.43533198,692.4145338935267,40485332190.0
2536.2947613,2536.2890832957733,40485332190.0
3249.6553038,3249.6508722064314,40485332190.0
1469.9455789,1469.935781855005,40485332190.0
11936.316659,11936.315452021718,40485332190.0
2451.1839696,2451.1780944744387,40485332190.0
430.7410463,430.7076116684334,40485332190.0
2099.3928608,2099.3860011192182,40485332190.0
2854.7681116,2854.7630670790054,40485332190.0
542.44758999,542.4210409474408,40485332190.0
1602.0105846,1602.0015951213622,40485332190.0
4269.5529013,4269.549528309063,40485332190.0
1046.2906916,1046.2769274849209,40485332190.0
2424.7846373,2424.778698205326,40485332190.0
2949.3596196,2949.3547367610913,40485332190.0
3882.1406721,3882.13696254735,40485332190.0
2049.37601,2049.368982917113,40485332190.0
1464.9871242,1464.9772940245605,40485332190.0
897.55462967,897.5385846975922,40485332190.0
727.5901393,727.5703461450482,40485332190.0
2213.5225692,2213.516063168448,40485332190.0
549.31902485,549.2928079219644,40485332190.0
706.14247482,706.1220804652016,40485332190.0
1564.6800949,1564.6708910768232,40485332190.0
2144.8102067,2144.80349231263,40485332190.0
2924.5275359,2924.5226117194034,40485332190.0
4145.5349093,4145.531435458758,40485332190.0
905.94372904,905.9278326470027,40485332190.0
990.32270954,990.3081675983279,40485332190.0
4311.267318,4311.26397763381,40485332190.0
2076.3108433,2076.3039073958707,40485332190.0
558.93652554,558.9107597446678,40485332190.0
1466.5433072,1466.533487421613,40485332190.0
1166.9087463,1166.8964050123204,40485332190.0
833.47537249,833.4580939323218,40485332190.0
1169.9161212,1169.903811646218,40485332190.0
10832.692252,10832.690922968197,40485332190.0
18590.489833,18590.489058289088,40485332190.0
625.63262899,625.6096100864155,40485332190.0
3081.3671196,3081.3624459944394,40485332190.0
596.27112479,596.2469723480274,40485332190.0
592.25917975,592.2348636957373,40485332190.0
2159.551001,2159.5443323989425,40485332190.0
1260.3460179,1260.3345915752366,40485332190.0
1557.663171,1557.6539257268753,40485332190.0
2261.5070697,2261.5007017235584,40485332190.0
6981.1315593,6981.129496499521,40485332190.0
787.15492623,787.1366308810326,40485332190.0
11893.589977,11893.588766044157,40485332190.0
1120.8063186,1120.7934696448915,40485332190.0
295.12397801,295.07517715763566,40485332190.0
7136.775898,7136.7738800759535,40485332190.0
1209.3102325,1209.2983238841389,40485332190.0
1888.0601562,1888.052528800172,40485332190.0
805.5648609,805.5469836674106,40485332190.0
878.96437513,878.9479908037473,40485332190.0
1697.8029013,1697.7944191013617,40485332190.0
3697.333385,3697.3294900396763,40485332190.0
816.06335809,816.0457108439788,40485332190.0
1621.0515919,1621.042708021101,40485332190.0
2830.8146485,2830.809561164781,40485332190.0
196.5070086,196.43370944654774,40485332190.0
1101.6148345,1101.6017616242868,40485332190.0
791.15740116,791.1391983724407,40485332190.0
2097.7151064,2097.708241178797,40485332190.0
1292.683631,1292.672490393678,40485332190.0
1329.1174291,1329.1065939622354,40485332190.0
1502.881758,1502.8721756360237,40485332190.0
226.06714571,226.00343392632365,40485332190.0
1123.8608366,1123.8480226071024,40485332190.0
15186.216566,15186.215617370945,40485332190.0
2408.8320514,2408.826072874383,40485332190.0
850.66933107,850.652401755833,40485332190.0
1012.1791195,1012.1648915569618,40485332190.0
430.51725071,430.4837986955304,40485332190.0
1496.4424614,1496.4328377755526,40485332190.0
9204.9454469,9204.943882403779,40485332190.0
385.52396637,385.48660991409486,40485332190.0
7699.6025055,7699.600635065697,40485332190.0
6589.4582298,6589.456044350193,40485332190.0
532.24976304,532.2227052950617,40485332190.0
135.63070778,135.5244873598706,40485332190.0
1468.7874013,1468.7775964554362,40485332190.0
4954.485845,4954.482938332819,40485332190.0
615.48037559,615.4569769886455,40485332190.0
1124.0656644,1124.0528526938497,40485332190.0
1333.7955598,1333.7847627244707,40485332190.0
609.87110934,609.8474955174614,40485332190.0
7652.3253777,7652.323495816368,40485332190.0
6948.2140873,6948.212014579079,40485332190.0
1837.2028655,1837.195026906372,40485332190.0
4959.2701876,4959.267283729721,40485332190.0
1527.1946264,1527.1851966042816,40485332190.0
4086.3734983,4086.3699741342493,40485332190.0
1193.5761222,1193.5640566324244,40485332190.0
3121.7205486,3121.7159353270667,40485332190.0
386.30963631,386.2723558420276,40485332190.0
4653.9047112,4653.9016167498285,40485332190.0
931.6086431,931.5931846459556,40485332190.0
442.37338468,442.3408292872499,40485332190.0
6629.8443511,6629.842178918288,40485332190.0
3166.6950989,3166.6905511956647,40485332190.0
5129.8151838,5129.812376464866,40485332190.0
2399.4180855,2399.41208355884,40485332190.0
3672.4128834,3672.4089619549554,40485332190.0
4891.4278064,4891.424862202524,40485332190.0
1727.9086124,1727.9002779637738,40485332190.0
4792.5638768,4792.560871889051,40485332190.0
2022.6140155,2022.6068954660043,40485332190.0
2187.4316802,2187.425096636924,40485332190.0
5777.3727413,5777.370248604708,40485332190.0
482.53308599,482.503240249223,40485332190.0
491.80390336,491.77462027121476,40485332190.0
893.55676243,893.540645671293,40485332190.0
986.16451248,986.1499092145623,40485332190.0
3823.4332022,3823.4294357056838,40485332190.0
5277.8117298,5277.809001108313,40485332190.0
3481.4222433,3481.4181068101807,40485332190.0
2977.6593757,2977.6545393053743,40485332190.0
517.80353017,517.7757175022679,40485332190.0
893.320395,893.3042739716644,40485332190.0
2744.5898013,2744.5845542581364,40485332190.0
647.88827501,647.866046862319,40485332190.0
3898.1723718,3898.168677493042,40485332190.0
289.8739517,289.82426683827094,40485332190.0
405.04076461,405.0052083321017,40485332190.0
4003.1080329,4003.1044353964435,40485332190.0
7019.3550651,7019.353013483501,40485332190.0
6251.0921446,6251.089840846553,40485332190.0
819.20287145,819.1852918437586,40485332190.0
284.12844345,284.07775371854547,40485332190.0
3563.0874292,3563.0833874377035,40485332190.0
1189.117065,1189.1049541579184,40485332190.0
1055.7162772,1055.7026360278646,40485332190.0
1523.3666321,1523.3571786012262,40485332190.0
2007.5668914,2007.559717973541,40485332190.0
7256.4118352,7256.4098505108395,40485332190.0
147.64842508,147.5508563477557,40485332190.0
1184.6815534,1184.6693972502121,40485332190.0
3333.1086663,3333.1043457306546,40485332190.0
6376.8054683,6376.803209864863,40485332190.0
2853.56254,2853.5574933392404,40485332190.0
2176.9133582,2176.906742857369,40485332190.0
836.21053211,836.1933100602104,40485332190.0
1255.8124927,1255.8010251388591,40485332190.0
740.15688344,740.1374263550883,40485332190.0
1164.5049525,1164.492585707728,40485332190.0
3040.9895504,3040.9848146718055,40485332190.0
2199.2087308,2199.2021824312837,40485332190.0
395.10722249,395.0707721960175,40485332190.0
1446.4625595,1446.4526034266632,40485332190.0
6852.504609,6852.502507368366,40485332190.0
7048.3920837,7048.3900404847145,40485332190.0
2200.3418515,2200.335306568382,40485332190.0
4297.1789138,4297.175562478173,40485332190.0
7347.6762865,7347.674326522058,40485332190.0
2108.3907788,2108.383948482063,40485332190.0
5861.8121033,5861.809646509906,40485332190.0
2280.7828671,2280.7765529619396,40485332190.0
2512.0339189,2512.0281860118625,40485332190.0
5377.0133548,5377.010676461942,40485332190.0
555.37592327,555.3499922761079,40485332190.0
3608.7724637,3608.7684731546356,40485332190.0
11804.982711,11804.981490885639,40485332190.0
951.73676846,951.7216369396862,40485332190.0
2188.4408563,2188.4342758160988,40485332190.0
1997.2036534,1997.1964427600276,40485332190.0
489.77333347,489.7439289619483,40485332190.0
871.46132062,871.4447952250227,40485332190.0
439.97826347,439.9455308406108,40485332190.0
7727.7898298,7727.787966222432,40485332190.0
11491.399009,11491.397755960123,40485332190.0
542.02224332,541.9956734500257,40485332190.0
3973.1304487,3973.126824085757,40485332190.0
400.1562896,400.12029926900885,40485332190.0
3271.5881741,3271.583772303406,40485332190.0
1178.9397451,1178.9275297822385,40485332190.0
1596.830353,1596.8213344169465,40485332190.0
501.27636604,501.24763633607876,40485332190.0
1373.3946198,1373.3841338984282,40485332190.0
1964.9402667,1964.9329376713822,40485332190.0
416.50622859,416.47165117713064,40485332190.0
1546.8677639,1546.858454030425,40485332190.0
414.66054856,414.6258172257017,40485332190.0
893.17161802,893.1554943155377,40485332190.0
10292.281258,10292.279858241436,40485332190.0
1347.3964417,1347.3857535573609,40485332190.0
3121.4892521,3121.4846385305896,40485332190.0
676.68513717,676.6638549865135,40485332190.0
809.63039867,809.6126112102367,40485332190.0
1487.9750525,1487.9653740901704,40485332190.0
1186.7867987,1186.7746641778485,40485332190.0
4125.9018118,4125.898321391627,40485332190.0
11219.443021,11219.441737603458,40485332190.0
813.75484085,813.737143552142,40485332190.0
1231.1395274,1231.1278299652279,40485332190.0
568.78507378,568.7597541446049,40485332190.0
6468.9899227,6468.987696523104,40485332190.0
1240.6621754,1240.650567721522,40485332190.0
1911.1190517,1911.1115162612898,40485332190.0
1792.2060603,1792.1980248280945,40485332190.0
4504.9068672,4504.903670425507,40485332190.0
633.15189308,633.1291475548675,40485332190.0
4048.9268751,4048.923318317068,40485332190.0
2917.401886,2917.3969496888885,40485332190.0
641.78349342,641.7610538297982,40485332190.0
3164.9305211,3164.925970895724,40485332190.0
2996.947976,2996.9431707360836,40485332190.0
4602.1421227,4602.138993518811,40485332190.0
800.52791836,800.5099286357042,40485332190.0
1755.7471244,1755.7389221207288,40485332190.0
545.16235647,545.1359396420045,40485332190.0
1441.4893598,1441.4793694001546,40485332190.0
2860.4911205,2860.486086045985,40485332190.0
620.97939023,620.9561988297511,40485332190.0
328.53185815,328.4880204729981,40485332190.0
2031.5316054,2031.5245166067634,40485332190.0
1962.5210822,1962.513744133717,40485332190.0
1829.3292566,1829.321384216886,40485332190.0
1373.135699,1373.125211216316,40485332190.0
1373.4368103,1373.4263248600446,40485332190.0
1266.4334799,1266.4221084366427,40485332190.0
6615.6332961,6615.631119356158,40485332190.0
1220.7819969,1220.770200251415,40485332190.0
1020.278445,1020.2643299969905,40485332190.0
8104.7713511,8104.769574247525,40485332190.0
1175.6910443,1175.6787951346469,40485332190.0
4370.6533886,4370.650093639065,40485332190.0
1176.1424394,1176.130194977496,40485332190.0
4839.1191915,4839.116215580026,40485332190.0
635.76581332,635.7431613274103,40485332190.0
2101.483258,2101.476405084712,40485332190.0
651.40191072,651.3798024689868,40485332190.0
564.9755829,564.9500925357986,40485332190.0
1425.037272,1425.0271661840582,40485332190.0
3126.994435,3126.9898295580965,40485332190.0
298.1814147,298.13311431316674,40485332190.0
2424.1348287,2424.128888012627,40485332190.0
1327.8602375,1327.849392058055,40485332190.0
3263.1111624,3263.1067491115673,40485332190.0
223.64520536,223.58080342377482,40485332190.0
1934.5491547,1934.5417104252458,40485332190.0
1567.4960759,1567.4868885093401,40485332190.0
820.69146425,820.6739165298009,40485332190.0
1840.5251584,1840.5173339553216,40485332190.0
4768.4821674,4768.479147371386,40485332190.0
455.47288012,455.441261088917,40485332190.0
2722.9008324,2722.89554343342,40485332190.0
2610.0110177,2610.005500030318,40485332190.0
446.08716038,446.0548760393192,40485332190.0
864.40473355,864.3880732390193,40485332190.0
3055.3304567,3055.3257432667815,40485332190.0
4500.7744037,4500.771204024722,40485332190.0
370.45040511,370.4115284721927,40485332190.0
579.4502783,579.4254247103748,40485332190.0
2934.5351648,2934.530257400952,40485332190.0
11007.710106,11007.708796946496,40485332190.0
12230.866469,12230.865291614702,40485332190.0
1369.9190499,1369.908537405854,40485332190.0
602.14531997,602.1214031535342,40485332190.0
2679.0514821,2679.0461066704465,40485332190.0
598.75590801,598.7318558069246,40485332190.0
1601.8801554,1601.8711652704549,40485332190.0
1406.4472626,1406.4370231759492,40485332190.0
1480.6403944,1480.6306680667863,40485332190.0
11552.238828,11552.237581982547,40485332190.0
392.29309308,392.25638128798136,40485332190.0
1517.6716249,1517.6621358677796,40485332190.0
453.28839279,453.25662137967674,40485332190.0
708.78643757,708.7661192958305,40485332190.0
733.65671571,733.6370862319366,40485332190.0
1189.1717136,1189.1596033839153,40485332190.0
865.73783164,865.7211969857013,40485332190.0
782.76488428,782.7464863211484,40485332190.0
1694.5746925,1694.566194150132,40485332190.0
3142.8802496,3142.875667487108,40485332190.0
773.72444155,773.7058286120499,40485332190.0
1989.1701175,1989.1628777652834,40485332190.0
573.16760154,573.1424755133727,40485332190.0
2975.1688812,2975.1640408079425,40485332190.0
1431.6664965,1431.65643754047,40485332190.0
473.75864314,473.7282446051457,40485332190.0
6599.419892,6599.417709760614,40485332190.0
4116.4634773,4116.459978891193,40485332190.0
18095.254786,18095.253989864206,40485332190.0
2405.3027887,2405.296801436491,40485332190.0
802.72670942,802.708768978272,40485332190.0
1775.6848413,1775.6767310357884,40485332190.0
10601.018567,10601.017208496063,40485332190.0
1068.0062995,1067.9928152601467,40485332190.0
9366.3227571,9366.321219496496,40485332190.0
2802.2940465,2802.288907478845,40485332190.0
1127.4099864,1127.3972127416978,40485332190.0
998.32989305,998.3154677425733,40485332190.0
2305.425061,2305.418814379205,40485332190.0
4175.837607,4175.834158358817,40485332190.0
662.93295649,662.9112328060328,40485332190.0
579.16025727,579.1353912311487,40485332190.0
6214.5178753,6214.515557974538,40485332190.0
1832.9128092,1832.9049522495131,40485332190.0
877.82701317,877.8106076119042,40485332190.0
600.64608352,600.6221070159191,40485332190.0
3694.5479658,3694.5440679159474,40485332190.0
11758.286731,11758.285506295884,40485332190.0
1202.7169588,1202.704984895456,40485332190.0
1196.5340541,1196.5220183507872,40485332190.0
1302.2638602,1302.2528016692893,40485332190.0
1695.9203038,1695.9118121259014,40485332190.0
431.6221897,431.5888233299303,40485332190.0
2636.6246384,2636.619176413358,40485332190.0
667.60096085,667.5793890664236,40485332190.0
982.05114962,982.0364851984071,40485332190.0
1708.5964404,1708.588011819534,40485332190.0
1148.7303011,1148.717764459496,40485332190.0
1118.6644194,1118.6515458639758,40485332190.0
805.833982,805.8161107350722,40485332190.0
1794.9390158,1794.9309926779279,40485332190.0
3585.2395201,3585.2355033400354,40485332190.0
1040.2327044,1040.2188602539625,40485332190.0
815.51026431,815.492605104269,40485332190.0
705.52112298,705.5007106684083,40485332190.0
1238.0121651,1238.0005326084847,40485332190.0
829.20616131,829.1887937824151,40485332190.0
4574.2930464,4574.289898054503,40485332190.0
4600.0992562,4600.096125510992,40485332190.0
4082.7001304,4082.6966029963355,40485332190.0
1287.5363268,1287.5251417445138,40485332190.0
994.57348164,994.5590018585201,40485332190.0
1392.5906472,1392.580305943743,40485332190.0
807.00388959,806.9860442370403,40485332190.0
10938.123368,10938.122050556562,40485332190.0
892.10874314,892.0926002262471,40485332190.0
4421.1931849,4421.189927576921,40485332190.0
8551.5111327,8551.509448695944,40485332190.0
4766.5235911,4766.520569840467,40485332190.0
1428.9625335,1428.9524554153634,40485332190.0
3420.14448,3420.140269333752,40485332190.0
1425.2236887,1425.2135842337996,40485332190.0
530.23188085,530.2047201342858,40485332190.0
437.24765063,437.21471356389986,40485332190.0
564.33808168,564.3125625181706,40485332190.0
856.42870476,856.4118892848987,40485332190.0
1215.5604317,1215.5485844053164,40485332190.0
3432.4141673,3432.409971638365,40485332190.0
2759.2732708,2759.26805162526,40485332190.0
6282.1259285,6282.123636179251,40485332190.0
1543.7384984,1543.729169622506,40485332190.0
4582.220286,4582.2171431850475,40485332190.0
1206.7841337,1206.7722001732784,40485332190.0
1262.0007899,1261.9893784851993,40485332190.0
1976.0112894,1976.0040013963578,40485332190.0
7827.7084744,7827.7066346747015,40485332190.0
1563.0313904,1563.0221767552569,40485332190.0
508.31292562,508.2845936424794,40485332190.0
602.87548481,602.8515969661504,40485332190.0
2350.9219719,2350.9158461782304,40485332190.0
1599.7838024,1599.774800526361,40485332190.0
4946.6041871,4946.601275745303,40485332190.0
7596.0083844,7596.006488499622,40485332190.0
1027.0216273,1027.00760493098,40485332190.0
3127.7063643,3127.701759984597,40485332190.0
11889.909852,11889.90864033526,40485332190.0
714.55200434,714.5318500196562,40485332190.0
2212.2077737,2212.201263796079,40485332190.0
2125.8366466,2125.829872215142,40485332190.0
948.48427945,948.4690960448254,40485332190.0
2442.6059739,2442.600078124191,40485332190.0
1987.3851234,1987.3778771410966,40485332190.0
1092.839815,1092.8266372282492,40485332190.0
2184.0024356,2183.9958416839577,40485332190.0
1499.8991682,1499.8895668479524,40485332190.0
1964.1416946,1964.1343625744478,40485332190.0
2926.3727396,2926.367818378094,40485332190.0
3338.3203047,3338.315990838196,40485332190.0
2145.0465506,2145.0398368599,40485332190.0
2247.5724733,2247.5660658632787,40485332190.0
1522.4922381,1522.4827791646683,40485332190.0
678.91105071,678.8898383041409,40485332190.0
1514.7480079,1514.7385006011468,40485332190.0
6554.9379814,6554.935784376039,40485332190.0
4390.1935528,4390.190272497787,40485332190.0
1078.7011378,1078.6877873226617,40485332190.0
1464.1819151,1464.1720794394305,40485332190.0
7766.2681751,7766.266320831551,40485332190.0
924.49853128,924.4829539370394,40485332190.0
1676.1305268,1676.1219348696357,40485332190.0
604.25443991,604.2306065788388,40485332190.0
14595.442761,14595.441774487468,40485332190.0
2574.6997443,2574.6941509163726,40485332190.0
1459.1651955,1459.1553260327153,40485332190.0
2708.0744207,2708.069102868871,40485332190.0
4716.1320784,4716.129024745732,40485332190.0
2055.8206982,2055.813693063334,40485332190.0
926.65918624,926.6436452182546,40485332190.0
585.00039537,584.9757775897975,40485332190.0
1541.2340125,1541.2246686282308,40485332190.0
1049.7084033,1049.6946840767127,40485332190.0
651.17388465,651.1517686607574,40485332190.0
4915.7595884,4915.75665884646,40485332190.0
2720.3007658,2720.295471829794,40485332190.0
3652.3185965,3652.3146535110805,40485332190.0
185.72653453,185.64897901130456,40485332190.0
521.24625827,521.2186293088936,40485332190.0
2991.1063899,2991.101575261531,40485332190.0
1246.8673594,1246.855809559482,40485332190.0
784.96232137,784.9439749056411,40485332190.0
423.61833768,423.5843408330474,40485332190.0
13186.470857,13186.469764887004,40485332190.0
777.82713086,777.8086160993273,40485332190.0
983.63976794,983.6251272032354,40485332190.0
1091.4682039,1091.4550095248535,40485332190.0
2491.5564079,2491.550627931829,40485332190.0
2453.2518258,2453.2459555187393,40485332190.0
2531.8721748,2531.866486902209,40485332190.0
903.43235061,903.4164100287055,40485332190.0
964.01064964,963.9957107746691,40485332190.0
1128.0682821,1128.0555158614645,40485332190.0
816.11190992,816.0942637275215,40485332190.0
3002.3773892,3002.3725925622325,40485332190.0
1849.5030654,1849.4952789647987,40485332190.0
1110.3934015,1110.3804321072312,40485332190.0
3497.698325,3497.6942075971615,40485332190.0
9234.7406707,9234.739111198436,40485332190.0
229.8659596,229.8033010333708,40485332190.0
4212.7100861,4212.706667602609,40485332190.0
1447.3303106,1447.3203604484513,40485332190.0
8537.2745971,8537.27291020597,40485332190.0
5911.1845005,5911.182064228532,40485332190.0
481.31800301,481.28808192051935,40485332190.0
346.45117841,346.4096084234995,40485332190.0
14995.101634,14995.1006733803,40485332190.0
4773.6808745,4773.677857692045,40485332190.0
1284.2779302,1284.2667168231358,40485332190.0
227.0911002,227.0276757808245,40485332190.0
532.5144619,532.4874176044121,40485332190.0
1225.4336596,1225.4219076871761,40485332190.0
494.4659437,494.43681827113744,40485332190.0
1757.7382449,1757.7300519028277,40485332190.0
954.19088241,954.1757898101024,40485332190.0
950.44451402,950.4293619231366,40485332190.0
800.88201768,800.864035915707,40485332190.0
4195.5730418,4195.569609274615,40485332190.0
828.47825963,828.460876848811,40485332190.0
634.48764576,634.4649481247455,40485332190.0
17444.351125,17444.350299807353,40485332190.0
1223.3124359,1223.3006636582736,40485332190.0
1332.5930738,1332.5822668760518,40485332190.0
430.47561514,430.4421598810367,40485332190.0
2099.2030017,2099.1961414858292,40485332190.0
864.19582682,864.17916248727,40485332190.0
1343.4024173,1343.3916973428268,40485332190.0
890.43759007,890.4214168551076,40485332190.0
478.73383283,478.70375022838186,40485332190.0
1464.5584837,1464.5486505858887,40485332190.0
574.7692562,574.7442001896547,40485332190.0
2056.817315,2056.8103132795713,40485332190.0
753.64388753,753.62477863811,40485332190.0
4338.4581043,4338.454784913816,40485332190.0
3210.0892449,3210.084758772722,40485332190.0
1154.6993902,1154.6869183798572,40485332190.0
12913.573228,12913.57211187137,40485332190.0
1459.5452664,1459.5353995075252,40485332190.0
3035.6052213,3035.60047716154,40485332190.0
585.60391904,585.5793266286058,40485332190.0
956.76359434,956.7485423208452,40485332190.0
2427.5790121,2427.573079792897,40485332190.0
3373.0132507,3373.008981197021,40485332190.0
112.42746175,112.29929623715245,40485332190.0
135.16484597,135.0582591530294,40485332190.0
1280.1924912,1280.181241894055,40485332190.0
662.50140607,662.4796682378409,40485332190.0
625.62055636,625.5975370135241,40485332190.0
5484.6550194,5484.652393684683,40485332190.0
1117.1258383,1117.1129470429137,40485332190.0
601.90677893,601.8828526399537,40485332190.0
2195.2858693,2195.279309368189,40485332190.0
6607.4292339,6607.427054348288,40485332190.0
1879.5862492,1879.5785873079253,40485332190.0
1144.3761853,1144.3636009394518,40485332190.0
2977.6090805,2977.604244025727,40485332190.0
469.22969177,469.1989998055723,40485332190.0
2968.6572741,2968.652423096937,40485332190.0
656.43141428,656.4094754315513,40485332190.0
5800.6901916,5800.687708988328,40485332190.0
3725.3973025,3725.393436774894,40485332190.0
1869.2413157,1869.23361137773,40485332190.0
904.66376527,904.6478463796008,40485332190.0
771.64373677,771.6250736520634,40485332190.0
4322.2068069,4322.203475026684,40485332190.0
9892.4849058,9892.48345013226,40485332190.0
236.06382039,236.00280735559272,40485332190.0
4129.899611,4129.896123896927,40485332190.0
8636.1677833,8636.166115759797,40485332190.0
1410.7623882,1410.7521801690623,40485332190.0
4758.7102637,4758.707237419944,40485332190.0
871.43565131,871.4191254302433,40485332190.0
1688.7364115,1688.7278836925675,40485332190.0
1714.9952733,1714.986876054566,40485332190.0
2594.1620683,2594.1565169303813,40485332190.0
485.62618865,485.5965330243519,40485332190.0
601.06209626,601.0381363434145,40485332190.0
1440.0837015,1440.073701204234,40485332190.0
467.6867397,467.65594647245376,40485332190.0
984.1824343,984.1678016264331,40485332190.0
2814.1553855,2814.1502681319234,40485332190.0
1134.249452,1134.2367553582367,40485332190.0
929.67963466,929.6641441298849,40485332190.0
745.83320723,745.8138982251625,40485332190.0
5656.0336159,5656.031069746455,40485332190.0
2356.441678,2356.435566694278,40485332190.0
1347.3208239,1347.310135158469,40485332190.0
1531.8461695,1531.8367682962435,40485332190.0
14135.36951,14135.368491348265,40485332190.0
533.93337312,533.9064007037132,40485332190.0
1643.2280069,1643.2192429647932,40485332190.0
1071.3931064,1071.3796648160871,40485332190.0
355.85599001,355.8155187869233,40485332190.0
1905.345762,1905.3382037073657,40485332190.0
904.69285375,904.6769353789107,40485332190.0
4773.822422,4773.819405393089,40485332190.0
2038.4425842,2038.4355193889226,40485332190.0
1643.8210651,1643.8123043120113,40485332190.0
641.78642924,641.7639897488108,40485332190.0
812.72433372,812.706613972924,40485332190.0
1172.4390284,1172.4267452779393,40485332190.0
425.11134649,425.07746904921106,40485332190.0
1793.8632274,1793.8551993531803,40485332190.0
3359.061425,3359.0571376946214,40485332190.0
768.44329392,768.4245530597927,40485332190.0
1266.8836818,1266.872314440369,40485332190.0
1516.1908097,1516.1813115387238,40485332190.0
1161.6818645,1161.6694676306881,40485332190.0
545.55036439,545.523966359122,40485332190.0
5204.6137975,5204.6110304739295,40485332190.0
576.98039165,576.9554316689306,40485332190.0
890.34621323,890.3300383555147,40485332190.0
896.61483091,896.5987691241797,40485332190.0
3107.0434859,3107.0388508804767,40485332190.0
4973.5067283,4973.503832796235,40485332190.0
439.91947686,439.88673985447093,40485332190.0
448.36473993,448.33261958981586,40485332190.0
2107.3739437,2107.367110007063,40485332190.0
1274.676729,1274.6654311074228,40485332190.0
855.50965227,855.4928187395319,40485332190.0
987.10524065,987.0906512998118,40485332190.0
897.86597546,897.8499360529256,40485332190.0
639.38986065,639.3673370538339,40485332190.0
1615.4128676,1615.4039527072775,40485332190.0
917.58616696,917.57047226698,40485332190.0
5858.9939624,5858.991504408357,40485332190.0
1315.3914364,1315.3804882636725,40485332190.0
1003.6655821,1003.6512334607572,40485332190.0
319.56462534,319.51955738435925,40485332190.0
931.28360042,931.2681365690568,40485332190.0
495.13751057,495.1084246497163,40485332190.0
262.40717538,262.35228886393094,40485332190.0
927.51823504,927.5027084044729,40485332190.0
1076.0265359,1076.0131521690535,40485332190.0
4097.1996186,4097.1961036912,40485332190.0
1803.1985523,1803.1905658749881,40485332190.0
2000.2300369,2000.2228371080257,40485332190.0
934.40441686,934.3890046546983,40485332190.0
1531.0374793,1531.0280731994212,40485332190.0
2629.5839835,2629.578506942051,40485332190.0
399.70266593,399.6666347483865,40485332190.0
2271.1145352,2271.1081941927055,40485332190.0
1167.8718508,1167.8595196812423,40485332190.0
1563.9643735,1563.9551653355754,40485332190.0
3544.0453699,3544.041306453702,40485332190.0
10417.537552,10417.536169710847,40485332190.0
5856.6846591,5856.682200183972,40485332190.0
1258.1327831,1258.1213366076481,40485332190.0
1513.1002819,1513.090764252413,40485332190.0
3138.2869503,3138.282361458323,40485332190.0
4111.487128,4111.48362538709,40485332190.0
733.34134661,733.3217086921372,40485332190.0
1606.389365,1606.380400034179,40485332190.0
382.78020282,382.74257857314683,40485332190.0
2493.042331,2493.0365545204936,40485332190.0
4093.8096213,4093.80610352774,40485332190.0
2114.7179544,2114.711144453771,40485332190.0
1332.5340917,1332.5232843637798,40485332190.0
1483.9249535,1483.915248741759,40485332190.0
543.62321781,543.596726189333,40485332190.0
5715.60083,5715.59831038431,40485332190.0
1117.5477067,1117.5348202840062,40485332190.0
8862.9710854,8862.969460622808,40485332190.0
2897.0274824,2897.0225114398095,40485332190.0
1395.7759948,1395.765677127049,40485332190.0
2338.0700957,2338.0639362948796,40485332190.0
1399.7387303,1399.728441906214,40485332190.0
8514.0597123,8514.058020863638,40485332190.0
690.13924332,690.1183760424841,40485332190.0
806.68335905,806.6655065999581,40485332190.0
1444.2822852,1444.2723141015117,40485332190.0
1252.5406434,1252.5291458703473,40485332190.0
1856.5286647,1856.5209076755377,40485332190.0
997.74097311,997.7265392891735,40485332190.0
2769.682346,2769.6771464438007,40485332190.0
11961.446695,11961.44549030369,40485332190.0
2867.2470288,2867.2420060775416,40485332190.0
2571.2760102,2571.270409448483,40485332190.0
2159.9430753,2159.936407951023,40485332190.0
2033.3831623,2033.3760799084469,40485332190.0
439.68442885,439.6516743413409,40485332190.0
426.34646987,426.31269058518706,40485332190.0
6317.9557803,6317.9535009811225,40485332190.0
5999.5762092,5999.573808833161,40485332190.0
12011.620506,12011.619306544777,40485332190.0
799.25622633,799.23820798673,40485332190.0
902.03715263,902.0211873922631,40485332190.0
1704.9623307,1704.9538840989205,40485332190.0
5175.275978,5175.273195349891,40485332190.0
189.2000333,189.1239021942219,40485332190.0
6388.8811529,6388.878898839659,40485332190.0
3245.197958,3245.193520327531,40485332190.0
564.39367465,564.368157997879,40485332190.0
4650.6092745,4650.606177948488,40485332190.0
2613.6356345,2613.630124470913,40485332190.0
812.43578412,812.4180580865838,40485332190.0
1083.1023341,1083.0890378591591,40485332190.0
1209.1888423,1209.1769325967387,40485332190.0
652.0948334,652.0727486491419,40485332190.0
3358.1621919,3358.157903524509,40485332190.0
8158.7233081,8158.721542949435,40485332190.0
1121.8286022,1121.815765011892,40485332190.0
646.36243919,646.3401585629023,40485332190.0
601.05849566,601.034535599626,40485332190.0
671.68019684,671.6587560643552,40485332190.0
2640.577059,2640.5716051919794,40485332190.0
805.88143617,805.863565961466,40485332190.0
1223.1899438,1223.1781702641017,40485332190.0
1740.9811747,1740.9729028926677,40485332190.0
612.75856225,612.7350597098513,40485332190.0
3305.6926404,3305.6882839364534,40485332190.0
2827.4126932,2827.407599775513,40485332190.0
5811.1899119,5811.18743365644,40485332190.0
1354.2319538,1354.221319659503,40485332190.0
1604.2219107,1604.2129336855546,40485332190.0
217.84668613,217.78056946913665,40485332190.0
2272.7501787,2272.743842228837,40485332190.0
4036.7392349,4036.735667378201,40485332190.0
1076.4139857,1076.400606823457,40485332190.0
489.07141106,489.04196435428105,40485332190.0
761.30989296,761.2909764948654,40485332190.0
1233.727631,1233.7159581165106,40485332190.0
1357.7499033,1357.7392966527643,40485332190.0
1959.5281886,1959.5208393591365,40485332190.0
1328.4235266,1328.4126857545973,40485332190.0
1546.430327,1546.4210145011068,40485332190.0
469.72488093,469.69422132042706,40485332190.0
765.72120695,765.7023994726287,40485332190.0
2216.1126951,2216.106196665595,40485332190.0
2752.0105436,2752.005310598291,40485332190.0
2230.6551159,2230.6486599504024,40485332190.0
410.39680901,410.36171680558897,40485332190.0
10621.842822,10621.84146598441,40485332190.0
3067.714303,3067.709608637775,40485332190.0
875.38979081,875.3733395796143,40485332190.0
3102.6428874,3102.6382458050607,40485332190.0
650.82706631,650.8049385350403,40485332190.0
996.23761876,996.2231631556933,40485332190.0
537.63115499,537.6043680960358,40485332190.0
614.36237491,614.3389337212301,40485332190.0
1355.9030379,1355.8924168687968,40485332190.0
338.2682163,338.2256405657106,40485332190.0
2714.9231212,2714.9178167567425,40485332190.0
1164.38414,1164.3717719851381,40485332190.0
4883.2115258,4883.208576655656,40485332190.0
1467.344389,1467.3345745701229,40485332190.0
336.14562429,336.1027796791074,40485332190.0
1232.5626059,1232.550922047935,40485332190.0
187.56657425,187.48977987114168,40485332190.0
476.05815838,476.0279066836639,40485332190.0
614.2792393,614.2557949377962,40485332190.0
1757.7163276,1757.7081345088488,40485332190.0
581.0288807,581.0040946404703,40485332190.0
1743.2798634,1743.2716024447852,40485332190.0
1356.0378858,1356.0272656919908,40485332190.0
1326.7064363,1326.6955814812839,40485332190.0
2989.2915585,2989.2867409487385,40485332190.0
772.74567344,772.7270369283019,40485332190.0
1240.5241136,1240.5125046102535,40485332190.0
1908.6682941,1908.6607490250697,40485332190.0
2027.0633058,2027.056201403594,40485332190.0
1204.2937097,1204.281751574946,40485332190.0
1446.8672697,1446.8573163876101,40485332190.0
6067.46147,6067.459096547388,40485332190.0
607.79480338,607.7711088877658,40485332190.0
15711.610266,15711.609350003857,40485332190.0
204.89050236,204.82020344092166,40485332190.0
474.20796806,474.17759832264005,40485332190.0
16388.903069,16388.902190119436,40485332190.0
1028.6098737,1028.595872992496,40485332190.0
1609.4616384,1609.4526905766038,40485332190.0
753.99876814,753.979668245007,40485332190.0
2584.1132635,2584.107690567258,40485332190.0
178.54933205,178.46865763195257,40485332190.0
783.04273081,783.0243393720265,40485332190.0
4025.0931344,4025.089556553058,40485332190.0
522.86212376,522.8345801942307,40485332190.0
7034.1159543,7034.113906997587,40485332190.0
2149.4228476,2149.4161475219203,40485332190.0
1360.7775695,1360.7669865379855,40485332190.0
912.26311584,912.2473295611924,40485332190.0
864.37490465,864.3582437661971,40485332190.0
4592.9723634,4592.969227890861,40485332190.0
12238.734451,12238.733273927024,40485332190.0
1259.8094135,1259.7979823093742,40485332190.0
608.78711383,608.7634579619689,40485332190.0
2819.5022763,2819.4971686152367,40485332190.0
9117.8015672,9117.799987756616,40485332190.0
958.95807324,958.943055668127,40485332190.0
4087.2391487,4087.2356252345858,40485332190.0
2787.1577518,2787.1525848457086,40485332190.0
1014.4183509,1014.4041543327162,40485332190.0
7422.9016337,7422.899693618057,40485332190.0
1410.9645426,1410.9543359408974,40485332190.0
1106.9095909,1106.8965806190824,40485332190.0
2467.0591725,2467.0533350523365,40485332190.0
6979.1545208,6979.152457331418,40485332190.0
2113.8042261,2113.797413268144,40485332190.0
5841.8633957,5841.860930533945,40485332190.0
846.15179146,846.1347717587023,40485332190.0
8539.4785765,8539.476890053764,40485332190.0
2772.0583184,2772.0531233129386,40485332190.0
1038.7394319,1038.725567808027,40485332190.0
7975.188422,7975.186616302609,40485332190.0
1577.0831937,1577.0740621406474,40485332190.0
1262.3865539,1262.3751460842166,40485332190.0
764.44059236,764.4217533695256,40485332190.0
725.2667723,725.2469157396893,40485332190.0
1069.9341157,1069.9206558346705,40485332190.0
3520.5011479,3520.4970572566435,40485332190.0
949.49170027,949.4765329787813,40485332190.0
3196.3400687,3196.335563173194,40485332190.0
1635.8341331,1635.8253295341349,40485332190.0
194.0115622,193.9373199007248,40485332190.0
1808.2904249,1808.2824609662748,40485332190.0
4272.7614149,4272.758044502591,40485332190.0
2753.5733081,2753.56807819802,40485332190.0
2072.0968681,2072.089918090199,40485332190.0
2521.7010449,2521.695334022617,40485332190.0
618.58730289,618.564021808645,40485332190.0
6660.7887863,6660.786624319681,40485332190.0
4713.6324695,4713.629414245582,40485332190.0
1126.261643,1126.248856196687,40485332190.0
827.62283678,827.6054360190286,40485332190.0
2669.0711208,2669.06572516006,40485332190.0
390.41516401,390.3782756099167,40485332190.0
1208.4193156,1208.4073982375444,40485332190.0
641.15026731,641.127805551037,40485332190.0
1685.6498213,1685.641277941636,40485332190.0
745.3286967,745.3093746319672,40485332190.0
2942.3827252,2942.3778308528417,40485332190.0
2201.8754887,2201.8689483756175,40485332190.0
437.743628,437.71072825668017,40485332190.0
779.01998303,779.0014966201624,40485332190.0
4338.5055504,4338.502230993839,40485332190.0
3428.5902701,3428.586069838893,40485332190.0
13509.38712,13509.3860539731,40485332190.0
2008.8539177,2008.846748852459,40485332190.0
841.54704181,841.5299289757099,40485332190.0
1337.7830889,1337.7723239618283,40485332190.0
1129.3465112,1129.3337594568886,40485332190.0
3861.2397739,3861.236044239414,40485332190.0
4416.305134,4416.301873147046,40485332190.0
497.76066487,497.73173223848653,40485332190.0
1211.9756397,1211.963757300609,40485332190.0
3620.1299853,3620.126007225367,40485332190.0
227.98572074,227.92254526814878,40485332190.0
549.49286358,549.4666549597471,40485332190.0
1731.3155517,1731.307233598634,40485332190.0
4975.5048439,4975.501949469482,40485332190.0
2050.5078547,2050.5008315005157,40485332190.0
1391.0023438,1390.9919906633384,40485332190.0
2874.0951063,2874.0900956962655,40485332190.0
734.42173139,734.4021223542503,40485332190.0
4008.9338186,4008.930226333249,40485332190.0
1200.1853777,1200.1733785279682,40485332190.0
1175.8209073,1175.8086595859725,40485332190.0
7124.6267676,7124.624746308269,40485332190.0
2743.5618877,2743.556638646324,40485332190.0
1711.1899245,1711.1815085932155,40485332190.0
3584.3758527,3584.3718349491846,40485332190.0
459.22072612,459.1893651579098,40485332190.0
6855.7938098,6855.791709166424,40485332190.0
2516.0848144,2516.0790907931637,40485332190.0
738.39290614,738.3734025668568,40485332190.0
2147.1917014,2147.1849944076453,40485332190.0
2612.5740214,2612.568509221626,40485332190.0
729.23542482,729.2156763203392,40485332190.0
2165.2574267,2165.2507756731925,40485332190.0
3402.4216954,3402.41746283556,40485332190.0
7030.7385312,7030.736482816293,40485332190.0
1933.9857963,1933.9783499330954,40485332190.0
8056.4848762,8056.483088620265,40485332190.0
1603.2319935,1603.2230110048883,40485332190.0
724.59138287,724.5715077877223,40485332190.0
334.46694929,334.4238896234568,40485332190.0
112.9870732,112.85954319348366,40485332190.0
2188.397801,2188.39122032388,40485332190.0
1472.4931594,1472.4833793046828,40485332190.0
6583.0768578,6583.074670204304,40485332190.0
502.02367834,501.9949914064418,40485332190.0
2093.4418245,2093.434945336671,40485332190.0
2401.0630563,2401.057058538972,40485332190.0
502.26338532,502.23471207305613,40485332190.0
462.28795071,462.25679784351416,40485332190.0
1073.5412291,1073.527814440827,40485332190.0
2573.8138417,2573.8082465241982,40485332190.0
5665.4969998,5665.494457865145,40485332190.0
436.91020542,436.87724291405436,40485332190.0
4284.5562109,4284.552849784015,40485332190.0
607.86170067,607.838008783244,40485332190.0
1010.9303345,1010.9160889432593,40485332190.0
765.09257045,765.0737475167525,40485332190.0
1719.8679145,1719.8595411755623,40485332190.0
1610.5340734,1610.525131564895,40485332190.0
1131.8625274,1131.849803941337,40485332190.0
2249.9914353,2249.985034773175,40485332190.0
1494.0850895,1494.0754507183467,40485332190.0
2287.2416527,2287.235356488926,40485332190.0
4884.5252901,4884.522341769504,40485332190.0
8037.9772566,8037.975465003827,40485332190.0
1857.5678752,1857.5601225058376,40485332190.0
1372.7741794,1372.7636889214925,40485332190.0
772.66955683,772.6509184755434,40485332190.0
5859.7208992,5859.718441525541,40485332190.0
514.40007291,514.3720762054088,40485332190.0
1874.4970703,1874.4893876320427,40485332190.0
752.42817773,752.4090379768139,40485332190.0
1313.6083392,1313.5973761711414,40485332190.0
814.74625815,814.7285823770035,40485332190.0
1025.0595711,1025.0455219755215,40485332190.0
1877.2277476,1877.2200761266508,40485332190.0
1594.4412137,1594.4321816062452,40485332190.0
248.33942395,248.28142754415347,40485332190.0
1229.6378779,1229.626166157805,40485332190.0
1501.972984,1501.9633958371164,40485332190.0
5337.215094,5337.212395734918,40485332190.0
3498.3914474,3498.3873308803695,40485332190.0
3271.2260867,3271.2216843326046,40485332190.0
1910.0370482,1910.0295084443949,40485332190.0
1284.8876707,1284.8764625466863,40485332190.0
5864.3981553,5864.395699634636,40485332190.0
501.49803258,501.4693155736057,40485332190.0
928.38107187,928.3655596788549,40485332190.0
1769.9131081,1769.904971467812,40485332190.0
638.37051506,638.3479554894135,40485332190.0
8056.0511206,8056.0493329831115,40485332190.0
12069.845573,12069.844380254788,40485332190.0
3559.7626416,3559.7585960616275,40485332190.0
861.58042589,861.5637109636566,40485332190.0
5420.6096357,5420.606978939661,40485332190.0
3654.6128373,3654.608896802559,40485332190.0
304.72009175,304.6728279537099,40485332190.0
2232.3026822,2232.296230959324,40485332190.0
626.066944,626.0439410717504,40485332190.0
10802.078798,10802.07746560806,40485332190.0
1243.5244911,1243.512910137739,40485332190.0
672.37453364,672.3531150216685,40485332190.0
3653.6188913,3653.6149497041,40485332190.0
1398.9658176,1398.955523448941,40485332190.0
3485.4625056,3485.4583738532824,40485332190.0
1732.4444541,1732.4361415627632,40485332190.0
3920.215712,3920.2120384621844,40485332190.0
1150.165787,1150.1532660280538,40485332190.0
916.96312985,916.9474244995837,40485332190.0
1769.7486686,1769.7405311569578,40485332190.0
3839.686563,3839.682812433989,40485332190.0
736.89844954,736.8789064155591,40485332190.0
6290.8322461,6290.829956904653,40485332190.0
1638.5200256,1638.5112364565398,40485332190.0
1565.4494466,1565.4402471862684,40485332190.0
3957.9060286,3957.9023900162024,40485332190.0
6228.8689546,6228.866642627102,40485332190.0
535.37394107,535.3470412375806,40485332190.0
2248.5736076,2248.567202984483,40485332190.0
1638.7908498,1638.7820622116944,40485332190.0
836.30618627,836.2889661917945,40485332190.0
4341.2081667,4341.2048494787305,40485332190.0
2103.7448629,2103.738017386493,40485332190.0
2088.059655,2088.0527580970465,40485332190.0
2235.5278099,2235.52136795822,40485332190.0
512.40240337,512.3742975107873,40485332190.0
362.95228776,362.9126078924566,40485332190.0
1308.7464865,1308.735482712755,40485332190.0
750.02571583,750.0065147627797,40485332190.0
1722.600561,1722.5922008985488,40485332190.0
325.52290521,325.4786622806922,40485332190.0
4150.9425091,4150.939039768952,40485332190.0
614.00748778,613.9840330423377,40485332190.0
5723.0342182,5723.031701937071,40485332190.0
2889.7317177,2889.726734069013,40485332190.0
2453.0677126,2453.0618419211887,40485332190.0
790.62698708,790.6087720710118,40485332190.0
6081.2389296,6081.236561455954,40485332190.0
1803.3178413,1803.3098553512152,40485332190.0
578.92067859,578.8958022632115,40485332190.0
776.51342394,776.4948778617414,40485332190.0
1000.9641806,1000.949793216419,40485332190.0
901.56256599,901.5465923481414,40485332190.0
2509.6130868,2509.607348462476,40485332190.0
4373.3025662,4373.299273217919,40485332190.0
2570.0611575,2570.0555540985342,40485332190.0
430.58992453,430.55647816288473,40485332190.0
11379.2345,11379.23323438664,40485332190.0
13821.053935,13821.052893224312,40485332190.0
4985.1049071,4985.102018186932,40485332190.0
2821.8160747,2821.810971249569,40485332190.0
464.40480815,464.37379729342956,40485332190.0
968.33809227,968.32322017026,40485332190.0
1877.855474,1877.8478051327781,40485332190.0
786.2616034,786.2432872595526,40485332190.0
242.89350434,242.83420728939674,40485332190.0
2979.7643883,2979.759555309269,40485332190.0
1833.5045507,1833.4966963212298,40485332190.0
775.10227867,775.0836988222547,40485332190.0
2285.8595225,2285.853222380719,40485332190.0
466.48264277,466.45177004674275,40485332190.0
4099.9790672,4099.975554720185,40485332190.0
774.10246115,774.083857305983,40485332190.0
11532.963962,11532.96271276598,40485332190.0
12255.718662,12255.717487310452,40485332190.0
7798.5576077,7798.555761070357,40485332190.0
2372.9107391,2372.904670050015,40485332190.0
1091.1544993,1091.1413011706134,40485332190.0
612.20767098,612.1841472931287,40485332190.0
2571.6951985,2571.6895986339214,40485332190.0
2737.4373191,2737.4320583308117,40485332190.0
3839.7663054,3839.762554866313,40485332190.0
952.44935987,952.4342396681975,40485332190.0
1169.9231632,1169.9108537287948,40485332190.0
466.19000205,466.1591099518546,40485332190.0
806.68210426,806.6642517817636,40485332190.0
1311.3420702,1311.3310882321637,40485332190.0
569.54801235,569.5227266371807,40485332190.0
469.50536827,469.47469432378006,40485332190.0
3001.8141063,3001.8093088487426,40485332190.0
1944.0720018,1944.0645940040852,40485332190.0
1274.0994005,1274.0880974449174,40485332190.0
6573.4359126,6573.433721812491,40485332190.0
5421.1573602,5421.154703796087,40485332190.0
611.67953074,611.6559867286682,40485332190.0
2994.1634086,2994.1585988861243,40485332190.0
553.29883157,553.2728032273355,40485332190.0
2992.8653704,2992.8605585137007,40485332190.0
345.78427859,345.7426284098102,40485332190.0
726.39210832,726.3722825191506,40485332190.0
761.66223648,761.6433287759621,40485332190.0
3182.1886248,3182.18409919498,40485332190.0
205.74935402,205.67934865289888,40485332190.0
626.71222403,626.6892447867085,40485332190.0
868.90558959,868.8890155748021,40485332190.0
660.12683092,660.1050148906943,40485332190.0
1047.5487565,1047.5350089695062,40485332190.0
1297.0929653,1297.0818626777386,40485332190.0
2051.4419789,2051.4349588269006,40485332190.0
1429.5772688,1429.5671951167215,40485332190.0
313.85062485,313.80473625856234,40485332190.0
1158.3241493,1158.3117165535398,40485332190.0
616.98791416,616.9645727266195,40485332190.0
969.99001712,969.9751703444406,40485332190.0
1949.7716109,1949.7642248689383,40485332190.0
534.77194222,534.7450120998134,40485332190.0
16987.039282,16987.03843439429,40485332190.0
274.6674484,274.6150123169887,40485332190.0
943.74342537,943.7281656818816,40485332190.0
1018.8776948,1018.863560435185,40485332190.0
571.89290887,571.8677268375424,40485332190.0
1803.3799953,1803.372009666263,40485332190.0
1418.5228997,1418.5127475260265,40485332190.0
410.47509068,410.4400051766151,40485332190.0
523.90753578,523.8800471750901,40485332190.0
2750.1055407,2750.1003040814103,40485332190.0
442.82557018,442.7930480340459,40485332190.0
1924.0584332,1924.0509484749246,40485332190.0
232.40267985,232.34070538870682,40485332190.0
2359.3562694,2359.3501655476985,40485332190.0
398.61676665,398.58063730432286,40485332190.0
620.42215176,620.3989395335109,40485332190.0
893.85385768,893.837746274559,40485332190.0
3092.7637354,3092.75907903466,40485332190.0
1979.8621623,1979.854888570315,40485332190.0
470.08739372,470.0567577635402,40485332190.0
1311.6626219,1311.6516425400303,40485332190.0
495.33980057,495.31072651976984,40485332190.0
2450.4396706,2450.433793619509,40485332190.0
479.94053061,479.9105236439782,40485332190.0
4649.3554834,4649.352385885394,40485332190.0
1280.2669138,1280.255665223689,40485332190.0
5067.0357985,5067.032956455662,40485332190.0
3103.0244919,3103.0198509086513,40485332190.0
967.50328141,967.4883964799265,40485332190.0
1773.3457092,1773.3375883217448,40485332190.0
3835.6912784,3835.687523860813,40485332190.0
2273.890934,2273.8846006881,40485332190.0
1419.1004427,1419.090294587038,40485332190.0
2206.4253232,2206.418796351633,40485332190.0
8443.9933232,8443.991617673879,40485332190.0
1033.1620777,1033.1481387097751,40485332190.0
3301.2381339,3301.2337715888816,40485332190.0
14748.57936,14748.578383812863,40485332190.0
1455.8881103,1455.8782186191977,40485332190.0
4753.2369167,4753.233886928928,40485332190.0
3534.849888,3534.845813899251,40485332190.0
571.80656576,571.7813799211784,40485332190.0
843.02112292,843.0040400103358,40485332190.0
1417.7366539,1417.7264961314206,40485332190.0
5356.592292,5356.589603522079,40485332190.0
686.09800323,686.0770130356226,40485332190.0
1939.9034276,1939.8960040068532,40485332190.0
308.43240702,308.3857121864674,40485332190.0
4379.4986572,4379.495368957392,40485332190.0
2421.5001657,2421.4942184386737,40485332190.0
528.45763378,528.4303818609226,40485332190.0
209.92494512,209.85633267458968,40485332190.0
1160.5955149,1160.5831064705587,40485332190.0
191.47442319,191.39919674966762,40485332190.0
569.74100559,569.7157284383964,40485332190.0
814.64906878,814.6313909058357,40485332190.0
2245.7626626,2245.7562499449264,40485332190.0
10199.193092,10199.191680145123,40485332190.0
1855.4795675,1855.471806172769,40485332190.0
4182.9797342,4182.976291382614,40485332190.0
1499.7904519,1499.7808498366398,40485332190.0
1459.9956136,1459.985749775976,40485332190.0
9226.4151751,9226.413614287401,40485332190.0
3351.7233634,3351.719066820164,40485332190.0
1580.2427922,1580.2336788975174,40485332190.0
2600.4483325,2600.4427945591874,40485332190.0
2343.4571499,2343.4510045835355,40485332190.0
12598.986042,12598.984898820156,40485332190.0
641.88442246,641.8619863900024,40485332190.0
554.41167602,554.3856999265571,40485332190.0
966.0068345,965.9919265118742,40485332190.0
5173.6523353,5173.649551786415,40485332190.0
5432.1974694,5432.194818353573,40485332190.0
1554.5612842,1554.5520204182342,40485332190.0
1104.3733327,1104.3602925235082,40485332190.0
1928.8385474,1928.831081235566,40485332190.0
2713.955958,2713.950651719225,40485332190.0
2920.3472355,2920.3423041736232,40485332190.0
1225.0510643,1225.039308697706,40485332190.0
1896.3790968,1896.371502826284,40485332190.0
1217.0803993,1217.0685667619991,40485332190.0
1388.0342304,1388.0238552295866,40485332190.0
1186.7778923,1186.7657576381653,40485332190.0
291.74631007,291.6969441389997,40485332190.0
2259.1381918,2259.1318172454407,40485332190.0
990.88264527,990.8681115415641,40485332190.0
1596.2186436,1596.2096215381532,40485332190.0
1904.1969309,1904.189368030291,40485332190.0
1499.5038508,1499.4942468879633,40485332190.0
1042.2164502,1042.202632311444,40485332190.0
1082.4110075,1082.3977027390818,40485332190.0
782.99558656,782.977194018278,40485332190.0
386.22050058,386.1832114999966,40485332190.0
1397.7841897,1397.7738867674593,40485332190.0
1217.8560228,1217.844197745577,40485332190.0
4671.321406,4671.318323133074,40485332190.0
523.85168943,523.8241978945307,40485332190.0
844.11315032,844.0960895099207,40485332190.0
708.18708506,708.166749586474,40485332190.0
7610.8484117,7610.846519589515,40485332190.0
6382.0030371,6382.000780579717,40485332190.0
3237.3207833,3237.3163347944273,40485332190.0
9663.224995,9663.22350471709,40485332190.0
1321.965541,1321.9546472324944,40485332190.0
203.27987949,203.20902338893828,40485332190.0
2559.6488895,2559.6432632430365,40485332190.0
6974.5056144,6974.503549487938,40485332190.0
4557.7918875,4557.788727858304,40485332190.0
2126.6412997,2126.634527928325,40485332190.0
492.13073467,492.101471019844,40485332190.0
1418.4264257,1418.4162728043173,40485332190.0
1290.8529954,1290.841839152968,40485332190.0
2447.8377688,2447.831885606466,40485332190.0
220.8183204,220.75309375227144,40485332190.0
1055.1413227,1055.1276740362625,40485332190.0
1061.8637587,1061.8501964858526,40485332190.0
2050.613572,2050.6065491935283,40485332190.0
529.74411031,529.7169245844102,40485332190.0
2356.7769106,2356.7708000363723,40485332190.0
895.28637112,895.2702854969796,40485332190.0
260.9714654,260.9162768675831,40485332190.0
3185.918419,3185.913898734991,40485332190.0
353.90699797,353.8663038444241,40485332190.0
1483.0409003,1483.0311897443582,40485332190.0
4808.7941598,4808.791165001847,40485332190.0
1313.3019222,1313.2909566112535,40485332190.0
4372.817426,4372.814132653736,40485332190.0
4202.4644795,4202.461052743411,40485332190.0
1740.8019885,1740.7937158037541,40485332190.0
793.88230837,793.8641680555668,40485332190.0
1023.8540301,1023.8399644143104,40485332190.0
1078.4257289,1078.4123749575053,40485332190.0
693.18240003,693.1616243596377,40485332190.0
4180.652499,4180.649054281255,40485332190.0
1303.033661,1303.0226090009978,40485332190.0
3047.6929976,3047.6882722900455,40485332190.0
5670.4071158,5670.40457604453,40485332190.0
355.65538035,355.61488629388487,40485332190.0
1354.1115722,1354.1009370577956,40485332190.0
4906.2859098,4906.282974603287,40485332190.0
3276.0161541,3276.0117582452067,40485332190.0
2094.0990271,2094.092150105136,40485332190.0
4240.1858022,4240.182405789562,40485332190.0
4435.6945389,4435.691292216555,40485332190.0
1082.464279,1082.4509749301694,40485332190.0
6354.4024196,6354.400153306908,40485332190.0
798.53800353,798.5199689797414,40485332190.0
7927.3002297,7927.298413126097,40485332190.0
503.04560789,503.0169792286899,40485332190.0
469.87162468,469.84097465233185,40485332190.0
929.9255901,929.9101036718508,40485332190.0
2364.9719081,2364.965818713816,40485332190.0
1782.0535268,1782.0454456031725,40485332190.0
595.14348142,595.1192832196513,40485332190.0
556.23178094,556.2058898606996,40485332190.0
2754.6148244,2754.60959641772,40485332190.0
925.30709046,925.2915267303895,40485332190.0
301.32785837,301.2800624194487,40485332190.0
1006.6745412,1006.6602355238678,40485332190.0
15778.730292,15778.729379120423,40485332190.0
3241.7987743,3241.794331939359,40485332190.0
963.69851774,963.6835740353417,40485332190.0
12362.574374,12362.573208502128,40485332190.0
14182.961226,14182.960211109184,40485332190.0
3441.8983978,3441.8942136916057,40485332190.0
734.70161731,734.6820157460053,40485332190.0
3678.9423376,3678.938423084309,40485332190.0
2627.9938214,2627.988341472833,40485332190.0
7045.4300639,7045.428019884669,40485332190.0
269.79171605,269.738332140287,40485332190.0
749.0501689,749.0309428225852,40485332190.0
341.18147845,341.13926630049497,40485332190.0
1619.8219835,1619.8130928486519,40485332190.0
2731.1130973,2731.107824348789,40485332190.0
4702.3598029,4702.356740361235,40485332190.0
4067.0119672,4067.008426201302,40485332190.0
811.16834769,811.1505939517616,40485332190.0
523.0062495,522.9787135201196,40485332190.0
1899.497428,1899.4898463680804,40485332190.0
3822.3565105,3822.3527428896386,40485332190.0
10369.415981,10369.414591500996,40485332190.0
4413.4908071,4413.4875441213235,40485332190.0
2874.5704199,2874.565410086186,40485332190.0
819.72081972,819.7032512268405,40485332190.0
6523.4567106,6523.454503049439,40485332190.0
931.23460719,931.2191425167803,40485332190.0
758.44942304,758.4304352426526,40485332190.0
2055.0040809,2054.99707310062,40485332190.0
1930.1681615,1930.1607004547552,40485332190.0
1454.1382856,1454.128382021698,40485332190.0
1181.1803425,1181.1681502982042,40485332190.0
5795.457078,5795.454593121338,40485332190.0
10440.552938,10440.551558680558,40485332190.0
1125.5270847,1125.5142895675351,40485332190.0
720.26110224,720.2411076701591,40485332190.0
720.60023194,720.5802467848641,40485332190.0
797.32883563,797.3107737327092,40485332190.0
5559.7464154,5559.743825099855,40485332190.0
1489.7018432,1489.6921760493708,40485332190.0
1638.2911256,1638.2823352700311,40485332190.0
3342.1309288,3342.126619836696,40485332190.0
340.76005096,340.71778660103735,40485332190.0
359.65824261,359.61819928546424,40485332190.0
3431.2319764,3431.2277793729745,40485332190.0
997.15345011,997.1390077891346,40485332190.0
1475.4283515,1475.4185908952397,40485332190.0
447.97345526,447.9413068664764,40485332190.0
1340.4889638,1340.4782206375164,40485332190.0
189.48876289,189.41274782945473,40485332190.0
986.20218623,986.1875835272657,40485332190.0
2218.5590706,2218.552579339334,40485332190.0
1254.2330286,1254.2215465842814,40485332190.0
4856.4745214,4856.471556066159,40485332190.0
1337.6386025,1337.6278363512085,40485332190.0
1341.9466536,1341.9359220505528,40485332190.0
3248.4118562,3248.4074228926715,40485332190.0
1004.986503,1004.9721732152999,40485332190.0
536.52701779,536.5001757622329,40485332190.0
2496.0262324,2496.020462776433,40485332190.0
601.83975273,601.8158237823751,40485332190.0
315.14425152,315.0985513257259,40485332190.0
1480.4725005,1480.4627730181132,40485332190.0
987.52742391,987.5128407987354,40485332190.0
536.48835975,536.4615157999962,40485332190.0
1402.5636102,1402.5533424169769,40485332190.0
4000.1561961,4000.1525960077893,40485332190.0
3997.9096647,3997.9060625466323,40485332190.0
624.28946022,624.2663917894547,40485332190.0
307.38085057,307.3339959663498,40485332190.0
2503.7217194,2503.7159675147077,40485332190.0
340.74591871,340.7036525959342,40485332190.0
5769.9425727,5769.940076850258,40485332190.0
468.67832312,468.64759505103234,40485332190.0
4009.2448515,4009.2412595697187,40485332190.0
3443.4342787,3443.4300964509603,40485332190.0
233.91096207,233.84938733584968,40485332190.0
391.4225118,391.3857183424788,40485332190.0
1325.0995753,1325.0887072383314,40485332190.0
666.96482822,666.943235861499,40485332190.0
4252.1575734,4252.154186612768,40485332190.0
3994.4847126,3994.4811072679486,40485332190.0
126.08229581,125.96802410503793,40485332190.0
2295.5747178,2295.568444443112,40485332190.0
20164.925249,20164.924534769434,40485332190.0
7654.8303193,7654.828438052587,40485332190.0
5334.2424316,5334.23973186054,40485332190.0
193.99149758,193.917247586858,40485332190.0
2178.8423696,2178.8357600974164,40485332190.0
1636.3932109,1636.3844102621588,40485332190.0
853.39954915,853.3826739946333,40485332190.0
1187.8305562,1187.8184323065075,40485332190.0
690.01585769,689.9949866788465,40485332190.0
3960.0941385,3960.090502034178,40485332190.0
1677.7319059,1677.723322187056,40485332190.0
1678.3608208,1678.3522403571067,40485332190.0
1950.1057935,1950.0984087257928,40485332190.0
293.53451801,293.48545287328756,40485332190.0
2173.4600709,2173.4534449879748,40485332190.0
4775.5637975,4775.560781952235,40485332190.0
619.76301341,619.7397764937549,40485332190.0
1865.2121073,1865.2043864244786,40485332190.0
24594.417394,24594.41680773619,40485332190.0
1528.080489,1528.0710645905472,40485332190.0
1526.6443064,1526.634873161801,40485332190.0
1748.3991575,1748.3909206574272,40485332190.0
490.45155475,490.42219090640117,40485332190.0
1505.9082616,1505.898698504437,40485332190.0
494.38687055,494.35774046449404,40485332190.0
3429.1880737,3429.183874112979,40485332190.0
710.86721395,710.8469551511163,40485332190.0
588.63152494,588.6070590214406,40485332190.0
4630.7292401,4630.726130186442,40485332190.0
681.34068745,681.3195506900493,40485332190.0
7032.0608578,7032.058809884113,40485332190.0
775.31241617,775.2938413542204,40485332190.0
1184.3505539,1184.3383943639565,40485332190.0
2281.5370396,2281.530727546481,40485332190.0
1655.6436837,1655.6349855276385,40485332190.0
408.92559352,408.890375062399,40485332190.0
1705.6675903,1705.659147121567,40485332190.0
8285.812769,8285.811030917888,40485332190.0
1303.237646,1303.2265957431289,40485332190.0
1226.4734227,1226.4616807366003,40485332190.0
1712.3520964,1712.3436862445337,40485332190.0
3745.8916096,3745.887765102463,40485332190.0
1064.0561969,1064.0426626375745,40485332190.0
497.48914425,497.46019582144294,40485332190.0
5334.5569364,5334.554236810954,40485332190.0
1879.8235916,1879.8159306555851,40485332190.0
928.64823453,928.6327267901013,40485332190.0
874.26060847,874.2441359812726,40485332190.0
1786.6028294,1786.5947687785876,40485332190.0
455.44331822,455.41169713875087,40485332190.0
1702.2860119,1702.2775520261737,40485332190.0
863.53330819,863.5166310676902,40485332190.0
1304.1336685,1304.1226258144563,40485332190.0
3002.7399482,3002.735152161004,40485332190.0
1460.8687146,1460.8588565932002,40485332190.0
5971.4026782,5971.400266592958,40485332190.0
474.71135625,474.68101871899864,40485332190.0
836.79514042,836.7779303963613,40485332190.0
1566.5981174,1566.5889248268543,40485332190.0
1410.2368142,1410.226602386719,40485332190.0
466.70380028,466.6729421940921,40485332190.0
1564.600712,1564.5915076100214,40485332190.0
111.91083014,111.78207227519557,40485332190.0
2938.7917771,2938.7868767696764,40485332190.0
2259.9479146,2259.9415422637308,40485332190.0
8222.1559958,8222.154244250896,40485332190.0
653.3909516,653.3689106565974,40485332190.0
2687.2345911,2687.2292319624803,40485332190.0
3611.1258655,3611.121877597817,40485332190.0
1295.854502,1295.8433886770263,40485332190.0
376.32635534,376.2880857885778,40485332190.0
1057.3141724,1057.3005518392954,40485332190.0
7829.4545467,7829.452707356434,40485332190.0
1308.1838792,1308.172870717509,40485332190.0
947.40333054,947.3881298008037,40485332190.0
2042.9767802,2042.9697310477861,40485332190.0
1146.1372885,1146.124723566961,40485332190.0
1633.8150562,1633.8062417721217,40485332190.0
629.11161556,629.0887239588651,40485332190.0
782.83538378,782.8169874753418,40485332190.0
3899.8213023,3899.8176095603894,40485332190.0
2112.9300527,2112.9232369774777,40485332190.0
4606.0652195,4606.062093005734,40485332190.0
1700.1815561,1700.1730856845604,40485332190.0
1502.3785964,1502.3690108267904,40485332190.0
1986.8935993,1986.8863512308023,40485332190.0
2348.5950842,2348.588952382308,40485332190.0
6499.9292423,6499.927026776424,40485332190.0
307.25428728,307.207413375066,40485332190.0
7866.8489152,7866.847084566952,40485332190.0
581.47157018,581.4468029860878,40485332190.0
282.10569356,282.0546403122718,40485332190.0
1499.6249982,1499.6153950055732,40485332190.0
1449.0438353,1449.0338968620217,40485332190.0
740.1487897,740.1293323954861,40485332190.0
2620.698171,2620.6926758413747,40485332190.0
776.65061884,776.6320760328953,40485332190.0
1308.6047674,1308.5937623820296,40485332190.0
633.57010094,633.5473704263401,40485332190.0
2251.1295896,2251.123192318774,40485332190.0
1494.8178542,1494.8082200863785,40485332190.0
826.77450525,826.7570866344729,40485332190.0
1521.9194073,1521.9099448784689,40485332190.0
1487.0571877,1487.0475033152536,40485332190.0
445.43139397,445.39906209776456,40485332190.0
1925.3131605,1925.3056806385416,40485332190.0
7206.1651142,7206.163115798356,40485332190.0
4645.7186984,4645.7155985296795,40485332190.0
3916.7959259,3916.79224916678,40485332190.0
849.76613018,849.7491828571381,40485332190.0
214.39236537,214.3251830961239,40485332190.0
1894.3793297,1894.3717276764369,40485332190.0
463.38210327,463.35102396414584,40485332190.0
435.89011812,435.85707847091885,40485332190.0
4123.1682834,4123.164790672942,40485332190.0
565.58982534,565.5643626571486,40485332190.0
376.52104779,376.48279802289824,40485332190.0
6850.1133918,6850.111289505643,40485332190.0
2663.2762271,2663.270819774531,40485332190.0
1969.9471598,1969.9398493835329,40485332190.0
4562.7434206,4562.740264361998,40485332190.0
2843.806995,2843.8019309510883,40485332190.0
2909.9871227,2909.9821738195255,40485332190.0
3390.0260935,3390.021845384663,40485332190.0
2837.3183948,2837.3133191601764,40485332190.0
918.01015848,917.9944710410829,40485332190.0
4586.9667661,4586.963626501384,40485332190.0
6697.4657964,6697.463646196606,40485332190.0
734.70588858,734.6862871323527,40485332190.0
13740.537948,13740.536900109704,40485332190.0
2844.4827471,2844.477684282522,40485332190.0
1778.2377141,1778.229615529965,40485332190.0
1822.2623137,1822.2544108631957,40485332190.0
865.15730374,865.140657920394,40485332190.0
4688.6462694,4688.643197933864,40485332190.0
4991.6941261,4991.691241084675,40485332190.0
2208.0830455,2208.0765235906997,40485332190.0
213.69466906,213.62726737384233,40485332190.0
4944.1984425,4944.195529760486,40485332190.0
539.15268317,539.1259718733794,40485332190.0
2028.9795192,2028.9724215210233,40485332190.0
6308.505522,6308.503239173808,40485332190.0
2632.4669764,2632.461505771438,40485332190.0
2856.3199661,2856.314924257735,40485332190.0
830.73405892,830.7167233274678,40485332190.0
462.15862072,462.12745912978323,40485332190.0
2625.2035418,2625.1980560994302,40485332190.0
1455.3154793,1455.3055837458153,40485332190.0
1686.6663681,1686.6578298578077,40485332190.0
1684.4360895,1684.4275400512977,40485332190.0
1599.3757043,1599.3667000848084,40485332190.0
807.23554185,807.2177016243735,40485332190.0
902.20935506,902.1933928645428,40485332190.0
1996.5818349,1996.5746220311812,40485332190.0
6005.8335395,6005.83114161676,40485332190.0
1741.7701235,1741.7618554132748,40485332190.0
3166.118338,3166.113789508654,40485332190.0
867.86742691,867.8508330801063,40485332190.0
11709.634125,11709.632894787994,40485332190.0
1181.8998279,1181.8876431031374,40485332190.0
496.88717732,496.8581938188443,40485332190.0
1988.3273663,1988.320123428002,40485332190.0
635.18898064,635.1663080729148,40485332190.0
604.1294804,604.1056421438803,40485332190.0
683.68136579,683.6603014013469,40485332190.0
2450.8649785,2450.8591025188043,40485332190.0
954.91492223,954.8998410680538,40485332190.0
1497.3135771,1497.3039591580641,40485332190.0
442.928598,442.8960834223702,40485332190.0
9375.0970437,9375.095507657865,40485332190.0
7243.5762333,7243.574245085102,40485332190.0
1197.1420505,1197.1300208305524,40485332190.0
1305.6951497,1305.6841202070043,40485332190.0
8224.6878366,8224.686085610829,40485332190.0
844.7751202,844.7580727562708,40485332190.0
744.68106819,744.6617293127148,40485332190.0
996.90235428,996.8879083160657,40485332190.0
1135.4874922,1135.474809409199,40485332190.0
2316.2270303,2316.220812867367,40485332190.0
527.05960416,527.0322799500137,40485332190.0
1215.8307942,1215.8189495437775,40485332190.0
1067.3461737,1067.332681126142,40485332190.0
1168.5450191,1168.532695112991,40485332190.0
5905.248274,5905.245835295889,40485332190.0
853.66310086,853.646230914696,40485332190.0
1658.5611782,1658.5524952577684,40485332190.0
3999.1832568,3999.1796557656444,40485332190.0
460.02057892,459.9892724939911,40485332190.0
1238.0997515,1238.0881197570825,40485332190.0
834.9646245,834.9473767544581,40485332190.0
352.15894209,352.11804594049846,40485332190.0
6424.0921766,6424.089934940533,40485332190.0
1307.919411,1307.9084001799783,40485332190.0
2122.9692512,2122.962467691762,40485332190.0
2294.0887305,2294.08245302766,40485332190.0
3380.3374955,3380.333235206122,40485332190.0
3423.5601263,3423.555919831845,40485332190.0
2196.1418267,2196.1352692589585,40485332190.0
3501.0342704,3501.030157096793,40485332190.0
3984.5394067,3984.535792475116,40485332190.0
1551.054428,1551.0451432620914,40485332190.0
2792.6794023,2792.674245568152,40485332190.0
6679.1900175,6679.187861373513,40485332190.0
829.43836875,829.4210060895292,40485332190.0
3493.2177115,3493.2135888922294,40485332190.0
1560.8529298,1560.8437032636446,40485332190.0
5799.5669433,5799.564460154316,40485332190.0
4117.6207173,4117.617219878561,40485332190.0
1255.8643345,1255.852867360566,40485332190.0
7233.3151631,7233.313172196432,40485332190.0
7714.280577,7714.278710173267,40485332190.0
7275.0150423,7275.013062744837,40485332190.0
2712.6947824,2712.689473654789,40485332190.0
1146.8848431,1146.8722862619907,40485332190.0
5281.2087994,5281.2060725349575,40485332190.0
862.22953556,862.2128332148986,40485332190.0
481.52374408,481.4938357810582,40485332190.0
8802.8407884,8802.839152383773,40485332190.0
5166.1697498,5166.166962240337,40485332190.0
3941.3986385,3941.3949846860387,40485332190.0
1787.5046243,1787.496567752765,40485332190.0
2598.9958815,2598.99034050884,40485332190.0
248.1219932,248.06394597143878,40485332190.0
3790.8533588,3790.849559835063,40485332190.0
665.1717914,665.1501408361042,40485332190.0
985.79279614,985.7781873803107,40485332190.0
715.83616,715.81604182861,40485332190.0
1004.9798106,1004.9654807782267,40485332190.0
2619.5048931,2619.499395470037,40485332190.0
2191.322849,2191.3162770851463,40485332190.0
817.67540153,817.6577890808868,40485332190.0
654.95732523,654.9353370071532,40485332190.0
1207.7353722,1207.7234480780403,40485332190.0
5014.6481377,5014.645265845606,40485332190.0
2637.7032593,2637.69779959809,40485332190.0
1885.6174477,1885.6098103776176,40485332190.0
518.28665562,518.258868876531,40485332190.0
371.05821221,371.01939926637914,40485332190.0
1840.5388684,1840.5310439688408,40485332190.0
8704.0890759,8704.087421403192,40485332190.0
1158.3668494,1158.3544170531507,40485332190.0
15884.946549,15884.945641439164,40485332190.0
471.78403274,471.75350695538543,40485332190.0
5929.1014009,5929.098971968998,40485332190.0
957.86403207,957.8489973388287,40485332190.0
3456.7000601,3456.6958939477568,40485332190.0
1416.5314544,1416.5212878415603,40485332190.0
719.56526967,719.5452557705692,40485332190.0
2207.4174766,2207.4109526961133,40485332190.0
2305.8142822,2305.8080365974865,40485332190.0
2108.8430107,2108.836181775826,40485332190.0
849.29717374,849.2802170676523,40485332190.0
10576.403612,10576.402249902005,40485332190.0
2907.7285364,2907.723583649439,40485332190.0
1040.2663574,1040.2525136104214,40485332190.0
1757.9844344,1757.976242628471,40485332190.0
3445.490283,3445.486103276277,40485332190.0
3337.8686398,3337.864325369507,40485332190.0
852.509583,852.4926902242678,40485332190.0
720.23322999,720.2132346461433,40485332190.0
811.43099202,811.4132440336566,40485332190.0
875.37036605,875.3539144396449,40485332190.0
13065.079309,13065.078206498438,40485332190.0
596.55296266,596.5288216270944,40485332190.0
2767.7305258,2767.7253225686413,40485332190.0
4922.6525638,4922.649638222959,40485332190.0
702.34153639,702.3210316623264,40485332190.0
1709.1011609,1709.0927347914233,40485332190.0
478.04773397,478.01760819256697,40485332190.0
1011.0352747,1011.0210307137831,40485332190.0
2492.0733672,2492.067588437702,40485332190.0
975.6394708,975.6247100047701,40485332190.0
332.0694252,332.026054593823,40485332190.0
2867.0712327,2867.0662097301474,40485332190.0
1049.2624833,1049.2487582514666,40485332190.0
1779.0876435,1779.0795488949996,40485332190.0
3742.6393585,3742.6355105908847,40485332190.0
2016.0592973,2016.0521541491391,40485332190.0
2040.7707349,2040.7636781751005,40485332190.0
1363.2755123,1363.2649486397204,40485332190.0
478.89092482,478.86085208062894,40485332190.0
6202.3583224,6202.356000519651,40485332190.0
13360.810053,13360.808975252567,40485332190.0
549.37928176,549.3530677137526,40485332190.0
460.75684136,460.72558496613243,40485332190.0
5521.3230437,5521.320435405985,40485332190.0
412.67378728,412.63888872537655,40485332190.0
29398.728854,29398.72836410866,40485332190.0
6175.384351,6175.382018914647,40485332190.0
3629.945312,3629.9413446900367,40485332190.0
2768.8910088,2768.8858077862765,40485332190.0
1464.3484857,1464.3386511526137,40485332190.0
573.3961453,573.3710292842086,40485332190.0
543.0391101,543.0125899775708,40485332190.0
813.82950705,813.8118113721382,40485332190.0
589.97283479,589.9484244980512,40485332190.0
4851.7090005,4851.706032274799,40485332190.0
1745.7920325,1745.783783437542,40485332190.0
740.88123035,740.8617922742163,40485332190.0
2755.3363793,2755.331152670097,40485332190.0
2405.4621873,2405.4562004550103,40485332190.0
628.92515232,628.9022539390805,40485332190.0
1988.6640029,1988.6567613438715,40485332190.0
4440.1653261,4440.162082685038,40485332190.0
1543.8900325,1543.880704604818,40485332190.0
1197.4518645,1197.4398379483944,40485332190.0
602.74174716,602.717854015343,40485332190.0
3240.5551779,3240.5507338167363,40485332190.0
124.6026886,124.48705870586113,40485332190.0
461.64857151,461.6173754983421,40485332190.0
2373.2961746,2373.290106582508,40485332190.0
574.11427411,574.089189517739,40485332190.0
1426.6570938,1426.6469994072097,40485332190.0
5945.7192241,5945.716801997014,40485332190.0
427.35319083,427.31949112270274,40485332190.0
1036.7572488,1036.7433581859618,40485332190.0
958.58041992,958.56539642857,40485332190.0
2373.2555177,2373.24944969049,40485332190.0
5704.023873,5704.021348230867,40485332190.0
1067.0897196,1067.0762238318857,40485332190.0
2067.9516354,2067.9446714658425,40485332190.0
1106.245133,1106.232114877221,40485332190.0
674.78064474,674.7593024962795,40485332190.0
946.63670856,946.6214955165733,40485332190.0
2913.8746021,2913.869659856679,40485332190.0
1286.0635902,1286.0523923763917,40485332190.0
2217.5822068,2217.575712691981,40485332190.0
777.76851879,777.7500026340479,40485332190.0
6549.2821038,6549.279904863446,40485332190.0
2332.8574063,2332.851233098083,40485332190.0
969.46474895,969.4498941292289,40485332190.0
1013.2244357,1013.2102224258069,40485332190.0
564.28501781,564.2594962421653,40485332190.0
6200.9785667,6200.976244305787,40485332190.0
854.25452282,854.2376645552656,40485332190.0
667.70414993,667.6825814820479,40485332190.0
8831.0422235,8831.040592854577,40485332190.0
2268.537498,2268.5311498610104,40485332190.0
767.66577611,767.6470162781726,40485332190.0
1695.5477212,1695.5392276853934,40485332190.0
1049.5901593,1049.5764385051723,40485332190.0
1015.92362,1015.9094445360118,40485332190.0
170.59748766,170.5130510469203,40485332190.0
1433.5822253,1433.5721797219771,40485332190.0
1562.1461324,1562.136913650358,40485332190.0
529.70354303,529.6763552227154,40485332190.0
1617.373097,1617.3641930060107,40485332190.0
6754.4105483,6754.408416148404,40485332190.0
703.3191644,703.2986881776809,40485332190.0
3059.9085866,3059.903880183699,40485332190.0
1007.6390234,1007.6247313778556,40485332190.0
1136.1001781,1136.0875021853483,40485332190.0
333.56576861,333.52259259158734,40485332190.0
446.06965148,446.03736587018136,40485332190.0
1360.6404101,1360.6298260327653,40485332190.0
1298.6440802,1298.6329908627129,40485332190.0
539.81191189,539.7852332152598,40485332190.0
4386.8224017,4386.819118872293,40485332190.0
7318.4331811,7318.431213321807,40485332190.0
2072.3903162,2072.383367150487,40485332190.0
2280.1711288,2280.164812964884,40485332190.0
706.8653269,706.8449534068244,40485332190.0
7305.7800052,7305.778034053185,40485332190.0
4217.8915455,4217.888131222775,40485332190.0
886.83056771,886.8143287105466,40485332190.0
611.61983075,611.5962844380981,40485332190.0
1130.7346829,1130.7219467605619,40485332190.0
878.33029094,878.3138947755043,40485332190.0
397.23546496,397.19920996589184,40485332190.0
1083.5531378,1083.5398470104158,40485332190.0
1489.6538192,1489.6441517083229,40485332190.0
4093.4809441,4093.477426043189,40485332190.0
918.55755562,918.5418775272658,40485332190.0
1593.8576858,1593.8486503234292,40485332190.0
795.26653324,795.2484245014522,40485332190.0
1406.5122462,1406.502007306719,40485332190.0
4094.812838,4094.8093210316206,40485332190.0
2506.7885664,2506.782821520334,40485332190.0
698.42678765,698.406167985846,40485332190.0
803.76021457,803.7422972003395,40485332190.0
3009.3791621,3009.374376675858,40485332190.0
7420.3251581,7420.323217283824,40485332190.0
556.8695823,556.8437208783645,40485332190.0
532.63630554,532.6092674332841,40485332190.0
1615.595894,1615.5869801657711,40485332190.0
765.03516715,765.0163427993523,40485332190.0
1153.9575094,1153.9450295768268,40485332190.0
3209.7926355,3209.7881488638827,40485332190.0
394.28300251,394.2464760191451,40485332190.0
3416.3418869,3416.3376716223906,40485332190.0
2804.6993901,2804.6942554879115,40485332190.0
223.4566685,223.39221221823354,40485332190.0
2890.1035799,2890.0985970266906,40485332190.0
2436.1597113,2436.1537998969357,40485332190.0
809.9460018,809.9282212687223,40485332190.0
1891.449237,1891.4416231236783,40485332190.0
739.82643699,739.8069712060519,40485332190.0
4405.7456296,4405.74236086573,40485332190.0
1509.0197482,1509.0102047701166,40485332190.0
1965.6423912,1965.6350647857557,40485332190.0
2658.1385593,2658.13314148056,40485332190.0
2240.6357547,2240.629327448811,40485332190.0
5393.9778126,5393.975142732981,40485332190.0
518.63137624,518.603607971629,40485332190.0
1765.2416976,1765.2335394494073,40485332190.0
2067.9386784,2067.931714416274,40485332190.0
1209.9448153,1209.9329129052658,40485332190.0
1287.9486314,1287.9374498389454,40485332190.0
7666.0959661,7666.094087536933,40485332190.0
1104.8477715,1104.834736938068,40485332190.0
2519.9955755,2519.9898607695113,40485332190.0
2815.6342904,2815.629175676808,40485332190.0
757.2288598,757.2098413879249,40485332190.0
1910.169973,1910.1624338189488,40485332190.0
1064.5582781,1064.5447502939937,40485332190.0
3403.6916159,3403.6873848946243,40485332190.0
12289.651703,12289.6505313296,40485332190.0
1322.3047551,1322.2938641889773,40485332190.0
3407.8587054,3407.854479521677,40485332190.0
1064.5331356,1064.519607506291,40485332190.0
14597.448974,14597.447988310603,40485332190.0
1607.7024473,1607.6934896396483,40485332190.0
7439.0890124,7439.08707645245,40485332190.0
199.22306839,199.15076891692917,40485332190.0
715.38402991,715.3638990249491,40485332190.0
8172.2625922,8172.260830074142,40485332190.0
8283.2934253,8283.291686786422,40485332190.0
491.06501386,491.0356867066896,40485332190.0
1149.9434988,1149.9309753683442,40485332190.0
3085.2861802,3085.281512519161,40485332190.0
1071.0730801,1071.0596345350716,40485332190.0
10810.207005,10810.205672385322,40485332190.0
603.840013,603.816163319708,40485332190.0
2878.0932671,2878.0882633636274,40485332190.0
4532.5995146,4532.596337366271,40485332190.0
571.20560186,571.1803895231541,40485332190.0
1191.7443748,1191.7322907390735,40485332190.0
4932.2443936,4932.241473842091,40485332190.0
417.58868899,417.55420121249074,40485332190.0
302.92978804,302.8822448796759,40485332190.0
9342.522602,9342.521060572473,40485332190.0
859.69819044,859.681438918271,40485332190.0
1865.1911174,1865.183396355015,40485332190.0
553.77529359,553.7492876453981,40485332190.0
1764.8055263,1764.797366096515,40485332190.0
743.64157247,743.6222065557638,40485332190.0
3445.9198602,3445.9156809862598,40485332190.0
2244.9649655,2244.958550626046,40485332190.0
1847.3552208,1847.3474252640178,40485332190.0
2143.5588744,2143.552156001449,40485332190.0
990.79575855,990.7812235450148,40485332190.0
2653.3479612,2653.3425336257387,40485332190.0
2201.0298237,2201.023280792274,40485332190.0
4071.4478847,4071.444347675738,40485332190.0
9664.3201163,9664.318626178818,40485332190.0
1411.5533652,1411.5431628505212,40485332190.0
3948.0576356,3948.053987959396,40485332190.0
1819.1493233,1819.1414069102602,40485332190.0
2127.9197673,2127.9129996069632,40485332190.0
224.06608695,224.0018060195263,40485332190.0
3449.148641,3449.144465789736,40485332190.0
4967.044327,4967.041427623181,40485332190.0
2859.7368259,2859.7317900917055,40485332190.0
1013.9647293,1013.9505264822188,40485332190.0
1842.4001885,1842.39237198371,40485332190.0
8387.7362746,8387.734557682486,40485332190.0
1297.1595657,1297.1484636339337,40485332190.0
3392.7213079,3392.7170631075332,40485332190.0
880.93889119,880.9225435840867,40485332190.0
1780.3487241,1780.3406351523379,40485332190.0
5063.2111084,5063.208264107672,40485332190.0
525.31771655,525.2903017446927,40485332190.0
558.52946794,558.5036833661322,40485332190.0
3555.0239503,3555.019899360724,40485332190.0
819.20619449,819.1886149588389,40485332190.0
14646.278812,14646.27782853541,40485332190.0
648.21310071,648.1908837035794,40485332190.0
2173.3611561,2173.35452991716,40485332190.0
4904.2363706,4904.233434134542,40485332190.0
573.64156218,573.6164569148252,40485332190.0
418.98986841,418.95549598315995,40485332190.0
11670.706457,11670.705222749652,40485332190.0
8250.0733722,8250.071626631896,40485332190.0
6097.9437183,6097.941356635212,40485332190.0
473.03265986,473.00221466389877,40485332190.0
10881.693846,10881.692522162522,40485332190.0
1566.900932,1566.8917411849839,40485332190.0
4238.0220507,4238.01865264251,40485332190.0
649.00696219,648.9847723537498,40485332190.0
775.39410226,775.3755294073312,40485332190.0
479.72801371,479.69799345528435,40485332190.0
1588.7417919,1588.7327274014046,40485332190.0
2446.6522276,2446.646341546448,40485332190.0
898.87606489,898.8600435023134,40485332190.0
464.23460848,464.20358624961966,40485332190.0
397.58070873,397.54448522811185,40485332190.0
7773.1237382,7773.121885440094,40485332190.0
333.42508157,333.38188732766594,40485332190.0
3859.0138443,3859.010112458544,40485332190.0
1493.5693624,1493.559720204838,40485332190.0
2012.3317825,2012.324626031649,40485332190.0
3522.5083379,3522.5042495964303,40485332190.0
2744.6828719,2744.677625033827,40485332190.0
334.03799782,333.99488284484977,40485332190.0
449.26760694,449.23555116796786,40485332190.0
4448.6605185,4448.6572813632165,40485332190.0
1252.1378153,1252.1263140304416,40485332190.0
587.73181094,587.7073075685852,40485332190.0
400.98601999,400.950104140977,40485332190.0
6515.8286235,6515.826413353519,40485332190.0
5259.9374323,5259.934694369225,40485332190.0
4982.9862816,4982.983391614858,40485332190.0
5414.6727899,5414.670130232277,40485332190.0
1328.3620099,1328.351168562618,40485332190.0
1087.0541379,1087.0408899614392,40485332190.0
3047.2350566,3047.2303306784797,40485332190.0
322.52126132,322.47660656145064,40485332190.0
7197.8031391,7197.801138351796,40485332190.0
6211.5902458,6211.58792741511,40485332190.0
1438.9407325,1438.9307243636076,40485332190.0
322.58160953,322.5369631333691,40485332190.0
743.34817814,743.3288045843161,40485332190.0
4840.2814985,4840.278523275927,40485332190.0
2564.3692464,2564.363630488653,40485332190.0
443.46770412,443.43522906074173,40485332190.0
3179.4885647,3179.4840352625943,40485332190.0
3759.4841951,3759.480364551568,40485332190.0
742.03157407,742.0121661430971,40485332190.0
1283.9716083,1283.9603921712298,40485332190.0
969.87670559,969.8618570858521,40485332190.0
1897.8318482,1897.8242599880286,40485332190.0
19976.332242,19976.331521003674,40485332190.0
852.40079939,852.3839044595873,40485332190.0
451.14068508,451.1087624023611,40485332190.0
1461.1174628,1461.107606596492,40485332190.0
1364.5069955,1364.4964414173426,40485332190.0
2311.301361,2311.2951301717944,40485332190.0
2596.024698,2596.0191506633487,40485332190.0
754.22048332,754.2013890461833,40485332190.0
422.3637692,422.3296713658329,40485332190.0
1295.8730563,1295.8619431377933,40485332190.0
725.81695776,725.7971162421903,40485332190.0
2710.7602471,2710.7549345533553,40485332190.0
2438.4385038,2438.4325979120185,40485332190.0
106.49430541,106.35899051846586,40485332190.0
391.03186263,390.9950324166371,40485332190.0
6229.8375457,6229.835234025882,40485332190.0
9325.3741505,9325.372606218722,40485332190.0
1861.4058313,1861.3980946464717,40485332190.0
2019.1860007,2019.1788685659487,40485332190.0
1985.1551523,1985.147897842016,40485332190.0
4588.7314211,4588.728282654521,40485332190.0
1383.603638,1383.5932295533653,40485332190.0
1029.0646095,1029.0506150763163,40485332190.0
1039.0239055,1039.0100451453975,40485332190.0
970.30367285,970.2888308770865,40485332190.0
8536.9341789,8536.932492026066,40485332190.0
6701.1331909,6701.131041902529,40485332190.0
2383.5055105,2383.4994685184533,40485332190.0
4837.0568544,4837.053877186453,40485332190.0
1611.5182362,1611.50929980816,40485332190.0
677.23895651,677.2176917287358,40485332190.0
2636.6798213,2636.6743594878367,40485332190.0
1729.0284167,1729.0200877153459,40485332190.0
1606.8598222,1606.8508599586396,40485332190.0
3216.7108059,3216.706328847034,40485332190.0
4386.4542469,4386.4509638184745,40485332190.0
3581.9543406,3581.950320154218,40485332190.0
1043.095346,1043.081539711421,40485332190.0
921.43892864,921.4232995690645,40485332190.0
738.20002988,738.1805212049047,40485332190.0
725.30313632,725.2832807438994,40485332190.0
1496.4113613,1496.4017374677603,40485332190.0
3762.5438427,3762.5400152088528,40485332190.0
1135.6695222,1135.6568414287933,40485332190.0
1460.7724779,1460.7626193456058,40485332190.0
3311.4000214,3311.395672475549,40485332190.0
3589.8694856,3589.8654740005604,40485332190.0
229.05008923,228.98720740521594,40485332190.0
3713.6731601,3713.669282285442,40485332190.0
227.34884549,227.28549300035297,40485332190.0
1097.7729705,1097.7598518810973,40485332190.0
427.04654155,427.0128176406572,40485332190.0
235.38987662,235.32868885061976,40485332190.0
727.9164394,727.8966551092203,40485332190.0
19274.81492,19274.814172937677,40485332190.0
8234.9463269,8234.944578067529,40485332190.0
472.39656345,472.3660772573631,40485332190.0
1988.9765014,1988.9692609210742,40485332190.0
1462.170154,1462.1603047444148,40485332190.0
973.73617738,973.7213877349541,40485332190.0
1218.4103965,1218.3985768919292,40485332190.0
5830.0228699,5830.020399653119,40485332190.0
2176.9627338,2176.956118485184,40485332190.0
790.55843996,790.5402233698474,40485332190.0
4161.7055208,4161.702060425333,40485332190.0
4802.9036303,4802.900631820909,40485332190.0
8313.1086938,8313.106961528438,40485332190.0
1531.4590355,1531.4496319230252,40485332190.0
4139.6937799,4139.690301067731,40485332190.0
526.67768148,526.6503374626434,40485332190.0
2349.5688711,2349.5627417939854,40485332190.0
1775.6856317,1775.6775214615377,40485332190.0
861.34916672,861.3324473126304,40485332190.0
2216.4495481,2216.4430506592043,40485332190.0
1149.9036408,1149.8911170127258,40485332190.0
230.96773818,230.9053785810712,40485332190.0
5487.7370131,5487.734388835976,40485332190.0
603.48257067,603.4587068570082,40485332190.0
1148.3454314,1148.3328905831156,40485332190.0
3375.5613291,3375.557062748976,40485332190.0
300.26362802,300.2156626310595,40485332190.0
785.05707772,785.0387334738227,40485332190.0
5979.3049855,5979.30257701812,40485332190.0
1140.5982024,1140.5855763448862,40485332190.0
2329.482727,2329.4765448087905,40485332190.0
3481.1317261,3481.1275891813225,40485332190.0
2359.1393993,2359.1332948411823,40485332190.0
1772.5265469,1772.5184222168587,40485332190.0
1335.7611133,1335.7503320542216,40485332190.0
1014.3616087,1014.3474113849669,40485332190.0
9689.3596505,9689.358164221258,40485332190.0
2786.0980031,2786.0928342343036,40485332190.0
1072.1068504,1072.093417721843,40485332190.0
408.86726459,408.83204110061416,40485332190.0
580.64868823,580.6238859422543,40485332190.0
1011.9093728,1011.8951410832012,40485332190.0
1351.8828268,1351.8721741180639,40485332190.0
669.26831957,669.2468015286912,40485332190.0
304.25060561,304.20326888232455,40485332190.0
2183.2024951,2183.1958986941527,40485332190.0
7059.5577439,7059.555703928842,40485332190.0
8544.4695703,8544.467884860898,40485332190.0
832.33970544,832.3224032911194,40485332190.0
505.37930966,505.35081320939685,40485332190.0
4655.8106257,4655.807532577809,40485332190.0
6950.6364405,6950.634368582583,40485332190.0
1525.0896102,1525.0801674174256,40485332190.0
1287.0962152,1287.0850263479206,40485332190.0
397.68518888,397.64897488788864,40485332190.0
1796.7647252,1796.7567102210116,40485332190.0
1582.1636621,1582.1545599743602,40485332190.0
459.88811013,459.85679468368204,40485332190.0
2930.5167218,2930.5118076272893,40485332190.0
1247.1083922,1247.0968445735662,40485332190.0
753.47247851,753.4533652847757,40485332190.0
5374.4093542,5374.406674646391,40485332190.0
426.5773241,426.54356308681935,40485332190.0
9477.0351227,9477.033603113356,40485332190.0
440.13315919,440.10043808236315,40485332190.0
14583.577322,14583.576335049374,40485332190.0
1486.4571728,1486.4474846030437,40485332190.0
10713.35533,10713.35398511325,40485332190.0
620.6044256,620.5812201895873,40485332190.0
4492.5010523,4492.497846683173,40485332190.0
3502.0674104,3502.0632982043217,40485332190.0
1808.9946383,1808.9866774805766,40485332190.0
3729.5406149,3729.5367535405535,40485332190.0
1254.487031,1254.4755513173159,40485332190.0
5382.9547829,5382.952107569854,40485332190.0
2254.9297219,2254.923335394604,40485332190.0
1885.0091793,1885.0015394560767,40485332190.0
6216.6401401,6216.637823570781,40485332190.0
2706.3270113,2706.321689999238,40485332190.0
4988.7116885,4988.708801785709,40485332190.0
845.33240184,845.3153656445427,40485332190.0
1246.6897369,1246.6781852974327,40485332190.0
1842.6907929,1842.6829776248053,40485332190.0
418.63516016,418.60075860090467,40485332190.0
682.0508584,682.0297436590888,40485332190.0
3280.3519529,3280.3475627145567,40485332190.0
2087.719229,2087.7123308977802,40485332190.0
1197.1236392,1197.1116093664496,40485332190.0
5569.1170789,5569.114492952815,40485332190.0
1898.2897598,1898.2821734512024,40485332190.0
1985.0943346,1985.0870799561624,40485332190.0
358.97671721,358.93659784405855,40485332190.0
314.24497521,314.19914421983094,40485332190.0
2223.941771,2223.935295540003,40485332190.0
383.10243866,383.06484606501397,40485332190.0
596.46601526,596.4418707100608,40485332190.0
2622.9895297,2622.984039372444,40485332190.0
4679.2799216,4679.276843944222,40485332190.0
1013.7480431,1013.7338371952987,40485332190.0
6346.1885087,6346.186239451564,40485332190.0
1130.7222874,1130.7095511458251,40485332190.0
1182.4629568,1182.4507778192815,40485332190.0
1748.4722755,1748.4640390831055,40485332190.0
794.66741118,794.6492887860802,40485332190.0
5279.6151442,5279.612416576622,40485332190.0
1470.7828552,1470.7730636693295,40485332190.0
1296.2165105,1296.205400277724,40485332190.0
2422.1718069,2422.165861336825,40485332190.0
5313.7601665,5313.757456343599,40485332190.0
684.24850646,684.2274595339377,40485332190.0
2024.3878702,2024.380756416643,40485332190.0
6407.618868,6407.616620553725,40485332190.0
1680.1897581,1680.181186946332,40485332190.0
5754.0926449,5754.090142121083,40485332190.0
474.16733685,474.1369645106704,40485332190.0
6857.0721785,6857.070078301707,40485332190.0
2902.9632314,2902.9582705448997,40485332190.0
13304.250069,13304.248986497541,40485332190.0
2142.4397202,2142.4329983662988,40485332190.0
13455.89285,13455.891780051192,40485332190.0
4124.1461438,4124.142651883463,40485332190.0
2303.9085059,2303.9022551226517,40485332190.0
9466.2710617,9466.269540398107,40485332190.0
2206.9787027,2206.9721774337904,40485332190.0
6406.3537935,6406.351545559581,40485332190.0
752.95762275,752.9384964533256,40485332190.0
561.31350529,561.2878486127385,40485332190.0
2798.6148296,2798.6096837110167,40485332190.0
1858.5046419,1858.4968930303085,40485332190.0
12627.241213,12627.240073291407,40485332190.0
6275.3492708,6275.346975920345,40485332190.0
2631.0400407,2631.0345670999036,40485332190.0
563.25465203,563.2290837682779,40485332190.0
10358.531089,10358.529698332539,40485332190.0
2403.8298422,2403.8238512959792,40485332190.0
9836.3973807,9836.395916695164,40485332190.0
1797.2245825,1797.216569544175,40485332190.0
3314.9804284,3314.9760842064265,40485332190.0
1539.1979457,1539.1885894078696,40485332190.0
829.56005712,829.5426969936146,40485332190.0
4232.5534459,4232.550043511101,40485332190.0
11065.227387,11065.226085562446,40485332190.0
3051.377,3051.3722803952073,40485332190.0
2032.454052,2032.4469664010553,40485332190.0
1367.8491658,1367.838637449006,40485332190.0
278.95506169,278.90343171258843,40485332190.0
1629.4656725,1629.4568344944678,40485332190.0
14556.386135,14556.385145671362,40485332190.0
3357.7048943,3357.70060537105,40485332190.0
963.39872358,963.3837752235254,40485332190.0
3715.7498965,3715.7460207982845,40485332190.0
1305.7971483,1305.7861196403737,40485332190.0
242.25554528,242.19609203561546,40485332190.0
1664.1303791,1664.121725203912,40485332190.0
452.7061927,452.6743804181569,40485332190.0
10007.163172,10007.161732040953,40485332190.0
1662.455207,1662.446544336736,40485332190.0
2034.9043224,2034.8972452816236,40485332190.0
1400.6158102,1400.6055281656854,40485332190.0
9191.8046053,9191.803038529299,40485332190.0
2569.8009322,2569.7953282284675,40485332190.0
1663.1949978,1663.1863390844132,40485332190.0
4827.8880294,4827.88504650384,40485332190.0
4451.1352506,4451.132015163484,40485332190.0
1053.2871677,1053.2734950160252,40485332190.0
1688.5432523,1688.5347235996442,40485332190.0
1010.0355005,1010.0212423505914,40485332190.0
7406.478707,7406.4767626226485,40485332190.0
417.22995957,417.195442138794,40485332190.0
3272.3783462,3272.373945361355,40485332190.0
638.44525251,638.4226955777048,40485332190.0
299.76438716,299.7163418705588,40485332190.0
1329.4321046,1329.4212720499436,40485332190.0
5085.7419399,5085.7391082394115,40485332190.0
8932.4679792,8932.466366940671,40485332190.0
13004.737047,13004.735939678334,40485332190.0
2210.2703561,2210.263840452342,40485332190.0
710.61843277,710.5981668810252,40485332190.0
187.14705984,187.07009324864984,40485332190.0
1792.4814569,1792.4734226111977,40485332190.0
358.39952075,358.3593367749646,40485332190.0
2270.755086,2270.748743940688,40485332190.0
596.686896,596.6627603920479,40485332190.0
6115.2613625,6115.259007606073,40485332190.0
685.07334295,685.0523213552106,40485332190.0
879.35841616,879.342039171887,40485332190.0
4511.1032972,4511.10010485759,40485332190.0
865.21136486,865.19472008463,40485332190.0
998.20625968,998.1918325916639,40485332190.0
670.61807127,670.596596546059,40485332190.0
424.13416331,424.1002078140175,40485332190.0
4469.7862158,4469.782993892801,40485332190.0
1339.0443039,1339.0335490830005,40485332190.0
513.20690481,513.1788430244469,40485332190.0
2543.6061851,2543.600523481416,40485332190.0
2921.860217,2921.8552882803015,40485332190.0
5646.1351055,5646.132554880807,40485332190.0
2446.8134586,2446.8075729734755,40485332190.0
8257.8405315,8257.838787567365,40485332190.0
1853.27803,1853.2702593875242,40485332190.0
1033.8754959,1033.861566589214,40485332190.0
5391.718454,5391.715783052081,40485332190.0
1652.6056743,1652.59696012727,40485332190.0
2389.0843495,2389.0783216516165,40485332190.0
1051.0151699,1051.001467725261,40485332190.0
2747.6953118,2747.6900705665626,40485332190.0
6829.7244571,6829.722348520901,40485332190.0
7880.0812406,7880.079413122496,40485332190.0
530.61020044,530.5830590813782,40485332190.0
461.79316222,461.7619759721842,40485332190.0
2689.412725,2689.4073702331366,40485332190.0
1259.7300684,1259.7186364135057,40485332190.0
1202.6675515,1202.6555772199654,40485332190.0
1363.6888268,1363.678266357071,40485332190.0
3341.1824561,3341.1781459449576,40485332190.0
1275.1689792,1275.1576855987585,40485332190.0
684.88201336,684.8609858985068,40485332190.0
655.28901637,655.2670392712374,40485332190.0
8888.2352748,8888.233654512971,40485332190.0
491.7769743,491.74768960261804,40485332190.0
587.35662924,587.3321102118009,40485332190.0
5710.3100197,5710.307497716208,40485332190.0
434.99008496,434.95697694983994,40485332190.0
464.6816912,464.6506988196844,40485332190.0
901.58759002,901.5716168292587,40485332190.0
836.61941614,836.6022025080617,40485332190.0
1123.8170085,1123.8041939334282,40485332190.0
4948.9819074,4948.978997501894,40485332190.0
3937.1143039,3937.1106461525724,40485332190.0
3701.0180868,3701.0141957468654,40485332190.0
1127.399925,1127.3871512143169,40485332190.0
16466.163354,16466.162479304065,40485332190.0
3165.5460065,3165.541457217727,40485332190.0
374.80029542,374.76187002700226,40485332190.0
445.12157256,445.08921818041216,40485332190.0
1216.6428898,1216.6310529819905,40485332190.0
1831.9035813,1831.8957200268585,40485332190.0
2616.8510624,2616.845559224707,40485332190.0
1479.9955643,1479.9858337032783,40485332190.0
1092.7577188,1092.7445400681422,40485332190.0
817.48685603,817.4692395204834,40485332190.0
797.16733586,797.1492703025981,40485332190.0
1724.9763349,1724.967986357853,40485332190.0
1243.7512714,1243.7396925591506,40485332190.0
746.45902125,746.4397284347049,40485332190.0
930.75790682,930.7424342339264,40485332190.0
5310.0168755,5310.014163393093,40485332190.0
10881.7648,10881.763477000422,40485332190.0
1168.8823248,1168.8700043227484,40485332190.0
478.17979756,478.1496800911931,40485332190.0
5271.6385076,5271.635775802071,40485332190.0
681.37252098,681.351385214374,40485332190.0
10203.967127,10203.965715991953,40485332190.0
232.39578338,232.33380708388222,40485332190.0
13062.703757,13062.702654271265,40485332190.0
1146.2002527,1146.1876884382468,40485332190.0
1982.5738078,1982.5665439674492,40485332190.0
1163.2717479,1163.2593680295413,40485332190.0
1253.7893036,1253.7778175585495,40485332190.0
2930.0302268,2930.0253117892985,40485332190.0
1159.0549825,1159.0425575341062,40485332190.0
7533.520313,7533.518401433125,40485332190.0
3916.2654917,3916.261814439826,40485332190.0
1062.2815996,1062.268042703857,40485332190.0
360.20015896,360.1601758917223,40485332190.0
411.42981792,411.39481384085434,40485332190.0
954.34796726,954.3328771388047,40485332190.0
6800.4317011,6800.429583478957,40485332190.0
5659.627166,5659.624621437909,40485332190.0
943.50580216,943.4905386280594,40485332190.0
1484.4618881,1484.45218684215,40485332190.0
263.68355779,263.62893700674033,40485332190.0
3866.2321524,3866.2284275976212,40485332190.0
1344.8362976,1344.825589135134,40485332190.0
680.88419644,680.8630455093797,40485332190.0
705.83975075,705.8193476516585,40485332190.0
2321.445579,2321.4393754577336,40485332190.0
1402.9374175,1402.9271525153,40485332190.0
1705.4118502,1705.4034058710033,40485332190.0
372.77465231,372.7360180852348,40485332190.0
884.36913899,884.352854794614,40485332190.0
2135.8003666,2135.793623852236,40485332190.0
1354.7326811,1354.7220507916752,40485332190.0
641.1975185,641.1750583994859,40485332190.0
3786.4965046,3786.492701341518,40485332190.0
375.48133014,375.4429744476737,40485332190.0
1232.5626838,1232.5509998858624,40485332190.0
978.48264457,978.4679266678072,40485332190.0
8061.722083,8061.720296645413,40485332190.0
835.43041385,835.4131757178961,40485332190.0
1161.5501162,1161.5377179593816,40485332190.0
6083.6595295,6083.65716230845,40485332190.0
594.34075466,594.3165237756053,40485332190.0
1652.0866585,1652.077941556087,40485332190.0
1062.9308606,1062.9173119282207,40485332190.0
2688.0447891,2688.0394316081565,40485332190.0
1264.3698089,1264.3584188839634,40485332190.0
314.90662075,314.8608860662927,40485332190.0
3768.559796,3768.5559745722576,40485332190.0
1346.9852707,1346.9745793171153,40485332190.0
2834.3143104,2834.3092294011753,40485332190.0
3738.6420893,3738.6382373173665,40485332190.0
3239.2822789,3239.27783321183,40485332190.0
5465.9034293,5465.9007945736075,40485332190.0
3317.4720356,3317.4676945878737,40485332190.0
539.74109413,539.714411955067,40485332190.0
104.65567302,104.51797776772298,40485332190.0
1286.9964161,1286.985226382104,40485332190.0
1022.7587051,1022.7446243408721,40485332190.0
6637.6884633,6637.686293724537,40485332190.0
946.47812714,946.4629115440927,40485332190.0
21841.128631,21841.127971114805,40485332190.0
1856.6714019,1856.6636455254004,40485332190.0
1010.716531,1010.7022824137105,40485332190.0
1009.4057304,1009.3914633373253,40485332190.0
5192.1305395,5192.127765885858,40485332190.0
2334.5368263,2334.530657595279,40485332190.0
2383.7582723,2383.752230943933,40485332190.0
1188.3757515,1188.3636330997556,40485332190.0
524.02619673,523.9987143514363,40485332190.0
460.07067081,460.0393677979468,40485332190.0
400.76986636,400.7339311321343,40485332190.0
1553.3960365,1553.386765781746,40485332190.0
3321.3715554,3321.367219512305,40485332190.0
434.24607328,434.2129085312423,40485332190.0
1734.308674,1734.3003702856652,40485332190.0
2796.7198271,2796.7146777530775,40485332190.0
1037.2806401,1037.2667565170286,40485332190.0
1243.4235452,1243.4119633625885,40485332190.0
2503.9014456,2503.895694063888,40485332190.0
723.26159469,723.2416830689118,40485332190.0
2310.1966372,2310.1904035237517,40485332190.0
446.79417688,446.7619436300383,40485332190.0
11943.480985,11943.479779222313,40485332190.0
9041.0961244,9041.094531600636,40485332190.0
1500.9607632,1500.951168637202,40485332190.0
815.86464272,815.8469911899879,40485332190.0
690.02734108,690.0064704169516,40485332190.0
3415.7339781,3415.729761988392,40485332190.0
244.45778521,244.39886769543318,40485332190.0
1800.1579424,1800.1499424820431,40485332190.0
1913.8721048,1913.8645802061715,40485332190.0
2894.0206915,2894.0157154100348,40485332190.0
345.85535298,345.81371136520744,40485332190.0
812.23091806,812.2131875537841,40485332190.0
2361.6552932,2361.6491952914666,40485332190.0
507.0066352,506.9782302261639,40485332190.0
367.07263563,367.0334012240108,40485332190.0
22571.356131,22571.3554921758,40485332190.0
8799.672605,8799.67096853597,40485332190.0
1049.8541675,1049.8404502148205,40485332190.0
1538.4967758,1538.4874152011764,40485332190.0
1626.9193746,1626.9105228885207,40485332190.0
1169.7456532,1169.7333417558089,40485332190.0
578.50764993,578.482755839108,40485332190.0
500.42186655,500.3930877803141,40485332190.0
678.65690487,678.6356845182031,40485332190.0
12810.61899,12810.617865953269,40485332190.0
520.76737169,520.739717329131,40485332190.0
1950.797963,1950.7905808087323,40485332190.0
1877.5508234,1877.5431531697575,40485332190.0
385.84091272,385.80358695787515,40485332190.0
9821.5445775,9821.54311120809,40485332190.0
546.32151879,546.2951580179639,40485332190.0
7839.2339684,7839.232131433578,40485332190.0
1688.6357495,1688.627221205879,40485332190.0
1438.0644799,1438.0544656674886,40485332190.0
985.73912563,985.7245160715083,40485332190.0
749.0522481,749.0330220796391,40485332190.0
5441.9550501,5441.95240383305,40485332190.0
2173.9606705,2173.954046140835,40485332190.0
760.63313705,760.6142037639784,40485332190.0
1193.3438282,1193.3317602750378,40485332190.0
605.54703259,605.5232501327121,40485332190.0
1369.7830693,1369.772555783157,40485332190.0
1927.351053,1927.3435810568362,40485332190.0
1292.4205647,1292.409421852147,40485332190.0
434.05614601,434.0229667494657,40485332190.0
1710.2715706,1710.2631501976962,40485332190.0
310.35813678,310.3117317238673,40485332190.0
812.47308381,812.4553585909204,40485332190.0
1361.1188132,1361.1082328085674,40485332190.0
447.05750611,447.0252918374922,40485332190.0
1271.639297,1271.6279721367953,40485332190.0
1663.5959595,1663.5873029175305,40485332190.0
827.57467695,827.5572751777771,40485332190.0
2877.7940641,2877.789059836567,40485332190.0
1718.4121153,1718.403734877929,40485332190.0
1094.9510742,1094.9379218221054,40485332190.0
2225.5180054,2225.5115344328997,40485332190.0
2788.3674379,2788.362273280971,40485332190.0
7233.2654615,7233.263470486772,40485332190.0
600.8402398,600.8162710339712,40485332190.0
494.03296352,494.0038125616417,40485332190.0
2796.2601968,2796.255046603631,40485332190.0
11346.824952,11346.823682865555,40485332190.0
1024.5349433,1024.5208869107576,40485332190.0
463.98936562,463.9583269968662,40485332190.0
679.67774666,679.6565581819126,40485332190.0
2045.6412005,2045.6341605119171,40485332190.0
1132.860811,1132.8480988547956,40485332190.0
4495.0242661,4495.021062297812,40485332190.0
3821.2545707,3821.250801972511,40485332190.0
733.1733349,733.1536924749272,40485332190.0
2841.0095269,2841.0044578924844,40485332190.0
483.38811017,483.3583172316068,40485332190.0
1786.9433962,1786.93533708455,40485332190.0
769.53945785,769.5207436954016,40485332190.0
20812.476558,20812.47586653203,40485332190.0
2088.6439192,2088.6370241794007,40485332190.0
3535.2968143,3535.2927407955467,40485332190.0
1006.1337356,1006.1194221569604,40485332190.0
2547.6690572,2547.663404464887,40485332190.0
1446.0607846,1446.050825659168,40485332190.0
9576.4483078,9576.446804021314,40485332190.0
1194.1715903,1194.1595306949202,40485332190.0
1468.6800631,1468.6702575979248,40485332190.0
311.2630326,311.21676247379804,40485332190.0
469.333073,469.30238779486615,40485332190.0
6581.5792189,6581.577030849476,40485332190.0
716.16936518,716.1492563759576,40485332190.0
455.39785955,455.3662353136787,40485332190.0
3257.253541,3257.249119757955,40485332190.0
1457.5554122,1457.5455318203267,40485332190.0
2618.0285258,2618.0230250081427,40485332190.0
2450.8852822,2450.8794062986726,40485332190.0
1159.1373856,1159.1249615473744,40485332190.0
1396.1774799,1396.1671651804188,40485332190.0
1136.8481956,1136.8355279871678,40485332190.0
3078.8950955,3078.8904181253038,40485332190.0
7574.1336661,7574.131764720879,40485332190.0
1813.61159,1813.6036494571767,40485332190.0
4552.9979199,4552.994756900979,40485332190.0
866.34270781,866.3260847737315,40485332190.0
2250.564474,2250.558075042063,40485332190.0
2853.0308719,2853.025824302928,40485332190.0
466.36485812,466.3339776104659,40485332190.0
126.99007594,126.87662182802937,40485332190.0
1828.9001397,1828.8922654441014,40485332190.0
728.69823976,728.678476706469,40485332190.0
3211.8275414,3211.8230576097853,40485332190.0
3609.6823641,3609.6783744729414,40485332190.0
1209.9328061,1209.9209036459326,40485332190.0
713.78407396,713.7638979543116,40485332190.0
2315.6773418,2315.6711228474683,40485332190.0
4508.5978532,4508.594659055115,40485332190.0
4005.1711826,4005.1675870263216,40485332190.0
1122.8725764,1122.8597510734307,40485332190.0
410.31654185,410.2814427831371,40485332190.0
1793.6905795,1793.6825507239766,40485332190.0
5200.0010576,5199.9982881617,40485332190.0
975.1737115,975.1589436441346,40485332190.0
1525.6960655,1525.6866264069765,40485332190.0
2661.9063518,2661.900941731168,40485332190.0
3024.1483025,3024.1435404603753,40485332190.0
4487.6725089,4487.669299862286,40485332190.0
290.35625695,290.3066546410893,40485332190.0
665.64178325,665.6201479749953,40485332190.0
504.32691959,504.298363670018,40485332190.0
1441.9699417,1441.959954530992,40485332190.0
1336.7778413,1336.767068245349,40485332190.0
2950.5554852,2950.550604392458,40485332190.0
3220.0786674,3220.0741950960432,40485332190.0
6347.9865541,6347.984285493764,40485332190.0
3629.1382842,3629.134315998707,40485332190.0
944.18962371,944.1743712461655,40485332190.0
708.64288599,708.6225636009269,40485332190.0
9348.2720593,9348.270518801746,40485332190.0
8847.1328285,8847.131200639747,40485332190.0
740.7371506,740.7177087584549,40485332190.0
1039.5416247,1039.527771284201,40485332190.0
3584.4777755,3584.4737578264935,40485332190.0
444.62938147,444.5969912736291,40485332190.0
655.31155357,655.2895772188016,40485332190.0
2164.5565982,2164.549945016443,40485332190.0
647.99160484,647.9693802370709,40485332190.0
525.8691459,525.8417598466295,40485332190.0
1286.6101066,1286.5989134889671,40485332190.0
982.91420439,982.8995528448995,40485332190.0
1136.5395744,1136.5269033673244,40485332190.0
2495.0246767,2495.018904804887,40485332190.0
1137.7950849,1137.7824277872896,40485332190.0
446.10588431,446.07360132867575,40485332190.0
7109.9052585,7109.903232963316,40485332190.0
1272.7233296,1272.712014331027,40485332190.0
2414.963242,2414.9572787186826,40485332190.0
431.36749405,431.33410798198344,40485332190.0
3672.6137017,3672.6097804987894,40485332190.0
758.80633086,758.7873519929324,40485332190.0
1178.6854204,1178.6732023778698,40485332190.0
373.66478108,373.62623890590237,40485332190.0
1154.7299284,1154.717456905172,40485332190.0
517.79108533,517.7632719902175,40485332190.0
2555.0128019,2555.007165496118,40485332190.0
846.74327717,846.7262693596018,40485332190.0
783.22457353,783.2061863652406,40485332190.0
381.46835635,381.4306027004853,40485332190.0
3855.6978635,3855.6941284481327,40485332190.0
1287.4738409,1287.4626553088253,40485332190.0
2764.5921296,2764.586920500239,40485332190.0
2781.5740478,2781.56887042592,40485332190.0
1672.3343892,1672.325777759653,40485332190.0
2575.2484936,2575.242901503092,40485332190.0
848.88390216,848.8669372327612,40485332190.0
592.39058298,592.366272328124,40485332190.0
1056.7369381,1056.7233101076263,40485332190.0
4162.2575951,4162.254135232885,40485332190.0
276.56623407,276.51415806581844,40485332190.0
2123.5843069,2123.5775253653924,40485332190.0
3355.1504601,3355.146167863563,40485332190.0
2045.0610365,2045.0539946379233,40485332190.0
3688.7480646,3688.7441605854406,40485332190.0
860.39342777,860.3766897833879,40485332190.0
1258.3497745,1258.3383300509488,40485332190.0
1157.9630737,1157.9506370739912,40485332190.0
357.21903783,357.17872103879694,40485332190.0
610.02948943,610.0058817305429,40485332190.0
1348.336062,1348.325381359635,40485332190.0
3696.1981528,3696.194256647674,40485332190.0
3323.1461997,3323.141866114298,40485332190.0
1598.4472926,1598.4382831766109,40485332190.0
1121.1608703,1121.1480254311605,40485332190.0
1199.7094929,1199.6974889811256,40485332190.0
2691.1063466,2691.1009952837667,40485332190.0
3166.9608199,3166.956272653178,40485332190.0
2901.037443,2901.032478810674,40485332190.0
456.38438021,456.352824338689,40485332190.0
833.0026378,832.9853494303028,40485332190.0
6355.4789638,6355.476697872121,40485332190.0
1260.4167838,1260.405358096336,40485332190.0
521.15364703,521.1260131610445,40485332190.0
5032.7698469,5032.766985511107,40485332190.0
1377.3151526,1377.3046966898496,40485332190.0
9927.7454183,9927.743967692722,40485332190.0
1624.6921626,1624.6832986362524,40485332190.0
1142.8504855,1142.8378843522166,40485332190.0
1686.2416178,1686.233077480563,40485332190.0
1876.7468238,1876.7391503499196,40485332190.0
2850.4623372,2850.4572850019845,40485332190.0
1542.6087061,1542.5993704936734,40485332190.0
1289.1054496,1289.0942781581973,40485332190.0
359.87571712,359.83569799944036,40485332190.0
181.75781978,181.6785700950367,40485332190.0
2787.8350766,2787.8299108842116,40485332190.0
891.03539622,891.0192338503866,40485332190.0
924.73584658,924.7202732336842,40485332190.0
1302.9758607,1302.9648081146106,40485332190.0
723.62753686,723.6076353119839,40485332190.0
3019.9476447,3019.9428759913967,40485332190.0
341.57141551,341.52925156717964,40485332190.0
1879.3779001,1879.3702373686326,40485332190.0
2922.2931663,2922.2882383032456,40485332190.0
1227.7318652,1227.7201353707896,40485332190.0
2555.556277,2555.5506417393576,40485332190.0
6587.8251504,6587.82296432895,40485332190.0
7529.3895112,7529.387598562905,40485332190.0
1031.293934,1031.279969769382,40485332190.0
889.84585387,889.8296698973418,40485332190.0
410.2489333,410.21382845108485,40485332190.0
864.93010077,864.9134505808142,40485332190.0
2663.9683864,2663.96298048897,40485332190.0
1775.8415711,1775.8334616418306,40485332190.0
1097.4890291,1097.4759071328708,40485332190.0
969.45749439,969.4426394626463,40485332190.0
2790.1591685,2790.1540070547053,40485332190.0
878.48121064,878.4648173004975,40485332190.0
333.1819884,333.13876263654885,40485332190.0
3749.521251,3749.5174102706897,40485332190.0
2643.6148309,2643.6093833569553,40485332190.0
2012.3905921,2012.3834358676884,40485332190.0
1061.0481847,1061.0346121040104,40485332190.0
3260.992137,3260.987720814213,40485332190.0
3144.6799601,3144.675380615472,40485332190.0
1449.3844686,1449.3745325004309,40485332190.0
281.65572181,281.6045869816551,40485332190.0
2600.4666527,2600.4611148271106,40485332190.0
413.72319338,413.68838335239457,40485332190.0
2872.7703147,2872.7653017541193,40485332190.0
649.31816092,649.2959817254706,40485332190.0
4029.119602,4029.1160277135173,40485332190.0
876.55465363,876.5382242555638,40485332190.0
3830.9911044,3830.987345258375,40485332190.0
213.69999734,213.63259733583206,40485332190.0
1403.2123709,1403.2021078601795,40485332190.0
709.64717474,709.6268811139722,40485332190.0
1261.6378067,1261.6263920487318,40485332190.0
2860.6172191,2860.612184761991,40485332190.0
2102.1064489,2102.0995980957127,40485332190.0
921.3175333,921.3019021697386,40485332190.0
2342.9271869,2342.9210402524805,40485332190.0
253.75556928,253.69881103468924,40485332190.0
4957.8479513,4957.845046672811,40485332190.0
12176.095719,12176.094536527593,40485332190.0
1549.57061,1549.5613163323203,40485332190.0
2177.5422436,2177.535630198457,40485332190.0
254.429392,254.372784103318,40485332190.0
2049.9213148,2049.9142895658183,40485332190.0
2012.6745512,2012.6673959898849,40485332190.0
1141.6152586,1141.6026438750325,40485332190.0
3809.0099467,3809.0061658217624,40485332190.0
1011.7200629,1011.7058285377141,40485332190.0
2457.0120039,2457.0061426209368,40485332190.0
1717.9090857,1717.900702791116,40485332190.0
6572.6878324,6572.685641392952,40485332190.0
515.21390361,515.1859511394902,40485332190.0
1897.3472497,1897.3396595250006,40485332190.0
1302.2501997,1302.2391410303615,40485332190.0
1143.9285858,1143.9159966022253,40485332190.0
4729.0134191,4729.01037381926,40485332190.0
536.07702365,536.0501590970954,40485332190.0
15062.98278,15062.981823724644,40485332190.0
1494.6119487,1494.6023133203857,40485332190.0
1613.84305,1613.834126422463,40485332190.0
1662.8144711,1662.8058103330634,40485332190.0
6070.925989,6070.923616858396,40485332190.0
4495.6665067,4495.66330330599,40485332190.0
393.66913833,393.6325548687517,40485332190.0
4742.4363864,4742.4333497336,40485332190.0
1518.161178,1518.1516921691384,40485332190.0
760.46356272,760.4446252068626,40485332190.0
7380.6102725,7380.6083213001,40485332190.0
2627.5680948,2627.5626140625427,40485332190.0
720.79661077,720.7766310576928,40485332190.0
3993.2867971,3993.283190782812,40485332190.0
18195.082964,18195.08217199861,40485332190.0
2078.7159843,2078.7090564190016,40485332190.0
1748.9230994,1748.9148651559,40485332190.0
920.20102415,920.1853740640295,40485332190.0
484.15563227,484.12588656584256,40485332190.0
3975.2993083,3975.2956856087626,40485332190.0
730.54138495,730.5216717559651,40485332190.0
324.8643189,324.81998626068975,40485332190.0
515.58332004,515.5553876064595,40485332190.0
2687.1755972,2687.170237914777,40485332190.0
4890.496785,4890.493840319124,40485332190.0
1221.1782796,1221.1664867223506,40485332190.0
2068.9317292,2068.9247685015002,40485332190.0
560.35147546,560.3257747303593,40485332190.0
3541.6334289,3541.6293626552847,40485332190.0
1867.3445527,1867.3368406250074,40485332190.0
3024.99034,3024.9855792784156,40485332190.0
2908.2979882,2908.293036409089,40485332190.0
199.32570008,199.25343784394545,40485332190.0
991.0960588,991.0815282029929,40485332190.0
1213.6513062,1213.6394401878335,40485332190.0
1610.6971488,1610.6882077998055,40485332190.0
164.66940549,164.58192758084326,40485332190.0
3195.1639397,3195.159432586023,40485332190.0
270.6412462,270.5880299040549,40485332190.0
1331.750012,1331.7391982773604,40485332190.0
700.04227617,700.0217040935897,40485332190.0
2636.2953168,2636.2898541634063,40485332190.0
657.90888491,657.8869953286372,40485332190.0
2739.9468173,2739.941561262315,40485332190.0
7463.1336358,7463.131706111273,40485332190.0
344.25156163,344.2097259905395,40485332190.0
6351.4655917,6351.463324283556,40485332190.0
5557.6866847,5557.684093492915,40485332190.0
1047.411338,1047.397588699397,40485332190.0
8570.1083519,8570.106671444408,40485332190.0
882.03740954,882.0210822894115,40485332190.0
1977.9871751,1977.979894447135,40485332190.0
4113.4533622,4113.449861172892,40485332190.0
9417.4021533,9417.400624117314,40485332190.0
5095.6042188,5095.601392698661,40485332190.0
1144.8295129,1144.8169335305688,40485332190.0
6414.6689422,6414.666697125492,40485332190.0
1349.9355048,1349.924836727193,40485332190.0
3143.5407785,3143.5361973116865,40485332190.0
1059.220441,1059.2068449205497,40485332190.0
2193.5047806,2193.4982152547727,40485332190.0
1435.2353508,1435.2253167670108,40485332190.0
512.82300233,512.79491953432,40485332190.0
995.81911554,995.8046538600123,40485332190.0
2055.9610514,2055.9540468227246,40485332190.0
1029.1631551,1029.1491619235055,40485332190.0
4563.0697037,4563.066547704063,40485332190.0
1160.8802418,1160.867836342894,40485332190.0
691.53279927,691.5119740479214,40485332190.0
3446.5257816,3446.5216031613086,40485332190.0
805.97096487,805.953096646281,40485332190.0
798.88580205,798.8677753485725,40485332190.0
4258.4341958,4258.430814074403,40485332190.0
1495.3859055,1495.3762750152466,40485332190.0
1746.5155896,1746.5073439465343,40485332190.0
1814.2177749,1814.2098369211324,40485332190.0
6535.2489507,6535.246747035985,40485332190.0
3694.0828981,3694.0789996104113,40485332190.0
2289.6997599,2289.6934703068046,40485332190.0
4661.842525,4661.839435870728,40485332190.0
4675.2628414,4675.259761164695,40485332190.0
292.95578564,292.9066235516314,40485332190.0
2530.0378916,2530.0321995418353,40485332190.0
1847.349627,1847.3418314920168,40485332190.0
1035.6191643,1035.605258457898,40485332190.0
10544.962448,10544.96108259627,40485332190.0
6270.1860437,6270.183746965224,40485332190.0
224.51199674,224.4478435221141,40485332190.0
5513.6557487,5513.653136822912,40485332190.0
243.21475235,243.15553364742559,40485332190.0
1223.6335637,1223.6217944811783,40485332190.0
914.99966063,914.9839215702433,40485332190.0
1457.7971141,1457.7872353446242,40485332190.0
944.28654868,944.2712977687097,40485332190.0
1927.5133096,1927.5058382468474,40485332190.0
2850.8787791,2850.8737276997476,40485332190.0
1408.8392319,1408.8290099048038,40485332190.0
3546.1598004,3546.155739371226,40485332190.0
966.57826722,966.563368038983,40485332190.0
446.05885301,446.0265666225529,40485332190.0
1580.8426893,1580.8335795083094,40485332190.0
1407.5826675,1407.572436326021,40485332190.0
204.2705844,204.2000720703278,40485332190.0
1120.1158256,1120.1029687176247,40485332190.0
2262.6958997,2262.689535108995,40485332190.0
202.19664404,202.12540819957024,40485332190.0
1658.7263738,1658.717691774044,40485332190.0
2733.193219,2733.1879500400446,40485332190.0
3435.7657053,3435.761513830949,40485332190.0
4233.6134217,4233.610020111177,40485332190.0
1143.6686218,1143.656029697685,40485332190.0
7652.5824122,7652.5805303467105,40485332190.0
1797.1789622,1797.1709490237786,40485332190.0
1091.8184722,1091.805282106447,40485332190.0
443.33369895,443.30121407684265,40485332190.0
2617.8268649,2617.8213637716904,40485332190.0
391.89532196,391.85857290086284,40485332190.0
932.8785234,932.863085989313,40485332190.0
2771.8355348,2771.830339281294,40485332190.0
763.34119109,763.3223249689281,40485332190.0
1628.3059284,1628.2970841505899,40485332190.0
850.94407861,850.9271547530103,40485332190.0
2094.8113385,2094.8044638075316,40485332190.0
2230.5797552,2230.5732989554,40485332190.0
736.84469955,736.8251549952719,40485332190.0
3680.5959936,3680.592080825348,40485332190.0
403.96394406,403.92829299665215,40485332190.0
778.43824873,778.4197485025018,40485332190.0
500.28660963,500.25782308881276,40485332190.0
2128.9114743,2128.904709742269,40485332190.0
2379.5098603,2379.503808108667,40485332190.0
1030.9757274,1030.96175890186,40485332190.0
7812.0083108,7812.006467323184,40485332190.0
923.89831559,923.8827281251229,40485332190.0
7063.1639811,7063.161942213315,40485332190.0
638.85576071,638.8332182718568,40485332190.0
1798.7167903,1798.7087838801424,40485332190.0
2729.3317558,2729.3264793844805,40485332190.0
2477.3040811,2477.2982679287857,40485332190.0
210.68238312,210.61401743182884,40485332190.0
956.73046144,956.7154089033143,40485332190.0
701.15167375,701.1311342270318,40485332190.0
2000.9116822,2000.9044849688155,40485332190.0
1034.06244,1034.0485131111086,40485332190.0
1190.100769,1190.0886681375835,40485332190.0
13341.364159,13341.363079704548,40485332190.0
717.89640613,717.8763457020128,40485332190.0
6256.7942418,6256.791940158098,40485332190.0
1182.626973,1182.6147957166254,40485332190.0
526.06445295,526.0370770521613,40485332190.0
1238.3664183,1238.3547890699115,40485332190.0
2214.1568102,2214.1503061088997,40485332190.0
5599.7245974,5599.722025659005,40485332190.0
5065.9489591,5065.946116380678,40485332190.0
358.1483694,358.10815724064963,40485332190.0
1504.3093533,1504.2997800840233,40485332190.0
9318.0938155,9318.092269990713,40485332190.0
819.12368722,819.1061059170402,40485332190.0
314.06859251,314.02273577030536,40485332190.0
1290.3362712,1290.3251103869716,40485332190.0
7983.8500764,7983.8482725610465,40485332190.0
4683.9492263,4683.946151749843,40485332190.0
650.50981536,650.4876767955664,40485332190.0
600.06580531,600.0418056108795,40485332190.0
1067.1004024,1067.0869067552292,40485332190.0
556.43904074,556.4131592942628,40485332190.0
386.94851588,386.9112969678317,40485332190.0
1789.965821,1789.9577754439879,40485332190.0
1065.5901866,1065.5766717819904,40485332190.0
2791.9529156,2791.9477574438006,40485332190.0
779.26212406,779.2436433968712,40485332190.0
953.66025696,953.6451559656886,40485332190.0
1312.468298,1312.4573253761682,40485332190.0
8416.4034855,8416.401774457145,40485332190.0
1537.5239666,1537.514600143542,40485332190.0
3015.7292324,3015.724457080871,40485332190.0
2560.2944893,2560.288864567181,40485332190.0
224.65242544,224.5883123270688,40485332190.0
2783.8700866,2783.864913481104,40485332190.0
1049.4680997,1049.4543772921018,40485332190.0
606.95936445,606.9356373439896,40485332190.0
802.73001804,802.712077669587,40485332190.0
606.18476845,606.1610110234463,40485332190.0
1457.0642515,1457.0543678374588,40485332190.0
4138.4521556,4138.448675805706,40485332190.0
1468.8294193,1468.8196147850908,40485332190.0
3291.9716112,3291.96723652288,40485332190.0
259.19966056,259.1440946997417,40485332190.0
1195.6654065,1195.6533620446878,40485332190.0
2981.0138388,2981.0090078032,40485332190.0
326.2267843,326.18263684108217,40485332190.0
1670.8236104,1670.8149911248997,40485332190.0
715.5274501,715.5073232489113,40485332190.0
1657.9613984,1657.9527122743928,40485332190.0
432.6825899,432.64930530086696,40485332190.0
519.91595533,519.8882556793022,40485332190.0
570.89656584,570.8713398518305,40485332190.0
2445.5067001,2445.500811272531,40485332190.0
1585.1282993,1585.1192141251468,40485332190.0
2144.9222566,2144.9155425288895,40485332190.0
3612.7943805,3612.7903944125173,40485332190.0
10508.59499,10508.593619721072,40485332190.0
2662.3951663,2662.389757163494,40485332190.0
7878.5337569,7878.531929070419,40485332190.0
327.08063611,327.0366039120572,40485332190.0
3719.8820913,3719.878219857791,40485332190.0
603.59877624,603.574917028257,40485332190.0
757.95445751,757.9354573000514,40485332190.0
494.26568043,494.2365432013598,40485332190.0
147.76166148,147.66416756632526,40485332190.0
1393.680111,1393.6697777461472,40485332190.0
768.97538379,768.956655905329,40485332190.0
858.56606113,858.5492875181085,40485332190.0
2502.5808739,2502.575119349322,40485332190.0
1910.1510865,1910.1435472464445,40485332190.0
452.24857806,452.2167335826628,40485332190.0
1117.5677989,1117.5549126923186,40485332190.0
1081.3005461,1081.2872277024144,40485332190.0
807.0757367,807.0578929379059,40485332190.0
5341.6123244,5341.609628402829,40485332190.0
1812.5097631,1812.5018177182121,40485332190.0
3087.070979,3087.066314059409,40485332190.0
405.24564285,405.2101045476203,40485332190.0
1445.4095123,1445.3995489922918,40485332190.0
6947.4644449,6947.46237209177,40485332190.0
567.30328698,567.2779012161578,40485332190.0
453.24987454,453.21810042114845,40485332190.0
326.48499189,326.4408793497013,40485332190.0
223.12861813,223.06406704689647,40485332190.0
6035.9740352,6035.971649300747,40485332190.0
2647.5315772,2647.5261376800836,40485332190.0
11431.67738,11431.676120394,40485332190.0
845.66658893,845.649559464072,40485332190.0
1113.7387161,1113.7257855502219,40485332190.0
2800.2912116,2800.286068945975,40485332190.0
414.61844636,414.58371150441087,40485332190.0
18363.86278,18363.861996270287,40485332190.0
22757.302302,22757.30166977434,40485332190.0
9554.8421847,9554.840677523927,40485332190.0
6269.6226492,6269.620352281694,40485332190.0
2155.6953576,2155.688677059301,40485332190.0
3047.3789944,3047.374268610671,40485332190.0
4108.4553918,4108.451886535193,40485332190.0
1538.4195437,1538.4101826946978,40485332190.0
3402.7517558,3402.747523664431,40485332190.0
1119.2780564,1119.2651899654315,40485332190.0
789.80282898,789.7845949700946,40485332190.0
1259.5305781,1259.5191443861445,40485332190.0
12161.217013,12161.215829517048,40485332190.0
7465.7400485,7465.73811949823,40485332190.0
5193.6910561,5193.688283212048,40485332190.0
10237.409237,10237.407829965074,40485332190.0
1456.3762069,1456.3663185060063,40485332190.0
1718.318503,1718.3101220802919,40485332190.0
4328.9836949,4328.980368164446,40485332190.0
720.66777306,720.6477897735757,40485332190.0
8745.853333,8745.851686356227,40485332190.0
1414.3256959,1414.3155135220497,40485332190.0
905.4757372,905.4598325966917,40485332190.0
1107.5196334,1107.506630274466,40485332190.0
8057.9565177,8057.954730452032,40485332190.0
1217.8094101,1217.7975845998717,40485332190.0
216.34190501,216.27532833340933,40485332190.0
866.16182521,866.1451986908035,40485332190.0
382.21336662,382.1756865701031,40485332190.0
736.1475693,736.1280062367202,40485332190.0
1694.2472187,1694.2387187303268,40485332190.0
1866.4712991,1866.4635834715357,40485332190.0
6331.9576716,6331.955397194067,40485332190.0
253.90250386,253.8457784734937,40485332190.0
302.97230302,302.9247665271059,40485332190.0
994.27444752,994.2599633717756,40485332190.0
2548.128499,2548.1228473251267,40485332190.0
1898.9893188,1898.9817352783102,40485332190.0
1721.5439016,1721.5355364122086,40485332190.0
880.65460447,880.6382515876136,40485332190.0
10853.782146,10853.780819216088,40485332190.0
2077.6404537,2077.6335222435437,40485332190.0
5938.785699,5938.783274126048,40485332190.0
5507.8477742,5507.8451595587185,40485332190.0
1880.9025232,1880.8948666326596,40485332190.0
910.85943751,910.8436269029255,40485332190.0
1245.9025533,1245.8909944800841,40485332190.0
720.18059024,720.1605934368026,40485332190.0
2592.0638211,2592.0582652644207,40485332190.0
1660.9972747,1660.988604464031,40485332190.0
5207.7508518,5207.748086458005,40485332190.0
759.81361271,759.7946590041043,40485332190.0
460.22985252,460.19856032271736,40485332190.0
3127.839984,3127.8353798948715,40485332190.0
2492.8945275,2492.888750658725,40485332190.0
1620.5329848,1620.524098061663,40485332190.0
3215.4954623,3215.4909835810813,40485332190.0
907.25094488,907.2350713972661,40485332190.0
1331.1021368,1331.0913179009024,40485332190.0
226.08219334,226.01848581066136,40485332190.0
4015.9204229,4015.9168368650603,40485332190.0
3864.729752,3864.726025679128,40485332190.0
1601.2892125,1601.2802190192642,40485332190.0
5208.3750293,5208.372264301722,40485332190.0
312.51988587,312.47380185135876,40485332190.0
5434.4265725,5434.423922512191,40485332190.0
1588.8479731,1588.8389092397952,40485332190.0
7959.3339487,7959.332139400095,40485332190.0
6293.7907569,6293.788468741935,40485332190.0
1534.3701811,1534.360795329335,40485332190.0
2270.0820484,2270.07570458823,40485332190.0
3130.5639804,3130.5593801620475,40485332190.0
956.77780418,956.7627523808945,40485332190.0
998.12427102,998.1098427447421,40485332190.0
1362.9401725,1362.9296062676756,40485332190.0
5533.6066483,5533.604045839459,40485332190.0
731.03395401,731.0142540942195,40485332190.0
5683.4758401,5683.4733062301075,40485332190.0
510.26345517,510.235231502238,40485332190.0
6563.9948488,6563.992654902198,40485332190.0
2970.7666212,2970.761773568748,40485332190.0
1186.6947436,1186.6826081083288,40485332190.0
567.72839519,567.7030284262171,40485332190.0
799.59309417,799.575083420784,40485332190.0
4764.6304363,4764.627413812612,40485332190.0
1197.9065791,1197.8945571544655,40485332190.0
1275.3178396,1275.3065473493325,40485332190.0
446.77534465,446.7431100341308,40485332190.0
333.91330945,333.8701783817513,40485332190.0
739.6714062,739.6519363468498,40485332190.0
2762.8488783,2762.8436659405056,40485332190.0
4666.1425501,4666.139463833617,40485332190.0
1339.3532318,1339.342479494238,40485332190.0
1595.2741406,1595.2651132357687,40485332190.0
1166.4519502,1166.4396040056415,40485332190.0
9673.0902089,9673.088720089841,40485332190.0
2255.3937783,2255.38739315422,40485332190.0
7183.0343962,7183.032391344747,40485332190.0
156.3707314,156.27860831639728,40485332190.0
834.05275276,834.035486151701,40485332190.0
1031.6758315,1031.6618725289013,40485332190.0
2164.5394419,2164.532788638913,40485332190.0
693.70983019,693.6890703121855,40485332190.0
659.5998288,659.5779953359097,40485332190.0
8108.5493177,8108.547541624876,40485332190.0
267.29101971,267.2371362614378,40485332190.0
5420.9326587,5420.930002128811,40485332190.0
742.11672543,742.0973197256553,40485332190.0
3551.6592147,3551.6551599425566,40485332190.0
4799.3983761,4799.395375481615,40485332190.0
6873.1127274,6873.1106321071675,40485332190.0
2833.258574,2833.253491079991,40485332190.0
1046.8154268,1046.8016695853478,40485332190.0
1435.2849392,1435.2749055028103,40485332190.0
4084.3860043,4084.3824784297485,40485332190.0
652.05884211,652.0367561404559,40485332190.0
1887.9146658,1887.907037747824,40485332190.0
4349.9694126,4349.966102056299,40485332190.0
325.88051674,325.8363223644572,40485332190.0
321.64253878,321.59776201682695,40485332190.0
879.84467338,879.8283054366627,40485332190.0
1096.9789992,1096.965871117271,40485332190.0
3098.0644654,3098.059817019585,40485332190.0
5244.4202372,5244.417491175742,40485332190.0
520.52608569,520.4984185052203,40485332190.0
1078.6790648,1078.6657140792272,40485332190.0
600.9921682,600.9682054908372,40485332190.0
680.98156127,680.9604133609597,40485332190.0
2480.5922267,2480.5864211813623,40485332190.0
1911.8623229,1911.8547904333068,40485332190.0
4702.629958,4702.626895666445,40485332190.0
738.98060189,738.9611138242157,40485332190.0
1344.5511314,1344.5404205936889,40485332190.0
934.1134391,934.0980220986744,40485332190.0
3585.521289,3585.517272588526,40485332190.0
1009.9061279,1009.8918680017536,40485332190.0
1603.9448665,1603.9358878739533,40485332190.0
8429.7805805,8429.778872080773,40485332190.0
1247.1269404,1247.1153929155007,40485332190.0
4099.4738341,4099.470321134708,40485332190.0
881.67037922,881.6540451741156,40485332190.0
2666.7617834,2666.7563831944913,40485332190.0
1421.5997443,1421.5896140446716,40485332190.0
262.34872423,262.29382547958033,40485332190.0
416.51922257,416.4846462328818,40485332190.0
6944.0362305,6944.034156679409,40485332190.0
1707.6283915,1707.619958110855,40485332190.0
958.40687765,958.3918514399046,40485332190.0
1837.3212003,1837.313362182036,40485332190.0
461.0913004,461.06006668309965,40485332190.0
9294.2596067,9294.25805721885,40485332190.0
1195.8793573,1195.8673149827378,40485332190.0
1197.7898694,1197.7778463099828,40485332190.0
1171.119499,1171.1072020934462,40485332190.0
8844.6721752,8844.670546924739,40485332190.0
1132.8453739,1132.832661511646,40485332190.0
1400.2671548,1400.256870217815,40485332190.0
503.94327763,503.914699977693,40485332190.0
2773.5792423,2773.5740500506463,40485332190.0
5169.396152,5169.393366188371,40485332190.0
1142.9439995,1142.9313994095887,40485332190.0
635.42651909,635.4038549956815,40485332190.0
2210.9755743,2210.969060806719,40485332190.0
2012.5816288,2012.5744732524604,40485332190.0
1564.8630736,1564.853870715461,40485332190.0
1029.4738217,1029.4598327712006,40485332190.0
1188.1750261,1188.162905639446,40485332190.0
1913.4374234,1913.4298971112594,40485332190.0
3555.8379869,3555.833936906853,40485332190.0
1219.9444328,1219.9326280151017,40485332190.0
19938.837232,19938.836509811168,40485332190.0
657.03613441,657.014215755299,40485332190.0
2422.1296628,2422.1237171285206,40485332190.0
2603.7797525,2603.774221616581,40485332190.0
838.1618251,838.1446431509877,40485332190.0
836.1186506,836.1014266616946,40485332190.0
1170.8008497,1170.7885493888361,40485332190.0
904.71095669,904.6950386372803,40485332190.0
1839.2458791,1839.2380492134648,40485332190.0
1597.1892862,1597.1802696200702,40485332190.0
4292.1458782,4292.142523025579,40485332190.0
1934.0016117,1933.994165393471,40485332190.0
2274.5633773,2274.557045842195,40485332190.0
518.11454831,518.0867523455927,40485332190.0
2708.5309389,2708.5256220249266,40485332190.0
1315.4900192,1315.4790718326376,40485332190.0
2704.5325044,2704.5271795290555,40485332190.0
2595.9867317,2595.981184241988,40485332190.0
7358.881157,7358.879199987047,40485332190.0
1971.4521366,1971.4448317030995,40485332190.0
1452.6572766,1452.6473629740024,40485332190.0
2553.0713961,2553.065755452047,40485332190.0
2455.434516,2455.4286509583326,40485332190.0
1308.3740991,1308.3630921305253,40485332190.0
220.82902066,220.76379718092284,40485332190.0
712.89326887,712.8730676501848,40485332190.0
1563.6984195,1563.6892098320618,40485332190.0
1232.6698449,1232.6581620459738,40485332190.0
935.90687078,935.8914833227188,40485332190.0
1116.6698044,1116.6569078196796,40485332190.0
2010.3279865,2010.3208228506428,40485332190.0
1594.6600921,1594.6510612534294,40485332190.0
1486.1275068,1486.1178163920622,40485332190.0
652.40181262,652.3797382510767,40485332190.0
19514.861011,19514.86027292562,40485332190.0
652.39909731,652.3770228606876,40485332190.0
463.574544,463.543477602181,40485332190.0
857.32224766,857.3054497182209,40485332190.0
13281.669977,13281.66889244555,40485332190.0
2204.9674215,2204.960890253936,40485332190.0
3060.2871216,3060.2824157212417,40485332190.0
961.45530105,961.4403224853828,40485332190.0
3513.2290783,3513.2249791893673,40485332190.0
2023.9210835,2023.913968048754,40485332190.0
8617.7343736,8617.732702559659,40485332190.0
655.63560275,655.613637266444,40485332190.0
6676.7624212,6676.7602642587,40485332190.0
10851.697953,10851.696626774004,40485332190.0
743.93131328,743.9119549086793,40485332190.0
4022.3863567,4022.3827764484763,40485332190.0
3882.4634901,3882.4597808968524,40485332190.0
1978.2237209,1978.2164410787962,40485332190.0
823.41978399,823.4022944105681,40485332190.0
2293.9120785,2293.905800525252,40485332190.0
312.47565457,312.4295640281644,40485332190.0
6347.0666541,6347.064385171337,40485332190.0
734.12918077,734.1095639208004,40485332190.0
1001.4717867,1001.4574067027409,40485332190.0
1829.538361,1829.5304895723998,40485332190.0
5198.7385364,5198.7357663280345,40485332190.0
2354.8165105,2354.810394947372,40485332190.0
663.27013341,663.2484207758857,40485332190.0
1183.9740335,1183.9618700044612,40485332190.0
975.31900953,975.3042438762569,40485332190.0
624.54794003,624.5248811555143,40485332190.0
4367.245824,4367.24252647334,40485332190.0
1487.4921598,1487.482478306796,40485332190.0
1572.1665457,1572.1573856477623,40485332190.0
967.26674556,967.2518569932495,40485332190.0
1758.1273284,1758.1191372228823,40485332190.0
7108.0219501,7108.019924090297,40485332190.0
2421.9259368,2421.9199906238264,40485332190.0
9381.2375321,9381.235997013357,40485332190.0
1781.942248,1781.9341663218145,40485332190.0
724.99706039,724.9771964419584,40485332190.0
3656.5033349,3656.499396468031,40485332190.0
473.30381864,473.2733908841821,40485332190.0
1160.6289974,1160.6165893979073,40485332190.0
2426.0710594,2426.06512340414,40485332190.0
5258.7620773,5258.75933878205,40485332190.0
2030.8439498,2030.836858598941,40485332190.0
3542.0059755,3542.001909727812,40485332190.0
661.4031016,661.3813276691122,40485332190.0
1225.7209469,1225.7091977291586,40485332190.0
1902.0957149,1902.0881437356607,40485332190.0
1510.6195936,1510.610060241703,40485332190.0
14854.21782,14854.216850259361,40485332190.0
966.31567144,966.3007682051662,40485332190.0
2473.5922777,2473.5864556972247,40485332190.0
730.76947461,730.749767566715,40485332190.0
4462.2325194,4462.229292098942,40485332190.0
1551.3772272,1551.3679443505541,40485332190.0
2051.5383089,2051.5312892937095,40485332190.0
2281.1075497,2281.1012364137287,40485332190.0
1502.8702459,1502.8606634649807,40485332190.0
1932.5847252,1932.5772734256227,40485332190.0
5603.702769,5603.700198993332,40485332190.0
348.34464935,348.3033053372695,40485332190.0
7407.7506581,7407.748714041933,40485332190.0
338.70864311,338.666122755334,40485332190.0
1461.8522193,1461.8423679113246,40485332190.0
626.02658077,626.0035763494448,40485332190.0
1721.6277508,1721.6193860042538,40485332190.0
1113.9733124,1113.9603846448292,40485332190.0
1353.2281535,1353.2175114515828,40485332190.0
5299.5863362,5299.583618791225,40485332190.0
1241.0956791,1241.0840755061267,40485332190.0
2249.51943,2249.513028134233,40485332190.0
4677.8933061,4677.890227511695,40485332190.0
849.96712923,849.9501859258285,40485332190.0
1463.8226003,1463.8127622017014,40485332190.0
899.98951248,899.9735109245823,40485332190.0
953.4456255,953.4305210964704,40485332190.0
10790.52267,10790.521334884874,40485332190.0
4359.4021599,4359.398856430776,40485332190.0
850.92292958,850.906005299356,40485332190.0
7751.9491427,7751.947284906059,40485332190.0
1330.2022308,1330.1914045232559,40485332190.0
1065.7838717,1065.770359427062,40485332190.0
3737.2068978,3737.2030444276647,40485332190.0
1297.7818862,1297.7707894078098,40485332190.0
2213.7112965,2213.7047910701936,40485332190.0
2655.1919142,2655.186490394009,40485332190.0
1306.427256,1306.4162326786713,40485332190.0
1084.0569761,1084.043691558221,40485332190.0
1164.6675963,1164.6552312864087,40485332190.0
524.01322268,523.9857396162008,40485332190.0
383.85094349,383.8134242002157,40485332190.0
2816.8312426,2816.8261301005555,40485332190.0
2107.6835513,2107.6767186152583,40485332190.0
354.17852951,354.13786658175246,40485332190.0
2373.9161381,2373.91007165507,40485332190.0
1574.2679512,1574.2588033364525,40485332190.0
1278.3556481,1278.344382650379,40485332190.0
6114.9976854,6114.995330332259,40485332190.0
1037.2672854,1037.2534015568808,40485332190.0
2116.1553756,2116.1485703480703,40485332190.0
1055.4271725,1055.4135276629715,40485332190.0
577.69515383,577.6702247332614,40485332190.0
942.44248981,942.4272090568899,40485332190.0
3393.1190836,3393.114839455399,40485332190.0
6136.46505,6136.46270315088,40485332190.0
1213.1313768,1213.1195057819396,40485332190.0
9356.463146,9356.461606901574,40485332190.0
424.94032116,424.9064300789225,40485332190.0
1664.1720338,1664.1633801869134,40485332190.0
774.62652117,774.6079299139546,40485332190.0
1524.0829227,1524.0734736685263,40485332190.0
1483.358887,1483.34917853546,40485332190.0
2998.2129343,2998.2081310840695,40485332190.0
1701.8454367,1701.8369746979683,40485332190.0
4860.0453738,4860.042410627734,40485332190.0
1754.119636,1754.1114261457133,40485332190.0
3374.7638586,3374.7595913054174,40485332190.0
722.1198002,722.0998570993195,40485332190.0
1498.7968113,1498.787202750756,40485332190.0
3322.7461115,3322.741777396678,40485332190.0
372.1342883,372.09558759736194,40485332190.0
9382.9540946,9382.952559748994,40485332190.0
2710.7170245,2710.7117118108295,40485332190.0
2229.9212263,2229.914768176482,40485332190.0
773.49711076,773.4784923464582,40485332190.0
6060.8867534,6060.884377318896,40485332190.0
5374.0529953,5374.050315506156,40485332190.0
2566.2648491,2566.2592374565306,40485332190.0
3730.0291419,3730.025281026649,40485332190.0
570.25140851,570.2261539789101,40485332190.0
1208.7074351,1208.6955206147334,40485332190.0
788.55892701,788.5406642324295,40485332190.0
368.36258614,368.32348912972947,40485332190.0
4531.7051052,4531.701927372764,40485332190.0
359.57167719,359.53162422214524,40485332190.0
1304.4268774,1304.415837192332,40485332190.0
8083.28243,8083.280648425244,40485332190.0
1303.5860783,1303.5750308909735,40485332190.0
1341.9559015,1341.9451700209831,40485332190.0
587.8138767,587.7893767498672,40485332190.0
1309.4817948,1309.4707972027281,40485332190.0
1321.778729,1321.7678337465454,40485332190.0
5877.4039447,5877.401494439953,40485332190.0
882.79195331,882.7756400210611,40485332190.0
650.8572489,650.8351221506551,40485332190.0
244.25000806,244.1910404067806,40485332190.0
1686.7767321,1686.7681943923506,40485332190.0
439.63620072,439.6034426228303,40485332190.0
2125.9021186,2125.895344489719,40485332190.0
1143.8854296,1143.872839888153,40485332190.0
10241.200324,10241.198918249016,40485332190.0
712.3646503,712.3444340882082,40485332190.0
1446.9717265,1446.961773820852,40485332190.0
2482.5739666,2482.5681657847063,40485332190.0
767.62599663,767.607235817454,40485332190.0
720.0466269,720.0266263694618,40485332190.0
1213.8252588,1213.8133945797792,40485332190.0
795.76592838,795.7478310046869,40485332190.0
1726.845804,1726.8374645088536,40485332190.0
1000.3097297,1000.2953329259516,40485332190.0
1600.8222494,1600.813253267058,40485332190.0
386.6406444,386.60339584849515,40485332190.0
836.95124102,836.9340342078675,40485332190.0
3024.7369605,3024.732199336869,40485332190.0
706.44009247,706.4197067106368,40485332190.0
1302.0508061,1302.0397458215875,40485332190.0
2089.872254,2089.865363056467,40485332190.0
3644.8119824,3644.8080313005235,40485332190.0
2188.7080151,2188.7014352739166,40485332190.0
2709.1918167,2709.1865010611696,40485332190.0
904.29078603,904.2748605855144,40485332190.0
1630.5366936,1630.5278614386184,40485332190.0
1363.2791691,1363.2686054315986,40485332190.0
3103.3340889,3103.3294483832333,40485332190.0
1055.0678666,1055.0542170546898,40485332190.0
1883.4429574,1883.435311179588,40485332190.0
9473.8629873,9473.861467166445,40485332190.0
841.17602927,841.1589088880627,40485332190.0
1308.078546,1308.067536587758,40485332190.0
1119.6289413,1119.6160787563194,40485332190.0
1548.7687304,1548.759431997613,40485332190.0
1853.6826301,1853.6748611568667,40485332190.0
9178.4311512,9178.42958220011,40485332190.0
2048.0752377,2048.068206170811,40485332190.0
5553.0511206,5553.048527228128,40485332190.0
2687.7216341,2687.7162758975173,40485332190.0
866.6254433,866.6088256888162,40485332190.0
810.8291898,810.8114286428399,40485332190.0
2133.4167867,2133.4100364783176,40485332190.0
9063.5533647,9063.551775780676,40485332190.0
317.10677301,317.0613556775576,40485332190.0
2570.4838272,2570.478224686678,40485332190.0
1296.6394428,1296.6283363001994,40485332190.0
1442.5150037,1442.505020283559,40485332190.0
662.35346706,662.3317243658089,40485332190.0
4179.2033457,4179.199899777461,40485332190.0
2005.4276096,2005.4204285091482,40485332190.0
8769.2860899,8769.284447635753,40485332190.0
2909.1369042,2909.1319538003313,40485332190.0
2074.598246,2074.591304355336,40485332190.0
1970.1029522,1970.0956424097578,40485332190.0
1748.218122,1748.2098843547265,40485332190.0
108.03940862,107.90603131403607,40485332190.0
599.32512133,599.3010919712417,40485332190.0
1502.2710533,1502.2614670195067,40485332190.0
423.8802172,423.84624135837095,40485332190.0
6301.9645997,6301.962314486414,40485332190.0
1693.775631,1693.767128604832,40485332190.0
3801.8032717,3801.7994837008164,40485332190.0
1835.8312761,1835.8234315621924,40485332190.0
7034.1654988,7034.163451499429,40485332190.0
940.40585962,940.390545775861,40485332190.0
1014.6361754,1014.6219819088193,40485332190.0
2684.5848095,2684.5794450853336,40485332190.0
5762.5803624,5762.577863318185,40485332190.0
1214.7171903,1214.705334713295,40485332190.0
3395.5161304,3395.511889253748,40485332190.0
1709.6149228,1709.6064991452738,40485332190.0
400.16856534,400.1325761117932,40485332190.0
1621.5747311,1621.5658501261375,40485332190.0
219.77411294,219.70857630074735,40485332190.0
10365.014058,10365.012668278383,40485332190.0
605.45598301,605.4321969812445,40485332190.0
1647.6339481,1647.625207587515,40485332190.0
6039.8221218,6039.819737362094,40485332190.0
1175.0258285,1175.0135724692789,40485332190.0
1926.6692914,1926.6618167285678,40485332190.0
3018.5059112,3018.501140235008,40485332190.0
1005.3944151,1005.3800911481919,40485332190.0
706.32812429,706.3077353014377,40485332190.0
1501.4502007,1501.4406092559832,40485332190.0
5133.8875667,5133.884761593728,40485332190.0
17042.482159,17042.481314047054,40485332190.0
2827.7940232,2827.7889305524554,40485332190.0
2622.734587,2622.7290960516066,40485332190.0
4625.3921195,4625.38900608644,40485332190.0
1291.2559195,1291.244766648694,40485332190.0
10131.016238,10131.014816529918,40485332190.0
4639.3060317,4639.302927570351,40485332190.0
2544.7556351,2544.7499759740153,40485332190.0
15569.778047,15569.77712232121,40485332190.0
1283.6821605,1283.6709418483956,40485332190.0
3144.2650794,3144.2604992273637,40485332190.0
575.03034003,575.0052953932529,40485332190.0
2095.4170396,2095.410166912567,40485332190.0
2884.3938121,2884.3888192588815,40485332190.0
1144.7868581,1144.7742782816933,40485332190.0
821.47841456,821.4608836542785,40485332190.0
2540.3203209,2540.314651857971,40485332190.0
1026.6486826,1026.6346552297873,40485332190.0
3801.8786549,3801.8748670379327,40485332190.0
6500.3328549,6500.330639530376,40485332190.0
1675.5765198,1675.5679251151296,40485332190.0
3221.7193769,3221.7149068796093,40485332190.0
1347.7686003,1347.7579150938918,40485332190.0
451.67406434,451.6421793592344,40485332190.0
5809.7022122,5809.69973340192,40485332190.0
8081.6123658,8081.610583824714,40485332190.0
1464.9319105,1464.92207987886,40485332190.0
986.11626672,986.1016627470166,40485332190.0
1933.2849854,1933.2775363649068,40485332190.0
8076.9786729,8076.97688993739,40485332190.0
684.19910224,684.1780537907962,40485332190.0
3363.4586086,3363.454327013979,40485332190.0
1858.0817556,1858.0740049903181,40485332190.0
4598.1989865,4598.1958545684465,40485332190.0
1475.085223,1475.0754600766895,40485332190.0
1259.1129634,1259.1015258494504,40485332190.0
2533.1813973,2533.175712238817,40485332190.0
1007.2857201,1007.2714230461219,40485332190.0
1896.7650065,1896.7574140045276,40485332190.0
318.40241949,318.35718700755865,40485332190.0
245.095605,245.03684084351067,40485332190.0
605.36560138,605.3418118058753,40485332190.0
16555.340296,16555.339426301893,40485332190.0
2258.2561307,2258.2497536167357,40485332190.0
1609.758652,1609.7497058631582,40485332190.0
684.72786659,684.7068343899509,40485332190.0
5588.6490997,5588.646522854282,40485332190.0
3494.3188622,3494.3147408669165,40485332190.0
1224.1350662,1224.1233018432522,40485332190.0
794.86849003,794.8503722273764,40485332190.0
1171.6849635,1171.6726725678516,40485332190.0
1186.6646777,1186.6525418562217,40485332190.0
667.15540601,667.1338198188805,40485332190.0
1850.454283,1850.4465005559518,40485332190.0
427.51212446,427.47843728169335,40485332190.0
596.69778425,596.6736490760719,40485332190.0
651.97536172,651.953272918297,40485332190.0
559.05534306,559.029582749231,40485332190.0
1236.8852476,1236.8736045494325,40485332190.0
12231.742212,12231.74103475473,40485332190.0
1957.1624546,1957.1550963995685,40485332190.0
902.90511855,902.8891686602318,40485332190.0
1048.8776539,1048.8639238047908,40485332190.0
8676.0239888,8676.022328976365,40485332190.0
651.7997638,651.7776690492125,40485332190.0
158.92913372,158.83849446956023,40485332190.0
5293.3040138,5293.301293198104,40485332190.0
462.74239843,462.711276157835,40485332190.0
803.0510746,803.0331414016763,40485332190.0
976.82148554,976.806742600944,40485332190.0
948.74874575,948.7335665785405,40485332190.0
1172.8652447,1172.8529660508466,40485332190.0
746.5474762,746.5281856725132,40485332190.0
4929.1818839,4929.178962306449,40485332190.0
2337.0492967,2337.043134595182,40485332190.0
203.64823094,203.57750303912857,40485332190.0
1763.0742149,1763.0660466949064,40485332190.0
1284.384712,1284.3734995072984,40485332190.0
4427.5711371,4427.56788451283,40485332190.0
6375.161878,6375.159619090674,40485332190.0
1256.7653775,1256.7539185379064,40485332190.0
1252.4784068,1252.4669086628594,40485332190.0
1234.2457136,1234.2340456729346,40485332190.0
1597.93001,1597.9209976375384,40485332190.0
207.41069981,207.34125536447385,40485332190.0
350.99924127,350.95820997503193,40485332190.0
572.47764346,572.4524871438982,40485332190.0
896.77840695,896.7623480931469,40485332190.0
3321.0396703,3321.0353339241556,40485332190.0
2735.2546422,2735.2493771470586,40485332190.0
386.13973315,386.10243627852753,40485332190.0
1369.5395743,1369.5290589634685,40485332190.0
917.47907393,917.4633774074664,40485332190.0
998.16483038,998.1504026843486,40485332190.0
619.20455788,619.1813000119307,40485332190.0
1472.3856036,1472.3758227321314,40485332190.0
361.83541643,361.7956140660615,40485332190.0
12348.859847,12348.858680665016,40485332190.0
4630.4643108,4630.4612007171745,40485332190.0
3083.7941648,3083.7894949190904,40485332190.0
4556.2617865,4556.258625845059,40485332190.0
1308.8585489,1308.8475460326472,40485332190.0
2786.0127363,2786.0075672015478,40485332190.0
3062.617634,3062.6129318038006,40485332190.0
7388.3637977,7388.361848536246,40485332190.0
1941.2550172,1941.2475987333678,40485332190.0
1651.0663688,1651.0576464893604,40485332190.0
3864.5337668,3864.5300403139404,40485332190.0
6274.033123,6274.03082759768,40485332190.0
1807.9083208,1807.9003551385174,40485332190.0
3301.5045972,3301.500235146575,40485332190.0
7692.8093504,7692.807478436609,40485332190.0
1938.003335,1937.9959040954814,40485332190.0
843.40012642,843.3830511810387,40485332190.0
1916.6096797,1916.6021658815566,40485332190.0
4811.1136573,4811.110664004788,40485332190.0
668.9146043,668.8930748741926,40485332190.0
626.60402652,626.5810433073992,40485332190.0
3223.6615435,3223.657076090449,40485332190.0
10274.511456,10274.510054940152,40485332190.0
490.38847003,490.3591024119335,40485332190.0
570.02184025,569.9965755571349,40485332190.0
1301.7289758,1301.7179127459972,40485332190.0
2459.2419001,2459.236044147097,40485332190.0
7393.4997292,7393.497781421271,40485332190.0
2055.7787032,2055.7716980210425,40485332190.0
3401.505661,3401.501427211236,40485332190.0
7195.928008,7195.926006716922,40485332190.0
3144.6716447,3144.6670651400577,40485332190.0
1233.8568786,1233.8452069156936,40485332190.0
3295.732914,3295.7285443610167,40485332190.0
146.20047166,146.10193597058512,40485332190.0
2625.4617415,2625.4562563649642,40485332190.0
3270.3388202,3270.3344166737393,40485332190.0
647.06940215,647.0471458713431,40485332190.0
538.5755052,538.5487652794291,40485332190.0
3300.8377146,3300.8333517289534,40485332190.0
2927.6857509,2927.6808319584998,40485332190.0
656.05603796,656.0340865555578,40485332190.0
664.11395287,664.0922678176714,40485332190.0
5269.3908413,5269.388108359575,40485332190.0
1681.4846478,1681.4760833065286,40485332190.0
4451.3307921,4451.327556869801,40485332190.0
1035.622606,1035.6087001099045,40485332190.0
2066.3119281,2066.304958610845,40485332190.0
8945.0360062,8945.034396274501,40485332190.0
4936.3495302,4936.346612849943,40485332190.0
12576.6829,12576.68175499687,40485332190.0
10217.677825,10217.676415126238,40485332190.0
2001.9932529,2001.9860595476732,40485332190.0
556.01981402,555.9939130555634,40485332190.0
6620.9499872,6620.947812094722,40485332190.0
2707.8941031,2707.8887849523076,40485332190.0
1413.1408623,1413.1306713739789,40485332190.0
3100.7826461,3100.7780017442656,40485332190.0
2145.9688089,2145.9620980859486,40485332190.0
1307.1578417,1307.1468245280228,40485332190.0
3341.0829681,3341.078657814701,40485332190.0
1460.4390306,1460.4291697679428,40485332190.0
1099.561675,1099.5485777312913,40485332190.0
3085.4065258,3085.40185824074,40485332190.0
7833.8858233,7833.883985014625,40485332190.0
1146.1230051,1146.1104399976584,40485332190.0
1390.894166,1390.8838120797825,40485332190.0
2713.051685,2713.046376940378,40485332190.0
3569.6862501,3569.682215844219,40485332190.0
10972.997213,10972.995901238894,40485332190.0
747.03812865,747.0188507920418,40485332190.0
7293.1554927,7293.153518085146,40485332190.0
1072.0536913,1072.0402580767586,40485332190.0
469.19498804,469.164293810807,40485332190.0
1729.8130398,1729.8047145512282,40485332190.0
667.70391018,667.6823417180161,40485332190.0
2035.0091985,2035.0021218508089,40485332190.0
2033.2641337,2033.2570508955228,40485332190.0
2285.6254272,2285.61912648464,40485332190.0
7300.5363329,7300.534360284131,40485332190.0
613.99238333,613.9689280138039,40485332190.0
428.28638696,428.25276069427605,40485332190.0
451.62320988,451.59132131059596,40485332190.0
3348.0153184,3348.011017032704,40485332190.0
4169.0145473,4169.0110930126075,40485332190.0
1117.5387026,1117.5258160146454,40485332190.0
547.7968344,547.7705446262986,40485332190.0
1811.5930145,1811.5850650656892,40485332190.0
11390.759041,11390.757776738423,40485332190.0
2364.2567616,2364.250670446419,40485332190.0
6526.2770228,6526.27481617332,40485332190.0
10797.620276,10797.618942168887,40485332190.0
2529.0390564,2529.033362037687,40485332190.0
6590.9318275,6590.92964245344,40485332190.0
6688.8103378,6688.808184778789,40485332190.0
826.54831036,826.5308869830623,40485332190.0
18689.718631,18689.717860450226,40485332190.0
1371.3262517,1371.3157500750112,40485332190.0
404.22233415,404.1867058719044,40485332190.0
2577.0867991,2577.081210968285,40485332190.0
5670.9219643,5670.919424747627,40485332190.0
1436.3861558,1436.3761298721538,40485332190.0
1177.468776,1177.456545347579,40485332190.0
1124.4652073,1124.452400161053,40485332190.0
5467.8026244,5467.7999906022205,40485332190.0
976.39558953,976.3808401554401,40485332190.0
5774.6402158,5774.637721922034,40485332190.0
640.55232344,640.5298407120466,40485332190.0
695.86344178,695.8427461632102,40485332190.0
580.88056068,580.8557682944509,40485332190.0
3955.5886225,3955.584981818901,40485332190.0
1218.5743353,1218.5625172485904,40485332190.0
18397.481924,18397.481141645567,40485332190.0
2616.3436303,2616.33812605789,40485332190.0
1728.9534784,1728.9451489787134,40485332190.0
635.11680367,635.0941285247487,40485332190.0
3165.970782,3165.966233250919,40485332190.0
1566.4733331,1566.4641397336006,40485332190.0
8625.0627818,8625.061112094852,40485332190.0
1182.4086332,1182.3964536496248,40485332190.0
741.60779303,741.5883740031186,40485332190.0
5703.0329386,5703.030413432889,40485332190.0
8180.901442,8180.89968166665,40485332190.0
1253.1098587,1253.0983663000134,40485332190.0
619.14372993,619.1204697755311,40485332190.0
1334.9012476,1334.8904593675722,40485332190.0
9245.2070899,9245.20553217259,40485332190.0
6491.4448707,6491.4426522116655,40485332190.0
1106.7358453,1106.7228329688542,40485332190.0
4474.0110526,4474.007833727978,40485332190.0
6120.7187816,6120.716428715649,40485332190.0
764.59096189,764.5721266004325,40485332190.0
9085.3025935,9085.301008331142,40485332190.0
1580.4821146,1580.473002759324,40485332190.0
1214.2951581,1214.2832983594276,40485332190.0
6978.9654313,6978.963367755832,40485332190.0
1428.0616149,1428.0515304897483,40485332190.0
823.13985775,823.122362227262,40485332190.0
24054.204137,24054.203538701382,40485332190.0
5525.688191,5525.685584718057,40485332190.0
9446.9519572,9446.950432733762,40485332190.0
3809.7247566,3809.7209764445784,40485332190.0
1194.388653,1194.3765956054674,40485332190.0
1791.4148508,1791.406811772762,40485332190.0
1967.1592724,1967.1519516377512,40485332190.0
3415.1372377,3415.1330208050267,40485332190.0
4481.0628776,4481.059663815821,40485332190.0
3462.7289315,3462.7247726294922,40485332190.0
1028.51097,1028.4969679673286,40485332190.0
11404.484214,11404.482951490772,40485332190.0
2107.1151555,2107.1083210027036,40485332190.0
857.49122296,857.4744283222518,40485332190.0
2532.0584823,2532.05279476041,40485332190.0
1668.0931706,1668.0845373135394,40485332190.0
217.21008408,217.14377358813798,40485332190.0
641.11624992,641.0937869637987,40485332190.0
1285.0589546,1285.047747972095,40485332190.0
2118.8334997,2118.826702902568,40485332190.0
1688.907476,1688.898949118003,40485332190.0
2337.9052677,2337.899107836753,40485332190.0
2482.9871507,2482.9813507778845,40485332190.0
861.86182518,861.8451157092602,40485332190.0
1244.4041442,1244.3925714717323,40485332190.0
855.24342138,855.2265826083675,40485332190.0
6433.3357722,6433.333533619374,40485332190.0
2429.3282289,2429.3223008420678,40485332190.0
865.79296855,865.7763349505634,40485332190.0
8935.2402398,8935.238628083118,40485332190.0
551.94834021,551.9222481791056,40485332190.0
768.08373837,768.0649887390829,40485332190.0
3307.4426962,3307.4383420429817,40485332190.0
529.7607611,529.733576233339,40485332190.0
1719.2233636,1719.2149870459575,40485332190.0
23506.472697,23506.472083864643,40485332190.0
1121.8046645,1121.7918270709201,40485332190.0
1520.0811785,1520.0717046116176,40485332190.0
5658.9135266,5658.910981728865,40485332190.0
861.68492512,861.6682122248895,40485332190.0
1114.3876449,1114.3747219668737,40485332190.0
1989.6114635,1989.6042253340718,40485332190.0
2459.1214661,2459.1156098432784,40485332190.0
9014.1666577,9014.165060140014,40485332190.0
767.70065398,767.6818949937915,40485332190.0
1989.6798536,1989.6726157061998,40485332190.0
2448.2717084,2448.2658262214086,40485332190.0
1784.4914694,1784.4833992674737,40485332190.0
2041.9899755,2041.9829229820198,40485332190.0
603.26050752,603.236634918945,40485332190.0
2599.9139396,2599.908400523914,40485332190.0
9275.8798237,9275.878271128058,40485332190.0
2027.5985594,2027.5914568585572,40485332190.0
1914.8377512,1914.830230441633,40485332190.0
536.19753797,536.1706794523553,40485332190.0
1412.0398164,1412.029617601484,40485332190.0
1243.5172408,1243.505659856509,40485332190.0
449.06609546,449.0340252935888,40485332190.0
1246.6335267,1246.6219746096567,40485332190.0
3429.2183641,3429.2141645626575,40485332190.0
1896.6827376,1896.675144793288,40485332190.0
1617.8307601,1617.8218586290093,40485332190.0
3320.0506864,3320.0463487522884,40485332190.0
4205.5724255,4205.569001246635,40485332190.0
5537.9686765,5537.966076139809,40485332190.0
762.14423114,762.1253353840184,40485332190.0
1378.95093,1378.9404864260007,40485332190.0
2717.1696653,2717.1643653174374,40485332190.0
15508.21304,15508.212111171655,40485332190.0
2312.3283041,2312.322076128019,40485332190.0
2503.3827218,2503.3769691351763,40485332190.0
1363.7640768,1363.7535169944776,40485332190.0
2121.3697818,2121.362993142124,40485332190.0
628.00484643,627.9819144913189,40485332190.0
1817.5297043,1817.5217808847192,40485332190.0
1223.3440651,1223.3322931029336,40485332190.0
406.60421502,406.56879547642495,40485332190.0
672.88765979,672.8662574984772,40485332190.0
5726.3841442,5726.381629367304,40485332190.0
1512.8018277,1512.7923081660977,40485332190.0
470.41614618,470.3855316340265,40485332190.0
6389.8337247,6389.831470871716,40485332190.0
1337.7592301,1337.7484649322867,40485332190.0
282.58386448,282.5328976384406,40485332190.0
932.67283625,932.6573954349386,40485332190.0
1478.2413247,1478.2315825743608,40485332190.0
487.32377154,487.29421921669837,40485332190.0
3473.4416664,3473.437520261398,40485332190.0
13365.814398,13365.81332015262,40485332190.0
403.906262,403.87060584247155,40485332190.0
1645.2081101,1645.199356684106,40485332190.0
1064.0079325,1063.9943975958001,40485332190.0
541.03893741,541.0123192401988,40485332190.0
452.91771008,452.8859126565024,40485332190.0
1148.7891189,1148.7765829856996,40485332190.0
1186.280189,1186.2680491764033,40485332190.0
1282.3657355,1282.3545053295713,40485332190.0
934.54299947,934.5275895595312,40485332190.0
730.9570367,730.9373347155883,40485332190.0
317.91426013,317.8689581714144,40485332190.0
2667.1660271,2667.1606276912717,40485332190.0
1182.7996375,1182.7874620428543,40485332190.0
3044.0845086,3044.0797778241435,40485332190.0
2949.704977,2949.7000947375386,40485332190.0
2358.2204047,2358.2142978711295,40485332190.0
133.37875884,133.27074356131675,40485332190.0
4242.9175557,4242.914161490464,40485332190.0
1330.5275069,1330.516683320063,40485332190.0
12040.324545,12040.323348289254,40485332190.0
1651.8583082,1651.8495900478817,40485332190.0
7160.4445788,7160.442567585199,40485332190.0
2077.3042018,2077.2972691859577,40485332190.0
7480.7383459,7480.736420798641,40485332190.0
1555.718303,1555.7090460253057,40485332190.0
3057.8330264,3057.828316892218,40485332190.0
655.90381438,655.8818578776255,40485332190.0
13493.717968,13493.716900945732,40485332190.0
1986.1932926,1986.1860419125137,40485332190.0
8437.8265456,8437.824838794179,40485332190.0
3283.9859809,3283.981595704556,40485332190.0
4356.0500837,4356.046777751293,40485332190.0
1895.2700019,1895.2624035009874,40485332190.0
1182.4225714,1182.4103920108741,40485332190.0
785.88985065,785.8715258443444,40485332190.0
1733.0840722,1733.0757626718007,40485332190.0
8159.9938399,8159.992075026787,40485332190.0
3005.5194978,3005.514706243994,40485332190.0
4884.3873953,4884.384446909796,40485332190.0
1594.0931038,1594.084069721826,40485332190.0
1457.8120438,1457.8021651759323,40485332190.0
632.94331529,632.920562279971,40485332190.0
4877.099939,4877.096986188705,40485332190.0
1812.8929513,1812.885007655967,40485332190.0
283.37303009,283.3222052114804,40485332190.0
646.67253851,646.6502685686106,40485332190.0
1068.5071771,1068.4936992619473,40485332190.0
4362.8399936,4362.836692692642,40485332190.0
8876.5920176,8876.590395186624,40485332190.0
1662.4466973,1662.4380346439111,40485332190.0
1408.0879484,1408.0777208768386,40485332190.0
2469.7212086,2469.7153774482226,40485332190.0
1757.0118387,1757.0036423071062,40485332190.0
950.09005866,950.0749009125457,40485332190.0
12221.506095,12221.504916628139,40485332190.0
719.21060722,719.1905834415361,40485332190.0
309.50787062,309.46133806297746,40485332190.0
783.04005453,783.0216630336945,40485332190.0
1211.1344795,1211.1225888619247,40485332190.0
331.86667253,331.823275424362,40485332190.0
5241.317863,5241.31511536999,40485332190.0
1405.3267722,1405.3165245939808,40485332190.0
1506.4242762,1506.4147163112218,40485332190.0
6730.8810769,6730.878937286829,40485332190.0
2634.8345826,2634.8291168852625,40485332190.0
457.90244605,457.8709947902722,40485332190.0
2193.9306536,2193.92408945162,40485332190.0
1089.7550345,1089.7418194209217,40485332190.0
4663.7112181,4663.7081302007955,40485332190.0
1055.3025337,1055.2888872034475,40485332190.0
8079.4335337,8079.431751243143,40485332190.0
1983.7037676,1983.6965078948933,40485332190.0
2297.5712891,2297.56502117684,40485332190.0
12127.637282,12127.636093984396,40485332190.0
4934.27013,4934.267211383346,40485332190.0
2163.157761,2163.15110360111,40485332190.0
934.99842542,934.9830230104769,40485332190.0
4076.1572715,4076.1537384548374,40485332190.0
1347.1438249,1347.133134736426,40485332190.0
619.1578386,619.1345789639834,40485332190.0
13166.778522,13166.777428088017,40485332190.0
408.32563041,408.29036020019277,40485332190.0
2270.9448419,2270.938500430528,40485332190.0
1239.8505843,1239.8389691284028,40485332190.0
1112.8630173,1112.8500767065873,40485332190.0
9104.299327,9104.297745162023,40485332190.0
1240.4281095,1240.4164996302316,40485332190.0
7621.2425373,7621.24064772646,40485332190.0
4496.8673612,4496.864158698706,40485332190.0
1482.5300406,1482.5203266629521,40485332190.0
12602.145793,12602.144650406919,40485332190.0
793.97810894,793.9599708130809,40485332190.0
5885.1051159,5885.102668901692,40485332190.0
3058.7114966,3058.706788388808,40485332190.0
879.04608348,879.0297006671557,40485332190.0
1788.5521414,1788.544089486931,40485332190.0
1021.5520058,1021.5379083891265,40485332190.0
592.056582,592.0322576225827,40485332190.0
4842.7637093,4842.760735626979,40485332190.0
1444.2060668,1444.1960950846724,40485332190.0
1837.6253775,1837.6175407518767,40485332190.0
3531.2952496,3531.291171453379,40485332190.0
496.26732258,496.23830288027375,40485332190.0
706.82613709,706.8057624617393,40485332190.0
7109.2026084,7109.200582763898,40485332190.0
3479.2151699,3479.211030748763,40485332190.0
906.644663,906.6287789050222,40485332190.0
3724.3063631,3724.3024962383683,40485332190.0
1841.3139961,1841.3061750593172,40485332190.0
1537.1086661,1537.0992971871785,40485332190.0
1519.1639131,1519.1544333870052,40485332190.0
2870.4318342,2870.4268170627365,40485332190.0
1468.2767544,1468.2669462020453,40485332190.0
1001.1724402,1001.1580558431871,40485332190.0
490.51759621,490.48823632892686,40485332190.0
1641.1262042,1641.1174290042368,40485332190.0
832.82451009,832.8072180155076,40485332190.0
438.38782754,438.3549761488448,40485332190.0
1011.7976221,1011.7833887349714,40485332190.0
1480.0781668,1480.0684367512113,40485332190.0
2683.9719291,2683.9665635630827,40485332190.0
4670.3274906,4670.324407060603,40485332190.0
2377.2109885,2377.2049305372902,40485332190.0
4620.347673,4620.344556103061,40485332190.0
1776.4347474,1776.4266405989533,40485332190.0
2553.7062994,2553.700660106797,40485332190.0
224.90168791,224.83764587896638,40485332190.0
475.30164068,475.2713408252972,40485332190.0
563.47442567,563.4488673940311,40485332190.0
6667.7471112,6667.744951327822,40485332190.0
3396.5599474,3396.555707472921,40485332190.0
7814.2358741,7814.234031094739,40485332190.0
2456.3179658,2456.3121028936825,40485332190.0
676.16791184,676.1466133754985,40485332190.0
899.35014411,899.3341311706523,40485332190.0
1187.318887,1187.3067578142634,40485332190.0
906.1502204,906.1343276315481,40485332190.0
447.12633547,447.0941261711849,40485332190.0
7606.9258988,7606.924005677241,40485332190.0
11683.136185,11683.13495324951,40485332190.0
4364.7247156,4364.721416193876,40485332190.0
9924.3518718,9924.350420687617,40485332190.0
1748.3973666,1748.3891298165765,40485332190.0
1941.9456182,1941.9382023339401,40485332190.0
818.79962704,818.7820387672514,40485332190.0
5105.349486,5105.3466652708485,40485332190.0
2032.0674027,2032.0603157495834,40485332190.0
10711.821619,10711.820274840342,40485332190.0
1519.9225672,1519.913092272817,40485332190.0
1062.0090599,1061.995499616715,40485332190.0
3026.6743705,3026.6696124167174,40485332190.0
4260.9326588,4260.929278978176,40485332190.0
1622.0229224,1622.0140438636654,40485332190.0
519.60741168,519.5796955712914,40485332190.0
2507.527299,2507.521555842954,40485332190.0
1331.1273993,1331.1165805394294,40485332190.0
930.2138143,930.1983326597718,40485332190.0
6531.230527,6531.228322065057,40485332190.0
496.80589312,496.77690487921626,40485332190.0
1091.5789823,1091.5657893781688,40485332190.0
3644.2740581,3644.270106319553,40485332190.0
335.85907965,335.81619848698074,40485332190.0
4186.9108668,4186.907427325988,40485332190.0
1171.5610477,1171.5487554558829,40485332190.0
871.91328754,871.8967707002853,40485332190.0
763.00938605,762.9905117235567,40485332190.0
2624.4096956,2624.4042083057493,40485332190.0
453.22061748,453.18884131366553,40485332190.0
1572.1340699,1572.1249095961678,40485332190.0
1440.130134,1440.1201340267912,40485332190.0
769.4772989,769.4585832279569,40485332190.0
2385.0019678,2384.9959296415655,40485332190.0
4359.0732272,4359.069923467802,40485332190.0
3425.5684268,3425.5642227785675,40485332190.0
449.99516626,449.9631623129806,40485332190.0
1856.7890774,1856.7813213895033,40485332190.0
923.77186647,923.756276871044,40485332190.0
520.33824649,520.3105693113528,40485332190.0
3460.1962689,3460.192106997712,40485332190.0
302.04273094,301.99504812941683,40485332190.0
1556.1562335,1556.1469791828836,40485332190.0
1628.8097751,1628.8009336476646,40485332190.0
681.76850015,681.7473766607912,40485332190.0
3006.9279652,3006.9231758858277,40485332190.0
1657.4224262,1657.4137373002031,40485332190.0
1089.7661828,1089.7529677888579,40485332190.0
307.69695312,307.6501466660249,40485332190.0
1186.6289679,1186.6168317686875,40485332190.0
598.38441904,598.3603519020826,40485332190.0
2370.8098898,2370.80381544307,40485332190.0
434.4919578,434.45881182319215,40485332190.0
3824.5775463,3824.573780912169,40485332190.0
772.82464689,772.8060122880845,40485332190.0
1371.5747275,1371.5642278129328,40485332190.0
3982.521454,3982.517837899549,40485332190.0
929.89096605,929.8754790450832,40485332190.0
639.11643328,639.0939000427454,40485332190.0
1867.0192741,1867.0115606107113,40485332190.0
259.05656803,259.0009714668386,40485332190.0
1603.1846676,1603.1756847691256,40485332190.0
846.87168773,846.854682489576,40485332190.0
631.95342467,631.9306360062664,40485332190.0
6014.9695249,6014.967130669035,40485332190.0
356.39670244,356.35629262632506,40485332190.0
2848.3735898,2848.3685338803325,40485332190.0
318.87680495,318.83163976356326,40485332190.0
13854.021683,13854.020643496408,40485332190.0
692.11099089,692.0901830639988,40485332190.0
708.32837731,708.3080458946303,40485332190.0
1009.3372532,1009.3229852201611,40485332190.0
2485.7583516,2485.7525581482187,40485332190.0
363.46863429,363.42901079598283,40485332190.0
3932.7779937,3932.7743319364013,40485332190.0
483.37166048,483.3418665252627,40485332190.0
11702.920055,11702.918825108387,40485332190.0
4149.6433271,4149.639856734882,40485332190.0
8058.2282642,8058.226477067175,40485332190.0
4832.1831456,4832.1801653285365,40485332190.0
954.52127362,954.5061862363247,40485332190.0
1642.1888469,1642.1800774015076,40485332190.0
1772.5413374,1772.533212805773,40485332190.0
5818.9758054,5818.973330545745,40485332190.0
1921.5324216,1921.5249269642302,40485332190.0
484.90502418,484.87532444330037,40485332190.0
2417.5232086,2417.5172516238367,40485332190.0
980.98949304,980.9748127348059,40485332190.0
1466.4471936,1466.4373731852036,40485332190.0
1532.198964,1532.1895649922637,40485332190.0
2981.3874321,2981.3826016706535,40485332190.0
5386.4972824,5386.494608811996,40485332190.0
1016.7212485,1016.707084147312,40485332190.0
1053.8927864,1053.8791215822944,40485332190.0
688.286595,688.2656715545681,40485332190.0
10682.668107,10682.666758858051,40485332190.0
3360.8513742,3360.8470892080463,40485332190.0
4845.2762251,4845.273252967647,40485332190.0
603.99787117,603.974027716677,40485332190.0
2271.0713703,2271.065029212341,40485332190.0
2664.1914434,2664.1860380002445,40485332190.0
2145.3827703,2145.376057711703,40485332190.0
6884.9676379,6884.965546272558,40485332190.0
1290.9083387,1290.8971828506624,40485332190.0
1154.0162624,1154.0037831862824,40485332190.0
190.55565968,190.48007038550634,40485332190.0
2489.5761819,2489.5703973305895,40485332190.0
3714.6401518,3714.6362749551295,40485332190.0
4471.6737061,4471.670485568234,40485332190.0
2064.7950868,2064.788112177453,40485332190.0
9229.0773642,9229.075803777121,40485332190.0
1409.0524452,1409.0422247595702,40485332190.0
2491.6639991,2491.6582194126013,40485332190.0
14740.459576,14740.45859873496,40485332190.0
657.65725589,657.6353579419475,40485332190.0
8403.770768,8403.769054336517,40485332190.0
4418.5709001,4418.567640913689,40485332190.0
1977.9656138,1977.9583329708712,40485332190.0
4195.0685598,4195.065126948672,40485332190.0
3095.85587,3095.8512181850106,40485332190.0
1949.7349231,1949.7275368520536,40485332190.0
1946.8947508,1946.8873537339987,40485332190.0
1874.6570799,1874.6493978500903,40485332190.0
1895.8746313,1895.8670352754589,40485332190.0
1736.0455988,1736.037303433977,40485332190.0
2496.8582551,2496.85248734073,40485332190.0
616.08991002,616.0665345618459,40485332190.0
968.24234807,968.2274744949375,40485332190.0
1923.3524907,1923.3450031704576,40485332190.0
2145.0264188,2145.019704995682,40485332190.0
1202.202628,1202.1906490258398,40485332190.0
4292.8008774,4292.797522674959,40485332190.0
511.19597211,511.16779991955957,40485332190.0
2804.550181,2804.545046140138,40485332190.0
2441.4369413,2441.431042676663,40485332190.0
4279.8595996,4279.8562347298375,40485332190.0
1870.4208886,1870.4131891986874,40485332190.0
1638.3423797,1638.3335896430742,40485332190.0
1183.1975377,1183.1853663279658,40485332190.0
1462.4283778,1462.4185303705788,40485332190.0
1025.0118529,1024.9978031391972,40485332190.0
1743.9568626,1743.9486048994681,40485332190.0
2286.3787308,2286.3724320729475,40485332190.0
12776.576882,12776.575754523943,40485332190.0
1457.4910242,1457.481143435541,40485332190.0
1951.06742,1951.0600388399826,40485332190.0
2627.0240195,2627.0185375511255,40485332190.0
967.69496311,967.6800811250336,40485332190.0
2259.1069037,2259.1005290729777,40485332190.0
7999.9368691,7999.93506900268,40485332190.0
745.00791637,744.9885859696412,40485332190.0
1132.9031081,1132.8903963258997,40485332190.0
1491.1049453,1491.0952872262117,40485332190.0
7311.4767729,7311.474803177589,40485332190.0
972.57941962,972.5646123764715,40485332190.0
789.37117848,789.3529344996124,40485332190.0
5952.1293672,5952.126947765793,40485332190.0
580.87265227,580.8478595394872,40485332190.0
1006.4280755,1006.41376626388,40485332190.0
2771.0579227,2771.0527256773385,40485332190.0
1345.9292113,1345.9185115486575,40485332190.0
1519.9818111,1519.9723365978368,40485332190.0
248.15896067,248.10092209129456,40485332190.0
1507.8503919,1507.840841134879,40485332190.0
687.91088802,687.8899531430578,40485332190.0
1572.0276109,1572.018449984583,40485332190.0
9850.5837564,9850.582294524193,40485332190.0
3512.4975921,3512.4934921039367,40485332190.0
435.99324733,435.9602154985423,40485332190.0
1108.6366685,1108.6236785655983,40485332190.0
501.42559961,501.3968784530789,40485332190.0
1468.1653585,1468.155549563675,40485332190.0
776.9198149,776.9012785204562,40485332190.0
1224.7558143,1224.744055847467,40485332190.0
1277.1946541,1277.1833784905716,40485332190.0
823.06043312,823.0429359027779,40485332190.0
448.8775438,448.84546016091326,40485332190.0
289.08344296,289.03362222452336,40485332190.0
1380.967454,1380.9570257334703,40485332190.0
138.5542451,138.45026766467586,40485332190.0
914.67572028,914.659975646784,40485332190.0
1399.3666762,1399.3563850366052,40485332190.0
600.34243425,600.3184456069971,40485332190.0
1502.7096689,1502.7000853680884,40485332190.0
307.68857245,307.6417647142702,40485332190.0
2759.4513074,2759.4460884939595,40485332190.0
4150.2330556,4150.2295856627825,40485332190.0
1069.2643898,1069.2509214886707,40485332190.0
7431.2562628,7431.254324892888,40485332190.0
638.45116364,638.4286069271913,40485332190.0
2115.563682,2115.5568747232956,40485332190.0
18425.145613,18425.144831359197,40485332190.0
1386.8280358,1386.8176515455973,40485332190.0
2006.6813634,2006.6741867843482,40485332190.0
4665.6899355,4665.686848930718,40485332190.0
399.52045633,399.48440871318456,40485332190.0
1464.9531525,1464.943322058154,40485332190.0
2361.5496033,2361.543505152587,40485332190.0
375.55306102,375.5147126577075,40485332190.0
7214.8543263,7214.852330174781,40485332190.0
256.42038308,256.3642148229727,40485332190.0
3126.973576,3126.968970531698,40485332190.0
2969.6565935,2969.651744016406,40485332190.0
856.36144798,856.3446311798544,40485332190.0
7349.2020225,7349.200062979357,40485332190.0
725.53318445,725.5133351678422,40485332190.0
4764.6273528,4764.624330306667,40485332190.0
589.49293892,589.4685087542609,40485332190.0
511.26645374,511.2382854473066,40485332190.0
3148.903097,3148.8985235830532,40485332190.0
2002.1519148,2002.144722008695,40485332190.0
4267.1856276,4267.182252756874,40485332190.0
1181.0004717,1180.988277651714,40485332190.0
3151.8518137,3151.847244630365,40485332190.0
4200.0210543,4200.017625531224,40485332190.0
877.99817292,877.9817705521884,40485332190.0
3989.3830708,3989.3794609162755,40485332190.0
8684.3393718,8684.337713495683,40485332190.0
1689.7105813,1689.7020584060856,40485332190.0
2552.3523013,2552.3466590054722,40485332190.0
1030.459027,1030.4450515160775,40485332190.0
831.29983856,831.2825147773929,40485332190.0
4009.1656577,4009.162065651101,40485332190.0
10228.493632,10228.492224165966,40485332190.0
3941.9597528,3941.956099534234,40485332190.0
867.99931291,867.9827215998955,40485332190.0
1180.0003549,1179.988150501917,40485332190.0
3959.4327582,3959.4291210413235,40485332190.0
5448.6454137,5448.642770645629,40485332190.0
1361.6316686,1361.6210921514703,40485332190.0
11720.069105,11720.067876152083,40485332190.0
422.08234855,422.0482279795472,40485332190.0
4214.6171364,4214.613719406036,40485332190.0
848.93203949,848.91507552887,40485332190.0
2699.159314,2699.153978649422,40485332190.0
1179.9721692,1179.9599644906136,40485332190.0
3328.5123119,3328.5079852876743,40485332190.0
673.18390128,673.1625083968745,40485332190.0
6217.1409139,6217.138597532264,40485332190.0
983.28979882,983.275152867332,40485332190.0
2438.0424635,2438.0365566431437,40485332190.0
1369.7746921,1369.7641785709245,40485332190.0
2882.5810438,2882.5760478935567,40485332190.0
5827.4224928,5827.420021534342,40485332190.0
2029.3993029,2029.3922067094386,40485332190.0
5714.9570702,5714.954550327698,40485332190.0
288.71532414,288.6654398684242,40485332190.0
2734.4153814,2734.4101147839915,40485332190.0
1278.207326,1278.1960593238584,40485332190.0
2826.6740524,2826.668957712664,40485332190.0
911.18295627,911.1671512834275,40485332190.0
3441.4412627,3441.437078070072,40485332190.0
4329.3869225,4329.383596179369,40485332190.0
1792.0166539,1792.0086176568109,40485332190.0
6441.0919438,6441.089707977616,40485332190.0
1139.520837,1139.5081990229014,40485332190.0
6950.9124735,6950.910401695711,40485332190.0
289.20514992,289.1553501501505,40485332190.0
788.4384062,788.420140632211,40485332190.0
4461.7199741,4461.716746448487,40485332190.0
2210.2337912,2210.227275539474,40485332190.0
2397.5322708,2397.5262641017243,40485332190.0
3474.1006045,3474.0964592340974,40485332190.0
973.16178011,973.146981732577,40485332190.0
858.06034402,858.0435605240957,40485332190.0
1149.1408629,1149.1283308018283,40485332190.0
5872.8051155,5872.802663407927,40485332190.0
1596.1074585,1596.0984358411258,40485332190.0
2580.0567776,2580.0511958456123,40485332190.0
877.37735603,877.3609420646283,40485332190.0
6039.2978387,6039.295454144321,40485332190.0
1644.4315306,1644.4227730748864,40485332190.0
1055.1784481,1055.1647999412576,40485332190.0
2298.1698824,2298.163616022052,40485332190.0
1063.6092747,1063.5957348414677,40485332190.0
1337.4068681,1337.3961001113025,40485332190.0
536.02523294,535.9983657868464,40485332190.0
4230.3459764,4230.342572249406,40485332190.0
1164.1448423,1164.1324716650822,40485332190.0
759.20009444,759.1811254047021,40485332190.0
7645.2688477,7645.266964090843,40485332190.0
200.6444302,200.5726430748466,40485332190.0
3050.8117041,3050.806983666851,40485332190.0
1733.6521306,1733.6438237637235,40485332190.0
7089.380166,7089.378134668031,40485332190.0
2956.7331511,2956.7282805721193,40485332190.0
2501.4025547,2501.396797494578,40485332190.0
3711.7012685,3711.6973885422967,40485332190.0
7461.1693475,7461.167417448873,40485332190.0
23831.254037,23831.25343294735,40485332190.0
847.19409555,847.17709678789,40485332190.0
3032.7988864,3032.7941378941196,40485332190.0
3296.9868205,3296.9824525453982,40485332190.0
2978.1620693,2978.157233690603,40485332190.0
1545.819642,1545.8103258739122,40485332190.0
2873.866216,2873.8612048820696,40485332190.0
2381.28811,2381.2820623260486,40485332190.0
178.54445218,178.4637755442546,40485332190.0
1588.5626196,1588.5535541347563,40485332190.0
1973.3949401,1973.3876424293423,40485332190.0
646.89083448,646.8685720580894,40485332190.0
1570.0998157,1570.0906435915372,40485332190.0
641.70993739,641.6874952272698,40485332190.0
949.62101063,949.605845391505,40485332190.0
3788.1434561,3788.1396545460157,40485332190.0
1327.1697535,1327.1589025030037,40485332190.0
1080.2339334,1080.2206018809234,40485332190.0
15569.540088,15569.539162988902,40485332190.0
866.7556476,866.7390324774668,40485332190.0
1679.705597,1679.6970233855864,40485332190.0
4785.352222,4785.34921256654,40485332190.0
3272.1452795,3272.1408783019333,40485332190.0
1711.6502025,1711.6417889782454,40485332190.0
1076.0769205,1076.0635373979496,40485332190.0
1758.4696061,1758.461416576174,40485332190.0
2245.8371745,2245.830762094442,40485332190.0
179.28017958,179.19983417746636,40485332190.0
833.16474536,833.1474603468934,40485332190.0
2101.3557861,2101.3489328611604,40485332190.0
2878.4995174,2878.494514474342,40485332190.0
2382.2308591,2382.2248138343994,40485332190.0
3280.1674791,3280.1630886657426,40485332190.0
1042.5241338,1042.510320012956,40485332190.0
702.5529448,702.5324462522383,40485332190.0
486.69389315,486.664302589397,40485332190.0
301.0425565,300.994715244173,40485332190.0
2293.0572806,2293.05100027539,40485332190.0
1614.7574413,1614.748522882829,40485332190.0
3697.2720468,3697.268151732935,40485332190.0
710.18790174,710.1676235632009,40485332190.0
1385.0990563,1385.0886590866737,40485332190.0
4403.5817551,4403.57848479736,40485332190.0
1502.0518415,1502.042253838274,40485332190.0
2130.0392945,2130.032533601211,40485332190.0
1960.2920616,1960.2847152079648,40485332190.0
4198.2764033,4198.272973020737,40485332190.0
393.77352646,393.73695269791483,40485332190.0
8623.7598844,8623.758214512563,40485332190.0
416.5996845,416.5651148457422,40485332190.0
1978.8014982,1978.7942205808345,40485332190.0
784.21960321,784.2012393735446,40485332190.0
5822.9430418,5822.94056858415,40485332190.0
3308.5320734,3308.52772069471,40485332190.0
971.7251675,971.7103472342335,40485332190.0
2033.3542542,2033.3471717108882,40485332190.0
878.26850892,878.2521116015636,40485332190.0
306.84622981,306.7992935568089,40485332190.0
8262.4782279,8262.476484985049,40485332190.0
690.87819481,690.8573498488515,40485332190.0
357.7330716,357.69281275674103,40485332190.0
1027.4110991,1027.3970821834314,40485332190.0
19427.278581,19427.277839529797,40485332190.0
2851.2172443,2851.2121934274296,40485332190.0
3811.464626,3811.4608476000653,40485332190.0
2878.7259107,2878.720908091871,40485332190.0
4709.8599359,4709.856878241891,40485332190.0
19521.707903,19521.707165590953,40485332190.0
828.86930642,828.8519318361538,40485332190.0
1599.5198645,1599.5108610826323,40485332190.0
4815.5484086,4815.545418083949,40485332190.0
582.84499836,582.8202895338902,40485332190.0
1942.1671661,1942.1597511799816,40485332190.0
317.36832972,317.32294983089554,40485332190.0
3596.8930053,3596.889001579428,40485332190.0
591.6175769,591.593234478868,40485332190.0
422.62151025,422.5874332000021,40485332190.0
733.94653257,733.9269108406422,40485332190.0
1086.5956107,1086.5823571399321,40485332190.0
909.68380311,909.6679720781511,40485332190.0
414.69547784,414.66074943894836,40485332190.0
3562.1368128,3562.132769889883,40485332190.0
9285.3586203,9285.357069426971,40485332190.0
301.29963214,301.251831705754,40485332190.0
484.22775131,484.1980100288868,40485332190.0
1361.6037397,1361.5931630245639,40485332190.0
1712.1559556,1712.147544437751,40485332190.0
5221.7410269,5221.738269001057,40485332190.0
3056.7587361,3056.7540248573346,40485332190.0
687.45129832,687.4303494486754,40485332190.0
105.86118506,105.72505986263873,40485332190.0
637.29815774,637.2755602126059,40485332190.0
346.78998657,346.74845719115837,40485332190.0
323.44723392,323.4027070231415,40485332190.0
787.23774896,787.2194555375777,40485332190.0
617.31699366,617.2936646650272,40485332190.0
1884.7882492,1884.780608526087,40485332190.0
8054.0549094,8054.053121413449,40485332190.0
995.12845031,995.1139785939374,40485332190.0
576.5566753,576.5316969779684,40485332190.0
5298.6381681,5298.635450258434,40485332190.0
2103.5216371,2103.5147908926842,40485332190.0
1213.7961697,1213.7843051631191,40485332190.0
1767.623821,1767.6156738021139,40485332190.0
514.6667404,514.6387582199715,40485332190.0
5699.3524954,5699.349968627906,40485332190.0
1282.7524453,1282.7412184947323,40485332190.0
1659.2483338,1659.2396544867756,40485332190.0
5382.1082645,5382.105588772793,40485332190.0
1227.6349391,1227.623208271834,40485332190.0
4418.8366785,4418.833419451412,40485332190.0
1183.1271851,1183.115012912144,40485332190.0
353.52929673,353.4885591145248,40485332190.0
1457.566456,1457.556575648399,40485332190.0
727.75079173,727.7310029507493,40485332190.0
777.06651234,777.0479794582894,40485332190.0
405.05265767,405.0171024310201,40485332190.0
1546.034017,1546.0247020690379,40485332190.0
1693.6792207,1693.6707178541794,40485332190.0
2847.6154629,2847.6104056160534,40485332190.0
892.72584237,892.7097106060534,40485332190.0
1502.9122862,1502.902703980104,40485332190.0
1408.3270729,1408.3168471817655,40485332190.0
1813.7503483,1813.7424083285318,40485332190.0
1330.2227653,1330.2119392133814,40485332190.0
646.16653468,646.1442472988178,40485332190.0
1346.1241122,1346.113413918343,40485332190.0
1268.2918843,1268.2805294807333,40485332190.0
3978.1309191,3978.1272990294333,40485332190.0
1437.9947792,1437.9847644542517,40485332190.0
543.29532599,543.2688183782182,40485332190.0
3005.9230454,3005.918254416817,40485332190.0
387.39238353,387.35520726535293,40485332190.0
1925.6799472,1925.672468773182,40485332190.0
1764.0366213,1764.0284575611715,40485332190.0
1069.3890873,1069.3756205927332,40485332190.0
1307.9120226,1307.9010118095582,40485332190.0
980.39107089,980.3763816287116,40485332190.0
9439.0826602,9439.081134476135,40485332190.0
3992.3649607,3992.361353518261,40485332190.0
2291.2300074,2291.2237220817165,40485332190.0
1131.7633203,1131.7505956845284,40485332190.0
1756.8976881,1756.8894911981827,40485332190.0
1383.1395358,1383.129123943082,40485332190.0
571.95719391,571.9320146970308,40485332190.0
2127.1710366,2127.1642664785218,40485332190.0
1999.0730272,1999.0658232994012,40485332190.0
953.09688698,953.0817770471969,40485332190.0
2808.5880295,2808.5829019145845,40485332190.0
439.46096581,439.428194648228,40485332190.0
819.26099289,819.2434145263953,40485332190.0
2606.4480897,2606.4425645442916,40485332190.0
1569.5592259,1569.5500506304604,40485332190.0
9829.3507903,9829.34932522317,40485332190.0
753.47353738,753.4544241787405,40485332190.0
1715.4146773,1715.4062821079547,40485332190.0
2762.8049386,2762.799726055166,40485332190.0
1096.4304253,1096.4172907491036,40485332190.0
631.49456248,631.4717572617886,40485332190.0
774.97425228,774.9556693610751,40485332190.0
4830.6803466,4830.677365422056,40485332190.0
1515.4906406,1515.481137950679,40485332190.0
298.99747848,298.94930994414733,40485332190.0
6196.7142492,6196.711925219262,40485332190.0
591.78284375,591.7585081259557,40485332190.0
675.60951918,675.5882031118546,40485332190.0
1237.887165,1237.875531262384,40485332190.0
2891.4083806,2891.403399899553,40485332190.0
3994.4469208,3994.443315485381,40485332190.0
1237.3593483,1237.347709714071,40485332190.0
1381.1440396,1381.133612621946,40485332190.0
2502.4884386,2502.482683848119,40485332190.0
675.4362268,675.4149052566707,40485332190.0
771.12482703,771.1061513419338,40485332190.0
1235.9558429,1235.9441910511064,40485332190.0
9002.0906768,9002.089077012199,40485332190.0
3481.8741754,3481.870039330877,40485332190.0
5579.4709426,5579.468361590014,40485332190.0
1657.1441002,1657.135409857608,40485332190.0
1127.7415644,1127.7287944899779,40485332190.0
5427.802079,5427.79942582191,40485332190.0
1514.9408515,1514.9313453692882,40485332190.0
1078.8964997,1078.8831516806783,40485332190.0
7186.6459232,7186.643919352754,40485332190.0
4844.338244,4844.335271269369,40485332190.0
3395.5948267,3395.5905854951316,40485332190.0
4231.6448514,4231.641448239801,40485332190.0
4562.8458841,4562.842727867397,40485332190.0
2492.7925218,2492.786744726769,40485332190.0
611.98220854,611.9586761810908,40485332190.0
2120.9501847,2120.9433947116204,40485332190.0
1335.8586347,1335.8478542266416,40485332190.0
1093.2615412,1093.2483684897022,40485332190.0
2807.6937864,2807.688657226432,40485332190.0
752.60001516,752.5808797707508,40485332190.0
2137.6486977,2137.6419608379824,40485332190.0
1719.0662182,1719.0578408613112,40485332190.0
7407.153711,7407.151766817983,40485332190.0
6838.2537804,6838.251674461358,40485332190.0
885.51206241,885.4957992331704,40485332190.0
1522.4388679,1522.429408579162,40485332190.0
4701.7600809,4701.757017965822,40485332190.0
4248.3140542,4248.310664381137,40485332190.0
1433.2483308,1433.238282789115,40485332190.0
5192.6955885,5192.692815066434,40485332190.0
3619.1637449,3619.159765746452,40485332190.0
1409.6693118,1409.659095781658,40485332190.0
517.48275668,517.4549267768805,40485332190.0
1658.4705779,1658.4618944708286,40485332190.0
4395.7435809,4395.740304763335,40485332190.0
1010.4536993,1010.4394470931452,40485332190.0
10659.773647,10659.772296561638,40485332190.0
985.51528779,985.5006749135672,40485332190.0
401.15039435,401.11449321558183,40485332190.0
2625.5735501,2625.568065219007,40485332190.0
3018.5612259,3018.5564550373365,40485332190.0
1442.0440822,1442.0340955162214,40485332190.0
4271.959168,4271.955796910802,40485332190.0
1223.6123887,1223.600619341881,40485332190.0
4729.1970496,4729.194004451837,40485332190.0
2442.6564776,2442.6505819187746,40485332190.0
758.96205269,758.9430777138373,40485332190.0
7052.9502669,7052.9482250880155,40485332190.0
925.47161283,925.4560518566233,40485332190.0
1976.8657138,1976.858428998069,40485332190.0
1649.1041152,1649.0953824263809,40485332190.0
3863.0129234,3863.009195403359,40485332190.0
1293.1937801,1293.1826440111645,40485332190.0
1783.1188205,1783.1107441164536,40485332190.0
138.55561092,138.451634504159,40485332190.0
4976.0840746,4976.081180510154,40485332190.0
4319.9155364,4319.91220281962,40485332190.0
853.97134626,853.9544824001787,40485332190.0
764.48929917,764.4704613785854,40485332190.0
1081.1304546,1081.1171340862763,40485332190.0
2023.1223245,2023.115206242744,40485332190.0
2597.9502399,2597.944696657117,40485332190.0
1751.9640716,1751.955851646622,40485332190.0
1516.852593,1516.84309890192,40485332190.0
1924.958303,1924.9508216956515,40485332190.0
908.22007849,908.2042219447505,40485332190.0
2365.8529888,2365.8469017983084,40485332190.0
1614.8953718,1614.886454089654,40485332190.0
799.77314695,799.75514024715,40485332190.0
1481.7262149,1481.7164957122013,40485332190.0
892.50889476,892.4927590803925,40485332190.0
5932.8886357,5932.886208283399,40485332190.0
4840.5270502,4840.524075165198,40485332190.0
2729.942576,2729.937300783328,40485332190.0
1513.7509882,1513.7414746786476,40485332190.0
713.73971263,713.7195353648351,40485332190.0
6729.8838504,6729.881710474728,40485332190.0
555.33110231,555.3051692304382,40485332190.0
2211.3563855,2211.3498731918003,40485332190.0
1849.093393,1849.0856047330249,40485332190.0
2698.122546,2698.1172086006886,40485332190.0
1532.1070198,1532.097620204217,40485332190.0
2315.8101509,2315.8039322914237,40485332190.0
10324.314006,10324.312611430709,40485332190.0
1328.5778404,1328.5670009157047,40485332190.0
4523.2757902,4523.272606424359,40485332190.0
2019.1532869,2019.1461546133935,40485332190.0
1308.1966994,1308.1856910456438,40485332190.0
6046.8149758,6046.81259427185,40485332190.0
5322.4278187,5322.425113020115,40485332190.0
2420.7921736,2420.7862246373493,40485332190.0
3090.6274828,3090.6228231862137,40485332190.0
1763.3413289,1763.3331618459724,40485332190.0
1478.445773,1478.436032213396,40485332190.0
140.43668876,140.33410608805255,40485332190.0
3542.8026134,3542.798548511809,40485332190.0
4844.641664,4844.638691451046,40485332190.0
778.35258591,778.3340836475016,40485332190.0
405.18123204,405.14568808164347,40485332190.0
5145.0889401,5145.086141135524,40485332190.0
8094.2095198,8094.20774066187,40485332190.0
1314.3192766,1314.308319431152,40485332190.0
528.91435312,528.8871247358788,40485332190.0
1498.5487635,1498.5391534553737,40485332190.0
4276.592307,4276.588939539958,40485332190.0
1945.8339991,1945.8265981107197,40485332190.0
552.5957598,552.5696983412058,40485332190.0
2080.0613608,2080.054437340172,40485332190.0
9770.8123925,9770.810918549478,40485332190.0
1761.1137901,1761.1056127244049,40485332190.0
2004.6027049,2004.5955208269447,40485332190.0
3565.8892917,3565.885253172881,40485332190.0
7645.3179819,7645.316098211374,40485332190.0
1559.0959625,1559.08672568988,40485332190.0
955.81775408,955.8026871648947,40485332190.0
3848.2294,3848.225657669627,40485332190.0
480.59095112,480.5609847622331,40485332190.0
268.10569508,268.05197539619394,40485332190.0
5014.4341696,5014.431297692188,40485332190.0
824.28274203,824.2652707665212,40485332190.0
683.2718977,683.2508206817088,40485332190.0
4026.3117657,4026.308188909158,40485332190.0
1731.2777127,1731.26939443162,40485332190.0
2073.8258077,2073.818863470304,40485332190.0
996.76040431,996.7459562845019,40485332190.0
8759.1279614,8759.126317214183,40485332190.0
1204.2595018,1204.247543250107,40485332190.0
5062.4652048,5062.462360187256,40485332190.0
1162.3218274,1162.3094373671884,40485332190.0
1543.3599804,1543.3506493549444,40485332190.0
2422.0060404,2422.0000944556455,40485332190.0
1154.5052894,1154.4928155166551,40485332190.0
1170.3891682,1170.3768636688833,40485332190.0
1078.5240226,1078.5106698387365,40485332190.0
1468.6549788,1468.6451730961421,40485332190.0
576.77747764,576.7525088681541,40485332190.0
778.70439292,778.6858990209986,40485332190.0
1326.763233,1326.752378603143,40485332190.0
651.94946999,651.9273803076187,40485332190.0
17886.493371,17886.49256563308,40485332190.0
2117.6464745,2117.6396739508227,40485332190.0
2338.2041713,2338.1980122312634,40485332190.0
921.2515131,921.2358808558805,40485332190.0
513.60718205,513.5791421314627,40485332190.0
2763.4417619,2763.4365505503956,40485332190.0
1108.6973938,1108.6844045704397,40485332190.0
1033.5993963,1033.5854631988816,40485332190.0
1023.0300268,1023.0159498126492,40485332190.0
1792.8118916,1792.8038588943778,40485332190.0
198.31440152,198.24177064049044,40485332190.0
2969.4912175,2969.4863677846447,40485332190.0
2152.592565,2152.5858748280925,40485332190.0
4310.0330668,4310.029725478374,40485332190.0
3942.5707775,3942.5671247253817,40485332190.0
4360.5343756,4360.5310730590245,40485332190.0
3350.3895167,3350.3852183479703,40485332190.0
1018.4761328,1018.4619928376435,40485332190.0
912.13630156,912.1205130926787,40485332190.0
914.66797932,914.6522345464883,40485332190.0
3041.5059386,3041.5012037596425,40485332190.0
10334.391925,10334.390531387595,40485332190.0
5445.2952782,5445.292633525492,40485332190.0
1483.749385,1483.7396790496375,40485332190.0
2509.4629894,2509.4572506874415,40485332190.0
951.46235021,951.4472143266698,40485332190.0
981.55319015,981.5385182749972,40485332190.0
1868.5291635,1868.521456284439,40485332190.0
415.09033975,415.0556443849376,40485332190.0
1025.8642155,1025.850177416094,40485332190.0
639.96669246,639.9441891606936,40485332190.0
6284.2291502,6284.226858493659,40485332190.0
1612.7793925,1612.770463106631,40485332190.0
4722.4359196,4722.432870106953,40485332190.0
2396.3095932,2396.303583425878,40485332190.0
930.79354744,930.7780754457867,40485332190.0
1651.878612,1651.8698939880956,40485332190.0
1230.0534043,1230.0416964862025,40485332190.0
3148.8349975,3148.8304240408465,40485332190.0
1249.3210098,1249.3094826052268,40485332190.0
504.43383912,504.40528925843955,40485332190.0
1493.3287518,1493.3191082089083,40485332190.0
1305.3026331,1305.2916002799477,40485332190.0
1415.1302749,1415.1200983854862,40485332190.0
2393.1429626,2393.13694487949,40485332190.0
882.59654697,882.5802300641365,40485332190.0
2988.0308304,2988.0260108513776,40485332190.0
644.35551029,644.3331602740511,40485332190.0
4300.5845574,4300.581208812439,40485332190.0
1427.6936699,1427.6835828673418,40485332190.0
5788.773148,5788.770660296336,40485332190.0
8273.3385204,8273.336779678139,40485332190.0
739.5003221,739.4808477341783,40485332190.0
4074.0986249,4074.095090050163,40485332190.0
900.1936642,900.1776662605255,40485332190.0
3472.1361989,3472.1320513247765,40485332190.0
3627.8593324,3627.8553627679867,40485332190.0
951.04808938,951.0329468976637,40485332190.0
614.4433762,614.4199381027687,40485332190.0
498.47441873,498.44552751896333,40485332190.0
1240.196449,1240.18483693269,40485332190.0
1722.5170081,1722.5086475034616,40485332190.0
891.53676654,891.5206132688488,40485332190.0
4524.7375194,4524.734336697618,40485332190.0
1420.8262075,1420.8160717779701,40485332190.0
1273.7810701,1273.7697642280323,40485332190.0
2720.5100575,2720.5047639618942,40485332190.0
769.77412073,769.7554122679392,40485332190.0
2368.7463508,2368.7402712159474,40485332190.0
858.27805443,858.2612751949168,40485332190.0
567.5080582,567.4826815917339,40485332190.0
3708.8641679,3708.8602849603567,40485332190.0
3768.9730955,3768.9692745451407,40485332190.0
3683.8665377,3683.8626284146976,40485332190.0
2021.9656756,2021.9585532708131,40485332190.0
801.37351602,801.3555452825657,40485332190.0
1136.7646823,1136.7520137693618,40485332190.0
3279.4715549,3279.4671635481795,40485332190.0
870.80780836,870.7912705631627,40485332190.0
11401.671295,11401.670031765361,40485332190.0
3753.5194498,3753.515613072724,40485332190.0
243.86531267,243.8062519700827,40485332190.0
8826.1400122,8826.138380618084,40485332190.0
3565.6289151,3565.62487617755,40485332190.0
1912.1536805,1912.1461491029618,40485332190.0
501.94735987,501.9186685657132,40485332190.0
4615.3602003,4615.357080043764,40485332190.0
7404.7280171,7404.726072245716,40485332190.0
893.27405907,893.2579372047279,40485332190.0
1165.5902302,1165.57787500232,40485332190.0
1063.2954575,1063.2819136290577,40485332190.0
5011.7139597,5011.711086159203,40485332190.0
854.45083421,854.4339798137386,40485332190.0
1104.051318,1104.0382741100045,40485332190.0
3297.1366616,3297.1322937746686,40485332190.0
4318.9310265,4318.927692039562,40485332190.0
1000.0985464,1000.0841466110703,40485332190.0
1921.3310263,1921.3235308983958,40485332190.0
1401.9260843,1401.9158118292555,40485332190.0
4717.4614365,4717.458383726122,40485332190.0
13990.126143,13990.125113789018,40485332190.0
1412.4646376,1412.4544418344594,40485332190.0
1045.2493698,1045.2355920330078,40485332190.0
6735.9784991,6735.976361171687,40485332190.0
2062.2167305,2062.2097471605434,40485332190.0
5677.1959108,5677.1933741646335,40485332190.0
467.58198763,467.551187501679,40485332190.0
261.26742269,261.2122966879578,40485332190.0
343.89662007,343.85474124866937,40485332190.0
1124.8300152,1124.8172122516828,40485332190.0
1307.969993,1307.9589826448212,40485332190.0
927.57677516,927.5612495156378,40485332190.0
796.14400837,796.1259195820919,40485332190.0
2039.7839651,2039.7769049141843,40485332190.0
2428.4891787,2428.483248561309,40485332190.0
433.91139567,433.87820534595846,40485332190.0
2335.4954039,2335.489237620972,40485332190.0
1133.0443335,1133.0316232933471,40485332190.0
1978.7905852,1978.7833074509772,40485332190.0
740.58010865,740.5606626815011,40485332190.0
5025.6566905,5025.653825033664,40485332190.0
3588.7527072,3588.748694393271,40485332190.0
3043.3044528,3043.2997207245853,40485332190.0
15257.840183,15257.839239642755,40485332190.0
1354.8936487,1354.8830197181017,40485332190.0
1895.616841,1895.6092439384329,40485332190.0
534.68256918,534.655634558252,40485332190.0
11443.377406,11443.376146766324,40485332190.0
1667.8433454,1667.8347107945754,40485332190.0
694.44720812,694.4264702951273,40485332190.0
4604.2832656,4604.280137905038,40485332190.0
3823.6964782,3823.6927119262045,40485332190.0
1470.8645563,1470.8547653849373,40485332190.0
341.05708135,341.01485380799824,40485332190.0
1620.0575733,1620.048684044961,40485332190.0
7036.4582945,7036.45624791465,40485332190.0
2338.5250274,2338.518869213154,40485332190.0
476.70539573,476.6751851034721,40485332190.0
2661.1887027,2661.1832911565525,40485332190.0
696.69879242,696.6781216188704,40485332190.0
762.52544997,762.506563660974,40485332190.0
709.31915781,709.2988548006496,40485332190.0
2539.617783,2539.61211239996,40485332190.0
616.7525003,616.7291499577201,40485332190.0
1180.8493106,1180.8371149821694,40485332190.0
692.71867878,692.6978892026991,40485332190.0
1515.109971,1515.1004660176711,40485332190.0
4154.7572061,4154.753739965315,40485332190.0
566.42072902,566.3953036921273,40485332190.0
559.86505137,559.8393283095803,40485332190.0
736.2227825,736.2032214276047,40485332190.0
1340.7583975,1340.7476564578005,40485332190.0
1265.4051969,1265.3938162354511,40485332190.0
7979.8308371,7979.829032457361,40485332190.0
1392.8375672,1392.8272277407164,40485332190.0
809.45872592,809.440934691869,40485332190.0
1912.3371413,1912.3296106558,40485332190.0
2654.9202244,2654.9148001524527,40485332190.0
2954.0316311,2954.0267560135644,40485332190.0
4973.1611378,4973.158242023066,40485332190.0
745.11757702,745.0982494733122,40485332190.0
4658.5086919,4658.505600561108,40485332190.0
1946.7792474,1946.7718500720762,40485332190.0
2181.2287342,2181.2221319536757,40485332190.0
2095.2667477,2095.2598745363202,40485332190.0
3762.9747118,3762.970884713151,40485332190.0
2361.4057744,2361.3996758591225,40485332190.0
863.55146987,863.5347930986165,40485332190.0
1603.4937241,1603.4847430677933,40485332190.0
1716.8212638,1716.8128755136497,40485332190.0
1646.9923225,1646.983578681802,40485332190.0
590.20922824,590.1848277299677,40485332190.0
3570.8510287,3570.8469957010375,40485332190.0
1344.1576969,1344.1469829893163,40485332190.0
10332.136807,10332.135413393518,40485332190.0
1556.7285018,1556.719250965721,40485332190.0
3182.0191001,3182.0145743480307,40485332190.0
249.64429639,249.58660320215924,40485332190.0
1755.5514282,1755.5432250804442,40485332190.0
613.59849196,613.5750215871512,40485332190.0
521.68731277,521.6597071686263,40485332190.0
661.98873333,661.9669786602483,40485332190.0
1282.0790281,1282.0677954229689,40485332190.0
1681.6760105,1681.6674469361237,40485332190.0
611.52930682,611.5057570238213,40485332190.0
1239.9373881,1239.9257736372106,40485332190.0
946.51115422,946.4959391569113,40485332190.0
657.52740736,657.5055050759925,40485332190.0
2513.6990279,2513.693298807137,40485332190.0
648.41355996,648.3913498177824,40485332190.0
510.28956216,510.2613399309612,40485332190.0
402.90932772,402.87358331949355,40485332190.0
1695.9272775,1695.9187859202275,40485332190.0
1012.2351884,1012.2209613254229,40485332190.0
767.23264619,767.2138757620754,40485332190.0
893.05937345,893.0432477044728,40485332190.0
9270.0646884,9270.063134902704,40485332190.0
7695.8994924,7695.897621078292,40485332190.0
7328.565685,7328.563719954061,40485332190.0
372.85945203,372.82082660302166,40485332190.0
1552.8472588,1552.8379847914318,40485332190.0
3980.6722072,3980.6685895017786,40485332190.0
834.29371386,834.2764522398973,40485332190.0
454.23692032,454.2052152490315,40485332190.0
1226.9960434,1226.9843064389956,40485332190.0
3906.1303956,3906.1267087726696,40485332190.0
373.12730688,373.0887091801015,40485332190.0
342.675451,342.6334229160641,40485332190.0
572.07589862,572.0507246340758,40485332190.0
1881.0662853,1881.0586294366722,40485332190.0
645.24708767,645.2247685258781,40485332190.0
3252.4170704,3252.412642529211,40485332190.0
1411.6900704,1411.6798690660587,40485332190.0
332.40824912,332.36492273339286,40485332190.0
2150.1066662,2150.099968297399,40485332190.0
2902.6874243,2902.6824629893417,40485332190.0
3051.052833,3051.0481129471277,40485332190.0
8259.6685044,8259.666760858463,40485332190.0
620.74593422,620.7227341062427,40485332190.0
719.01641295,718.9963837663641,40485332190.0
889.25123538,889.2350405775109,40485332190.0
2155.1718625,2155.165180342324,40485332190.0
10434.935192,10434.933812072431,40485332190.0
2963.5463583,2963.541498864957,40485332190.0
496.49345522,496.4644487377583,40485332190.0
6518.1503202,6518.148110832574,40485332190.0
1850.9110809,1850.9033003550321,40485332190.0
647.90208759,647.8798599106278,40485332190.0
3799.8953771,3799.8915872566768,40485332190.0
1001.4525392,1001.4381589195027,40485332190.0
1445.8322731,1445.8223126757384,40485332190.0
2090.1843724,2090.17748252227,40485332190.0
425.94625465,425.91244362280804,40485332190.0
1749.2898527,1749.2816201442984,40485332190.0
533.69878082,533.6717965464961,40485332190.0
1657.1596564,1657.1509660824386,40485332190.0
746.7669652,746.7476803396404,40485332190.0
1913.5575706,1913.5500447588624,40485332190.0
14543.738888,14543.73789754099,40485332190.0
629.85329526,629.8304306067911,40485332190.0
10613.947514,10613.946157325228,40485332190.0
2533.9390921,2533.933408838617,40485332190.0
845.55535412,845.5383224172933,40485332190.0
3112.575969,3112.5713423125108,40485332190.0
1105.6415676,1105.6285423309826,40485332190.0
570.26793731,570.2426835102367,40485332190.0
741.24631477,741.2268862795173,40485332190.0
9615.5674724,9615.565974708281,40485332190.0
1373.4919727,1373.4814875777897,40485332190.0
394.18395461,394.147418935314,40485332190.0
1471.4705175,1471.4607304872118,40485332190.0
2427.8142666,2427.808334853249,40485332190.0
2589.4516445,2589.446083069752,40485332190.0
2278.3678399,2278.361519102781,40485332190.0
1555.3698817,1555.3606226447002,40485332190.0
1191.2152499,1191.2031603577018,40485332190.0
8167.1931353,8167.191371974191,40485332190.0
1365.117107,1365.1065576504263,40485332190.0
511.34284159,511.3146774887572,40485332190.0
874.58270293,874.566236511692,40485332190.0
1052.9977154,1052.9840390171491,40485332190.0
11943.245489,11943.24428296945,40485332190.0
1400.2242695,1400.2139845975846,40485332190.0
1528.2640746,1528.254651377482,40485332190.0
1002.9427703,1002.928411322612,40485332190.0
2278.5994326,2278.593112451527,40485332190.0
498.35208415,498.3231858534677,40485332190.0
10382.91149,10382.910102770595,40485332190.0
1799.9848564,1799.9768556760798,40485332190.0
1343.7425354,1343.7318182359536,40485332190.0
854.35469481,854.3378385177658,40485332190.0
418.92691238,418.8925347848403,40485332190.0
11582.983537,11582.982292816412,40485332190.0
2237.6723231,2237.6658873422066,40485332190.0
1605.8316595,1605.8226914870625,40485332190.0
1532.212662,1532.203263027905,40485332190.0
2695.5986408,2695.593298345751,40485332190.0
21373.414049,21373.413375524426,40485332190.0
2775.0830798,2775.0778903442874,40485332190.0
1146.7312411,1146.718682641048,40485332190.0
4034.5970677,4034.5934983508096,40485332190.0
262.22246448,262.1675392867457,40485332190.0
3743.6104828,3743.6066359250826,40485332190.0
430.7393708,430.70593604141527,40485332190.0
232.86866042,232.8068100141094,40485332190.0
3867.7596693,3867.755945951486,40485332190.0
4838.5567867,4838.553810413841,40485332190.0
695.82871964,695.8080229903841,40485332190.0
722.53495408,722.5150224335163,40485332190.0
1325.7804434,1325.7695809757672,40485332190.0
2369.1436591,2369.1375804395375,40485332190.0
1142.2407658,1142.228157987105,40485332190.0
6782.6715909,6782.669467722798,40485332190.0
547.92427675,547.8979930842944,40485332190.0
4113.2630395,4113.259538279525,40485332190.0
1902.104325,1902.0967539201638,40485332190.0
5047.736509,5047.7336559962905,40485332190.0
384.20286414,384.16537922916257,40485332190.0
4840.9545846,4840.951609773379,40485332190.0
772.58582572,772.5671853504531,40485332190.0
2212.5579355,2212.5514266754176,40485332190.0
1491.818846,1491.8091926357977,40485332190.0
101.74038008,101.59873384459291,40485332190.0
377.98798554,377.94988423809866,40485332190.0
815.08592571,815.0682573070494,40485332190.0
1325.1268896,1325.1160218586492,40485332190.0
691.33129378,691.3104624796604,40485332190.0
879.75583899,879.7394693931919,40485332190.0
559.92612585,559.9004055967877,40485332190.0
9695.4202066,9695.418721295078,40485332190.0
2093.9316302,2093.9247527241523,40485332190.0
573.14927416,573.1241473222366,40485332190.0
718.71185735,718.691819683629,40485332190.0
1421.8150968,1421.8049680902031,40485332190.0
411.42710748,411.3921031662467,40485332190.0
3920.4757619,3920.4720886359037,40485332190.0
2404.3975366,2404.3915471213386,40485332190.0
722.42586297,722.405928325794,40485332190.0
3002.2124822,3002.2076853971894,40485332190.0
1968.1528298,1968.1455127190948,40485332190.0
1999.5051605,1999.4979581484406,40485332190.0
371.6879895,371.64924231792895,40485332190.0
2638.8227822,2638.817324845292,40485332190.0
2563.6385798,2563.6329622948865,40485332190.0
1839.9279869,1839.920159918722,40485332190.0
459.81377102,459.78245050740554,40485332190.0
1106.3922541,1106.379237792473,40485332190.0
746.67876916,746.659482018758,40485332190.0
1938.7578112,1938.7503831360518,40485332190.0
418.43848994,418.4040722117011,40485332190.0
1728.0409941,1728.0326603786568,40485332190.0
1458.0408928,1458.0310157217775,40485332190.0
6835.9520903,6835.94998364697,40485332190.0
8051.7914758,8051.789687242837,40485332190.0
1014.2154256,1014.2012262923347,40485332190.0
5014.9366733,5014.933801698712,40485332190.0
7601.5940541,7601.592159638955,40485332190.0
2607.028443,2607.022919065927,40485332190.0
1064.7147823,1064.7012564649924,40485332190.0
1248.5075847,1248.4960499604617,40485332190.0
2480.6368319,2480.6310264712497,40485332190.0
280.3414223,280.2900476932392,40485332190.0
1283.7893643,1283.7781466084464,40485332190.0
1840.5377427,1840.5299182225763,40485332190.0
591.25316444,591.2288070112444,40485332190.0
4064.1207216,4064.1171781189178,40485332190.0
963.49410237,963.4791554909407,40485332190.0
976.35372163,976.3389716285639,40485332190.0
532.46405242,532.437005569222,40485332190.0
6288.9136127,6288.91132278116,40485332190.0
10072.802379,10072.800949433746,40485332190.0
6938.1330726,6938.130996926318,40485332190.0
7529.1230221,7529.1211093929305,40485332190.0
1399.3306014,1399.320309911863,40485332190.0
6916.6407373,6916.638655263128,40485332190.0
8295.6192649,8295.617528932085,40485332190.0
254.07468552,254.01799858086736,40485332190.0
1164.105549,1164.0931779917369,40485332190.0
4916.9907602,4916.987831393491,40485332190.0
2545.9872204,2545.981564055226,40485332190.0
918.32845176,918.3127697473286,40485332190.0
1612.7897835,1612.7808541515806,40485332190.0
2267.9724219,2267.966072071975,40485332190.0
2595.5730962,2595.567547916785,40485332190.0
2590.2046558,2590.199096001348,40485332190.0
1935.8126795,1935.8052401696607,40485332190.0
179.3978192,179.31752650541603,40485332190.0
2719.2553835,2719.2500875743704,40485332190.0
896.68878619,896.6727257231523,40485332190.0
945.18375651,945.1685200779228,40485332190.0
860.9172349,860.9005070944513,40485332190.0
1873.4963496,1873.4886628850109,40485332190.0
1949.3949366,1949.3875491170288,40485332190.0
200.07754705,200.00555645412683,40485332190.0
363.92017195,363.88059762610663,40485332190.0
1689.781041,1689.7725185840757,40485332190.0
377.31099192,377.27282224602516,40485332190.0
5037.827918,5037.825059391628,40485332190.0
1068.7119625,1068.6984872446496,40485332190.0
3602.6751728,3602.6711754830453,40485332190.0
1782.0202114,1782.0121300118537,40485332190.0
722.63282984,722.6129008941834,40485332190.0
801.05559018,801.0376123104647,40485332190.0
2080.8530155,2080.846094757704,40485332190.0
1360.6239046,1360.6133203791167,40485332190.0
2411.2371262,2411.2311536496404,40485332190.0
3098.175731,3098.1710827054058,40485332190.0
2279.3456816,2279.3393635236644,40485332190.0
5091.0158713,5091.013042619539,40485332190.0
1090.1835533,1090.1703434252158,40485332190.0
1635.2220447,1635.2132378338922,40485332190.0
1697.7080019,1697.6995192067936,40485332190.0
711.9653916,711.9451640532203,40485332190.0
2186.0432781,2186.036690316328,40485332190.0
3158.8612476,3158.85668862775,40485332190.0
1295.132822,1295.1217024979198,40485332190.0
798.31322911,798.2951894858666,40485332190.0
931.38672767,931.3712655421466,40485332190.0
1676.4468569,1676.4382665879543,40485332190.0
284.07070993,284.02000989292765,40485332190.0
1176.1024907,1176.0902458647047,40485332190.0
953.18752518,953.1724166965331,40485332190.0
5084.2800785,5084.277246022951,40485332190.0
940.45531067,940.439997629344,40485332190.0
8489.9873285,8489.985632278864,40485332190.0
228.903943,228.84102101544596,40485332190.0
1935.1143939,1935.1069519434066,40485332190.0
1015.0690011,1015.0548136550209,40485332190.0
1638.7075179,1638.69872976782,40485332190.0
7185.469571,7185.467566816507,40485332190.0
1387.4272848,1387.416904965862,40485332190.0
2230.3957798,2230.389323051838,40485332190.0
3950.5159985,3950.512353045176,40485332190.0
2869.6478184,2869.6427999791213,40485332190.0
1165.9722689,1165.9599176600793,40485332190.0
168.0823132,167.9966124444599,40485332190.0
751.03699769,751.0178224821934,40485332190.0
720.13676518,720.1167671654233,40485332190.0
1872.6481742,1872.6404838717654,40485332190.0
1303.515597,1303.50454907682,40485332190.0
1201.6574214,1201.6454369788403,40485332190.0
5028.650956,5028.648092132388,40485332190.0
1416.6334002,1416.6232344620882,40485332190.0
3584.4451904,3584.441172690286,40485332190.0
664.50837465,664.4867024693499,40485332190.0
3935.0521318,3935.04847206517,40485332190.0
10565.721077,10565.71971387249,40485332190.0
756.8491185,756.8300905410339,40485332190.0
10897.45498,10897.45365807643,40485332190.0
470.50580918,470.47520045877536,40485332190.0
817.18475541,817.1671323812508,40485332190.0
7041.5788965,7041.576851355624,40485332190.0
247.83946984,247.78135642404308,40485332190.0
10188.399149,10188.397735207276,40485332190.0
1463.587599,1463.5777594401613,40485332190.0
2476.3166283,2476.3108127604296,40485332190.0
1085.6034287,1085.5901630828434,40485332190.0
2629.7946158,2629.7891397045196,40485332190.0
1443.9004405,1443.890466662225,40485332190.0
716.29136576,716.271260374771,40485332190.0
2767.1814727,2767.1762684056725,40485332190.0
2236.8157534,2236.809315144371,40485332190.0
1995.8754971,1995.8682816353125,40485332190.0
818.36042911,818.342831407788,40485332190.0
662.67529574,662.6535636108526,40485332190.0
1430.6427664,1430.6327001984746,40485332190.0
2039.701377,2039.6943165439586,40485332190.0
909.97736602,909.9615400938997,40485332190.0
1032.5561296,1032.5421824310033,40485332190.0
2591.4916074,2591.486050286334,40485332190.0
3215.7557273,3215.751248973418,40485332190.0
3179.0380402,3179.0335102190634,40485332190.0
849.04311728,849.02615553919,40485332190.0
3243.4210071,3243.416567062295,40485332190.0
14484.08575,14484.08475556831,40485332190.0
10188.788394,10188.786979964269,40485332190.0
1075.9843481,1075.9709638829981,40485332190.0
4955.756226,4955.753320083172,40485332190.0
1700.4041103,1700.3956409921761,40485332190.0
3184.5987692,3184.5942471729295,40485332190.0
1298.0408476,1298.0297530747866,40485332190.0
10976.338769,10976.33745720559,40485332190.0
8747.1471296,8747.145483261142,40485332190.0
1372.6382618,1372.6277701324334,40485332190.0
3219.34979,3219.34531673808,40485332190.0
9708.4110916,9708.409608198297,40485332190.0
518.44408706,518.4163087592033,40485332190.0
403.96445081,403.9287997841111,40485332190.0
2006.2368828,2006.2297046302303,40485332190.0
3294.0473985,3294.043026655981,40485332190.0
10848.346407,10848.345079947925,40485332190.0
1275.2967929,1275.2855005263839,40485332190.0
7710.9326546,7710.93078696083,40485332190.0
619.08894906,619.0656868485011,40485332190.0
530.50454852,530.4774017600755,40485332190.0
6875.8230373,6875.820942770218,40485332190.0
364.16143124,364.12188314285436,40485332190.0
781.34820174,781.3297704255547,40485332190.0
1303.7517951,1303.7407490964604,40485332190.0
2792.6614906,2792.656333797022,40485332190.0
3971.5078863,3971.504260165273,40485332190.0
1710.2489588,1710.240538248317,40485332190.0
3520.7372139,3520.733123557402,40485332190.0
2069.4186659,2069.4117068228347,40485332190.0
1374.8636195,1374.853144884697,40485332190.0
2279.268006,2279.2616876521242,40485332190.0
11225.999661,11225.998377323833,40485332190.0
713.09582447,713.0756289960342,40485332190.0
761.45083887,761.4319259102168,40485332190.0
4035.3275743,4035.324005487338,40485332190.0
1339.2618059,1339.251052862589,40485332190.0
500.50870044,500.47992666781363,40485332190.0
1258.8933337,1258.8818941890283,40485332190.0
1125.267461,1125.254662914384,40485332190.0
3255.4835013,3255.479077677118,40485332190.0
286.68359756,286.63335969079685,40485332190.0
784.13605956,784.1176937635694,40485332190.0
5084.8842566,5084.881424467689,40485332190.0
5466.8011773,5466.798543060505,40485332190.0
1462.0617338,1462.0518839157294,40485332190.0
6662.9929555,6662.990794125477,40485332190.0
3943.1273075,3943.123655325735,40485332190.0
6968.4754923,6968.4734256736465,40485332190.0
141.52717792,141.4253862193015,40485332190.0
638.52385762,638.5013034677785,40485332190.0
1269.0546174,1269.0432693867062,40485332190.0
4474.8306024,4474.827384129545,40485332190.0
1498.0624569,1498.0528437814878,40485332190.0
5552.7349894,5552.7323959102405,40485332190.0
484.04598912,484.0162366699866,40485332190.0
2280.2702234,2280.263907915497,40485332190.0
510.22760541,510.19937975466274,40485332190.0
2630.9854766,2630.980002929573,40485332190.0
1587.9816316,1587.9725627607681,40485332190.0
558.02945551,558.0036478437469,40485332190.0
2345.0858299,2345.079688951421,40485332190.0
8507.5725587,8507.570866034153,40485332190.0
10313.8675,10313.866103869083,40485332190.0
743.17890063,743.1595226597217,40485332190.0
987.7271037,987.7125235505105,40485332190.0
1414.5565829,1414.5464022506856,40485332190.0
14323.179875,14323.178869773257,40485332190.0
2341.3949967,2341.388846089279,40485332190.0
442.32459898,442.29203999283516,40485332190.0
4795.4662083,4795.463205264874,40485332190.0
989.79701788,989.7824682210578,40485332190.0
151.86167692,151.76681684563817,40485332190.0
5480.1045354,5480.1019075370505,40485332190.0
776.13234439,776.1137892014948,40485332190.0
906.72753086,906.7116482072394,40485332190.0
7126.6606054,7126.658584685139,40485332190.0
557.41927423,557.3934383038484,40485332190.0
3380.5606932,3380.5564332385757,40485332190.0
1766.5992076,1766.5910557038858,40485332190.0
4235.2555729,4235.252172538294,40485332190.0
8181.449021,8181.447260759453,40485332190.0
888.50969263,888.4934843138999,40485332190.0
1171.0106481,1170.998349982379,40485332190.0
762.81735775,762.7984786693181,40485332190.0
241.3713869,241.31171581807442,40485332190.0
752.38609964,752.3669588138739,40485332190.0
556.1874636,556.1615704487916,40485332190.0
767.25914094,767.2403711609169,40485332190.0
1003.760198,1003.7458507357111,40485332190.0
9974.6803111,9974.678867336568,40485332190.0
1143.0786115,1143.0660129128098,40485332190.0
1775.3334228,1775.3253110181915,40485332190.0
2826.4544576,2826.44936246222,40485332190.0
1916.1759525,1916.1684369298873,40485332190.0
1492.1408077,1492.1311562987942,40485332190.0
1388.4894208,1388.4790489656673,40485332190.0
4493.1757547,4493.1725496137915,40485332190.0
961.19820775,961.1832251762823,40485332190.0
1045.9486132,1045.934844686061,40485332190.0
2282.891622,2282.885313705066,40485332190.0
1772.4508411,1772.442716169297,40485332190.0
867.24973247,867.233126821404,40485332190.0
1846.4833928,1846.4755936206411,40485332190.0
3869.8784362,3869.8747148652333,40485332190.0
1112.8161485,1112.803207243271,40485332190.0
1146.5205696,1146.5080088476734,40485332190.0
145.30878369,145.20964291592492,40485332190.0
11022.70407,11022.702762743478,40485332190.0
2291.1173711,2291.1110855263623,40485332190.0
1988.964524,1988.9572835068197,40485332190.0
4524.2382646,4524.2350815245645,40485332190.0
2065.2068857,2065.1999124097842,40485332190.0
8251.2641859,8251.26244061613,40485332190.0
1741.06624,1741.0579685552452,40485332190.0
556.85493681,556.8290746970639,40485332190.0
1207.9725984,1207.9606766858508,40485332190.0
4152.4137853,4152.410317121025,40485332190.0
2859.3787766,2859.3737401287344,40485332190.0
132.57386086,132.46518924968296,40485332190.0
3500.1717923,3500.1676778987608,40485332190.0
780.09908474,780.080623911893,40485332190.0
962.72820224,962.71324348451,40485332190.0
2752.8038907,2752.7986592797124,40485332190.0
8776.9755843,8776.9739435737,40485332190.0
184.0969987,184.01875640924328,40485332190.0
2695.6541474,2695.648804959796,40485332190.0
7532.9893275,7532.987415680567,40485332190.0
506.87535534,506.8469429949206,40485332190.0
506.88508937,506.85667757503825,40485332190.0
4765.2093198,4765.206297717265,40485332190.0
610.31011212,610.2865152870494,40485332190.0
2086.6706513,2086.663749752549,40485332190.0
982.23484676,982.2201850716524,40485332190.0
2679.4433923,2679.4380177006756,40485332190.0
2455.2559939,2455.250128441625,40485332190.0
1525.4295528,1525.4201120050998,40485332190.0
145.74375204,145.64490735208577,40485332190.0
2524.3875238,2524.381819012477,40485332190.0
1638.1154768,1638.106685503847,40485332190.0
2515.100611,2515.0948850719155,40485332190.0
10390.751944,10390.750557622196,40485332190.0
361.80052778,361.7607215826078,40485332190.0
480.55002005,480.52005114526867,40485332190.0
1176.3086764,1176.2964336947332,40485332190.0
894.75154736,894.7354521220714,40485332190.0
386.02314191,385.985833767234,40485332190.0
1587.7340619,1587.7249917119316,40485332190.0
1065.0582488,1065.0447272452827,40485332190.0
1089.0050028,1088.9917786037063,40485332190.0
2046.5554127,2046.5483758929622,40485332190.0
937.14866045,937.1332933771484,40485332190.0
235.36757233,235.3063787617131,40485332190.0
584.88444299,584.8598203253788,40485332190.0
1324.1225636,1324.1116875826199,40485332190.0
3596.0487776,3596.0447728408785,40485332190.0
838.7316644,838.7144941220213,40485332190.0
361.74823119,361.7084192481728,40485332190.0
1056.6129426,1056.5993130197178,40485332190.0
219.19776197,219.1320529542896,40485332190.0
1415.1976331,1415.1874570765049,40485332190.0
822.06021286,822.042694365311,40485332190.0
2544.7567096,2544.7510504305883,40485332190.0
415.23842186,415.20373887242727,40485332190.0
997.1287342,997.1142915128851,40485332190.0
204.751943,204.68159649188573,40485332190.0
7132.7791342,7132.777115162239,40485332190.0
3899.892889,3899.8891963415317,40485332190.0
866.84520976,866.8285963603779,40485332190.0
1530.0915621,1530.0821501018895,40485332190.0
16082.345225,16082.344329860282,40485332190.0
4378.3594338,4378.356144716956,40485332190.0
470.85281191,470.822225752659,40485332190.0
620.41237522,620.3891626289509,40485332190.0
12511.756905,12511.7557538405,40485332190.0
1342.4567314,1342.4460039829128,40485332190.0
1663.3968116,1663.3881539391168,40485332190.0
1208.0431918,1208.031270657403,40485332190.0
1731.4170056,1731.4086880723185,40485332190.0
1094.5179439,1094.504786301328,40485332190.0
785.96207451,785.9437513837162,40485332190.0
124.39540052,124.27957776857814,40485332190.0
1299.6432785,1299.632197669687,40485332190.0
10038.261462,10038.260027400991,40485332190.0
315.78478343,315.73917594794545,40485332190.0
236.59338736,236.53251091726082,40485332190.0
5009.4656859,5009.462811077889,40485332190.0
22324.557083,22324.556437535324,40485332190.0
1130.0711694,1130.058425777485,40485332190.0
1022.8455878,1022.8315083152095,40485332190.0
879.30036842,879.2839903517133,40485332190.0
590.15575823,590.1313555104903,40485332190.0
4477.5493535,4477.546137200103,40485332190.0
732.24648146,732.2268141653788,40485332190.0
4565.217118,4565.213963489338,40485332190.0
729.29877458,729.2790278019991,40485332190.0
1956.6788456,1956.6714856120886,40485332190.0
2038.0941917,2038.0871257087742,40485332190.0
4030.5922377,4030.588664724625,40485332190.0
1976.2372266,1976.229939479233,40485332190.0
2152.3119943,2152.305303288979,40485332190.0
447.94939049,447.91724037259945,40485332190.0
2502.1921075,2502.1863521163473,40485332190.0
1353.6839097,1353.6732711708423,40485332190.0
2106.893764,2106.8869287899665,40485332190.0
2148.9950719,2148.9883705830057,40485332190.0
210.07717142,210.00860870118626,40485332190.0
2054.0096426,2054.002631295334,40485332190.0
1806.8633342,1806.855363962778,40485332190.0
1962.0953563,1962.0880166068935,40485332190.0
1400.4877535,1400.4774705289701,40485332190.0
5748.7076979,5748.705192765629,40485332190.0
2669.1124159,2669.107020481179,40485332190.0
1670.6486438,1670.640023691261,40485332190.0
174.16793501,174.08523018514464,40485332190.0
2161.3107356,2161.304072424911,40485332190.0
733.39195283,733.3723162629249,40485332190.0
1718.0808995,1718.072517401975,40485332190.0
1900.0850823,1900.0775031128878,40485332190.0
4024.1242613,4024.1206826322687,40485332190.0
1112.403484,1112.390538035661,40485332190.0
1071.7671716,1071.7537346853946,40485332190.0
2139.215627,2139.208895013451,40485332190.0
277.03785402,276.98586668645754,40485332190.0
1687.0204212,1687.011884683048,40485332190.0
713.89017272,713.8699997174675,40485332190.0
1279.9135506,1279.9022989201567,40485332190.0
772.67519324,772.6565550259227,40485332190.0
2180.0324872,2180.0258812534885,40485332190.0
4759.9770336,4759.974008212307,40485332190.0
2834.6486998,2834.6436194101134,40485332190.0
5213.4949555,5213.49219329127,40485332190.0
941.09116489,941.0758622017601,40485332190.0
1154.2323998,1154.2199230178642,40485332190.0
1080.279537,1080.2662059771005,40485332190.0
580.23006127,580.2052410853094,40485332190.0
13680.109656,13680.108603217383,40485332190.0
1423.9599606,1423.9498470958624,40485332190.0
4650.516062,4650.512965309016,40485332190.0
17018.23174,17018.2308939683,40485332190.0
1869.9626078,1869.9549064429357,40485332190.0
229.48743633,229.4246743806398,40485332190.0
321.13512224,321.0902747167761,40485332190.0
300.62952495,300.58161795146697,40485332190.0
480.53619465,480.5062248805822,40485332190.0
1859.0810532,1859.073306802845,40485332190.0
1014.0112484,1013.9970462481652,40485332190.0
1336.6612551,1336.6504811667742,40485332190.0
1443.0568722,1443.0468925778987,40485332190.0
443.9355064,443.9030655651899,40485332190.0
203.46700883,203.39621792263057,40485332190.0
7391.6736787,7391.671730471502,40485332190.0
1523.0029928,1522.993537074235,40485332190.0
3848.0460882,3848.0423457515694,40485332190.0
841.7800179,841.7629098024389,40485332190.0
2793.8872842,2793.882129675203,40485332190.0
3625.3978444,3625.3938721046743,40485332190.0
1549.1174239,1549.1081275198753,40485332190.0
5203.6393344,5203.636566895226,40485332190.0
10790.575863,10790.574527717094,40485332190.0
2229.0394506,2229.0329898501673,40485332190.0
513.12605626,513.0979900489108,40485332190.0
2289.5723055,2289.5660156609943,40485332190.0
974.82387457,974.8091014161886,40485332190.0
12658.597817,12658.59667905439,40485332190.0
204.36418427,204.29370424036313,40485332190.0
758.79808208,758.7791029968153,40485332190.0
2246.1023301,2246.0959184468556,40485332190.0
3128.1036429,3128.0990391553264,40485332190.0
3399.2229541,3399.218717588387,40485332190.0
2899.13389,2899.1289226526033,40485332190.0
730.94883706,730.9291348535294,40485332190.0
1822.338956,1822.3310533725655,40485332190.0
1112.2971941,1112.2842468907963,40485332190.0
4355.8706263,4355.867320251835,40485332190.0
943.77235894,943.757099728181,40485332190.0
1116.0908047,1116.0779015134788,40485332190.0
901.48149152,901.4655164421058,40485332190.0
721.09087117,721.0708996184095,40485332190.0
4091.8409588,4091.837439350216,40485332190.0
2946.8091403,2946.8042532732943,40485332190.0
7554.7113565,7554.709450289822,40485332190.0
1775.8477998,1775.8396903226467,40485332190.0
1008.3271299,1008.3128475651955,40485332190.0
4711.3064609,4711.3034042057,40485332190.0
192.16992761,192.09497353359083,40485332190.0
3184.0323066,3184.0277836884193,40485332190.0
4129.5218375,4129.518350168917,40485332190.0
2202.0620686,2202.0555288307914,40485332190.0
2574.4606162,2574.4550223786187,40485332190.0
11906.928781,11906.927571121827,40485332190.0
4626.7321866,4626.729074006192,40485332190.0
4254.9920061,4254.988621581536,40485332190.0
322.1131925,322.06848116206424,40485332190.0
997.08774578,997.0733024963,40485332190.0
6756.1500829,6756.147951392599,40485332190.0
3946.8958981,3946.8922494204317,40485332190.0
531.4019882,531.3748872837311,40485332190.0
819.38467707,819.3671013592804,40485332190.0
1782.2010031,1782.1929225185702,40485332190.0
4824.6546604,4824.65167551543,40485332190.0
1049.936537,1049.9228206834393,40485332190.0
520.77527535,520.7476213977092,40485332190.0
5950.0541601,5950.051739755155,40485332190.0
5070.6683966,5070.66555651721,40485332190.0
14699.329441,14699.328460739389,40485332190.0
3276.1599113,3276.1555155817173,40485332190.0
397.32355426,397.28730731055697,40485332190.0
3679.9972124,3679.993299114674,40485332190.0
2668.3739083,2668.3685113837846,40485332190.0
801.30543129,801.2874590307773,40485332190.0
913.0755873,913.0598150672175,40485332190.0
1844.225636,1844.2178271787402,40485332190.0
897.60762645,897.5915824262165,40485332190.0
3964.1769587,3964.1733259012535,40485332190.0
1633.9705949,1633.961781242497,40485332190.0
3070.3637209,3070.3590305276734,40485332190.0
1801.4935449,1801.4855508893365,40485332190.0
1522.0261079,1522.0166460942598,40485332190.0
777.37036411,777.3518384738948,40485332190.0
1368.7760395,1368.7655182631956,40485332190.0
661.76509544,661.7433334199203,40485332190.0
1914.6930702,1914.6855488655654,40485332190.0
1524.5789248,1524.569478849697,40485332190.0
19334.335534,19334.33478964048,40485332190.0
2272.5152333,2272.508896232011,40485332190.0
254.23063138,254.17397921455475,40485332190.0
6258.9457546,6258.943453747915,40485332190.0
785.02328818,785.0049431401111,40485332190.0
2047.0380832,2047.031048150475,40485332190.0
535.30571061,535.27880733604,40485332190.0
1960.6043406,1960.5969953633294,40485332190.0
6477.7122369,6477.710013723746,40485332190.0
758.33039268,758.3114018932743,40485332190.0
1239.4779805,1239.4663617070084,40485332190.0
973.06665524,973.0518554107069,40485332190.0
214.33756332,214.27036386317027,40485332190.0
2061.4116366,2061.40465061773,40485332190.0
3807.171824,3807.168041380796,40485332190.0
1445.7245541,1445.714592883129,40485332190.0
1065.4765549,1065.4630387586712,40485332190.0
947.32667083,947.3114688597765,40485332190.0
1423.3584919,1423.3483741826606,40485332190.0
3890.6745154,3890.6708139381403,40485332190.0
2223.4204747,2223.413997712948,40485332190.0
3154.365927,3154.361361588994,40485332190.0
509.26284444,509.23456531746507,40485332190.0
663.66640056,663.6447008794128,40485332190.0
3389.0904174,3389.086168201043,40485332190.0
4765.7679994,4765.764977607461,40485332190.0
1985.8513075,1985.8440556437583,40485332190.0
337.53767789,337.49501000857026,40485332190.0
1061.2827441,1061.269174456708,40485332190.0
1991.3941239,1991.3868921611909,40485332190.0
2580.0942862,2580.0887046324897,40485332190.0
3395.7511785,3395.746937615614,40485332190.0
1783.9058344,1783.8977615563765,40485332190.0
3826.9585025,3826.954739455792,40485332190.0
539.23185956,539.2051521842801,40485332190.0
2196.7671228,2196.7605671830293,40485332190.0
537.23065078,537.2038439163794,40485332190.0
2742.5230121,2742.5177610869314,40485332190.0
2519.682119,2519.676403547617,40485332190.0
1183.1311913,1183.1190192233137,40485332190.0
1375.4024736,1375.3920031518346,40485332190.0
2655.7818388,2655.7764162987332,40485332190.0
2185.3205378,2185.313947863995,40485332190.0
8478.8338318,8478.832133351241,40485332190.0
905.44110184,905.4251966221303,40485332190.0
1262.3720832,1262.3606751940067,40485332190.0
5790.2155445,5790.213057341066,40485332190.0
2384.864082,2384.8580434424016,40485332190.0
3390.2456748,3390.2414269628894,40485332190.0
5171.6282818,5171.62549716136,40485332190.0
3453.5301785,3453.526008526829,40485332190.0
891.98049684,891.9643515961186,40485332190.0
482.28434212,482.2544809921001,40485332190.0
2291.3169021,2291.3106169937823,40485332190.0
4029.8969731,4029.893399501216,40485332190.0
1213.2256281,1213.2137579550647,40485332190.0
15386.328412,15386.327476352897,40485332190.0
17340.123787,17340.12295637675,40485332190.0
1027.7303619,1027.716349261979,40485332190.0
3261.3250648,3261.3206490572315,40485332190.0
14632.418022,14632.41703772932,40485332190.0
1333.6295417,1333.6187431324283,40485332190.0
936.62486012,936.6094844532954,40485332190.0
525.78996998,525.7625797967498,40485332190.0
1039.2384796,1039.2246221049254,40485332190.0
1509.8983093,1509.8887715124272,40485332190.0
838.56679882,838.5496251644556,40485332190.0
6467.2649307,6467.262703916478,40485332190.0
1273.4012246,1273.3899153168009,40485332190.0
1224.3003068,1224.2885439351485,40485332190.0
1893.3610632,1893.3534570717588,40485332190.0
5988.8683103,5988.865905599896,40485332190.0
5940.8417842,5940.83936013629,40485332190.0
552.97196923,552.9459255028306,40485332190.0
2584.5882742,2584.582702268303,40485332190.0
2850.551379,2850.5463268965573,40485332190.0
2556.0806546,2556.075020557974,40485332190.0
6458.1524728,6458.150242906921,40485332190.0
8962.5745263,8962.572919571885,40485332190.0
3267.7259987,3267.7215915340666,40485332190.0
867.95405986,867.9374676814855,40485332190.0
905.84003235,905.8241341327004,40485332190.0
2993.2879712,2993.283160099944,40485332190.0
3015.8088438,3015.804068625221,40485332190.0
7432.6288557,7432.626918217431,40485332190.0
8237.5744476,8237.57269937109,40485332190.0
7640.9874185,7640.985533771013,40485332190.0
1185.9560723,1185.9439291319723,40485332190.0
3626.0074478,3626.00347613414,40485332190.0
996.35682509,996.3423712214975,40485332190.0
812.79373023,812.7760120042881,40485332190.0
1542.4103532,1542.4010163365533,40485332190.0
1337.7497459,1337.7389806292222,40485332190.0
1700.5087884,1700.500319733393,40485332190.0
323.3957274,323.35119341367727,40485332190.0
2116.1322758,2116.125470430407,40485332190.0
2288.1063914,2288.1000975225943,40485332190.0
2041.6091183,2041.6020644239659,40485332190.0
1368.163843,1368.1533171176734,40485332190.0
21051.238386,21051.23770147608,40485332190.0
1133.0657843,1133.0530743421095,40485332190.0
6224.5394617,6224.53714812505,40485332190.0
971.33078809,971.3159618162421,40485332190.0
3855.8457591,3855.842024191114,40485332190.0
2297.2253327,2297.2190636963287,40485332190.0
17582.091797,17582.090977244647,40485332190.0
976.35862194,976.3438720171574,40485332190.0
961.78110398,961.7661304854807,40485332190.0
716.08644947,716.0663383416344,40485332190.0
2333.0039422,2332.997769497715,40485332190.0
9734.2430275,9734.241548074764,40485332190.0
1292.1024734,1292.09132794165,40485332190.0
1591.9226807,1591.9136343191465,40485332190.0
829.63016679,829.61280813341,40485332190.0
1040.9455185,1040.9316837948763,40485332190.0
5215.3226488,5215.319887445502,40485332190.0
2099.2771709,2099.270310827547,40485332190.0
690.66679035,690.6459390039565,40485332190.0
925.76621767,925.7506616637233,40485332190.0
423.4296645,423.39565250230055,40485332190.0
3300.4227747,3300.418411243772,40485332190.0
5612.4111433,5612.4085773568695,40485332190.0
3461.796892,3461.792731976215,40485332190.0
3533.501461,3533.497385401937,40485332190.0
556.0236092,555.9977084165823,40485332190.0
4186.6902546,4186.68681479369,40485332190.0
5243.2788365,5243.276089989295,40485332190.0
1196.7163034,1196.704269452915,40485332190.0
2266.5781313,2266.5717776168444,40485332190.0
1750.7296944,1750.7214685767772,40485332190.0
412.36368219,412.32875738538974,40485332190.0
1551.870122,1551.8608420838477,40485332190.0
3052.0672677,3052.0625491898604,40485332190.0
1208.0687604,1208.0568395903344,40485332190.0
989.09411655,989.0795565407685,40485332190.0
997.05997428,997.0455306026432,40485332190.0
13985.417474,13985.416444579272,40485332190.0
2341.9850446,2341.9788955430304,40485332190.0
876.00961666,875.9931770653272,40485332190.0
2270.9093294,2270.9029877814783,40485332190.0
966.69598795,966.6810905821454,40485332190.0
3281.4418782,3281.43748948736,40485332190.0
1064.7046321,1064.6911061730568,40485332190.0
13081.130641,13081.129539728969,40485332190.0
8471.5680955,8471.56639557267,40485332190.0
1045.5215601,1045.5077859497662,40485332190.0
1282.7213871,1282.7101601306929,40485332190.0
2630.4145412,2630.4090663726315,40485332190.0
282.76198789,282.71105314678846,40485332190.0
1737.7672614,1737.7589742487846,40485332190.0
1499.6995678,1499.6899651674298,40485332190.0
2148.8539919,2148.847290131089,40485332190.0
2701.1769071,2701.171575710763,40485332190.0
1663.1048017,1663.0961425719481,40485332190.0
2917.5507538,2917.54581767812,40485332190.0
5578.7432945,5578.740713114327,40485332190.0
10438.825719,10438.824340088111,40485332190.0
848.46988259,848.4529093906127,40485332190.0
14278.217273,14278.216263659242,40485332190.0
5519.9426507,5519.940041770966,40485332190.0
143.23598475,143.1354082933722,40485332190.0
1453.2062006,1453.1962906380566,40485332190.0
3685.1252996,3685.1213917487516,40485332190.0
1989.0677049,1989.0604647567343,40485332190.0
7596.0405074,7596.038611603885,40485332190.0
1199.5116646,1199.4996587252538,40485332190.0
1033.3848476,1033.3709117223432,40485332190.0
787.07905508,787.0607579562567,40485332190.0
1163.030991,1163.018608541745,40485332190.0
1166.3972273,1166.3848805933594,40485332190.0
2647.6220447,2647.616605422607,40485332190.0
971.3284143,971.3135879826635,40485332190.0
311.40021123,311.35396149430665,40485332190.0
5631.113746,5631.111188612945,40485332190.0
7480.200656,7480.198730729788,40485332190.0
453.22332688,453.1915509055435,40485332190.0
940.29445108,940.2791354165502,40485332190.0
685.23555221,685.2145355955075,40485332190.0
1991.1596196,1991.1523871044803,40485332190.0
4778.7778196,4778.774806054222,40485332190.0
3550.6050996,3550.601043710039,40485332190.0
2162.0461902,2162.039529306822,40485332190.0
277.69698798,277.6451240633874,40485332190.0
2867.876313,2867.8712914732264,40485332190.0
2296.3927193,2296.3864481034293,40485332190.0
4440.8251524,4440.821909437564,40485332190.0
2726.4965199,2726.4912380137184,40485332190.0
452.38577009,452.3539352832969,40485332190.0
1168.1427827,1168.1304544889833,40485332190.0
6091.115332,6091.112967723607,40485332190.0
6287.9983428,6287.996052533882,40485332190.0
1748.1868519,1748.1786140908007,40485332190.0
1067.370679,1067.3571868303397,40485332190.0
2559.7943162,2559.788690335933,40485332190.0
2284.3752817,2284.368977523175,40485332190.0
1077.0062532,1076.9928816935196,40485332190.0
2169.7675363,2169.760899105339,40485332190.0
635.18017972,635.1575068301094,40485332190.0
656.30791804,656.2859750575108,40485332190.0
1293.2186662,1293.2075302321232,40485332190.0
12157.250401,12157.249216518203,40485332190.0
5945.0144864,5945.012064023925,40485332190.0
5822.7349801,5822.7325068329865,40485332190.0
667.14784529,667.1262588611024,40485332190.0
829.64510216,829.6277438236781,40485332190.0
601.23190976,601.2079566084846,40485332190.0
1434.1412563,1434.13121463338,40485332190.0
1355.0320322,1355.0214042532155,40485332190.0
2656.5721816,2656.5667605866965,40485332190.0
2944.697213,2944.692322499181,40485332190.0
5319.9549549,5319.952247820082,40485332190.0
2708.8211118,2708.815795395789,40485332190.0
2459.3764798,2459.3706242324934,40485332190.0
4474.3901146,4474.386896065168,40485332190.0
3999.1481542,3999.1445530957058,40485332190.0
3635.9332494,3635.929288566306,40485332190.0
1333.3306008,1333.3197998914104,40485332190.0
3068.6687914,3068.664098522841,40485332190.0
908.42566984,908.4098168833506,40485332190.0
216.86408959,216.79767327172397,40485332190.0
1626.1456158,1626.136759744211,40485332190.0
8156.4010376,8156.399271947174,40485332190.0
1862.2975345,1862.2898015004819,40485332190.0
5796.9473221,5796.944837830856,40485332190.0
365.59505612,365.55566311538473,40485332190.0
1399.1382442,1399.1279512646936,40485332190.0
1253.6567847,1253.6452974336453,40485332190.0
753.71544492,753.6963378446402,40485332190.0
488.32554709,488.2960554029439,40485332190.0
13128.601845,13128.600748055114,40485332190.0
1466.2870679,1466.277246364004,40485332190.0
1172.24118,1172.228894781519,40485332190.0
2304.1858036,2304.179553703032,40485332190.0
443.84888611,443.8164389500844,40485332190.0
1745.4420053,1745.4337545425847,40485332190.0
1199.2491315,1199.237122991981,40485332190.0
2311.7456366,2311.7394069732,40485332190.0
3401.7876714,3401.783437992298,40485332190.0
3047.3244903,3047.3197644631855,40485332190.0
344.20195642,344.16011475190044,40485332190.0
692.60800937,692.5872164732526,40485332190.0
1111.7351681,1111.722214307023,40485332190.0
1223.258035,1223.2462622518392,40485332190.0
4177.6097877,4177.606340502053,40485332190.0
1073.7752101,1073.7617983752814,40485332190.0
2126.8530205,2126.846249382642,40485332190.0
4690.7221389,4690.719068716803,40485332190.0
4607.1350816,4607.13195581196,40485332190.0
1100.8763654,1100.863283887177,40485332190.0
1311.7735214,1311.762543032839,40485332190.0
1101.58836,1101.575286840387,40485332190.0
1669.1292616,1669.1206335789846,40485332190.0
4468.9143237,4468.91110113579,40485332190.0
2356.6286925,2356.622581652935,40485332190.0
1120.9146579,1120.9018102086452,40485332190.0
1989.4664999,1989.4592612188837,40485332190.0
640.29780836,640.2753166930946,40485332190.0
3826.6333657,3826.6296023458663,40485332190.0
799.53425227,799.5162401920005,40485332190.0
19524.281817,19524.28107929073,40485332190.0
3147.7532452,3147.748670186762,40485332190.0
9095.7359472,9095.73436389263,40485332190.0
8433.1127775,8433.11106978357,40485332190.0
1807.9116386,1807.9036729863408,40485332190.0
1646.6731874,1646.6644418044286,40485332190.0
904.33184935,904.315924617427,40485332190.0
758.43866326,758.4196751798768,40485332190.0
2299.8813479,2299.8750862470984,40485332190.0
2399.9236732,2399.917672625472,40485332190.0
1082.450067,1082.4367626797984,40485332190.0
1395.8394444,1395.8291271714022,40485332190.0
1374.1152117,1374.104731403132,40485332190.0
750.72798792,750.7088048201668,40485332190.0
536.5235717,536.4967294988401,40485332190.0
621.3458741,621.3226963788422,40485332190.0
1562.1153268,1562.10610778814,40485332190.0
1755.8958321,1755.887630574173,40485332190.0
1888.6610325,1888.6534074543013,40485332190.0
817.46040842,817.4427913472414,40485332190.0
1407.626941,1407.6167101935814,40485332190.0
4750.5907317,4750.587700280103,40485332190.0
7170.5913361,7170.589327770263,40485332190.0
5239.3143284,5239.3115797574255,40485332190.0
1276.3570064,1276.3457234023251,40485332190.0
323.26159106,323.21703859282707,40485332190.0
2018.5427667,2018.535632327224,40485332190.0
861.61287222,861.5961579201969,40485332190.0
1985.1695539,1985.1622995618704,40485332190.0
1812.0804668,1812.0725195288255,40485332190.0
1927.1024524,1927.0949793823813,40485332190.0
752.49023774,752.4710995617446,40485332190.0
2693.4575258,2693.45217911628,40485332190.0
2263.7989683,2263.7926068483703,40485332190.0
1406.2383621,1406.228121221374,40485332190.0
775.21086629,775.1922890487102,40485332190.0
1200.3674458,1200.3554484578683,40485332190.0
4513.9096087,4513.90641836759,40485332190.0
796.34519549,796.3271112805618,40485332190.0
5235.431732,5235.428981205365,40485332190.0
511.04917752,511.02099724326155,40485332190.0
905.96499407,905.9490980480366,40485332190.0
221.88739042,221.82247813880576,40485332190.0
1274.9849316,1274.9736364678267,40485332190.0
1105.8982668,1105.8852446432059,40485332190.0
3175.1713101,3175.1667745213913,40485332190.0
4308.4158312,4308.412488639438,40485332190.0
1922.2208589,1922.2133669287607,40485332190.0
2034.3257582,2034.3186790826132,40485332190.0
9714.14953,9714.148047487659,40485332190.0
4900.8503653,4900.847426796525,40485332190.0
154.12864444,154.0351804518699,40485332190.0
669.5613067,669.5397980831578,40485332190.0
1193.2766519,1193.2645832547853,40485332190.0
237.69633096,237.6357370666094,40485332190.0
308.50084155,308.4541570806541,40485332190.0
930.57497773,930.5595021073333,40485332190.0
909.19009514,909.1742555053182,40485332190.0
216.30622486,216.23963719260604,40485332190.0
1028.1125381,1028.0985306540022,40485332190.0
859.07982748,859.0630638993233,40485332190.0
3235.2298169,3235.22536558228,40485332190.0
4039.2755793,4039.272014025178,40485332190.0
715.70955628,715.689434552385,40485332190.0
1790.5856933,1790.577650618325,40485332190.0
3882.3588407,3882.355131356539,40485332190.0
675.2619271,675.2406000613252,40485332190.0
805.24961866,805.2317344306271,40485332190.0
475.9287949,475.89853497544306,40485332190.0
2806.5780142,2806.5728829531977,40485332190.0
3411.5381031,3411.5338818783957,40485332190.0
1557.0873278,1557.078078938554,40485332190.0
10085.208655,10085.20722679477,40485332190.0
662.09179997,662.070048687754,40485332190.0
495.68508752,495.6560337217813,40485332190.0
1317.2483532,1317.237420383923,40485332190.0
678.2746895,678.2534571925883,40485332190.0
1130.3916191,1130.3788790842857,40485332190.0
999.92613811,999.911735830829,40485332190.0
448.70440738,448.67231136490346,40485332190.0
665.92788689,665.9062609100132,40485332190.0
1513.6724612,1513.662947093657,40485332190.0
6098.401647,6098.39928553659,40485332190.0
861.71910862,861.7023963840144,40485332190.0
7011.9761457,7011.974091913584,40485332190.0
670.00486697,669.9833725838756,40485332190.0
1559.315532,1559.306296494317,40485332190.0
1409.8647407,1409.8545261254806,40485332190.0
780.14109678,780.122636929862,40485332190.0
2328.1015739,2328.0953880957723,40485332190.0
469.00747924,468.9767727316334,40485332190.0
6096.2679276,6096.265565252141,40485332190.0
364.57324454,364.53374112104154,40485332190.0
2996.6064828,2996.6016769796984,40485332190.0
580.74077164,580.7159732755631,40485332190.0
1837.8062232,1837.7983871690187,40485332190.0
376.71290892,376.67467864166423,40485332190.0
237.68861796,237.62802210362426,40485332190.0
577.12937312,577.104419570335,40485332190.0
1170.7185599,1170.7062587055364,40485332190.0
1191.6407982,1191.6287130516373,40485332190.0
698.92592522,698.9053202869466,40485332190.0
2747.9586173,2747.9533766435184,40485332190.0
785.38552461,785.3671880380733,40485332190.0
9103.2947732,9103.293191168568,40485332190.0
1026.9721185,1026.9580954915614,40485332190.0
1865.8103291,1865.80261070937,40485332190.0
4245.3000016,4245.296609330053,40485332190.0
518.1709306,518.1431376508382,40485332190.0
1114.3973376,1114.3844147253221,40485332190.0
986.77496967,986.7603754421813,40485332190.0
587.87283888,587.8483413947146,40485332190.0
935.33145375,935.3160568189792,40485332190.0
2524.9522084,2524.9465048491884,40485332190.0
1674.5177695,1674.509169356038,40485332190.0
961.37727694,961.3622971600562,40485332190.0
4990.2023771,4990.199491266185,40485332190.0
1351.269015,1351.2583574507096,40485332190.0
821.61600296,821.5984749826939,40485332190.0
5831.0049856,5831.0025157971795,40485332190.0
4755.1649437,4755.161915218466,40485332190.0
5232.1460507,5232.143298196228,40485332190.0
1050.2196567,1050.2059441576403,40485332190.0
2264.3168917,2264.3105317062304,40485332190.0
4239.1028822,4239.099484960081,40485332190.0
3658.8763008,3658.872364832014,40485332190.0
603.72280186,603.6989475395291,40485332190.0
967.39841542,967.3835288817686,40485332190.0
379.08180743,379.0438160733282,40485332190.0
867.47666592,867.460064610342,40485332190.0
1033.3387704,1033.3248339104775,40485332190.0
344.0826599,344.04080371981684,40485332190.0
393.16264424,393.1260136467525,40485332190.0
815.41235841,815.3946970850678,40485332190.0
1048.6938268,1048.680094320816,40485332190.0
169.06487132,168.97966888094166,40485332190.0
587.58749661,587.5629872153711,40485332190.0
1797.6895613,1797.6815503873952,40485332190.0
226.04292124,225.97920263793057,40485332190.0
421.06726416,421.0330613269218,40485332190.0
3912.9868852,3912.9832049054003,40485332190.0
715.63559467,715.6154708625577,40485332190.0
819.25549915,819.2379206725168,40485332190.0
497.27332311,497.2443621190192,40485332190.0
1505.3888776,1505.3793112164942,40485332190.0
10592.256284,10592.25492451776,40485332190.0
5447.3177197,5447.315075931897,40485332190.0
8798.7970004,8798.79536367083,40485332190.0
3620.3948766,3620.3908987350937,40485332190.0
5042.4716403,5042.4687843031015,40485332190.0
996.66978102,996.6553316931169,40485332190.0
4954.5918349,4954.588928308181,40485332190.0
3358.6103573,3358.60606945849,40485332190.0
2388.4163122,2388.410282629005,40485332190.0
927.023481,927.0079460829019,40485332190.0
6829.0191838,6829.01707500978,40485332190.0
768.75689385,768.7381606437532,40485332190.0
6642.64403,6642.64186203501,40485332190.0
2463.8342549,2463.828409921931,40485332190.0
6736.7109971,6736.708859426796,40485332190.0
15401.840727,15401.83979118842,40485332190.0
568.95081998,568.9255077214434,40485332190.0
1792.770159,1792.7621260602025,40485332190.0
416.07892861,416.04431567581776,40485332190.0
823.70933064,823.6918472112388,40485332190.0
1629.5183009,1629.5094632486312,40485332190.0
8404.2263362,8404.224622599691,40485332190.0
14113.121082,14113.120062025735,40485332190.0
2517.2613125,2517.2555915407006,40485332190.0
222.94926026,222.88465723914578,40485332190.0
2131.4151849,2131.4084282554745,40485332190.0
415.25133015,415.2166482288196,40485332190.0
7354.7975933,7354.795635224145,40485332190.0
2075.0920112,2075.085071119019,40485332190.0
426.45211107,426.4183401512293,40485332190.0
2162.7316701,2162.725011275931,40485332190.0
213.20714692,213.13959106827747,40485332190.0
1819.8592948,1819.8513814904798,40485332190.0
1432.6022918,1432.592239325992,40485332190.0
5104.7119369,5104.709115725666,40485332190.0
1659.5054095,1659.4967314690643,40485332190.0
2024.5056509,2024.498537508734,40485332190.0
1971.0210239,1971.0137174078686,40485332190.0
3583.3257789,3583.321759958705,40485332190.0
547.07691718,547.0505928004976,40485332190.0
3432.5022553,3432.4980598488955,40485332190.0
10426.139558,10426.138176774435,40485332190.0
1626.4215684,1626.4127139381953,40485332190.0
539.96550893,539.9388378430973,40485332190.0
2941.6090774,2941.6041817620953,40485332190.0
1174.1217509,1174.1094854130652,40485332190.0
3701.990118,3701.9862279083377,40485332190.0
1984.390398,1984.3831408062467,40485332190.0
1351.7637977,1351.7531440571836,40485332190.0
1175.0810798,1175.068824249471,40485332190.0
1836.5149096,1836.5070680997846,40485332190.0
6745.8451413,6745.843006441067,40485332190.0
2350.5448614,2350.5387346364137,40485332190.0
2598.1320826,2598.126539691891,40485332190.0
851.69004041,851.6731313772997,40485332190.0
885.48518213,885.4689184595509,40485332190.0
420.8664527,420.83223354810406,40485332190.0
1939.5023336,1939.4949084386005,40485332190.0
1123.293842,1123.2810215470822,40485332190.0
1169.6384777,1169.6261650966794,40485332190.0
4956.4206492,4956.417743631711,40485332190.0
1552.6244149,1552.6151395232014,40485332190.0
967.13998154,967.1250910152894,40485332190.0
378.38016069,378.34209887033415,40485332190.0
3070.7783654,3070.7736756968766,40485332190.0
743.5315778,743.5122090218741,40485332190.0
2453.7719629,2453.766093895116,40485332190.0
1867.5275402,1867.5198288292763,40485332190.0
897.7752568,897.7592157646038,40485332190.0
4131.6872738,4131.6837882432455,40485332190.0
2155.4641658,2155.4574845922157,40485332190.0
10544.794218,10544.79285243208,40485332190.0
1110.8109863,1110.7980217190868,40485332190.0
248.85933798,248.80146277253763,40485332190.0
4530.9602282,4530.957049841944,40485332190.0
692.67534515,692.6545542714916,40485332190.0
334.6441892,334.6011523397114,40485332190.0
643.8291465,643.8067782089496,40485332190.0
3996.6916666,3996.688063350291,40485332190.0
20879.661221,20879.66053161028,40485332190.0
3240.7700083,3240.765564494576,40485332190.0
4759.449669,4759.446643198947,40485332190.0
1073.0566554,1073.0432346686991,40485332190.0
1075.960389,1075.9470044725645,40485332190.0
2606.6835683,2606.678043592064,40485332190.0
681.60687262,681.5857441082209,40485332190.0
5439.8009765,5439.798329136068,40485332190.0
643.73819858,643.7158271313835,40485332190.0
1559.2705639,1559.26132803215,40485332190.0
1455.9961681,1455.9862771240118,40485332190.0
1578.885964,1578.8768429517904,40485332190.0
845.27991076,845.2628734987214,40485332190.0
1183.1604497,1183.148277900615,40485332190.0
2371.3726121,2371.3665391887052,40485332190.0
2829.360344,2829.355254179903,40485332190.0
2915.3526953,2915.3477556060498,40485332190.0
1253.8109629,1253.7994769153847,40485332190.0
2183.3230731,2183.3164771831935,40485332190.0
5325.8781075,5325.8754035385045,40485332190.0
13804.706371,13804.705327077252,40485332190.0
215.53036401,215.46353655848066,40485332190.0
3899.4054574,3899.4017641983896,40485332190.0
1421.9538861,1421.943758310578,40485332190.0
1497.8014133,1497.7917984001006,40485332190.0
797.89915626,797.8811072678201,40485332190.0
1247.7749139,1247.7633724243778,40485332190.0
3040.0548696,3040.0501325042314,40485332190.0
902.59828412,902.582328806331,40485332190.0
397.99237838,397.95619235225547,40485332190.0
1260.6448447,1260.6334210010973,40485332190.0
1871.8598756,1871.852182095752,40485332190.0
2596.5480117,2596.542465464492,40485332190.0
661.04989558,661.0281100058952,40485332190.0
550.57938942,550.5532325178983,40485332190.0
3628.3104045,3628.306435438521,40485332190.0
1844.5286095,1844.5208019779425,40485332190.0
906.41337893,906.3974907767141,40485332190.0
9769.1423311,9769.140856999706,40485332190.0
749.61816049,749.5989489853273,40485332190.0
893.59173694,893.575620805809,40485332190.0
9624.9858392,9624.98434293911,40485332190.0
212.26169364,212.19383677909613,40485332190.0
357.39724089,357.35694420356504,40485332190.0
501.68327919,501.6545727868893,40485332190.0
8979.3597351,8979.358131309611,40485332190.0
1646.8043645,1646.7956195734148,40485332190.0
2260.40038,2260.394009007329,40485332190.0
4611.9955148,4611.99239218125,40485332190.0
3727.8295317,3727.825668578414,40485332190.0
992.69039054,992.675883281581,40485332190.0
1645.5993282,1645.5905768356554,40485332190.0
3651.1128181,3651.1088737817445,40485332190.0
1398.8083397,1398.798044404827,40485332190.0
9197.2144416,9197.212875796457,40485332190.0
1681.9338179,1681.925255679184,40485332190.0
557.4661646,557.4403308393192,40485332190.0
11983.81823,11983.817028700974,40485332190.0
619.39746256,619.3742119301761,40485332190.0
2112.7291068,2112.7222904005166,40485332190.0
1162.2434838,1162.2310929018392,40485332190.0
774.3869167,774.3683196884011,40485332190.0
2623.4525063,2623.4470170055065,40485332190.0
1730.6324509,1730.624129571253,40485332190.0
4439.9195507,4439.916307146906,40485332190.0
3429.9034084,3429.899209643529,40485332190.0
985.52887755,985.5142648692533,40485332190.0
697.73306998,697.7124298219401,40485332190.0
2570.9255676,2570.9199661059615,40485332190.0
595.29682805,595.2726360862044,40485332190.0
656.77414192,656.7522145187994,40485332190.0
3179.1889998,3179.184469963716,40485332190.0
1706.7740276,1706.7655899261451,40485332190.0
10756.3708,10756.36946117176,40485332190.0
2693.1825797,2693.1772324224485,40485332190.0
405.96451509,405.9290397272081,40485332190.0
7569.923006,7569.921103577799,40485332190.0
4233.5034322,4233.500030552132,40485332190.0
1557.1157896,1557.1065409905289,40485332190.0
3860.1925421,3860.1888114300978,40485332190.0
1530.1826978,1530.1732864218263,40485332190.0
3174.0618748,3174.0573377112737,40485332190.0
7777.0748089,7777.072957144188,40485332190.0
1919.017846,1919.0103416367585,40485332190.0
13722.876652,13722.875602724267,40485332190.0
1402.6259854,1402.6157181153474,40485332190.0
8337.7795106,8337.777783433527,40485332190.0
1333.7661994,1333.7554020789248,40485332190.0
1246.702159,1246.6906075934482,40485332190.0
3142.4828483,3142.478265609112,40485332190.0
588.28337319,588.2588927950873,40485332190.0
720.29001264,720.2700188784603,40485332190.0
3707.3775709,3707.373686482757,40485332190.0
514.99495818,514.96699382298,40485332190.0
551.23937073,551.213245147643,40485332190.0
906.41642014,906.4005320390904,40485332190.0
542.47027091,542.4437229792755,40485332190.0
2320.5347809,2320.5285749338773,40485332190.0
3851.5791381,3851.575399031739,40485332190.0
2772.7691239,2772.7639301276013,40485332190.0
9775.7009488,9775.699475637359,40485332190.0
426.02621582,425.9924111331096,40485332190.0
3309.3373055,3309.3329538419734,40485332190.0
324.66223007,324.61786983001355,40485332190.0
1259.0541409,1259.042702809368,40485332190.0
629.39610614,629.3732248871295,40485332190.0
5709.9262776,5709.92375551744,40485332190.0
768.36903419,768.350291522873,40485332190.0
524.09301771,524.0655388303489,40485332190.0
3336.8771268,3336.872810996748,40485332190.0
2205.8231521,2205.8166233852803,40485332190.0
1059.0784778,1059.0648799593143,40485332190.0
605.34432013,605.3205297162368,40485332190.0
1391.6925732,1391.6822252577635,40485332190.0
159.29777406,159.20734468719056,40485332190.0
1126.8785224,1126.865742659678,40485332190.0
643.28378436,643.2613970975272,40485332190.0
713.91110026,713.8909278471417,40485332190.0
820.35277579,820.3352208249364,40485332190.0
9190.0006449,9189.999077908278,40485332190.0
788.49314212,788.4748778204626,40485332190.0
1368.1921796,1368.1816538995924,40485332190.0
2708.0784753,2708.073157540891,40485332190.0
485.44461788,485.4149511611977,40485332190.0
2065.449332,2065.4423595455783,40485332190.0
1020.0218759,1020.0077574171788,40485332190.0
2548.9349085,2548.929258592291,40485332190.0
582.88551649,582.8608093842205,40485332190.0
2073.5699479,2073.563002794644,40485332190.0
778.3053016,778.2867982167061,40485332190.0
1280.3563139,1280.345066102974,40485332190.0
314.57274715,314.52696392016554,40485332190.0
909.55304964,909.5372163292216,40485332190.0
886.83771143,886.8214725625555,40485332190.0
5862.793082,5862.790625625404,40485332190.0
163.39187548,163.30371322378468,40485332190.0
1429.0747618,1429.0646846021345,40485332190.0
1941.935358,1941.92794213705,40485332190.0
1916.0853364,1916.0778204450442,40485332190.0
2783.8330444,2783.827871253856,40485332190.0
481.84096056,481.81107194619545,40485332190.0
429.76581099,429.73230048039323,40485332190.0
10640.506386,10640.50503289224,40485332190.0
784.9970515,784.9787058520793,40485332190.0
1274.0373806,1274.026076986614,40485332190.0
2464.8715953,2464.8657527897794,40485332190.0
1290.839587,1290.8284306478815,40485332190.0
5624.4185069,5624.415946412286,40485332190.0
1788.259609,1788.2515558718615,40485332190.0
3230.9225736,3230.9181163508233,40485332190.0
3164.4854698,3164.4809189031253,40485332190.0
3039.3732088,3039.3684705996016,40485332190.0
648.37221257,648.3500010147808,40485332190.0
417.26457043,417.23005585733597,40485332190.0
1215.7479874,1215.7361418949856,40485332190.0
742.10956847,742.0901625757792,40485332190.0
2484.3158656,2484.3100687788574,40485332190.0
2306.3691294,2306.3628853128757,40485332190.0
447.69959351,447.6674254491138,40485332190.0
8954.8844541,8954.882845909078,40485332190.0
4424.0924192,4424.089164030051,40485332190.0
2180.8359016,2180.829298081208,40485332190.0
3626.0681444,3626.064172908597,40485332190.0
8205.1728907,8205.171135646826,40485332190.0
1320.779862,1320.768958382812,40485332190.0
1242.2923303,1242.2807378436105,40485332190.0
3126.6424178,3126.637811921625,40485332190.0
1028.1793133,1028.1653068273192,40485332190.0
622.29779346,622.2746512045751,40485332190.0
5239.2988884,5239.296139767654,40485332190.0
1027.9324065,1027.9183965798609,40485332190.0
1876.7712802,1876.7636068303407,40485332190.0
1039.975236,1039.9613883966945,40485332190.0
656.2412025,656.2192572896749,40485332190.0
719.28501569,719.2649939882397,40485332190.0
3898.041085,3898.037390538348,40485332190.0
1117.8315916,1117.818708395071,40485332190.0
9300.7845419,9300.782993440867,40485332190.0
479.9492226,479.91921617347106,40485332190.0
3073.8142919,3073.8096067720367,40485332190.0
597.3322705,597.3081609689959,40485332190.0
2644.6231827,2644.6177372895845,40485332190.0
7730.0972396,7730.095376652928,40485332190.0
519.08189029,519.0541461288144,40485332190.0
1657.2776375,1657.2689478091033,40485332190.0
3010.7323896,3010.7276062902943,40485332190.0
3098.740976,3098.7363285630067,40485332190.0
3735.4187111,3735.414855833286,40485332190.0
1617.564277,1617.5553740627154,40485332190.0
1430.4588788,1430.448811308723,40485332190.0
889.24120219,889.2250072128954,40485332190.0
7746.4270797,7746.425220613447,40485332190.0
394.05373547,394.0171877113865,40485332190.0
2457.8415291,2457.835669842245,40485332190.0
280.88033531,280.8290592900361,40485332190.0
1097.8971592,1097.8840420934546,40485332190.0
11733.810009,11733.808781915108,40485332190.0
721.50274901,721.4827888530988,40485332190.0
8142.9332684,8142.931499878593,40485332190.0
3546.930369,3546.9263088366997,40485332190.0
1091.603359,1091.5901663152881,40485332190.0
1837.7689877,1837.76115148673,40485332190.0
1494.4531136,1494.4434771898552,40485332190.0
771.75577132,771.7371109041089,40485332190.0
1500.8078282,1500.7982325775704,40485332190.0
1467.5558871,1467.5460740493775,40485332190.0
3685.8459702,3685.8420630936866,40485332190.0
707.03179832,707.0114296237149,40485332190.0
2326.6219736,2326.6157838804947,40485332190.0
399.15909577,399.12301551747396,40485332190.0
1452.0239197,1452.0140016892976,40485332190.0
11455.172608,11455.17135122255,40485332190.0
2481.1615671,2481.1557629778536,40485332190.0
767.9213399,767.9025863074311,40485332190.0
783.86642496,783.8480528576501,40485332190.0
4177.9240436,4177.9205966747295,40485332190.0
2035.2518995,2035.2448236519178,40485332190.0
4342.3551498,4342.3518334552045,40485332190.0
708.58612213,708.5657981035243,40485332190.0
2529.1873021,2529.1816081235834,40485332190.0
7636.7384337,7636.736547933104,40485332190.0
1216.0889026,1216.0770603921353,40485332190.0
564.31508668,564.2895664749334,40485332190.0
3564.5266275,3564.5225873795243,40485332190.0
8878.1379599,8878.13633776836,40485332190.0
1222.5756707,1222.5638913927344,40485332190.0
586.40506217,586.3805033591262,40485332190.0
1093.6078896,1093.5947211339926,40485332190.0
4164.9983261,4164.994868457238,40485332190.0
236.35309752,236.29215917198124,40485332190.0
10600.968161,10600.966802926616,40485332190.0
7532.4814166,7532.47950471754,40485332190.0
2286.4953977,2286.48909929092,40485332190.0
380.82437386,380.78655636316637,40485332190.0
2207.3593954,2207.352871213141,40485332190.0
2394.4848714,2394.478857099024,40485332190.0
1336.4717144,1336.4609389317013,40485332190.0
1035.9670411,1035.9531398974834,40485332190.0
1675.454887,1675.4462915803203,40485332190.0
2494.9320404,2494.9262682886547,40485332190.0
1285.9873896,1285.9761910965174,40485332190.0
666.36043057,666.3388186250263,40485332190.0
244.11935402,244.06035480867203,40485332190.0
866.89463639,866.878023938788,40485332190.0
646.76322265,646.7409558312738,40485332190.0
3378.8663895,3378.8621273572207,40485332190.0
2913.2446445,2913.2397011652324,40485332190.0
4930.4547513,4930.4518305277425,40485332190.0
669.94026635,669.9187698990626,40485332190.0
601.24266421,601.2187114888814,40485332190.0
3219.6241528,3219.619679869791,40485332190.0
5850.8326333,5850.830171943524,40485332190.0
1270.7983745,1270.7870420525323,40485332190.0
902.50755105,902.4915941331718,40485332190.0
326.9276407,326.8835879010175,40485332190.0
3736.7839338,3736.780079832067,40485332190.0
1478.9279821,1478.9182445471245,40485332190.0
1907.3233465,1907.3157960248097,40485332190.0
758.88765412,758.8686772799099,40485332190.0
923.69122259,923.6756316380495,40485332190.0
629.10106139,629.0781694019757,40485332190.0
1196.8253207,1196.8132878969905,40485332190.0
5424.007765,5424.0051100237915,40485332190.0
1024.2367096,1024.2226491561617,40485332190.0
365.80304293,365.76367232569703,40485332190.0
1748.8713277,1748.8630931596388,40485332190.0
2051.5490389,2051.5420192826014,40485332190.0
672.33503201,672.313612119722,40485332190.0
2010.0492751,2010.0421105015298,40485332190.0
794.04238567,794.0242490114791,40485332190.0
2811.8510981,2811.8459764666477,40485332190.0
622.23180723,622.2086625180303,40485332190.0
629.61253278,629.5896593958734,40485332190.0
1286.3968388,1286.385643811825,40485332190.0
10669.389305,10669.38795495922,40485332190.0
3692.2927471,3692.2888468345714,40485332190.0
921.23645711,921.220824614104,40485332190.0
2443.2890177,2443.2831236121356,40485332190.0
1459.0396783,1459.0298080059133,40485332190.0
1292.5716461,1292.560504605556,40485332190.0
587.24374469,587.2192209575903,40485332190.0
2137.3752778,2137.368540044816,40485332190.0
3409.6330661,3409.6288424570907,40485332190.0
1296.1545977,1296.1434870277653,40485332190.0
1485.6749804,1485.6652870781468,40485332190.0
892.53253008,892.5163948259762,40485332190.0
597.07088288,597.046762793973,40485332190.0
658.55051138,658.5286431277545,40485332190.0
665.39092717,665.3692837372414,40485332190.0
3226.8150222,3226.810559246652,40485332190.0
678.67266602,678.6514461663016,40485332190.0
5760.9007233,5760.898223442073,40485332190.0
1290.9942711,1290.9831159889652,40485332190.0
518.06826296,518.0404644990526,40485332190.0
655.94675168,655.924796626809,40485332190.0
1253.6947515,1253.683264585842,40485332190.0
2679.7516315,2679.7462573956686,40485332190.0
2500.1095785,2500.103818347437,40485332190.0
1466.0076188,1465.9977953831487,40485332190.0
1547.6001819,1547.5908763737946,40485332190.0
8979.0048635,8979.003259654419,40485332190.0
1713.137933,1713.129526725569,40485332190.0
464.20941626,464.178392353685,40485332190.0
2479.8637658,2479.857958525238,40485332190.0
1679.8719376,1679.8633648670045,40485332190.0
736.1412832,736.1217199704333,40485332190.0
1690.4536419,1690.4451227843672,40485332190.0
10334.184226,10334.182831988359,40485332190.0
3083.8858617,3083.8811919129143,40485332190.0
3918.8814745,3918.877799688921,40485332190.0
1000.8203437,1000.8059543412788,40485332190.0
394.28801103,394.25148500229335,40485332190.0
1825.3703145,1825.3624250900216,40485332190.0
511.01969754,510.9915156319988,40485332190.0
1456.2587317,1456.2488425045487,40485332190.0
6783.4573329,6783.455209898779,40485332190.0
3444.1374097,3444.1332283894826,40485332190.0
3844.6886666,3844.684920917562,40485332190.0
1528.760389,1528.7509688521166,40485332190.0
13890.736091,13890.735053765266,40485332190.0
660.65469117,660.6328925734713,40485332190.0
1515.8717596,1515.8622592813895,40485332190.0
362.79937743,362.7596808418299,40485332190.0
985.52045627,985.5058434672453,40485332190.0
537.2109269,537.1841190498419,40485332190.0
2326.6980364,2326.691846817765,40485332190.0
4363.2709996,4363.267699097222,40485332190.0
3271.8507298,3271.8463283159713,40485332190.0
676.36997142,676.3486793215286,40485332190.0
1062.5243734,1062.510819642724,40485332190.0
3529.3364855,3529.332405058336,40485332190.0
4896.4830251,4896.480083963966,40485332190.0
1987.2426093,1987.2353625695687,40485332190.0
1480.8893771,1480.879652452785,40485332190.0
1835.4219576,1835.4141113920111,40485332190.0
8175.1713535,8175.169591919949,40485332190.0
3482.811913,3482.807778051434,40485332190.0
2156.8339343,2156.82725735284,40485332190.0
1339.5508676,1339.5401168566934,40485332190.0
1060.1886814,1060.1750978032906,40485332190.0
2949.4489796,2949.4440968988506,40485332190.0
12770.301631,12770.300502575245,40485332190.0
6716.9476831,6716.9455390997755,40485332190.0
415.70899494,415.67435121030434,40485332190.0
672.26506358,672.2436414606967,40485332190.0
1044.5814026,1044.5676159465056,40485332190.0
7674.510029,7674.508152489366,40485332190.0
1731.446617,1731.4382996116874,40485332190.0
5501.0107423,5501.008124361415,40485332190.0
803.9683662,803.9504534679527,40485332190.0
1798.8760779,1798.868072317769,40485332190.0
5610.3286234,5610.326056478701,40485332190.0
6308.0220895,6308.019806515951,40485332190.0
7345.8087543,7345.806793824309,40485332190.0
991.95764049,991.9431225153822,40485332190.0
5978.9298495,5978.927440877636,40485332190.0
2449.9086409,2449.902762713565,40485332190.0
460.44378945,460.4125117989734,40485332190.0
3627.1890825,3627.185112178347,40485332190.0
2647.1147929,2647.109352588289,40485332190.0
667.50242783,667.4808528615794,40485332190.0
693.52296135,693.50219589335,40485332190.0
1388.3870887,1388.3767161582725,40485332190.0
696.49119866,696.4705216876541,40485332190.0
1505.7085301,1505.6989658095301,40485332190.0
296.29417346,296.2455653783418,40485332190.0
946.63855595,946.6233429326513,40485332190.0
1450.0972004,1450.0872692469359,40485332190.0
2214.5093519,2214.5028488212556,40485332190.0
2030.4175692,2030.4104764625401,40485332190.0
1060.0648403,1060.0512550888548,40485332190.0
4002.5720395,4002.56844152681,40485332190.0
355.29885868,355.2583239798178,40485332190.0
7033.2084787,7033.206431158395,40485332190.0
1870.7527754,1870.7450773082514,40485332190.0
1918.8711076,1918.8636026212596,40485332190.0
8135.7560274,8135.754257280822,40485332190.0
928.92692423,928.9114211490253,40485332190.0
1065.0796514,1065.0661302032684,40485332190.0
1535.2786383,1535.2692581382948,40485332190.0
1758.5056122,1758.4974227235896,40485332190.0
980.47214164,980.4574535901273,40485332190.0
2017.2518468,2017.244707837609,40485332190.0
3019.3764893,3019.3717198013073,40485332190.0
727.22705992,727.2072568782747,40485332190.0
919.81512175,919.7994650959912,40485332190.0
1225.0527286,1225.0409731053423,40485332190.0
3263.5874272,3263.583014445084,40485332190.0
680.5041838,680.4830210652801,40485332190.0
1242.0740811,1242.0624865925079,40485332190.0
2512.4722041,2512.4664723221813,40485332190.0
493.43973786,493.41055184562316,40485332190.0
4265.5844717,4265.581095526268,40485332190.0
2651.7229672,2651.7175362826183,40485332190.0
641.1359657,641.1135034424406,40485332190.0
4253.2046441,4253.201258160636,40485332190.0
11357.989425,11357.988157270793,40485332190.0
716.24556114,716.2254544757756,40485332190.0
725.93084206,725.9110036572345,40485332190.0
3266.0487614,3266.0443520559547,40485332190.0
13113.857837,13113.856737990716,40485332190.0
18323.110299,18323.10951396855,40485332190.0
325.65554274,325.61131782403675,40485332190.0
12046.502221,12046.501024816602,40485332190.0
840.24450176,840.2273623882901,40485332190.0
3578.7533495,3578.749325411229,40485332190.0
3867.435933,3867.432209327292,40485332190.0
818.44607458,818.4284787190232,40485332190.0
440.38525922,440.3525568404024,40485332190.0
606.88587535,606.8621453614157,40485332190.0
12612.733752,12612.73261041285,40485332190.0
3100.3364103,3100.3317653403406,40485332190.0
9068.2456627,9068.244074615943,40485332190.0
987.58671242,987.5721301847078,40485332190.0
1676.9707867,1676.9621991673225,40485332190.0
3761.8664331,3761.862604907669,40485332190.0
497.84263433,497.8137064584973,40485332190.0
3581.9024397,3581.898419213482,40485332190.0
4678.7083614,4678.705283457888,40485332190.0
1735.9399563,1735.931660406216,40485332190.0
1134.1167719,1134.104073766537,40485332190.0
526.45355521,526.4261995515228,40485332190.0
13996.033356,13996.032327073837,40485332190.0
1739.6672813,1739.659003202421,40485332190.0
9717.0815683,9717.080086273681,40485332190.0
1735.9980763,1735.9897806596805,40485332190.0
1583.4667082,1583.4576134431015,40485332190.0
172.53962027,172.45613454311155,40485332190.0
1052.5155035,1052.501820862052,40485332190.0
12324.758939,12324.757770851638,40485332190.0
12589.694306,12589.693161705241,40485332190.0
835.0715135,835.0542679611914,40485332190.0
2272.9959279,2272.989592179762,40485332190.0
5668.5639773,5668.56143687044,40485332190.0
430.61852459,430.58508044043947,40485332190.0
4749.4328359,4749.429803666632,40485332190.0
1926.9433246,1926.9358509792548,40485332190.0
858.08910082,858.0723178899397,40485332190.0
1502.232107,1502.2225205278685,40485332190.0
784.67692984,784.6585767088308,40485332190.0
3112.84367,3112.8390436685,40485332190.0
1851.2931992,1851.2854202002359,40485332190.0
254.51279805,254.4562087084797,40485332190.0
9064.7505329,9064.748944202825,40485332190.0
1470.1040178,1470.0942218654388,40485332190.0
390.91172401,390.8748824781569,40485332190.0
763.46755715,763.4486941533114,40485332190.0
2565.2959971,2565.2903833163646,40485332190.0
1962.9002926,1962.8929558785462,40485332190.0
1796.3167061,1796.3086890754491,40485332190.0
21808.735293,21808.734633032564,40485332190.0
2635.523908,2635.5184437705007,40485332190.0
1006.5391884,1006.5248807394295,40485332190.0
4813.7828162,4813.779824647305,40485332190.0
2174.0455789,2174.038954746147,40485332190.0
2341.556799,2341.550648719402,40485332190.0
1060.5136718,1060.5000923155737,40485332190.0
3738.3969693,3738.3931170783817,40485332190.0
358.23903578,358.1988337970823,40485332190.0
1221.3916208,1221.3798299885311,40485332190.0
16803.516405,16803.515547630705,40485332190.0
3368.9492557,3368.9449809464995,40485332190.0
927.54318492,927.5276587054523,40485332190.0
704.53678678,704.516345951034,40485332190.0
636.37495271,636.3523223927755,40485332190.0
2229.0099365,2229.0034757154035,40485332190.0
764.67862516,764.6597920393551,40485332190.0
430.90314973,430.86972767738615,40485332190.0
5023.9092394,5023.9063728404435,40485332190.0
1620.2973067,1620.2884186520337,40485332190.0
9456.9079166,9456.906393722555,40485332190.0
2387.7134651,2387.707433827737,40485332190.0
1995.1237361,1995.1165178723722,40485332190.0
9671.0668994,9671.065410316854,40485332190.0
2856.6028249,2856.597783545934,40485332190.0
958.52525016,958.5102258067587,40485332190.0
777.48719618,777.4686733279977,40485332190.0
1076.8956886,1076.8823156951219,40485332190.0
2774.6635731,2774.6583828654793,40485332190.0
3270.6047833,3270.600380085892,40485332190.0
1140.1231057,1140.1104744288389,40485332190.0
979.65995189,979.6452516615535,40485332190.0
2206.3436231,2206.3370959037575,40485332190.0
724.14982242,724.129935226941,40485332190.0
2523.8839066,2523.878200673441,40485332190.0
1983.5648665,1983.557606294884,40485332190.0
604.54086364,604.5170416038482,40485332190.0
949.46489449,949.4497267605446,40485332190.0
2618.1217645,2618.116263859872,40485332190.0
2057.6047581,2057.5977591960536,40485332190.0
888.58563727,888.5694303490819,40485332190.0
3328.815805,3328.8114788185917,40485332190.0
10149.166269,10149.164850004221,40485332190.0
5117.8357915,5117.832977614364,40485332190.0
1441.1673511,1441.1573583912436,40485332190.0
1453.9202334,1453.9103284086132,40485332190.0
560.5846939,560.5590038653557,40485332190.0
2467.0640144,2467.0581770683166,40485332190.0
375.75877113,375.72044375774317,40485332190.0
1015.6370672,1015.6228876729332,40485332190.0
1174.413259,1174.4009964523432,40485332190.0
2506.7420302,2506.7362852516703,40485332190.0
875.77844863,875.7620046943016,40485332190.0
1790.8504242,1790.8423826665548,40485332190.0
943.28152514,943.2662579843733,40485332190.0
268.84052187,268.78694904738416,40485332190.0
1194.244661,1194.232602152822,40485332190.0
978.26061099,978.2458897395139,40485332190.0
778.76139863,778.7429060817077,40485332190.0
5498.7893731,5498.786754095515,40485332190.0
3378.1188101,3378.1145470651604,40485332190.0
2708.2751251,2708.2698076531037,40485332190.0
16563.052529,16563.05165972028,40485332190.0
2855.1956156,2855.1905717114064,40485332190.0
3819.5185161,3819.5147457240146,40485332190.0
1287.1241475,1287.1129588898086,40485332190.0
182.62361194,182.5447381263504,40485332190.0
5111.614973,5111.612155698497,40485332190.0
190.42008552,190.3444423941246,40485332190.0
410.43039175,410.395302421417,40485332190.0
1665.5089746,1665.5003279269993,40485332190.0
1294.9155173,1294.9043959623282,40485332190.0
1075.8198387,1075.8064524691542,40485332190.0
715.71754527,715.6974237714809,40485332190.0
1359.7949904,1359.7843997053742,40485332190.0
2164.7433295,2164.7366769189252,40485332190.0
1706.1162403,1706.1077994188506,40485332190.0
1969.8790039,1969.8716932727193,40485332190.0
967.69685124,967.6819692830829,40485332190.0
2976.8945544,2976.889716718931,40485332190.0
701.04568792,701.0251452902971,40485332190.0
1153.1781572,1153.1656689357196,40485332190.0
900.95524061,900.9392562018671,40485332190.0
5316.6602326,5316.657523974113,40485332190.0
4225.602388,4225.598979905278,40485332190.0
572.83752395,572.8123834444291,40485332190.0
848.06364535,848.0466640119095,40485332190.0
5478.6683836,5478.665754965626,40485332190.0
1360.1596407,1360.1490528630893,40485332190.0
540.75538135,540.7287492272159,40485332190.0
3757.431184,3757.427351343885,40485332190.0
458.49341792,458.46200721013594,40485332190.0
2927.3352171,2927.3302975194583,40485332190.0
921.48319012,921.4675618029808,40485332190.0
2691.3104445,2691.3050935557135,40485332190.0
4211.8208533,4211.817434026285,40485332190.0
1362.5379255,1362.527356081737,40485332190.0
1343.2766035,1343.265882618566,40485332190.0
1377.7463997,1377.735947045395,40485332190.0
1066.6850625,1066.671561621971,40485332190.0
3241.5463961,3241.5419534090047,40485332190.0
914.0425795,914.026823962919,40485332190.0
2031.1616881,2031.1545980342567,40485332190.0
568.98071131,568.9554003811159,40485332190.0
1799.631418,1799.623415789996,40485332190.0
303.29417784,303.24669180758343,40485332190.0
188.97351987,188.89729747349983,40485332190.0
286.19045285,286.1401284024286,40485332190.0
720.87463762,720.8546600677483,40485332190.0
1096.8773095,1096.8641801957701,40485332190.0
1149.2703872,1149.2578565517822,40485332190.0
477.04631687,477.016127835062,40485332190.0
432.93032386,432.8970583129127,40485332190.0
7548.6206002,7548.618692401208,40485332190.0
6456.9396473,6456.937417017943,40485332190.0
3776.1547072,3776.1508934599938,40485332190.0
2024.3941055,2024.3869917825627,40485332190.0
1305.2417726,1305.2307392956986,40485332190.0
2252.7058909,2252.699498154341,40485332190.0
505.30168436,505.273183539586,40485332190.0
1119.3309543,1119.3180884506894,40485332190.0
765.50395051,765.4851376904772,40485332190.0
6096.1652886,6096.162926190612,40485332190.0
550.32537336,550.2992043861326,40485332190.0
1142.9848822,1142.9722825645254,40485332190.0
260.63938457,260.58412570274226,40485332190.0
1996.7879693,1996.7807571132014,40485332190.0
672.07638151,672.0549533777395,40485332190.0
1480.0285085,1480.018778164453,40485332190.0
7032.7892904,7032.787242716249,40485332190.0
3221.3662839,3221.361813398703,40485332190.0
2348.9894577,2348.983326854659,40485332190.0
9059.5424224,9059.540832807697,40485332190.0
5244.0854734,5244.082727168912,40485332190.0
465.2964253,465.26547387196075,40485332190.0
5944.793291,5944.790868513913,40485332190.0
1342.3051748,1342.2944460726249,40485332190.0
5705.7759385,5705.773414532022,40485332190.0
6139.7184739,6139.716128328466,40485332190.0
4277.7041726,4277.7008060696035,40485332190.0
238.00291293,237.94239710667034,40485332190.0
5156.2538133,5156.251020404948,40485332190.0
5051.8636966,5051.860845954894,40485332190.0
196.39262407,196.3192822077966,40485332190.0
6941.0417831,6941.0397082900645,40485332190.0
1889.2812523,1889.2736296985693,40485332190.0
13349.075399,13349.074320429967,40485332190.0
4041.5879016,4041.5843383956176,40485332190.0
4808.2537064,4808.250711318509,40485332190.0
3486.0766296,3486.0724985294482,40485332190.0
1942.4161872,1942.408773084229,40485332190.0
346.44424799,346.4026771639127,40485332190.0
3776.1457427,3776.14192898259,40485332190.0
318.12176743,318.0764950345481,40485332190.0
1692.9280371,1692.9195305236083,40485332190.0
5754.0913476,5754.088844849863,40485332190.0
1351.8534533,1351.8428004221144,40485332190.0
261.8891861,261.8341909983822,40485332190.0
3543.6951402,3543.6910763229766,40485332190.0
298.36997362,298.3217037598015,40485332190.0
644.6315164,644.6091759514366,40485332190.0
920.91059678,920.8949587368206,40485332190.0
979.67255996,979.6578599314282,40485332190.0
1946.1453091,1946.13790932558,40485332190.0
553.08396104,553.0579225905558,40485332190.0
902.97585205,902.9599034060884,40485332190.0
1225.6413899,1225.629639999584,40485332190.0
521.71839596,521.6907920070155,40485332190.0
2368.6585018,2368.652421936659,40485332190.0
3340.4432668,3340.4389556628953,40485332190.0
1618.1009726,1618.0920725955023,40485332190.0
516.06351807,516.0356116262378,40485332190.0
421.17008837,421.1358938839718,40485332190.0
3028.862391,3028.857636385908,40485332190.0
2912.7187946,2912.71385040001,40485332190.0
2387.4113637,2387.4053315837778,40485332190.0
2175.1713692,2175.164748523941,40485332190.0
3036.572602,3036.5678594792494,40485332190.0
911.48993983,911.4741401657013,40485332190.0
4030.5354518,4030.531878816305,40485332190.0
592.10607785,592.0817555087355,40485332190.0
13898.925625,13898.924588515367,40485332190.0
809.96026097,809.9424807512596,40485332190.0
6387.02108,6387.0188252044245,40485332190.0
353.34623673,353.30547800161105,40485332190.0
304.79661362,304.74936169752124,40485332190.0
642.0961078,642.0736791313319,40485332190.0
1767.7651001,1767.756953576929,40485332190.0
906.7051141,906.6892310573301,40485332190.0
1171.4441965,1171.4319029410774,40485332190.0
12208.353092,12208.351912720402,40485332190.0
6064.6623356,6064.659961074564,40485332190.0
479.41377806,479.3837381259881,40485332190.0
1457.2542061,1457.2443236412682,40485332190.0
810.4669873,810.4492182009319,40485332190.0
1398.9403148,1398.9300204383435,40485332190.0
2469.0364458,2469.030613134511,40485332190.0
1458.878844,1458.8689726406271,40485332190.0
2698.2726971,2698.267359931447,40485332190.0
655.820129,655.7981697020797,40485332190.0
5997.1393032,5997.136901846546,40485332190.0
2593.598684,2593.5931314552245,40485332190.0
3500.8896443,3500.885530726289,40485332190.0
2202.4519905,2202.4454518152797,40485332190.0
1754.6244038,1754.6161962369665,40485332190.0
784.45075533,784.4323969029124,40485332190.0
2119.3452461,2119.3384510523874,40485332190.0
5664.1840223,5664.181479790795,40485332190.0
1936.8701641,1936.862728849158,40485332190.0
1057.7211366,1057.7075212788388,40485332190.0
3027.8414228,3027.836666591246,40485332190.0
1007.4407739,1007.4264790714265,40485332190.0
1803.5531818,1803.5451969874618,40485332190.0
1879.0682043,1879.0605403307102,40485332190.0
442.54260547,442.5100625283703,40485332190.0
3594.4862393,3594.4822328468267,40485332190.0
3065.0237237,3065.019025124235,40485332190.0
9775.5644992,9775.563025990532,40485332190.0
4328.4844575,4328.481130471403,40485332190.0
2343.4469177,2343.44077248493,40485332190.0
921.83483585,921.8192134997701,40485332190.0
323.73416718,323.6896797527562,40485332190.0
1428.9004793,1428.8904008117431,40485332190.0
953.7212625,953.7061624675688,40485332190.0
1915.4561342,1915.448615848976,40485332190.0
703.46669121,703.4462192856042,40485332190.0
965.29677587,965.281856910407,40485332190.0
1147.8288319,1147.8162855036778,40485332190.0
3129.9067149,3129.902113752665,40485332190.0
1054.297718,1054.2840585194492,40485332190.0
899.49491441,899.4789040550447,40485332190.0
1121.5069202,1121.4940792154207,40485332190.0
8732.7090816,8732.707432536981,40485332190.0
615.73619682,615.7128079331934,40485332190.0
10413.932059,10413.93067647003,40485332190.0
3817.9747399,3817.9709680559886,40485332190.0
5209.1094845,5209.106719924471,40485332190.0
2954.7204495,2954.7155755673434,40485332190.0
11241.650382,11241.649100938981,40485332190.0
1876.2791795,1876.2715040864898,40485332190.0
902.58497538,902.5690198333695,40485332190.0
6685.7777277,6685.775573709565,40485332190.0
1121.4253353,1121.412493449719,40485332190.0
4923.0019917,4922.999066413992,40485332190.0
620.60026559,620.5770600262267,40485332190.0
3591.444501,3591.440491237769,40485332190.0
1391.2549555,1391.2446042248173,40485332190.0
2080.6058966,2080.598974917297,40485332190.0
1273.2301536,1273.218842826958,40485332190.0
1329.6738411,1329.6630105525987,40485332190.0
2502.1710542,2502.165298762545,40485332190.0
14174.741612,14174.74059640573,40485332190.0
5469.5930362,5469.590403288575,40485332190.0
8810.143829,8810.142194320093,40485332190.0
10023.498766,10023.497328434196,40485332190.0
4954.6937931,4954.690886540283,40485332190.0
733.27619295,733.2565532865979,40485332190.0
417.99530927,417.9608550477925,40485332190.0
1658.20511,1658.196425243521,40485332190.0
3363.9406928,3363.9364117877294,40485332190.0
9521.2190981,9521.217585605053,40485332190.0
15229.567119,15229.566173967645,40485332190.0
1051.1125473,1051.098846426135,40485332190.0
965.1196741,965.1047524016416,40485332190.0
10750.622956,10750.621617227103,40485332190.0
1037.8194588,1037.805582445963,40485332190.0
4305.7423745,4305.739029946306,40485332190.0
7599.5493314,7599.54743634894,40485332190.0
604.68210083,604.6582843579348,40485332190.0
421.26960827,421.2354218635876,40485332190.0
1004.3538026,1004.3394638626135,40485332190.0
7755.8796386,7755.877781866213,40485332190.0
3277.525477,3277.5210831235404,40485332190.0
545.50204953,545.4756491605788,40485332190.0
2378.6532422,2378.6471878459097,40485332190.0
2540.6700338,2540.664365553813,40485332190.0
3355.4797636,3355.475471762039,40485332190.0
678.59282369,678.5716013348016,40485332190.0
6896.7199886,6896.717900441822,40485332190.0
1898.706917,1898.6993323174897,40485332190.0
874.80836675,874.7919045730736,40485332190.0
775.0749364,775.0563558876837,40485332190.0
5628.1956686,5628.193109870386,40485332190.0
953.7681835,953.7530842075103,40485332190.0
2149.7306544,2149.7239553214413,40485332190.0
953.82067801,953.8055795482857,40485332190.0
2206.072365,2206.065837060733,40485332190.0
749.25124798,749.2320270653643,40485332190.0
1739.2638186,1739.255538549516,40485332190.0
772.20873932,772.1900898470273,40485332190.0
1998.2280393,1998.220832341433,40485332190.0
420.81636051,420.7821372717828,40485332190.0
981.62910653,981.6144357939983,40485332190.0
399.27629891,399.24022925153366,40485332190.0
1769.9083068,1769.9001701824582,40485332190.0
1657.7728824,1657.7641953931338,40485332190.0
305.16501605,305.1178211814117,40485332190.0
7387.206322,7387.204372527781,40485332190.0
3229.4974247,3229.492965437908,40485332190.0
214.52580895,214.45866848564862,40485332190.0
3299.0877862,3299.083421044105,40485332190.0
2309.2272652,2309.221028806746,40485332190.0
1808.8873886,1808.8794272900288,40485332190.0
2237.7284133,2237.721977729345,40485332190.0
1222.8191005,1222.807323433524,40485332190.0
816.75511049,816.7374781961755,40485332190.0
846.21130341,846.1942849046403,40485332190.0
2198.9586522,2198.9521030836545,40485332190.0
1106.6020872,1106.5890733311014,40485332190.0
2068.6165191,2068.6095573371126,40485332190.0
310.51266972,310.4662877666642,40485332190.0
780.37996333,780.3615091403803,40485332190.0
2779.8585486,2779.853368122528,40485332190.0
1804.9055291,1804.8975502354294,40485332190.0
7691.8698362,7691.867963971359,40485332190.0
553.43042357,553.4044014246856,40485332190.0
6675.3660783,6675.363921028957,40485332190.0
1891.4338394,1891.4262255250667,40485332190.0
1312.9834209,1312.9724525786146,40485332190.0
9170.582049,9170.580478627217,40485332190.0
1308.0898657,1308.078856473162,40485332190.0
582.39441907,582.3696911236564,40485332190.0
2471.7831097,2471.777283453979,40485332190.0
2521.4852023,2521.4794909405464,40485332190.0
606.91388644,606.890157553308,40485332190.0
4213.0710287,4213.067610542447,40485332190.0
2472.7651889,2472.7593650294384,40485332190.0
2906.4456591,2906.4407041743493,40485332190.0
2958.0437156,2958.0388470931643,40485332190.0
1816.500028,1816.492100055274,40485332190.0
585.18536722,585.1607572214234,40485332190.0
1233.3042256,1233.2925486348038,40485332190.0
326.77832463,326.73425169121396,40485332190.0
639.95392166,639.9314179133825,40485332190.0
3163.6881272,3163.683575275043,40485332190.0
2384.1134739,2384.1074335111293,40485332190.0
1585.553091,1585.5440082906796,40485332190.0
318.89457015,318.84940747364146,40485332190.0
1414.3419569,1414.3317747168367,40485332190.0
2378.9725652,2378.9665116944084,40485332190.0
4745.4277444,4745.424709698071,40485332190.0
561.49935514,561.4737069595438,40485332190.0
297.15672259,297.1082556336272,40485332190.0
1569.6568448,1569.647670034807,40485332190.0
5173.2677657,5173.264981963998,40485332190.0
7370.2216962,7370.219742243282,40485332190.0
12425.051966,12425.050806833868,40485332190.0
435.41494639,435.381870687394,40485332190.0
900.70725999,900.6912711805684,40485332190.0
2057.0332162,2057.026215250102,40485332190.0
548.3582283,548.3319654337143,40485332190.0
5911.2799465,5911.277510281016,40485332190.0
523.98592389,523.9584394040976,40485332190.0
621.90475506,621.8815981688805,40485332190.0
1838.1894325,1838.1815980645906,40485332190.0
1811.8434036,1811.8354553116817,40485332190.0
5534.8915809,5534.888979081627,40485332190.0
1979.5146138,1979.5073387403186,40485332190.0
760.42980763,760.4108692727757,40485332190.0
829.71219926,829.6948423301467,40485332190.0
801.62134449,801.6033793047231,40485332190.0
302.78680817,302.73924254850755,40485332190.0
6496.9538938,6496.951677197373,40485332190.0
4690.5138745,4690.510804275456,40485332190.0
711.60040936,711.5801714337396,40485332190.0
1345.9368349,1345.9261352192314,40485332190.0
1932.8361886,1932.8287378946904,40485332190.0
4151.0875383,4151.084069069395,40485332190.0
1401.3019085,1401.2916315037044,40485332190.0
2336.7066626,2336.7004995638017,40485332190.0
1741.2813021,1741.2730316264274,40485332190.0
1005.5568499,1005.542528321788,40485332190.0
3770.9589496,3770.9551305832515,40485332190.0
1287.1021581,1287.0909692123648,40485332190.0
593.97962274,593.9553771199817,40485332190.0
796.85637077,796.838298165624,40485332190.0
725.43767196,725.4178200670467,40485332190.0
2122.0011643,2121.9943776799855,40485332190.0
3996.993222,3996.989618970896,40485332190.0
2238.1762485,2238.1698142678556,40485332190.0
1762.5139429,1762.5057720832033,40485332190.0
1839.7970606,1839.7892330048342,40485332190.0
6481.6047485,6481.602526716902,40485332190.0
347.37342034,347.33196072703896,40485332190.0
5932.0208177,5932.01838995693,40485332190.0
440.55675584,440.5240661895412,40485332190.0
558.04530522,558.0194982730909,40485332190.0
700.22758842,700.207021785851,40485332190.0
584.49741899,584.4727800154681,40485332190.0
6142.6602073,6142.657862826978,40485332190.0
4232.4448082,4232.441405643238,40485332190.0
222.54428617,222.47956554782652,40485332190.0
755.49790377,755.478841778684,40485332190.0
922.38543509,922.3698220583453,40485332190.0
1356.0829801,1356.0723604398315,40485332190.0
1440.2404514,1440.2304522730317,40485332190.0
1435.1942249,1435.1841905858187,40485332190.0
1539.9851016,1539.9757501245567,40485332190.0
6303.5819665,6303.57968200384,40485332190.0
4019.9670666,4019.963484144882,40485332190.0
425.81535333,425.78153190466287,40485332190.0
12244.104303,12244.10312676794,40485332190.0
1136.7366765,1136.7240075807724,40485332190.0
3729.4861887,3729.482327311788,40485332190.0
1167.833507,1167.821175471196,40485332190.0
780.7529119,780.7344665269791,40485332190.0
112.24955433,112.12118545295627,40485332190.0
1727.6881756,1727.6798401230133,40485332190.0
1887.3964472,1887.3888170156997,40485332190.0
3764.0262455,3764.0224194535185,40485332190.0
3254.2363224,3254.2318970586,40485332190.0
1668.7608108,1668.7521809482337,40485332190.0
579.13705732,579.1121902898457,40485332190.0
192.86050364,192.78581805506423,40485332190.0
194.00029914,193.92605252427194,40485332190.0
513.75553856,513.7275067393848,40485332190.0
1013.4288263,1013.4146158908779,40485332190.0
989.93707894,989.922531336797,40485332190.0
581.3644914,581.339719650157,40485332190.0
750.2540529,750.2348576712296,40485332190.0
2480.8582672,2480.8524623643916,40485332190.0
408.59376235,408.55851529099505,40485332190.0
1139.3589196,1139.346279954386,40485332190.0
668.26844093,668.2468906916475,40485332190.0
4175.062571,4175.059121682207,40485332190.0
1021.2711098,1021.257008545179,40485332190.0
2273.3559138,2273.3495790633483,40485332190.0
1119.2951304,1119.2822640683617,40485332190.0
1975.9006233,1975.8933348708306,40485332190.0
703.10856111,703.0880787631744,40485332190.0
5895.1278591,5895.125416265556,40485332190.0
3714.8233648,3714.8194881374643,40485332190.0
1353.6906507,1353.6800122848827,40485332190.0
2817.7241964,2817.7190854316964,40485332190.0
1863.3303531,1863.3226244487096,40485332190.0
579.73715389,579.7123125961609,40485332190.0
4937.915806,4937.912889589059,40485332190.0
1052.6229411,1052.6092598726036,40485332190.0
737.90074338,737.8812267921068,40485332190.0
4399.1014227,4399.098149039949,40485332190.0
1429.2359945,1429.225918434242,40485332190.0
1196.3636748,1196.351637279734,40485332190.0
5455.5738772,5455.571237448691,40485332190.0
711.95614862,711.9359208038582,40485332190.0
676.30048505,676.2791907615097,40485332190.0
4937.4891007,4937.486184044338,40485332190.0
1179.4563379,1179.4441278890529,40485332190.0
154.98255554,154.88960682821448,40485332190.0
2601.6418925,2601.636357118892,40485332190.0
1458.6075254,1458.5976522275423,40485332190.0
1467.9293496,1467.9195390081302,40485332190.0
1909.2192872,1909.2117442744122,40485332190.0
1315.8009769,1315.790032132264,40485332190.0
720.61103738,720.5910525155524,40485332190.0
2794.4339576,2794.4288041032632,40485332190.0
11227.11349,11227.112207270106,40485332190.0
930.75029627,930.734823560003,40485332190.0
979.74767656,979.7329776574503,40485332190.0
1581.6292301,1581.6201248621326,40485332190.0
626.3541156,626.3311232131487,40485332190.0
1209.567855,1209.5559489125671,40485332190.0
2614.4220319,2614.416523553227,40485332190.0
3253.0259412,3253.0215141954664,40485332190.0
279.41569126,279.36414641894146,40485332190.0
591.3315955,591.3072413037481,40485332190.0
563.44172897,563.4161692115887,40485332190.0
7932.4161494,7932.41433385078,40485332190.0
1409.5209039,1409.5106868991895,40485332190.0
3466.1969596,3466.192804834008,40485332190.0
1323.4194809,1323.4085991416293,40485332190.0
1205.9138753,1205.9019331681461,40485332190.0
7506.2999913,7506.298072704996,40485332190.0
1515.8466529,1515.8371524239296,40485332190.0
673.16245149,673.1410579350659,40485332190.0
964.9253185,964.9103937998796,40485332190.0
1000.4157138,1000.4013185602721,40485332190.0
1123.6378731,1123.625056533178,40485332190.0
1606.9740861,1606.965124450379,40485332190.0
810.03414906,810.0163704683903,40485332190.0
2058.3818118,2058.374815473673,40485332190.0
2083.310623,2083.303710411536,40485332190.0
4539.2530099,4539.249837309045,40485332190.0
1550.8565596,1550.8472737222698,40485332190.0
528.31223217,528.284972754245,40485332190.0
876.70744668,876.6910201735213,40485332190.0
1179.3952151,1179.3830045105624,40485332190.0
919.89925841,919.8836031917232,40485332190.0
218.62334216,218.55746044707814,40485332190.0
13903.447406,13903.446370261996,40485332190.0
902.18248988,902.1665272215292,40485332190.0
825.75333155,825.7358914061422,40485332190.0
1812.5482559,1812.5403106407684,40485332190.0
958.60150768,958.5864845202889,40485332190.0
1992.0119299,1992.0047004540484,40485332190.0
9941.6476896,9941.646241030854,40485332190.0
393.81299597,393.7764258777937,40485332190.0
439.79710989,439.76436377559423,40485332190.0
695.95004587,695.9293528289462,40485332190.0
3557.2319631,3557.2279146085552,40485332190.0
797.17163547,797.1535700096272,40485332190.0
896.97019478,896.9541393538293,40485332190.0
1700.9255277,1700.9170610768354,40485332190.0
2274.9584009,2274.9520706655985,40485332190.0
3482.0336476,3482.0295117276683,40485332190.0
876.60678917,876.5903607777443,40485332190.0
900.00879395,899.9927927291146,40485332190.0
5169.2440172,5169.2412312563265,40485332190.0
2070.3458527,2070.3388967508204,40485332190.0
4162.6229165,4162.619456789414,40485332190.0
738.43693216,738.4174297485289,40485332190.0
1751.2666123,1751.2583890877231,40485332190.0
449.04967402,449.0176026843584,40485332190.0
2512.9042256,2512.8984947351423,40485332190.0
3816.3747479,3816.370974389489,40485332190.0
3074.0491097,3074.044424977344,40485332190.0
2059.8508934,2059.8439020570195,40485332190.0
11990.013181,11990.01197948728,40485332190.0
263.10063744,263.0458956140231,40485332190.0
1239.2990085,1239.2873880067975,40485332190.0
7901.0629107,7901.061087953704,40485332190.0
1884.5012424,1884.493600580661,40485332190.0
8160.6225803,8160.620815601302,40485332190.0
1516.8217341,1516.8122397512977,40485332190.0
1515.3027862,1515.2932823305036,40485332190.0
2304.5574115,2304.55116250347,40485332190.0
1646.9701481,1646.9614040125534,40485332190.0
1002.2058088,1002.1914392174676,40485332190.0
2359.409658,2359.403554215297,40485332190.0
1302.0404382,1302.0293777241723,40485332190.0
498.04360642,498.0146902206834,40485332190.0
850.02612491,850.009182771795,40485332190.0
318.24059249,318.19533700261195,40485332190.0
488.17280455,488.1433036384445,40485332190.0
664.44081754,664.4191431498787,40485332190.0
1184.4637079,1184.4515494771208,40485332190.0
874.74617428,874.7297109340597,40485332190.0
1477.2825036,1477.2727551977155,40485332190.0
702.68534012,702.6648454322728,40485332190.0
1108.1234356,1108.1104395621649,40485332190.0
700.12727458,700.1067049971059,40485332190.0
1125.9318508,1125.9190602758135,40485332190.0
1117.4589909,1117.44610340158,40485332190.0
548.86204325,548.8358044974001,40485332190.0
485.49343493,485.46377119270556,40485332190.0
648.15010971,648.1278905465057,40485332190.0
1427.3069341,1427.2968443477887,40485332190.0
1434.2806454,1434.2706046894275,40485332190.0
2157.9933928,2157.9867193683717,40485332190.0
8161.3950912,8161.393326599966,40485332190.0
2542.2878544,2542.2821897318804,40485332190.0
1027.4192283,1027.4052113790308,40485332190.0
1795.0219362,1795.0139133945818,40485332190.0
2023.8631994,2023.8560837206091,40485332190.0
2904.0193161,2904.0143570609393,40485332190.0
1097.9263318,1097.913215005021,40485332190.0
8511.8411294,8511.839437540433,40485332190.0
6397.3075804,6397.305329279751,40485332190.0
2168.1761576,2168.1695156234327,40485332190.0
3005.1810434,3005.176251354725,40485332190.0
1228.8634398,1228.8517207118173,40485332190.0
892.10370205,892.0875590357273,40485332190.0
1217.1936913,1217.1818598384941,40485332190.0
894.22572407,894.2096193757014,40485332190.0
7319.2681701,7319.2662025791105,40485332190.0
751.83916913,751.8200143710505,40485332190.0
1641.7709203,1641.7621486299581,40485332190.0
1691.7813827,1691.7728702747245,40485332190.0
1085.5792025,1085.565936572847,40485332190.0
871.69630786,871.679786907921,40485332190.0
3705.6496439,3705.645757677085,40485332190.0
4436.4964349,4436.493188788026,40485332190.0
797.84200745,797.8239571666469,40485332190.0
1062.1590321,1062.1454736313085,40485332190.0
509.1042981,509.07601016743735,40485332190.0
6013.195277,6013.1928821033825,40485332190.0
1308.2544248,1308.2434168254272,40485332190.0
4576.5047378,4576.501591052088,40485332190.0
687.72805563,687.707115187977,40485332190.0
742.37135038,742.3519513325102,40485332190.0
2234.2213396,2234.2148939196504,40485332190.0
1255.8646944,1255.8532273211515,40485332190.0
468.99790458,468.96719744783314,40485332190.0
12079.163528,12079.162335843232,40485332190.0
13281.015418,13281.01433406188,40485332190.0
3674.604235,3674.600315911489,40485332190.0
816.06841051,816.0507633777083,40485332190.0
1059.6526667,1059.6390761658947,40485332190.0
1145.0042915,1144.9917141693477,40485332190.0
1849.5640759,1849.5562897260165,40485332190.0
1441.2851618,1441.275169893716,40485332190.0
2276.9035429,2276.897217990307,40485332190.0
1336.5131643,1336.5023891569522,40485332190.0
1911.4651137,1911.4575796709025,40485332190.0
4430.2062615,4430.203010870628,40485332190.0
324.7777427,324.7333982343707,40485332190.0
2300.4598249,2300.453564828594,40485332190.0
2021.1680079,2021.1608827542843,40485332190.0
4125.960509,4125.957018611962,40485332190.0
548.01211742,547.9858379808592,40485332190.0
6725.9281701,6725.926028974154,40485332190.0
1072.1385159,1072.1250836921329,40485332190.0
2642.1764793,2642.171028891184,40485332190.0
1316.325408,1316.3144676316447,40485332190.0
471.09077802,471.060207315739,40485332190.0
8577.4973041,8577.49562516516,40485332190.0
449.11305205,449.08098524554316,40485332190.0
4559.84631,4559.843151754862,40485332190.0
5413.4194395,5413.416779264921,40485332190.0
802.3993819,802.3814341401187,40485332190.0
731.94345267,731.9237772316394,40485332190.0
3291.0676845,3291.063308735633,40485332190.0
988.26390088,988.2493286348969,40485332190.0
672.42501427,672.4035972510271,40485332190.0
2373.5087791,2373.5027116255283,40485332190.0
824.08397652,824.0665010346502,40485332190.0
1075.2753816,1075.2619885266886,40485332190.0
1307.0888603,1307.0778424979542,40485332190.0
4873.8724567,4873.86950199935,40485332190.0
600.2999757,600.2759853608227,40485332190.0
1657.8832863,1657.8745998741265,40485332190.0
533.93969382,533.9127217245755,40485332190.0
858.78121747,858.7644480601056,40485332190.0
1317.6615477,1317.6506183849278,40485332190.0
672.73167744,672.7102701917662,40485332190.0
5745.0707183,5745.068211556949,40485332190.0
1832.9100013,1832.9021443771358,40485332190.0
8868.2128065,8868.211182598785,40485332190.0
4870.6892492,4870.686292539332,40485332190.0
862.68493261,862.6682390887344,40485332190.0
395.9710667,395.9346959375993,40485332190.0
1717.7620594,1717.7536757703967,40485332190.0
2258.9175172,2258.911142021116,40485332190.0
2785.0347543,2785.029583391984,40485332190.0
1154.9968354,1154.984366873463,40485332190.0
803.17271695,803.1547864641554,40485332190.0
2278.835492,2278.829172458515,40485332190.0
508.18636671,508.15802767573894,40485332190.0
1350.2056944,1350.1950285383607,40485332190.0
2918.6152181,2918.610283948759,40485332190.0
3294.0567485,3294.0523766652254,40485332190.0
9693.8164355,9693.814949897065,40485332190.0
1049.0923157,1049.0785884186732,40485332190.0
1002.70672,1002.6923577026879,40485332190.0
1930.5347596,1930.5272999303647,40485332190.0
1756.9129423,1756.904745498404,40485332190.0
776.80938415,776.7908451345338,40485332190.0
2118.8191826,2118.8123858824947,40485332190.0
2040.4285691,2040.4215112310699,40485332190.0
1235.7678009,1235.756147287646,40485332190.0
1295.7846605,1295.7735465452731,40485332190.0
272.55230916,272.49946606968234,40485332190.0
3085.7361017,3085.731434728574,40485332190.0
1921.0663339,1921.0588375014622,40485332190.0
9117.6977541,9117.696174689227,40485332190.0
2228.7149736,2228.708511975246,40485332190.0
673.60699575,673.5856163143917,40485332190.0
1004.7817602,1004.7674274469707,40485332190.0
683.14160778,683.1205267465134,40485332190.0
4859.2636583,4859.2606946784135,40485332190.0
633.89872758,633.876008866003,40485332190.0
919.4610566,919.4453939088885,40485332190.0
318.12527925,318.0800073554355,40485332190.0
1021.4892899,1021.4751915743548,40485332190.0
575.00572478,574.9806790833496,40485332190.0
586.90398141,586.8794434747972,40485332190.0
2409.603222,2409.5972454920475,40485332190.0
3020.8339757,3020.8292083926044,40485332190.0
444.11491212,444.08248439683035,40485332190.0
2937.4598984,2937.4549957834847,40485332190.0
1019.4130551,1019.3989281860637,40485332190.0
982.9448624,982.9302112999035,40485332190.0
1205.4559311,1205.443984394339,40485332190.0
604.85836721,604.8345576807994,40485332190.0
1723.8928538,1723.8844999613789,40485332190.0
380.82643097,380.7886136748185,40485332190.0
3937.1941105,3937.1904528141035,40485332190.0
1105.4849798,1105.4719528027028,40485332190.0
2225.7637905,2225.7573202851704,40485332190.0
1533.6345875,1533.6251972885434,40485332190.0
1725.1147493,1725.106401349789,40485332190.0
8912.8952754,8912.893659625166,40485332190.0
1834.846124,1834.8382752338134,40485332190.0
1181.7541548,1181.7419685003272,40485332190.0
1535.770668,1535.7612908750602,40485332190.0
1313.2128349,1313.2018685094995,40485332190.0
1012.5689152,1012.5546927781099,40485332190.0
1738.515117,1738.5068333767504,40485332190.0
539.39974678,539.373047721814,40485332190.0
513.25174798,513.2236886466154,40485332190.0
337.13953107,337.09681277916883,40485332190.0
840.9244445,840.9073189995911,40485332190.0
1927.3845144,1927.3770425908663,40485332190.0
1493.2987436,1493.2890996959698,40485332190.0
2083.2957168,2083.2888041705046,40485332190.0
1187.4982794,1187.4861521103976,40485332190.0
1279.952127,1279.9408756351877,40485332190.0
1095.9986522,1095.9855123640375,40485332190.0
1326.0074098,1325.996549207885,40485332190.0
12695.403947,12695.40281346219,40485332190.0
876.65552163,876.6390941503417,40485332190.0
286.93844056,286.88824732417436,40485332190.0
4243.4236103,4243.420216503832,40485332190.0
11505.484767,11505.483514851565,40485332190.0
6543.6891635,6543.686962767672,40485332190.0
3547.9404003,3547.9363412676908,40485332190.0
2093.9991176,2093.9922402365046,40485332190.0
6145.223925,6145.221581487596,40485332190.0
1779.1860461,1779.1779518310536,40485332190.0
4707.5339859,4707.530926741749,40485332190.0
862.62751831,862.6108236853062,40485332190.0
152.37077427,152.27623134667962,40485332190.0
496.05349203,496.0244598098982,40485332190.0
935.0041087,934.9887063851561,40485332190.0
3519.2692352,3519.2651430885653,40485332190.0
998.03869663,998.0242671178308,40485332190.0
1499.0936945,1499.0840879376735,40485332190.0
1312.2133912,1312.2024164705585,40485332190.0
954.27689866,954.2618074144201,40485332190.0
1610.6660929,1610.6571518296157,40485332190.0
717.72920642,717.7091413142663,40485332190.0
676.63354072,676.612256909531,40485332190.0
1288.3238547,1288.3126764155645,40485332190.0
6624.4953494,6624.49317550486,40485332190.0
1986.0648898,1986.0576387040057,40485332190.0
1557.0204936,1557.0112445040402,40485332190.0
750.3833987,750.3642067807057,40485332190.0
1282.6641801,1282.652952572211,40485332190.0
4948.0998309,4948.096920454766,40485332190.0
411.03610902,411.00107140285036,40485332190.0
712.81777116,712.7975677956904,40485332190.0
1299.1929733,1299.1818886331341,40485332190.0
1443.436281,1443.4263040700368,40485332190.0
2918.9904211,2918.98548746126,40485332190.0
2076.3064211,2076.2994851179023,40485332190.0
3507.7355827,3507.7314771377573,40485332190.0
678.043779,678.0225394623859,40485332190.0
1310.5540504,1310.5430617309378,40485332190.0
1999.7638201,1999.7566186152326,40485332190.0
2160.210877,2160.2042104343045,40485332190.0
1080.36129,1080.3479600023156,40485332190.0
2048.5803583,2048.5733285030265,40485332190.0
2365.2545617,2365.2484731164063,40485332190.0
1803.2251006,1803.217114296721,40485332190.0
366.33048404,366.29117013347985,40485332190.0
4266.6004422,4266.597066943112,40485332190.0
544.73715852,544.7107210765427,40485332190.0
1624.3922016,1624.3833360660908,40485332190.0
1508.8329758,1508.8234311932476,40485332190.0
13473.169638,13473.168569799573,40485332190.0
4952.6399605,4952.637052712185,40485332190.0
2937.8430466,2937.8381446439116,40485332190.0
3826.9264306,3826.9226674471183,40485332190.0
2577.5236961,2577.518108871172,40485332190.0
620.95400998,620.9308176350819,40485332190.0
4053.304102,4053.3005491120766,40485332190.0
3501.5077472,3501.5036342937433,40485332190.0
1572.1699691,1572.1608090532038,40485332190.0
2830.9276131,2830.922526054123,40485332190.0
1574.2898002,1574.280652503727,40485332190.0
3950.2940029,3950.29035725616,40485332190.0
1715.9880855,1715.9796931286467,40485332190.0
6436.5567629,6436.554525500069,40485332190.0
11438.673225,11438.671965478678,40485332190.0
4075.8411893,4075.8376560612146,40485332190.0
834.79003995,834.7727886004241,40485332190.0
456.5763702,456.5448276006458,40485332190.0
1747.5189252,1747.510684221096,40485332190.0
284.18032457,284.1296440902064,40485332190.0
6934.23367,6934.231593191113,40485332190.0
4687.1360187,4687.132946215139,40485332190.0
2539.7325693,2539.7268990120147,40485332190.0
3978.1308856,3978.127265528718,40485332190.0
1122.8119789,1122.799152849778,40485332190.0
622.63582515,622.6126954556192,40485332190.0
2274.8522617,2274.845931147104,40485332190.0
824.86907442,824.8516155770589,40485332190.0
4554.5159738,4554.512811918228,40485332190.0
2130.9141042,2130.907346012193,40485332190.0
2193.5920037,2193.5854385679254,40485332190.0
589.55516068,589.5307330988767,40485332190.0
1664.7470424,1664.7383917772488,40485332190.0
5871.9293659,5871.926913379455,40485332190.0
1539.2891083,1539.2797525614458,40485332190.0
3559.647911,3559.643865365512,40485332190.0
710.66583632,710.6455717772347,40485332190.0
2726.4165393,2726.4112572820395,40485332190.0
1284.3247235,1284.313510422621,40485332190.0
4033.129472,4033.1259013515155,40485332190.0
1312.3568504,1312.345876858787,40485332190.0
1358.2704958,1358.2598932428316,40485332190.0
4038.6349558,4038.6313899820675,40485332190.0
915.99554145,915.9798194990043,40485332190.0
4587.769307,4587.766167900655,40485332190.0
4760.0630013,4760.059975957797,40485332190.0
1717.3424167,1717.3340309744176,40485332190.0
787.96460188,787.9463253254899,40485332190.0
9576.8926522,9576.89114842071,40485332190.0
813.35810777,813.3404018300529,40485332190.0
5378.5650999,5378.562422386284,40485332190.0
482.14234265,482.11247272829735,40485332190.0
2655.8585196,2655.853097225074,40485332190.0
1296.8975452,1296.8864408219047,40485332190.0
914.98454956,914.9688102438034,40485332190.0
1711.0132152,1711.0047984195023,40485332190.0
18087.168847,18087.168050944845,40485332190.0
3751.6795201,3751.6756814547684,40485332190.0
2360.0016305,2359.995528291954,40485332190.0
1240.5940487,1240.5824404673717,40485332190.0
2889.7567093,2889.7517258805874,40485332190.0
892.72738915,892.7112574126876,40485332190.0
1281.4890549,1281.4778170060297,40485332190.0
286.52721521,286.4769499264849,40485332190.0
1078.3102453,1078.2968899763432,40485332190.0
833.97576112,833.9584929143437,40485332190.0
3012.9199958,3012.9152160032468,40485332190.0
845.3075727,845.2905359975874,40485332190.0
870.84362579,870.8270886654157,40485332190.0
3272.1629156,3272.1585145312647,40485332190.0
1404.9244176,1404.914167158568,40485332190.0
431.63151795,431.5981523023332,40485332190.0
1477.0780545,1477.0683047930413,40485332190.0
2811.2338273,2811.228704546372,40485332190.0
2221.0230792,2221.016595200122,40485332190.0
1793.8409233,1793.8328952026534,40485332190.0
1037.1365758,1037.1226902330195,40485332190.0
3233.0471445,3233.042690110968,40485332190.0
937.56394371,937.5485834517879,40485332190.0
463.81248467,463.78143421048003,40485332190.0
3895.300535,3895.296837975726,40485332190.0
400.82561882,400.78968859346566,40485332190.0
647.9274021,647.9051752931592,40485332190.0
702.97398394,702.9534976573715,40485332190.0
677.02595056,677.0046790860317,40485332190.0
3819.3797604,3819.37598981584,40485332190.0
185.45712146,185.37945322647965,40485332190.0
921.67989007,921.6642650965393,40485332190.0
7631.0916091,7631.089721947289,40485332190.0
482.08870463,482.058831379721,40485332190.0
1904.6882969,1904.6807360220962,40485332190.0
551.77982241,551.7537224159698,40485332190.0
894.95582927,894.939737704453,40485332190.0
2413.9860477,2413.9800819329553,40485332190.0
2936.5763397,2936.57143566615,40485332190.0
1277.2208979,1277.2096224284576,40485332190.0
800.7452571,800.7272722645375,40485332190.0
1422.4497371,1422.4396129425172,40485332190.0
2335.0495664,2335.043399023033,40485332190.0
622.59944247,622.5763114213626,40485332190.0
291.96146637,291.9121368226523,40485332190.0
4273.7890653,4273.785695638319,40485332190.0
403.35889886,403.3231943115154,40485332190.0
1838.1613146,1838.153480036067,40485332190.0
1796.2875736,1796.2795564516432,40485332190.0
3262.356594,3262.3521795976885,40485332190.0
1213.5257188,1213.5138515527024,40485332190.0
1168.6792635,1168.6669409454914,40485332190.0
999.12515746,999.1107436409966,40485332190.0
1415.9208104,1415.9106395346614,40485332190.0
4321.5529043,4321.549571916756,40485332190.0
1037.3445045,1037.3306217723277,40485332190.0
2843.5161649,2843.511100333129,40485332190.0
3024.0187778,3024.014015506573,40485332190.0
1194.5026027,1194.4905464831206,40485332190.0
1500.9116687,1500.9020737453818,40485332190.0
2549.8033277,2549.797679772322,40485332190.0
3212.576373,3212.571890286178,40485332190.0
638.29607683,638.2735146308843,40485332190.0
827.40444704,827.3870416973474,40485332190.0
4855.7814067,4855.778440926866,40485332190.0
1010.0974907,1010.0832334820279,40485332190.0
2846.5073744,2846.5023152211925,40485332190.0
1326.2455333,1326.2346746565684,40485332190.0
7149.5647854,7149.562771199215,40485332190.0
3649.5923494,3649.588403455211,40485332190.0
1335.1381233,1335.1273369803814,40485332190.0
613.03710613,613.0136142614622,40485332190.0
2570.5846762,2570.5790739298163,40485332190.0
852.39313843,852.3762433412187,40485332190.0
424.96883331,424.93494450652656,40485332190.0
1391.4122686,1391.4019185623074,40485332190.0
416.57023174,416.53565963262696,40485332190.0
1363.9482576,1363.937699130776,40485332190.0
240.92810605,240.8683251632104,40485332190.0
1102.0330096,1102.0199417184522,40485332190.0
1528.3999524,1528.3905300855456,40485332190.0
3632.6960429,3632.692078605035,40485332190.0
902.54826021,902.5323040103525,40485332190.0
1454.7383863,1454.7284868035072,40485332190.0
693.00484096,692.9840599744081,40485332190.0
5172.5260258,5172.523241694013,40485332190.0
771.41181929,771.3931505584707,40485332190.0
3956.8900147,3956.886375176974,40485332190.0
741.37350734,741.3540821800491,40485332190.0
9138.1331124,9138.13153643359,40485332190.0
741.22843699,741.2090080239035,40485332190.0
607.11127681,607.087555641651,40485332190.0
2766.6541882,2766.6489829137045,40485332190.0
1700.8750346,1700.8665677627705,40485332190.0
1079.8577575,1079.844421306168,40485332190.0
737.17711003,737.1575742843213,40485332190.0
25430.200399,25430.199832956543,40485332190.0
3278.4942784,3278.489885831144,40485332190.0
473.85119624,473.82080363215994,40485332190.0
2430.9404167,2430.9344926403073,40485332190.0
2580.4856462,2580.480065440994,40485332190.0
519.00841016,518.9806620681911,40485332190.0
839.68010799,839.6629571100661,40485332190.0
1393.1692108,1393.1588737829559,40485332190.0
336.92120975,336.8784637824867,40485332190.0
973.62735332,973.6125620183482,40485332190.0
666.81444542,666.7928481900037,40485332190.0
3834.0275739,3834.023817844595,40485332190.0
2088.7656186,2088.758724095335,40485332190.0
1891.9156972,1891.9080852467014,40485332190.0
2911.5569123,2911.5519661724875,40485332190.0
1485.4114151,1485.4017200348273,40485332190.0
1975.3928372,1975.3855469395016,40485332190.0
2488.6801009,2488.674314246867,40485332190.0
602.87739728,602.8535095108477,40485332190.0
1154.0554841,1154.0430053738814,40485332190.0
748.33484389,748.315599441344,40485332190.0
653.09318651,653.0711355130597,40485332190.0
2121.3217845,2121.3149956985585,40485332190.0
594.9505051,594.9262990532269,40485332190.0
8350.0671517,8350.065426978932,40485332190.0
996.22858923,996.2141334965702,40485332190.0
2082.9644557,2082.957541886309,40485332190.0
3114.9761954,3114.9715721938487,40485332190.0
1601.1241168,1601.115122423929,40485332190.0
6706.1930525,6706.190905064621,40485332190.0
6639.1259053,6639.123736226269,40485332190.0
820.60114646,820.5835968142808,40485332190.0
4435.0224323,4435.019185130358,40485332190.0
1106.8979065,1106.8848960706607,40485332190.0
1849.6230089,1849.6152229820525,40485332190.0
871.62168431,871.6051619535367,40485332190.0
1728.8623548,1728.8540249640346,40485332190.0
1412.248037,1412.2378397565567,40485332190.0
674.39829072,674.3769363741205,40485332190.0
15812.752283,15812.751371438124,40485332190.0
1587.6997783,1587.6907078311037,40485332190.0
857.15465198,857.1378507491712,40485332190.0
1743.9240955,1743.915837621773,40485332190.0
4612.4425577,4612.43943547405,40485332190.0
1025.074976,1025.0609270837438,40485332190.0
1027.6030466,1027.5890322929101,40485332190.0
3220.3170327,3220.3125607655634,40485332190.0
848.25650293,848.239525450151,40485332190.0
439.14394543,439.11115060541806,40485332190.0
2061.4296994,2061.422713372596,40485332190.0
2203.5378615,2203.5313260242897,40485332190.0
2206.138912,2206.132384251081,40485332190.0
3772.1088569,3772.1050391140147,40485332190.0
1814.3034067,1814.2954691496875,40485332190.0
6104.069417,6104.067057678346,40485332190.0
1821.1105457,1821.1026378163835,40485332190.0
3402.5276584,3402.5234259011872,40485332190.0
717.70939871,717.6893330547174,40485332190.0
1571.7704187,1571.7612562821348,40485332190.0
456.18036724,456.1487972613927,40485332190.0
1043.5399359,1043.526135510225,40485332190.0
1289.4787956,1289.467627326745,40485332190.0
8223.7922881,8223.790536955088,40485332190.0
1038.8255903,1038.8117273172213,40485332190.0
1005.1628443,1005.1485170237819,40485332190.0
557.71655535,557.6907331972872,40485332190.0
978.30744696,978.2927264242634,40485332190.0
1055.2628202,1055.2491731044856,40485332190.0
4782.7793252,4782.7763141508485,40485332190.0
921.65355608,921.6379306484783,40485332190.0
924.27542819,924.2598470908707,40485332190.0
6160.7783945,6160.776056945646,40485332190.0
499.94237587,499.9135695047904,40485332190.0
801.41502745,801.3970576421715,40485332190.0
1555.034641,1555.0253800392927,40485332190.0
689.59053088,689.5696469983543,40485332190.0
1704.9133285,1704.9048816006016,40485332190.0
676.86192285,676.8406462242858,40485332190.0
1350.3619171,1350.3512523855404,40485332190.0
1992.8381117,1992.8308853119538,40485332190.0
1136.264243,1136.2515687584912,40485332190.0
369.51817576,369.4792010292792,40485332190.0
3136.1784763,3136.1738843963453,40485332190.0
787.53827508,787.5199886349292,40485332190.0
1024.3182476,1024.3041882929974,40485332190.0
1537.3323277,1537.3229600032175,40485332190.0
3437.9310399,3437.926850988002,40485332190.0
1621.5263584,1621.5174772141452,40485332190.0
1660.2192204,1660.2105462242534,40485332190.0
101.33959151,101.197384290931,40485332190.0
1563.098309,1563.089095821804,40485332190.0
488.27699869,488.24750407130824,40485332190.0
2291.9998637,2291.993580554326,40485332190.0
1350.2782237,1350.2675584025594,40485332190.0
8873.1644088,8873.162785869568,40485332190.0
386.35601886,386.3187428599773,40485332190.0
684.70310051,684.6820675514949,40485332190.0
3431.8217855,3431.817589148443,40485332190.0
1193.4061842,1193.3941169241132,40485332190.0
3171.4687236,3171.464182774008,40485332190.0
1021.0476399,1021.0335355348177,40485332190.0
3152.0351739,3152.030605086293,40485332190.0
2257.3864837,2257.3801041531265,40485332190.0
1688.2526766,1688.244146425658,40485332190.0
1418.2570044,1418.246850245807,40485332190.0
15399.059392,15399.058456699708,40485332190.0
689.53177661,689.5108909463864,40485332190.0
686.25447349,686.2334880846633,40485332190.0
823.7459801,823.7284974519362,40485332190.0
637.06334311,637.0407372528035,40485332190.0
4984.65334,4984.650450870833,40485332190.0
851.73918675,851.7222786956305,40485332190.0
5340.9350661,5340.932369812808,40485332190.0
1785.9838767,1785.9758132573334,40485332190.0
1796.8603882,1796.852373540431,40485332190.0
5662.0325025,5662.029959042461,40485332190.0
1195.2324784,1195.220429539479,40485332190.0
1936.4353937,1936.4279567418625,40485332190.0
5563.535936,5563.533347474145,40485332190.0
670.2196463,670.198158810519,40485332190.0
6074.9449537,6074.942583155468,40485332190.0
329.2818441,329.23810629298765,40485332190.0
1255.0106336,1254.999158600163,40485332190.0
3040.8040581,3040.7993221501883,40485332190.0
2612.0709159,2612.065402592588,40485332190.0
2954.3805745,2954.3756999980646,40485332190.0
1969.031192,1969.0238781406397,40485332190.0
6470.0665513,6470.064325516568,40485332190.0
1324.0917291,1324.0808528039609,40485332190.0
5160.756397,5160.753606473248,40485332190.0
1689.82389,1689.8153677554046,40485332190.0
1035.8125691,1035.7986658193074,40485332190.0
2732.4788395,2732.4735691751944,40485332190.0
625.62851335,625.6054942920326,40485332190.0
1790.1968824,1790.1888379960567,40485332190.0
5719.7833179,5719.780800171205,40485332190.0
5242.9270125,5242.924265748958,40485332190.0
511.66477354,511.6366271671438,40485332190.0
11978.682961,11978.681758351358,40485332190.0
1296.7026763,1296.6915702716603,40485332190.0
3703.8273403,3703.823452105844,40485332190.0
591.28020365,591.255847330594,40485332190.0
1106.3232,1106.3101828313781,40485332190.0
1561.6870564,1561.6778348854862,40485332190.0
2980.4300887,2980.425256827741,40485332190.0
4120.9261742,4120.922679631994,40485332190.0
1158.2073525,1158.194918425005,40485332190.0
932.80299316,932.7875545000034,40485332190.0
857.87278172,857.8559945529066,40485332190.0
672.68473415,672.6633254046199,40485332190.0
5547.2379848,5547.23538870467,40485332190.0
2411.6161289,2411.610157321818,40485332190.0
5543.836619,5543.834021315549,40485332190.0
1129.5690663,1129.5563170239868,40485332190.0
1949.3363629,1949.3289751647649,40485332190.0
684.89170549,684.8706783239502,40485332190.0
420.06249041,420.0282057531308,40485332190.0
860.62224787,860.6055143394703,40485332190.0
2364.2084083,2364.2023170365437,40485332190.0
2210.0499454,2210.0434292525983,40485332190.0
685.37492589,685.353913556126,40485332190.0
900.71407475,900.6980860656129,40485332190.0
3038.3989401,3038.394200440761,40485332190.0
1372.7933885,1372.7828980366482,40485332190.0
2668.7612544,2668.755858216248,40485332190.0
794.34173777,794.323607941513,40485332190.0
621.11656752,621.0933812447857,40485332190.0
3410.3101497,3410.3059268412567,40485332190.0
1125.9451888,1125.9323984700122,40485332190.0
3896.9190454,3896.9153498397436,40485332190.0
712.94637244,712.9261727170857,40485332190.0
5667.3070205,5667.3044794463485,40485332190.0
6482.8640064,6482.861785004909,40485332190.0
6050.432824,6050.430443871351,40485332190.0
613.44752456,613.4240484151587,40485332190.0
3450.0382591,3450.0340849390764,40485332190.0
1408.8505315,1408.840309649459,40485332190.0
723.74038313,723.7204846816395,40485332190.0
18972.167197,18972.166437481555,40485332190.0
623.02904536,623.0059302689873,40485332190.0
233.78352334,233.72191503315426,40485332190.0
3510.7423157,3510.738213740118,40485332190.0
1375.1257582,1375.1152855328298,40485332190.0
719.1284112,719.1083851384279,40485332190.0
2246.9297332,2246.9233239814134,40485332190.0
854.08389187,854.0670302362385,40485332190.0
367.60718994,367.5680125789474,40485332190.0
815.00834877,814.9906786878504,40485332190.0
6019.9949213,6019.992529140272,40485332190.0
1463.2869823,1463.2771406866646,40485332190.0
2015.8627143,2015.8555704052594,40485332190.0
3075.2298636,3075.2251806067034,40485332190.0
3108.4678134,3108.4631804460487,40485332190.0
583.70100361,583.6763310156985,40485332190.0
860.11702838,860.1002850186377,40485332190.0
1129.0042724,1128.9915167270321,40485332190.0
3790.2786344,3790.2748349524804,40485332190.0
2456.3159892,2456.3101263109447,40485332190.0
2128.0318654,2128.02509798329,40485332190.0
1151.1970866,1151.1845768106439,40485332190.0
5854.3852753,5854.382815388737,40485332190.0
1131.8623186,1131.8495951414698,40485332190.0
1509.5544834,1509.5449433846402,40485332190.0
4427.3528362,4427.349583417405,40485332190.0
2013.571999,2013.564847038736,40485332190.0
372.27238611,372.2336997654067,40485332190.0
4719.1639838,4719.160932134664,40485332190.0
4149.2131001,4149.2096292117485,40485332190.0
1559.867895,1559.8586627604425,40485332190.0
3065.5128376,3065.50813985388,40485332190.0
2691.5930914,2691.5877410313024,40485332190.0
767.43947232,767.4207069479481,40485332190.0
933.42384673,933.4084183373428,40485332190.0
1030.1330574,1030.1190774688498,40485332190.0
960.01007782,959.995076710498,40485332190.0
1109.7443388,1109.7313617292023,40485332190.0
1224.2560868,1224.244323594338,40485332190.0
890.86490665,890.8487411882251,40485332190.0
1130.4409659,1130.4282264621752,40485332190.0
6112.738942,6112.736586057639,40485332190.0
892.69305423,892.676921883936,40485332190.0
1638.2478023,1638.2390116647146,40485332190.0
2221.399448,2221.3929651348194,40485332190.0
1743.0049134,1742.9966510540778,40485332190.0
524.49474732,524.4672894927689,40485332190.0
2090.9080951,2090.9012075592836,40485332190.0
1301.1057975,1301.0947291099446,40485332190.0
1172.4992333,1172.4869508869115,40485332190.0
7958.0541533,7958.052343603672,40485332190.0
5083.8237082,5083.820875523086,40485332190.0
633.21372844,633.190985138766,40485332190.0
588.17927963,588.1547948954646,40485332190.0
1760.7242058,1760.716026654992,40485332190.0
693.81031084,693.7895539806874,40485332190.0
910.81347873,910.7976673298956,40485332190.0
7347.5758204,7347.573860419203,40485332190.0
645.69430787,645.6720041903002,40485332190.0
844.27166303,844.2546054194894,40485332190.0
1497.9835847,1497.9739710312824,40485332190.0
697.38539616,697.3647457062352,40485332190.0
2986.9378077,2986.932986313805,40485332190.0
10482.432822,10482.43144840094,40485332190.0
6356.2429158,6356.240650154269,40485332190.0
1262.8092618,1262.7978577165504,40485332190.0
1421.6839057,1421.6737760529118,40485332190.0
1334.4953178,1334.4845263097181,40485332190.0
976.13983084,976.1250776074701,40485332190.0
1080.2188917,1080.2055599173273,40485332190.0
4648.1046191,4648.101520846616,40485332190.0
832.81573746,832.7984452125772,40485332190.0
1588.4399557,1588.430889490933,40485332190.0
433.9918362,433.95865202325166,40485332190.0
951.58849363,951.5733597569508,40485332190.0
1216.5060396,1216.4942014669757,40485332190.0
907.81765351,907.8017899365841,40485332190.0
1247.9346286,1247.9230885339493,40485332190.0
2537.0698176,2537.0641413157787,40485332190.0
4119.5150158,4119.511519936795,40485332190.0
1726.3913556,1726.383013866638,40485332190.0
765.8964679,765.877664726819,40485332190.0
686.96313195,686.9421681868749,40485332190.0
4266.2467207,4266.243345106928,40485332190.0
114.03643665,113.91008148323316,40485332190.0
940.31620795,940.3008926459023,40485332190.0
2474.6994669,2474.693647638122,40485332190.0
2266.9364401,2266.9300873793736,40485332190.0
706.57104509,706.5506631076832,40485332190.0
5572.8659676,5572.863383455327,40485332190.0
956.14178148,956.1267196676883,40485332190.0
706.96528527,706.9449146588174,40485332190.0
587.50672228,587.4822095265826,40485332190.0
3426.1142642,3426.110060909161,40485332190.0
3632.6320368,3632.6280724545763,40485332190.0
696.48355413,696.4628769410674,40485332190.0
3381.8643973,3381.860138979003,40485332190.0
2488.3863319,2488.380544559721,40485332190.0
1370.3906622,1370.3801534111362,40485332190.0
13201.779895,13201.778803846822,40485332190.0
816.44934698,816.4317080898296,40485332190.0
1735.3305059,1735.3222071270302,40485332190.0
3107.8602851,3107.855651304613,40485332190.0
847.0462803,847.0292785659949,40485332190.0
5086.464258,5086.461426765212,40485332190.0
1104.1817903,1104.1687478915035,40485332190.0
5206.286662,5206.283895880639,40485332190.0
983.02118315,983.0065331912707,40485332190.0
1314.3624517,1314.3514949193188,40485332190.0
3109.5353948,3109.530763490185,40485332190.0
1453.1546963,1453.1447859366785,40485332190.0
1842.5084603,1842.5006442909032,40485332190.0
756.99404741,756.9750230976285,40485332190.0
1469.1105551,1469.1007524111546,40485332190.0
5894.9195768,5894.9171338972355,40485332190.0
4838.0529194,4838.0499428346875,40485332190.0
2200.4727817,2200.4662371963545,40485332190.0
138.78688033,138.6830773018713,40485332190.0
1388.1898636,1388.17948957366,40485332190.0
1245.8961715,1245.8846125864936,40485332190.0
6795.4476522,6795.445532915804,40485332190.0
2244.6485783,2244.6421626026768,40485332190.0
1811.2557952,1811.2478443358855,40485332190.0
1764.6863447,1764.6781839272144,40485332190.0
757.65084037,757.6318325479556,40485332190.0
2326.7416581,2326.7354687283,40485332190.0
4173.251453,4173.248002194213,40485332190.0
7148.3903321,7148.388317511663,40485332190.0
327.60618192,327.56222037019177,40485332190.0
308.17178615,308.1250518131906,40485332190.0
1449.0711384,1449.0612001556847,40485332190.0
5903.677058,5903.674618610575,40485332190.0
712.61101341,712.5908041919496,40485332190.0
831.54798524,831.5306666235122,40485332190.0
1947.3047256,1947.297330178041,40485332190.0
6034.8839045,6034.881518192724,40485332190.0
151.28742308,151.19220271839595,40485332190.0
4762.6585274,4762.655503570387,40485332190.0
3694.2598203,3694.255922031229,40485332190.0
719.18177409,719.161749508917,40485332190.0
289.97057883,289.9209105354225,40485332190.0
193.98285298,193.90859967947168,40485332190.0
3073.3677124,3073.3630265337024,40485332190.0
1226.6172876,1226.6055470278402,40485332190.0
1778.4342282,1778.4261305814641,40485332190.0
564.79178518,564.7662865239354,40485332190.0
414.37935029,414.3445953847473,40485332190.0
1523.695078,1523.6856265153967,40485332190.0
1786.4213191,1786.4132576217978,40485332190.0
685.54737925,685.526372192,40485332190.0
3442.0664161,3442.0622322664485,40485332190.0
1637.164027,1637.1552305681755,40485332190.0
6954.4829545,6954.480883817373,40485332190.0
8847.1999695,8847.198341765261,40485332190.0
399.48140584,399.44535470761525,40485332190.0
1267.1293011,1267.1179358520362,40485332190.0
1475.2727242,1475.2629625420034,40485332190.0
2879.9556059,2879.950605436782,40485332190.0
746.98474831,746.9654690723685,40485332190.0
5952.6605425,5952.658123289346,40485332190.0
2838.6927438,2838.687670579933,40485332190.0
8147.5491127,8147.547345210044,40485332190.0
755.06768548,755.048612622584,40485332190.0
5001.9376903,5001.934811144098,40485332190.0
1138.2231295,1138.2104772249425,40485332190.0
472.42824405,472.3977598934757,40485332190.0
493.0798831,493.0506757967223,40485332190.0
16825.830914,16825.830058888347,40485332190.0
5933.0856609,5933.083233660717,40485332190.0
436.11140897,436.07838608635836,40485332190.0
795.36786767,795.3497612402513,40485332190.0
296.21645745,296.16783661585345,40485332190.0
9388.4277286,9388.426194729767,40485332190.0
661.09767263,661.0758886376449,40485332190.0
4086.1281562,4086.124631740275,40485332190.0
10893.858983,10893.857660590584,40485332190.0
141.02568839,140.92353446836742,40485332190.0
3409.5705267,3409.5663029813863,40485332190.0
1442.1627493,1442.1527635584293,40485332190.0
2108.7114063,2108.704576963343,40485332190.0
1684.7460782,1684.7375302125133,40485332190.0
724.78466489,724.7647951204383,40485332190.0
663.74338672,663.7216895660549,40485332190.0
2661.6210195,2661.6156089088895,40485332190.0
2147.3771124,2147.3704059758843,40485332190.0
2916.6703767,2916.665439203754,40485332190.0
4419.4299235,4419.426664863805,40485332190.0
2462.9344494,2462.9286022319247,40485332190.0
2028.5959358,2028.5888368061753,40485332190.0
1422.138485,1422.1283586290065,40485332190.0
1549.7112173,1549.7019245573683,40485332190.0
1669.9141751,1669.9055512647312,40485332190.0
2057.9904937,2057.983496025601,40485332190.0
7667.7894154,7667.787537199507,40485332190.0
812.59950183,812.581779355108,40485332190.0
1172.9246418,1172.9123638155156,40485332190.0
839.22532022,839.2081600318445,40485332190.0
1214.655316,1214.6434598188107,40485332190.0
3958.7139795,3958.7103417100175,40485332190.0
7244.4848699,7244.482882028678,40485332190.0
1082.0716933,1082.0583843339386,40485332190.0
2360.0986193,2360.0925174148488,40485332190.0
1155.3626623,1155.3501976297973,40485332190.0
488.2530141,488.2235180296774,40485332190.0
2346.9631857,2346.9570496039773,40485332190.0
462.68887429,462.65774842168577,40485332190.0
6953.7426688,6953.740597744643,40485332190.0
3894.073088,3894.0693898557342,40485332190.0
6187.4979844,6187.495656959521,40485332190.0
627.25931013,627.2363509329401,40485332190.0
1421.5226187,1421.5124878958802,40485332190.0
2369.7120708,2369.7059936227433,40485332190.0
1611.2751369,1611.2661991291764,40485332190.0
8276.233958,8276.232217946752,40485332190.0
3859.6451193,3859.6413880431073,40485332190.0
1894.7329953,1894.7253946965673,40485332190.0
2380.2942914,2380.2882413338207,40485332190.0
3868.9530022,3868.9492799781674,40485332190.0
1048.4186918,1048.4049556902169,40485332190.0
323.6629701,323.61847288654565,40485332190.0
844.94728396,844.9302399907784,40485332190.0
648.31390858,648.2916950245731,40485332190.0
9223.1586532,9223.157091728632,40485332190.0
3813.4577409,3813.4539645115015,40485332190.0
1565.1401463,1565.130945197033,40485332190.0
3588.5188243,3588.5148112407837,40485332190.0
549.41785221,549.3916400111024,40485332190.0
10681.441864,10681.440515741513,40485332190.0
1368.3394467,1368.328922175919,40485332190.0
3256.858419,3256.8539972725775,40485332190.0
1646.3250235,1646.3162759616466,40485332190.0
1638.1108981,1638.1021067689014,40485332190.0
3946.5657826,3946.562133504814,40485332190.0
3715.7801551,3715.7762794305336,40485332190.0
9278.2468393,9278.245287120455,40485332190.0
6380.1397308,6380.137473633543,40485332190.0
593.89687934,593.8726303439952,40485332190.0
6193.4021837,6193.399858451486,40485332190.0
358.80872347,358.76858531820886,40485332190.0
1353.2821141,1353.2714724004566,40485332190.0
12226.562568,12226.561390649878,40485332190.0
2577.7837949,2577.7782083496313,40485332190.0
2706.935045,2706.9297249047295,40485332190.0
486.18959335,486.1599720879342,40485332190.0
17858.231347,17858.230540716104,40485332190.0
726.60452019,726.5847001821298,40485332190.0
2007.533527,2007.5263534855171,40485332190.0
3818.4684246,3818.464653178759,40485332190.0
1126.7235429,1126.7107613571616,40485332190.0
2288.9289568,2288.9226651120775,40485332190.0
1930.5888121,1930.581352602465,40485332190.0
1435.5736637,1435.5636320630042,40485332190.0
526.3996458,526.3722873324665,40485332190.0
2033.6234662,2033.6163847078567,40485332190.0
515.42462063,515.3966795873603,40485332190.0
849.15941358,849.142454158333,40485332190.0
551.94336767,551.9172754121411,40485332190.0
3472.9182336,3472.914086923878,40485332190.0
909.7607961,909.744966411194,40485332190.0
8879.7313701,8879.729748284968,40485332190.0
306.96174016,306.9148215739295,40485332190.0
1642.3135919,1642.3048230473767,40485332190.0
2330.8885598,2330.8823814260045,40485332190.0
581.51945516,581.4946900066361,40485332190.0
683.06623576,683.0451523981358,40485332190.0
4652.0881618,4652.085066187106,40485332190.0
3689.3864532,3689.3825498089036,40485332190.0
241.40917872,241.3495169854686,40485332190.0
11561.325397,11561.324151894745,40485332190.0
1653.507299,1653.498589557181,40485332190.0
2243.5375104,2243.5310913789967,40485332190.0
1829.6946349,1829.6867641167507,40485332190.0
5563.541729,5563.539140571046,40485332190.0
4302.2064132,4302.203065864702,40485332190.0
324.03731703,323.9928712279426,40485332190.0
1296.305233,1296.2941236407078,40485332190.0
2970.8345819,2970.8297343997433,40485332190.0
806.03904076,806.0211740427782,40485332190.0
463.61753161,463.58646809079704,40485332190.0
6068.0117181,6068.009344838862,40485332190.0
6356.9530395,6356.950774124279,40485332190.0
409.6284534,409.5932953713569,40485332190.0
8281.5080459,8281.506306958405,40485332190.0
668.98289925,668.9613720279316,40485332190.0
957.9442034,957.9291699307364,40485332190.0
1839.0470929,1839.039262066717,40485332190.0
1267.5462815,1267.5349199662658,40485332190.0
375.76852457,375.7301981948665,40485332190.0
428.79028011,428.7566933580756,40485332190.0
2483.9419055,2483.9361078018446,40485332190.0
878.18174784,878.1653489041031,40485332190.0
2409.12174,2409.1157622471696,40485332190.0
282.37612299,282.3251186413236,40485332190.0
6747.9057146,6747.903580483541,40485332190.0
857.80622281,857.7894343478529,40485332190.0
544.46943666,544.442986213554,40485332190.0
10200.130003,10200.128591981018,40485332190.0
498.18200908,498.15310091981524,40485332190.0
438.96853783,438.935729896502,40485332190.0
6928.738013,6928.735934550715,40485332190.0
2807.1522866,2807.1471564511994,40485332190.0
9411.398211,9411.396680758178,40485332190.0
17755.182993,17755.182182382418,40485332190.0
1507.7639104,1507.7543590111068,40485332190.0
320.3960493,320.35109830987284,40485332190.0
9428.5520757,9428.550548285219,40485332190.0
3222.9371318,3222.9326634525055,40485332190.0
3168.9374511,3168.9329066751216,40485332190.0
2732.9162467,2732.9109771571225,40485332190.0
161.73735818,161.6482935567396,40485332190.0
2834.900088,2834.895008068329,40485332190.0
189.08972539,189.01354985235633,40485332190.0
1920.0823641,1920.074863803558,40485332190.0
1366.95722,1366.9466847897388,40485332190.0
3257.0096904,3257.0052688286282,40485332190.0
1267.5189218,1267.5075600824102,40485332190.0
431.04822733,431.0148165196402,40485332190.0
1883.296663,1883.2890162930958,40485332190.0
3464.6378977,3464.6337410705974,40485332190.0
665.24409024,665.2224420284977,40485332190.0
1094.9058871,1094.8927342426477,40485332190.0
3583.8082876,3583.804269283851,40485332190.0
763.85774899,763.8388956290934,40485332190.0
691.48399879,691.4631720919245,40485332190.0
338.70920504,338.66668474722144,40485332190.0
3624.109093,3624.1051192934005,40485332190.0
231.11401958,231.0516994606512,40485332190.0
2112.5205057,2112.5136887251247,40485332190.0
3819.5385032,3819.5347328362204,40485332190.0
1837.2286676,1837.2208291020902,40485332190.0
2096.3211663,2096.314296546836,40485332190.0
815.63687116,815.6192146943164,40485332190.0
7745.3523477,7745.350488384903,40485332190.0
2968.5807531,2968.575902003554,40485332190.0
317.98458474,317.9392928075159,40485332190.0
1057.0158299,1057.002205475808,40485332190.0
161.0148319,160.92536738878766,40485332190.0
1949.0639043,1949.0565155984941,40485332190.0
744.59724338,744.5779023276382,40485332190.0
1155.4973905,1155.4849272321767,40485332190.0
2404.1821008,2404.176110823902,40485332190.0
3563.7444771,3563.7404360111477,40485332190.0
230.80770434,230.74530149978608,40485332190.0
1254.0300228,1254.0185388759837,40485332190.0
2208.0313475,2208.0248253950067,40485332190.0
1544.8881134,1544.878791613179,40485332190.0
889.34298754,889.3267944118736,40485332190.0
1984.8591809,1984.851925379142,40485332190.0
433.07840719,433.0451530169958,40485332190.0
1727.4632256,1727.454889088798,40485332190.0
1271.0612108,1271.0498807600757,40485332190.0
969.50951402,969.494659889504,40485332190.0
6935.0027486,6935.000672030234,40485332190.0
2865.0862169,2865.0811905013343,40485332190.0
1120.1536139,1120.140757405793,40485332190.0
2561.1381132,2561.1324902745737,40485332190.0
2533.9254903,2533.919807047577,40485332190.0
482.32037515,482.29051624412915,40485332190.0
676.45538735,676.4340979408325,40485332190.0
560.72998729,560.7043039141264,40485332190.0
1397.4129898,1397.4026842767316,40485332190.0
1726.9561902,1726.9478511846512,40485332190.0
312.73438335,312.6883309473695,40485332190.0
4324.6781625,4324.674832514222,40485332190.0
2049.8997814,2049.8927561261216,40485332190.0
1327.6882185,1327.677371628318,40485332190.0
938.57150804,938.5561642700175,40485332190.0
5712.1870228,5712.1845016587995,40485332190.0
14912.672908,14912.671941727416,40485332190.0
863.96063344,863.9439645702504,40485332190.0
515.718174,515.6902488634172,40485332190.0
3575.0175002,3575.013471917333,40485332190.0
1272.547233,1272.5359162013065,40485332190.0
3769.666522,3769.662701822641,40485332190.0
2289.253494,2289.247203279091,40485332190.0
570.73473156,570.7094984209659,40485332190.0
1024.6365829,1024.6225279886323,40485332190.0
1198.0791397,1198.067119388007,40485332190.0
1642.4281431,1642.4193749524895,40485332190.0
1617.334546,1617.3256417697999,40485332190.0
7069.1633936,7069.161356462174,40485332190.0
1066.9645085,1066.9510111919674,40485332190.0
4185.7534277,4185.74998719375,40485332190.0
1659.5496954,1659.5410177118501,40485332190.0
1227.497839,1227.4861068724156,40485332190.0
1926.978894,1926.9714205040627,40485332190.0
163.09536146,163.00703883835524,40485332190.0
1437.2609449,1437.250925016222,40485332190.0
3660.6109748,3660.6070407061006,40485332190.0
363.73900885,363.699414821309,40485332190.0
1896.8118099,1896.8042177088796,40485332190.0
1670.2446415,1670.2360192532542,40485332190.0
1139.3143944,1139.3017541894274,40485332190.0
161.2848403,161.19552565264547,40485332190.0
5078.1513206,5078.148484633375,40485332190.0
769.49813715,769.4794219797282,40485332190.0
853.31192058,853.295043687432,40485332190.0
3773.4796293,3773.4758129348816,40485332190.0
5651.2226913,5651.220142986662,40485332190.0
619.24562902,619.2223726916233,40485332190.0
1385.1387214,1385.1283245041595,40485332190.0
1615.9986747,1615.9897631024655,40485332190.0
1059.5435262,1059.5299343556883,40485332190.0
924.97795028,924.9623810062973,40485332190.0
1383.1208538,1383.1104417272124,40485332190.0
6654.9047589,6654.902594879554,40485332190.0
912.88786989,912.8720944235249,40485332190.0
3794.720578,3794.716782931751,40485332190.0
557.89698731,557.8711735073135,40485332190.0
2631.5776319,2631.5721594974934,40485332190.0
6816.6538937,6816.651781144934,40485332190.0
348.14042361,348.09905534437286,40485332190.0
188.90315078,188.82689997073197,40485332190.0
157.20032598,157.1086893510054,40485332190.0
377.89326311,377.8551522506908,40485332190.0
795.50845962,795.4903563961471,40485332190.0
627.94069877,627.917764478843,40485332190.0
2412.3477434,2412.3417736613064,40485332190.0
2365.7042119,2365.6981245238026,40485332190.0
1827.604169,1827.5962892753498,40485332190.0
2056.558713,2056.5517104622268,40485332190.0
1313.8184896,1313.807528341426,40485332190.0
2021.1076257,2021.100500356029,40485332190.0
2022.7326643,2022.7255446550864,40485332190.0
1290.0781477,1290.0669846897952,40485332190.0
1151.9979362,1151.9854351362528,40485332190.0
1088.6721934,1088.6589651439112,40485332190.0
679.98486106,679.9636821578325,40485332190.0
318.16980244,318.12453688233524,40485332190.0
445.55578074,445.52345788890955,40485332190.0
910.61564414,910.5998293041145,40485332190.0
2646.1924781,2646.1870359343193,40485332190.0
1088.473549,1088.4603184444293,40485332190.0
2186.4325895,2186.426002912476,40485332190.0
1047.3562189,1047.3424688312884,40485332190.0
8282.7171404,8282.715401763058,40485332190.0
5266.8425189,5266.83978458159,40485332190.0
5531.4440018,5531.441398324406,40485332190.0
468.04982892,468.01905958444166,40485332190.0
4150.7997638,4150.796294236988,40485332190.0
197.14964746,197.0765873272406,40485332190.0
1992.6325723,1992.6253450672857,40485332190.0
1421.3238488,1421.3137165982928,40485332190.0
1941.6957457,1941.6883290010649,40485332190.0
1422.5723055,1422.5621822264907,40485332190.0
532.42018119,532.3931321125561,40485332190.0
4923.208768,4923.20584284599,40485332190.0
1495.412528,1495.4028977376142,40485332190.0
808.24301919,808.2252011951743,40485332190.0
959.08837365,959.0733581230946,40485332190.0
337.84671611,337.80408725495624,40485332190.0
1925.9587739,1925.951296497323,40485332190.0
2716.7785643,2716.7732635456805,40485332190.0
403.40539823,403.36969778891273,40485332190.0
1720.9925623,1720.9841943510914,40485332190.0
507.4653031,507.43692379780475,40485332190.0
724.75612372,724.7362531563167,40485332190.0
1031.7821806,1031.7682229919433,40485332190.0
2198.2124973,2198.2059460765927,40485332190.0
1669.040611,1669.031982617556,40485332190.0
592.78657026,592.7622758383641,40485332190.0
700.91140307,700.8908565069672,40485332190.0
4072.9756496,4072.9721138410873,40485332190.0
446.64408681,446.6118427189434,40485332190.0
815.14596121,815.1282941114729,40485332190.0
989.26086635,989.2463087980392,40485332190.0
16943.379781,16943.378931370764,40485332190.0
3609.6545519,3609.6505622475006,40485332190.0
1463.2479698,1463.2381279533286,40485332190.0
1485.8772578,1485.8675657019492,40485332190.0
424.48303425,424.4491066542237,40485332190.0
8022.350109,8022.348313863671,40485332190.0
4450.5651196,4450.561883772967,40485332190.0
2891.3610464,2891.356065683056,40485332190.0
2434.8987618,2434.8928473681094,40485332190.0
418.67482682,418.6404285191233,40485332190.0
166.17422499,166.0875396606258,40485332190.0
313.46987339,313.42392904882877,40485332190.0
2302.1373363,2302.1310807327104,40485332190.0
1481.7709693,1481.7612504100723,40485332190.0
2519.4416511,2519.4359350842915,40485332190.0
729.07901501,729.059262274306,40485332190.0
446.90012299,446.8678973813454,40485332190.0
1133.7443303,1133.7316279308513,40485332190.0
1640.4302033,1640.421424469078,40485332190.0
4660.2197878,4660.216697616196,40485332190.0
1994.5786088,1994.571388690662,40485332190.0
4067.0388185,4067.0352775404017,40485332190.0
9463.0596656,9463.05814386009,40485332190.0
885.79086418,885.7746061171359,40485332190.0
864.36002355,864.3433623817876,40485332190.0
954.95805129,954.9429708077539,40485332190.0
1570.8871923,1570.8780247563575,40485332190.0
1893.1148123,1893.1072051452513,40485332190.0
1140.4242814,1140.4116535223031,40485332190.0
3203.3970164,3203.3925208133305,40485332190.0
1090.0134938,1090.0002818499245,40485332190.0
850.19045272,850.1735138577343,40485332190.0
4541.4623904,4541.459219332105,40485332190.0
846.6200793,846.6030690068193,40485332190.0
805.37290984,805.3550283496648,40485332190.0
5141.7223058,5141.719504905265,40485332190.0
2080.8334316,2080.8265107966768,40485332190.0
1653.5404424,1653.5317330872665,40485332190.0
1971.399734,1971.3924289080292,40485332190.0
2801.4895029,2801.4843624255104,40485332190.0
3221.1505971,3221.14612622303,40485332190.0
1657.4952153,1657.4865267965042,40485332190.0
1137.1930942,1137.1804303262543,40485332190.0
2321.3017823,2321.2955783935613,40485332190.0
678.33478123,678.3135508047676,40485332190.0
3487.3335397,3487.3294101112247,40485332190.0
1007.3533331,1007.3390370066497,40485332190.0
2425.4756307,2425.469693293492,40485332190.0
438.22692785,438.1940643983854,40485332190.0
5888.8203183,5888.8178727365375,40485332190.0
2526.2031539,2526.1974531859123,40485332190.0
4411.3974957,4411.39423127041,40485332190.0
508.03695504,508.00860767071856,40485332190.0
1839.1985873,1839.1907571798395,40485332190.0
5576.1259807,5576.12339805913,40485332190.0
2339.5418609,2339.535705306293,40485332190.0
5479.3242634,5479.321635186857,40485332190.0
1070.9135211,1070.900073545082,40485332190.0
844.41866844,844.4016137987448,40485332190.0
1063.7994237,1063.7858861425564,40485332190.0
755.90822842,755.8891767832121,40485332190.0
1174.533425,1174.5211637893947,40485332190.0
2584.3674128,2584.361840468391,40485332190.0
3605.4124108,3605.408416438629,40485332190.0
494.76102376,494.73191569567456,40485332190.0
666.71865389,666.6970535583226,40485332190.0
2034.2830116,2034.275932391789,40485332190.0
209.94352241,209.87491603728915,40485332190.0
531.29677278,531.269666501184,40485332190.0
12464.906771,12464.90561643311,40485332190.0
529.99199801,529.964825007008,40485332190.0
3620.0112504,3620.0072722220116,40485332190.0
654.03254055,654.0105212268656,40485332190.0
533.79036495,533.7633853024479,40485332190.0
595.93249605,595.9083298853071,40485332190.0
1252.0984049,1252.0869032649885,40485332190.0
666.37015956,666.3485479378652,40485332190.0
479.37432764,479.34428522156986,40485332190.0
2390.050745,2390.0447195341367,40485332190.0
659.39118793,659.3693475583771,40485332190.0
174.29626691,174.2136229925738,40485332190.0
7667.4948204,7667.492942249626,40485332190.0
2476.9514977,2476.9456836036265,40485332190.0
851.69217018,851.6752611905163,40485332190.0
2200.2851876,2200.2786424866185,40485332190.0
2037.7589566,2037.7518895032363,40485332190.0
1524.1280565,1524.1186077437064,40485332190.0
3057.3588414,3057.354131106033,40485332190.0
1777.9123476,1777.9042476201903,40485332190.0
1879.2129273,1879.2052639224876,40485332190.0
1550.3750332,1550.3657443527259,40485332190.0
19892.695775,19892.69505094033,40485332190.0
363.06224511,363.02257726542206,40485332190.0
1273.542347,1273.5310390687287,40485332190.0
7318.1912025,7318.189234669946,40485332190.0
874.92373005,874.9072700530581,40485332190.0
425.31622618,425.28236505655383,40485332190.0
574.93131541,574.9062664558539,40485332190.0
4068.7421602,4068.738620792459,40485332190.0
971.69418712,971.6793663891953,40485332190.0
825.72580672,825.7083659860197,40485332190.0
1783.1403234,1783.1322471132764,40485332190.0
672.05448162,672.0330527892778,40485332190.0
940.40886576,940.3935519569384,40485332190.0
1094.1263471,1094.1131847535435,40485332190.0
500.64998218,500.621216522133,40485332190.0
2454.2354905,2454.2296226712606,40485332190.0
1187.001875,1186.989742555185,40485332190.0
1145.952132,1145.9395649864518,40485332190.0
6524.4537803,6524.451573069383,40485332190.0
965.2340423,965.2191223755833,40485332190.0
1259.5779587,1259.5665253878979,40485332190.0
862.65904137,862.6423473526194,40485332190.0
1037.7428824,1037.7290049487033,40485332190.0
1094.8530596,1094.8399060717645,40485332190.0
3110.193905,3110.1892747107436,40485332190.0
4428.2614064,4428.258154355614,40485332190.0
4256.8968963,4256.893513358541,40485332190.0
7144.1370291,7144.135013289423,40485332190.0
2128.7399267,2128.7331615674966,40485332190.0
434.48627626,434.45312985431883,40485332190.0
9032.192137,9032.190542530076,40485332190.0
280.60714254,280.55581659404675,40485332190.0
481.93841521,481.9085326445216,40485332190.0
11671.413112,11671.411878050918,40485332190.0
976.2646881,976.2499367475481,40485332190.0
645.72989025,645.7075878020488,40485332190.0
483.18960091,483.1597957219966,40485332190.0
493.64611435,493.6169405509146,40485332190.0
2303.3343842,2303.3281318429545,40485332190.0
1485.8178808,1485.808188404214,40485332190.0
4940.3233822,4940.320467182901,40485332190.0
3840.439926,3840.43617609677,40485332190.0
1243.1186428,1243.1070580788557,40485332190.0
4833.8363484,4833.833369136005,40485332190.0
1164.6618866,1164.6495215313903,40485332190.0
9496.3343651,9496.332848618666,40485332190.0
4892.3364407,4892.333497096977,40485332190.0
3916.4508983,3916.447221176189,40485332190.0
1219.5848656,1219.573057360624,40485332190.0
1006.6038401,1006.5895334070319,40485332190.0
874.92147363,874.9050135865338,40485332190.0
256.62577155,256.5696482472843,40485332190.0
1384.4132937,1384.4028913076268,40485332190.0
1279.4933366,1279.4820811704371,40485332190.0
6922.4114641,6922.40938378327,40485332190.0
3879.3769206,3879.373208390241,40485332190.0
2434.1711889,2434.1652726805596,40485332190.0
8311.4926863,8311.490953584791,40485332190.0
2565.793472,2565.7878592580705,40485332190.0
515.21500984,515.1870574313,40485332190.0
1355.0199879,1355.0093598534006,40485332190.0
1255.6693453,1255.6578763820796,40485332190.0
3868.3524744,3868.3487515583647,40485332190.0
1048.7532905,1048.7395588408906,40485332190.0
899.51799401,899.501984058065,40485332190.0
4695.7261224,4695.723055532998,40485332190.0
2214.8320072,2214.8255050402895,40485332190.0
1744.214745,1744.2064884566346,40485332190.0
7857.1002468,7857.098413878578,40485332190.0
2714.9711667,2714.965862363409,40485332190.0
1737.207392,1737.199102193502,40485332190.0
513.83366957,513.8056420205603,40485332190.0
2976.0886846,2976.0838456352344,40485332190.0
995.3291365,995.3146676977946,40485332190.0
264.3010755,264.24658235995855,40485332190.0
11331.261969,11331.260697850686,40485332190.0
1242.7675328,1242.7559447270253,40485332190.0
520.47381527,520.4461453077789,40485332190.0
3149.4894503,3149.484877850864,40485332190.0
691.23550712,691.2146729396841,40485332190.0
852.51271547,852.4958227503685,40485332190.0
373.25015896,373.2115739682107,40485332190.0
2806.1189493,2806.113817198733,40485332190.0
7213.0465731,7213.0445765641,40485332190.0
1617.0102194,1617.0013133999573,40485332190.0
3242.7126941,3242.7082529790046,40485332190.0
268.13545115,268.0817374379151,40485332190.0
600.04534293,600.021342416647,40485332190.0
1537.3988036,1537.3894364216972,40485332190.0
2308.9239978,2308.917760624325,40485332190.0
5764.723797,5764.721298862876,40485332190.0
1146.0819386,1146.0693729537777,40485332190.0
4137.5047917,4137.501311087036,40485332190.0
9298.0879281,9298.08637926925,40485332190.0
940.93133071,940.9160254107487,40485332190.0
925.98592663,925.9703743048194,40485332190.0
1579.3908891,1579.3817708722747,40485332190.0
884.92169021,884.9054161733919,40485332190.0
2105.8149907,2105.808151950084,40485332190.0
1168.860346,1168.8480253293317,40485332190.0
593.92995084,593.9057031937615,40485332190.0
891.60488265,891.5887306025007,40485332190.0
562.521485,562.4958834212661,40485332190.0
2675.7258433,2675.720461182238,40485332190.0
4309.286137,4309.2827951788195,40485332190.0
1364.1628341,1364.1522773878999,40485332190.0
2646.952572,2646.947131320537,40485332190.0
174.66134867,174.57887757823931,40485332190.0
218.23573142,218.1697326559388,40485332190.0
2009.066115,2009.0589469437798,40485332190.0
1209.0043857,1208.9924741010864,40485332190.0
1820.3157443,1820.30783294685,40485332190.0
362.92387765,362.8841946773082,40485332190.0
4714.8871579,4714.884103414258,40485332190.0
2144.3416723,2144.334956470472,40485332190.0
3792.3677682,3792.3639708545807,40485332190.0
1109.4073062,1109.3943251433273,40485332190.0
8034.7399674,8034.738175015288,40485332190.0
1676.7950214,1676.7864329321462,40485332190.0
2587.3551555,2587.349589560689,40485332190.0
3029.3047939,3029.3000399106395,40485332190.0
3112.06088,3112.0562524951133,40485332190.0
1420.4113335,1420.4011947995464,40485332190.0
744.57459836,744.5552567131707,40485332190.0
1041.9000406,1041.8862185610044,40485332190.0
18377.347724,18377.346939673047,40485332190.0
265.05063451,264.9962955175545,40485332190.0
16198.82626,16198.825370936562,40485332190.0
485.99686682,485.967233815524,40485332190.0
473.92695973,473.8965719875715,40485332190.0
650.71598569,650.6938541370016,40485332190.0
2238.8164098,2238.8099773164054,40485332190.0
307.57646579,307.5296409957948,40485332190.0
785.39730555,785.3789692553923,40485332190.0
1072.3564958,1072.3430663084412,40485332190.0
5854.2103133,5854.207853288718,40485332190.0
951.73526161,951.7201300663972,40485332190.0
1279.9475388,1279.936287428349,40485332190.0
442.67289577,442.640362399628,40485332190.0
718.86391874,718.8438853003869,40485332190.0
908.77662079,908.7607739555236,40485332190.0
4437.851146,4437.847900903166,40485332190.0
1370.804915,1370.7944092872647,40485332190.0
4717.5476049,4717.5445522523605,40485332190.0
2739.1051244,2739.099866763172,40485332190.0
729.93550715,729.9157775963411,40485332190.0
287.76014046,287.7100905667985,40485332190.0
1114.9710129,1114.9580966741976,40485332190.0
1314.473657,1314.4627011686148,40485332190.0
1421.9840098,1421.9738823225002,40485332190.0
1229.4619431,1229.4502297063214,40485332190.0
2461.2271277,2461.2212765973777,40485332190.0
337.96758011,337.92496650714025,40485332190.0
815.32067781,815.3030144967455,40485332190.0
703.12232256,703.1018406032609,40485332190.0
1659.9820774,1659.9734019914533,40485332190.0
1269.5494856,1269.5381420205606,40485332190.0
474.30503441,474.27467088994945,40485332190.0
525.18540607,525.1579843538856,40485332190.0
2073.6761113,2073.6691665098224,40485332190.0
447.45484301,447.42265734758,40485332190.0
1346.7312417,1346.720548339899,40485332190.0
840.30768299,840.2905449215689,40485332190.0
1961.2025769,1961.1952338990754,40485332190.0
354.4111608,354.3705245640429,40485332190.0
2959.9516623,2959.9467969476036,40485332190.0
1704.1281034,1704.1196526734332,40485332190.0
2629.9694064,2629.96393061443,40485332190.0
2883.5890526,2883.5840583952504,40485332190.0
820.34296603,820.3254108535782,40485332190.0
975.95026181,975.9355057125297,40485332190.0
2341.8960224,2341.889873045644,40485332190.0
2045.8055766,2045.7985372724318,40485332190.0
638.55343265,638.5308795416971,40485332190.0
543.07996536,543.0534472378682,40485332190.0
2316.638942,2316.632725569874,40485332190.0
711.28180704,711.2615600454021,40485332190.0
2845.5709519,2845.5658909385425,40485332190.0
2228.2997037,2228.2932408196884,40485332190.0
1550.9873703,1550.9780851606145,40485332190.0
3477.4001987,3477.396057365087,40485332190.0
483.74059217,483.71082093972154,40485332190.0
7049.7307272,7049.728684465843,40485332190.0
1888.4160581,1888.4084320996685,40485332190.0
1342.8045669,1342.7938422018024,40485332190.0
239.58285278,239.5227361407979,40485332190.0
951.71439914,951.6992672631652,40485332190.0
3543.0958159,3543.0917513245836,40485332190.0
599.01993832,598.9958967092399,40485332190.0
2297.7392974,2297.73302990698,40485332190.0
2841.5048147,2841.499746614029,40485332190.0
2235.6040969,2235.5976551777317,40485332190.0
7681.274986,7681.273111082628,40485332190.0
1582.6368126,1582.6277131240824,40485332190.0
1883.6351592,1883.627513870101,40485332190.0
1371.7480107,1371.737512238975,40485332190.0
4048.0202912,4048.0167336154173,40485332190.0
1093.5832544,1093.5700855347197,40485332190.0
3550.9119211,3550.907865480802,40485332190.0
1832.5192797,1832.5114210631734,40485332190.0
3305.8651626,3305.860806380512,40485332190.0
590.99860086,590.9742329427337,40485332190.0
841.82516598,841.8080587962761,40485332190.0
5742.9348654,5742.932357797754,40485332190.0
1301.3907664,1301.3797004247754,40485332190.0
1470.6944489,1470.6846567944067,40485332190.0
3342.9030141,3342.89870616445,40485332190.0
10155.917604,10155.916185413387,40485332190.0
1091.7686407,1091.7554499718908,40485332190.0
5898.2237092,5898.221267613802,40485332190.0
2626.5160782,2626.5105952813738,40485332190.0
449.80664589,449.7746285273267,40485332190.0
3793.8509005,3793.847104514129,40485332190.0
1056.4130201,1056.399387907239,40485332190.0
2137.0218167,2137.0150777870736,40485332190.0
635.76094808,635.7382958993165,40485332190.0
2357.1149494,2357.1088398023658,40485332190.0
1202.3081558,1202.2961778978733,40485332190.0
1175.9579441,1175.9456977546831,40485332190.0
1735.896515,1735.888218893048,40485332190.0
1266.9943277,1266.9829613015634,40485332190.0
1544.4868557,1544.4775315123325,40485332190.0
8972.4967054,8972.495100359716,40485332190.0
3196.6243274,3196.6198223170563,40485332190.0
3743.8964453,3743.892598736707,40485332190.0
2083.3289386,2083.322026084353,40485332190.0
716.92018852,716.900100774638,40485332190.0
473.59305684,473.5626476657522,40485332190.0
1679.6564268,1679.6478529315466,40485332190.0
1784.1486359,1784.1405642093405,40485332190.0
1190.8063848,1190.7942911848443,40485332190.0
170.0333386,169.94862169490085,40485332190.0
460.65876808,460.62750502887127,40485332190.0
1128.6618721,1128.6491125882937,40485332190.0
3781.1882429,3781.1844342988175,40485332190.0
343.67882114,343.636915769411,40485332190.0
2418.065488,2418.0595323431608,40485332190.0
6171.3991321,6171.3967986176285,40485332190.0
2642.7988486,2642.7933994458326,40485332190.0
1627.7240786,1627.7152312341955,40485332190.0
1083.6721275,1083.658838300611,40485332190.0
1078.2026735,1078.1893168061792,40485332190.0
810.60744419,810.5896781703145,40485332190.0
14069.00982,14069.008796794209,40485332190.0
2752.3176152,2752.312382801869,40485332190.0
2029.3467603,2029.339663833778,40485332190.0
763.42148037,763.4026162259918,40485332190.0
1169.2988421,1169.286526045125,40485332190.0
2353.9729113,2353.9667935437533,40485332190.0
1104.7684044,1104.7553689281003,40485332190.0
2234.8856999,2234.879256165504,40485332190.0
7905.0340253,7905.032203509684,40485332190.0
1265.8888405,1265.877464119055,40485332190.0
7958.7706302,7958.76882069526,40485332190.0
3291.7523182,3291.747943235517,40485332190.0
901.35327106,901.3372937109262,40485332190.0
1153.936801,1153.9243209497497,40485332190.0
563.19085653,563.1652853740004,40485332190.0
3221.5375905,3221.5331202839398,40485332190.0
1595.5080096,1595.4989835563833,40485332190.0
372.63979533,372.6011471326551,40485332190.0
407.00221345,406.96682853349967,40485332190.0
528.78536436,528.7581293355348,40485332190.0
334.02171075,333.9785936703975,40485332190.0
13863.945115,13863.944076564736,40485332190.0
1704.984441,1704.9759945111064,40485332190.0
3094.5114676,3094.5068139032383,40485332190.0
580.51425813,580.4894500862971,40485332190.0
1238.2122087,1238.2005780949708,40485332190.0
421.3595125,421.3253333844217,40485332190.0
2519.9797046,2519.9739898086023,40485332190.0
3024.6130956,3024.6083343465516,40485332190.0
1757.4104463,1757.4022517165986,40485332190.0
2280.9151055,2280.9087917305023,40485332190.0
3646.6986215,3646.694672372396,40485332190.0
753.6866155,753.6675077007892,40485332190.0
1597.3261865,1597.3171707749525,40485332190.0
2105.7350793,2105.7282402947817,40485332190.0
1917.8787355,1917.871226654163,40485332190.0
1291.7655029,1291.7543544505659,40485332190.0
1129.0720377,1129.0592827785324,40485332190.0
4003.4807162,4003.477119066086,40485332190.0
1569.9753602,1569.966187364865,40485332190.0
2380.9588851,2380.9528366296017,40485332190.0
620.9964102,620.973219443369,40485332190.0
6975.9032968,6975.901232416456,40485332190.0
1525.1742715,1525.1648291987954,40485332190.0
2775.349852,2775.3446631327697,40485332190.0
2749.2895101,2749.284271990366,40485332190.0
952.83056623,952.815452075719,40485332190.0
8874.1367828,8874.135159979234,40485332190.0
2236.9533172,2236.9468793381525,40485332190.0
1591.6840101,1591.6749623010915,40485332190.0
2625.2100518,2625.2045661367083,40485332190.0
852.78931652,852.772429285698,40485332190.0
6807.249451,6807.247335458647,40485332190.0
2556.8235847,2556.817952202735,40485332190.0
669.48073956,669.4592283454623,40485332190.0
1112.3458148,1112.33286809621,40485332190.0
551.13829024,551.1121598589041,40485332190.0
1049.6986684,1049.6849490702766,40485332190.0
2160.3455114,2160.338845330017,40485332190.0
1188.0849023,1188.0727809191735,40485332190.0
1289.5722659,1289.561098529007,40485332190.0
1085.3365662,1085.3232973097176,40485332190.0
230.56749969,230.505031823822,40485332190.0
9457.5915596,9457.590036957708,40485332190.0
548.07009559,548.0438189266149,40485332190.0
2106.2018911,2106.195053588314,40485332190.0
6734.6777872,6734.675648794587,40485332190.0
3007.5885709,3007.5837826544366,40485332190.0
1034.4606277,1034.446706213229,40485332190.0
967.91817475,967.903296199586,40485332190.0
1023.4176667,1023.4035950027854,40485332190.0
1368.6204729,1368.60995052465,40485332190.0
829.32338946,829.3060243874215,40485332190.0
960.65582079,960.6408297563613,40485332190.0
3962.6745433,3962.6709091281905,40485332190.0
1197.3139012,1197.301873346733,40485332190.0
2722.8835628,2722.878273940415,40485332190.0
1344.3545909,1344.3438785774954,40485332190.0
2984.7149469,2984.710121967174,40485332190.0
1202.6273218,1202.6153470084819,40485332190.0
510.18977946,510.16155170927607,40485332190.0
2848.9374853,2848.9324304281854,40485332190.0
3170.5130554,3170.5085132337963,40485332190.0
1288.9991231,1288.9879507003386,40485332190.0
2789.4071697,2789.4020069616813,40485332190.0
491.55979814,491.5305005100135,40485332190.0
2119.9164702,2119.909676976676,40485332190.0
8415.0298094,8415.028098071052,40485332190.0
923.28837498,923.2727772183706,40485332190.0
452.06038233,452.0285246028402,40485332190.0
8450.9306134,8450.928909329621,40485332190.0
793.03764442,793.0194847755452,40485332190.0
1192.9449516,1192.9328796060297,40485332190.0
2142.5624801,2142.5557586199197,40485332190.0
2052.3624474,2052.3554305524326,40485332190.0
1106.4106655,1106.3976494065114,40485332190.0
2708.9912775,2708.985961509965,40485332190.0
3358.5468435,3358.5425555860966,40485332190.0
636.67725474,636.654635165401,40485332190.0
8356.9339453,8356.932222103507,40485332190.0
844.63903562,844.6219854233037,40485332190.0
1851.2826493,1851.2748703217328,40485332190.0
1934.710463,1934.7030194064819,40485332190.0
5787.1397327,5787.13724418888,40485332190.0
3591.3734469,3591.3694370463345,40485332190.0
4780.8057942,4780.802781896266,40485332190.0
539.05948733,539.0327714162333,40485332190.0
2259.1437392,2259.137364633473,40485332190.0
3384.8483061,3384.8440515151847,40485332190.0
605.47607571,605.4522904731011,40485332190.0
2264.8083544,2264.801995788402,40485332190.0
1024.0433057,1024.0292425896005,40485332190.0
1280.2582824,1280.2470337594539,40485332190.0
541.85287299,541.826294806532,40485332190.0
2672.2196209,2672.2142317343114,40485332190.0
683.71903374,683.69797050445,40485332190.0
1512.1442295,1512.1347058275956,40485332190.0
1299.2659264,1299.2548423285211,40485332190.0
1651.5823229,1651.573603238742,40485332190.0
994.52432328,994.5098427719591,40485332190.0
893.84721157,893.831100046629,40485332190.0
1996.7755798,1996.7683676482836,40485332190.0
1629.6935075,1629.6846707865805,40485332190.0
836.42519236,836.4079747369434,40485332190.0
5033.5799629,5033.577101818005,40485332190.0
1491.7256073,1491.7159532625774,40485332190.0
1090.2505721,1090.2373630610907,40485332190.0
1706.9327546,1706.9243178258364,40485332190.0
14552.185468,14552.184478551619,40485332190.0
925.31372857,925.2981649483197,40485332190.0
8552.1895996,8552.18791567179,40485332190.0
1038.8103143,1038.7964510865995,40485332190.0
14226.541138,14226.540125935475,40485332190.0
3009.8039647,3009.799180019664,40485332190.0
1939.8069402,1939.7995161658525,40485332190.0
2648.9205957,2648.915159034783,40485332190.0
3913.3744169,3913.370736914252,40485332190.0
1377.4283244,1377.4178693007864,40485332190.0
1368.5198869,1368.5093637086538,40485332190.0
2693.3962227,2693.390875782174,40485332190.0
167.76086209,167.67499702298852,40485332190.0
13559.51608,13559.515017641159,40485332190.0
362.71436903,362.67466313303714,40485332190.0
601.82581637,601.8018868630089,40485332190.0
994.51093735,994.4964566492188,40485332190.0
1645.4530088,1645.4442567090946,40485332190.0
2000.4843437,2000.4771449046934,40485332190.0
1127.3575201,1127.3447457518023,40485332190.0
388.99873038,388.96170764892724,40485332190.0
4552.3792897,4552.376126237871,40485332190.0
2516.7618461,2516.756123979379,40485332190.0
1180.4203023,1180.4081022649948,40485332190.0
6842.888705,6842.886600419379,40485332190.0
3052.4590824,3052.4543644631835,40485332190.0
444.88874607,444.85637475298057,40485332190.0
8707.1653536,8707.163699698784,40485332190.0
3179.0031004,3178.998570297919,40485332190.0
2264.5654774,2264.559118045503,40485332190.0
1671.732378,1671.7237634981177,40485332190.0
10093.677752,10093.676325564478,40485332190.0
904.95416262,904.9382488463095,40485332190.0
1292.0616922,1292.0505462608942,40485332190.0
2709.8813592,2709.8760449320644,40485332190.0
1651.4443645,1651.4356440780664,40485332190.0
7320.2957702,7320.29380294433,40485332190.0
2991.3833416,2991.3785274721067,40485332190.0
3124.2274897,3124.2228802471095,40485332190.0
3834.0599661,3834.0562099724925,40485332190.0
6630.3783459,6630.376173848737,40485332190.0
2892.3215372,2892.3165580933605,40485332190.0
1412.3216006,1412.3114038179644,40485332190.0
543.46592942,543.4394301342246,40485332190.0
1008.4665493,1008.452268976631,40485332190.0
1975.8466555,1975.8393669306795,40485332190.0
458.32219065,458.29076820546373,40485332190.0
1241.4046355,1241.3930347183364,40485332190.0
202.74769189,202.67664973559002,40485332190.0
2547.4243385,2547.4186852282724,40485332190.0
2548.3315994,2548.3259482147755,40485332190.0
2977.5952509,2977.590414356978,40485332190.0
1350.4813018,1350.4706380263226,40485332190.0
2305.4893149,2305.4830684527637,40485332190.0
9456.3425987,9456.341075813503,40485332190.0
11905.216444,11905.215234338717,40485332190.0
2861.5958031,2861.590770581051,40485332190.0
766.63520725,766.616422190031,40485332190.0
418.36390548,418.3294816088533,40485332190.0
702.50476413,702.4842641638064,40485332190.0
1146.2885691,1146.2760057828393,40485332190.0
2613.9206114,2613.915101969349,40485332190.0
1786.1069358,1786.0988728871675,40485332190.0
2246.4309027,2246.424492093283,40485332190.0
584.35730275,584.3326578649933,40485332190.0
445.57831999,445.5459987746296,40485332190.0
4636.3942408,4636.391134685201,40485332190.0
560.39946529,560.3737667649525,40485332190.0
2868.9628601,2868.9578404762333,40485332190.0
3106.6993496,3106.6947140770744,40485332190.0
1609.785779,1609.7768329790756,40485332190.0
1594.7769254,1594.7678951203325,40485332190.0
1671.7503495,1671.7417350688831,40485332190.0
1513.207279,1513.197761984354,40485332190.0
1127.8732236,1127.860455101671,40485332190.0
5953.5292733,5953.526854381306,40485332190.0
1256.5492903,1256.537829356073,40485332190.0
6569.2009793,6569.198787070047,40485332190.0
1189.2601847,1189.2480753651505,40485332190.0
25082.417933,25082.41735893899,40485332190.0
3525.1864409,3525.182355723431,40485332190.0
328.39074135,328.3468848439302,40485332190.0
1246.2099994,1246.198443453548,40485332190.0
1430.32464,1430.3145715356259,40485332190.0
765.87924797,765.8604443719336,40485332190.0
746.91934429,746.9000633658231,40485332190.0
2724.9635039,2724.958218988515,40485332190.0
1828.3373074,1828.3294307598999,40485332190.0
766.42473711,766.405946900535,40485332190.0
663.63784074,663.6161401325235,40485332190.0
686.47958477,686.4586062494137,40485332190.0
1937.4051441,1937.397710970942,40485332190.0
1335.6689073,1335.6581252616074,40485332190.0
2144.5066657,2144.499950396805,40485332190.0
5968.8834606,5968.881047880964,40485332190.0
1648.6351485,1648.6264133290174,40485332190.0
1114.3626602,1114.349736974922,40485332190.0
1021.3803937,1021.3662938797122,40485332190.0
3144.7009965,3144.6964169862795,40485332190.0
926.19050362,926.1749547341428,40485332190.0
814.79878041,814.781105779128,40485332190.0
825.81803149,825.8005927058088,40485332190.0
1092.1358505,1092.1226641717342,40485332190.0
1410.290591,1410.2803795232105,40485332190.0
1435.4850785,1435.475046246112,40485332190.0
468.9869313,468.9562234450209,40485332190.0
4002.5922468,4002.5886487942603,40485332190.0
7933.8448297,7933.8430146272585,40485332190.0
2349.7751612,2349.769032518344,40485332190.0
1035.3391676,1035.325258005687,40485332190.0
1428.5601828,1428.5501019327414,40485332190.0
1464.6959817,1464.6861495333528,40485332190.0
14726.017671,14726.01669342445,40485332190.0
440.98710852,440.9544507769646,40485332190.0
145.32968527,145.23055877719165,40485332190.0
1273.5899603,1273.5786527647417,40485332190.0
929.88639968,929.8709125918323,40485332190.0
2814.1696359,2814.1645185627804,40485332190.0
1819.4303857,1819.4224705048757,40485332190.0
935.04435909,935.0289574310564,40485332190.0
4111.3262903,4111.322787556388,40485332190.0
517.51556056,517.487732410801,40485332190.0
4000.0879731,4000.0843729243243,40485332190.0
2424.0677953,2424.061854365874,40485332190.0
4886.9682715,4886.965324603001,40485332190.0
321.35620648,321.3113898072557,40485332190.0
1258.4030837,1258.3916397138034,40485332190.0
593.96507562,593.9408294010266,40485332190.0
1675.1669996,1675.1584027706756,40485332190.0
2648.4110996,2648.405661959514,40485332190.0
718.7635761,718.7435398760375,40485332190.0
1966.7976894,1966.7903672631976,40485332190.0
2303.7272294,2303.7209782328305,40485332190.0
1163.5122415,1163.4998641659856,40485332190.0
2163.0701063,2163.063448593142,40485332190.0
2864.8262366,2864.821209735383,40485332190.0
1010.20701,1010.192754226681,40485332190.0
771.26385716,771.2451848385621,40485332190.0
1395.5700215,1395.559702318732,40485332190.0
11736.331518,11736.330290648284,40485332190.0
1170.6600898,1170.6477880198174,40485332190.0
9315.7170319,9315.715486042287,40485332190.0
1330.4237901,1330.4129656023513,40485332190.0
4288.8736586,4288.870300830394,40485332190.0
948.67657326,948.6613929193472,40485332190.0
3987.5018299,3987.4982182830067,40485332190.0
635.11409514,635.0914198959318,40485332190.0
3357.406644,3357.4023546772846,40485332190.0
561.43235582,561.4067045743559,40485332190.0
1797.4767384,1797.4687265410869,40485332190.0
590.4221103,590.397718587864,40485332190.0
1771.1470438,1771.1389128703656,40485332190.0
775.48183483,775.4632640765457,40485332190.0
6257.9254605,6257.923159262279,40485332190.0
4127.9356245,4127.932135795819,40485332190.0
1035.0636795,1035.0497661126642,40485332190.0
175.30516478,175.2229967148406,40485332190.0
3021.7399588,3021.7351930334958,40485332190.0
2838.3248507,2838.3197768525247,40485332190.0
1667.983586,1667.974952204803,40485332190.0
1115.7499293,1115.737022043601,40485332190.0
828.12407631,828.1066860911377,40485332190.0
1190.2580393,1190.245940166411,40485332190.0
132.49358815,132.38485065296956,40485332190.0
665.35550662,665.3338620365452,40485332190.0
884.15742747,884.1411393699333,40485332190.0
1592.5492166,1592.5401737107643,40485332190.0
5008.3591301,5008.356254721197,40485332190.0
994.27651381,994.2620296914083,40485332190.0
354.19269302,354.1520317135574,40485332190.0
2591.486394,2591.480836952154,40485332190.0
748.76665684,748.7474234835714,40485332190.0
413.13237631,413.097516487902,40485332190.0
2669.9577094,2669.9523156089704,40485332190.0
2724.0417555,2724.036468871227,40485332190.0
3562.505194,3562.501151682141,40485332190.0
1429.142462,1429.1323853099436,40485332190.0
1094.2905979,1094.2774375945469,40485332190.0
1510.3757901,1510.3662552884177,40485332190.0
3225.5643609,3225.559896228871,40485332190.0
1904.7787077,1904.771147246982,40485332190.0
2284.5194095,2284.51310568342,40485332190.0
5969.6572314,5969.654819082006,40485332190.0
2182.260249,2182.2536498015993,40485332190.0
16266.030452,16266.02956690199,40485332190.0
1426.0608554,1426.0507567591103,40485332190.0
1133.273181,1133.2604734344764,40485332190.0
3126.1760306,3126.171423941763,40485332190.0
1695.2691152,1695.260620284011,40485332190.0
1083.2651731,1083.2518788195637,40485332190.0
1504.5479047,1504.5383329235412,40485332190.0
1148.4054474,1148.3929072766277,40485332190.0
1574.3413287,1574.3321813506905,40485332190.0
1028.7181304,1028.7041312222016,40485332190.0
1094.0369096,1094.0237461964807,40485332190.0
1268.3124136,1268.3010590345214,40485332190.0
2008.749609,2008.742439840227,40485332190.0
211.49597174,211.4278691301903,40485332190.0
601.99073451,601.96681155474,40485332190.0
610.2980142,610.2744168980971,40485332190.0
2057.6091788,2057.602179789034,40485332190.0
758.11193694,758.0929406816934,40485332190.0
4413.6651915,4413.661928640163,40485332190.0
7924.9461988,7924.944381651586,40485332190.0
5036.802255,5036.7993957684375,40485332190.0
826.53627607,826.5188524426363,40485332190.0
1192.4046673,1192.3925899195322,40485332190.0
2322.9500999,2322.943900394765,40485332190.0
7705.9069052,7705.905036381317,40485332190.0
1458.293817,1458.2839416368076,40485332190.0
363.70475964,363.6651618773139,40485332190.0
2323.1648363,2323.1586373470127,40485332190.0
3043.2704093,3043.2656771174557,40485332190.0
474.31236841,474.2820053553728,40485332190.0
3185.3564987,3185.3519776769394,40485332190.0
596.50377768,596.4796346694851,40485332190.0
433.71683761,433.683632389818,40485332190.0
1494.5512284,1494.5415925429559,40485332190.0
820.24162021,820.2240628690485,40485332190.0
1109.4434288,1109.43044830651,40485332190.0
2209.1371499,2209.130631007452,40485332190.0
1054.3983741,1054.3847158634562,40485332190.0
7562.4220559,7562.420151546715,40485332190.0
1361.2074261,1361.1968464024678,40485332190.0
520.76370298,520.7360484199143,40485332190.0
854.39579874,854.3789432618302,40485332190.0
3518.1544241,3518.150330708003,40485332190.0
1085.2010193,1085.1877486742685,40485332190.0
931.17172534,931.1562596398077,40485332190.0
1459.3547097,1459.3448415118053,40485332190.0
2021.8589346,2021.8518118590996,40485332190.0
4580.0012154,4579.998071125111,40485332190.0
1653.8639388,1653.8552311791905,40485332190.0
2512.607066,2512.601334496607,40485332190.0
1219.7002421,1219.6884349160605,40485332190.0
1814.8207907,1814.812855449255,40485332190.0
1351.7890171,1351.7783636163574,40485332190.0
1574.7753787,1574.7662338135879,40485332190.0
608.26929302,608.2456170147678,40485332190.0
15997.985017,15997.98411643452,40485332190.0
1514.0327926,1514.0232808216247,40485332190.0
875.04699085,875.0305331598852,40485332190.0
11315.208135,11315.206861912495,40485332190.0
2999.434222,2999.429420658412,40485332190.0
829.58580388,829.5684442998862,40485332190.0
2644.4070926,2644.4016467555357,40485332190.0
725.61338733,725.5935402510854,40485332190.0
3154.9758244,3154.971259826941,40485332190.0
3824.1447174,3824.140951558876,40485332190.0
640.74144572,640.7189696307217,40485332190.0
1621.5400632,1621.5311819976905,40485332190.0
6070.2686228,6070.266250412688,40485332190.0
9719.8936361,9719.892154507634,40485332190.0
361.34565597,361.30579965853536,40485332190.0
2925.1392409,2925.1343176374276,40485332190.0
1482.295402,1482.2856865495658,40485332190.0
7616.4314987,7616.429607921524,40485332190.0
9573.1576912,9573.156186875169,40485332190.0
2172.8812755,2172.8746478114567,40485332190.0
218.76785371,218.70201552639082,40485332190.0
1253.2922488,1253.2807581236616,40485332190.0
574.68415817,574.6590984508312,40485332190.0
4415.4001856,4415.396924018423,40485332190.0
185.34976326,185.27205002549414,40485332190.0
377.51076854,377.4726190594822,40485332190.0
4051.0142114,4051.0106564864827,40485332190.0
4259.3598153,4259.3564343107755,40485332190.0
743.95505603,743.9356982804131,40485332190.0
428.20379524,428.1701624857445,40485332190.0
371.24283133,371.2040376865733,40485332190.0
1457.596642,1457.5867619522637,40485332190.0
498.74037649,498.71150068320367,40485332190.0
801.11314872,801.095172140114,40485332190.0
129.91870134,129.80780691931497,40485332190.0
1991.1247051,1991.1174724274454,40485332190.0
12901.633786,12901.632669560186,40485332190.0
438.85444239,438.821625934389,40485332190.0
1250.6264405,1250.6149253261065,40485332190.0
434.94673552,434.9136242048365,40485332190.0
2246.95878,2246.952370842997,40485332190.0
436.91718622,436.8842242429611,40485332190.0
521.91539971,521.887806168513,40485332190.0
288.57662256,288.52671430573355,40485332190.0
5221.4754959,5221.472737881497,40485332190.0
6211.0785692,6211.0762505266575,40485332190.0
10147.005152,10147.003733267502,40485332190.0
383.2156466,383.1780651044428,40485332190.0
2011.1662764,2011.159115751429,40485332190.0
424.72688039,424.69297228294573,40485332190.0
4973.2490127,4973.246116997565,40485332190.0
1704.7000494,1704.691601486898,40485332190.0
2779.505707,2779.500525774343,40485332190.0
923.27879181,923.2631938854994,40485332190.0
629.4280527,629.4051726023699,40485332190.0
2521.9075967,2521.9018863180704,40485332190.0
3513.5550458,3513.550947063255,40485332190.0
1345.329805,1345.3191003994611,40485332190.0
1484.5110458,1484.5013448845766,40485332190.0
922.84763236,922.8320271430416,40485332190.0
4739.2432679,4739.240229240132,40485332190.0
2875.1351552,2875.1301463677796,40485332190.0
10584.022197,10584.020835986492,40485332190.0
2241.0272661,2241.020840002336,40485332190.0
745.99033551,745.971030569078,40485332190.0
1076.3999115,1076.386532496934,40485332190.0
1124.4620849,1124.4492777529595,40485332190.0
736.99057609,736.9710354043664,40485332190.0
781.45928347,781.4408547702473,40485332190.0
4251.1202877,4251.116900097175,40485332190.0
1617.0622416,1617.053335874187,40485332190.0
1452.9324302,1452.9225183581002,40485332190.0
1066.5468916,1066.5333889521212,40485332190.0
418.42828987,418.39387130318784,40485332190.0
1934.033261,1934.0258148926637,40485332190.0
5093.4565134,5093.453686016061,40485332190.0
1241.6760748,1241.6644765746846,40485332190.0
1604.0079879,1603.9990096179085,40485332190.0
3871.2116573,3871.2079372044814,40485332190.0
1708.6231885,1708.6147600459897,40485332190.0
2523.68827,2523.682563582806,40485332190.0
745.32002813,745.3007058246951,40485332190.0
936.73018643,936.7148124959895,40485332190.0
1434.5451882,1434.535149363282,40485332190.0
108.97420206,108.84197027422162,40485332190.0
557.0827919,557.0569403724687,40485332190.0
995.14448989,995.1300184097233,40485332190.0
1478.8136448,1478.8039065251312,40485332190.0
805.77939595,805.761523470651,40485332190.0
651.44797734,651.4258706544987,40485332190.0
1139.080483,1139.0678401655186,40485332190.0
918.66253481,918.646858506478,40485332190.0
352.55806906,352.5172192053404,40485332190.0
5805.835722,5805.833241471935,40485332190.0
939.01232738,938.9969908087174,40485332190.0
2187.5512473,2187.5446640374034,40485332190.0
4569.4748983,4569.471746668596,40485332190.0
3904.9864934,3904.9828055960043,40485332190.0
4408.5192573,4408.5159906058125,40485332190.0
741.16566058,741.1462299757288,40485332190.0
1173.4597258,1173.4474534221833,40485332190.0
1494.7856435,1494.7760092720569,40485332190.0
2150.6888895,2150.6821934503396,40485332190.0
2937.3196086,2937.3147057837527,40485332190.0
1783.2732913,1783.2652157106781,40485332190.0
4950.7187818,4950.715872955886,40485332190.0
793.08958224,793.0714237992564,40485332190.0
3104.6150897,3104.6104511108124,40485332190.0
1043.9866126,1043.972818228041,40485332190.0
2560.0837607,2560.078135435335,40485332190.0
902.50920088,902.4932439992799,40485332190.0
4827.514729,4827.511745880555,40485332190.0
2215.449877,2215.44337658685,40485332190.0
521.46422354,521.4366061261043,40485332190.0
160.53396798,160.44423534904365,40485332190.0
811.30127761,811.2835267818014,40485332190.0
5976.4510581,5976.448648479013,40485332190.0
432.16692209,432.1335977737816,40485332190.0
8165.2589437,8165.257180041631,40485332190.0
1539.6283809,1539.61902716553,40485332190.0
3660.2087359,3660.204801437597,40485332190.0
20730.374969,20730.374275160073,40485332190.0
3847.6924685,3847.688725696349,40485332190.0
388.53730203,388.5002353295022,40485332190.0
286.45582523,286.4055474041196,40485332190.0
2886.8448696,2886.8398810184854,40485332190.0
610.80015593,610.776578023355,40485332190.0
1099.2885262,1099.2754256964495,40485332190.0
1160.8657395,1160.8533339528542,40485332190.0
1091.1281944,1091.11499601105,40485332190.0
753.98430015,753.9651998935088,40485332190.0
1609.2882681,1609.2793192835543,40485332190.0
2733.198244,2733.192975039856,40485332190.0
5883.4801357,5883.4776879607825,40485332190.0
473.22552374,473.1950909417788,40485332190.0
870.34295673,870.326410100768,40485332190.0
1173.5984263,1173.5861554122205,40485332190.0
283.34410215,283.29327208219604,40485332190.0
5865.459467,5865.457011768042,40485332190.0
2416.3632772,2416.357317357373,40485332190.0
5530.3511493,5530.348545281245,40485332190.0
980.34992919,980.3352393152032,40485332190.0
2816.6429334,2816.637820539822,40485332190.0
12024.080267,12024.079069875825,40485332190.0
2573.6016955,2573.596099799954,40485332190.0
557.55741355,557.5315840218341,40485332190.0
2184.824792,2184.8182006099382,40485332190.0
1999.6518739,1999.6446720927356,40485332190.0
3403.1881361,3403.183904417565,40485332190.0
355.99944174,355.9589868237691,40485332190.0
421.82981864,421.795677636905,40485332190.0
6542.1859371,6542.183735833623,40485332190.0
1191.5974257,1191.58534008504,40485332190.0
1025.1179488,1025.1039004406089,40485332190.0
1367.448845,1367.4383136489187,40485332190.0
1366.386033,1366.3754933950117,40485332190.0
580.73893362,580.7141351760819,40485332190.0
3037.6821229,3037.677382004384,40485332190.0
596.14581823,596.1216607209217,40485332190.0
1017.6126082,1017.5984561941484,40485332190.0
2652.4301109,2652.4246815636207,40485332190.0
10144.702345,10144.700926260693,40485332190.0
1820.3814798,1820.3735688137672,40485332190.0
5165.2155436,5165.212755503408,40485332190.0
968.60073658,968.5858685145921,40485332190.0
4103.5850551,4103.581545712008,40485332190.0
876.60310675,876.5866782900401,40485332190.0
11983.342446,11983.341243493353,40485332190.0
315.03563233,314.98991638146197,40485332190.0
3639.8257543,3639.8217977403597,40485332190.0
2938.8898965,2938.88499626554,40485332190.0
3305.2189982,3305.214641032961,40485332190.0
685.09855367,685.0775328534493,40485332190.0
1064.4942054,1064.4806767582727,40485332190.0
1900.5414736,1900.5338962362168,40485332190.0
1460.3171853,1460.307323645141,40485332190.0
5462.9688915,5462.966255379877,40485332190.0
347.74993781,347.70852308998445,40485332190.0
2728.128207,2728.1229282486497,40485332190.0
1183.3547281,1183.3425583100384,40485332190.0
1342.5214341,1342.5107071314621,40485332190.0
1006.1657552,1006.1514423126924,40485332190.0
1674.2601297,1674.2515282037245,40485332190.0
1737.8665019,1737.8582152110625,40485332190.0
2008.5411097,2008.5339397164291,40485332190.0
517.24615951,517.2183168694554,40485332190.0
1723.3020247,1723.2936679336174,40485332190.0
11253.657357,11253.656077958141,40485332190.0
992.89267592,992.8781716206352,40485332190.0
1389.0027481,1388.9923801146053,40485332190.0
2787.7703792,2787.7652134617,40485332190.0
256.83511196,256.77903441939065,40485332190.0
1127.7673879,1127.7546182055137,40485332190.0
1265.0035544,1264.9921701088722,40485332190.0
931.3309163,931.3154532378941,40485332190.0
14578.016534,14578.015546138251,40485332190.0
1798.6682276,1798.6602210595229,40485332190.0
840.16385552,840.1467145044992,40485332190.0
1875.7156204,1875.7079426749272,40485332190.0
1679.4944542,1679.4858794905713,40485332190.0
6989.1141683,6989.11210780352,40485332190.0
3163.8074119,3163.802860071244,40485332190.0
1473.4394395,1473.4296656700944,40485332190.0
9853.2143426,9853.212881018668,40485332190.0
1248.7927588,1248.7812266659657,40485332190.0
2317.6028976,2317.596683821989,40485332190.0
519.95722246,519.9295250036729,40485332190.0
212.81844151,212.75076222636977,40485332190.0
2198.4453748,2198.438824210712,40485332190.0
2751.0269311,2751.0216963282555,40485332190.0
2797.9760362,2797.9708892256267,40485332190.0
785.74164616,785.7233178921159,40485332190.0
15049.836302,15049.835344912715,40485332190.0
4572.0032387,4572.000088850966,40485332190.0
1388.737964,1388.7275939804324,40485332190.0
3804.4388056,3804.4350203312424,40485332190.0
1206.7898328,1206.7778993432055,40485332190.0
1607.3196455,1607.3106857700093,40485332190.0
1745.453643,1745.4453923300453,40485332190.0
295.51722487,295.4684889781787,40485332190.0
1333.705655,1333.6948571367534,40485332190.0
2392.1721988,2392.1661786743352,40485332190.0
1513.4002688,1513.3907530740605,40485332190.0
2262.4527437,2262.446378478126,40485332190.0
3232.9983372,3232.993882748921,40485332190.0
1203.0820593,1203.07008911668,40485332190.0
2462.0478609,2462.042011690815,40485332190.0
749.04063471,749.0214083835361,40485332190.0
7255.5888654,7255.586880548764,40485332190.0
2857.3201106,2857.3150705070125,40485332190.0
622.19081219,622.1676659435773,40485332190.0
1227.9864569,1227.9747293968264,40485332190.0
600.74681821,600.7228457261662,40485332190.0
3896.4711254,3896.467429492704,40485332190.0
1656.6162047,1656.6075115750536,40485332190.0
4860.7966172,4860.793654491422,40485332190.0
636.54379962,636.5211753043259,40485332190.0
521.18533301,521.1577008175003,40485332190.0
845.91266532,845.8956407998688,40485332190.0
426.25006389,426.2162769615538,40485332190.0
2935.9512423,2935.9463371137626,40485332190.0
397.64696594,397.61074847070523,40485332190.0
1208.0380509,1208.026129818552,40485332190.0
5548.8759069,5548.873311560264,40485332190.0
430.30754724,430.2740789202585,40485332190.0
949.69853677,949.6833727789437,40485332190.0
3553.8230591,3553.819006741996,40485332190.0
1331.5171783,1331.5063626830388,40485332190.0
4601.530895,4601.527765390941,40485332190.0
4791.7936848,4791.790679388784,40485332190.0
1000.6063885,1000.5919959661627,40485332190.0
983.66754517,983.6529048403302,40485332190.0
1552.9877718,1552.9784986331904,40485332190.0
911.44934659,911.4335462151216,40485332190.0
2670.3134415,2670.3080485330056,40485332190.0
3991.3154339,3991.3118258602535,40485332190.0
12714.678808,12714.677675316545,40485332190.0
168.93243952,168.84717025539302,40485332190.0
1268.8011096,1268.7897594357955,40485332190.0
2433.4515392,2433.445621190958,40485332190.0
746.27816386,746.2588663726606,40485332190.0
1724.7049476,1724.6965976809952,40485332190.0
1096.7428166,1096.7296857579738,40485332190.0
512.7594769,512.731390617802,40485332190.0
853.75046311,853.7335948866145,40485332190.0
2040.9615607,2040.9545046590154,40485332190.0
556.47227407,556.4463941739659,40485332190.0
16731.244146,16731.243285313845,40485332190.0
2525.9083933,2525.9026920107103,40485332190.0
3604.0599866,3604.0559907928296,40485332190.0
1014.7995984,1014.7854071943817,40485332190.0
1399.8990701,1399.8887828194124,40485332190.0
191.46424625,191.38901581570005,40485332190.0
1353.5751823,1353.5645428975254,40485332190.0
322.48982341,322.44516431053313,40485332190.0
1453.822181,1453.8122753144557,40485332190.0
479.48396761,479.45393206519327,40485332190.0
3654.2915917,3654.2876508914487,40485332190.0
3933.6539683,3933.6503073166195,40485332190.0
544.26728794,544.2408276674746,40485332190.0
5678.746477,5678.743941038825,40485332190.0
475.29289956,475.2625991537865,40485332190.0
1447.417248,1447.407298444152,40485332190.0
1499.6566437,1499.6470408043965,40485332190.0
1509.7952695,1509.7857310025888,40485332190.0
622.87696468,622.8538439311558,40485332190.0
838.05559483,838.0384106968869,40485332190.0
4815.6400962,4815.637105713742,40485332190.0
1222.6826278,1222.6708494250372,40485332190.0
589.00809159,588.9836413137263,40485332190.0
409.6385846,409.60342743632015,40485332190.0
3125.2100088,3125.2054007634165,40485332190.0
506.99098741,506.96258155717885,40485332190.0
765.0375882,765.0187639078491,40485332190.0
1167.9748448,1167.9625147237202,40485332190.0
1428.5147083,1428.5046270202413,40485332190.0
2782.8785476,2782.8733726283217,40485332190.0
534.98335718,534.9564377068647,40485332190.0
987.05628983,987.0416997654671,40485332190.0
930.85802218,930.8425512528481,40485332190.0
12557.38979,12557.388642914784,40485332190.0
4549.1275755,4549.124409788263,40485332190.0
5444.5288014,5444.52615638625,40485332190.0
5090.3709543,5090.3681252129745,40485332190.0
3350.4557769,3350.4514785957485,40485332190.0
1250.4818529,1250.4703364023385,40485332190.0
6780.6559044,6780.653780522641,40485332190.0
2285.4116281,2285.405326831143,40485332190.0
2020.0511302,2020.0440010966774,40485332190.0
325.93757637,325.8933897306182,40485332190.0
583.32087589,583.2961872201155,40485332190.0
1310.6546721,1310.6436843009799,40485332190.0
3569.1034026,3569.0993676757703,40485332190.0
1325.4307276,1325.4198623580012,40485332190.0
765.27166416,765.2528456344313,40485332190.0
3025.7235064,3025.718746832574,40485332190.0
2102.7197222,2102.712873302129,40485332190.0
350.45594806,350.4148531468194,40485332190.0
4390.033758,4390.030477496696,40485332190.0
728.11245027,728.0926713106652,40485332190.0
982.63528604,982.6206303248842,40485332190.0
1310.9560679,1310.945082584958,40485332190.0
3386.4823761,3386.4781236400713,40485332190.0
4424.5224939,4424.519239044894,40485332190.0
733.16361257,733.1439698816305,40485332190.0
3651.019874,3651.015929562307,40485332190.0
311.69882479,311.65261935927816,40485332190.0
922.68142253,922.6658145072302,40485332190.0
728.22862813,728.2088523182183,40485332190.0
1945.3086376,1945.3012345791108,40485332190.0
962.69719344,962.682234196948,40485332190.0
2187.5667913,2187.560208079219,40485332190.0
5748.8274142,5748.824909108344,40485332190.0
649.10743135,649.0852449442788,40485332190.0
1670.202961,1670.1943386172372,40485332190.0
2617.7941597,2617.788658472631,40485332190.0
5003.1701303,5003.167251893561,40485332190.0
1475.059303,1475.0495399059007,40485332190.0
1729.0873863,1729.0790576157203,40485332190.0
1981.0723852,1981.0651158102607,40485332190.0
2568.498135,2568.4925281952505,40485332190.0
223.06489384,223.00032431449705,40485332190.0
4206.7240143,4206.720590929749,40485332190.0
1295.9601823,1295.9490699119153,40485332190.0
2188.5138519,2188.5072716167515,40485332190.0
2069.7678884,2069.7609305499946,40485332190.0
14272.931868,14272.93085853806,40485332190.0
1009.3010937,1009.2868252708444,40485332190.0
1393.5557022,1393.545368076973,40485332190.0
6146.1642552,6146.161912115064,40485332190.0
6586.4213308,6586.419144314499,40485332190.0
2281.5311577,2281.5248457078765,40485332190.0
4998.0685792,4998.0656979268715,40485332190.0
1794.0310939,1794.0230666538168,40485332190.0
899.55795296,899.541943721169,40485332190.0
6557.4938784,6557.4916822879095,40485332190.0
531.34505629,531.3179524794526,40485332190.0
961.28724323,961.272262037853,40485332190.0
1044.9432999,1044.9295180383995,40485332190.0
5115.5995085,5115.59669331627,40485332190.0
1252.7211624,1252.7096664674593,40485332190.0
794.24670295,794.2285709555615,40485332190.0
2808.9865466,2808.9814198684903,40485332190.0
913.45830347,913.4425378514244,40485332190.0
4223.8172738,4223.813864373144,40485332190.0
490.39212681,490.36275941258083,40485332190.0
5099.9017201,5099.898896377933,40485332190.0
1274.783171,1274.7718740513376,40485332190.0
823.87970295,823.8622231331649,40485332190.0
3041.5166008,3041.511865934157,40485332190.0
747.76266591,747.7434067335262,40485332190.0
1107.5986743,1107.5856721652053,40485332190.0
17792.83886,17792.838050697617,40485332190.0
4683.2538301,4683.250755051112,40485332190.0
2157.579187,2157.572512307696,40485332190.0
1065.9738415,1065.960331612188,40485332190.0
4344.065582,4344.0622668293045,40485332190.0
278.30989259,278.2581429076925,40485332190.0
5674.8113028,5674.808765093056,40485332190.0
4213.0033774,4212.999959152946,40485332190.0
798.84155613,798.8235284339696,40485332190.0
166.96749525,166.88122198603642,40485332190.0
3890.1626246,3890.158922715378,40485332190.0
4061.5281514,4061.5246057005006,40485332190.0
1514.5145454,1514.5050366927196,40485332190.0
8354.0994148,8354.09769099657,40485332190.0
1594.2573679,1594.2483347419657,40485332190.0
637.89382237,637.8712459440408,40485332190.0
1142.3688572,1142.3562507222734,40485332190.0
2998.3649044,2998.360101427915,40485332190.0
4305.6199312,4305.616586511008,40485332190.0
1036.9833994,1036.9695118035627,40485332190.0
537.66978279,537.6429978134951,40485332190.0
363.8471269,363.80754463135355,40485332190.0
1362.7355185,1362.7249506423937,40485332190.0
748.81788873,748.7986566877455,40485332190.0
1450.5046184,1450.494690083661,40485332190.0
2245.0885385,2245.0821240361324,40485332190.0
1397.4345402,1397.4242347071965,40485332190.0
718.17688041,718.1568278191472,40485332190.0
1525.4910418,1525.4816015120985,40485332190.0
11681.023797,11681.02256415786,40485332190.0
650.28509293,650.2629467167886,40485332190.0
853.75241396,853.7355457775274,40485332190.0
379.91107421,379.8731657845459,40485332190.0
823.56772501,823.550238577957,40485332190.0
1638.1883063,1638.1795153595308,40485332190.0
517.32231833,517.2944797934417,40485332190.0
7107.7975349,7107.795508801587,40485332190.0
2026.1378897,2026.130781985883,40485332190.0
390.19762742,390.1607184531787,40485332190.0
1312.5993475,1312.5883759891212,40485332190.0
2596.7648783,2596.759332436477,40485332190.0
2411.8528608,2411.846889821889,40485332190.0
279.24303609,279.1914593671258,40485332190.0
3013.3817634,3013.376984334656,40485332190.0
346.05820469,346.0165874791459,40485332190.0
694.44654834,694.4258104880523,40485332190.0
1445.4585631,1445.4486000958266,40485332190.0
4210.6944606,4210.6910404317705,40485332190.0
267.40842094,267.35456114670586,40485332190.0
1071.1217381,1071.108293141191,40485332190.0
5223.9331562,5223.930399506715,40485332190.0
961.24053323,961.2255513161087,40485332190.0
2557.4547614,2557.449130325419,40485332190.0
3303.9107037,3303.9063449723567,40485332190.0
6425.6274259,6425.625184651834,40485332190.0
533.96953784,533.9425672547584,40485332190.0
2787.1663562,2787.1611892660926,40485332190.0
541.96266108,541.9360882817725,40485332190.0
606.24476787,606.2210127909814,40485332190.0
1516.2445078,1516.2350099219898,40485332190.0
2138.6670296,2138.6602959044567,40485332190.0
842.30401785,842.2869203892208,40485332190.0
4200.3827586,4200.379330059559,40485332190.0
8026.1161697,8026.114375477095,40485332190.0
306.0203661,305.97330315758654,40485332190.0
2011.0358719,2011.0287107935126,40485332190.0
1050.249578,1050.2358658923922,40485332190.0
1264.9703943,1264.959009707101,40485332190.0
1605.7493358,1605.740367318023,40485332190.0
6911.5728517,6911.570768077066,40485332190.0
1632.5245674,1632.5157460700186,40485332190.0
186.79313086,186.71601837506253,40485332190.0
5325.7298171,5325.727113003318,40485332190.0
844.80511521,844.788068377481,40485332190.0
1114.1774321,1114.1645067048682,40485332190.0
1967.1423991,1967.1350782967081,40485332190.0
531.18776441,531.1606525790687,40485332190.0
2424.3553817,2424.349441484184,40485332190.0
718.36157282,718.3415253793792,40485332190.0
937.17369019,937.1583235290786,40485332190.0
2717.8946057,2717.8893070880754,40485332190.0
1134.9193403,1134.90665111534,40485332190.0
513.83191511,513.803887460489,40485332190.0
1511.3133637,1511.3038347738145,40485332190.0
3223.6817431,3223.6772757902722,40485332190.0
965.42067968,965.4057626367699,40485332190.0
1664.8108562,1664.802205895036,40485332190.0
928.32326383,928.3077506658582,40485332190.0
990.83137779,990.816843316539,40485332190.0
3382.6186699,3382.614412442038,40485332190.0
5602.6701346,5602.667564231729,40485332190.0
1261.3538703,1261.3424529817182,40485332190.0
943.19825665,943.1829881467123,40485332190.0
2038.5944029,2038.5873386201033,40485332190.0
925.99105438,925.9755021408622,40485332190.0
458.97604298,458.94466530852566,40485332190.0
3736.2403763,3736.236521856587,40485332190.0
14795.505751,14795.504778176548,40485332190.0
824.0019515,823.9844742821738,40485332190.0
6952.567801,6952.565729628279,40485332190.0
1344.0683664,1344.0576517776926,40485332190.0
3357.3616357,3357.357346248605,40485332190.0
5036.0886776,5036.0858179608185,40485332190.0
874.80283167,874.7863693882325,40485332190.0
2430.2965382,2430.290612539372,40485332190.0
4819.3695428,4819.366554688979,40485332190.0
7057.4746869,7057.472646293301,40485332190.0
5008.4169589,5008.414083468576,40485332190.0
516.08015771,516.0522521580525,40485332190.0
261.09985881,261.04469741950965,40485332190.0
1371.8383,1371.8278022144652,40485332190.0
10648.208557,10648.207204510465,40485332190.0
1865.4956197,1865.4878999709128,40485332190.0
738.63635643,738.616859285935,40485332190.0
533.52214417,533.4951509617556,40485332190.0
3115.334131,3115.329508322611,40485332190.0
2998.0675895,2998.0627859748997,40485332190.0
1752.0948804,1752.086661045277,40485332190.0
4745.421366,4745.418331256527,40485332190.0
763.28157737,763.2627097750952,40485332190.0
1575.8389091,1575.8297704143367,40485332190.0
2983.4728544,2983.4680274394605,40485332190.0
328.04802024,328.00411791029194,40485332190.0
701.62328518,701.6027594658317,40485332190.0
209.45653375,209.38776782029137,40485332190.0
328.53362215,328.4897847193484,40485332190.0
2570.2179335,2570.2123303856893,40485332190.0
372.24200221,372.2033127089187,40485332190.0
6017.2635,6017.261106775187,40485332190.0
211.26159423,211.193416029512,40485332190.0
3800.5200217,3800.5162325062793,40485332190.0
951.56747548,951.5523412643433,40485332190.0
2025.0880441,2025.080932746836,40485332190.0
3487.4949132,3487.4907838367294,40485332190.0
154.71631879,154.62321002764128,40485332190.0
5587.1187765,5587.116198851868,40485332190.0
14599.118795,14599.117808068415,40485332190.0
1326.3658584,1326.3550007773324,40485332190.0
693.6713794,693.6506183817677,40485332190.0
12122.799765,12122.798577182677,40485332190.0
837.89023407,837.873046544375,40485332190.0
1303.3420915,1303.3310421182882,40485332190.0
815.97890739,815.9612583223898,40485332190.0
1120.0851111,1120.0722538042378,40485332190.0
1646.8988063,1646.8900619345322,40485332190.0
549.08095633,549.0547280337208,40485332190.0
5206.9868753,5206.984109607209,40485332190.0
1537.344766,1537.3353984228363,40485332190.0
735.03697795,735.0173853300071,40485332190.0
1096.7762833,1096.7631528665454,40485332190.0
6885.36459,6885.362498396909,40485332190.0
2917.7566843,2917.7517485525805,40485332190.0
6509.5439486,6509.541736336716,40485332190.0
432.21181735,432.1784964946856,40485332190.0
1430.3935527,1430.3834846439988,40485332190.0
5663.5146583,5663.51211552506,40485332190.0
17783.580973,17783.58016259321,40485332190.0
1304.2633026,1304.2522610253368,40485332190.0
3275.2532861,3275.248889197633,40485332190.0
993.59688576,993.5823917448408,40485332190.0
2846.9811858,2846.9761274317243,40485332190.0
2820.7041216,2820.699016036112,40485332190.0
364.13491185,364.0953608729809,40485332190.0
4925.7761651,4925.773241474396,40485332190.0
1175.4947387,1175.4824875843358,40485332190.0
7399.0851573,7399.083210972711,40485332190.0
1343.9811725,1343.9704571689003,40485332190.0
3088.7110102,3088.7063477165248,40485332190.0
5278.0975037,5278.094775201645,40485332190.0
836.89236425,836.8751562369727,40485332190.0
2150.1816678,2150.1749701714866,40485332190.0
697.29308034,697.2724271579494,40485332190.0
2047.3920068,2047.3849729139142,40485332190.0
789.09129288,789.073042425642,40485332190.0
3562.5623539,3562.5583115149902,40485332190.0
6843.535874,6843.533769713413,40485332190.0
11252.603009,11252.601728597112,40485332190.0
6287.6865616,6287.684271230362,40485332190.0
1460.4675922,1460.4577314643911,40485332190.0
15857.20879,15857.207881751077,40485332190.0
1295.5990745,1295.5879590971913,40485332190.0
1815.0037087,1814.9957742022832,40485332190.0
2349.8494724,2349.8433438904094,40485332190.0
1219.8948203,1219.8830150423369,40485332190.0
3108.9312718,3108.9266396069515,40485332190.0
5432.660546,5432.657895115283,40485332190.0
1887.4305727,1887.4229427037749,40485332190.0
2949.5391857,2949.534303106602,40485332190.0
1603.660707,1603.651726852754,40485332190.0
2140.7179893,2140.71126206739,40485332190.0
1273.4450895,1273.4337806287429,40485332190.0
775.53714635,775.5185769262356,40485332190.0
2200.8892459,2200.882702545713,40485332190.0
1350.9778339,1350.967174085186,40485332190.0
2345.8120395,2345.8059004648894,40485332190.0
1652.9926003,1652.983888161885,40485332190.0
1886.0184519,1886.0108161747223,40485332190.0
1268.1148343,1268.1034778421104,40485332190.0
2008.8171455,2008.8099765238796,40485332190.0
1205.3592593,1205.3473117189014,40485332190.0
1219.9810697,1219.9692652921003,40485332190.0
3188.051985,3188.047467733771,40485332190.0
518.65894092,518.6311741287398,40485332190.0
5137.9086679,5137.905864922425,40485332190.0
2941.0867608,2941.081864206529,40485332190.0
2328.4874366,2328.4812518327403,40485332190.0
15238.586271,15238.585326350752,40485332190.0
1116.5813529,1116.568455377755,40485332190.0
2304.5727142,2304.56646525144,40485332190.0
3210.0801528,3210.075666611583,40485332190.0
1016.8471216,1016.8329590368813,40485332190.0
2726.8416895,2726.836408224137,40485332190.0
662.69397751,662.6722459848398,40485332190.0
2405.2103067,2405.2043192111355,40485332190.0
8511.6153912,8511.613699333362,40485332190.0
829.40181246,829.3844490307229,40485332190.0
8885.9473541,8885.945733428765,40485332190.0
1267.3570794,1267.3457162308312,40485332190.0
1355.1112277,1355.1006004512992,40485332190.0
598.47031492,598.446251236842,40485332190.0
1285.8795944,1285.8683948456737,40485332190.0
2888.9093553,2888.9043702923695,40485332190.0
1059.3583209,1059.344726597952,40485332190.0
720.77019946,720.7502190118512,40485332190.0
7197.1004438,7197.098442839851,40485332190.0
1331.6200539,1331.6092390978608,40485332190.0
2721.1349535,2721.1296612336105,40485332190.0
1279.0410851,1279.0298257823788,40485332190.0
1790.2038563,1790.1958118291664,40485332190.0
1693.0218388,1693.0133326578089,40485332190.0
1005.6283681,1005.6140475377451,40485332190.0
6245.2899169,6245.287611012892,40485332190.0
2373.2832104,2373.277142457388,40485332190.0
864.43095348,864.4142936763004,40485332190.0
318.33872116,318.29347961831223,40485332190.0
2647.2109174,2647.205477376744,40485332190.0
1313.847965,1313.8370039274694,40485332190.0
968.38644009,968.3715687325707,40485332190.0
2433.6817388,2433.67582137437,40485332190.0
1311.1803727,1311.1693893329111,40485332190.0
566.62793764,566.6025216122661,40485332190.0
667.78017199,667.7586059897195,40485332190.0
708.75112965,708.7308103684893,40485332190.0
535.41814081,535.3912431953293,40485332190.0
8814.1842955,8814.18266167508,40485332190.0
454.64709242,454.6154159619802,40485332190.0
648.08458705,648.0623656301192,40485332190.0
8784.8737395,8784.872100150666,40485332190.0
3178.4554552,3178.4509244039614,40485332190.0
1032.154479,1032.1405263916652,40485332190.0
385.8595553,385.8222313442549,40485332190.0
2282.2659545,2282.2596443871857,40485332190.0
3450.2506611,3450.2464871272473,40485332190.0
5391.4665533,5391.463882270902,40485332190.0
5724.3766396,5724.3741239054425,40485332190.0
3954.3559529,3954.3523110710516,40485332190.0
19974.879144,19974.878422696605,40485332190.0
2836.9264301,2836.9213538244344,40485332190.0
726.11755864,726.0977253430732,40485332190.0
7917.2652031,7917.263384151333,40485332190.0
8046.2986767,8046.296886887651,40485332190.0
2973.5964114,2973.5915683879507,40485332190.0
1186.7484771,1186.736342131405,40485332190.0
2169.7165078,2169.7098705178123,40485332190.0
726.21640841,726.1965778077723,40485332190.0
1416.9988705,1416.9887073101427,40485332190.0
1572.9017236,1572.8925678011658,40485332190.0
1654.9947469,1654.9860453475733,40485332190.0
5917.1625254,5917.160091651936,40485332190.0
2799.4160889,2799.4109445075496,40485332190.0
1021.424115,1021.410015892487,40485332190.0
1377.5673657,1377.5569117052416,40485332190.0
2587.5238294,2587.5182638080246,40485332190.0
1813.1222927,1813.1143499121995,40485332190.0
980.8210152,980.8063323781105,40485332190.0
3559.121129,3559.117082797596,40485332190.0
1969.8187541,1969.811443182344,40485332190.0
568.86569637,568.8403803232887,40485332190.0
376.32935471,376.29108546361283,40485332190.0
2685.88483,2685.8794682666035,40485332190.0
6523.4168384,6523.41463077149,40485332190.0
3836.887347,3836.8835936795185,40485332190.0
7912.5431399,7912.541319856144,40485332190.0
1187.2742063,1187.2620766498546,40485332190.0
716.45118358,716.4310826851371,40485332190.0
396.76089195,396.72459358713695,40485332190.0
1450.2299745,1450.2200442301125,40485332190.0
4421.4901657,4421.48690866051,40485332190.0
1193.0606658,1193.048594961449,40485332190.0
1018.3314912,1018.3173492434389,40485332190.0
1577.6355417,1577.6264134051792,40485332190.0
3881.6594836,3881.655773528097,40485332190.0
2958.6852404,2958.680372937988,40485332190.0
5460.1473913,5460.1447537163485,40485332190.0
1074.2315787,1074.2181726849406,40485332190.0
5553.8109261,5553.80833307182,40485332190.0
831.84142827,831.8241157649287,40485332190.0
950.4341325,950.418980235998,40485332190.0
1955.483084,1955.4757194491572,40485332190.0
2580.645387,2580.639806549016,40485332190.0
2327.5873868,2327.581199651737,40485332190.0
4668.2342298,4668.231144875262,40485332190.0
1299.1582269,1299.1471419923494,40485332190.0
1901.127284,1901.1197089200828,40485332190.0
3184.9137286,3184.9092069452176,40485332190.0
1709.4847448,1709.4763205422364,40485332190.0
17432.326471,17432.325645190936,40485332190.0
531.08495424,531.0578371498705,40485332190.0
8507.1404411,8507.1387482577,40485332190.0
1940.3148635,1940.3074414926518,40485332190.0
756.58772176,756.5686872304728,40485332190.0
446.76234707,446.7301115135854,40485332190.0
3610.4954993,3610.4915105849655,40485332190.0
2393.0335002,2393.0274822389138,40485332190.0
985.931945,985.9173382953296,40485332190.0
790.75585169,790.7376396554644,40485332190.0
5699.8149229,5699.812396278164,40485332190.0
3422.8988453,3422.894638024374,40485332190.0
1157.7529814,1157.7405424859105,40485332190.0
4737.9644394,4737.961399895245,40485332190.0
3709.3255571,3709.32167466662,40485332190.0
1008.5332734,1008.5189940993141,40485332190.0
3643.0628317,3643.058878722881,40485332190.0
1800.4554346,1800.447435996978,40485332190.0
1399.1170091,1399.106716032165,40485332190.0
2372.9670255,2372.9609566684817,40485332190.0
1428.5543817,1428.5443007155802,40485332190.0
985.32737885,985.3127631850526,40485332190.0
1613.8274335,1613.8185099001948,40485332190.0
2871.4386549,2871.433639553905,40485332190.0
374.95978953,374.9213804920563,40485332190.0
4783.6823703,4783.679359868454,40485332190.0
4599.0213704,4599.018239032899,40485332190.0
1666.4862868,1666.4776451232824,40485332190.0
766.32522251,766.3064298518157,40485332190.0
2416.6306526,2416.6246934719543,40485332190.0
690.07174719,690.0508778730442,40485332190.0
656.97607464,656.9541539729272,40485332190.0
6726.1639317,6726.161790641954,40485332190.0
1212.9878324,1212.975959891464,40485332190.0
4383.2392712,4383.23598565578,40485332190.0
551.80368658,551.7775877122373,40485332190.0
10365.659339,10365.657949999752,40485332190.0
317.61276862,317.5674236613352,40485332190.0
4340.4375176,4340.434199734748,40485332190.0
1396.3539707,1396.3436573001281,40485332190.0
2148.8631979,2148.856496201917,40485332190.0
1984.6791721,1984.671915944267,40485332190.0
1987.1160134,1987.1087661024073,40485332190.0
2273.8481813,2273.841847884899,40485332190.0
785.8360791,785.8177530418127,40485332190.0
1494.7334191,1494.7237844931471,40485332190.0
341.36689015,341.324700942507,40485332190.0
3697.296714,3697.292818949286,40485332190.0
1002.3816178,1002.367250810005,40485332190.0
2706.8408418,2706.835521521889,40485332190.0
2520.276713,2520.2709989342816,40485332190.0
941.38351796,941.3682200161455,40485332190.0
140.6022913,140.49982953335737,40485332190.0
6037.4748454,6037.472460109223,40485332190.0
775.53067221,775.5121026256712,40485332190.0
659.36538226,659.3435410383478,40485332190.0
779.28818741,779.2697073600478,40485332190.0
1213.0891665,1213.077294973218,40485332190.0
1849.4655455,1849.4577588020818,40485332190.0
397.99789887,397.9617133433976,40485332190.0
1458.5416993,1458.5318256676703,40485332190.0
498.1159113,498.0869992898099,40485332190.0
4458.9372816,4458.934051801709,40485332190.0
816.10213932,816.0844929183855,40485332190.0
521.71347391,521.6858696985511,40485332190.0
5324.3979878,5324.395283103509,40485332190.0
1764.9021124,1764.8939526416777,40485332190.0
2012.5783138,2012.571158281466,40485332190.0
616.42792092,616.4045582768341,40485332190.0
2244.0180705,2244.0116529384513,40485332190.0
3722.2114422,3722.207573237146,40485332190.0
759.10347745,759.0845060058394,40485332190.0
1734.9999726,1734.9916722580328,40485332190.0
8067.3753805,8067.373595417509,40485332190.0
1594.6249878,1594.6159567468578,40485332190.0
422.65604826,422.6219740023481,40485332190.0
3603.3361535,3603.332156893124,40485332190.0
410.70102908,410.66596287986107,40485332190.0
4622.2650937,4622.261978079869,40485332190.0
584.29054236,584.2658946644349,40485332190.0
616.32414095,616.300774371265,40485332190.0
1178.171294,1178.1590706384352,40485332190.0
1031.9515242,1031.9375688721698,40485332190.0
7752.0214644,7752.0196066411845,40485332190.0
1419.131342,1419.121194083478,40485332190.0
7139.3327798,7139.330762608137,40485332190.0
9091.6961126,9091.694528609636,40485332190.0
1125.1601149,1125.147315685696,40485332190.0
1698.4897915,1698.4813127433083,40485332190.0
2502.3365196,2502.3307644504002,40485332190.0
718.01405,717.9939928576586,40485332190.0
2372.9989087,2372.9928399351325,40485332190.0
1745.8388513,1745.8306024330823,40485332190.0
1829.1164704,1829.1085970644924,40485332190.0
790.83428654,790.8160763105022,40485332190.0
829.59340878,829.5760493668814,40485332190.0
607.02661328,607.0028887990244,40485332190.0
4191.2585169,4191.255080945575,40485332190.0
1278.5515326,1278.540268866576,40485332190.0
876.207574,876.1911381101304,40485332190.0
7580.8940939,7580.892194258758,40485332190.0
1790.4714937,1790.4634504486512,40485332190.0
1080.2998701,1080.2865392925412,40485332190.0
10629.729667,10629.728312305986,40485332190.0
399.97893237,399.94292608188647,40485332190.0
1784.1984854,1784.1904138780847,40485332190.0
9720.7580207,9720.75653914936,40485332190.0
1152.1124531,1152.0999533252666,40485332190.0
876.17411496,876.157678442543,40485332190.0
4452.5602928,4452.557058426805,40485332190.0
1573.4930719,1573.4839196094065,40485332190.0
702.26844187,702.2479350073227,40485332190.0
2707.0931907,2707.0878709230947,40485332190.0
992.74522977,992.7307233135678,40485332190.0
987.53414353,987.5195605226947,40485332190.0
730.52333952,730.50362584041,40485332190.0
13507.946477,13507.945410482618,40485332190.0
682.65502421,682.6339281447647,40485332190.0
7771.959939,7771.958086082457,40485332190.0
4406.9578302,4406.954562360545,40485332190.0
3754.6743006,3754.670465029926,40485332190.0
1271.5293429,1271.5180170261228,40485332190.0
383.21963054,383.1820494330729,40485332190.0
2151.4929746,2151.4862810419127,40485332190.0
3961.7985616,3961.794926656969,40485332190.0
5313.9154931,5313.912783028258,40485332190.0
499.84517746,499.8163654895518,40485332190.0
1002.7317922,1002.7174302185714,40485332190.0
441.69256497,441.659959389641,40485332190.0
659.8329972,659.8111714526461,40485332190.0
8774.3095288,8774.307887546125,40485332190.0
922.63767353,922.622064765955,40485332190.0
9066.2803169,9066.278728487867,40485332190.0
16500.782074,16500.781200957386,40485332190.0
867.84881447,867.8322202759588,40485332190.0
6083.595581,6083.593213727379,40485332190.0
120.68532125,120.56593442775278,40485332190.0
263.63087272,263.5762410145122,40485332190.0
2182.5217917,2182.5151933373636,40485332190.0
298.80107457,298.7528743716621,40485332190.0
177.98965166,177.9087234402165,40485332190.0
2659.9625911,2659.957177032741,40485332190.0
979.62407055,979.6093697898308,40485332190.0
21796.293331,21796.29267021902,40485332190.0
1399.7305427,1399.7202541964161,40485332190.0
243.79245926,243.73338091330746,40485332190.0
1849.8894267,1849.88164185894,40485332190.0
1217.1119161,1217.100083850592,40485332190.0
481.7722046,481.742311722427,40485332190.0
1417.607123,1417.596964295301,40485332190.0
993.89197923,993.877489506924,40485332190.0
2998.932744,2998.927941925293,40485332190.0
139.18088602,139.07737706877566,40485332190.0
362.71092253,362.67121625551994,40485332190.0
449.55511991,449.52308462979,40485332190.0
18432.842452,18432.841670666305,40485332190.0
2444.207545,2444.201653003499,40485332190.0
1670.547938,1670.5393174268077,40485332190.0
2123.4715097,2123.464727796055,40485332190.0
832.19546789,832.1781627431114,40485332190.0
1142.4472444,1142.4346388381043,40485332190.0
2139.9249251,2139.91819539364,40485332190.0
3015.502854,3015.4980782369225,40485332190.0
1019.7896447,1019.7755229718302,40485332190.0
1770.5683187,1770.5601850602106,40485332190.0
485.64138371,485.6117290125481,40485332190.0
556.7059089,556.6800398655008,40485332190.0
1116.1592884,1116.1463860101821,40485332190.0
1485.0892951,1485.07959798165,40485332190.0
699.83018055,699.8096022424127,40485332190.0
343.10647806,343.0645027755352,40485332190.0
713.51378698,713.4936033239276,40485332190.0
14662.669536,14662.668553541163,40485332190.0
956.60919639,956.5941419395733,40485332190.0
1416.7526836,1416.7425186771616,40485332190.0
1194.760907,1194.7488533730113,40485332190.0
3733.1650727,3733.1612151226445,40485332190.0
3604.0922397,3604.088243920804,40485332190.0
468.22920663,468.19844908240975,40485332190.0
564.53052188,564.5050114121234,40485332190.0
687.22920827,687.2082526201832,40485332190.0
922.66792606,922.6523178164479,40485332190.0
11353.105697,11353.104428587147,40485332190.0
1615.107472,1615.098555538292,40485332190.0
1325.2381012,1325.2272342733852,40485332190.0
2834.8062568,2834.801176669367,40485332190.0
2374.9101113,2374.904047392642,40485332190.0
1242.9820939,1242.970507856689,40485332190.0
635.19475278,635.1720804213182,40485332190.0
2431.5163111,2431.5103883752413,40485332190.0
528.36198439,528.3347275377043,40485332190.0
301.35705976,301.30926843846294,40485332190.0
175.4170783,175.33496267590192,40485332190.0
416.67934675,416.6447837098841,40485332190.0
1588.0434176,1588.0343491301594,40485332190.0
3381.4418166,3381.4375577787987,40485332190.0
6410.9609005,6410.958654104514,40485332190.0
1483.3562945,1483.3465860331949,40485332190.0
737.27348885,737.2539556677737,40485332190.0
593.09698546,593.0727037547747,40485332190.0
1606.9786614,1606.9696997805836,40485332190.0
1400.8164595,1400.8061790190866,40485332190.0
2019.604348,2019.5972173124994,40485332190.0
567.63962707,567.6142563473495,40485332190.0
3547.9776144,3547.973555374833,40485332190.0
667.2831164,667.2615343379139,40485332190.0
1151.8465547,1151.8340519656585,40485332190.0
1200.9501238,1200.9381322398522,40485332190.0
2379.4842656,2379.478213411393,40485332190.0
1734.2182697,1734.2099655865948,40485332190.0
9878.4522042,9878.450746374125,40485332190.0
8900.128306,8900.126687973214,40485332190.0
269.7268914,269.6734946681689,40485332190.0
1901.4329045,1901.4253306303897,40485332190.0
855.84674581,855.8299189093437,40485332190.0
801.22186332,801.2038891835679,40485332190.0
1226.8162567,1226.8045180131535,40485332190.0
408.71336595,408.678129203078,40485332190.0
1190.235295,1190.223195548546,40485332190.0
357.07216307,357.03182970094326,40485332190.0
1100.7591803,1100.7460973582156,40485332190.0
1071.2093236,1071.1958796305887,40485332190.0
3285.4442928,3285.4399094845767,40485332190.0
747.63079728,747.6115347037828,40485332190.0
8401.354063,8401.35234892551,40485332190.0
3475.6225552,3475.618411731406,40485332190.0
1862.2527217,1862.2449884631687,40485332190.0
7051.5533682,7051.551325895168,40485332190.0
627.99263148,627.9696990862468,40485332190.0
4113.7990233,4113.795522553743,40485332190.0
3424.8453992,3424.8411943058004,40485332190.0
1375.6113222,1375.6008532757885,40485332190.0
1210.1924569,1210.180556914386,40485332190.0
555.7784009,555.7524886898316,40485332190.0
5639.0024029,5638.999849055789,40485332190.0
2798.6018272,2798.596681429403,40485332190.0
3429.3837043,3429.3795049799414,40485332190.0
4464.8672906,4464.864065219849,40485332190.0
1912.2562183,1912.2486873484816,40485332190.0
1152.4617344,1152.4492383430152,40485332190.0
477.48583667,477.4556754262074,40485332190.0
1787.1184472,1787.1103889474696,40485332190.0
445.72381967,445.69150900274525,40485332190.0
2086.2016876,2086.1947845859927,40485332190.0
5823.7129562,5823.710483353244,40485332190.0
1096.8484642,1096.8353346135839,40485332190.0
15242.509651,15242.508706236904,40485332190.0
549.53987813,549.5136717446255,40485332190.0
3676.7765102,3676.772593480689,40485332190.0
1450.8543954,1450.844469435278,40485332190.0
2781.0444716,2781.0392932647783,40485332190.0
691.45949272,691.4386652843077,40485332190.0
2551.2497318,2551.2440870449395,40485332190.0
187.77776576,187.7010577787421,40485332190.0
3529.0456871,3529.0416063929683,40485332190.0
676.42392009,676.4026296937171,40485332190.0
1836.9113089,1836.9034690175154,40485332190.0
1950.9137254,1950.9063436571998,40485332190.0
1951.6246281,1951.617249144508,40485332190.0
9460.2519502,9460.250427887428,40485332190.0
3722.2729142,3722.2690453343953,40485332190.0
3926.554447,3926.55077936804,40485332190.0
1313.1787072,1313.1677405755886,40485332190.0
1370.2231868,1370.212676733907,40485332190.0
922.47134181,922.4557302371913,40485332190.0
5613.8260493,5613.823483964981,40485332190.0
1784.8217581,1784.8136893845094,40485332190.0
1451.9764209,1451.9665025138902,40485332190.0
8280.131978,8280.130238843067,40485332190.0
673.74037068,673.7189954790682,40485332190.0
5531.4734261,5531.470822620344,40485332190.0
946.39721644,946.381999550757,40485332190.0
963.29634275,963.2813928089914,40485332190.0
908.16494274,908.1490852349978,40485332190.0
2453.2918775,2453.286007366934,40485332190.0
829.49079031,829.4734287484941,40485332190.0
1618.5303338,1618.5214361459098,40485332190.0
2276.8643991,2276.8580741264354,40485332190.0
847.46338443,847.4463910612134,40485332190.0
1078.354028,1078.3406732299168,40485332190.0
680.14683825,680.1256643909925,40485332190.0
1226.9150711,1226.9033332974354,40485332190.0
1502.8295642,1502.819981508718,40485332190.0
2137.2007151,2137.193976825995,40485332190.0
671.57018729,671.5487430146908,40485332190.0
1824.5673741,1824.559481181204,40485332190.0
2102.842943,2102.8360945803825,40485332190.0
1785.1856621,1785.1775950381902,40485332190.0
1068.0078619,1067.9943777853678,40485332190.0
867.66427649,867.6476787762488,40485332190.0
1908.5264935,1908.5189478311165,40485332190.0
1785.5971179,1785.5890527955908,40485332190.0
2086.4436977,2086.4367954757113,40485332190.0
4508.0200679,4508.016873395684,40485332190.0
1301.9932779,1301.9822170021291,40485332190.0
308.35056004,308.30385280051826,40485332190.0
1782.9386992,1782.9306220842047,40485332190.0
3910.6656396,3910.6619570472985,40485332190.0
806.40904339,806.391184870475,40485332190.0
16727.647328,16727.64646615161,40485332190.0
1188.1593325,1188.147211931478,40485332190.0
1030.7225336,1030.7085616582126,40485332190.0
2030.9508564,2030.9437656283324,40485332190.0
2183.8108672,2183.8042726562176,40485332190.0
3325.0092584,3325.0049271974135,40485332190.0
2027.1546366,2027.1475324731068,40485332190.0
705.04604033,705.0256142627459,40485332190.0
1676.1700034,1676.1614117082186,40485332190.0
665.19914356,665.1774938809372,40485332190.0
17323.126337,17323.125505626926,40485332190.0
994.77175024,994.7572733405102,40485332190.0
1740.2413011,1740.2330257114288,40485332190.0
1286.0873891,1286.0761915030346,40485332190.0
655.50205527,655.4800853102045,40485332190.0
2882.6186228,2882.613626894876,40485332190.0
934.03723404,934.0218157825117,40485332190.0
1532.0115251,1532.002124953068,40485332190.0
1723.2170812,1723.2087240423891,40485332190.0
2928.601933,2928.5970156465733,40485332190.0
208.27335107,208.20419435154437,40485332190.0
3859.599051,3859.595319724863,40485332190.0
372.93474701,372.8961293765164,40485332190.0
11809.483525,11809.482305180143,40485332190.0
1520.8060718,1520.7966024490245,40485332190.0
450.53426826,450.5023026011507,40485332190.0
209.68537556,209.61668469795978,40485332190.0
2754.9479458,2754.9427184118613,40485332190.0
145.332272,145.23314726844913,40485332190.0
2509.0069352,2509.0011954322363,40485332190.0
6650.8014515,6650.79928627049,40485332190.0
12765.154575,12765.153446843215,40485332190.0
928.32822784,928.3127147579748,40485332190.0
5280.8915775,5280.888850420596,40485332190.0
4390.2804138,4390.277133637512,40485332190.0
937.57872319,937.5633631655587,40485332190.0
739.34619493,739.3267165021979,40485332190.0
1326.4643315,1326.453474680858,40485332190.0
6249.3688413,6249.366536878876,40485332190.0
1901.3471619,1901.3395877437383,40485332190.0
3680.7630538,3680.7591413199884,40485332190.0
841.71589691,841.6987875085063,40485332190.0
3403.6539667,3403.6497355695815,40485332190.0
372.14962579,372.1109266870904,40485332190.0
4141.957748,4141.954271164108,40485332190.0
1311.4290712,1311.4180898846353,40485332190.0
1587.7585486,1587.7494784735618,40485332190.0
1324.6119426,1324.601070534153,40485332190.0
2745.5837708,2745.5785256891018,40485332190.0
829.10866875,829.0912991857359,40485332190.0
1706.7287321,1706.720294195533,40485332190.0
2603.8475579,2603.842027191741,40485332190.0
1978.6092181,1978.6019397198497,40485332190.0
701.76274284,701.7422212043766,40485332190.0
834.86481419,834.8475643857546,40485332190.0
519.56468722,519.536968825094,40485332190.0
2521.2056895,2521.199977415014,40485332190.0
1442.5976142,1442.5876314391865,40485332190.0
1560.7244105,1560.7151832636775,40485332190.0
3139.1017945,3139.097206888183,40485332190.0
968.59573614,968.5808679991507,40485332190.0
3020.0094766,3020.0047080150844,40485332190.0
2615.4853773,2615.4798712296424,40485332190.0
3022.5739512,3022.5691867149644,40485332190.0
1356.8294028,1356.8187889354842,40485332190.0
1679.8848349,1679.876262221111,40485332190.0
876.28119856,876.264764055553,40485332190.0
952.64731005,952.6321929953434,40485332190.0
274.67936237,274.62692856682725,40485332190.0
1960.2153986,1960.2080519105964,40485332190.0
1627.8076339,1627.7987868974235,40485332190.0
580.67558224,580.650781097943,40485332190.0
856.06826279,856.0514402423645,40485332190.0
591.5092853,591.4849384142832,40485332190.0
1285.8204843,1285.809284376739,40485332190.0
252.63854088,252.58153161967138,40485332190.0
1551.2293922,1551.2201085122424,40485332190.0
470.88464921,470.8540651137826,40485332190.0
1189.0728462,1189.060734931832,40485332190.0
612.06871557,612.0451865352893,40485332190.0
733.61576509,733.5961345151208,40485332190.0
2636.493448,2636.487985757762,40485332190.0
591.80958364,591.7852491094611,40485332190.0
752.83043625,752.811306713945,40485332190.0
1515.0922768,1515.0827716156139,40485332190.0
1361.7592834,1361.748707999103,40485332190.0
1207.7005375,1207.6886129819238,40485332190.0
1783.6859184,1783.6778446665041,40485332190.0
894.95586691,894.9397753458351,40485332190.0
872.82359787,872.8070982619824,40485332190.0
2567.1179414,2567.1123315902078,40485332190.0
3552.5113245,3552.507270731617,40485332190.0
1649.1687181,1649.1599856969046,40485332190.0
1020.1922365,1020.1781202681481,40485332190.0
3530.011231,3530.0071513568882,40485332190.0
1499.9779304,1499.9683294355198,40485332190.0
2100.9681469,2100.9612924151293,40485332190.0
1314.788321,1314.777367759682,40485332190.0
462.13745987,462.1062968551694,40485332190.0
2195.9820706,2195.9755126827454,40485332190.0
916.78647378,916.7707653887868,40485332190.0
1043.1578758,1043.1440704451654,40485332190.0
512.29888783,512.2707763013499,40485332190.0
1065.9793105,1065.9658006520087,40485332190.0
404.67710255,404.6415143172605,40485332190.0
898.68010491,898.6640800341996,40485332190.0
656.14242987,656.1204813572039,40485332190.0
1499.8235012,1499.813899273487,40485332190.0
6074.4553849,6074.453014085613,40485332190.0
460.18139721,460.15010172610266,40485332190.0
427.26907375,427.23536740832753,40485332190.0
938.48026616,938.4649208952399,40485332190.0
4750.9274156,4750.924384455749,40485332190.0
447.11803816,447.085828256482,40485332190.0
11511.551714,11511.550462588275,40485332190.0
11513.536818,11513.535567701749,40485332190.0
7459.4133389,7459.411408262181,40485332190.0
716.49125718,716.471157407127,40485332190.0
3471.3918291,3471.38768051839,40485332190.0
1294.1605211,1294.1493933446295,40485332190.0
909.55194849,909.5361151578932,40485332190.0
2682.5416495,2682.5362810759107,40485332190.0
323.26229314,323.21774077062844,40485332190.0
5398.1301344,5398.127466568157,40485332190.0
2233.030185,2233.023735865781,40485332190.0
1208.3319681,1208.3200498623173,40485332190.0
766.34961858,766.3308265199091,40485332190.0
4025.3574736,4025.3538959778757,40485332190.0
509.55600213,509.52773926522485,40485332190.0
7387.9163204,7387.91437106368,40485332190.0
698.72374512,698.7031342250411,40485332190.0
4347.0238327,4347.020519853832,40485332190.0
12667.078523,12667.07738556107,40485332190.0
5057.7408433,5057.7379959870495,40485332190.0
941.80197145,941.7866803082409,40485332190.0
2324.3741491,2324.3679534515704,40485332190.0
1314.5891648,1314.5782098822924,40485332190.0
224.53930072,224.4751552969806,40485332190.0
2905.0460323,2905.041075061112,40485332190.0
3398.5432654,3398.53902802043,40485332190.0
5978.8318096,5978.829400930137,40485332190.0
5127.4313945,5127.428585836741,40485332190.0
2212.0283351,2212.0218246965383,40485332190.0
373.87639518,373.8378748147772,40485332190.0
1270.5303538,1270.5190189846037,40485332190.0
600.85048433,600.8265159775981,40485332190.0
2390.4221851,2390.4161606167163,40485332190.0
2800.2417252,2800.236582427732,40485332190.0
1347.6962894,1347.6856036245067,40485332190.0
1316.5679554,1316.557016944262,40485332190.0
4292.2131714,4292.209816276922,40485332190.0
935.70149351,935.686102680182,40485332190.0
10416.38567,10416.384287732204,40485332190.0
560.94870275,560.9230293950735,40485332190.0
665.95277979,665.9311546184896,40485332190.0
642.97887306,642.9564751867373,40485332190.0
1351.9241556,1351.9135032345907,40485332190.0
1192.7440971,1192.732023041385,40485332190.0
2311.3781469,2311.3719163688265,40485332190.0
8923.4939962,8923.492382326636,40485332190.0
895.03106173,895.0149715205432,40485332190.0
1865.7279298,1865.7202109934883,40485332190.0
4213.4729154,4213.469497538588,40485332190.0
6382.932562,6382.930305877269,40485332190.0
2427.1242045,2427.118271077193,40485332190.0
1343.3538588,1343.3431384454254,40485332190.0
1102.6664448,1102.653384422301,40485332190.0
1551.9215222,1551.9122426984854,40485332190.0
4558.128648,4558.125488587285,40485332190.0
1587.1328693,1587.1237955737797,40485332190.0
540.22746964,540.2008114879117,40485332190.0
1505.2724752,1505.2629081059163,40485332190.0
1262.334538,1262.3231296068059,40485332190.0
3464.0309049,3464.0267475078317,40485332190.0
1457.6677072,1457.6578275553193,40485332190.0
825.44414773,825.4267010462743,40485332190.0
1448.8911,1448.8811605985884,40485332190.0
2159.8108899,2159.804222170713,40485332190.0
2595.9729091,2595.967361634525,40485332190.0
501.61476969,501.5860593651797,40485332190.0
3213.9253985,3213.920917590302,40485332190.0
1360.0610765,1360.0504879260568,40485332190.0
233.80801752,233.7464156617022,40485332190.0
5223.0919572,5223.0891999850155,40485332190.0
533.29599874,533.2689940839277,40485332190.0
1238.3440479,1238.33241849671,40485332190.0
386.9699063,386.9326894433226,40485332190.0
8968.1710434,8968.169437624278,40485332190.0
3932.0855412,3932.0818787863077,40485332190.0
310.15491219,310.10847672280806,40485332190.0
1879.1279182,1879.1202544715643,40485332190.0
3584.3870164,3584.382998641128,40485332190.0
2375.3163483,2375.310285478299,40485332190.0
3005.4169088,3005.4121171625347,40485332190.0
2481.9996017,2481.9937994280886,40485332190.0
676.04627568,676.0249733799824,40485332190.0
569.61505479,569.589772048226,40485332190.0
2233.254068,2233.24761945406,40485332190.0
7754.1022383,7754.100381016928,40485332190.0
7837.680591,7837.67875351318,40485332190.0
3536.7021353,3536.6980634160673,40485332190.0
1349.6745996,1349.6639294628485,40485332190.0
1231.8508998,1231.8392091008411,40485332190.0
2991.436533,2991.4317189466183,40485332190.0
1128.4306096,1128.4178474653938,40485332190.0
2845.911942,2845.906881716023,40485332190.0
5915.1104265,5915.107991894093,40485332190.0
13932.326088,13932.325053954048,40485332190.0
523.64030988,523.612807247122,40485332190.0
1807.3414541,1807.333485920572,40485332190.0
745.85878516,745.8394768203046,40485332190.0
821.79395036,821.7764261867067,40485332190.0
648.76127212,648.7390738866508,40485332190.0
763.74326305,763.7244068563457,40485332190.0
476.79125228,476.7610470949346,40485332190.0
214.13521009,214.06794710838975,40485332190.0
957.66572551,957.6506876794616,40485332190.0
1471.5725664,1471.562780192698,40485332190.0
5771.6142771,5771.611781890714,40485332190.0
1624.4849875,1624.4761225047484,40485332190.0
496.99401871,496.96504144236934,40485332190.0
3357.1731673,3357.1688776930146,40485332190.0
2568.3277834,2568.322176265003,40485332190.0
546.79666279,546.7703249272603,40485332190.0
415.89730023,415.86267218139596,40485332190.0
1962.3282703,1962.3209314693618,40485332190.0
2082.7223106,2082.715396046605,40485332190.0
9209.8499002,9209.848336583998,40485332190.0
2576.5408368,2576.5352475127606,40485332190.0
3077.9357414,3077.9310625490834,40485332190.0
3562.1975996,3562.1935568204663,40485332190.0
702.30647636,702.2859706168078,40485332190.0
8931.9967048,8931.995092498939,40485332190.0
2185.4028984,2185.3963087482775,40485332190.0
1456.9998044,1456.9899202382123,40485332190.0
555.2293765,555.2034386658423,40485332190.0
1373.4166652,1373.406179559921,40485332190.0
2534.9847978,2534.979116878854,40485332190.0
486.69409721,486.66450665984297,40485332190.0
3252.1064481,3252.102019849116,40485332190.0
11223.438261,11223.436978710039,40485332190.0
575.90855414,575.8835477019018,40485332190.0
167.50749937,167.42150436636953,40485332190.0
1155.6875612,1155.675100002095,40485332190.0
742.40979672,742.3903986760339,40485332190.0
1614.4338559,1614.4249357199446,40485332190.0
3472.5366844,3472.5325371890426,40485332190.0
3345.4493858,3345.4450810555354,40485332190.0
1642.8648012,1642.8560353390153,40485332190.0
1199.1531816,1199.1411721427696,40485332190.0
1155.6818732,1155.6694119295523,40485332190.0
1992.3437582,1992.3365299512293,40485332190.0
1554.0610437,1554.0517769202443,40485332190.0
1660.9188303,1660.9101597595673,40485332190.0
938.43662243,938.4212764479779,40485332190.0
1388.3162215,1388.3058484303085,40485332190.0
543.63522888,543.6087378490903,40485332190.0
810.24612532,810.2283513797016,40485332190.0
249.41269695,249.3549501829442,40485332190.0
500.49502964,500.46625507919236,40485332190.0
3686.5716201,3686.5677137503226,40485332190.0
839.75850976,839.7413604804133,40485332190.0
1494.1758083,1494.1661700480531,40485332190.0
756.59397699,756.5749426154923,40485332190.0
3424.9184229,3424.914218166299,40485332190.0
14442.927151,14442.926153508899,40485332190.0
954.95226291,954.9371823447225,40485332190.0
2503.3971208,2503.3913681063755,40485332190.0
1850.4129737,1850.405190967094,40485332190.0
2983.020634,2983.0158063213353,40485332190.0
2201.6037715,2201.5972303227177,40485332190.0
3540.479519,3540.475451359339,40485332190.0
1239.617702,1239.606084501459,40485332190.0
195.89980509,195.82627866189068,40485332190.0
3664.2191297,3664.215199497117,40485332190.0
8017.8350329,8017.8332367500325,40485332190.0
2183.9415877,2183.9349935613736,40485332190.0
1854.6006257,1854.5928606287384,40485332190.0
5575.5734325,5575.570849595781,40485332190.0
956.93258631,956.9175369494499,40485332190.0
1206.1617709,1206.1498312220467,40485332190.0
814.57228467,814.5546051257479,40485332190.0
3786.6903844,3786.6865812994974,40485332190.0
607.63839732,607.6146967290466,40485332190.0
2842.009456,2842.0043887753886,40485332190.0
5529.1348084,5529.132203770456,40485332190.0
979.3176947,979.3029893444839,40485332190.0
4752.8310512,4752.828021124226,40485332190.0
1297.4379238,1297.4268240604843,40485332190.0
4821.6464381,4821.643451309352,40485332190.0
631.31133778,631.2885259411709,40485332190.0
3303.1952121,3303.190852290922,40485332190.0
650.30666383,650.2845183488588,40485332190.0
1447.1640198,1447.1540685817185,40485332190.0
1020.2134184,1020.1993024507277,40485332190.0
1883.8482956,1883.8406510524303,40485332190.0
8827.6405245,8827.638893137448,40485332190.0
2252.1794629,2252.1730685631824,40485332190.0
1120.2802115,1120.267356523824,40485332190.0
1169.366061,1169.3537455912663,40485332190.0
2104.7981046,2104.791262563174,40485332190.0
965.95571238,965.9408035972896,40485332190.0
542.13511504,542.1085506931536,40485332190.0
1310.9091023,1310.8981167017519,40485332190.0
338.53913618,338.4965945299767,40485332190.0
280.59915139,280.54782398518523,40485332190.0
527.73711486,527.7098257360126,40485332190.0
1204.8392445,1204.8272917590034,40485332190.0
2449.0493375,2449.043457153396,40485332190.0
6624.5745025,6624.572328565336,40485332190.0
1397.5506518,1397.5403472023665,40485332190.0
2858.9258907,2858.9208534234726,40485332190.0
3693.0454678,3693.0415682736098,40485332190.0
1230.6495381,1230.63783606959,40485332190.0
2136.810434,2136.8036944557093,40485332190.0
2272.456261,2272.4499237429973,40485332190.0
2385.7325404,2385.7265041270584,40485332190.0
1349.9460238,1349.9353558184368,40485332190.0
4151.7652143,4151.761745711719,40485332190.0
12301.037462,12301.036291032018,40485332190.0
262.02901627,261.9740505314164,40485332190.0
736.97502437,736.9554832746452,40485332190.0
11204.085298,11204.084013146141,40485332190.0
699.67317534,699.6525924210356,40485332190.0
1680.6222319,1680.6136630022263,40485332190.0
748.26812248,748.2488763077148,40485332190.0
2540.7449669,2540.739298831343,40485332190.0
954.77616658,954.7610832300279,40485332190.0
298.77795715,298.7297532174062,40485332190.0
3919.6638881,3919.6602139671863,40485332190.0
370.87279598,370.8339636254523,40485332190.0
363.86306617,363.8234856311452,40485332190.0
785.96651034,785.9481873148121,40485332190.0
2376.3762379,2376.3701777631627,40485332190.0
2053.6063727,2053.5993600958072,40485332190.0
223.03535794,222.97077985835566,40485332190.0
556.52196877,556.4960911835541,40485332190.0
345.73983799,345.69818245237536,40485332190.0
1370.6510664,1370.6405595964509,40485332190.0
1028.9886634,1028.9746679168761,40485332190.0
1785.8121343,1785.8040701546042,40485332190.0
513.35512146,513.3270677732737,40485332190.0
2576.466494,2576.460904538077,40485332190.0
185.49467964,185.4170271484024,40485332190.0
141.60103542,141.49929685384916,40485332190.0
263.32836729,263.2736728182383,40485332190.0
638.28015242,638.2575896556726,40485332190.0
650.61285703,650.5907219658948,40485332190.0
170.86969753,170.78539548915413,40485332190.0
756.54953541,756.5304999216949,40485332190.0
425.20088873,425.16701842956104,40485332190.0
1963.8730142,1963.8656811338676,40485332190.0
2218.5818061,2218.5753148718136,40485332190.0
1542.7280406,1542.7187057737683,40485332190.0
3113.1067798,3113.1021537926435,40485332190.0
2588.3641704,2588.3586065527847,40485332190.0
783.85744329,783.8390709678634,40485332190.0
683.79993788,683.7788771470416,40485332190.0
7019.6590379,7019.6569863712975,40485332190.0
2323.652901,2323.646703322402,40485332190.0
4680.121726,4680.118648971845,40485332190.0
1053.559423,1053.5457539148285,40485332190.0
986.77154019,986.7569459111714,40485332190.0
571.87428882,571.8491059617048,40485332190.0
6413.9767491,6413.974503798983,40485332190.0
1217.2996687,1217.2878381988946,40485332190.0
1570.6880118,1570.6788430548813,40485332190.0
233.21887915,233.1571216322704,40485332190.0
654.67795868,654.6559610671206,40485332190.0
2730.8285019,2730.8232283483326,40485332190.0
972.30381756,972.2890061143155,40485332190.0
11444.07793,11444.076672401046,40485332190.0
566.56875468,566.5433359924921,40485332190.0
558.06036086,558.0345546156252,40485332190.0
2844.1642417,2844.1591783530216,40485332190.0
809.89675994,809.8789783313817,40485332190.0
2710.6585337,2710.653220965134,40485332190.0
2493.5413893,2493.535613909274,40485332190.0
528.43993008,528.4126772604754,40485332190.0
229.29099458,229.22817884429995,40485332190.0
588.7195047,588.6950424440745,40485332190.0
1344.7262221,1344.7155127430053,40485332190.0
1249.2290773,1249.2175492474842,40485332190.0
1199.2161469,1199.2041380487988,40485332190.0
560.46490218,560.4392066511834,40485332190.0
1755.2413921,1755.2331875073187,40485332190.0
1998.9100204,1998.9028159539416,40485332190.0
631.30284973,631.2800375889832,40485332190.0
760.96288437,760.943959279166,40485332190.0
2912.4088416,2912.403896808011,40485332190.0
1252.6775713,1252.6660750111992,40485332190.0
4040.9306774,4040.9271136370576,40485332190.0
1708.4165824,1708.4081529112275,40485332190.0
333.32012333,333.27691548818774,40485332190.0
1540.4585471,1540.4491984374936,40485332190.0
1283.9354066,1283.9241901622024,40485332190.0
380.85500096,380.817186502942,40485332190.0
806.62500498,806.6071512374019,40485332190.0
3868.819433,3868.8157105578084,40485332190.0
3287.2384752,3287.234094243469,40485332190.0
739.52135793,739.501884121707,40485332190.0
2060.9703443,2060.963356750147,40485332190.0
2176.1079435,2176.101325666771,40485332190.0
1727.3143548,1727.3060175381709,40485332190.0
1042.5403079,1042.5264942921747,40485332190.0
918.32931878,918.3136367897228,40485332190.0
1283.8158536,1283.8046360930985,40485332190.0
1155.1699721,1155.1575054159257,40485332190.0
5241.5284101,5241.525662545862,40485332190.0
635.15214414,635.1294702498503,40485332190.0
577.30213241,577.2771863386675,40485332190.0
2496.2061142,2496.2003449740687,40485332190.0
3146.734555,3146.7299785186065,40485332190.0
849.39786988,849.3809152210961,40485332190.0
7313.1535255,7313.15155632443,40485332190.0
1170.4679532,1170.455649390443,40485332190.0
1163.390456,1163.3780773775857,40485332190.0
516.95103956,516.9231810248458,40485332190.0
1816.0402806,1816.0323506023756,40485332190.0
1584.1373394,1584.128248592414,40485332190.0
5639.3525071,5639.349953430664,40485332190.0
1359.8414271,1359.8308368093303,40485332190.0
421.29794019,421.2637560888635,40485332190.0
319.37340793,319.3283129754884,40485332190.0
4549.2405694,4549.237403864982,40485332190.0
3603.1266078,3603.122611005868,40485332190.0
1532.2793087,1532.2699102060928,40485332190.0
1982.9685802,1982.961317752938,40485332190.0
702.92302022,702.9025324614431,40485332190.0
1723.6772931,1723.6689382247928,40485332190.0
4152.6303365,4152.626868573095,40485332190.0
2527.5469292,2527.5412315401286,40485332190.0
204.13864127,204.06808333922208,40485332190.0
2001.6521661,2001.644971488254,40485332190.0
1688.7999828,1688.7914553674213,40485332190.0
4174.4098463,4174.406396518923,40485332190.0
7548.7461034,7548.74419564034,40485332190.0
1201.6243236,1201.6123388497795,40485332190.0
1106.6481198,1106.635106510987,40485332190.0
580.3448927,580.3200774253385,40485332190.0
1287.9084341,1287.8972523390814,40485332190.0
855.48254421,855.4657101481706,40485332190.0
853.1420133,853.1251330563662,40485332190.0
3959.763412,3959.759775091201,40485332190.0
13317.551835,13317.550753089266,40485332190.0
2906.5714864,2906.5665316814598,40485332190.0
650.65248979,650.630356074497,40485332190.0
1495.8794981,1495.869870922971,40485332190.0
3302.3744361,3302.370075265361,40485332190.0
15327.131925,15327.130986037386,40485332190.0
1648.2573717,1648.2486344662202,40485332190.0
1663.9850267,1663.976372116655,40485332190.0
1050.7947191,1050.7810140077106,40485332190.0
22147.968126,22147.96747583753,40485332190.0
3457.0798704,3457.075704673541,40485332190.0
7802.1737991,7802.171953328946,40485332190.0
5540.610575,5540.607975812696,40485332190.0
4175.8813396,4175.87789101673,40485332190.0
1201.5403146,1201.5283289922772,40485332190.0
902.95051135,902.9345622599677,40485332190.0
722.62144628,722.6015170287644,40485332190.0
837.79475047,837.777560979516,40485332190.0
1319.4769673,1319.4660529643227,40485332190.0
8724.6138036,8724.61215300653,40485332190.0
755.57072194,755.5516617806463,40485332190.0
2531.922844,2531.917156183064,40485332190.0
7470.5827918,7470.580864121106,40485332190.0
547.83894921,547.8126614486252,40485332190.0
3335.6737431,3335.6694258304105,40485332190.0
370.50719851,370.4683278335596,40485332190.0
1337.4351943,1337.4244265154214,40485332190.0
1495.9243608,1495.9147338538287,40485332190.0
688.93486447,688.913960709982,40485332190.0
3994.280489,3994.2768835958123,40485332190.0
1037.3861166,1037.372234468213,40485332190.0
2206.0885146,2206.08198676865,40485332190.0
1606.2724382,1606.263472595433,40485332190.0
797.21169564,797.1936310863597,40485332190.0
2769.2871024,2769.2819021738133,40485332190.0
1354.4088728,1354.398239956252,40485332190.0
2828.1533221,2828.148230032242,40485332190.0
3308.3201497,3308.315796727892,40485332190.0
1277.7616869,1277.7504162727973,40485332190.0
333.92884712,333.88571804748193,40485332190.0
1101.6217122,1101.6086394285508,40485332190.0
973.9959534,973.9811676953183,40485332190.0
470.88476745,470.8541833705383,40485332190.0
3035.5760861,3035.5713419676363,40485332190.0
2218.5773743,2218.570883184851,40485332190.0
1329.9289096,1329.9180811109202,40485332190.0
11826.588783,11826.587565173366,40485332190.0
1620.0223358,1620.013446322668,40485332190.0
1097.572201,1097.5590800188547,40485332190.0
1157.5653696,1157.5529287474758,40485332190.0
13626.305445,13626.304387528386,40485332190.0
3855.4254484,3855.4217131190517,40485332190.0
560.84241277,560.8167345429621,40485332190.0
724.10765142,724.0877630618392,40485332190.0
2159.0600341,2159.0533639915416,40485332190.0
445.96087743,445.92858393748463,40485332190.0
1229.8728686,1229.8611590972787,40485332190.0
5997.1494175,5997.147016198861,40485332190.0
320.68922732,320.6443174362054,40485332190.0
541.09526915,541.068653754179,40485332190.0
1517.2565828,1517.2470912102747,40485332190.0
5120.0741618,5120.071349139328,40485332190.0
873.79330543,873.7768241325266,40485332190.0
754.60147278,754.5823881422145,40485332190.0
2438.6756544,2438.6697490501106,40485332190.0
8850.2859631,8850.284335953458,40485332190.0
1345.6934612,1345.6827595872578,40485332190.0
557.8589302,557.8331146339342,40485332190.0
2913.9447886,2913.9398463926755,40485332190.0
3910.9857897,3910.9821075247346,40485332190.0
4712.1338882,4712.130832046447,40485332190.0
4068.3050274,4068.3014875091935,40485332190.0
1362.9028481,1362.892281603748,40485332190.0
7226.5766143,7226.574621538646,40485332190.0
1236.7420296,1236.7303851851054,40485332190.0
2512.1672716,2512.161538993739,40485332190.0
5948.8232475,5948.820826681933,40485332190.0
1080.2976763,1080.284345608333,40485332190.0
538.79918636,538.7724575397564,40485332190.0
2460.5027596,2460.4969066527424,40485332190.0
4242.7975895,4242.794195177976,40485332190.0
4414.0562127,4414.0529500978455,40485332190.0
2251.9632834,2251.9568885099316,40485332190.0
8080.4089923,8080.407210166209,40485332190.0
296.5117729,296.4632005021221,40485332190.0
669.93671619,669.9152196248166,40485332190.0
519.52343325,519.4957126657712,40485332190.0
1678.7300387,1678.721460090596,40485332190.0
2089.5247813,2089.5178892170516,40485332190.0
2480.6173157,2480.611510284088,40485332190.0
385.53936139,385.50200642074304,40485332190.0
8462.3969555,8462.39525372017,40485332190.0
854.43185212,854.4149973492508,40485332190.0
1825.7762416,1825.7683539017485,40485332190.0
1277.1644348,1277.1531588870341,40485332190.0
2751.980816,2751.975583009649,40485332190.0
1673.0161235,1673.0075156613989,40485332190.0
626.00822388,625.9852187905618,40485332190.0
555.37261061,555.3466794665678,40485332190.0
891.1464482,891.130287852057,40485332190.0
836.99159765,836.9743916758728,40485332190.0
6650.6398861,6650.637720785948,40485332190.0
498.29600891,498.26710735896,40485332190.0
504.56411848,504.5355759871942,40485332190.0
200.49762977,200.42579006094493,40485332190.0
1324.2231789,1324.2123037716494,40485332190.0
949.32399541,949.3088254374062,40485332190.0
724.78057488,724.760704995964,40485332190.0
1969.503888,1969.4965759266,40485332190.0
17643.335675,17643.334858529757,40485332190.0
1603.3539571,1603.3449751756489,40485332190.0
1159.354442,1159.3420203564394,40485332190.0
961.86232057,961.8473483379231,40485332190.0
2220.1030445,2220.096557752846,40485332190.0
3080.164236,3080.1595605585944,40485332190.0
690.9990303,690.9781889888656,40485332190.0
1625.5206806,1625.511821167684,40485332190.0
1431.2421762,1431.2321141986338,40485332190.0
816.60392906,816.5862935105984,40485332190.0
1752.6778425,1752.669625843731,40485332190.0
1206.8726866,1206.8607539295595,40485332190.0
1960.8710803,1960.8637359616218,40485332190.0
337.98525151,337.94264013948714,40485332190.0
1105.7432747,1105.7302506568765,40485332190.0
2351.2675517,2351.2614268238954,40485332190.0
951.9720248,951.9568970185096,40485332190.0
236.49735207,236.43645090330804,40485332190.0
2384.0392181,2384.0331774561437,40485332190.0
1397.1993433,1397.1890361637586,40485332190.0
4216.302786,4216.299370438207,40485332190.0
166.27437233,166.1877392422049,40485332190.0
677.84106091,677.819815022154,40485332190.0
265.84612413,265.7919477616457,40485332190.0
1628.133669,1628.1248237437583,40485332190.0
2036.0855637,2036.0784907435357,40485332190.0
4033.9685835,4033.965013526299,40485332190.0
632.41508853,632.3923165160526,40485332190.0
3397.5738002,3397.5695615705927,40485332190.0
792.49829533,792.480123333893,40485332190.0
1145.3795159,1145.3669425632295,40485332190.0
448.845615,448.8135290800933,40485332190.0
3490.0538689,3490.0497425717804,40485332190.0
1160.6941728,1160.6817653990988,40485332190.0
902.19041963,902.1744571062674,40485332190.0
8696.4271252,8696.425469193586,40485332190.0
881.4272008,881.4108622583285,40485332190.0
1913.0896771,1913.0821494927186,40485332190.0
588.91091053,588.8864562253918,40485332190.0
2278.851828,2278.845508521221,40485332190.0
1937.9328994,1937.9254681488867,40485332190.0
2529.8331975,2529.8275050034417,40485332190.0
5553.2815828,5553.278989510728,40485332190.0
2297.2542292,2297.247960356613,40485332190.0
681.26127615,681.2401369204832,40485332190.0
3909.7047214,3909.7010379878484,40485332190.0
663.52463665,663.5029323364862,40485332190.0
4566.8614185,4566.85826510278,40485332190.0
1518.4294032,1518.4199189640183,40485332190.0
777.99504456,777.976533798033,40485332190.0
1773.63876,1773.630640412186,40485332190.0
547.86540972,547.8391232378259,40485332190.0
6364.5009539,6364.49869113911,40485332190.0
261.15741803,261.1022687984684,40485332190.0
2897.4749947,2897.4700244745372,40485332190.0
2239.8478837,2239.8414541573734,40485332190.0
3417.6808769,3417.6766632487647,40485332190.0
1737.5533024,1737.5450141952392,40485332190.0
485.06505402,485.0353640834494,40485332190.0
1638.5210262,1638.5122371580937,40485332190.0
1157.4939966,1157.4815548965557,40485332190.0
4748.2601684,4748.257135507622,40485332190.0
1238.8047966,1238.7931715594725,40485332190.0
2376.6102992,2376.6042397549686,40485332190.0
1772.8120446,1772.8039213032037,40485332190.0
479.74934034,479.7193214102431,40485332190.0
1133.0828936,1133.0701837699812,40485332190.0
8024.6596759,8024.657881280823,40485332190.0
2052.4005274,2052.3935106657773,40485332190.0
1760.8573175,1760.8491390474267,40485332190.0
3819.9970903,3819.993320291411,40485332190.0
920.15804785,920.1423970289078,40485332190.0
1094.2910408,1094.277880534407,40485332190.0
1277.5504555,1277.539182967031,40485332190.0
1131.3276152,1131.314885788432,40485332190.0
390.11533251,390.07841574994,40485332190.0
1014.2208948,1014.2066955681463,40485332190.0
1840.6322379,1840.6244138981378,40485332190.0
1256.6982306,1256.686771089205,40485332190.0
6556.0326488,6556.0304521817225,40485332190.0
2235.5889012,2235.582459447207,40485332190.0
2737.6440552,2737.6387948021616,40485332190.0
470.89479892,470.86421548581245,40485332190.0
1069.6121955,1069.5987315624125,40485332190.0
2456.45572,2456.4498573542287,40485332190.0
737.0174673,736.9979273286931,40485332190.0
2361.4079796,2361.401881069374,40485332190.0
10573.745427,10573.74406415806,40485332190.0
3791.3745599,3791.370761458434,40485332190.0
1729.6892402,1729.6809143728435,40485332190.0
771.72081114,771.7021498818949,40485332190.0
599.12273377,599.0986962849846,40485332190.0
1387.7858443,1387.7754672111662,40485332190.0
12475.005249,12475.004094181137,40485332190.0
2902.1233535,2902.1183912376378,40485332190.0
2526.0765054,2526.0708043620475,40485332190.0
307.03077472,306.9838666864371,40485332190.0
3385.7934534,3385.7892000628644,40485332190.0
1792.3341951,1792.3261602660527,40485332190.0
2869.2283685,2869.2233492842515,40485332190.0
12249.712481,12249.711304973594,40485332190.0
2549.5021346,2549.496486053397,40485332190.0
1330.7799818,1330.7691601741712,40485332190.0
1072.7118009,1072.6983758617775,40485332190.0
9517.6595887,9517.65807553558,40485332190.0
889.83928601,889.8231019185193,40485332190.0
718.46564936,718.4456048244899,40485332190.0
469.88409779,469.85344857824794,40485332190.0
849.76277625,849.7458288732391,40485332190.0
1012.8212842,1012.8070652939905,40485332190.0
2654.1792576,2654.173831693349,40485332190.0
1361.255389,1361.244809654905,40485332190.0
9983.9333567,9983.931914322517,40485332190.0
3083.1759965,3083.171325555576,40485332190.0
2508.2498592,2508.2441176873463,40485332190.0
1398.0849016,1398.0746008813662,40485332190.0
1878.6344489,1878.626783147248,40485332190.0
3040.3751784,3040.370441737543,40485332190.0
2138.401684,2138.3949494959024,40485332190.0
730.0289743,730.0092472707914,40485332190.0
1465.8192706,1465.809445902822,40485332190.0
572.05528253,572.0301076446476,40485332190.0
304.13971007,304.09235607307795,40485332190.0
4573.2199326,4573.216783577543,40485332190.0
1563.543322,1563.5341114177268,40485332190.0
3547.2484743,3547.244414477885,40485332190.0
481.91790139,481.88801755285306,40485332190.0
2835.5584237,2835.553344912612,40485332190.0
898.61739739,898.6013713992556,40485332190.0
635.77906406,635.7564125361214,40485332190.0
452.97433162,452.94253817546854,40485332190.0
4822.4485908,4822.4456044858025,40485332190.0
957.39577883,957.3807367517835,40485332190.0
528.2049412,528.177676243078,40485332190.0
650.89819229,650.8760669318326,40485332190.0
3785.8137374,3785.8099334349918,40485332190.0
905.21569909,905.1997899065631,40485332190.0
841.10404332,841.0869214689379,40485332190.0
909.67699332,909.6611621602731,40485332190.0
5112.6192951,5112.616478336184,40485332190.0
2976.7835218,2976.7786839949867,40485332190.0
368.47669564,368.4376107442338,40485332190.0
15766.398106,15766.397192485712,40485332190.0
309.85266658,309.8061858048203,40485332190.0
890.27167084,890.2554946106023,40485332190.0
1090.9923021,1090.979102037769,40485332190.0
429.16512976,429.1315723416317,40485332190.0
762.77377675,762.7548965968743,40485332190.0
2406.776816,2406.770832430233,40485332190.0
4589.9960999,4589.9929624477145,40485332190.0
19198.351202,19198.3504512481,40485332190.0
602.50897354,602.4850711598478,40485332190.0
887.55248393,887.5362581424777,40485332190.0
4052.2232929,4052.219739047339,40485332190.0
779.51257763,779.494102900621,40485332190.0
4424.5764798,4424.57322495464,40485332190.0
2440.2093914,2440.203489801013,40485332190.0
1508.9847377,1508.9751940647286,40485332190.0
1365.1922834,1365.1817345411805,40485332190.0
1097.8583693,1097.845251721646,40485332190.0
2335.3169185,2335.310751839924,40485332190.0
1452.0727136,1452.0627959529488,40485332190.0
1181.662639,1181.6504517851474,40485332190.0
1599.8470009,1599.8379992893422,40485332190.0
1724.6165254,1724.608175101717,40485332190.0
533.19287642,533.165866541119,40485332190.0
869.94926445,869.9327103223465,40485332190.0
216.16069128,216.09405877027035,40485332190.0
3873.1324222,3873.1287039683752,40485332190.0
529.56794936,529.5407545791323,40485332190.0
2036.515378,2036.5083066047873,40485332190.0
1222.0350485,1222.0232639819278,40485332190.0
1207.6002492,1207.5883237852,40485332190.0
574.60959748,574.584534507423,40485332190.0
3243.5505886,3243.5461487008574,40485332190.0
683.16132757,683.1402471425248,40485332190.0
667.88796262,667.8664001134009,40485332190.0
6109.202897,6109.20053973343,40485332190.0
2551.6850712,2551.6794273740234,40485332190.0
1256.9687086,1256.9572515768684,40485332190.0
652.26669507,652.2446161393563,40485332190.0
2156.737314,2156.7306367342576,40485332190.0
586.38637073,586.3618111326467,40485332190.0
1045.4171719,1045.4033963664428,40485332190.0
1358.4696133,1358.4590121989845,40485332190.0
4490.258771,4490.255563810436,40485332190.0
405.75220429,405.7167103627897,40485332190.0
719.0558998,719.0358717232161,40485332190.0
2159.6664883,2159.6598200778353,40485332190.0
1673.3398856,1673.3312792945735,40485332190.0
5151.1975766,5151.194780925824,40485332190.0
2284.4857827,2284.479478853508,40485332190.0
9529.0690427,9529.067531334767,40485332190.0
4418.882789,4418.8795300269285,40485332190.0
350.86000438,350.8189568024023,40485332190.0
613.92224749,613.8987894920353,40485332190.0
630.60310782,630.5802703595213,40485332190.0
1970.2087102,1970.201400763465,40485332190.0
668.14766078,668.126106642824,40485332190.0
634.26379916,634.2410935211346,40485332190.0
1669.3976094,1669.388982883901,40485332190.0
1766.7660301,1766.7578789392085,40485332190.0
1659.4736586,1659.464980455561,40485332190.0
3063.4673566,3063.4626556850208,40485332190.0
8462.3038198,8462.30211796181,40485332190.0
330.48589664,330.4423181995463,40485332190.0
700.71891607,700.698363861613,40485332190.0
984.5724633,984.557836427774,40485332190.0
8181.5378968,8181.536136616755,40485332190.0
1467.3009914,1467.291176618017,40485332190.0
841.36378561,841.3466690502637,40485332190.0
3916.5076495,3916.503972489804,40485332190.0
1353.3515016,1353.3408605688899,40485332190.0
223.18064387,223.1161078391573,40485332190.0
4681.0629193,4681.059842836792,40485332190.0
510.75686284,510.72866642822,40485332190.0
4263.6142215,4263.610843792165,40485332190.0
1082.8127194,1082.7994196274365,40485332190.0
2538.4149914,2538.4093181269554,40485332190.0
362.18765544,362.14789179512263,40485332190.0
1071.9348202,1071.9213854406132,40485332190.0
18649.27866,18649.27788796902,40485332190.0
749.29723989,749.2780201462909,40485332190.0
1608.4733126,1608.4643592656776,40485332190.0
886.17328974,886.1570386902514,40485332190.0
470.54500807,470.51440190745797,40485332190.0
2263.9528892,2263.9465281645284,40485332190.0
2487.6210664,2487.6152772783707,40485332190.0
6774.7714541,6774.769328443653,40485332190.0
1622.9375523,1622.9286787701253,40485332190.0
3185.2611102,3185.2565890122783,40485332190.0
1201.1826298,1201.1706406318199,40485332190.0
8443.6747218,8443.67301626075,40485332190.0
1809.1564606,1809.1485003832126,40485332190.0
1108.5578444,1108.544853502898,40485332190.0
2913.0816071,2913.0766634860715,40485332190.0
751.91684988,751.8976971074945,40485332190.0
2008.4710097,2008.4638395032177,40485332190.0
600.45379514,600.4298109476878,40485332190.0
4657.4439852,4657.44089320018,40485332190.0
1437.4976975,1437.487679204261,40485332190.0
3375.993149,3375.988883249603,40485332190.0
3584.833962,3584.829944756014,40485332190.0
846.96610091,846.9490975717714,40485332190.0
1986.6745238,1986.667274986088,40485332190.0
1689.4023706,1689.3938461695097,40485332190.0
288.3082964,288.25834169373593,40485332190.0
3598.9512054,3598.9472039751836,40485332190.0
429.49479195,429.46126029387585,40485332190.0
302.52672414,302.4791176212774,40485332190.0
775.27126955,775.2526937474427,40485332190.0
1446.2161511,1446.2061933390144,40485332190.0
1012.2814127,1012.2671862128993,40485332190.0
5488.4030897,5488.40046587974,40485332190.0
5354.2363249,5354.23363522916,40485332190.0
1200.9919703,1200.9799791963126,40485332190.0
730.11728426,730.0975596145578,40485332190.0
1346.6830497,1346.6723558902497,40485332190.0
315.11275641,315.0670516439932,40485332190.0
1220.3256009,1220.313799845629,40485332190.0
9581.499345,9581.497841947004,40485332190.0
1375.4130249,1375.4025544684446,40485332190.0
2648.8408972,2648.835460441861,40485332190.0
1860.8952089,1860.8874700096871,40485332190.0
4819.5775224,4819.574534332734,40485332190.0
2790.7782912,2790.7731310281106,40485332190.0
1914.6241072,1914.6165855246445,40485332190.0
224.17596634,224.1117169303083,40485332190.0
1241.5152055,1241.503605816666,40485332190.0
370.17956868,370.14066360188025,40485332190.0
2150.6483222,2150.641625952297,40485332190.0
11246.660699,11246.659418880998,40485332190.0
1921.0106095,1921.0031128619005,40485332190.0
1322.5798353,1322.5689466591075,40485332190.0
2375.9748892,2375.9688281238286,40485332190.0
8303.6694638,8303.667729450246,40485332190.0
1450.766066,1450.7561394131696,40485332190.0
3697.7278331,3697.723938475509,40485332190.0
1360.5179922,1360.5074071884915,40485332190.0
5295.1648259,5295.162106217276,40485332190.0
858.75391217,858.7371422370696,40485332190.0
3361.2226662,3361.2183817068994,40485332190.0
1826.8723691,1826.864486135442,40485332190.0
1319.8234226,1319.8125111836675,40485332190.0
1411.1143553,1411.1041497797335,40485332190.0
5313.8777368,5313.875026709032,40485332190.0
2168.8784556,2168.871815663748,40485332190.0
2023.3265145,2023.319396939429,40485332190.0
859.36478609,859.3480280733748,40485332190.0
6189.7870348,6189.784708152336,40485332190.0
1043.1212157,1043.1074097867086,40485332190.0
688.85706971,688.8361635919198,40485332190.0
1830.1888128,1830.1809440932307,40485332190.0
489.53526002,489.5058412149557,40485332190.0
3707.6750722,3707.671188059553,40485332190.0
3746.6549843,3746.65114060736,40485332190.0
2473.8043234,2473.798501913207,40485332190.0
5999.6187661,5999.616365779519,40485332190.0
549.28379378,549.2575751723313,40485332190.0
2294.7778939,2294.7716183015064,40485332190.0
2098.5411075,2098.5342450672856,40485332190.0
297.09524617,297.0467691815339,40485332190.0
1003.8075137,1003.7931671182671,40485332190.0
2177.4044891,2177.397875221061,40485332190.0
1227.6918352,1227.6801049911448,40485332190.0
1036.5683381,1036.5544449743365,40485332190.0
9189.4900146,9189.488447522008,40485332190.0
511.12768497,511.09950901657686,40485332190.0
1633.4824369,1633.4736206913594,40485332190.0
900.48477406,900.4687812993238,40485332190.0
3581.4517994,3581.447778338963,40485332190.0
2349.0812541,2349.0751235443004,40485332190.0
22393.104813,22393.104170007504,40485332190.0
5300.5702626,5300.567545700264,40485332190.0
429.15076383,429.1172052910871,40485332190.0
1422.8486781,1422.8385567450139,40485332190.0
2207.6457704,2207.639247033646,40485332190.0
1105.9826533,1105.9696321332901,40485332190.0
1070.2403726,1070.2269165144126,40485332190.0
2116.4149023,2116.4080978213783,40485332190.0
2816.9468283,2816.9417159991394,40485332190.0
7390.7423906,7390.740442112879,40485332190.0
11142.678301,11142.677008942732,40485332190.0
4794.223873,4794.220869152198,40485332190.0
1541.4348299,1541.425487209782,40485332190.0
529.89791153,529.8707336925182,40485332190.0
726.73370196,726.713885481552,40485332190.0
1693.4249565,1693.4164522940978,40485332190.0
479.75808853,479.72807014596407,40485332190.0
187.35029319,187.2734101228264,40485332190.0
534.55984863,534.5329078211636,40485332190.0
721.63569379,721.6157373138026,40485332190.0
811.8248217,811.8070823209479,40485332190.0
310.24803573,310.20161419756766,40485332190.0
788.12391084,788.1056379896008,40485332190.0
3688.7594878,3688.755583767173,40485332190.0
566.21083054,566.1853957903102,40485332190.0
1230.7899721,1230.7782713214383,40485332190.0
3760.9605579,3760.9567288362778,40485332190.0
6064.8514051,6064.849030628596,40485332190.0
2591.7289382,2591.7233816232724,40485332190.0
700.00163841,699.981065136483,40485332190.0
514.68801176,514.6600307262727,40485332190.0
3706.937112,3706.9332270881105,40485332190.0
4497.8410709,4497.837869103422,40485332190.0
932.97047511,932.9550392174947,40485332190.0
5468.1255756,5468.122941944851,40485332190.0
10481.206266,10481.204891864323,40485332190.0
1595.2154038,1595.206376125379,40485332190.0
1242.2055655,1242.193972268284,40485332190.0
664.10126155,664.0795760873086,40485332190.0
1250.6814118,1250.6698971575556,40485332190.0
1703.3870475,1703.3785930441227,40485332190.0
433.6615241,433.6283146490214,40485332190.0
2124.6077062,2124.600927907185,40485332190.0
629.74804516,629.7251766960275,40485332190.0
2690.5082818,2690.5029292834956,40485332190.0
668.76181596,668.7402816193305,40485332190.0
467.50666803,467.4758629365062,40485332190.0
709.87776429,709.8574772504589,40485332190.0
6937.2227794,6937.220703508887,40485332190.0
6631.9475777,6631.945406298193,40485332190.0
4435.5537768,4435.550530057785,40485332190.0
434.23981141,434.2066461950795,40485332190.0
495.94760234,495.91856392619076,40485332190.0
1550.0645808,1550.0552900965035,40485332190.0
836.69043236,836.6732201957591,40485332190.0
4376.2383659,4376.235075129953,40485332190.0
435.52633469,435.4932674440748,40485332190.0
838.96138469,838.9442191120473,40485332190.0
3853.3550636,3853.3513263171044,40485332190.0
1903.9988693,1903.9913056703158,40485332190.0
2988.0854378,2988.0806183759673,40485332190.0
598.80933459,598.7852845385096,40485332190.0
5907.5010681,5907.498630310926,40485332190.0
1798.5583091,1798.5503019625291,40485332190.0
994.50819724,994.4937164947963,40485332190.0
1482.9453435,1482.9356322904068,40485332190.0
2334.4885496,2334.4823807065222,40485332190.0
1063.2629079,1063.249363597024,40485332190.0
1653.5847389,1653.576029876298,40485332190.0
2536.9124055,2536.9067288997758,40485332190.0
2487.6760852,2487.6702962208938,40485332190.0
5697.0550005,5697.052472713704,40485332190.0
1665.9847253,1665.9760810290497,40485332190.0
1258.8961233,1258.8846838484064,40485332190.0
1039.731654,1039.7178031395786,40485332190.0
2038.399455,2038.3923900401094,40485332190.0
2878.7932371,2878.788234601314,40485332190.0
803.44671732,803.4287929514418,40485332190.0
3602.7046088,3602.7006115095282,40485332190.0
2019.0950664,2019.0879338556842,40485332190.0
1281.3575158,1281.3462768113666,40485332190.0
1849.6361667,1849.6283807671239,40485332190.0
980.65826045,980.6435752010041,40485332190.0
12436.260159,12436.259001300132,40485332190.0
948.45115871,948.4359747636893,40485332190.0
2197.2861159,2197.2795618172718,40485332190.0
8275.9536045,8275.951864413862,40485332190.0
297.61745513,297.56906321274016,40485332190.0
6574.3074506,6574.30526006415,40485332190.0
2089.496806,2089.489913821152,40485332190.0
1195.4183823,1195.4063353339634,40485332190.0
3056.0691131,3056.064400819015,40485332190.0
1695.6415595,1695.6330665450616,40485332190.0
9870.1993789,9870.197919785891,40485332190.0
1586.0654452,1586.056365362304,40485332190.0
996.41307469,996.3986216384903,40485332190.0
5758.5143509,5758.511850139283,40485332190.0
405.19658462,405.1610420106939,40485332190.0
1108.0300308,1108.0170336645783,40485332190.0
918.46157594,918.4458962057497,40485332190.0
318.40703068,318.3617988412355,40485332190.0
1407.7267814,1407.7165512772508,40485332190.0
1807.2042255,1807.1962568138615,40485332190.0
2176.0685972,2176.0619792993243,40485332190.0
748.93955503,748.9203261062027,40485332190.0
3164.114216,3164.10966464575,40485332190.0
3387.3638841,3387.359632694495,40485332190.0
2164.2895096,2164.282855619861,40485332190.0
1095.5135891,1095.5004434952564,40485332190.0
3334.4368686,3334.432549716157,40485332190.0
2067.4332598,2067.426294124224,40485332190.0
731.04366145,731.0239617977248,40485332190.0
1390.7968554,1390.7865007345877,40485332190.0
1284.3791358,1284.3679232613213,40485332190.0
1346.0082959,1345.9975966749569,40485332190.0
1983.9268579,1983.9195989498612,40485332190.0
1405.7107126,1405.7004677876196,40485332190.0
1300.5613899,1300.5503168809946,40485332190.0
717.97021078,717.9501524114397,40485332190.0
287.75580954,287.7057588992367,40485332190.0
662.79207464,662.7703463416694,40485332190.0
2189.1834757,2189.176897372787,40485332190.0
1049.2208516,1049.2071259765016,40485332190.0
1990.1977356,1990.1904995613183,40485332190.0
1008.5365487,1008.5222693980139,40485332190.0
2136.9441396,2136.9374005358795,40485332190.0
2149.9857972,2149.9790990045326,40485332190.0
1177.849809,1177.8375823417607,40485332190.0
4681.9713621,4681.968286307528,40485332190.0
5593.9549138,5593.9523394030075,40485332190.0
1024.506071,1024.4920142230642,40485332190.0
4370.9598796,4370.956584895526,40485332190.0
3072.814363,3072.809676310863,40485332190.0
861.3240572,861.3073372996953,40485332190.0
735.61779032,735.5982131654674,40485332190.0
922.6484617,922.6328531289668,40485332190.0
546.32858824,546.3022278071663,40485332190.0
645.58898536,645.5666780358116,40485332190.0
3392.3311249,3392.3268796602783,40485332190.0
1167.9455027,1167.9331722741097,40485332190.0
701.78587639,701.7653554227059,40485332190.0
300.82988928,300.7820141992555,40485332190.0
1170.4963676,1170.4840641797464,40485332190.0
2070.3835449,2070.3765890718837,40485332190.0
916.05432845,916.0386075091828,40485332190.0
1461.4439614,1461.4341073126036,40485332190.0
9559.0702367,9559.068730091622,40485332190.0
804.81205087,804.7941569241982,40485332190.0
3014.8784095,3014.8736327233196,40485332190.0
1435.3314723,1435.3214389881846,40485332190.0
921.2491274,921.2334951144654,40485332190.0
795.6010417,795.5829405699126,40485332190.0
368.31852662,368.2794249444116,40485332190.0
1467.2437046,1467.233889526778,40485332190.0
1336.1809031,1336.1701252550602,40485332190.0
14712.058824,14712.057844778406,40485332190.0
1589.7377334,1589.7286745440992,40485332190.0
258.09044319,258.0346384564178,40485332190.0
979.19857054,979.1838633947362,40485332190.0
459.4907065,459.45936397119476,40485332190.0
3691.1733334,3691.169431859972,40485332190.0
427.92378436,427.8901295965006,40485332190.0
639.52342746,639.5009085539544,40485332190.0
6112.3946869,6112.392330890614,40485332190.0
1679.4426882,1679.4341132435595,40485332190.0
3916.8419416,3916.8382649335913,40485332190.0
2796.3180797,2796.3129296605443,40485332190.0
735.51907427,735.4994944937914,40485332190.0
2129.4540727,2129.4473099129964,40485332190.0
9407.3728991,9407.371368320744,40485332190.0
845.46326558,845.4462320042917,40485332190.0
4956.4144224,4956.411516873699,40485332190.0
329.99730451,329.95366154154107,40485332190.0
704.15037611,704.1299240611509,40485332190.0
7938.8359777,7938.834163783621,40485332190.0
1339.2183073,1339.2075538275615,40485332190.0
1489.7787262,1489.7690595397276,40485332190.0
3869.3327749,3869.329053091485,40485332190.0
5518.3631076,5518.360497911437,40485332190.0
635.66066855,635.6380128008049,40485332190.0
2391.227251,2391.22122851415,40485332190.0
2135.0697276,2135.0629825047395,40485332190.0
5757.8879728,5757.885471619735,40485332190.0
727.18213517,727.1623309009236,40485332190.0
2267.163915,2267.1575629583285,40485332190.0
1188.8241073,1188.8119934774709,40485332190.0
2182.644725,2182.63812700339,40485332190.0
621.37250576,621.3493290365927,40485332190.0
16567.0973,16567.096430653095,40485332190.0
2879.4565555,2879.4515541956766,40485332190.0
2723.9901268,2723.9848400787064,40485332190.0
1320.1529977,1320.1420890670026,40485332190.0
1908.4629234,1908.4553774489402,40485332190.0
2275.5836728,2275.5773442777877,40485332190.0
1353.7777845,1353.7671467186074,40485332190.0
6460.6075903,6460.605361308745,40485332190.0
10820.003357,10820.002026129578,40485332190.0
10514.575633,10514.574263402954,40485332190.0
213.4350726,213.36758890421652,40485332190.0
1027.5989623,1027.584947847041,40485332190.0
3092.0920861,3092.0874287140073,40485332190.0
966.52743409,966.5125341199384,40485332190.0
2510.231029,2510.2252919780917,40485332190.0
1007.1397932,1007.1254941438483,40485332190.0
3097.8078631,3097.80321428158,40485332190.0
3110.0111989,3110.00656832692,40485332190.0
646.46079069,646.4385134500468,40485332190.0
2483.9855897,2483.9797920952947,40485332190.0
2221.9306991,2221.924217710004,40485332190.0
10099.057529,10099.05610349123,40485332190.0
3013.4108109,3013.406031981316,40485332190.0
1217.1821325,1217.1703009174705,40485332190.0
756.42678472,756.4077461408477,40485332190.0
6664.1131682,6664.111007258212,40485332190.0
2891.1603869,2891.1554058275865,40485332190.0
1796.5043363,1796.496320159061,40485332190.0
10961.7028,10961.701485697637,40485332190.0
1189.8316457,1189.8195421459427,40485332190.0
353.87948733,353.8387900341343,40485332190.0
7275.9963154,7275.994336201989,40485332190.0
1345.2841103,1345.2734053652068,40485332190.0
330.34161426,330.298016785306,40485332190.0
1420.4567058,1420.4465674878995,40485332190.0
796.43008175,796.4119994668047,40485332190.0
3404.9530792,3404.948849780116,40485332190.0
321.25267265,321.20784153665363,40485332190.0
1291.7426865,1291.7315378570725,40485332190.0
3345.9143421,3345.9100380429018,40485332190.0
2894.4924129,2894.487437531048,40485332190.0
4589.6131879,4589.610050155551,40485332190.0
5233.2944087,5233.291656961952,40485332190.0
282.96459853,282.91370027585947,40485332190.0
7024.9735056,7024.971455639687,40485332190.0
2044.8580571,2044.8510145012053,40485332190.0
501.55881306,501.5300995317644,40485332190.0
2152.8400405,2152.833351108164,40485332190.0
9593.8693332,9593.867832133903,40485332190.0
3382.3512674,3382.3470097037375,40485332190.0
1950.5742094,1950.5668263357857,40485332190.0
1047.1859489,1047.1721966431076,40485332190.0
11136.732877,11136.731583637777,40485332190.0
1081.5041406,1081.4908247709236,40485332190.0
3162.7466456,3162.7420922372144,40485332190.0
1057.8870299,1057.873416646445,40485332190.0
2828.0663208,2828.0612285651937,40485332190.0
9868.1050144,9868.10355502048,40485332190.0
1046.986322,1046.9725670547857,40485332190.0
2070.2777596,2070.2708034114094,40485332190.0
951.32573268,951.3105946263433,40485332190.0
8091.777854,8091.77607423954,40485332190.0
4181.2981902,4181.294746090512,40485332190.0
293.51856165,293.4694938348905,40485332190.0
16359.294538,16359.293657694157,40485332190.0
3489.4241313,3489.420004277455,40485332190.0
818.93626231,818.9186769812018,40485332190.0
1315.4876085,1315.4766610886065,40485332190.0
427.09272966,427.0590094048196,40485332190.0
2091.6092088,2091.6023236254523,40485332190.0
3068.4539129,3068.4492196423353,40485332190.0
1071.5546246,1071.54118496739,40485332190.0
699.42408213,699.4034918741144,40485332190.0
1315.5910113,1315.5800647420456,40485332190.0
2922.1555647,2922.150636464179,40485332190.0
648.04548451,648.0232617610287,40485332190.0
4243.5646029,4243.561209313492,40485332190.0
3736.2883723,3736.2845178947728,40485332190.0
3112.1002634,3112.095635931434,40485332190.0
2713.9679416,2713.962635278782,40485332190.0
536.9896277,536.9628088024523,40485332190.0
4391.1064541,4391.103174498412,40485332190.0
13067.823981,13067.822879712347,40485332190.0
734.52931553,734.5097093640685,40485332190.0
3944.6410637,3944.6374128321786,40485332190.0
1215.920026,1215.9081821270183,40485332190.0
3026.2404338,3026.235675060119,40485332190.0
854.29270394,854.2758464260281,40485332190.0
311.41766729,311.3714201367089,40485332190.0
1257.0748261,1257.0633700161566,40485332190.0
1359.2522454,1359.2416504677203,40485332190.0
3074.1116007,3074.1069160798443,40485332190.0
6400.3768822,6400.374632134907,40485332190.0
318.68286128,318.6376686040501,40485332190.0
3698.2355168,3698.2316227071474,40485332190.0
2605.7688731,2605.7633464316355,40485332190.0
2593.3096039,2593.3040506765246,40485332190.0
312.09833963,312.05219336743295,40485332190.0
3554.5945542,3554.5905027716212,40485332190.0
1415.6751521,1415.6649794168702,40485332190.0
940.61996109,940.6046507398336,40485332190.0
4797.9738684,4797.970866870359,40485332190.0
1506.276042,1506.2664812344512,40485332190.0
589.22543194,589.2009906815323,40485332190.0
330.60770968,330.5641473033325,40485332190.0
5570.7300223,5570.727437154928,40485332190.0
2372.2329318,2372.2268611373443,40485332190.0
1687.6262676,1687.6177342901003,40485332190.0
2689.0932572,2689.087901745637,40485332190.0
4902.8222992,4902.819361895566,40485332190.0
1072.6807139,1072.667288392379,40485332190.0
742.66039546,742.6410039644913,40485332190.0
1776.2153294,1776.2072215867186,40485332190.0
3454.5757379,3454.571569190242,40485332190.0
1108.136099,1108.123103185475,40485332190.0
1612.1756452,1612.166712542963,40485332190.0
7285.5650418,7285.563065174079,40485332190.0
1151.4261056,1151.4135984244456,40485332190.0
580.0611854,580.0363579968357,40485332190.0
9631.1612429,9631.15974766275,40485332190.0
4918.1053838,4918.102455690141,40485332190.0
985.14085359,985.12623516139,40485332190.0
693.25192321,693.2311496272235,40485332190.0
747.6978462,747.6785853496225,40485332190.0
7303.3639284,7303.361956602102,40485332190.0
5754.6051391,5754.602636546304,40485332190.0
7791.9567698,7791.954921612528,40485332190.0
334.58286232,334.53981757204605,40485332190.0
1275.2631993,1275.2519065467015,40485332190.0
1705.9337583,1705.9253164508002,40485332190.0
594.35967571,594.3354455929573,40485332190.0
8835.7664473,8835.7648174314,40485332190.0
1497.0857517,1497.0761323130248,40485332190.0
1581.304792,1581.2956847848602,40485332190.0
800.97903789,800.9610583023102,40485332190.0
1552.4256248,1552.4163481848718,40485332190.0
610.95827667,610.9347048665811,40485332190.0
5400.8577301,5400.8550636323835,40485332190.0
3370.650449,3370.6461764964743,40485332190.0
1757.9623559,1757.9541639905779,40485332190.0
2677.9620152,2677.956637576502,40485332190.0
792.3192605,792.3010843985445,40485332190.0
4795.5488213,4795.545818266924,40485332190.0
327.93917605,327.89525913922176,40485332190.0
1002.6131394,1002.5987757137844,40485332190.0
1009.2168961,1009.2026264316421,40485332190.0
3232.863851,3232.8593963872195,40485332190.0
1061.5738211,1061.5602551863758,40485332190.0
613.42819795,613.4047210582945,40485332190.0
1727.6453909,1727.637055193771,40485332190.0
526.13601901,526.1086468353814,40485332190.0
3540.7346226,3540.7305553830647,40485332190.0
7560.4468577,7560.444952917574,40485332190.0
2098.120145,2098.113281119461,40485332190.0
394.39920419,394.3626884557445,40485332190.0
404.2625714,404.2269466673461,40485332190.0
2537.4227622,2537.417086648075,40485332190.0
2207.5789202,2207.5723967641497,40485332190.0
933.1275391,933.1121058079273,40485332190.0
1889.6809526,1889.673331731973,40485332190.0
1306.1448315,1306.1338058118047,40485332190.0
3204.3651794,3204.360685159929,40485332190.0
1001.0334926,1001.0191062237916,40485332190.0
14035.541026,14035.540000535399,40485332190.0
1584.3405434,1584.3314537916217,40485332190.0
7557.0150515,7557.013145878955,40485332190.0
517.09619038,517.0683396723971,40485332190.0
2294.2961142,2294.2898372361965,40485332190.0
1734.3500723,1734.3417688370885,40485332190.0
723.85334166,723.8334463191319,40485332190.0
1385.9510016,1385.9406107690675,40485332190.0
5728.1182433,5728.115729268577,40485332190.0
1170.3510329,1170.3387279564972,40485332190.0
10544.85333,10544.851964489859,40485332190.0
5285.5328572,5285.530132576407,40485332190.0
5197.5710099,5197.568239136075,40485332190.0
3244.2739666,3244.2695276006607,40485332190.0
1319.3693873,1319.3584720565825,40485332190.0
2206.0819699,2206.075442009761,40485332190.0
594.63919964,594.6149809196393,40485332190.0
6866.0425886,6866.040491186466,40485332190.0
3417.6467137,3417.642499977286,40485332190.0
2365.4300224,2365.4239341939733,40485332190.0
5397.7216479,5397.718979943527,40485332190.0
1696.8452305,1696.8367435166474,40485332190.0
3286.986744,3286.9823627007377,40485332190.0
2266.544135,2266.5377812450038,40485332190.0
5263.640389,5263.637653105257,40485332190.0
425.08303914,425.04915944898977,40485332190.0
2487.4885155,2487.4827260892484,40485332190.0
926.95627551,926.940739470053,40485332190.0
1143.5343992,1143.5218055993341,40485332190.0
288.56575987,288.5158497369976,40485332190.0
638.39033,638.3677711301837,40485332190.0
5062.4492945,5062.446449867037,40485332190.0
3251.9565116,3251.9520831983473,40485332190.0
1802.1056285,1802.09763724073,40485332190.0
1075.5753125,1075.5619231937026,40485332190.0
1150.9604158,1150.947903440858,40485332190.0
575.45246451,575.4274382504856,40485332190.0
1118.6780378,1118.6651644277783,40485332190.0
1064.2594848,1064.245953100434,40485332190.0
984.44236369,984.4277348792376,40485332190.0
857.69599232,857.6792016927363,40485332190.0
4952.7475686,4952.744660887042,40485332190.0
989.94486211,989.9303146166851,40485332190.0
1681.3062982,1681.297732750948,40485332190.0
769.82914659,769.8104394765857,40485332190.0
3246.1600357,3246.1555993588204,40485332190.0
876.25299425,876.2365592180146,40485332190.0
351.23489085,351.19388709445985,40485332190.0
18904.474711,18904.473949407376,40485332190.0
519.53613471,519.5084147940529,40485332190.0
2264.3630026,2264.356642781734,40485332190.0
869.90553334,869.8889783860559,40485332190.0
220.38849708,220.3231431903996,40485332190.0
1183.2091501,1183.1969787385644,40485332190.0
2254.579581,2254.573193522368,40485332190.0
3991.8775215,3991.8739138568685,40485332190.0
7322.0681062,7322.066139410268,40485332190.0
406.93740462,406.902014077458,40485332190.0
2656.8634937,2656.8580734141065,40485332190.0
9326.9896536,9326.988109501483,40485332190.0
1633.6584383,1633.6496230252912,40485332190.0
3151.4394613,3151.4348916289173,40485332190.0
1475.3154939,1475.3057324825459,40485332190.0
1482.6712713,1482.661558378006,40485332190.0
2407.6491395,2407.643158086267,40485332190.0
5892.6023201,5892.599876142811,40485332190.0
670.89668531,670.8752194975973,40485332190.0
3396.1669683,3396.1627279585914,40485332190.0
579.35800918,579.3331516336036,40485332190.0
1255.9033063,1255.8918395246974,40485332190.0
1044.1239592,1044.1101665745457,40485332190.0
1017.7317248,1017.7175745232913,40485332190.0
570.29985818,570.2746057956526,40485332190.0
11774.227818,11774.226594858077,40485332190.0
600.95038278,600.9264184147398,40485332190.0
700.37712538,700.3565631366607,40485332190.0
1990.98756,1990.9803268185942,40485332190.0
6261.3888881,6261.3865880734,40485332190.0
3517.9526374,3517.9485437951153,40485332190.0
2314.1520335,2314.145810448794,40485332190.0
561.18268818,561.1570255243648,40485332190.0
1763.6041802,1763.5960145166484,40485332190.0
2203.5473572,2203.5408216869005,40485332190.0
13061.586337,13061.585234487331,40485332190.0
5144.0830536,5144.080254069646,40485332190.0
1020.6731848,1020.6590753194013,40485332190.0
7246.7151746,7246.713187406074,40485332190.0
14474.062152,14474.06115709795,40485332190.0
2503.6827124,2503.6769603559983,40485332190.0
128.87441379,128.7626200009724,40485332190.0
4479.3470175,4479.343802522109,40485332190.0
8524.0742319,8524.07254241566,40485332190.0
672.37868716,672.3572686659776,40485332190.0
736.41346713,736.3939111260031,40485332190.0
3304.9829866,3304.9786292528534,40485332190.0
5468.829507,5468.826873622785,40485332190.0
3081.9235601,3081.9188873427834,40485332190.0
2966.4170868,2966.4122320570073,40485332190.0
1467.0360621,1467.0262455666268,40485332190.0
795.67673119,795.6586317858922,40485332190.0
3019.4395492,3019.4347797331448,40485332190.0
5504.5147446,5504.512128399809,40485332190.0
1653.0260188,1653.0173068061656,40485332190.0
749.25363147,749.2344106206002,40485332190.0
295.7350457,295.68634569473875,40485332190.0
857.04366296,857.0268595507206,40485332190.0
1569.0181217,1569.0089431628185,40485332190.0
720.50705269,720.4870649528008,40485332190.0
4419.4233183,4419.420059754316,40485332190.0
678.01065172,677.9894111437084,40485332190.0
1042.6543879,1042.6405757986793,40485332190.0
3061.162197,3061.1574925735813,40485332190.0
4328.3050126,4328.301685361659,40485332190.0
2317.8044539,2317.798240629331,40485332190.0
6869.252494,6869.250397568613,40485332190.0
162.09306496,162.00419590273557,40485332190.0
917.74392461,917.7282326180054,40485332190.0
4180.6274471,4180.6240024053595,40485332190.0
1512.4920802,1512.482558699702,40485332190.0
324.23620411,324.1917855757843,40485332190.0
2077.7875288,2077.7805978703855,40485332190.0
1505.3641722,1505.3546056134223,40485332190.0
210.62499261,210.5566082870017,40485332190.0
1124.3139987,1124.3011898030004,40485332190.0
2994.3136904,2994.3088809769633,40485332190.0
579.69599792,579.6711548693298,40485332190.0
5330.8186646,5330.815963182604,40485332190.0
428.76645954,428.73287092046326,40485332190.0
1752.9349784,1752.9267629793217,40485332190.0
9279.1293543,9279.127802389876,40485332190.0
563.89468277,563.8691435426026,40485332190.0
6304.3451762,6304.3428918727495,40485332190.0
1912.6228128,1912.6152833030867,40485332190.0
297.90825291,297.8599082321615,40485332190.0
585.4317374,585.4071377487802,40485332190.0
1628.6502425,1628.6414000845955,40485332190.0
3140.0917979,3140.0872117273916,40485332190.0
1204.5309694,1204.5190135237895,40485332190.0
1738.9922498,1738.9839684588653,40485332190.0
199.78956693,199.71747253439898,40485332190.0
2119.2905537,2119.283758484864,40485332190.0
1388.2453465,1388.2349729210769,40485332190.0
1043.1766198,1043.1628146435967,40485332190.0
4130.1014293,4130.097942490632,40485332190.0
6810.9365448,6810.934430387403,40485332190.0
813.34578438,813.3280781735298,40485332190.0
1180.076796,1180.064592451364,40485332190.0
1467.0148354,1467.0050187658314,40485332190.0
2991.622307,2991.6174931511973,40485332190.0
4104.4267223,4104.423213639657,40485332190.0
3241.3344943,3241.3300513548393,40485332190.0
2346.0662952,2346.0601568569427,40485332190.0
12536.267858,12536.266708398656,40485332190.0
378.27750777,378.23943563109384,40485332190.0
1451.1901599,1451.1802361577977,40485332190.0
2046.618302,2046.611265453576,40485332190.0
670.89504757,670.8735817099588,40485332190.0
1076.2674465,1076.254065759941,40485332190.0
1773.6131657,1773.6050460833706,40485332190.0
2827.7151491,2827.7100562161336,40485332190.0
2627.5981933,2627.5927125587145,40485332190.0
1490.6716475,1490.6619867078543,40485332190.0
555.1042737,555.0783300138871,40485332190.0
408.95175604,408.9165398341774,40485332190.0
3864.2800293,3864.2763025372406,40485332190.0
12052.763868,12052.762672485793,40485332190.0
1741.4820699,1741.4738003871757,40485332190.0
2254.0446831,2254.038294107978,40485332190.0
2272.1715737,2272.1652357251537,40485332190.0
1711.2777425,1711.2693271291453,40485332190.0
1837.7948623,1837.7870262115173,40485332190.0
7580.127777,7580.125877138166,40485332190.0
803.66544659,803.6475271027388,40485332190.0
4581.6271326,4581.623989344845,40485332190.0
3856.0759243,3856.072189587434,40485332190.0
1197.8517358,1197.8397132564014,40485332190.0
1198.7687467,1198.7567334319838,40485332190.0
371.71381557,371.6750710764288,40485332190.0
2372.2667935,2372.26072283973,40485332190.0
283.52403159,283.47323377275916,40485332190.0
3822.9492729,3822.945505864701,40485332190.0
1800.6264548,1800.6184569365198,40485332190.0
1359.5001439,1359.4895509527803,40485332190.0
1494.9694345,1494.9598013955697,40485332190.0
2156.5551367,2156.5484588329973,40485332190.0
1724.8233791,1724.8150297088844,40485332190.0
431.14909295,431.1156899612103,40485332190.0
2165.2320928,2165.2254417567087,40485332190.0
1636.2524612,1636.2436599226512,40485332190.0
1481.6628119,1481.6530923814487,40485332190.0
3390.0616626,3390.0574145403334,40485332190.0
895.08870639,895.0726172087876,40485332190.0
627.95155925,627.9286253578837,40485332190.0
601.39653602,601.3725894297878,40485332190.0
973.50134293,973.4865497116317,40485332190.0
1933.8119323,1933.8044852605424,40485332190.0
2121.2357718,2121.228982750721,40485332190.0
847.0836754,847.0666744180432,40485332190.0
2660.6532269,2660.6478142400865,40485332190.0
1625.1000325,1625.091170810999,40485332190.0
733.90402534,733.884402468832,40485332190.0
621.23603925,621.2128574320271,40485332190.0
2317.9666934,2317.960480642491,40485332190.0
722.12802007,722.1080771945511,40485332190.0
1476.4860169,1476.4762632264783,40485332190.0
435.99360101,435.96056920063216,40485332190.0
1559.1052286,1559.0959917626299,40485332190.0
9917.9339889,9917.93253688097,40485332190.0
1069.6026466,1069.5891825262934,40485332190.0
5123.1132397,5123.110428633635,40485332190.0
2033.2121276,2033.2050446844003,40485332190.0
1436.5810015,1436.5709769304199,40485332190.0
1378.9031359,1378.892691954097,40485332190.0
2696.8511349,2696.845794964734,40485332190.0
407.58654229,407.5512081114631,40485332190.0
2024.9287591,2024.9216471376863,40485332190.0
739.67596913,739.656499386386,40485332190.0
5818.5623558,5818.559880752209,40485332190.0
9784.6674774,9784.666005596759,40485332190.0
6236.3925861,6236.390276940827,40485332190.0
1996.7509988,1996.743786497334,40485332190.0
884.11947651,884.1031877114749,40485332190.0
1821.5324697,1821.5245636982534,40485332190.0
9973.3952365,9973.3937925384,40485332190.0
2240.0257437,2240.019314782227,40485332190.0
20142.963583,20142.96286839168,40485332190.0
11508.087902,11508.086649911671,40485332190.0
1748.7690871,1748.7608520967506,40485332190.0
644.60949503,644.5871538156313,40485332190.0
2560.0857832,2560.0801580089774,40485332190.0
613.45294917,613.4294732328281,40485332190.0
613.23481833,613.2113340393736,40485332190.0
1952.225771,1952.2183941785831,40485332190.0
2698.3299511,2698.3246141221175,40485332190.0
1774.304178,1774.296061549586,40485332190.0
1805.2655958,1805.2576185649941,40485332190.0
679.16274239,679.1415378533544,40485332190.0
1497.6741209,1497.6645051651171,40485332190.0
6368.9194287,6368.917167585035,40485332190.0
732.10917061,732.089499632729,40485332190.0
3252.4559373,3252.4515095450392,40485332190.0
1214.688305,1214.6764491336821,40485332190.0
1878.0078117,1878.0001433453901,40485332190.0
475.33157257,475.3012746340079,40485332190.0
1959.1200753,1959.1127243982837,40485332190.0
1508.5135594,1508.5040127410641,40485332190.0
713.21149439,713.1913021839878,40485332190.0
1425.5053812,1425.495278670484,40485332190.0
529.35171506,529.3245091803318,40485332190.0
2063.4152017,2063.4082224203617,40485332190.0
325.22504431,325.1807608411861,40485332190.0
919.7472527,919.7315948842617,40485332190.0
6981.0688679,6981.066805034263,40485332190.0
3302.8851091,3302.880748969449,40485332190.0
2072.8352179,2072.828270347789,40485332190.0
1514.8322256,1514.8227188164415,40485332190.0
1372.6443332,1372.6338416468723,40485332190.0
1109.4022243,1109.3892431692575,40485332190.0
341.02769931,340.98546812460194,40485332190.0
12659.55758,12659.556442498908,40485332190.0
1905.0214252,1905.0138656487156,40485332190.0
564.23640093,564.2108771654629,40485332190.0
1392.5729833,1392.5626418693598,40485332190.0
949.45300108,949.4378331605897,40485332190.0
1986.539995,1986.532745606187,40485332190.0
1150.8432575,1150.8307438897978,40485332190.0
1465.8403743,1465.8305497868523,40485332190.0
530.35583503,530.328680668317,40485332190.0
6446.0334239,6446.031189803053,40485332190.0
7896.0915796,7896.089755806952,40485332190.0
2987.7959749,2987.791154957088,40485332190.0
255.33456717,255.27815999899377,40485332190.0
3195.462383,3195.457876205688,40485332190.0
594.8719832,594.8477739569726,40485332190.0
810.43983277,810.4220630805099,40485332190.0
729.83221875,729.8124864004376,40485332190.0
716.54375485,716.5236565399091,40485332190.0
829.80431298,829.7869579693601,40485332190.0
955.03174117,955.0166618568794,40485332190.0
8681.3086011,8681.306942317455,40485332190.0
1006.0232796,1006.0089646605894,40485332190.0
1056.6103287,1056.5966991160137,40485332190.0
1379.3866479,1379.376207723802,40485332190.0
2370.8625577,2370.8564835158245,40485332190.0
1679.3016599,1679.2930842249775,40485332190.0
1282.4330973,1282.4218677276351,40485332190.0
3795.5676628,3795.563868603662,40485332190.0
5354.433122,5354.430432427653,40485332190.0
143.00164061,142.90089921694099,40485332190.0
2434.9639977,2434.9580834710487,40485332190.0
552.46646007,552.4403925180269,40485332190.0
748.88398298,748.8647526375892,40485332190.0
441.62321922,441.5906085216469,40485332190.0
1619.1870989,1619.1782048442128,40485332190.0
3056.4306612,3056.425949451067,40485332190.0
7553.6553675,7553.653460961632,40485332190.0
2374.7248118,2374.718747434957,40485332190.0
3570.3444044,3570.3403708640653,40485332190.0
793.74347083,793.7253273406269,40485332190.0
3322.0208413,3322.0165062708757,40485332190.0
806.62436025,806.6065064992902,40485332190.0
2860.4171452,2860.4121106217904,40485332190.0
556.12904687,556.103151000975,40485332190.0
2353.5777144,2353.571595477526,40485332190.0
1483.0102824,1483.0005717046936,40485332190.0
11659.190706,11659.189471107018,40485332190.0
3074.4599324,3074.4552482757726,40485332190.0
5199.5615965,5199.558826862933,40485332190.0
3344.5427987,3344.538492854482,40485332190.0
7970.5962931,7970.594486262857,40485332190.0
2281.3566315,2281.350318891135,40485332190.0
777.37898994,777.3604645075418,40485332190.0
1283.1764629,1283.1652398570777,40485332190.0
716.8793193,716.8592304091932,40485332190.0
2300.0299789,2300.0237176031897,40485332190.0
2580.1606034,2580.155021886581,40485332190.0
545.27888432,545.2524731348899,40485332190.0
14108.292787,14108.291766746903,40485332190.0
2631.8164789,2631.8110069766262,40485332190.0
1213.1614873,1213.1496164840883,40485332190.0
14884.392945,14884.391978220678,40485332190.0
2613.221281,2613.2157701796696,40485332190.0
1728.5878993,1728.5795681413342,40485332190.0
6162.1043344,6162.101997410763,40485332190.0
1387.3585341,1387.348153850226,40485332190.0
360.20836793,360.168385771242,40485332190.0
2320.4266131,2320.420406812719,40485332190.0
4536.9399464,4536.936772191654,40485332190.0
6239.0672238,6239.064915591382,40485332190.0
1447.5496456,1447.5396969017495,40485332190.0
6164.4513391,6164.449002974257,40485332190.0
731.90130338,731.8816268090402,40485332190.0
4119.7620743,4119.758578646613,40485332190.0
1707.935648,1707.9272160899166,40485332190.0
2601.0772527,2601.0717160795853,40485332190.0
2021.3948132,2021.3876888134812,40485332190.0
1561.4036001,1561.39437689717,40485332190.0
1278.3312311,1278.3199654371022,40485332190.0
399.07152303,399.03543485471613,40485332190.0
273.05850145,273.0057563373885,40485332190.0
585.19328552,585.1686758479984,40485332190.0
2235.278643,2235.2722003893773,40485332190.0
951.3492468,951.3341091144578,40485332190.0
537.74833917,537.7215581135357,40485332190.0
1599.8924723,1599.8834709137725,40485332190.0
2869.3472907,2869.3422717699264,40485332190.0
6012.1579898,6012.155594388517,40485332190.0
866.98342635,866.9668155894383,40485332190.0
681.35156071,681.3304242979578,40485332190.0
4623.3235245,4623.3204095688425,40485332190.0
1246.3816505,1246.3700961228685,40485332190.0
13736.435518,13736.43446968841,40485332190.0
1158.0885522,1158.0761169304521,40485332190.0
163.62621054,163.53817460935952,40485332190.0
4586.0748347,4586.07169450566,40485332190.0
374.39348869,374.35502154361325,40485332190.0
486.31808381,486.2884703846036,40485332190.0
862.28717814,862.2704769179968,40485332190.0
1599.0212953,1599.0122890865312,40485332190.0
1076.972845,1076.9594730569345,40485332190.0
409.3461506,409.31096831949094,40485332190.0
775.53570366,775.5171341987877,40485332190.0
3419.8483001,3419.8440890558513,40485332190.0
839.59011383,839.5729611033754,40485332190.0
532.73858449,532.7115515819484,40485332190.0
325.95616455,325.9119804287093,40485332190.0
5557.1340325,5557.1314410501245,40485332190.0
1887.6525247,1887.644895561104,40485332190.0
8030.1257295,8030.123936136406,40485332190.0
1295.4098343,1295.3987172221146,40485332190.0
543.9886333,543.9621594752028,40485332190.0
3861.1875877,3861.1838579451937,40485332190.0
5191.9510061,5191.9482324280325,40485332190.0
6236.5053949,6236.503085748557,40485332190.0
1736.6845216,1736.676229199301,40485332190.0
1785.2608431,1785.2527764436472,40485332190.0
1176.6315974,1176.6193580303386,40485332190.0
4262.1704423,4262.167063465944,40485332190.0
1009.462531,1009.4482648048281,40485332190.0
369.28678211,369.24778296622793,40485332190.0
4995.2246049,4995.221721872127,40485332190.0
8761.4145937,8761.412950060574,40485332190.0
879.70416565,879.6877950979547,40485332190.0
3164.4671139,3164.462562989209,40485332190.0
4688.29096,4688.287888313449,40485332190.0
1330.4705378,1330.459713634369,40485332190.0
556.81634087,556.7904769687448,40485332190.0
2685.7964779,2685.7911159405453,40485332190.0
1959.511594,1959.5042446510076,40485332190.0
1609.0087613,1608.9998110133683,40485332190.0
825.65608311,825.6386409058721,40485332190.0
656.40972491,656.3877853381704,40485332190.0
7668.5577089,7668.555830887914,40485332190.0
3543.3495597,3543.345495479456,40485332190.0
2641.3254492,2641.3199969255975,40485332190.0
1518.9398868,1518.9304057432041,40485332190.0
2517.349744,2517.344023223615,40485332190.0
873.23428314,873.2177912959999,40485332190.0
912.64675835,912.6309787136697,40485332190.0
845.77773529,845.7607080546532,40485332190.0
3321.9166341,3321.9122989449884,40485332190.0
1352.1645089,1352.1538584131183,40485332190.0
545.46535055,545.4389483934606,40485332190.0
463.98593731,463.95489845515596,40485332190.0
2543.0137825,2543.0081195199605,40485332190.0
580.29860092,580.2737836621366,40485332190.0
1596.4741781,1596.4651575269322,40485332190.0
3244.4514216,3244.446982970703,40485332190.0
2768.4664783,2768.461276508279,40485332190.0
1281.768134,1281.7568985587554,40485332190.0
2121.688299,2121.681511343169,40485332190.0
239.60696865,239.5468580558233,40485332190.0
1773.6413853,1773.633265700577,40485332190.0
245.00608754,244.94730190272145,40485332190.0
1412.0913308,1412.0811322672191,40485332190.0
7521.7644962,7521.762581659137,40485332190.0
1133.8504171,1133.8377159769386,40485332190.0
2142.1300494,2142.12332659341,40485332190.0
3512.3925529,3512.3884528813232,40485332190.0
1542.8340113,1542.8246770424166,40485332190.0
343.16869502,343.1267273506162,40485332190.0
1552.5171238,1552.5078477712543,40485332190.0
1371.2084035,1371.1979009231472,40485332190.0
2128.554925,2128.548159311884,40485332190.0
3632.5520363,3632.548071798688,40485332190.0
1349.3457238,1349.3350510748376,40485332190.0
470.97244941,470.9418710228718,40485332190.0
5199.2747901,5199.272020194232,40485332190.0
5888.6670749,5888.664629288812,40485332190.0
758.62155881,758.602575312538,40485332190.0
636.56725923,636.5446357520381,40485332190.0
1819.5731182,1819.5652036275735,40485332190.0
406.72554779,406.6901388100559,40485332190.0
7984.2677909,7984.265987301677,40485332190.0
1225.816229,1225.8044808453642,40485332190.0
594.75244144,594.7282273251101,40485332190.0
427.77358895,427.73992235797925,40485332190.0
1733.2227788,1733.2144699071937,40485332190.0
4327.0098098,4327.006481633122,40485332190.0
1122.2506903,1122.237857875331,40485332190.0
6426.1744417,6426.172200642333,40485332190.0
1825.8856853,1825.8777980839423,40485332190.0
268.27695325,268.2232678654251,40485332190.0
4298.8433752,4298.840025127176,40485332190.0
4243.0605633,4243.057169345591,40485332190.0
2094.1946492,2094.1877724773253,40485332190.0
866.74818709,866.7315718310638,40485332190.0
9800.7233328,9800.721863401479,40485332190.0
1872.3605675,1872.3528760349118,40485332190.0
645.56999743,645.5476894546828,40485332190.0
11407.959991,11407.958729291664,40485332190.0
791.23328315,791.2150820967502,40485332190.0
850.89241151,850.8754866365335,40485332190.0
1853.2993723,1853.2916018124322,40485332190.0
730.78570967,730.766003068704,40485332190.0
2813.4409832,2813.435864533117,40485332190.0
3470.8154937,3470.811344502075,40485332190.0
7038.6580581,7038.656012123297,40485332190.0
426.14148979,426.107694254914,40485332190.0
3887.7172931,3887.713588921529,40485332190.0
634.70576768,634.683077844962,40485332190.0
467.26597838,467.2351574193466,40485332190.0
492.46175844,492.43251447265135,40485332190.0
412.91380283,412.87892455926556,40485332190.0
1423.6104622,1423.6003462228332,40485332190.0
3243.4671415,3243.462701532183,40485332190.0
1389.636121,1389.625757743568,40485332190.0
939.33936815,939.3240369152691,40485332190.0
1404.8091085,1404.7988571807025,40485332190.0
3210.6218096,3210.61732411475,40485332190.0
5180.3030358,5180.300255817849,40485332190.0
315.81990745,315.77430503648606,40485332190.0
792.72057161,792.7024047070388,40485332190.0
3366.0312395,3366.026961160612,40485332190.0
811.3653919,811.3476424802719,40485332190.0
3967.6317386,3967.6281089447307,40485332190.0
3912.5231641,3912.5194833746614,40485332190.0
4560.9957388,4560.992581290215,40485332190.0
1619.4103595,1619.4014667017334,40485332190.0
228.42892156,228.365868701984,40485332190.0
2752.4002749,2752.3950426891743,40485332190.0
982.74901298,982.7343589704508,40485332190.0
584.83022213,584.8055971892284,40485332190.0
551.85918088,551.8330846368136,40485332190.0
1511.5958679,1511.5863407724376,40485332190.0
960.36115979,960.3461641613205,40485332190.0
3719.1841033,3719.1802312331583,40485332190.0
768.22439432,768.2056481249083,40485332190.0
642.90430927,642.8819088030915,40485332190.0
284.40241637,284.35177548001974,40485332190.0
1255.465901,1255.4544301549965,40485332190.0
1256.5038801,1256.4924188067112,40485332190.0
1975.9879171,1975.9806289989751,40485332190.0
400.35297565,400.3170030031938,40485332190.0
1338.9747279,1338.9639724986043,40485332190.0
1073.2131055,1073.1996868118438,40485332190.0
1264.9333862,1264.9220012153448,40485332190.0
11728.589643,11728.588415098202,40485332190.0
912.85122284,912.8354467365172,40485332190.0
1160.5772221,1160.5648133679838,40485332190.0
1664.2714603,1664.2628071592073,40485332190.0
1316.7110893,1316.7001520414017,40485332190.0
3733.8864332,3733.8825763343793,40485332190.0
964.12821298,964.1132759368493,40485332190.0
782.29753108,782.2791221202004,40485332190.0
1245.2737348,1245.2621701445112,40485332190.0
4999.7193118,4999.716431463189,40485332190.0
1379.8435668,1379.833129897948,40485332190.0
3457.063229,3457.0590632694625,40485332190.0
6395.0358026,6395.033550655681,40485332190.0
3798.3207666,3798.3169751857226,40485332190.0
685.92272636,685.9017308078458,40485332190.0
344.88904528,344.8472869707154,40485332190.0
1282.5288411,1282.517612434441,40485332190.0
365.07374632,365.03429705726285,40485332190.0
1806.0834762,1806.0755024794055,40485332190.0
4601.9356202,4601.932490764223,40485332190.0
339.75546895,339.7130796175702,40485332190.0
363.93423357,363.894660776506,40485332190.0
3455.4776421,3455.4734744527477,40485332190.0
1260.2989794,1260.287552601263,40485332190.0
352.51210091,352.47124573775477,40485332190.0
1036.2266227,1036.2127250130509,40485332190.0
2338.4955173,2338.4893590057845,40485332190.0
1255.3509499,1255.3394781192603,40485332190.0
837.1806911,837.1634890045796,40485332190.0
2369.7534368,2369.74735972089,40485332190.0
611.12160886,611.0980433558744,40485332190.0
2368.9717981,2368.9657190029466,40485332190.0
487.07148026,487.0419126372539,40485332190.0
983.04723801,983.0325884470869,40485332190.0
695.58488412,695.564180213263,40485332190.0
5103.0068496,5103.004027540105,40485332190.0
341.31586459,341.27366906822533,40485332190.0
4728.6893388,4728.68629325387,40485332190.0
325.48649439,325.4422465033248,40485332190.0
19167.579891,19167.579139220634,40485332190.0
2219.4548162,2219.4483275786133,40485332190.0
2728.0828772,2728.0775984065476,40485332190.0
2075.3332955,2075.326356289811,40485332190.0
6103.9192956,6103.916936264569,40485332190.0
3121.867773,3121.8631600367216,40485332190.0
2028.2711273,2028.26402711685,40485332190.0
6392.805412,6392.803159279107,40485332190.0
957.98456333,957.9695304964062,40485332190.0
2038.6405818,2038.6335177786239,40485332190.0
675.04971227,675.0283785251331,40485332190.0
16748.814831,16748.81397077732,40485332190.0
317.31283107,317.2674432497577,40485332190.0
1819.0028795,1818.994962458759,40485332190.0
1534.2374428,1534.2280562602043,40485332190.0
5305.5091053,5305.506390908689,40485332190.0
5117.266771,5117.263956776019,40485332190.0
3971.7293937,3971.7257677958523,40485332190.0
2137.299376,2137.292638048639,40485332190.0
422.74579485,422.71172782907024,40485332190.0
969.52409137,969.5092374646512,40485332190.0
610.08252223,610.0589165866315,40485332190.0
4019.9981788,4019.994596370238,40485332190.0
5888.5829665,5888.580520933517,40485332190.0
3648.5532613,3648.549314244674,40485332190.0
2641.6958051,2641.6903536248833,40485332190.0
737.59250009,737.5729753579078,40485332190.0
725.93840404,725.9185658494372,40485332190.0
590.14197435,590.1175710583223,40485332190.0
584.20705331,584.1824020942845,40485332190.0
4943.1291052,4943.1261918905275,40485332190.0
4496.2423154,4496.239112566942,40485332190.0
4329.2164643,4329.2131378548065,40485332190.0
613.01027562,612.9867827165008,40485332190.0
399.63290678,399.59686931066096,40485332190.0
5756.6539263,5756.651424570637,40485332190.0
1504.0607553,1504.051180438528,40485332190.0
8544.2442249,8544.242539420391,40485332190.0
9009.5294424,9009.527844011243,40485332190.0
3286.7580182,3286.75363659559,40485332190.0
3718.9945993,3718.99072693783,40485332190.0
1707.9615568,1707.9531250580947,40485332190.0
430.16632977,430.1328504628396,40485332190.0
1147.2906888,1147.2781364367713,40485332190.0
2329.7542346,2329.7480531554766,40485332190.0
715.78553707,715.7654174779701,40485332190.0
3643.20554,3643.2015871815142,40485332190.0
587.42997035,587.4054543864554,40485332190.0
5577.7891133,5577.786531384392,40485332190.0
1026.5043189,1026.4902895832613,40485332190.0
927.06954947,927.054015325862,40485332190.0
996.50910221,996.4946505482723,40485332190.0
3976.2367748,3976.233152918099,40485332190.0
7969.0680557,7969.066248557228,40485332190.0
1113.4906912,1113.4777578373946,40485332190.0
2859.4923519,2859.4873156419385,40485332190.0
8248.8875866,8248.885840783205,40485332190.0
1958.8936934,1958.886341714681,40485332190.0
252.04969975,251.99255728503604,40485332190.0
284.54665775,284.49604252830795,40485332190.0
3520.4805622,3520.476471508908,40485332190.0
937.7103558,937.6949979270236,40485332190.0
2331.4631606,2331.4569837442027,40485332190.0
5160.9535553,5160.950764841714,40485332190.0
5505.2496005,5505.246984633286,40485332190.0
3743.3669462,3743.363099168311,40485332190.0
2006.4879756,2006.480798256669,40485332190.0
2278.902325,2278.8960057381473,40485332190.0
1613.8717693,1613.862845990619,40485332190.0
1100.0623855,1100.0492942007124,40485332190.0
1902.1817733,1902.174202491791,40485332190.0
5685.0089491,5685.00641590645,40485332190.0
2482.7347779,2482.72897739785,40485332190.0
4258.9096723,4258.906290822243,40485332190.0
943.21101181,943.1957435086782,40485332190.0
1561.4466479,1561.4374249064592,40485332190.0
4006.2501439,4006.246549262424,40485332190.0
2931.389075,2931.384162332435,40485332190.0
2733.9176001,2733.9123324954426,40485332190.0
3778.5972064,3778.5933951647658,40485332190.0
1358.5766229,1358.5660226186608,40485332190.0
2629.0159571,2629.010479285151,40485332190.0
671.90654663,671.8851130860628,40485332190.0
1348.3166412,1348.30596029981,40485332190.0
768.68210662,768.6633715847998,40485332190.0
418.0420982,418.00764782669506,40485332190.0
568.1973864,568.1720405817327,40485332190.0
4929.169195,4929.166273340247,40485332190.0
1774.6913948,1774.6832800449006,40485332190.0
865.98832929,865.9716994473118,40485332190.0
3993.1451773,3993.141570921099,40485332190.0
22604.107911,22604.10727395869,40485332190.0
315.01205211,314.9663327367314,40485332190.0
1185.4076213,1185.395472593532,40485332190.0
3362.7875116,3362.7832291563154,40485332190.0
478.51086061,478.4807639897631,40485332190.0
10466.03597,10466.034594611137,40485332190.0
1207.381606,1207.3696783200287,40485332190.0
1528.7537071,1528.7442869207898,40485332190.0
2705.7273172,2705.7219948389798,40485332190.0
805.55206785,805.5341903320649,40485332190.0
3597.8176921,3597.813689429233,40485332190.0
3083.0365428,3083.0318717528166,40485332190.0
2719.6350284,2719.629733151294,40485332190.0
197.19109025,197.1180454777575,40485332190.0
1317.924285,1317.913357805422,40485332190.0
4284.8796506,4284.876289712652,40485332190.0
525.82807913,525.8006909313485,40485332190.0
2502.1170739,2502.111318328841,40485332190.0
3969.014704,3969.0110755232818,40485332190.0
273.75918307,273.70657298064083,40485332190.0
1003.7143172,1003.6999692525811,40485332190.0
8534.8264498,8534.824762442275,40485332190.0
207.34919456,207.279729503316,40485332190.0
568.56013136,568.5348017145506,40485332190.0
3310.0182882,3310.0139374772834,40485332190.0
917.5323099,917.5166142810008,40485332190.0
789.6872953,789.6690586214819,40485332190.0
4323.145713,4323.142381863211,40485332190.0
1006.9528537,1006.938551882049,40485332190.0
1618.0131967,1618.0042961763368,40485332190.0
791.86206924,791.8438826485801,40485332190.0
6078.3108153,6078.308446032015,40485332190.0
1835.6931425,1835.6852974346898,40485332190.0
408.66090428,408.62566300722807,40485332190.0
10596.184335,10596.182976439815,40485332190.0
1242.6267249,1242.6151355680718,40485332190.0
3640.8473021,3640.8433467297746,40485332190.0
3719.7174448,3719.7135732537927,40485332190.0
1960.3932252,1960.3858792432004,40485332190.0
1377.5278553,1377.517400943037,40485332190.0
5484.3438849,5484.341258996296,40485332190.0
203.04418927,202.97325088818488,40485332190.0
556.89551101,556.8696507881377,40485332190.0
1832.9217123,1832.9138553322477,40485332190.0
2095.167536,2095.160662506769,40485332190.0
586.8717053,586.8471660140651,40485332190.0
2386.663108,2386.657073997516,40485332190.0
4015.3642334,4015.360646937645,40485332190.0
626.57434027,626.5513559673819,40485332190.0
973.71581797,973.701028007203,40485332190.0
588.2722096,588.2477287409718,40485332190.0
2888.5260805,2888.521094813233,40485332190.0
1213.0185003,1213.0066280317021,40485332190.0
1070.6750864,1070.661635775971,40485332190.0
1678.3357555,1678.3271748575744,40485332190.0
469.42495308,469.39427388011865,40485332190.0
5961.0124994,5961.010083462327,40485332190.0
2532.9912773,2532.985591905912,40485332190.0
685.99963565,685.9786424528834,40485332190.0
2746.6480047,2746.642761520543,40485332190.0
1065.874888,1065.8613768436062,40485332190.0
5579.2346957,5579.232114480927,40485332190.0
1755.8969785,1755.8887769488645,40485332190.0
3340.3571754,3340.3528640857057,40485332190.0
1439.7424073,1439.7324046730355,40485332190.0
915.3719019,915.3561692468744,40485332190.0
496.88810174,496.8591182964974,40485332190.0
726.73635527,726.7165388581611,40485332190.0
5127.6992755,5127.696467045887,40485332190.0
313.35989496,313.31393449572585,40485332190.0
2122.1484162,2122.1416301538056,40485332190.0
758.84414672,758.825168785517,40485332190.0
235.15054513,235.0892950615277,40485332190.0
961.57259819,961.5576214506073,40485332190.0
6239.7338889,6239.731580942903,40485332190.0
990.00017375,989.9856270706736,40485332190.0
14119.706227,14119.705206707155,40485332190.0
3343.7642178,3343.7599110120686,40485332190.0
2218.8739344,2218.8674440569403,40485332190.0
3047.4920214,3047.487295856575,40485332190.0
1071.8596458,1071.8462101553343,40485332190.0
1051.4147216,1051.401024676143,40485332190.0
5208.4691701,5208.466405079877,40485332190.0
1702.9141348,1702.905678019867,40485332190.0
3217.7650785,3217.7606030610136,40485332190.0
3724.5650754,3724.5612088355574,40485332190.0
1586.0804175,1586.0713377319114,40485332190.0
572.30342521,572.278261247602,40485332190.0
1355.3188427,1355.308217056837,40485332190.0
5965.077855,5965.075440785887,40485332190.0
1007.5576472,1007.5433540019255,40485332190.0
3885.7097526,3885.706046491672,40485332190.0
1720.9611748,1720.9528067009105,40485332190.0
1143.36294,1143.350344503181,40485332190.0
800.84160771,800.823625036838,40485332190.0
1031.5135746,1031.499613359551,40485332190.0
892.74867463,892.7325432821041,40485332190.0
1557.7829002,1557.7736554981855,40485332190.0
1856.2002288,1856.192470394503,40485332190.0
590.82475153,590.8003764468292,40485332190.0
3805.5282819,3805.524497674063,40485332190.0
1459.4237473,1459.4138796095945,40485332190.0
9321.9231793,9321.921634514409,40485332190.0
4052.5671158,4052.563562293019,40485332190.0
5826.2169033,5826.214431501465,40485332190.0
1845.8323778,1845.8245758569628,40485332190.0
1032.0780662,1032.0641126299552,40485332190.0
3185.0402345,3185.0357130799553,40485332190.0
1281.0680458,1281.0568042828024,40485332190.0
2518.8734826,2518.867765248983,40485332190.0
3145.4893615,3145.4847831054562,40485332190.0
3148.7049553,3148.7003816674005,40485332190.0
1173.6505888,1173.6383183610776,40485332190.0
2082.3273494,2082.3204334481943,40485332190.0
3522.2529233,3522.248834705858,40485332190.0
1523.5198253,1523.5103727725277,40485332190.0
5254.0222106,5254.019469556968,40485332190.0
4106.0709803,4106.067473053125,40485332190.0
1785.3183033,1785.3102369180656,40485332190.0
1752.260446,1752.2522274040539,40485332190.0
1027.4019569,1027.3879397570279,40485332190.0
1302.4204059,1302.409348680158,40485332190.0
1354.3290751,1354.3184416475524,40485332190.0
2115.1103244,2115.1035157205097,40485332190.0
874.14219352,874.125718809676,40485332190.0
221.33577593,221.27070182389738,40485332190.0
3024.8085719,3024.803810957752,40485332190.0
627.0989458,627.0759807318983,40485332190.0
1242.3053907,1242.2937984222394,40485332190.0
341.54782708,341.5056602227642,40485332190.0
1912.5457468,1912.538217016537,40485332190.0
967.48088759,967.4660023158842,40485332190.0
752.43334327,752.4142036432391,40485332190.0
13161.159323,13161.158228625822,40485332190.0
9006.3809376,9006.37933860705,40485332190.0
456.86975849,456.83823614329344,40485332190.0
1151.0605681,1151.04805691113,40485332190.0
639.298953,639.27642619079,40485332190.0
999.92966582,999.9152635882512,40485332190.0
527.8002984,527.7730125397329,40485332190.0
695.22443799,695.2037233420264,40485332190.0
1206.5775503,1206.5656148000962,40485332190.0
1083.7949909,1083.7817031845489,40485332190.0
545.32861092,545.3022021396687,40485332190.0
1025.1988993,1025.1848520415413,40485332190.0
1251.8183365,1251.806832239893,40485332190.0
251.19336353,251.13602621285028,40485332190.0
12760.283078,12760.281949704251,40485332190.0
1144.5114066,1144.4988238196013,40485332190.0
1074.3755301,1074.3621258572214,40485332190.0
3052.8844964,3052.8797791414054,40485332190.0
1761.0285939,1761.0204162944215,40485332190.0
2299.1377158,2299.1314520924343,40485332190.0
456.08629159,456.0547150917859,40485332190.0
1560.6622724,1560.6530447544872,40485332190.0
725.74452319,725.7246797055054,40485332190.0
466.81959624,466.78874580609516,40485332190.0
1117.7613594,1117.7484754503994,40485332190.0
8055.7548959,8055.7531082204,40485332190.0
2531.0769693,2531.071279623587,40485332190.0
1442.4625411,1442.4525573663398,40485332190.0
10097.646015,10097.644588924251,40485332190.0
469.89502001,469.8643715019691,40485332190.0
932.92341915,932.9079824854965,40485332190.0
848.05255098,848.0355694193132,40485332190.0
1353.9952609,1353.984624756764,40485332190.0
366.2804216,366.2411023233693,40485332190.0
3964.0205553,3964.0169223931116,40485332190.0
884.62274443,884.6064648947342,40485332190.0
234.79677387,234.73543149326912,40485332190.0
4968.2647044,4968.26180576248,40485332190.0
21237.501025,21237.50034710889,40485332190.0
588.40265948,588.37818404077,40485332190.0
988.26346622,988.248893977482,40485332190.0
150.95213456,150.8567025555657,40485332190.0
1031.7736222,1031.759664494543,40485332190.0
2319.8681109,2319.8619031609987,40485332190.0
1074.2366278,1074.2232218176691,40485332190.0
2958.1065693,2958.1017008944614,40485332190.0
167.16790366,167.08173387188384,40485332190.0
4268.8942633,4268.890889762811,40485332190.0
3298.9417882,3298.9374228189695,40485332190.0
1595.8617214,1595.852697362558,40485332190.0
4821.4381097,4821.435122824495,40485332190.0
2027.0302014,2027.023096823692,40485332190.0
1501.2569113,1501.2473185096887,40485332190.0
1400.7325996,1400.7223184281406,40485332190.0
1827.237328,1827.2294466705575,40485332190.0
1829.242962,1829.2350892345155,40485332190.0
2396.3710811,2396.3650715990707,40485332190.0
1651.4967732,1651.488053109859,40485332190.0
9419.4218742,9419.420345289931,40485332190.0
368.43880681,368.3997178937457,40485332190.0
1569.0711059,1569.0619278097108,40485332190.0
1936.8592953,1936.8518599685,40485332190.0
2564.7192193,2564.713604227679,40485332190.0
464.04391861,464.0128836372143,40485332190.0
7090.752182,7090.750151068471,40485332190.0
2287.2652875,2287.2589912438116,40485332190.0
1734.7221405,1734.7138387808188,40485332190.0
11083.021312,11083.020013341365,40485332190.0
2286.6949744,2286.68867654882,40485332190.0
3245.1006415,3245.096203679406,40485332190.0
363.64390814,363.6043037491046,40485332190.0
1929.9627833,1929.9553214866776,40485332190.0
1369.2052082,1369.1946903238627,40485332190.0
936.41396941,936.3985902823232,40485332190.0
663.3959643,663.3742557731559,40485332190.0
3867.8532478,3867.849524475394,40485332190.0
808.85278291,808.8349783538912,40485332190.0
8539.9728323,8539.971146064318,40485332190.0
3997.6536141,3997.6500116572274,40485332190.0
7998.8402728,7998.838472381431,40485332190.0
3525.3908591,3525.3867740783803,40485332190.0
3020.3238343,3020.3190662115235,40485332190.0
542.96103126,542.9345073289894,40485332190.0
627.48897709,627.4660262892373,40485332190.0
1742.2817705,1742.2735047650551,40485332190.0
2868.205953,2868.200932062517,40485332190.0
947.85937254,947.8441791239719,40485332190.0
1324.9483976,1324.9375284317525,40485332190.0
7378.4625632,7378.460611417523,40485332190.0
2011.192467,2011.1853065387063,40485332190.0
2952.1161312,2952.111252979285,40485332190.0
290.44916794,290.39958150172777,40485332190.0
550.37886586,550.352699425084,40485332190.0
11134.07369,11134.072396687823,40485332190.0
1449.4160586,1449.4061227960444,40485332190.0
7754.0407088,7754.038851537106,40485332190.0
610.03214154,610.0085339541241,40485332190.0
2768.0726556,2768.0674529593116,40485332190.0
728.35494896,728.3351765878986,40485332190.0
2883.933857,2883.9288634234613,40485332190.0
11104.221916,11104.220619530966,40485332190.0
990.25392052,990.2393775618407,40485332190.0
2071.8620719,2071.855121033604,40485332190.0
631.15062802,631.1278103762265,40485332190.0
3202.2465558,3202.242058706476,40485332190.0
1747.9687974,1747.960558655461,40485332190.0
4061.4467063,4061.4431605449413,40485332190.0
601.09041217,601.0664533823472,40485332190.0
1198.2184654,1198.206446601233,40485332190.0
2358.305378,2358.29927145897,40485332190.0
8933.876649,8933.87503698122,40485332190.0
1677.3337222,1677.325136469706,40485332190.0
3430.112763,3430.108564564027,40485332190.0
2533.3876277,2533.381943170715,40485332190.0
1453.9507137,1453.940808844862,40485332190.0
1200.7831624,1200.7711692324792,40485332190.0
1299.5024518,1299.4913697192985,40485332190.0
4573.9335475,4573.930399021152,40485332190.0
2599.8380523,2599.8325130899116,40485332190.0
1621.1195134,1621.1106299411279,40485332190.0
1409.1911676,1409.1809481222847,40485332190.0
896.81391462,896.7978564012914,40485332190.0
933.48202116,933.4665937271624,40485332190.0
2657.8413142,2657.8358958280432,40485332190.0
678.87208398,678.8508703564506,40485332190.0
963.39760822,963.3826598452366,40485332190.0
1556.0667409,1556.0574860573574,40485332190.0
2675.9080307,2675.9026488717345,40485332190.0
1458.5511367,1458.5412630468272,40485332190.0
858.26011907,858.2433394852021,40485332190.0
1679.5863194,1679.577745212638,40485332190.0
256.88494348,256.82887681457345,40485332190.0
6190.7512342,6190.7489079346615,40485332190.0
500.3581224,500.3293399656039,40485332190.0
4922.8733207,4922.870395366145,40485332190.0
3223.6748529,3223.6703856452214,40485332190.0
2220.2566315,2220.2501452890147,40485332190.0
1264.1279482,1264.11655608703,40485332190.0
1965.1121731,1965.1048447404664,40485332190.0
2496.982903,2496.9771356373412,40485332190.0
1987.8736946,1987.8664501407738,40485332190.0
636.86677466,636.8441618156803,40485332190.0
5762.6411281,5762.638629045095,40485332190.0
1621.798562,1621.7896822877533,40485332190.0
1314.7405914,1314.729637826916,40485332190.0
4312.3341422,4312.330802684694,40485332190.0
652.92500292,652.9029462516501,40485332190.0
2760.3301708,2760.324953638435,40485332190.0
1805.3503094,1805.342332525692,40485332190.0
570.23066091,570.2054054671355,40485332190.0
699.89963888,699.8790626193146,40485332190.0
3237.9283092,3237.923861594556,40485332190.0
631.65871731,631.6359180263297,40485332190.0
1203.3024586,1203.2904905693833,40485332190.0
881.80663507,881.7903035494531,40485332190.0
1150.9259067,1150.9133940154031,40485332190.0
966.52184441,966.5069443632229,40485332190.0
3089.284825,3089.280163325201,40485332190.0
2936.4077301,2936.4028257365812,40485332190.0
7042.0320491,7042.030003990007,40485332190.0
15318.046219,15318.045278519985,40485332190.0
721.24677463,721.2268073878095,40485332190.0
635.50105442,635.4783929784318,40485332190.0
725.48681706,725.4669665220431,40485332190.0
11154.85312,11154.851828720211,40485332190.0
2549.1204204,2549.1147709183565,40485332190.0
353.74717043,353.70645791022486,40485332190.0
4459.219732,4459.21650250614,40485332190.0
14456.26679,14456.265794308003,40485332190.0
886.45126228,886.435016328954,40485332190.0
632.76068894,632.7379293489305,40485332190.0
1701.9938473,1701.9853859439518,40485332190.0
6036.7928405,6036.790454897537,40485332190.0
463.25342128,463.2223333390976,40485332190.0
497.90706284,497.87813870760056,40485332190.0
1130.6049196,1130.5921820576345,40485332190.0
983.36325485,983.3486099873234,40485332190.0
837.08402728,837.0668232068978,40485332190.0
2975.0150445,2975.0102038196055,40485332190.0
4921.5480141,4921.545087950054,40485332190.0
948.37216406,948.3569788570958,40485332190.0
5759.0381049,5759.035604298357,40485332190.0
2596.6410747,2596.6355286107437,40485332190.0
4707.9193457,4707.916286816323,40485332190.0
2424.1843168,2424.178376161059,40485332190.0
4789.8838112,4789.880804661395,40485332190.0
1303.3804205,1303.3693714069834,40485332190.0
941.377486,941.3621879698653,40485332190.0
275.25836079,275.2060372942468,40485332190.0
309.08343661,309.03684014132415,40485332190.0
814.03873214,814.0210410020006,40485332190.0
4202.3366095,4202.333182589514,40485332190.0
4673.4696039,4673.466522440011,40485332190.0
940.68638753,940.6710782531507,40485332190.0
662.98905276,662.9673309051551,40485332190.0
6669.8185795,6669.816420344985,40485332190.0
1433.8290077,1433.8189637791506,40485332190.0
3415.8401241,3415.835908051871,40485332190.0
3471.3391156,3471.3349670784337,40485332190.0
1149.127851,1149.115318777822,40485332190.0
4378.0074904,4378.004200979906,40485332190.0
2906.6136867,2906.6087320941765,40485332190.0
2758.2941601,2758.288939106289,40485332190.0
288.27965235,288.2296926671496,40485332190.0
6332.3109629,6332.308688699974,40485332190.0
3918.7464324,3918.742757461459,40485332190.0
2795.9349245,2795.9297737490456,40485332190.0
1202.8825681,1202.8705958168455,40485332190.0
1909.8664989,1909.858958461642,40485332190.0
380.46640772,380.4285546383861,40485332190.0
3081.9003104,3081.895637585078,40485332190.0
923.15290829,923.1373082357189,40485332190.0
4665.3082375,4665.305150682918,40485332190.0
390.70248237,390.6656211069466,40485332190.0
12732.551838,12732.550706772252,40485332190.0
6049.1930128,6049.1906321527995,40485332190.0
2000.5204165,2000.5132177731625,40485332190.0
2186.2727858,2186.2661987027177,40485332190.0
581.05914926,581.034364496087,40485332190.0
1048.3109832,1048.2972457003254,40485332190.0
1196.2558741,1196.2438355149418,40485332190.0
1301.6520941,1301.641030296962,40485332190.0
157.91888189,157.82766246044156,40485332190.0
8716.4619212,8716.460269042522,40485332190.0
12676.500509,12676.499372273902,40485332190.0
3649.6880517,3649.684105804523,40485332190.0
874.96847749,874.9520183280731,40485332190.0
1521.8134114,1521.803948254587,40485332190.0
5082.2084474,5082.205613808824,40485332190.0
740.44581933,740.4263698335668,40485332190.0
461.18595351,461.1547261978737,40485332190.0
1348.8361478,1348.8254710529197,40485332190.0
1809.0230018,1809.0150410680615,40485332190.0
7033.8863714,7033.884323972274,40485332190.0
853.87858861,853.8617229167244,40485332190.0
4374.6940238,4374.690731897184,40485332190.0
940.30364451,940.2883290038249,40485332190.0
392.15047306,392.1137479115156,40485332190.0
1474.1615747,1474.1518056932664,40485332190.0
1726.022932,1726.014588493009,40485332190.0
817.03758282,817.019956618218,40485332190.0
533.54427709,533.517284998502,40485332190.0
6647.6887107,6647.686544364098,40485332190.0
1862.48721,1862.4794778318144,40485332190.0
1220.2879728,1220.276171384176,40485332190.0
2128.4636438,2128.456877908462,40485332190.0
3527.1654199,3527.16133695293,40485332190.0
817.2596986,817.2420771996542,40485332190.0
776.8252935,776.8067548680098,40485332190.0
2159.928989,2159.9223216205332,40485332190.0
459.84079172,459.8094730599984,40485332190.0
1168.4037997,1168.3914742484642,40485332190.0
478.74035469,478.71027249699193,40485332190.0
6619.6405611,6619.638385635802,40485332190.0
3782.0354206,3782.0316128192994,40485332190.0
3382.5585804,3382.5543228592937,40485332190.0
766.30168662,766.2828933867252,40485332190.0
3451.980785,3451.976613231285,40485332190.0
4126.3347192,4126.331229160062,40485332190.0
1056.6249739,1056.6113444763075,40485332190.0
3437.6090603,3437.6048710217897,40485332190.0
1228.9545327,1228.9428145453003,40485332190.0
677.81974477,677.7984982159651,40485332190.0
309.56469851,309.5181744917268,40485332190.0
7821.3907726,7821.388931262071,40485332190.0
962.11791458,962.1029463293548,40485332190.0
359.74963226,359.70959910130955,40485332190.0
6033.4237408,6033.421353941231,40485332190.0
1075.697212,1075.6838242229385,40485332190.0
982.4538933,982.4392348886574,40485332190.0
2155.1352733,2155.1285911204855,40485332190.0
1562.2938568,1562.2846388681048,40485332190.0
1491.289772,1491.2801151130038,40485332190.0
490.04962601,490.02023808096004,40485332190.0
992.96898261,992.9544794279601,40485332190.0
4480.7263751,4480.723161047899,40485332190.0
2006.7144253,2006.7072488520005,40485332190.0
6285.5463122,6285.544021078578,40485332190.0
832.95285727,832.9355678663035,40485332190.0
1074.2968153,1074.2834101046017,40485332190.0
1483.2432896,1483.2335803412366,40485332190.0
431.84695632,431.813607324003,40485332190.0
3442.8857849,3442.88160196741,40485332190.0
1988.3007287,1988.2934857468954,40485332190.0
2361.2702526,2361.2641536540436,40485332190.0
502.7650341,502.7363894628119,40485332190.0
1376.8124571,1376.8019972418558,40485332190.0
882.00979066,881.9934628993408,40485332190.0
594.66762151,594.6434039394832,40485332190.0
287.18346137,287.1333109678566,40485332190.0
7397.7349113,7397.73296458321,40485332190.0
1224.5772438,1224.565483708105,40485332190.0
1137.6758655,1137.663207053389,40485332190.0
2420.1856487,2420.179698283993,40485332190.0
1853.2376899,1853.2299191911563,40485332190.0
1416.7300562,1416.7198911114756,40485332190.0
4369.4049199,4369.401624028948,40485332190.0
536.70785426,536.681021285783,40485332190.0
392.01762484,391.98088724373184,40485332190.0
244.28472432,244.22576505405928,40485332190.0
1115.279917,1115.2670044166878,40485332190.0
1043.3353357,1043.321532669025,40485332190.0
1580.5533667,1580.5442552327306,40485332190.0
1173.0017919,1172.9895146946415,40485332190.0
647.20871939,647.1864679026819,40485332190.0
2810.1844122,2810.1792876074564,40485332190.0
581.68873564,581.6639776899984,40485332190.0
760.4108245,760.3918856712315,40485332190.0
1151.1391175,1151.1266070864722,40485332190.0
781.07800773,781.0595700365384,40485332190.0
5850.5756773,5850.57321585766,40485332190.0
9306.4749824,9306.473435029287,40485332190.0
2522.1207263,2522.115016368754,40485332190.0
9897.2830705,9897.281615477212,40485332190.0
956.7988663,956.783814837657,40485332190.0
8251.6070148,8251.60526956961,40485332190.0
374.77912057,374.7406930054709,40485332190.0
3636.696734,3636.6927740875567,40485332190.0
1073.1416331,1073.1282134700903,40485332190.0
683.25090662,683.2298289523211,40485332190.0
1054.2478128,1054.2341526871587,40485332190.0
1583.7874841,1583.7783911915649,40485332190.0
3471.9776318,3471.9734839567286,40485332190.0
514.8075121,514.7795375684582,40485332190.0
4998.1054214,4998.102540009749,40485332190.0
2057.4771997,2057.470200275513,40485332190.0
755.04100535,755.0219318260837,40485332190.0
926.04807621,926.032524927165,40485332190.0
4260.9658738,4260.962494010577,40485332190.0
3418.4298365,3418.4256236986807,40485332190.0
1113.5394838,1113.5265509162548,40485332190.0
3257.9565366,3257.952116298078,40485332190.0
1957.8999816,1957.8926262304801,40485332190.0
1853.4374682,1853.4296982235442,40485332190.0
251.92811824,251.8709481790871,40485332190.0
551.05850165,551.0323674856546,40485332190.0
652.29620128,652.2741233446694,40485332190.0
1319.4102958,1319.399380996927,40485332190.0
925.74876775,925.7332114424155,40485332190.0
3773.3180209,3773.314204382863,40485332190.0
1460.6601685,1460.6503091761463,40485332190.0
7006.4097551,7006.407699672209,40485332190.0
4101.4743206,4101.470809363905,40485332190.0
3749.1612258,3749.1573846721544,40485332190.0
9761.0625552,9761.06107978645,40485332190.0
593.82666458,593.8024127141374,40485332190.0
3818.5478837,3818.5441123657006,40485332190.0
807.74773373,807.7299048054101,40485332190.0
2423.7466983,2423.7407566259076,40485332190.0
972.7195438,972.7047386920951,40485332190.0
1609.0039581,1608.9950076985472,40485332190.0
1736.3551596,1736.3468657006808,40485332190.0
1076.9745401,1076.9611682125023,40485332190.0
6623.4232357,6623.421061483776,40485332190.0
629.39869021,629.375809049022,40485332190.0
1747.6686847,1747.6604444529844,40485332190.0
554.45611374,554.4301397398323,40485332190.0
1040.4792161,1040.4653752569,40485332190.0
851.83221122,851.8153050103031,40485332190.0
2779.6874449,2779.682264029314,40485332190.0
9061.2767263,9061.275136991706,40485332190.0
1257.0999862,1257.0885303161954,40485332190.0
476.57612433,476.54590550835206,40485332190.0
1729.8661799,1729.8578548593619,40485332190.0
1810.7602546,1810.752301583999,40485332190.0
815.56477857,815.5471205449714,40485332190.0
309.62678296,309.5802682743945,40485332190.0
495.33525661,495.3061822889935,40485332190.0
4736.899723,4736.896682804378,40485332190.0
4381.9729858,4381.969699327366,40485332190.0
723.91306992,723.8931762144726,40485332190.0
776.80925942,776.7907204046159,40485332190.0
1517.463589,1517.4540987677115,40485332190.0
688.66645946,688.6455475522642,40485332190.0
4854.0032097,4854.000242878293,40485332190.0
2095.4755166,2095.468644107724,40485332190.0
3627.5172141,3627.5132441009127,40485332190.0
359.54466126,359.5046052803639,40485332190.0
4228.2506508,4228.247244878624,40485332190.0
932.05256173,932.0371106408105,40485332190.0
1214.9118094,1214.8999557010145,40485332190.0
842.65836501,842.6412747355215,40485332190.0
3446.1321939,3446.1280149733007,40485332190.0
855.42440711,855.4075718924905,40485332190.0
6032.1540389,6032.151651516179,40485332190.0
3934.5071678,3934.503507605247,40485332190.0
2455.2239307,2455.2180652522934,40485332190.0
6607.6817521,6607.6795726429245,40485332190.0
1644.9863412,1644.9775865735196,40485332190.0
526.063266,526.035890042399,40485332190.0
8743.8470409,8743.8453939511,40485332190.0
654.63520979,654.6132107457512,40485332190.0
254.3347781,254.27814914265537,40485332190.0
918.28360071,918.2679179447222,40485332190.0
613.15661726,613.133129972105,40485332190.0
3190.3111286,3190.3066146424308,40485332190.0
5117.9573365,5117.954522693323,40485332190.0
2672.6341616,2672.6287731694033,40485332190.0
1527.6556595,1527.646232573811,40485332190.0
2818.2312441,2818.22613408431,40485332190.0
430.10829497,430.07481114821474,40485332190.0
3737.6439,3737.640046972604,40485332190.0
1037.388989,1037.3751067651,40485332190.0
1347.6820133,1347.671327411421,40485332190.0
1979.3893211,1979.3820455610744,40485332190.0
6885.4716133,6885.469521704782,40485332190.0
1104.3020165,1104.2889754815335,40485332190.0
3089.5844989,3089.5798377284173,40485332190.0
1419.9986802,1419.9885385761795,40485332190.0
182.02710136,181.94796895728072,40485332190.0
1867.8387212,1867.8310111444214,40485332190.0
483.05492677,483.0251132707967,40485332190.0
1039.4626086,1039.4487541283088,40485332190.0
4654.1164484,4654.113354122782,40485332190.0
5973.5565534,5973.55414254165,40485332190.0
1154.2708962,1154.2584198108457,40485332190.0
2608.7920624,2608.7865421503407,40485332190.0
1398.2870993,1398.276800141228,40485332190.0
3030.4000805,3030.3953283121687,40485332190.0
820.83720556,820.8196609569927,40485332190.0
595.49033754,595.4661534307205,40485332190.0
1869.1175974,1869.1098925992171,40485332190.0
1666.7404072,1666.7317669242748,40485332190.0
1109.090848,1109.077863302007,40485332190.0
866.64856487,866.6319476959208,40485332190.0
153.67210056,153.57835873733856,40485332190.0
275.94003758,275.88784337407304,40485332190.0
1341.7689225,1341.7581895012743,40485332190.0
3699.7124723,3699.708579772807,40485332190.0
962.82714697,962.8121897443898,40485332190.0
1604.8846766,1604.8757031877224,40485332190.0
1943.3778332,1943.3704228144325,40485332190.0
1669.4708987,1669.4622724997876,40485332190.0
1142.5464654,1142.533860952458,40485332190.0
2478.2470966,2478.2412856625315,40485332190.0
5300.9702827,5300.967566006764,40485332190.0
2549.5804945,2549.57484611162,40485332190.0
4033.8638471,4033.860277046097,40485332190.0
745.29468002,745.2753570642019,40485332190.0
2988.0975664,2988.092746910049,40485332190.0
590.15388686,590.129484057525,40485332190.0
2361.1835783,2361.177479205302,40485332190.0
2492.3331933,2492.3274151626115,40485332190.0
1914.2621047,1914.2545816821578,40485332190.0
645.41630926,645.3939959772887,40485332190.0
2612.5926695,2612.5871573472405,40485332190.0
5914.3936862,5914.3912512514235,40485332190.0
6110.169054,6110.166697113165,40485332190.0
4238.6949327,4238.691535106426,40485332190.0
201.23744583,201.16587032679072,40485332190.0
1320.8958173,1320.8849147654942,40485332190.0
793.71416761,793.6960234520282,40485332190.0
1386.0742974,1386.0639075113172,40485332190.0
836.16562615,836.1484031754597,40485332190.0
6794.3238589,6794.321739366848,40485332190.0
1768.8974373,1768.8892959623427,40485332190.0
605.42901989,605.4052327960048,40485332190.0
1951.1630636,1951.1556828358796,40485332190.0
12680.198409,12680.197274006723,40485332190.0
1418.3281702,1418.318016596741,40485332190.0
737.2323921,737.2128578220537,40485332190.0
5953.9074667,5953.905047972131,40485332190.0
1129.4568863,1129.4441357551543,40485332190.0
2532.0005468,2531.9948591777434,40485332190.0
2865.8709492,2865.8659241071487,40485332190.0
1063.2349095,1063.2213647330773,40485332190.0
2133.4439708,2133.437220611159,40485332190.0
1479.4799978,1479.470263834873,40485332190.0
1854.3056885,1854.2979222191314,40485332190.0
2472.7790249,2472.773201035739,40485332190.0
1405.9164735,1405.9062302313644,40485332190.0
2939.3831524,2939.3782530351464,40485332190.0
553.9883577,553.9623617598922,40485332190.0
972.79712614,972.7823222050021,40485332190.0
2135.2456867,2135.2389422349456,40485332190.0
652.79587736,652.7738163233678,40485332190.0
1239.3837903,1239.3721706616561,40485332190.0
505.44987855,505.4213860779694,40485332190.0
848.25005154,848.2330739293989,40485332190.0
603.87437536,603.850527033558,40485332190.0
8619.2384529,8619.23678212904,40485332190.0
1613.0651452,1613.0562172958928,40485332190.0
13572.786977,13572.785916228579,40485332190.0
2099.8601852,2099.8533270668727,40485332190.0
4371.9556012,4371.952307258675,40485332190.0
1732.2299533,1732.2216396536326,40485332190.0
722.1585025,722.1385604657712,40485332190.0
1039.1265901,1039.1127310764973,40485332190.0
20502.014145,20502.013442718082,40485332190.0
1163.7688398,1163.7564651983052,40485332190.0
3637.5728382,3637.5688792651767,40485332190.0
1133.4051713,1133.3924650934846,40485332190.0
3113.6971524,3113.6925272202207,40485332190.0
1702.5747102,1702.5662516732343,40485332190.0
5936.0707377,5936.068311666986,40485332190.0
2246.3865724,2246.3801616254673,40485332190.0
361.03436255,360.9944718706062,40485332190.0
654.86859195,654.8466007381868,40485332190.0
345.86742136,345.8257811940253,40485332190.0
409.04397494,409.00876667055985,40485332190.0
1844.6299351,1844.622127967954,40485332190.0
688.31499569,688.2940731085376,40485332190.0
4658.3837774,4658.380685905126,40485332190.0
988.09266534,988.0780905779279,40485332190.0
2888.3475312,2888.342545244364,40485332190.0
3603.3983989,3603.3944023529843,40485332190.0
511.56589786,511.5377460429842,40485332190.0
6801.7575958,6801.755478585135,40485332190.0
2463.3422797,2463.336433510551,40485332190.0
749.39481344,749.3755962128789,40485332190.0
2204.0600648,2204.053530902089,40485332190.0
726.43719232,726.417367747612,40485332190.0
453.31031012,453.2785402313554,40485332190.0
502.35538869,502.3267206947815,40485332190.0
1079.4624472,1079.4491061250606,40485332190.0
1239.6053041,1239.5936865769718,40485332190.0
580.83558097,580.810786662393,40485332190.0
2180.0592,2180.0525941920464,40485332190.0
9091.8296484,9091.828064436602,40485332190.0
952.90008336,952.8849703073164,40485332190.0
1272.8725017,1272.861187792039,40485332190.0
1394.3230775,1394.312749121243,40485332190.0
412.84425328,412.80936913896863,40485332190.0
2629.6949865,2629.6895102020567,40485332190.0
2574.4724091,2574.4668153516714,40485332190.0
2363.3526371,2363.346543554135,40485332190.0
1816.5317985,1816.5238706735236,40485332190.0
493.64137474,493.61220065400965,40485332190.0
1334.3372621,1334.326469295248,40485332190.0
4544.9051433,4544.901974708532,40485332190.0
2572.5701802,2572.5645822368724,40485332190.0
3985.8688553,3985.8652422240434,40485332190.0
1159.3008209,1159.2883986487777,40485332190.0
2310.495458,2310.4892251476786,40485332190.0
5819.1228623,5819.120387575492,40485332190.0
809.46827019,809.4504791714106,40485332190.0
7822.6951308,7822.693289850373,40485332190.0
4054.7274574,4054.723905710899,40485332190.0
13551.473349,13551.472286824335,40485332190.0
1087.8792221,1087.865984212503,40485332190.0
1040.9873276,1040.9734934447465,40485332190.0
1606.2821086,1606.2731431021964,40485332190.0
488.73459385,488.70512684936733,40485332190.0
2082.4378972,2082.4309817130893,40485332190.0
488.34125594,488.31176519368836,40485332190.0
1165.3950975,1165.3827401392134,40485332190.0
5874.1906965,5874.188244907506,40485332190.0
985.1114808,985.0968619259739,40485332190.0
4474.5691003,4474.565881932501,40485332190.0
1279.3425164,1279.331259790328,40485332190.0
2354.4023942,2354.396277537176,40485332190.0
1597.0225498,1597.0135322752528,40485332190.0
2247.3467517,2247.340343600788,40485332190.0
975.62610568,975.6113446759815,40485332190.0
813.35246914,813.3347630821185,40485332190.0
2699.9802602,2699.9749263582594,40485332190.0
1173.3837803,1173.3715071076558,40485332190.0
1299.2406553,1299.2295709506227,40485332190.0
2486.9423152,2486.9365245144836,40485332190.0
1818.8463017,1818.8383840214865,40485332190.0
2941.4793706,2941.474474725643,40485332190.0
1212.0389637,1212.0270818577649,40485332190.0
472.90896194,472.87850877428235,40485332190.0
1365.7470836,1365.7365390367738,40485332190.0
203.74530918,203.67461498769336,40485332190.0
7659.3006504,7659.298770145249,40485332190.0
479.99621581,479.9662123257585,40485332190.0
1721.7650688,1721.7567046751005,40485332190.0
1440.5064648,1440.4964674485957,40485332190.0
1471.4933196,1471.4835327788212,40485332190.0
475.3563185,475.32602213822076,40485332190.0
1980.1816457,1980.1743730012154,40485332190.0
2987.3708622,2987.3660415920085,40485332190.0
4938.5299012,4938.526985143113,40485332190.0
608.99546367,608.97181589789,40485332190.0
786.51964457,786.5013344380226,40485332190.0
409.1883791,409.1531832597613,40485332190.0
13733.417169,13733.416120048209,40485332190.0
1264.37846,1264.367070045629,40485332190.0
9041.3365128,9041.334919990662,40485332190.0
1920.8861445,1920.8786474008548,40485332190.0
6577.9519628,6577.949773538336,40485332190.0
911.72053615,911.7047404870254,40485332190.0
335.33028885,335.287340045322,40485332190.0
1425.2394361,1425.2293316830321,40485332190.0
1138.451451,1138.4388011981102,40485332190.0
1783.7982642,1783.7901909086668,40485332190.0
783.76917452,783.7508001326904,40485332190.0
4478.2915644,4478.288348631765,40485332190.0
788.68225642,788.6639964885554,40485332190.0
607.81712513,607.7934315073122,40485332190.0
1247.8673952,1247.855854602531,40485332190.0
1191.4782799,1191.4661931352207,40485332190.0
1988.0426803,1988.0354364296295,40485332190.0
728.16579186,728.1460143488399,40485332190.0
3317.0654084,3317.061066922906,40485332190.0
737.3780402,737.358509785726,40485332190.0
1899.4769932,1899.469411558434,40485332190.0
3232.5157174,3232.511262373029,40485332190.0
577.70521506,577.6802863913465,40485332190.0
703.36988429,703.3494095389672,40485332190.0
640.30403619,640.2815447497319,40485332190.0
837.7825351,837.7653453671907,40485332190.0
1745.1026674,1745.0944151283268,40485332190.0
4095.1494823,4095.145965650782,40485332190.0
3164.3907139,3164.3861629181342,40485332190.0
1955.5850039,1955.5776397434915,40485332190.0
6239.4775071,6239.475199046596,40485332190.0
221.39672464,221.3316684622478,40485332190.0
518.72136536,518.6936019145303,40485332190.0
3771.7049131,3771.701094977804,40485332190.0
1269.8202967,1269.8089555578774,40485332190.0
2519.6323228,2519.6266072533035,40485332190.0
552.90107473,552.8750276622604,40485332190.0
1505.7221619,1505.7125976203008,40485332190.0
4544.2719881,4544.268819010501,40485332190.0
4943.8143932,4943.811480183415,40485332190.0
2780.4814776,2780.476298241168,40485332190.0
1327.8980337,1327.8871885791004,40485332190.0
11987.972057,11987.970855877193,40485332190.0
1862.9548309,1862.9471006797396,40485332190.0
331.11847076,331.07497558899684,40485332190.0
4915.1487324,4915.145802464761,40485332190.0
1402.3610138,1402.3507446365675,40485332190.0
1956.3291014,1956.3217400790427,40485332190.0
475.05197845,475.0216626751051,40485332190.0
774.17051214,774.1519099282634,40485332190.0
12985.874856,12985.873747111511,40485332190.0
3362.3703689,3362.366085918629,40485332190.0
214.89274029,214.8257145028654,40485332190.0
3561.848069,3561.8440258840833,40485332190.0
5141.8132211,5141.810420278803,40485332190.0
1470.3834172,1470.3736229876315,40485332190.0
2158.223313,2158.2166403836386,40485332190.0
756.18673654,756.1676919162559,40485332190.0
2817.3256481,2817.3205364837145,40485332190.0
4547.7178913,4547.71472460686,40485332190.0
480.75312607,480.7231698248912,40485332190.0
1098.4168518,1098.403740888946,40485332190.0
5535.0520607,5535.049458919369,40485332190.0
889.39376587,889.3775736704607,40485332190.0
913.1251267,913.1093553212224,40485332190.0
106.38465067,106.24919612079825,40485332190.0
2138.0337265,2138.0269907553893,40485332190.0
3115.765905,3115.76128301088,40485332190.0
1275.2747679,1275.2634752990039,40485332190.0
1092.1023186,1092.0891318465697,40485332190.0
459.50525558,459.47391404418494,40485332190.0
439.68255747,439.6498028255112,40485332190.0
1052.8162536,1052.8025748363882,40485332190.0
5956.5858347,5956.583417030499,40485332190.0
3495.8391715,3495.835052072414,40485332190.0
5581.0252279,5581.0226474782385,40485332190.0
1139.9102954,1139.8976617427816,40485332190.0
524.63932559,524.6118753321767,40485332190.0
7234.2603375,7234.25834677596,40485332190.0
5378.9132737,5378.910596401012,40485332190.0
1718.879281,1718.8709028038963,40485332190.0
321.92111351,321.87637550256017,40485332190.0
4647.8293037,4647.826205249108,40485332190.0
2152.0435528,2152.036860933609,40485332190.0
920.86415175,920.8485129262741,40485332190.0
2752.9557709,2752.9505397492067,40485332190.0
1434.3056569,1434.2956163353795,40485332190.0
310.96445491,310.9181403487979,40485332190.0
1347.8169072,1347.806222351663,40485332190.0
1230.2898962,1230.278190680663,40485332190.0
620.44812398,620.4249127239457,40485332190.0
9220.9751662,9220.97360446191,40485332190.0
876.46459432,876.4481632545384,40485332190.0
8476.71595,8476.71425103313,40485332190.0
6720.9302853,6720.928142556205,40485332190.0
1682.4123695,1682.4038097499952,40485332190.0
3851.0314707,3851.0277311918157,40485332190.0
358.08767246,358.0474534825382,40485332190.0
1826.5769464,1826.5690621528938,40485332190.0
1211.4256707,1211.4137829297583,40485332190.0
5653.9672856,5653.964738567911,40485332190.0
519.02280923,518.9950619073203,40485332190.0
11852.98275,11852.981535569648,40485332190.0
2916.389715,2916.384777031964,40485332190.0
2409.6537622,2409.647785707052,40485332190.0
12196.938143,12196.936961776952,40485332190.0
1522.9679066,1522.9584505713606,40485332190.0
9210.6278989,9210.626335437848,40485332190.0
1059.2841849,1059.2705896128405,40485332190.0
1241.3654613,1241.3538602441406,40485332190.0
1500.209482,1500.1998825312614,40485332190.0
1047.1683188,1047.1545662468343,40485332190.0
239.40427142,239.34410991958097,40485332190.0
224.89859288,224.83454997627246,40485332190.0
1128.3354342,1128.322670920394,40485332190.0
1603.5050688,1603.4960877993797,40485332190.0
1470.291251,1470.281456234053,40485332190.0
3636.4192231,3636.4152628186625,40485332190.0
1070.2993376,1070.2858822361943,40485332190.0
2644.2324443,2644.226998088331,40485332190.0
1375.2335975,1375.223125725518,40485332190.0
667.73680494,667.7152375432563,40485332190.0
1998.7325468,1998.7253416288222,40485332190.0
2788.2868535,2788.281688644052,40485332190.0
291.86796564,291.8186202883265,40485332190.0
675.21791976,675.1965913285417,40485332190.0
11373.265604,11373.264338445279,40485332190.0
498.25880345,498.2298997331864,40485332190.0
1244.2255758,1244.2140014054005,40485332190.0
400.32587154,400.2898964546152,40485332190.0
522.01568076,521.9880925240188,40485332190.0
2355.4028465,2355.3967324166865,40485332190.0
3426.7837501,3426.7795475998983,40485332190.0
6460.543035,6460.540805885466,40485332190.0
425.84734637,425.8135274844382,40485332190.0
2514.6945597,2514.688832838205,40485332190.0
1397.9591723,1397.948870678076,40485332190.0
3011.8602037,3011.8554222957055,40485332190.0
1166.762533,1166.7501900782277,40485332190.0
1727.1438556,1727.1355174669022,40485332190.0
1719.6680043,1719.6596299351431,40485332190.0
1854.7128581,1854.7050934714478,40485332190.0
670.7363275,670.7148565506443,40485332190.0
584.01964692,583.9949877934389,40485332190.0
525.03407715,525.0066475263668,40485332190.0
1146.9943034,1146.9817478109253,40485332190.0
1554.6127219,1554.603458396283,40485332190.0
2686.9285114,2686.9231516282916,40485332190.0
742.43155778,742.4121603088896,40485332190.0
517.2679295,517.2400880327882,40485332190.0
364.88813342,364.8486640896349,40485332190.0
2496.7599322,2496.7541642321016,40485332190.0
781.28391005,781.2654772164378,40485332190.0
911.18208798,911.1662829764883,40485332190.0
2089.227345,2089.2204519760508,40485332190.0
4762.5034747,4762.500450794124,40485332190.0
997.7964675,997.7820344860161,40485332190.0
2431.717343,2431.711420708734,40485332190.0
3130.6754256,3130.6708255779395,40485332190.0
455.46958896,455.4379697037345,40485332190.0
1538.9030555,1538.8936973780546,40485332190.0
921.75250869,921.7368849338909,40485332190.0
553.5587664,553.5327502837728,40485332190.0
1221.4699831,1221.4581930632687,40485332190.0
2068.4785186,2068.4715563316413,40485332190.0
410.13239076,410.0972759346571,40485332190.0
1651.3420919,1651.3333710287368,40485332190.0
1380.4647625,1380.4543304236443,40485332190.0
575.13833065,575.1132907196154,40485332190.0
282.11543702,282.0643855294813,40485332190.0
695.74563692,695.7249377919512,40485332190.0
2086.7985079,2086.7916067968504,40485332190.0
2203.1614637,2203.1549271387635,40485332190.0
2705.5524127,2705.547089909588,40485332190.0
2382.6086193,2382.6025750617305,40485332190.0
1462.2298842,1462.220035454754,40485332190.0
1275.2871363,1275.275843856982,40485332190.0
7411.1726737,7411.170730550241,40485332190.0
283.44805007,283.39723864124295,40485332190.0
4424.0910734,4424.0878183026525,40485332190.0
1747.1381596,1747.129916865372,40485332190.0
636.72603467,636.7034168330493,40485332190.0
5210.6581219,5210.655358145513,40485332190.0
1240.1462524,1240.1346398932444,40485332190.0
841.750475,841.7333663057674,40485332190.0
700.59955208,700.5789963718674,40485332190.0
5007.9522351,5007.949359470233,40485332190.0
1486.2930138,1486.2833244802464,40485332190.0
2464.8551355,2464.8492929297804,40485332190.0
889.34317893,889.3269858102631,40485332190.0
1314.6952195,1314.6842655775317,40485332190.0
6236.4267572,6236.424448047774,40485332190.0
1264.7394664,1264.7280797088486,40485332190.0
2449.5019152,2449.4960360607015,40485332190.0
1918.791687,1918.78418167076,40485332190.0
1048.3565807,1048.342843711029,40485332190.0
1818.7782513,1818.7703332930541,40485332190.0
657.3319303,657.3100215047483,40485332190.0
449.84485377,449.8128391241838,40485332190.0
2328.0971528,2328.0909670009282,40485332190.0
7005.4906161,7005.488560414588,40485332190.0
696.56272683,696.5420519827635,40485332190.0
846.88022172,846.8632166577098,40485332190.0
1696.5808975,1696.5724092325377,40485332190.0
595.17638342,595.1521865537928,40485332190.0
4571.4253529,4571.4222026186335,40485332190.0
1163.2688882,1163.2565083263994,40485332190.0
423.79010587,423.7561228062124,40485332190.0
4070.2411323,4070.2375941941623,40485332190.0
3735.2440901,3735.2402346728363,40485332190.0
477.202429,477.17224984109,40485332190.0
2632.2073371,2632.2018659246464,40485332190.0
892.72481461,892.7086828349887,40485332190.0
1603.6393488,1603.6303685567402,40485332190.0
3454.8614282,3454.8572598901274,40485332190.0
2782.3785443,2782.373368483576,40485332190.0
396.80139131,396.76509665898277,40485332190.0
2887.8533461,2887.8483592926773,40485332190.0
2746.3347086,2746.3294649294635,40485332190.0
3657.9739619,3657.9700250469064,40485332190.0
6175.6767095,6175.674377606048,40485332190.0
1029.3234724,1029.309481457627,40485332190.0
1135.6497235,1135.6370425626424,40485332190.0
6982.06954,6982.067477493563,40485332190.0
7432.619713,7432.617775490351,40485332190.0
1156.6935975,1156.681147164822,40485332190.0
866.6927948,866.67617847862,40485332190.0
3765.6808185,3765.6769941921493,40485332190.0
636.01413904,635.9914958841374,40485332190.0
1326.9222688,1326.9114157518043,40485332190.0
3718.5804004,3718.576527574181,40485332190.0
1247.1778229,1247.166275932146,40485332190.0
1741.3581884,1741.3499183348522,40485332190.0
2648.2867597,2648.281321765167,40485332190.0
1715.7364489,1715.728055295841,40485332190.0
8204.3323914,8204.330636043702,40485332190.0
512.32869226,512.3005823684341,40485332190.0
5319.5884617,5319.585754502725,40485332190.0
13874.240462,13874.239424462774,40485332190.0
599.63360863,599.6095916341759,40485332190.0
2223.9706807,2223.9642052685194,40485332190.0
3992.4718802,3992.468273061502,40485332190.0
2657.7133443,2657.7079257301107,40485332190.0
3519.7987101,3519.7946186373724,40485332190.0
4708.2351377,4708.232079045698,40485332190.0
505.43493074,505.4064374254928,40485332190.0
2837.4767578,2837.4716824616003,40485332190.0
4220.6738618,4220.6704497502105,40485332190.0
4855.1338434,4855.1308772601915,40485332190.0
4992.8746858,4992.871801456545,40485332190.0
15046.153883,15046.152925915016,40485332190.0
838.44523814,838.4280619977305,40485332190.0
2213.1029791,2213.0964719057956,40485332190.0
561.68537499,561.659735293217,40485332190.0
1844.6396833,1844.6318763121924,40485332190.0
865.95216009,865.9355295577569,40485332190.0
379.00360461,378.9656054045772,40485332190.0
2918.9504982,2918.9455645300636,40485332190.0
360.69623044,360.6563023615909,40485332190.0
1022.2631332,1022.2490455898657,40485332190.0
2759.2860562,2759.2808370011,40485332190.0
6516.7527185,6516.750508651707,40485332190.0
481.72012148,481.69022538048495,40485332190.0
14797.704517,14797.703543906664,40485332190.0
694.50493694,694.4842008392965,40485332190.0
8670.7470269,8670.745366069737,40485332190.0
708.73976745,708.7194478397454,40485332190.0
366.56255684,366.52326781703067,40485332190.0
1240.0389772,1240.027363647746,40485332190.0
4890.7404231,4890.737478514463,40485332190.0
9535.7180427,9535.716532444083,40485332190.0
1347.1919098,1347.1812199930125,40485332190.0
2281.0415865,2281.035273133011,40485332190.0
740.24511909,740.225664314744,40485332190.0
692.66729935,692.6465082359506,40485332190.0
1705.0266064,1705.0181601466659,40485332190.0
590.12064191,590.0962377307769,40485332190.0
437.71405863,437.6811566659112,40485332190.0
1738.0571091,1738.0488233113113,40485332190.0
1154.2233984,1154.2109214192944,40485332190.0
1863.145055,1863.1373255841638,40485332190.0
13861.610275,13861.609235564427,40485332190.0
1611.637528,1611.6285923129235,40485332190.0
1396.6197901,1396.6094786976164,40485332190.0
1451.5910428,1451.5811217908272,40485332190.0
1804.5232579,1804.5152773168202,40485332190.0
4120.8148292,4120.811334477665,40485332190.0
256.93084329,256.87478664299067,40485332190.0
2991.3019179,2991.297103581793,40485332190.0
6141.8890889,6141.886744173857,40485332190.0
734.80017653,734.7805775915334,40485332190.0
299.19731616,299.14917980820854,40485332190.0
631.42620021,631.4033925227513,40485332190.0
5289.6812552,5289.6785326489635,40485332190.0
247.46332225,247.4051204779747,40485332190.0
8978.6836223,8978.682018408572,40485332190.0
771.29690125,771.2782297341004,40485332190.0
8619.7916032,8619.78993250267,40485332190.0
2728.6302894,2728.625011602005,40485332190.0
4755.6883851,4755.6853569673385,40485332190.0
2776.8871331,2776.8819469909445,40485332190.0
864.81648252,864.7998301475468,40485332190.0
2350.4314327,2350.42530565242,40485332190.0
5247.7221523,5247.719408009658,40485332190.0
1560.4395881,1560.4303592141982,40485332190.0
204.84659877,204.776284769892,40485332190.0
1119.7598087,1119.7469477209313,40485332190.0
1559.4430918,1559.433856996156,40485332190.0
395.33196518,395.29553561105814,40485332190.0
2639.7979457,2639.792490319025,40485332190.0
958.70031321,958.6852915978146,40485332190.0
6374.1716709,6374.169411597903,40485332190.0
3049.6005081,3049.5957857205135,40485332190.0
5763.5926371,5763.590138498449,40485332190.0
4124.6945885,4124.691097118449,40485332190.0
1225.4144663,1225.4027142451475,40485332190.0
2056.4647562,2056.457753412442,40485332190.0
1315.7587775,1315.747832404132,40485332190.0
8850.7061297,8850.704502567514,40485332190.0
14666.866992,14666.866009939993,40485332190.0
1244.2703655,1244.2587915002944,40485332190.0
684.60872476,684.5876888988931,40485332190.0
1835.4192321,1835.4113858790458,40485332190.0
4804.0136502,4804.010652406959,40485332190.0
510.09247669,510.0642435547975,40485332190.0
311.52785137,311.4816205815326,40485332190.0
1675.5883455,1675.5797508039743,40485332190.0
567.68565227,567.6602836017257,40485332190.0
3582.7150527,3582.711033088886,40485332190.0
1530.2853265,1530.2759157328342,40485332190.0
14541.134387,14541.133396408313,40485332190.0
815.26795872,815.2502942684642,40485332190.0
522.81272978,522.7851836055854,40485332190.0
2273.5256868,2273.519352504923,40485332190.0
6692.9980226,6692.995870987474,40485332190.0
640.20186046,640.179365433517,40485332190.0
347.02414639,346.98264503169264,40485332190.0
12272.543271,12272.542097124084,40485332190.0
325.78674447,325.7425373720981,40485332190.0
267.02715918,266.973222470741,40485332190.0
804.807592,804.7896979431065,40485332190.0
1037.2609876,1037.2471037698829,40485332190.0
2457.6845911,2457.678731494088,40485332190.0
2736.5991359,2736.5938734065676,40485332190.0
1873.9905403,1873.982855466479,40485332190.0
554.13783088,554.1118419510166,40485332190.0
655.4972692,655.4752990799167,40485332190.0
1859.8414184,1859.8336752638752,40485332190.0
6280.8975171,6280.895224255572,40485332190.0
1052.8229674,1052.8092886840418,40485332190.0
7494.5151398,7494.513218280427,40485332190.0
800.45515392,800.4371625671281,40485332190.0
449.45993425,449.42789218739983,40485332190.0
939.174947,939.1596130940072,40485332190.0
3520.9496878,3520.9455976675727,40485332190.0
1580.0155313,1580.0064167405876,40485332190.0
876.73014021,876.7137141290428,40485332190.0
2961.1694127,2961.1645493722303,40485332190.0
909.81210556,909.7962767593423,40485332190.0
505.57073834,505.54225267539147,40485332190.0
1153.4403821,1153.4278965994272,40485332190.0
2015.5455134,2015.5383683013642,40485332190.0
245.42926599,245.37058174674277,40485332190.0
25473.565291,25473.56472596375,40485332190.0
4445.6101,4445.606860517101,40485332190.0
3250.783396,3250.778965883714,40485332190.0
1918.8410416,1918.8335364348636,40485332190.0
2129.2567035,2129.249940053401,40485332190.0
9662.6517621,9662.650271630955,40485332190.0
1180.5184062,1180.506207238336,40485332190.0
369.52257748,369.4836032220513,40485332190.0
896.08610386,896.0700325873225,40485332190.0
152.06912747,151.9743968839868,40485332190.0
1188.9854813,1188.973369107165,40485332190.0
1758.8603056,1758.8521178552387,40485332190.0
2002.3912213,2002.3840293279557,40485332190.0
1087.7254841,1087.7122444066497,40485332190.0
3446.0341294,3446.029950385125,40485332190.0
4201.0005633,4200.997135245126,40485332190.0
1148.0308161,1148.0182718353856,40485332190.0
1307.5366028,1307.5255887747314,40485332190.0
1557.4437935,1557.4345468965237,40485332190.0
1630.612162,1630.6033301944724,40485332190.0
692.74099527,692.7202063713455,40485332190.0
1126.3035918,1126.290805566265,40485332190.0
1343.155443,1343.1447211927975,40485332190.0
1188.5616109,1188.549494355609,40485332190.0
940.61724519,940.6019347821534,40485332190.0
4481.8849045,4481.881691298486,40485332190.0
22052.289714,22052.289060010906,40485332190.0
6465.3343559,6465.332128439864,40485332190.0
325.25207412,325.2077943363794,40485332190.0
330.04222502,329.9985879938567,40485332190.0
1030.1157737,1030.1017935426391,40485332190.0
567.75387016,567.728504529966,40485332190.0
1604.8774428,1604.8684694413976,40485332190.0
5366.6728477,5366.670164226725,40485332190.0
9920.1255117,9920.124059972894,40485332190.0
1658.8939448,1658.8852636056079,40485332190.0
1389.5161314,1389.505767159517,40485332190.0
1337.8328521,1337.822087613472,40485332190.0
1112.9911337,1112.9781945931722,40485332190.0
4564.2842177,4564.281062549796,40485332190.0
3533.0930865,3533.0890104515343,40485332190.0
592.97368141,592.9493946566761,40485332190.0
640.37631785,640.3538289452591,40485332190.0
1303.3477155,1303.3366661143336,40485332190.0
1163.3728302,1163.360451397849,40485332190.0
246.14415641,246.085642645627,40485332190.0
1544.74535,1544.736027330648,40485332190.0
1238.0212999,1238.0096675193083,40485332190.0
1344.3621818,1344.3514695277524,40485332190.0
596.86721368,596.8430853580643,40485332190.0
2304.5370575,2304.530808525557,40485332190.0
521.35135563,521.3237322429641,40485332190.0
2915.0126429,2915.0077025415935,40485332190.0
338.16015101,338.1175616695099,40485332190.0
678.8924555,678.8712425238552,40485332190.0
504.43701068,504.4084609956684,40485332190.0
7508.9012327,7508.899314757732,40485332190.0
2617.8167529,2617.811251652724,40485332190.0
1686.0057519,1685.997210342319,40485332190.0
1448.5453515,1448.5354097158975,40485332190.0
1262.3865785,1262.375170575092,40485332190.0
3584.6252272,3584.6212097200614,40485332190.0
4517.4007973,4517.397609360991,40485332190.0
1060.6116652,1060.5980869224647,40485332190.0
3263.1386116,3263.1341982778995,40485332190.0
2215.5984218,2215.5919219656867,40485332190.0
5452.5142543,5452.511613143477,40485332190.0
3319.8613239,3319.8569860044067,40485332190.0
561.13089059,561.105225557895,40485332190.0
1170.0893999,1170.0770921510582,40485332190.0
1075.1257895,1075.1123946289479,40485332190.0
700.00104747,699.980474188815,40485332190.0
1856.9964659,1856.9887107811387,40485332190.0
1861.1533866,1861.1456488208657,40485332190.0
8721.6216775,8721.62002635752,40485332190.0
3766.292979,3766.28915526515,40485332190.0
1479.9673195,1479.9575888259712,40485332190.0
1782.6154879,1782.6074092272218,40485332190.0
3993.2524101,3993.2488037452604,40485332190.0
915.1021249,915.0863876051037,40485332190.0
2191.7382125,2191.7316419174335,40485332190.0
5882.223985,5882.22153679189,40485332190.0
226.16840503,226.10472178732914,40485332190.0
1621.9632374,1621.9543585881363,40485332190.0
691.7381692,691.717350148169,40485332190.0
528.80020975,528.772975494842,40485332190.0
4068.6337316,4068.6301920378623,40485332190.0
2040.3106693,2040.3036109736056,40485332190.0
357.16911558,357.1287931649099,40485332190.0
6436.5737365,6436.571499105079,40485332190.0
1326.1107979,1326.0999381875836,40485332190.0
2478.1627594,2478.1569481433185,40485332190.0
1829.1817962,1829.1739232043778,40485332190.0
2390.2311592,2390.22513418923,40485332190.0
1104.2899468,1104.276905581064,40485332190.0
1993.3049178,1993.29769303433,40485332190.0
3584.265849,3584.2618310487696,40485332190.0
124.16777662,124.05174134480134,40485332190.0
1615.7396019,1615.730688768941,40485332190.0
1238.3451515,1238.3335221557152,40485332190.0
1054.8936789,1054.8800270744684,40485332190.0
671.16117228,671.1397149310191,40485332190.0
727.51974453,727.4999494547956,40485332190.0
12506.457477,12506.456325130472,40485332190.0
1304.0485562,1304.0375128455269,40485332190.0
818.27984037,818.2622409312954,40485332190.0
779.31723314,779.2987537827778,40485332190.0
19976.819854,19976.81913310778,40485332190.0
891.09466392,891.0785026247769,40485332190.0
907.54959134,907.5337230745147,40485332190.0
364.24338264,364.2038434485036,40485332190.0
2008.5973721,2008.5902024414606,40485332190.0
1305.1528105,1305.1417763493166,40485332190.0
358.64137763,358.60122076151686,40485332190.0
1506.8372317,1506.827674538112,40485332190.0
5708.5874961,5708.584973457743,40485332190.0
1015.9494563,1015.935281246574,40485332190.0
4605.4406246,4605.437497616207,40485332190.0
2119.6231763,2119.6163820334496,40485332190.0
5621.1270075,5621.124445560985,40485332190.0
895.07404099,895.0579515494801,40485332190.0
363.19024272,363.1505888554034,40485332190.0
5946.9503695,5946.947947906863,40485332190.0
2544.0337856,2544.0281248400183,40485332190.0
7962.5921775,7962.590368935043,40485332190.0
1297.8183684,1297.8072719626966,40485332190.0
4783.1017873,4783.098776377293,40485332190.0
2456.9611354,2456.9552739860274,40485332190.0
8866.7565009,8866.754876695073,40485332190.0
2117.3991061,2117.392304751232,40485332190.0
5502.8874891,5502.884872138895,40485332190.0
19136.989291,19136.98853886885,40485332190.0
6278.8837371,6278.881443564869,40485332190.0
13234.650292,13234.649203460134,40485332190.0
1324.3562209,1324.345346820808,40485332190.0
1915.1469813,1915.139461703409,40485332190.0
5893.7322052,5893.729761798889,40485332190.0
3229.3049382,3229.3004786807946,40485332190.0
996.18113958,996.1666831651189,40485332190.0
685.06523359,685.0442117527754,40485332190.0
2399.7697357,2399.763734663045,40485332190.0
1892.3052741,1892.2976637382692,40485332190.0
1776.5791334,1776.5710272792678,40485332190.0
850.31255087,850.2956144476777,40485332190.0
7755.4064349,7755.404578049622,40485332190.0
7386.142526,7386.140576324933,40485332190.0
939.97240455,939.9570836528625,40485332190.0
1793.9077033,1793.8996755412247,40485332190.0
638.30600408,638.2834422320041,40485332190.0
964.5349586,964.5200278667015,40485332190.0
2593.3038718,2593.298318639788,40485332190.0
1285.0596048,1285.048398161972,40485332190.0
1473.9421417,1473.9323711584968,40485332190.0
2584.3951632,2584.3895908243658,40485332190.0
532.31775643,532.2907021508388,40485332190.0
16742.488232,16742.48737227607,40485332190.0
1122.3791582,1122.366327284715,40485332190.0
2556.6396417,2556.634008819217,40485332190.0
371.99171597,371.953000432412,40485332190.0
3614.8524984,3614.848514525121,40485332190.0
969.63440416,969.6195519391928,40485332190.0
682.22987159,682.2087623809354,40485332190.0
1382.8074577,1382.7970432503835,40485332190.0
632.2745316,632.2517545188925,40485332190.0
802.98849046,802.9705558692722,40485332190.0
970.55299623,970.5381580750146,40485332190.0
2882.1099137,2882.1049170313427,40485332190.0
2032.2585066,2032.2514203447026,40485332190.0
616.41467568,616.3913125389402,40485332190.0
6398.0365119,6398.034261086902,40485332190.0
2678.3714547,2678.366077901765,40485332190.0
2480.9970923,2480.9912877613997,40485332190.0
3124.1122473,3124.1076376864676,40485332190.0
243.74368373,243.68459355521924,40485332190.0
2840.8404588,2840.8353894553557,40485332190.0
4921.8343363,4921.831410269181,40485332190.0
6569.9000384,6569.897846339253,40485332190.0
552.73114527,552.7050901943057,40485332190.0
2345.1327356,2345.126594808836,40485332190.0
6824.0695617,6824.067451317561,40485332190.0
3041.5413184,3041.536583673927,40485332190.0
1137.6740249,1137.6613664053052,40485332190.0
5012.8110274,5012.808154587401,40485332190.0
656.31606845,656.2941257398687,40485332190.0
213.84302853,213.77567361797605,40485332190.0
1277.6483688,1277.6370971861793,40485332190.0
1697.767352,1697.758869569185,40485332190.0
884.12110879,884.1048200187582,40485332190.0
2221.5659206,2221.5594381487895,40485332190.0
819.03173002,819.0141467438796,40485332190.0
938.48888079,938.4735356668691,40485332190.0
310.09333831,310.0468936192875,40485332190.0
1148.1283222,1148.1157789348217,40485332190.0
4141.4616385,4141.458161161011,40485332190.0
457.1547995,457.12329681335865,40485332190.0
1821.7127924,1821.7048871398144,40485332190.0
4796.1534947,4796.150492103566,40485332190.0
401.66654211,401.6306871096224,40485332190.0
802.40892054,802.3909730016658,40485332190.0
580.94851039,580.9237209018123,40485332190.0
704.80870983,704.7882768827637,40485332190.0
1091.6114286,1091.5982359949905,40485332190.0
2296.9256603,2296.9193906143337,40485332190.0
1429.8054539,1429.7953817239224,40485332190.0
1416.9380566,1416.9278930824432,40485332190.0
1363.5185034,1363.507941616772,40485332190.0
1360.1314327,1360.120844572815,40485332190.0
9776.9886025,9776.987129551464,40485332190.0
5190.8936968,5190.890922515909,40485332190.0
6361.9089681,6361.906704424657,40485332190.0
18126.889307,18126.888513052316,40485332190.0
4839.1029229,4839.099946899453,40485332190.0
1579.8848394,1579.8757240646146,40485332190.0
436.30898658,436.27597866138956,40485332190.0
1422.1833312,1422.173205124732,40485332190.0
9479.3186574,9479.317138205723,40485332190.0
678.90170075,678.8804880507305,40485332190.0
801.10416993,801.0861931451624,40485332190.0
600.95823364,600.9342695782419,40485332190.0
1345.533567,1345.5228640061998,40485332190.0
10399.34073,10399.339344799384,40485332190.0
444.19666409,444.1642423288972,40485332190.0
2308.8302312,2308.823993787203,40485332190.0
12710.623381,12710.622247472407,40485332190.0
601.05756663,601.0336065364482,40485332190.0
4193.6829274,4193.679493333374,40485332190.0
2441.3832429,2441.377344120212,40485332190.0
392.23193979,392.1952222623258,40485332190.0
12335.27572,12335.274552251567,40485332190.0
1005.4992728,1005.4849503275259,40485332190.0
1216.9401459,1216.9283119174934,40485332190.0
2376.5393698,2376.533310045643,40485332190.0
1077.8945745,1077.8812140138443,40485332190.0
285.71340414,285.6629956482404,40485332190.0
1948.4341128,1948.4267216412368,40485332190.0
1025.2265906,1025.2125438185883,40485332190.0
5072.8405751,5072.837736193449,40485332190.0
309.05946341,309.01286332654604,40485332190.0
3340.0674861,3340.063174469446,40485332190.0
4528.3575092,4528.354329010803,40485332190.0
534.96259298,534.9356724487866,40485332190.0
8960.968796,8960.967188904562,40485332190.0
2169.7823177,2169.77568051965,40485332190.0
1520.4977405,1520.4882691654961,40485332190.0
1696.9495541,1696.9410676414293,40485332190.0
3300.3884398,3300.3840763396292,40485332190.0
519.45994227,519.4322183016724,40485332190.0
2442.7834192,2442.777523838221,40485332190.0
949.85167623,949.836514680487,40485332190.0
453.14181246,453.11003076322976,40485332190.0
1220.9680732,1220.9562782856308,40485332190.0
562.74682541,562.7212340793436,40485332190.0
9882.0320157,9882.030558369072,40485332190.0
5662.5999717,5662.597428447155,40485332190.0
997.92189395,997.9074627503755,40485332190.0
4881.4878777,4881.48492763086,40485332190.0
801.93715795,801.9191998445477,40485332190.0
2429.1032867,2429.097358111483,40485332190.0
1264.4123658,1264.4009761262348,40485332190.0
1280.8547344,1280.8434909927373,40485332190.0
8321.4643112,8321.462580553514,40485332190.0
4234.04857,4234.045168692705,40485332190.0
1670.9439938,1670.9353752198883,40485332190.0
2478.973284,2478.9674747228582,40485332190.0
230.45716504,230.3946672487422,40485332190.0
1258.1039396,1258.0924927761073,40485332190.0
758.60711001,758.5881261485147,40485332190.0
12982.877835,12982.876725178117,40485332190.0
3669.1278981,3669.123973118438,40485332190.0
2566.3695475,2566.3639359427025,40485332190.0
1773.5100721,1773.501951957788,40485332190.0
673.24131013,673.2199190850881,40485332190.0
2043.1529149,2043.1458663996802,40485332190.0
1052.2833296,1052.2696438423127,40485332190.0
6873.0830984,6873.081003121424,40485332190.0
883.27777562,883.261471302362,40485332190.0
1924.3969623,1924.3894788072982,40485332190.0
2227.3668397,2227.3603741960187,40485332190.0
1323.2843443,1323.2734614473159,40485332190.0
281.57057332,281.51942302868923,40485332190.0
113.57499795,113.44812885010042,40485332190.0
7055.0265571,7055.024515891151,40485332190.0
3165.6833698,3165.678820639548,40485332190.0
4007.4167109,4007.4131172825632,40485332190.0
3386.0538701,3386.049617119622,40485332190.0
342.35882814,342.316761182367,40485332190.0
1958.6717858,1958.6644332713736,40485332190.0
960.08786529,960.0728653890156,40485332190.0
425.74983761,425.7160109822253,40485332190.0
987.75278253,987.7382027577096,40485332190.0
574.22770601,574.2026263728255,40485332190.0
828.76658956,828.7492128204759,40485332190.0
1349.0180258,1349.007350550194,40485332190.0
122.48841269,122.3707850071276,40485332190.0
1649.2633671,1649.254635328549,40485332190.0
1384.2290967,1384.2186929247791,40485332190.0
1102.4546798,1102.4416169069582,40485332190.0
278.20946691,278.1576985482931,40485332190.0
738.04046347,738.0209505849582,40485332190.0
1318.8143727,1318.8034529363288,40485332190.0
1345.6449547,1345.6342526667788,40485332190.0
10943.953069,10943.951752637222,40485332190.0
3107.739597,3107.7349630977074,40485332190.0
10478.050035,10478.048660385031,40485332190.0
6603.768037,6603.765856281726,40485332190.0
428.60069,428.56708839377603,40485332190.0
1484.6784135,1484.6687136521505,40485332190.0
5510.6176813,5510.615067905259,40485332190.0
577.19491736,577.1699666508468,40485332190.0
5120.4343021,5120.431489627863,40485332190.0
597.34718987,597.323080941066,40485332190.0
895.52959006,895.5135088064876,40485332190.0
1672.2831114,1672.2744997265802,40485332190.0
1109.6907449,1109.6777672201601,40485332190.0
1238.4740884,1238.4624602657018,40485332190.0
959.64707186,959.6320650699289,40485332190.0
739.99586561,739.9764042856169,40485332190.0
1052.211701,1052.1980143276644,40485332190.0
5958.7909569,5958.788540135382,40485332190.0
1013.4128083,1013.3985976598606,40485332190.0
13958.234104,13958.233072334633,40485332190.0
611.30362148,611.2800629987809,40485332190.0
3103.1240267,3103.119385859881,40485332190.0
5209.4273021,5209.424537678513,40485332190.0
4275.6309395,4275.627571303492,40485332190.0
1532.9066349,1532.897240228872,40485332190.0
1005.2593661,1005.2450401735155,40485332190.0
2324.4974183,2324.4912228778726,40485332190.0
2970.5480962,2970.543248274676,40485332190.0
1980.28171,1980.2744377987394,40485332190.0
1487.8848858,1487.8752068419433,40485332190.0
515.73070727,515.7027828143181,40485332190.0
171.00667608,170.9224415994335,40485332190.0
2239.4449606,2239.438529950861,40485332190.0
421.44191859,421.40774616106506,40485332190.0
15863.057375,15863.0564673206,40485332190.0
1712.8782727,1712.869865052406,40485332190.0
867.57051595,867.5539164361468,40485332190.0
1025.2944825,1025.280436512446,40485332190.0
2890.2017713,2890.19678861798,40485332190.0
325.66706173,325.6228383832071,40485332190.0
1827.870584,1827.8627053513617,40485332190.0
1260.1097636,1260.0983350935317,40485332190.0
5184.2123901,5184.209612189701,40485332190.0
2567.9700235,2567.964415539081,40485332190.0
1160.6473524,1160.634944532276,40485332190.0
729.57066921,729.5509297859523,40485332190.0
6726.0066492,6726.00450810046,40485332190.0
831.80633263,831.7890193953305,40485332190.0
3395.6973954,3395.693154480471,40485332190.0
3596.2784332,3596.274428705684,40485332190.0
6383.3960264,6383.393770416533,40485332190.0
7557.68989,7557.687984423791,40485332190.0
106.11372185,105.97792102987242,40485332190.0
1162.2274239,1162.2150328938062,40485332190.0
8514.2810504,8514.279358915288,40485332190.0
772.88083103,772.862197776503,40485332190.0
1387.0134397,1387.0030567746976,40485332190.0
635.14611766,635.1234435572733,40485332190.0
344.12677832,344.0849275035533,40485332190.0
821.994266,821.9767460879702,40485332190.0
3260.5223729,3260.517956136631,40485332190.0
1645.0226562,1645.0139017857607,40485332190.0
2860.1359822,2860.1309471252434,40485332190.0
1880.9871466,1880.9794903998945,40485332190.0
599.80265289,599.7786426621745,40485332190.0
2879.7585966,2879.753595748628,40485332190.0
730.76710399,730.7473968803765,40485332190.0
426.29949697,426.2657139543279,40485332190.0
4591.8086823,4591.805546080534,40485332190.0
1201.5638067,1201.5518212559887,40485332190.0
2996.8021848,2996.797379374492,40485332190.0
1011.0411657,1011.0269217286808,40485332190.0
884.42968858,884.4134054940533,40485332190.0
6889.1196633,6889.117572910672,40485332190.0
924.71378578,924.6982120627939,40485332190.0
826.32378763,826.3063595180791,40485332190.0
6633.3293957,6633.327224694379,40485332190.0
2657.3628702,2657.3574508665774,40485332190.0
449.09949402,449.0674262458155,40485332190.0
443.87968179,443.84723687270264,40485332190.0
13959.864617,13959.8635853469,40485332190.0
3362.2031941,3362.1989108861126,40485332190.0
2213.4524021,2213.44589598088,40485332190.0
4669.8939782,4669.890894383468,40485332190.0
6655.6582094,6655.656045672728,40485332190.0
1509.3196614,1509.3101199570483,40485332190.0
1577.7135399,1577.7044120350733,40485332190.0
1760.9001588,1760.8919805042194,40485332190.0
6685.0919328,6685.089778591444,40485332190.0
1258.9982018,1258.9867631844909,40485332190.0
1283.6273811,1283.616161964463,40485332190.0
4232.4660672,4232.462664661396,40485332190.0
10855.862132,10855.860805586408,40485332190.0
568.6810064,568.6556821266144,40485332190.0
426.89206178,426.85832567211105,40485332190.0
1129.3259023,1129.3131503288644,40485332190.0
2148.0954857,2148.0887815263764,40485332190.0
758.45824403,758.4392564391294,40485332190.0
212.55151115,212.48374683872504,40485332190.0
656.60509931,656.5831662641177,40485332190.0
833.89150706,833.8742371188564,40485332190.0
1388.5999119,1388.5895408675874,40485332190.0
8656.0920289,8656.09036523473,40485332190.0
1461.048311,1461.0384542648658,40485332190.0
3420.6340188,3420.6298087302657,40485332190.0
902.90190462,902.8859546686739,40485332190.0
219.31606745,219.25039389965883,40485332190.0
592.36345515,592.3391433800881,40485332190.0
713.18166187,713.1614688138251,40485332190.0
1243.3690834,1243.3575010099175,40485332190.0
1182.4648661,1182.4526872083347,40485332190.0
753.16876715,753.1496462076346,40485332190.0
3377.8488478,3377.8445843860286,40485332190.0
1395.7576781,1395.7473603057065,40485332190.0
1841.1196844,1841.1118624587593,40485332190.0
1768.9306551,1768.9225139231532,40485332190.0
585.42920955,585.4046097982002,40485332190.0
1572.5496613,1572.5405034486762,40485332190.0
2950.595509,2950.5906283193494,40485332190.0
671.15002144,671.1285637362968,40485332190.0
7550.5489383,7550.547031001935,40485332190.0
9646.6178083,9646.616315345309,40485332190.0
392.95541429,392.91876437875834,40485332190.0
606.61355816,606.5898175287624,40485332190.0
1540.1259223,1540.1165716376981,40485332190.0
814.65920186,814.641524198348,40485332190.0
1114.8751396,1114.8622223193634,40485332190.0
2442.7114246,2442.7055290028566,40485332190.0
396.74285186,396.70655185600805,40485332190.0
4488.4849376,4488.48172919206,40485332190.0
1713.3714464,1713.3630412764312,40485332190.0
3327.1575147,3327.1531864394074,40485332190.0
753.22930007,753.210180672471,40485332190.0
2476.1704349,2476.164619053822,40485332190.0
2139.1140777,2139.107345386828,40485332190.0
3289.4143969,3289.410018836413,40485332190.0
3182.4667661,3182.4622409186736,40485332190.0
2171.9210113,2171.9143807516975,40485332190.0
2287.1776184,2287.1713219870303,40485332190.0
3852.4805606,3852.476822529291,40485332190.0
1193.9759847,1193.9639232214488,40485332190.0
4527.8011791,4527.797998506051,40485332190.0
1363.3754214,1363.3648584929326,40485332190.0
1271.1489412,1271.1376119504469,40485332190.0
432.92679507,432.8935292532179,40485332190.0
924.10959818,924.0940142787364,40485332190.0
1364.3880605,1364.37750549117,40485332190.0
2621.1595425,2621.154048355874,40485332190.0
853.95845522,853.9415911108932,40485332190.0
197.90750838,197.83472813414258,40485332190.0
882.27287414,882.2565512493279,40485332190.0
3256.6911058,3256.686683760484,40485332190.0
1530.6073182,1530.5979094635425,40485332190.0
11366.20495,11366.203683019163,40485332190.0
967.82525559,967.810375601236,40485332190.0
415.27128836,415.23660811179246,40485332190.0
3190.7965568,3190.7920435526976,40485332190.0
865.93712419,865.9204933648487,40485332190.0
1543.4382168,1543.4288861918517,40485332190.0
10638.377784,10638.37643035985,40485332190.0
1413.2186643,1413.2084739025117,40485332190.0
600.80437796,600.7804077684439,40485332190.0
839.73748208,839.7203323693334,40485332190.0
724.64411181,724.6242381843981,40485332190.0
1822.5246207,1822.5167189839365,40485332190.0
2085.6128219,2085.605916959971,40485332190.0
8465.6526059,8465.650904744605,40485332190.0
953.84675933,953.8316612803337,40485332190.0
3508.6278628,3508.6237583227426,40485332190.0
1457.19079,1457.1809072625053,40485332190.0
1275.7284593,1275.7171707646537,40485332190.0
837.2623779,837.2451774873356,40485332190.0
5394.9969718,5394.994302418179,40485332190.0
1113.7336904,1113.7207598663308,40485332190.0
4853.1874148,4853.1844474255495,40485332190.0
1073.8842307,1073.8708202824591,40485332190.0
254.98221631,254.9257311793174,40485332190.0
4898.1550814,4898.152141312043,40485332190.0
1424.7366324,1424.7265244396299,40485332190.0
6001.1204719,6001.1180721818055,40485332190.0
224.08232726,224.01805099335922,40485332190.0
1293.8533453,1293.842214898393,40485332190.0
7087.0892337,7087.087201649501,40485332190.0
1030.2497956,1030.2358172418342,40485332190.0
894.93880707,894.9227152064346,40485332190.0
10613.782701,10613.781344458144,40485332190.0
1675.7281313,1675.719537313298,40485332190.0
1315.9469825,1315.9360389222738,40485332190.0
2747.3904347,2747.3851928974086,40485332190.0
370.26832423,370.2294284680757,40485332190.0
842.99669804,842.9796146237336,40485332190.0
1376.7345213,1376.7240609714363,40485332190.0
5641.5834895,5641.580936760038,40485332190.0
