mN (GeV),Lambda (TeV),Lambda (GeV),Ve^2,Total Width,BR Visible,ctau (m),N_events,Br(Mto3)_Lambda,N3_events
0.1,1.0,1000.0,1.0000000000000002e-10,7.252729552928345e-29,0.36999113758490804,2716218749952.6953,5.798928421484226,0.06084771880421034,0.35285156595621553
0.1,2.0,2000.0,1.0000000000000002e-10,7.252729552928345e-29,0.36999113758490804,2716218749952.6953,5.798928421484226,0.003802982425263146,0.02205322287226347
0.1,3.0,3000.0,1.0000000000000002e-10,7.252729552928345e-29,0.36999113758490804,2716218749952.6953,5.798928421484226,0.0007512064049902512,0.004356192172298958
0.1,4.0,4000.0,1.0000000000000002e-10,7.252729552928345e-29,0.36999113758490804,2716218749952.6953,5.798928421484226,0.00023768640157894664,0.001378326429516467
0.1,5.0,5000.0,1.0000000000000002e-10,7.252729552928345e-29,0.36999113758490804,2716218749952.6953,5.798928421484226,9.735635008673654e-05,0.0005645625055299448
0.1,6.0,6000.0,1.0000000000000002e-10,7.252729552928345e-29,0.36999113758490804,2716218749952.6953,5.798928421484226,4.69504003118907e-05,0.0002722620107686849
0.1,7.0,7000.0,1.0000000000000002e-10,7.252729552928345e-29,0.36999113758490804,2716218749952.6953,5.798928421484226,2.5342656728117595e-05,0.00014696025237659956
0.1,8.0,8000.0,1.0000000000000002e-10,7.252729552928345e-29,0.36999113758490804,2716218749952.6953,5.798928421484226,1.4855400098684165e-05,8.614540184477918e-05
0.1,9.0,9000.0,1.0000000000000002e-10,7.252729552928345e-29,0.36999113758490804,2716218749952.6953,5.798928421484226,9.274153148027793e-06,5.378015027529578e-05
0.1,10.0,10000.0,1.0000000000000002e-10,7.252729552928345e-29,0.36999113758490804,2716218749952.6953,5.798928421484226,6.084771880421034e-06,3.528515659562155e-05
0.1,11.0,11000.0,1.0000000000000002e-10,7.252729552928345e-29,0.36999113758490804,2716218749952.6953,5.798928421484226,4.155981067154589e-06,2.410023672947309e-05
0.1,12.0,12000.0,1.0000000000000002e-10,7.252729552928345e-29,0.36999113758490804,2716218749952.6953,5.798928421484226,2.934400019493169e-06,1.7016375673042805e-05
0.1,13.0,13000.0,1.0000000000000002e-10,7.252729552928345e-29,0.36999113758490804,2716218749952.6953,5.798928421484226,2.130447771583991e-06,1.235431413312614e-05
0.1,14.0,14000.0,1.0000000000000002e-10,7.252729552928345e-29,0.36999113758490804,2716218749952.6953,5.798928421484226,1.5839160455073497e-06,9.185015773537473e-06
0.1,15.0,15000.0,1.0000000000000002e-10,7.252729552928345e-29,0.36999113758490804,2716218749952.6953,5.798928421484226,1.2019302479844016e-06,6.96990747567833e-06
0.1,16.0,16000.0,1.0000000000000002e-10,7.252729552928345e-29,0.36999113758490804,2716218749952.6953,5.798928421484226,9.284625061677603e-07,5.384087615298699e-06
0.1,17.0,17000.0,1.0000000000000002e-10,7.252729552928345e-29,0.36999113758490804,2716218749952.6953,5.798928421484226,7.285319716503676e-07,4.224704756363257e-06
0.1,18.0,18000.0,1.0000000000000002e-10,7.252729552928345e-29,0.36999113758490804,2716218749952.6953,5.798928421484226,5.79634571751737e-07,3.361259392205986e-06
0.1,19.0,19000.0,1.0000000000000002e-10,7.252729552928345e-29,0.36999113758490804,2716218749952.6953,5.798928421484226,4.6690647558114445e-07,2.7075572314225294e-06
0.1,20.0,20000.0,1.0000000000000002e-10,7.252729552928345e-29,0.36999113758490804,2716218749952.6953,5.798928421484226,3.8029824252631463e-07,2.205322287226347e-06
0.1,21.0,21000.0,1.0000000000000002e-10,7.252729552928345e-29,0.36999113758490804,2716218749952.6953,5.798928421484226,3.128723052854023e-07,1.814324103414809e-06
0.1,22.0,22000.0,1.0000000000000002e-10,7.252729552928345e-29,0.36999113758490804,2716218749952.6953,5.798928421484226,2.597488166971618e-07,1.5062647955920682e-06
0.1,23.0,23000.0,1.0000000000000002e-10,7.252729552928345e-29,0.36999113758490804,2716218749952.6953,5.798928421484226,2.1743675445774682e-07,1.260900175300315e-06
0.1,24.0,24000.0,1.0000000000000002e-10,7.252729552928345e-29,0.36999113758490804,2716218749952.6953,5.798928421484226,1.8340000121832305e-07,1.0635234795651753e-06
0.1,25.0,25000.0,1.0000000000000002e-10,7.252729552928345e-29,0.36999113758490804,2716218749952.6953,5.798928421484226,1.557701601387785e-07,9.03300008847912e-07
0.1,26.0,26000.0,1.0000000000000002e-10,7.252729552928345e-29,0.36999113758490804,2716218749952.6953,5.798928421484226,1.3315298572399943e-07,7.721446333203838e-07
0.1,27.0,27000.0,1.0000000000000002e-10,7.252729552928345e-29,0.36999113758490804,2716218749952.6953,5.798928421484226,1.1449571787688628e-07,6.639524725345155e-07
0.1,28.0,28000.0,1.0000000000000002e-10,7.252729552928345e-29,0.36999113758490804,2716218749952.6953,5.798928421484226,9.899475284420936e-08,5.74063485846092e-07
0.1,29.0,29000.0,1.0000000000000002e-10,7.252729552928345e-29,0.36999113758490804,2716218749952.6953,5.798928421484226,8.603047276006332e-08,4.988845536020557e-07
0.1,30.0,30000.0,1.0000000000000002e-10,7.252729552928345e-29,0.36999113758490804,2716218749952.6953,5.798928421484226,7.51206404990251e-08,4.3561921722989565e-07
0.1,31.0,31000.0,1.0000000000000002e-10,7.252729552928345e-29,0.36999113758490804,2716218749952.6953,5.798928421484226,6.588666506144455e-08,3.8207205462162257e-07
0.1,32.0,32000.0,1.0000000000000002e-10,7.252729552928345e-29,0.36999113758490804,2716218749952.6953,5.798928421484226,5.802890663548502e-08,3.365054759561687e-07
0.1,33.0,33000.0,1.0000000000000002e-10,7.252729552928345e-29,0.36999113758490804,2716218749952.6953,5.798928421484226,5.130840823647642e-08,2.9753378678361846e-07
0.1,34.0,34000.0,1.0000000000000002e-10,7.252729552928345e-29,0.36999113758490804,2716218749952.6953,5.798928421484226,4.5533248228147975e-08,2.6404404727270357e-07
0.1,35.0,35000.0,1.0000000000000002e-10,7.252729552928345e-29,0.36999113758490804,2716218749952.6953,5.798928421484226,4.054825076498814e-08,2.3513640380255925e-07
0.1,36.0,36000.0,1.0000000000000002e-10,7.252729552928345e-29,0.36999113758490804,2716218749952.6953,5.798928421484226,3.6227160734483566e-08,2.1007871201287413e-07
0.1,37.0,37000.0,1.0000000000000002e-10,7.252729552928345e-29,0.36999113758490804,2716218749952.6953,5.798928421484226,3.2466644436742815e-08,1.8827174717445066e-07
0.1,38.0,38000.0,1.0000000000000002e-10,7.252729552928345e-29,0.36999113758490804,2716218749952.6953,5.798928421484226,2.9181654723821528e-08,1.6922232696390808e-07
0.1,39.0,39000.0,1.0000000000000002e-10,7.252729552928345e-29,0.36999113758490804,2716218749952.6953,5.798928421484226,2.630182434054308e-08,1.525223967052609e-07
0.1,40.0,40000.0,1.0000000000000002e-10,7.252729552928345e-29,0.36999113758490804,2716218749952.6953,5.798928421484226,2.3768640157894664e-08,1.378326429516467e-07
0.1,41.0,41000.0,1.0000000000000002e-10,7.252729552928345e-29,0.36999113758490804,2716218749952.6953,5.798928421484226,2.1533214877058016e-08,1.248695717564987e-07
0.1,42.0,42000.0,1.0000000000000002e-10,7.252729552928345e-29,0.36999113758490804,2716218749952.6953,5.798928421484226,1.9554519080337645e-08,1.1339525646342556e-07
0.1,43.0,43000.0,1.0000000000000002e-10,7.252729552928345e-29,0.36999113758490804,2716218749952.6953,5.798928421484226,1.7797970342295542e-08,1.0320915606267097e-07
0.1,44.0,44000.0,1.0000000000000002e-10,7.252729552928345e-29,0.36999113758490804,2716218749952.6953,5.798928421484226,1.6234301043572614e-08,9.414154972450426e-08
0.1,45.0,45000.0,1.0000000000000002e-10,7.252729552928345e-29,0.36999113758490804,2716218749952.6953,5.798928421484226,1.4838645036844465e-08,8.604824044047323e-08
0.1,46.0,46000.0,1.0000000000000002e-10,7.252729552928345e-29,0.36999113758490804,2716218749952.6953,5.798928421484226,1.3589797153609176e-08,7.880626095626969e-08
0.1,47.0,47000.0,1.0000000000000002e-10,7.252729552928345e-29,0.36999113758490804,2716218749952.6953,5.798928421484226,1.2469609961022111e-08,7.231037560779393e-08
0.1,48.0,48000.0,1.0000000000000002e-10,7.252729552928345e-29,0.36999113758490804,2716218749952.6953,5.798928421484226,1.146250007614519e-08,6.647021747282346e-08
0.1,49.0,49000.0,1.0000000000000002e-10,7.252729552928345e-29,0.36999113758490804,2716218749952.6953,5.798928421484226,1.0555042369061888e-08,6.120793518392318e-08
0.1,50.0,50000.0,1.0000000000000002e-10,7.252729552928345e-29,0.36999113758490804,2716218749952.6953,5.798928421484226,9.735635008673657e-09,5.64562505529945e-08
0.1,51.0,51000.0,1.0000000000000002e-10,7.252729552928345e-29,0.36999113758490804,2716218749952.6953,5.798928421484226,8.994221872226758e-09,5.2156848843990815e-08
0.1,52.0,52000.0,1.0000000000000002e-10,7.252729552928345e-29,0.36999113758490804,2716218749952.6953,5.798928421484226,8.322061607749964e-09,4.8259039582523985e-08
0.1,53.0,53000.0,1.0000000000000002e-10,7.252729552928345e-29,0.36999113758490804,2716218749952.6953,5.798928421484226,7.711534797968635e-09,4.471863831320494e-08
0.1,54.0,54000.0,1.0000000000000002e-10,7.252729552928345e-29,0.36999113758490804,2716218749952.6953,5.798928421484226,7.1559823673053925e-09,4.1497029533407216e-08
0.1,55.0,55000.0,1.0000000000000002e-10,7.252729552928345e-29,0.36999113758490804,2716218749952.6953,5.798928421484226,6.649569707447344e-09,3.856037876715696e-08
0.1,56.0,56000.0,1.0000000000000002e-10,7.252729552928345e-29,0.36999113758490804,2716218749952.6953,5.798928421484226,6.187172052763085e-09,3.587896786538075e-08
0.1,57.0,57000.0,1.0000000000000002e-10,7.252729552928345e-29,0.36999113758490804,2716218749952.6953,5.798928421484226,5.764277476310425e-09,3.342663248669789e-08
0.1,58.0,58000.0,1.0000000000000002e-10,7.252729552928345e-29,0.36999113758490804,2716218749952.6953,5.798928421484226,5.376904547503958e-09,3.1180284600128484e-08
0.1,59.0,59000.0,1.0000000000000002e-10,7.252729552928345e-29,0.36999113758490804,2716218749952.6953,5.798928421484226,5.021532230013641e-09,2.911950596802517e-08
0.1,60.0,60000.0,1.0000000000000002e-10,7.252729552928345e-29,0.36999113758490804,2716218749952.6953,5.798928421484226,4.695040031189069e-09,2.7226201076868478e-08
0.1,61.0,61000.0,1.0000000000000002e-10,7.252729552928345e-29,0.36999113758490804,2716218749952.6953,5.798928421484226,4.394656764021074e-09,2.5484300011549706e-08
0.1,62.0,62000.0,1.0000000000000002e-10,7.252729552928345e-29,0.36999113758490804,2716218749952.6953,5.798928421484226,4.1179165663402846e-09,2.387950341385141e-08
0.1,63.0,63000.0,1.0000000000000002e-10,7.252729552928345e-29,0.36999113758490804,2716218749952.6953,5.798928421484226,3.862621052906202e-09,2.2399063005121103e-08
0.1,64.0,64000.0,1.0000000000000002e-10,7.252729552928345e-29,0.36999113758490804,2716218749952.6953,5.798928421484226,3.6268066647178137e-09,2.1031592247260542e-08
0.1,65.0,65000.0,1.0000000000000002e-10,7.252729552928345e-29,0.36999113758490804,2716218749952.6953,5.798928421484226,3.4087164345343847e-09,1.976690261300182e-08
0.1,66.0,66000.0,1.0000000000000002e-10,7.252729552928345e-29,0.36999113758490804,2716218749952.6953,5.798928421484226,3.2067755147797763e-09,1.8595861673976154e-08
0.1,67.0,67000.0,1.0000000000000002e-10,7.252729552928345e-29,0.36999113758490804,2716218749952.6953,5.798928421484226,3.0195699189246257e-09,1.751026982351083e-08
0.1,68.0,68000.0,1.0000000000000002e-10,7.252729552928345e-29,0.36999113758490804,2716218749952.6953,5.798928421484226,2.8458280142592484e-09,1.6502752954543973e-08
0.1,69.0,69000.0,1.0000000000000002e-10,7.252729552928345e-29,0.36999113758490804,2716218749952.6953,5.798928421484226,2.6844043760215665e-09,1.556666883086809e-08
0.1,70.0,70000.0,1.0000000000000002e-10,7.252729552928345e-29,0.36999113758490804,2716218749952.6953,5.798928421484226,2.5342656728117587e-09,1.4696025237659953e-08
0.1,71.0,71000.0,1.0000000000000002e-10,7.252729552928345e-29,0.36999113758490804,2716218749952.6953,5.798928421484226,2.394478303273615e-09,1.3885408287480692e-08
0.1,72.0,72000.0,1.0000000000000002e-10,7.252729552928345e-29,0.36999113758490804,2716218749952.6953,5.798928421484226,2.264197545905223e-09,1.3129919500804633e-08
0.1,73.0,73000.0,1.0000000000000002e-10,7.252729552928345e-29,0.36999113758490804,2716218749952.6953,5.798928421484226,2.142658019002315e-09,1.2425120483913614e-08
0.1,74.0,74000.0,1.0000000000000002e-10,7.252729552928345e-29,0.36999113758490804,2716218749952.6953,5.798928421484226,2.029165277296426e-09,1.1766984198403166e-08
0.1,75.0,75000.0,1.0000000000000002e-10,7.252729552928345e-29,0.36999113758490804,2716218749952.6953,5.798928421484226,1.923088396775043e-09,1.1151851961085331e-08
0.1,76.0,76000.0,1.0000000000000002e-10,7.252729552928345e-29,0.36999113758490804,2716218749952.6953,5.798928421484226,1.8238534202388455e-09,1.0576395435244255e-08
0.1,77.0,77000.0,1.0000000000000002e-10,7.252729552928345e-29,0.36999113758490804,2716218749952.6953,5.798928421484226,1.7309375540002447e-09,1.0037582977706407e-08
0.1,78.0,78000.0,1.0000000000000002e-10,7.252729552928345e-29,0.36999113758490804,2716218749952.6953,5.798928421484226,1.6438640212839426e-09,9.532649794078806e-09
0.1,79.0,79000.0,1.0000000000000002e-10,7.252729552928345e-29,0.36999113758490804,2716218749952.6953,5.798928421484226,1.5621974907885393e-09,9.059071429305004e-09
0.1,80.0,80000.0,1.0000000000000002e-10,7.252729552928345e-29,0.36999113758490804,2716218749952.6953,5.798928421484226,1.4855400098684165e-09,8.614540184477918e-09
0.1,81.0,81000.0,1.0000000000000002e-10,7.252729552928345e-29,0.36999113758490804,2716218749952.6953,5.798928421484226,1.413527381196127e-09,8.19694410536439e-09
0.1,82.0,82000.0,1.0000000000000002e-10,7.252729552928345e-29,0.36999113758490804,2716218749952.6953,5.798928421484226,1.345825929816126e-09,7.804348234781168e-09
0.1,83.0,83000.0,1.0000000000000002e-10,7.252729552928345e-29,0.36999113758490804,2716218749952.6953,5.798928421484226,1.2821296144086164e-09,7.434977861020737e-09
0.1,84.0,84000.0,1.0000000000000002e-10,7.252729552928345e-29,0.36999113758490804,2716218749952.6953,5.798928421484226,1.2221574425211028e-09,7.087203528964098e-09
0.1,85.0,85000.0,1.0000000000000002e-10,7.252729552928345e-29,0.36999113758490804,2716218749952.6953,5.798928421484226,1.1656511546405878e-09,6.75952761018121e-09
0.1,86.0,86000.0,1.0000000000000002e-10,7.252729552928345e-29,0.36999113758490804,2716218749952.6953,5.798928421484226,1.1123731463934714e-09,6.450572253916935e-09
0.1,87.0,87000.0,1.0000000000000002e-10,7.252729552928345e-29,0.36999113758490804,2716218749952.6953,5.798928421484226,1.0621046019760903e-09,6.159068562988342e-09
0.1,88.0,88000.0,1.0000000000000002e-10,7.252729552928345e-29,0.36999113758490804,2716218749952.6953,5.798928421484226,1.0146438152232884e-09,5.883846857781516e-09
0.1,89.0,89000.0,1.0000000000000002e-10,7.252729552928345e-29,0.36999113758490804,2716218749952.6953,5.798928421484226,9.698046775889044e-10,5.623827908158645e-09
0.1,90.0,90000.0,1.0000000000000002e-10,7.252729552928345e-29,0.36999113758490804,2716218749952.6953,5.798928421484226,9.274153148027791e-10,5.378015027529577e-09
0.1,91.0,91000.0,1.0000000000000002e-10,7.252729552928345e-29,0.36999113758490804,2716218749952.6953,5.798928421484226,8.873168561366056e-10,5.145486935912593e-09
0.1,92.0,92000.0,1.0000000000000002e-10,7.252729552928345e-29,0.36999113758490804,2716218749952.6953,5.798928421484226,8.493623221005735e-10,4.925391309766856e-09
0.1,93.0,93000.0,1.0000000000000002e-10,7.252729552928345e-29,0.36999113758490804,2716218749952.6953,5.798928421484226,8.134156180425255e-10,4.7169389459459586e-09
0.1,94.0,94000.0,1.0000000000000002e-10,7.252729552928345e-29,0.36999113758490804,2716218749952.6953,5.798928421484226,7.79350622563882e-10,4.519398475487121e-09
0.1,95.0,95000.0,1.0000000000000002e-10,7.252729552928345e-29,0.36999113758490804,2716218749952.6953,5.798928421484226,7.470503609298312e-10,4.332091570276048e-09
0.1,96.0,96000.0,1.0000000000000002e-10,7.252729552928345e-29,0.36999113758490804,2716218749952.6953,5.798928421484226,7.164062547590744e-10,4.154388592051466e-09
0.1,97.0,97000.0,1.0000000000000002e-10,7.252729552928345e-29,0.36999113758490804,2716218749952.6953,5.798928421484226,6.873174402513257e-10,3.985704638855199e-09
0.1,98.0,98000.0,1.0000000000000002e-10,7.252729552928345e-29,0.36999113758490804,2716218749952.6953,5.798928421484226,6.59690148066368e-10,3.8254959489951985e-09
0.1,99.0,99000.0,1.0000000000000002e-10,7.252729552928345e-29,0.36999113758490804,2716218749952.6953,5.798928421484226,6.334371387219309e-10,3.6732566269582516e-09
0.1,100.0,100000.0,1.0000000000000002e-10,7.252729552928345e-29,0.36999113758490804,2716218749952.6953,5.798928421484226,6.084771880421036e-10,3.528515659562156e-09
0.15000000000000002,1.0,1000.0,1.0000000000000002e-10,1.6901743406668257e-27,0.7947527032655683,116556023399.50175,436.82857717604,0.06017741942056311,26.28721650361038
0.15000000000000002,2.0,2000.0,1.0000000000000002e-10,1.6901743406668257e-27,0.7947527032655683,116556023399.50175,436.82857717604,0.0037610887137851942,1.6429510314756488
0.15000000000000002,3.0,3000.0,1.0000000000000002e-10,1.6901743406668257e-27,0.7947527032655683,116556023399.50175,436.82857717604,0.0007429311039575694,0.3245335370816097
0.15000000000000002,4.0,4000.0,1.0000000000000002e-10,1.6901743406668257e-27,0.7947527032655683,116556023399.50175,436.82857717604,0.00023506804461157464,0.10268443946722805
0.15000000000000002,5.0,5000.0,1.0000000000000002e-10,1.6901743406668257e-27,0.7947527032655683,116556023399.50175,436.82857717604,9.628387107290097e-05,0.04205954640577661
0.15000000000000002,6.0,6000.0,1.0000000000000002e-10,1.6901743406668257e-27,0.7947527032655683,116556023399.50175,436.82857717604,4.643319399734809e-05,0.020283346067600606
0.15000000000000002,7.0,7000.0,1.0000000000000002e-10,1.6901743406668257e-27,0.7947527032655683,116556023399.50175,436.82857717604,2.5063481641217456e-05,0.010948445024410822
0.15000000000000002,8.0,8000.0,1.0000000000000002e-10,1.6901743406668257e-27,0.7947527032655683,116556023399.50175,436.82857717604,1.4691752788223415e-05,0.006417777466701753
0.15000000000000002,9.0,9000.0,1.0000000000000002e-10,1.6901743406668257e-27,0.7947527032655683,116556023399.50175,436.82857717604,9.171988937747769e-06,0.004006586877550736
0.15000000000000002,10.0,10000.0,1.0000000000000002e-10,1.6901743406668257e-27,0.7947527032655683,116556023399.50175,436.82857717604,6.017741942056311e-06,0.002628721650361038
0.15000000000000002,11.0,11000.0,1.0000000000000002e-10,1.6901743406668257e-27,0.7947527032655683,116556023399.50175,436.82857717604,4.110198717339191e-06,0.0017954522576060638
0.15000000000000002,12.0,12000.0,1.0000000000000002e-10,1.6901743406668257e-27,0.7947527032655683,116556023399.50175,436.82857717604,2.9020746248342554e-06,0.001267709129225038
0.15000000000000002,13.0,13000.0,1.0000000000000002e-10,1.6901743406668257e-27,0.7947527032655683,116556023399.50175,436.82857717604,2.106978726955048e-06,0.0009203885194359577
0.15000000000000002,14.0,14000.0,1.0000000000000002e-10,1.6901743406668257e-27,0.7947527032655683,116556023399.50175,436.82857717604,1.566467602576091e-06,0.0006842778140256764
0.15000000000000002,15.0,15000.0,1.0000000000000002e-10,1.6901743406668257e-27,0.7947527032655683,116556023399.50175,436.82857717604,1.1886897663321105e-06,0.0005192536593305753
0.15000000000000002,16.0,16000.0,1.0000000000000002e-10,1.6901743406668257e-27,0.7947527032655683,116556023399.50175,436.82857717604,9.182345492639634e-07,0.00040111109166885957
0.15000000000000002,17.0,17000.0,1.0000000000000002e-10,1.6901743406668257e-27,0.7947527032655683,116556023399.50175,436.82857717604,7.20506452515692e-07,0.0003147378084985858
0.15000000000000002,18.0,18000.0,1.0000000000000002e-10,1.6901743406668257e-27,0.7947527032655683,116556023399.50175,436.82857717604,5.732493086092355e-07,0.000250411679846921
0.15000000000000002,19.0,19000.0,1.0000000000000002e-10,1.6901743406668257e-27,0.7947527032655683,116556023399.50175,436.82857717604,4.617630268380621e-07,0.00020171128600617226
0.15000000000000002,20.0,20000.0,1.0000000000000002e-10,1.6901743406668257e-27,0.7947527032655683,116556023399.50175,436.82857717604,3.761088713785194e-07,0.00016429510314756488
0.15000000000000002,21.0,21000.0,1.0000000000000002e-10,1.6901743406668257e-27,0.7947527032655683,116556023399.50175,436.82857717604,3.094256992742895e-07,0.00013516598795568913
0.15000000000000002,22.0,22000.0,1.0000000000000002e-10,1.6901743406668257e-27,0.7947527032655683,116556023399.50175,436.82857717604,2.5688741983369946e-07,0.00011221576610037899
0.15000000000000002,23.0,23000.0,1.0000000000000002e-10,1.6901743406668257e-27,0.7947527032655683,116556023399.50175,436.82857717604,2.150414679070011e-07,9.393625845966237e-05
0.15000000000000002,24.0,24000.0,1.0000000000000002e-10,1.6901743406668257e-27,0.7947527032655683,116556023399.50175,436.82857717604,1.8137966405214096e-07,7.923182057656487e-05
0.15000000000000002,25.0,25000.0,1.0000000000000002e-10,1.6901743406668257e-27,0.7947527032655683,116556023399.50175,436.82857717604,1.540541937166416e-07,6.729527424924259e-05
0.15000000000000002,26.0,26000.0,1.0000000000000002e-10,1.6901743406668257e-27,0.7947527032655683,116556023399.50175,436.82857717604,1.316861704346905e-07,5.752428246474736e-05
0.15000000000000002,27.0,27000.0,1.0000000000000002e-10,1.6901743406668257e-27,0.7947527032655683,116556023399.50175,436.82857717604,1.1323443133021932e-07,4.946403552531772e-05
0.15000000000000002,28.0,28000.0,1.0000000000000002e-10,1.6901743406668257e-27,0.7947527032655683,116556023399.50175,436.82857717604,9.790422516100569e-08,4.276736337660477e-05
0.15000000000000002,29.0,29000.0,1.0000000000000002e-10,1.6901743406668257e-27,0.7947527032655683,116556023399.50175,436.82857717604,8.50827597808553e-08,3.7166580897281824e-05
0.15000000000000002,30.0,30000.0,1.0000000000000002e-10,1.6901743406668257e-27,0.7947527032655683,116556023399.50175,436.82857717604,7.42931103957569e-08,3.2453353708160955e-05
0.15000000000000002,31.0,31000.0,1.0000000000000002e-10,1.6901743406668257e-27,0.7947527032655683,116556023399.50175,436.82857717604,6.516085657019506e-08,2.8464124263130327e-05
0.15000000000000002,32.0,32000.0,1.0000000000000002e-10,1.6901743406668257e-27,0.7947527032655683,116556023399.50175,436.82857717604,5.7389659328997715e-08,2.5069443229303723e-05
0.15000000000000002,33.0,33000.0,1.0000000000000002e-10,1.6901743406668257e-27,0.7947527032655683,116556023399.50175,436.82857717604,5.07431940412246e-08,2.2166077254395854e-05
0.15000000000000002,34.0,34000.0,1.0000000000000002e-10,1.6901743406668257e-27,0.7947527032655683,116556023399.50175,436.82857717604,4.503165328223075e-08,1.967111303116161e-05
0.15000000000000002,35.0,35000.0,1.0000000000000002e-10,1.6901743406668257e-27,0.7947527032655683,116556023399.50175,436.82857717604,4.010157062594792e-08,1.7517512039057308e-05
0.15000000000000002,36.0,36000.0,1.0000000000000002e-10,1.6901743406668257e-27,0.7947527032655683,116556023399.50175,436.82857717604,3.582808178807722e-08,1.5650729990432564e-05
0.15000000000000002,37.0,37000.0,1.0000000000000002e-10,1.6901743406668257e-27,0.7947527032655683,116556023399.50175,436.82857717604,3.210899139431624e-08,1.4026125025336876e-05
0.15000000000000002,38.0,38000.0,1.0000000000000002e-10,1.6901743406668257e-27,0.7947527032655683,116556023399.50175,436.82857717604,2.8860189177378882e-08,1.2606955375385766e-05
0.15000000000000002,39.0,39000.0,1.0000000000000002e-10,1.6901743406668257e-27,0.7947527032655683,116556023399.50175,436.82857717604,2.601208304882774e-08,1.136282122760441e-05
0.15000000000000002,40.0,40000.0,1.0000000000000002e-10,1.6901743406668257e-27,0.7947527032655683,116556023399.50175,436.82857717604,2.3506804461157463e-08,1.0268443946722805e-05
0.15000000000000002,41.0,41000.0,1.0000000000000002e-10,1.6901743406668257e-27,0.7947527032655683,116556023399.50175,436.82857717604,2.1296004658767357e-08,9.302703414623664e-06
0.15000000000000002,42.0,42000.0,1.0000000000000002e-10,1.6901743406668257e-27,0.7947527032655683,116556023399.50175,436.82857717604,1.9339106204643093e-08,8.44787424723057e-06
0.15000000000000002,43.0,43000.0,1.0000000000000002e-10,1.6901743406668257e-27,0.7947527032655683,116556023399.50175,436.82857717604,1.760190763386436e-08,7.689016267285045e-06
0.15000000000000002,44.0,44000.0,1.0000000000000002e-10,1.6901743406668257e-27,0.7947527032655683,116556023399.50175,436.82857717604,1.6055463739606216e-08,7.013485381273687e-06
0.15000000000000002,45.0,45000.0,1.0000000000000002e-10,1.6901743406668257e-27,0.7947527032655683,116556023399.50175,436.82857717604,1.4675182300396427e-08,6.410539004081177e-06
0.15000000000000002,46.0,46000.0,1.0000000000000002e-10,1.6901743406668257e-27,0.7947527032655683,116556023399.50175,436.82857717604,1.3440091744187569e-08,5.871016153728898e-06
0.15000000000000002,47.0,47000.0,1.0000000000000002e-10,1.6901743406668257e-27,0.7947527032655683,116556023399.50175,436.82857717604,1.2332244550527607e-08,5.387076840393948e-06
0.15000000000000002,48.0,48000.0,1.0000000000000002e-10,1.6901743406668257e-27,0.7947527032655683,116556023399.50175,436.82857717604,1.133622900325881e-08,4.951988786035304e-06
0.15000000000000002,49.0,49000.0,1.0000000000000002e-10,1.6901743406668257e-27,0.7947527032655683,116556023399.50175,436.82857717604,1.0438767863897316e-08,4.559952113457235e-06
0.15000000000000002,50.0,50000.0,1.0000000000000002e-10,1.6901743406668257e-27,0.7947527032655683,116556023399.50175,436.82857717604,9.6283871072901e-09,4.205954640577662e-06
0.15000000000000002,51.0,51000.0,1.0000000000000002e-10,1.6901743406668257e-27,0.7947527032655683,116556023399.50175,436.82857717604,8.895141389082615e-09,3.885651956772663e-06
0.15000000000000002,52.0,52000.0,1.0000000000000002e-10,1.6901743406668257e-27,0.7947527032655683,116556023399.50175,436.82857717604,8.230385652168156e-09,3.59526765404671e-06
0.15000000000000002,53.0,53000.0,1.0000000000000002e-10,1.6901743406668257e-27,0.7947527032655683,116556023399.50175,436.82857717604,7.626584414887144e-09,3.331510018668113e-06
0.15000000000000002,54.0,54000.0,1.0000000000000002e-10,1.6901743406668257e-27,0.7947527032655683,116556023399.50175,436.82857717604,7.077151958138708e-09,3.0915022203323575e-06
0.15000000000000002,55.0,55000.0,1.0000000000000002e-10,1.6901743406668257e-27,0.7947527032655683,116556023399.50175,436.82857717604,6.576317947742708e-09,2.8727236121697028e-06
0.15000000000000002,56.0,56000.0,1.0000000000000002e-10,1.6901743406668257e-27,0.7947527032655683,116556023399.50175,436.82857717604,6.1190140725628554e-09,2.6729602110377983e-06
0.15000000000000002,57.0,57000.0,1.0000000000000002e-10,1.6901743406668257e-27,0.7947527032655683,116556023399.50175,436.82857717604,5.700778109111878e-09,2.4902627901996575e-06
0.15000000000000002,58.0,58000.0,1.0000000000000002e-10,1.6901743406668257e-27,0.7947527032655683,116556023399.50175,436.82857717604,5.3176724863034564e-09,2.322911306080114e-06
0.15000000000000002,59.0,59000.0,1.0000000000000002e-10,1.6901743406668257e-27,0.7947527032655683,116556023399.50175,436.82857717604,4.96621495559661e-09,2.169384613003638e-06
0.15000000000000002,60.0,60000.0,1.0000000000000002e-10,1.6901743406668257e-27,0.7947527032655683,116556023399.50175,436.82857717604,4.6433193997348066e-09,2.0283346067600597e-06
0.15000000000000002,61.0,61000.0,1.0000000000000002e-10,1.6901743406668257e-27,0.7947527032655683,116556023399.50175,436.82857717604,4.346245159146569e-09,1.8985640889282472e-06
0.15000000000000002,62.0,62000.0,1.0000000000000002e-10,1.6901743406668257e-27,0.7947527032655683,116556023399.50175,436.82857717604,4.072553535637191e-09,1.7790077664456455e-06
0.15000000000000002,63.0,63000.0,1.0000000000000002e-10,1.6901743406668257e-27,0.7947527032655683,116556023399.50175,436.82857717604,3.820070361410981e-09,1.6687159006875198e-06
0.15000000000000002,64.0,64000.0,1.0000000000000002e-10,1.6901743406668257e-27,0.7947527032655683,116556023399.50175,436.82857717604,3.586853708062357e-09,1.5668402018314827e-06
0.15000000000000002,65.0,65000.0,1.0000000000000002e-10,1.6901743406668257e-27,0.7947527032655683,116556023399.50175,436.82857717604,3.3711659631280764e-09,1.4726216310975321e-06
0.15000000000000002,66.0,66000.0,1.0000000000000002e-10,1.6901743406668257e-27,0.7947527032655683,116556023399.50175,436.82857717604,3.1714496275765375e-09,1.3853798283997409e-06
0.15000000000000002,67.0,67000.0,1.0000000000000002e-10,1.6901743406668257e-27,0.7947527032655683,116556023399.50175,436.82857717604,2.986306291375209e-09,1.3045039282732893e-06
0.15000000000000002,68.0,68000.0,1.0000000000000002e-10,1.6901743406668257e-27,0.7947527032655683,116556023399.50175,436.82857717604,2.814478330139422e-09,1.2294445644476007e-06
0.15000000000000002,69.0,69000.0,1.0000000000000002e-10,1.6901743406668257e-27,0.7947527032655683,116556023399.50175,436.82857717604,2.6548329371234714e-09,1.1597068945637334e-06
0.15000000000000002,70.0,70000.0,1.0000000000000002e-10,1.6901743406668257e-27,0.7947527032655683,116556023399.50175,436.82857717604,2.506348164121745e-09,1.0948445024410818e-06
0.15000000000000002,71.0,71000.0,1.0000000000000002e-10,1.6901743406668257e-27,0.7947527032655683,116556023399.50175,436.82857717604,2.368100694344586e-09,1.034454056920138e-06
0.15000000000000002,72.0,72000.0,1.0000000000000002e-10,1.6901743406668257e-27,0.7947527032655683,116556023399.50175,436.82857717604,2.2392551117548264e-09,9.781706244020353e-07
0.15000000000000002,73.0,73000.0,1.0000000000000002e-10,1.6901743406668257e-27,0.7947527032655683,116556023399.50175,436.82857717604,2.1190544661045413e-09,9.256635473869799e-07
0.15000000000000002,74.0,74000.0,1.0000000000000002e-10,1.6901743406668257e-27,0.7947527032655683,116556023399.50175,436.82857717604,2.006811962144765e-09,8.766328140835547e-07
0.15000000000000002,75.0,75000.0,1.0000000000000002e-10,1.6901743406668257e-27,0.7947527032655683,116556023399.50175,436.82857717604,1.9019036261313773e-09,8.308058549289207e-07
0.15000000000000002,76.0,76000.0,1.0000000000000002e-10,1.6901743406668257e-27,0.7947527032655683,116556023399.50175,436.82857717604,1.8037618235861802e-09,7.879347109616104e-07
0.15000000000000002,77.0,77000.0,1.0000000000000002e-10,1.6901743406668257e-27,0.7947527032655683,116556023399.50175,436.82857717604,1.7118695199246938e-09,7.477935266997347e-07
0.15000000000000002,78.0,78000.0,1.0000000000000002e-10,1.6901743406668257e-27,0.7947527032655683,116556023399.50175,436.82857717604,1.6257551905517337e-09,7.101763267252757e-07
0.15000000000000002,79.0,79000.0,1.0000000000000002e-10,1.6901743406668257e-27,0.7947527032655683,116556023399.50175,436.82857717604,1.5449882997820498e-09,6.74895040747422e-07
0.15000000000000002,80.0,80000.0,1.0000000000000002e-10,1.6901743406668257e-27,0.7947527032655683,116556023399.50175,436.82857717604,1.4691752788223415e-09,6.417777466701753e-07
0.15000000000000002,81.0,81000.0,1.0000000000000002e-10,1.6901743406668257e-27,0.7947527032655683,116556023399.50175,436.82857717604,1.3979559423483868e-09,6.10667105250836e-07
0.15000000000000002,82.0,82000.0,1.0000000000000002e-10,1.6901743406668257e-27,0.7947527032655683,116556023399.50175,436.82857717604,1.3310002911729598e-09,5.81418963413979e-07
0.15000000000000002,83.0,83000.0,1.0000000000000002e-10,1.6901743406668257e-27,0.7947527032655683,116556023399.50175,436.82857717604,1.2680056553320355e-09,5.539011062698653e-07
0.15000000000000002,84.0,84000.0,1.0000000000000002e-10,1.6901743406668257e-27,0.7947527032655683,116556023399.50175,436.82857717604,1.2086941377901933e-09,5.279921404519106e-07
0.15000000000000002,85.0,85000.0,1.0000000000000002e-10,1.6901743406668257e-27,0.7947527032655683,116556023399.50175,436.82857717604,1.152810324025107e-09,5.035804935977372e-07
0.15000000000000002,86.0,86000.0,1.0000000000000002e-10,1.6901743406668257e-27,0.7947527032655683,116556023399.50175,436.82857717604,1.1001192271165224e-09,4.805635167053153e-07
0.15000000000000002,87.0,87000.0,1.0000000000000002e-10,1.6901743406668257e-27,0.7947527032655683,116556023399.50175,436.82857717604,1.050404441738954e-09,4.588466777442199e-07
0.15000000000000002,88.0,88000.0,1.0000000000000002e-10,1.6901743406668257e-27,0.7947527032655683,116556023399.50175,436.82857717604,1.0034664837253885e-09,4.383428363296054e-07
0.15000000000000002,89.0,89000.0,1.0000000000000002e-10,1.6901743406668257e-27,0.7947527032655683,116556023399.50175,436.82857717604,9.591212947042027e-10,4.189715905048782e-07
0.15000000000000002,90.0,90000.0,1.0000000000000002e-10,1.6901743406668257e-27,0.7947527032655683,116556023399.50175,436.82857717604,9.171988937747767e-10,4.006586877550736e-07
0.15000000000000002,91.0,91000.0,1.0000000000000002e-10,1.6901743406668257e-27,0.7947527032655683,116556023399.50175,436.82857717604,8.775421603311317e-10,3.8333549330943665e-07
0.15000000000000002,92.0,92000.0,1.0000000000000002e-10,1.6901743406668257e-27,0.7947527032655683,116556023399.50175,436.82857717604,8.400057340117231e-10,3.669385096080561e-07
0.15000000000000002,93.0,93000.0,1.0000000000000002e-10,1.6901743406668257e-27,0.7947527032655683,116556023399.50175,436.82857717604,8.044550193851243e-10,3.5140894152012753e-07
0.15000000000000002,94.0,94000.0,1.0000000000000002e-10,1.6901743406668257e-27,0.7947527032655683,116556023399.50175,436.82857717604,7.707652844079755e-10,3.3669230252462173e-07
0.15000000000000002,95.0,95000.0,1.0000000000000002e-10,1.6901743406668257e-27,0.7947527032655683,116556023399.50175,436.82857717604,7.388208429408994e-10,3.227380576098756e-07
0.15000000000000002,96.0,96000.0,1.0000000000000002e-10,1.6901743406668257e-27,0.7947527032655683,116556023399.50175,436.82857717604,7.085143127036756e-10,3.094992991272065e-07
0.15000000000000002,97.0,97000.0,1.0000000000000002e-10,1.6901743406668257e-27,0.7947527032655683,116556023399.50175,436.82857717604,6.797459410131558e-10,2.969324522539653e-07
0.15000000000000002,98.0,98000.0,1.0000000000000002e-10,1.6901743406668257e-27,0.7947527032655683,116556023399.50175,436.82857717604,6.524229914935822e-10,2.849970070910772e-07
0.15000000000000002,99.0,99000.0,1.0000000000000002e-10,1.6901743406668257e-27,0.7947527032655683,116556023399.50175,436.82857717604,6.264591856941307e-10,2.7365527474562774e-07
0.15000000000000002,100.0,100000.0,1.0000000000000002e-10,1.6901743406668257e-27,0.7947527032655683,116556023399.50175,436.82857717604,6.017741942056312e-10,2.6287216503610387e-07
0.20000000000000004,1.0,1000.0,1.0000000000000002e-10,3.260961048080194e-26,0.9551746595942716,6041163850.024477,13558.839444945956,0.05970974180916453,809.5948024896387
0.20000000000000004,2.0,2000.0,1.0000000000000002e-10,3.260961048080194e-26,0.9551746595942716,6041163850.024477,13558.839444945956,0.003731858863072783,50.59967515560242
0.20000000000000004,3.0,3000.0,1.0000000000000002e-10,3.260961048080194e-26,0.9551746595942716,6041163850.024477,13558.839444945956,0.000737157306285982,9.994997561600481
0.20000000000000004,4.0,4000.0,1.0000000000000002e-10,3.260961048080194e-26,0.9551746595942716,6041163850.024477,13558.839444945956,0.00023324117894204895,3.162479697225151
0.20000000000000004,5.0,5000.0,1.0000000000000002e-10,3.260961048080194e-26,0.9551746595942716,6041163850.024477,13558.839444945956,9.553558689466325e-05,1.295351683983422
0.20000000000000004,6.0,6000.0,1.0000000000000002e-10,3.260961048080194e-26,0.9551746595942716,6041163850.024477,13558.839444945956,4.607233164287388e-05,0.6246873476000301
0.20000000000000004,7.0,7000.0,1.0000000000000002e-10,3.260961048080194e-26,0.9551746595942716,6041163850.024477,13558.839444945956,2.4868697130014383e-05,0.3371906715908533
0.20000000000000004,8.0,8000.0,1.0000000000000002e-10,3.260961048080194e-26,0.9551746595942716,6041163850.024477,13558.839444945956,1.457757368387806e-05,0.19765498107657195
0.20000000000000004,9.0,9000.0,1.0000000000000002e-10,3.260961048080194e-26,0.9551746595942716,6041163850.024477,13558.839444945956,9.100707485012123e-06,0.12339503162469727
0.20000000000000004,10.0,10000.0,1.0000000000000002e-10,3.260961048080194e-26,0.9551746595942716,6041163850.024477,13558.839444945956,5.970974180916453e-06,0.08095948024896388
0.20000000000000004,11.0,11000.0,1.0000000000000002e-10,3.260961048080194e-26,0.9551746595942716,6041163850.024477,13558.839444945956,4.078255707203369e-06,0.05529641434940501
0.20000000000000004,12.0,12000.0,1.0000000000000002e-10,3.260961048080194e-26,0.9551746595942716,6041163850.024477,13558.839444945956,2.8795207276796173e-06,0.03904295922500188
0.20000000000000004,13.0,13000.0,1.0000000000000002e-10,3.260961048080194e-26,0.9551746595942716,6041163850.024477,13558.839444945956,2.090604033793094e-06,0.02834616443715693
0.20000000000000004,14.0,14000.0,1.0000000000000002e-10,3.260961048080194e-26,0.9551746595942716,6041163850.024477,13558.839444945956,1.554293570625899e-06,0.021074416974428332
0.20000000000000004,15.0,15000.0,1.0000000000000002e-10,3.260961048080194e-26,0.9551746595942716,6041163850.024477,13558.839444945956,1.1794516900575707e-06,0.01599199609856076
0.20000000000000004,16.0,16000.0,1.0000000000000002e-10,3.260961048080194e-26,0.9551746595942716,6041163850.024477,13558.839444945956,9.110983552423787e-07,0.012353436317285747
0.20000000000000004,17.0,17000.0,1.0000000000000002e-10,3.260961048080194e-26,0.9551746595942716,6041163850.024477,13558.839444945956,7.149069313006853e-07,0.009693308299585
0.20000000000000004,18.0,18000.0,1.0000000000000002e-10,3.260961048080194e-26,0.9551746595942716,6041163850.024477,13558.839444945956,5.687942178132577e-07,0.007712189476543579
0.20000000000000004,19.0,19000.0,1.0000000000000002e-10,3.260961048080194e-26,0.9551746595942716,6041163850.024477,13558.839444945956,4.581743679772601e-07,0.006212312693193257
0.20000000000000004,20.0,20000.0,1.0000000000000002e-10,3.260961048080194e-26,0.9551746595942716,6041163850.024477,13558.839444945956,3.7318588630727833e-07,0.005059967515560242
0.20000000000000004,21.0,21000.0,1.0000000000000002e-10,3.260961048080194e-26,0.9551746595942716,6041163850.024477,13558.839444945956,3.0702095222239974e-07,0.0041628477974179415
0.20000000000000004,22.0,22000.0,1.0000000000000002e-10,3.260961048080194e-26,0.9551746595942716,6041163850.024477,13558.839444945956,2.5489098170021057e-07,0.003456025896837813
0.20000000000000004,23.0,23000.0,1.0000000000000002e-10,3.260961048080194e-26,0.9551746595942716,6041163850.024477,13558.839444945956,2.1337024170569903e-07,0.0028930528496168848
0.20000000000000004,24.0,24000.0,1.0000000000000002e-10,3.260961048080194e-26,0.9551746595942716,6041163850.024477,13558.839444945956,1.7997004547997608e-07,0.0024401849515626175
0.20000000000000004,25.0,25000.0,1.0000000000000002e-10,3.260961048080194e-26,0.9551746595942716,6041163850.024477,13558.839444945956,1.5285693903146123e-07,0.0020725626943734754
0.20000000000000004,26.0,26000.0,1.0000000000000002e-10,3.260961048080194e-26,0.9551746595942716,6041163850.024477,13558.839444945956,1.3066275211206837e-07,0.001771635277322308
0.20000000000000004,27.0,27000.0,1.0000000000000002e-10,3.260961048080194e-26,0.9551746595942716,6041163850.024477,13558.839444945956,1.1235441339521135e-07,0.001523395452156756
0.20000000000000004,28.0,28000.0,1.0000000000000002e-10,3.260961048080194e-26,0.9551746595942716,6041163850.024477,13558.839444945956,9.714334816411869e-08,0.0013171510609017707
0.20000000000000004,29.0,29000.0,1.0000000000000002e-10,3.260961048080194e-26,0.9551746595942716,6041163850.024477,13558.839444945956,8.44215266763345e-08,0.0011446579259016415
0.20000000000000004,30.0,30000.0,1.0000000000000002e-10,3.260961048080194e-26,0.9551746595942716,6041163850.024477,13558.839444945956,7.371573062859817e-08,0.0009994997561600476
0.20000000000000004,31.0,31000.0,1.0000000000000002e-10,3.260961048080194e-26,0.9551746595942716,6041163850.024477,13558.839444945956,6.465444944853937e-08,0.0008766392994741199
0.20000000000000004,32.0,32000.0,1.0000000000000002e-10,3.260961048080194e-26,0.9551746595942716,6041163850.024477,13558.839444945956,5.694364720264867e-08,0.0007720897698303592
0.20000000000000004,33.0,33000.0,1.0000000000000002e-10,3.260961048080194e-26,0.9551746595942716,6041163850.024477,13558.839444945956,5.034883589139963e-08,0.00068267178209142
0.20000000000000004,34.0,34000.0,1.0000000000000002e-10,3.260961048080194e-26,0.9551746595942716,6041163850.024477,13558.839444945956,4.4681683206292834e-08,0.0006058317687240625
0.20000000000000004,35.0,35000.0,1.0000000000000002e-10,3.260961048080194e-26,0.9551746595942716,6041163850.024477,13558.839444945956,3.9789915408023e-08,0.0005395050745453651
0.20000000000000004,36.0,36000.0,1.0000000000000002e-10,3.260961048080194e-26,0.9551746595942716,6041163850.024477,13558.839444945956,3.5549638613328604e-08,0.0004820118422839737
0.20000000000000004,37.0,37000.0,1.0000000000000002e-10,3.260961048080194e-26,0.9551746595942716,6041163850.024477,13558.839444945956,3.18594516741969e-08,0.0004319771900544504
0.20000000000000004,38.0,38000.0,1.0000000000000002e-10,3.260961048080194e-26,0.9551746595942716,6041163850.024477,13558.839444945956,2.8635897998578758e-08,0.0003882695433245786
0.20000000000000004,39.0,39000.0,1.0000000000000002e-10,3.260961048080194e-26,0.9551746595942716,6041163850.024477,13558.839444945956,2.58099263431246e-08,0.00034995264737230756
0.20000000000000004,40.0,40000.0,1.0000000000000002e-10,3.260961048080194e-26,0.9551746595942716,6041163850.024477,13558.839444945956,2.3324117894204896e-08,0.00031624796972251515
0.20000000000000004,41.0,41000.0,1.0000000000000002e-10,3.260961048080194e-26,0.9551746595942716,6041163850.024477,13558.839444945956,2.1130499645640423e-08,0.00028650505208672593
0.20000000000000004,42.0,42000.0,1.0000000000000002e-10,3.260961048080194e-26,0.9551746595942716,6041163850.024477,13558.839444945956,1.9188809513899984e-08,0.00026017798733862134
0.20000000000000004,43.0,43000.0,1.0000000000000002e-10,3.260961048080194e-26,0.9551746595942716,6041163850.024477,13558.839444945956,1.746511183574725e-08,0.00023680664726892227
0.20000000000000004,44.0,44000.0,1.0000000000000002e-10,3.260961048080194e-26,0.9551746595942716,6041163850.024477,13558.839444945956,1.593068635626316e-08,0.0002160016185523633
0.20000000000000004,45.0,45000.0,1.0000000000000002e-10,3.260961048080194e-26,0.9551746595942716,6041163850.024477,13558.839444945956,1.4561131976019393e-08,0.0001974320505995156
0.20000000000000004,46.0,46000.0,1.0000000000000002e-10,3.260961048080194e-26,0.9551746595942716,6041163850.024477,13558.839444945956,1.3335640106606189e-08,0.0001808158031010553
0.20000000000000004,47.0,47000.0,1.0000000000000002e-10,3.260961048080194e-26,0.9551746595942716,6041163850.024477,13558.839444945956,1.2236402709350167e-08,0.0001659114197197806
0.20000000000000004,48.0,48000.0,1.0000000000000002e-10,3.260961048080194e-26,0.9551746595942716,6041163850.024477,13558.839444945956,1.1248127842498505e-08,0.0001525115594726636
0.20000000000000004,49.0,49000.0,1.0000000000000002e-10,3.260961048080194e-26,0.9551746595942716,6041163850.024477,13558.839444945956,1.0357641453567006e-08,0.0001404375974972317
0.20000000000000004,50.0,50000.0,1.0000000000000002e-10,3.260961048080194e-26,0.9551746595942716,6041163850.024477,13558.839444945956,9.553558689466327e-09,0.0001295351683983422
0.20000000000000004,51.0,51000.0,1.0000000000000002e-10,3.260961048080194e-26,0.9551746595942716,6041163850.024477,13558.839444945956,8.826011497539322e-09,0.00011967047283438269
0.20000000000000004,52.0,52000.0,1.0000000000000002e-10,3.260961048080194e-26,0.9551746595942716,6041163850.024477,13558.839444945956,8.166422007004273e-09,0.00011072720483264425
0.20000000000000004,53.0,53000.0,1.0000000000000002e-10,3.260961048080194e-26,0.9551746595942716,6041163850.024477,13558.839444945956,7.567313299298807e-09,0.00010260398605479678
0.20000000000000004,54.0,54000.0,1.0000000000000002e-10,3.260961048080194e-26,0.9551746595942716,6041163850.024477,13558.839444945956,7.022150837200709e-09,9.521221575979724e-05
0.20000000000000004,55.0,55000.0,1.0000000000000002e-10,3.260961048080194e-26,0.9551746595942716,6041163850.024477,13558.839444945956,6.525209131525392e-09,8.847426295904803e-05
0.20000000000000004,56.0,56000.0,1.0000000000000002e-10,3.260961048080194e-26,0.9551746595942716,6041163850.024477,13558.839444945956,6.071459260257418e-09,8.232194130636067e-05
0.20000000000000004,57.0,57000.0,1.0000000000000002e-10,3.260961048080194e-26,0.9551746595942716,6041163850.024477,13558.839444945956,5.6564736787316065e-09,7.669521843448466e-05
0.20000000000000004,58.0,58000.0,1.0000000000000002e-10,3.260961048080194e-26,0.9551746595942716,6041163850.024477,13558.839444945956,5.276345417270906e-09,7.154112036885259e-05
0.20000000000000004,59.0,59000.0,1.0000000000000002e-10,3.260961048080194e-26,0.9551746595942716,6041163850.024477,13558.839444945956,4.927619290137888e-09,6.681279880079818e-05
0.20000000000000004,60.0,60000.0,1.0000000000000002e-10,3.260961048080194e-26,0.9551746595942716,6041163850.024477,13558.839444945956,4.6072331642873855e-09,6.246873476000298e-05
0.20000000000000004,61.0,61000.0,1.0000000000000002e-10,3.260961048080194e-26,0.9551746595942716,6041163850.024477,13558.839444945956,4.312467679584398e-09,5.8472056879003486e-05
0.20000000000000004,62.0,62000.0,1.0000000000000002e-10,3.260961048080194e-26,0.9551746595942716,6041163850.024477,13558.839444945956,4.0409030905337105e-09,5.478995621713249e-05
0.20000000000000004,63.0,63000.0,1.0000000000000002e-10,3.260961048080194e-26,0.9551746595942716,6041163850.024477,13558.839444945956,3.790382126202466e-09,5.139318268417211e-05
0.20000000000000004,64.0,64000.0,1.0000000000000002e-10,3.260961048080194e-26,0.9551746595942716,6041163850.024477,13558.839444945956,3.558977950165542e-09,4.825561061439745e-05
0.20000000000000004,65.0,65000.0,1.0000000000000002e-10,3.260961048080194e-26,0.9551746595942716,6041163850.024477,13558.839444945956,3.34496645406895e-09,4.535386309945108e-05
0.20000000000000004,66.0,66000.0,1.0000000000000002e-10,3.260961048080194e-26,0.9551746595942716,6041163850.024477,13558.839444945956,3.146802243212477e-09,4.266698638071375e-05
0.20000000000000004,67.0,67000.0,1.0000000000000002e-10,3.260961048080194e-26,0.9551746595942716,6041163850.024477,13558.839444945956,2.9630977755115715e-09,4.017616699783791e-05
0.20000000000000004,68.0,68000.0,1.0000000000000002e-10,3.260961048080194e-26,0.9551746595942716,6041163850.024477,13558.839444945956,2.792605200393302e-09,3.786448554525391e-05
0.20000000000000004,69.0,69000.0,1.0000000000000002e-10,3.260961048080194e-26,0.9551746595942716,6041163850.024477,13558.839444945956,2.634200514885174e-09,3.571670184712204e-05
0.20000000000000004,70.0,70000.0,1.0000000000000002e-10,3.260961048080194e-26,0.9551746595942716,6041163850.024477,13558.839444945956,2.4868697130014375e-09,3.371906715908532e-05
0.20000000000000004,71.0,71000.0,1.0000000000000002e-10,3.260961048080194e-26,0.9551746595942716,6041163850.024477,13558.839444945956,2.349696653643832e-09,3.1859159671083505e-05
0.20000000000000004,72.0,72000.0,1.0000000000000002e-10,3.260961048080194e-26,0.9551746595942716,6041163850.024477,13558.839444945956,2.2218524133330378e-09,3.0125740142748357e-05
0.20000000000000004,73.0,73000.0,1.0000000000000002e-10,3.260961048080194e-26,0.9551746595942716,6041163850.024477,13558.839444945956,2.102585924570628e-09,2.8508624970456394e-05
0.20000000000000004,74.0,74000.0,1.0000000000000002e-10,3.260961048080194e-26,0.9551746595942716,6041163850.024477,13558.839444945956,1.9912157296373064e-09,2.699857437840315e-05
0.20000000000000004,75.0,75000.0,1.0000000000000002e-10,3.260961048080194e-26,0.9551746595942716,6041163850.024477,13558.839444945956,1.887122704092114e-09,2.5587193757697228e-05
0.20000000000000004,76.0,76000.0,1.0000000000000002e-10,3.260961048080194e-26,0.9551746595942716,6041163850.024477,13558.839444945956,1.7897436249111724e-09,2.426684645778616e-05
0.20000000000000004,77.0,77000.0,1.0000000000000002e-10,3.260961048080194e-26,0.9551746595942716,6041163850.024477,13558.839444945956,1.6985654757198534e-09,2.303057657201374e-05
0.20000000000000004,78.0,78000.0,1.0000000000000002e-10,3.260961048080194e-26,0.9551746595942716,6041163850.024477,13558.839444945956,1.6131203964452875e-09,2.1872040460769223e-05
0.20000000000000004,79.0,79000.0,1.0000000000000002e-10,3.260961048080194e-26,0.9551746595942716,6041163850.024477,13558.839444945956,1.5329811973732365e-09,2.078544592730472e-05
0.20000000000000004,80.0,80000.0,1.0000000000000002e-10,3.260961048080194e-26,0.9551746595942716,6041163850.024477,13558.839444945956,1.457757368387806e-09,1.9765498107657197e-05
0.20000000000000004,81.0,81000.0,1.0000000000000002e-10,3.260961048080194e-26,0.9551746595942716,6041163850.024477,13558.839444945956,1.387091523397671e-09,1.8807351261194517e-05
0.20000000000000004,82.0,82000.0,1.0000000000000002e-10,3.260961048080194e-26,0.9551746595942716,6041163850.024477,13558.839444945956,1.3206562278525265e-09,1.790656575542037e-05
0.20000000000000004,83.0,83000.0,1.0000000000000002e-10,3.260961048080194e-26,0.9551746595942716,6041163850.024477,13558.839444945956,1.2581511640322154e-09,1.705906963058467e-05
0.20000000000000004,84.0,84000.0,1.0000000000000002e-10,3.260961048080194e-26,0.9551746595942716,6041163850.024477,13558.839444945956,1.199300594618749e-09,1.6261124208663834e-05
0.20000000000000004,85.0,85000.0,1.0000000000000002e-10,3.260961048080194e-26,0.9551746595942716,6041163850.024477,13558.839444945956,1.1438510900810964e-09,1.5509293279336e-05
0.20000000000000004,86.0,86000.0,1.0000000000000002e-10,3.260961048080194e-26,0.9551746595942716,6041163850.024477,13558.839444945956,1.091569489734203e-09,1.4800415454307642e-05
0.20000000000000004,87.0,87000.0,1.0000000000000002e-10,3.260961048080194e-26,0.9551746595942716,6041163850.024477,13558.839444945956,1.0422410700782034e-09,1.4131579332119026e-05
0.20000000000000004,88.0,88000.0,1.0000000000000002e-10,3.260961048080194e-26,0.9551746595942716,6041163850.024477,13558.839444945956,9.956678972664475e-10,1.3500101159522707e-05
0.20000000000000004,89.0,89000.0,1.0000000000000002e-10,3.260961048080194e-26,0.9551746595942716,6041163850.024477,13558.839444945956,9.516673433638516e-10,1.2903504713668718e-05
0.20000000000000004,90.0,90000.0,1.0000000000000002e-10,3.260961048080194e-26,0.9551746595942716,6041163850.024477,13558.839444945956,9.100707485012121e-10,1.2339503162469724e-05
0.20000000000000004,91.0,91000.0,1.0000000000000002e-10,3.260961048080194e-26,0.9551746595942716,6041163850.024477,13558.839444945956,8.707222131583062e-10,1.1805982689361482e-05
0.20000000000000004,92.0,92000.0,1.0000000000000002e-10,3.260961048080194e-26,0.9551746595942716,6041163850.024477,13558.839444945956,8.334775066628868e-10,1.1300987693815956e-05
0.20000000000000004,93.0,93000.0,1.0000000000000002e-10,3.260961048080194e-26,0.9551746595942716,6041163850.024477,13558.839444945956,7.982030796115973e-10,1.0822707400915063e-05
0.20000000000000004,94.0,94000.0,1.0000000000000002e-10,3.260961048080194e-26,0.9551746595942716,6041163850.024477,13558.839444945956,7.647751693343855e-10,1.0369463732486288e-05
0.20000000000000004,95.0,95000.0,1.0000000000000002e-10,3.260961048080194e-26,0.9551746595942716,6041163850.024477,13558.839444945956,7.330789887636163e-10,9.939700309109213e-06
0.20000000000000004,96.0,96000.0,1.0000000000000002e-10,3.260961048080194e-26,0.9551746595942716,6041163850.024477,13558.839444945956,7.030079901561566e-10,9.531972467041475e-06
0.20000000000000004,97.0,97000.0,1.0000000000000002e-10,3.260961048080194e-26,0.9551746595942716,6041163850.024477,13558.839444945956,6.744631960714164e-10,9.144938187057438e-06
0.20000000000000004,98.0,98000.0,1.0000000000000002e-10,3.260961048080194e-26,0.9551746595942716,6041163850.024477,13558.839444945956,6.473525908479379e-10,8.77734984357698e-06
0.20000000000000004,99.0,99000.0,1.0000000000000002e-10,3.260961048080194e-26,0.9551746595942716,6041163850.024477,13558.839444945956,6.215905665604891e-10,8.428046692486664e-06
0.20000000000000004,100.0,100000.0,1.0000000000000002e-10,3.260961048080194e-26,0.9551746595942716,6041163850.024477,13558.839444945956,5.970974180916454e-10,8.095948024896388e-06
0.25000000000000006,1.0,1000.0,1.0000000000000002e-10,1.117069989195558e-25,0.9600677835904459,1763542140.6483827,58621.76308210458,0.059345343793774735,3478.928683904708
0.25000000000000006,2.0,2000.0,1.0000000000000002e-10,1.117069989195558e-25,0.9600677835904459,1763542140.6483827,58621.76308210458,0.003709083987110921,217.43304274404426
0.25000000000000006,3.0,3000.0,1.0000000000000002e-10,1.117069989195558e-25,0.9600677835904459,1763542140.6483827,58621.76308210458,0.0007326585653552438,42.94973683832974
0.25000000000000006,4.0,4000.0,1.0000000000000002e-10,1.117069989195558e-25,0.9600677835904459,1763542140.6483827,58621.76308210458,0.00023181774919443256,13.589565171502766
0.25000000000000006,5.0,5000.0,1.0000000000000002e-10,1.117069989195558e-25,0.9600677835904459,1763542140.6483827,58621.76308210458,9.495255007003957e-05,5.566285894247533
0.25000000000000006,6.0,6000.0,1.0000000000000002e-10,1.117069989195558e-25,0.9600677835904459,1763542140.6483827,58621.76308210458,4.579116033470274e-05,2.684358552395609
0.25000000000000006,7.0,7000.0,1.0000000000000002e-10,1.117069989195558e-25,0.9600677835904459,1763542140.6483827,58621.76308210458,2.4716927860797474e-05,1.4489498891731396
0.25000000000000006,8.0,8000.0,1.0000000000000002e-10,1.117069989195558e-25,0.9600677835904459,1763542140.6483827,58621.76308210458,1.4488609324652035e-05,0.8493478232189229
0.25000000000000006,9.0,9000.0,1.0000000000000002e-10,1.117069989195558e-25,0.9600677835904459,1763542140.6483827,58621.76308210458,9.045167473521527e-06,0.5302436646707375
0.25000000000000006,10.0,10000.0,1.0000000000000002e-10,1.117069989195558e-25,0.9600677835904459,1763542140.6483827,58621.76308210458,5.9345343793774734e-06,0.3478928683904708
0.25000000000000006,11.0,11000.0,1.0000000000000002e-10,1.117069989195558e-25,0.9600677835904459,1763542140.6483827,58621.76308210458,4.053366832441413e-06,0.23761551013624124
0.25000000000000006,12.0,12000.0,1.0000000000000002e-10,1.117069989195558e-25,0.9600677835904459,1763542140.6483827,58621.76308210458,2.861947520918921e-06,0.16777240952472555
0.25000000000000006,13.0,13000.0,1.0000000000000002e-10,1.117069989195558e-25,0.9600677835904459,1763542140.6483827,58621.76308210458,2.0778454463700413e-06,0.1218069634783344
0.25000000000000006,14.0,14000.0,1.0000000000000002e-10,1.117069989195558e-25,0.9600677835904459,1763542140.6483827,58621.76308210458,1.5448079912998421e-06,0.09055936807332123
0.25000000000000006,15.0,15000.0,1.0000000000000002e-10,1.117069989195558e-25,0.9600677835904459,1763542140.6483827,58621.76308210458,1.1722537045683896e-06,0.06871957894132755
0.25000000000000006,16.0,16000.0,1.0000000000000002e-10,1.117069989195558e-25,0.9600677835904459,1763542140.6483827,58621.76308210458,9.055380827907522e-07,0.05308423895118268
0.25000000000000006,17.0,17000.0,1.0000000000000002e-10,1.117069989195558e-25,0.9600677835904459,1763542140.6483827,58621.76308210458,7.105439804812531e-07,0.04165334088318756
0.25000000000000006,18.0,18000.0,1.0000000000000002e-10,1.117069989195558e-25,0.9600677835904459,1763542140.6483827,58621.76308210458,5.653229670950954e-07,0.03314022904192109
0.25000000000000006,19.0,19000.0,1.0000000000000002e-10,1.117069989195558e-25,0.9600677835904459,1763542140.6483827,58621.76308210458,4.5537821067805433e-07,0.026695073579121608
0.25000000000000006,20.0,20000.0,1.0000000000000002e-10,1.117069989195558e-25,0.9600677835904459,1763542140.6483827,58621.76308210458,3.709083987110921e-07,0.021743304274404424
0.25000000000000006,21.0,21000.0,1.0000000000000002e-10,1.117069989195558e-25,0.9600677835904459,1763542140.6483827,58621.76308210458,3.051472575407095e-07,0.017888270236705424
0.25000000000000006,22.0,22000.0,1.0000000000000002e-10,1.117069989195558e-25,0.9600677835904459,1763542140.6483827,58621.76308210458,2.5333542702758834e-07,0.014850969383515078
0.25000000000000006,23.0,23000.0,1.0000000000000002e-10,1.117069989195558e-25,0.9600677835904459,1763542140.6483827,58621.76308210458,2.1206808078078167e-07,0.012431804788807599
0.25000000000000006,24.0,24000.0,1.0000000000000002e-10,1.117069989195558e-25,0.9600677835904459,1763542140.6483827,58621.76308210458,1.7887172005743257e-07,0.010485775595295347
0.25000000000000006,25.0,25000.0,1.0000000000000002e-10,1.117069989195558e-25,0.9600677835904459,1763542140.6483827,58621.76308210458,1.5192408011206334e-07,0.008906057430796054
0.25000000000000006,26.0,26000.0,1.0000000000000002e-10,1.117069989195558e-25,0.9600677835904459,1763542140.6483827,58621.76308210458,1.2986534039812758e-07,0.0076129352173959
0.25000000000000006,27.0,27000.0,1.0000000000000002e-10,1.117069989195558e-25,0.9600677835904459,1763542140.6483827,58621.76308210458,1.1166873424100646e-07,0.0065462180823547805
0.25000000000000006,28.0,28000.0,1.0000000000000002e-10,1.117069989195558e-25,0.9600677835904459,1763542140.6483827,58621.76308210458,9.655049945624013e-08,0.005659960504582577
0.25000000000000006,29.0,29000.0,1.0000000000000002e-10,1.117069989195558e-25,0.9600677835904459,1763542140.6483827,58621.76308210458,8.390631699957265e-08,0.004918736236240912
0.25000000000000006,30.0,30000.0,1.0000000000000002e-10,1.117069989195558e-25,0.9600677835904459,1763542140.6483827,58621.76308210458,7.326585653552435e-08,0.004294973683832972
0.25000000000000006,31.0,31000.0,1.0000000000000002e-10,1.117069989195558e-25,0.9600677835904459,1763542140.6483827,58621.76308210458,6.425987475517582e-08,0.0037670271535836302
0.25000000000000006,32.0,32000.0,1.0000000000000002e-10,1.117069989195558e-25,0.9600677835904459,1763542140.6483827,58621.76308210458,5.659613017442201e-08,0.0033177649344489175
0.25000000000000006,33.0,33000.0,1.0000000000000002e-10,1.117069989195558e-25,0.9600677835904459,1763542140.6483827,58621.76308210458,5.004156583261005e-08,0.002933524816496806
0.25000000000000006,34.0,34000.0,1.0000000000000002e-10,1.117069989195558e-25,0.9600677835904459,1763542140.6483827,58621.76308210458,4.440899878007832e-08,0.0026033338051992226
0.25000000000000006,35.0,35000.0,1.0000000000000002e-10,1.117069989195558e-25,0.9600677835904459,1763542140.6483827,58621.76308210458,3.9547084577275946e-08,0.0023183198226770225
0.25000000000000006,36.0,36000.0,1.0000000000000002e-10,1.117069989195558e-25,0.9600677835904459,1763542140.6483827,58621.76308210458,3.5332685443443465e-08,0.0020712643151200682
0.25000000000000006,37.0,37000.0,1.0000000000000002e-10,1.117069989195558e-25,0.9600677835904459,1763542140.6483827,58621.76308210458,3.166501906387698e-08,0.0018562592455529214
0.25000000000000006,38.0,38000.0,1.0000000000000002e-10,1.117069989195558e-25,0.9600677835904459,1763542140.6483827,58621.76308210458,2.8461138167378396e-08,0.0016684420986951005
0.25000000000000006,39.0,39000.0,1.0000000000000002e-10,1.117069989195558e-25,0.9600677835904459,1763542140.6483827,58621.76308210458,2.5652412918148645e-08,0.0015037896725720288
0.25000000000000006,40.0,40000.0,1.0000000000000002e-10,1.117069989195558e-25,0.9600677835904459,1763542140.6483827,58621.76308210458,2.3181774919443256e-08,0.0013589565171502765
0.25000000000000006,41.0,41000.0,1.0000000000000002e-10,1.117069989195558e-25,0.9600677835904459,1763542140.6483827,58621.76308210458,2.1001543935872398e-08,0.001231147532967122
0.25000000000000006,42.0,42000.0,1.0000000000000002e-10,1.117069989195558e-25,0.9600677835904459,1763542140.6483827,58621.76308210458,1.9071703596294345e-08,0.001118016889794089
0.25000000000000006,43.0,43000.0,1.0000000000000002e-10,1.117069989195558e-25,0.9600677835904459,1763542140.6483827,58621.76308210458,1.735852534083579e-08,0.0010175873599851844
0.25000000000000006,44.0,44000.0,1.0000000000000002e-10,1.117069989195558e-25,0.9600677835904459,1763542140.6483827,58621.76308210458,1.583346418922427e-08,0.0009281855864696924
0.25000000000000006,45.0,45000.0,1.0000000000000002e-10,1.117069989195558e-25,0.9600677835904459,1763542140.6483827,58621.76308210458,1.447226795763444e-08,0.0008483898634731796
0.25000000000000006,46.0,46000.0,1.0000000000000002e-10,1.117069989195558e-25,0.9600677835904459,1763542140.6483827,58621.76308210458,1.3254255048798855e-08,0.0007769877993004749
0.25000000000000006,47.0,47000.0,1.0000000000000002e-10,1.117069989195558e-25,0.9600677835904459,1763542140.6483827,58621.76308210458,1.2161726103361006e-08,0.0007129418263006758
0.25000000000000006,48.0,48000.0,1.0000000000000002e-10,1.117069989195558e-25,0.9600677835904459,1763542140.6483827,58621.76308210458,1.1179482503589536e-08,0.0006553609747059592
0.25000000000000006,49.0,49000.0,1.0000000000000002e-10,1.117069989195558e-25,0.9600677835904459,1763542140.6483827,58621.76308210458,1.0294430595917315e-08,0.0006034776714590336
0.25000000000000006,50.0,50000.0,1.0000000000000002e-10,1.117069989195558e-25,0.9600677835904459,1763542140.6483827,58621.76308210458,9.495255007003958e-09,0.0005566285894247533
0.25000000000000006,51.0,51000.0,1.0000000000000002e-10,1.117069989195558e-25,0.9600677835904459,1763542140.6483827,58621.76308210458,8.772147907175962e-09,0.0005142387763356487
0.25000000000000006,52.0,52000.0,1.0000000000000002e-10,1.117069989195558e-25,0.9600677835904459,1763542140.6483827,58621.76308210458,8.116583774882974e-09,0.00047580845108724377
0.25000000000000006,53.0,53000.0,1.0000000000000002e-10,1.117069989195558e-25,0.9600677835904459,1763542140.6483827,58621.76308210458,7.521131321876924e-09,0.0004409019784604651
0.25000000000000006,54.0,54000.0,1.0000000000000002e-10,1.117069989195558e-25,0.9600677835904459,1763542140.6483827,58621.76308210458,6.979295890062904e-09,0.0004091386301471738
0.25000000000000006,55.0,55000.0,1.0000000000000002e-10,1.117069989195558e-25,0.9600677835904459,1763542140.6483827,58621.76308210458,6.485386931906262e-09,0.00038018481621798604
0.25000000000000006,56.0,56000.0,1.0000000000000002e-10,1.117069989195558e-25,0.9600677835904459,1763542140.6483827,58621.76308210458,6.034406216015008e-09,0.00035374753153641104
0.25000000000000006,57.0,57000.0,1.0000000000000002e-10,1.117069989195558e-25,0.9600677835904459,1763542140.6483827,58621.76308210458,5.621953218247585e-09,0.00032956880961878534
0.25000000000000006,58.0,58000.0,1.0000000000000002e-10,1.117069989195558e-25,0.9600677835904459,1763542140.6483827,58621.76308210458,5.244144812473291e-09,0.000307421014765057
0.25000000000000006,59.0,59000.0,1.0000000000000002e-10,1.117069989195558e-25,0.9600677835904459,1763542140.6483827,58621.76308210458,4.897546899343407e-09,0.0002871028340168051
0.25000000000000006,60.0,60000.0,1.0000000000000002e-10,1.117069989195558e-25,0.9600677835904459,1763542140.6483827,58621.76308210458,4.579116033470272e-09,0.00026843585523956073
0.25000000000000006,61.0,61000.0,1.0000000000000002e-10,1.117069989195558e-25,0.9600677835904459,1763542140.6483827,58621.76308210458,4.2861494504938136e-09,0.0002512616376213411
0.25000000000000006,62.0,62000.0,1.0000000000000002e-10,1.117069989195558e-25,0.9600677835904459,1763542140.6483827,58621.76308210458,4.016242172198489e-09,0.0002354391970989769
0.25000000000000006,63.0,63000.0,1.0000000000000002e-10,1.117069989195558e-25,0.9600677835904459,1763542140.6483827,58621.76308210458,3.767250093095179e-09,0.000220842842428462
0.25000000000000006,64.0,64000.0,1.0000000000000002e-10,1.117069989195558e-25,0.9600677835904459,1763542140.6483827,58621.76308210458,3.5372581359013757e-09,0.00020736030840305734
0.25000000000000006,65.0,65000.0,1.0000000000000002e-10,1.117069989195558e-25,0.9600677835904459,1763542140.6483827,58621.76308210458,3.324552714192066e-09,0.00019489114156533504
0.25000000000000006,66.0,66000.0,1.0000000000000002e-10,1.117069989195558e-25,0.9600677835904459,1763542140.6483827,58621.76308210458,3.127597864538128e-09,0.00018334530103105036
0.25000000000000006,67.0,67000.0,1.0000000000000002e-10,1.117069989195558e-25,0.9600677835904459,1763542140.6483827,58621.76308210458,2.945014512779449e-09,0.0001726419430415165
0.25000000000000006,68.0,68000.0,1.0000000000000002e-10,1.117069989195558e-25,0.9600677835904459,1763542140.6483827,58621.76308210458,2.775562423754895e-09,0.0001627083628249514
0.25000000000000006,69.0,69000.0,1.0000000000000002e-10,1.117069989195558e-25,0.9600677835904459,1763542140.6483827,58621.76308210458,2.618124454083725e-09,0.00015347907146676053
0.25000000000000006,70.0,70000.0,1.0000000000000002e-10,1.117069989195558e-25,0.9600677835904459,1763542140.6483827,58621.76308210458,2.4716927860797466e-09,0.0001448949889173139
0.25000000000000006,71.0,71000.0,1.0000000000000002e-10,1.117069989195558e-25,0.9600677835904459,1763542140.6483827,58621.76308210458,2.335356869692121e-09,0.00013690273712725688
0.25000000000000006,72.0,72000.0,1.0000000000000002e-10,1.117069989195558e-25,0.9600677835904459,1763542140.6483827,58621.76308210458,2.2082928402152165e-09,0.00012945401969500426
0.25000000000000006,73.0,73000.0,1.0000000000000002e-10,1.117069989195558e-25,0.9600677835904459,1763542140.6483827,58621.76308210458,2.0897542137829845e-09,0.00012250507642021585
0.25000000000000006,74.0,74000.0,1.0000000000000002e-10,1.117069989195558e-25,0.9600677835904459,1763542140.6483827,58621.76308210458,1.9790636914923113e-09,0.00011601620284705759
0.25000000000000006,75.0,75000.0,1.0000000000000002e-10,1.117069989195558e-25,0.9600677835904459,1763542140.6483827,58621.76308210458,1.8756059273094236e-09,0.0001099513263061241
0.25000000000000006,76.0,76000.0,1.0000000000000002e-10,1.117069989195558e-25,0.9600677835904459,1763542140.6483827,58621.76308210458,1.7788211354611497e-09,0.00010427763116844378
0.25000000000000006,77.0,77000.0,1.0000000000000002e-10,1.117069989195558e-25,0.9600677835904459,1763542140.6483827,58621.76308210458,1.688199430421246e-09,9.896522704549818e-05
0.25000000000000006,78.0,78000.0,1.0000000000000002e-10,1.117069989195558e-25,0.9600677835904459,1763542140.6483827,58621.76308210458,1.6032758073842903e-09,9.39868545357518e-05
0.25000000000000006,79.0,79000.0,1.0000000000000002e-10,1.117069989195558e-25,0.9600677835904459,1763542140.6483827,58621.76308210458,1.5236256836994704e-09,8.931762385563997e-05
0.25000000000000006,80.0,80000.0,1.0000000000000002e-10,1.117069989195558e-25,0.9600677835904459,1763542140.6483827,58621.76308210458,1.4488609324652035e-09,8.493478232189228e-05
0.25000000000000006,81.0,81000.0,1.0000000000000002e-10,1.117069989195558e-25,0.9600677835904459,1763542140.6483827,58621.76308210458,1.3786263486544008e-09,8.081750718956519e-05
0.25000000000000006,82.0,82000.0,1.0000000000000002e-10,1.117069989195558e-25,0.9600677835904459,1763542140.6483827,58621.76308210458,1.3125964959920249e-09,7.694672081044512e-05
0.25000000000000006,83.0,83000.0,1.0000000000000002e-10,1.117069989195558e-25,0.9600677835904459,1763542140.6483827,58621.76308210458,1.2504728895439586e-09,7.330492547144067e-05
0.25000000000000006,84.0,84000.0,1.0000000000000002e-10,1.117069989195558e-25,0.9600677835904459,1763542140.6483827,58621.76308210458,1.1919814747683966e-09,6.987605561213056e-05
0.25000000000000006,85.0,85000.0,1.0000000000000002e-10,1.117069989195558e-25,0.9600677835904459,1763542140.6483827,58621.76308210458,1.1368703687700048e-09,6.664534541310008e-05
0.25000000000000006,86.0,86000.0,1.0000000000000002e-10,1.117069989195558e-25,0.9600677835904459,1763542140.6483827,58621.76308210458,1.0849078338022368e-09,6.359920999907402e-05
0.25000000000000006,87.0,87000.0,1.0000000000000002e-10,1.117069989195558e-25,0.9600677835904459,1763542140.6483827,58621.76308210458,1.0358804567848473e-09,6.072513871902359e-05
0.25000000000000006,88.0,88000.0,1.0000000000000002e-10,1.117069989195558e-25,0.9600677835904459,1763542140.6483827,58621.76308210458,9.89591511826517e-10,5.801159915435577e-05
0.25000000000000006,89.0,89000.0,1.0000000000000002e-10,1.117069989195558e-25,0.9600677835904459,1763542140.6483827,58621.76308210458,9.458594855382156e-10,5.54479506701826e-05
0.25000000000000006,90.0,90000.0,1.0000000000000002e-10,1.117069989195558e-25,0.9600677835904459,1763542140.6483827,58621.76308210458,9.045167473521525e-10,5.302436646707373e-05
0.25000000000000006,91.0,91000.0,1.0000000000000002e-10,1.117069989195558e-25,0.9600677835904459,1763542140.6483827,58621.76308210458,8.654083491753606e-10,5.073176321463322e-05
0.25000000000000006,92.0,92000.0,1.0000000000000002e-10,1.117069989195558e-25,0.9600677835904459,1763542140.6483827,58621.76308210458,8.283909405499284e-10,4.856173745627968e-05
0.25000000000000006,93.0,93000.0,1.0000000000000002e-10,1.117069989195558e-25,0.9600677835904459,1763542140.6483827,58621.76308210458,7.933317871009362e-10,4.650650806893371e-05
0.25000000000000006,94.0,94000.0,1.0000000000000002e-10,1.117069989195558e-25,0.9600677835904459,1763542140.6483827,58621.76308210458,7.601078814600628e-10,4.455886414379224e-05
0.25000000000000006,95.0,95000.0,1.0000000000000002e-10,1.117069989195558e-25,0.9600677835904459,1763542140.6483827,58621.76308210458,7.28605137084887e-10,4.271211772659458e-05
0.25000000000000006,96.0,96000.0,1.0000000000000002e-10,1.117069989195558e-25,0.9600677835904459,1763542140.6483827,58621.76308210458,6.98717656474346e-10,4.096006091912245e-05
0.25000000000000006,97.0,97000.0,1.0000000000000002e-10,1.117069989195558e-25,0.9600677835904459,1763542140.6483827,58621.76308210458,6.703470662297e-10,3.929692689930134e-05
0.25000000000000006,98.0,98000.0,1.0000000000000002e-10,1.117069989195558e-25,0.9600677835904459,1763542140.6483827,58621.76308210458,6.434019122448322e-10,3.77173544661896e-05
0.25000000000000006,99.0,99000.0,1.0000000000000002e-10,1.117069989195558e-25,0.9600677835904459,1763542140.6483827,58621.76308210458,6.177971090445684e-10,3.621635575921982e-05
0.25000000000000006,100.0,100000.0,1.0000000000000002e-10,1.117069989195558e-25,0.9600677835904459,1763542140.6483827,58621.76308210458,5.934534379377474e-10,3.4789286839047084e-05
0.30000000000000004,1.0,1000.0,1.0000000000000002e-10,2.5184685683500377e-25,0.9559277634058263,782221396.2712411,158717.36597978318,0.058980945778384926,9361.300356941669
0.30000000000000004,2.0,2000.0,1.0000000000000002e-10,2.5184685683500377e-25,0.9559277634058263,782221396.2712411,158717.36597978318,0.003686309111149058,585.0812723088543
0.30000000000000004,3.0,3000.0,1.0000000000000002e-10,2.5184685683500377e-25,0.9559277634058263,782221396.2712411,158717.36597978318,0.0007281598244245054,115.57160934495889
0.30000000000000004,4.0,4000.0,1.0000000000000002e-10,2.5184685683500377e-25,0.9559277634058263,782221396.2712411,158717.36597978318,0.00023039431944681612,36.56757951930339
0.30000000000000004,5.0,5000.0,1.0000000000000002e-10,2.5184685683500377e-25,0.9559277634058263,782221396.2712411,158717.36597978318,9.436951324541588e-05,14.97808057110667
0.30000000000000004,6.0,6000.0,1.0000000000000002e-10,2.5184685683500377e-25,0.9559277634058263,782221396.2712411,158717.36597978318,4.5509989026531585e-05,7.22322558405993
0.30000000000000004,7.0,7000.0,1.0000000000000002e-10,2.5184685683500377e-25,0.9559277634058263,782221396.2712411,158717.36597978318,2.456515859158056e-05,3.898917266531307
0.30000000000000004,8.0,8000.0,1.0000000000000002e-10,2.5184685683500377e-25,0.9559277634058263,782221396.2712411,158717.36597978318,1.4399644965426007e-05,2.285473719956462
0.30000000000000004,9.0,9000.0,1.0000000000000002e-10,2.5184685683500377e-25,0.9559277634058263,782221396.2712411,158717.36597978318,8.98962746203093e-06,1.4268099919130726
0.30000000000000004,10.0,10000.0,1.0000000000000002e-10,2.5184685683500377e-25,0.9559277634058263,782221396.2712411,158717.36597978318,5.898094577838493e-06,0.9361300356941669
0.30000000000000004,11.0,11000.0,1.0000000000000002e-10,2.5184685683500377e-25,0.9559277634058263,782221396.2712411,158717.36597978318,4.028477957679457e-06,0.6393894103504998
0.30000000000000004,12.0,12000.0,1.0000000000000002e-10,2.5184685683500377e-25,0.9559277634058263,782221396.2712411,158717.36597978318,2.844374314158224e-06,0.45145159900374565
0.30000000000000004,13.0,13000.0,1.0000000000000002e-10,2.5184685683500377e-25,0.9559277634058263,782221396.2712411,158717.36597978318,2.0650868589469887e-06,0.32776514677153007
0.30000000000000004,14.0,14000.0,1.0000000000000002e-10,2.5184685683500377e-25,0.9559277634058263,782221396.2712411,158717.36597978318,1.535322411973785e-06,0.2436823291582067
0.30000000000000004,15.0,15000.0,1.0000000000000002e-10,2.5184685683500377e-25,0.9559277634058263,782221396.2712411,158717.36597978318,1.1650557190792082e-06,0.18491457495193414
0.30000000000000004,16.0,16000.0,1.0000000000000002e-10,2.5184685683500377e-25,0.9559277634058263,782221396.2712411,158717.36597978318,8.999778103391255e-07,0.14284210749727888
0.30000000000000004,17.0,17000.0,1.0000000000000002e-10,2.5184685683500377e-25,0.9559277634058263,782221396.2712411,158717.36597978318,7.061810296618208e-07,0.11208319293281534
0.30000000000000004,18.0,18000.0,1.0000000000000002e-10,2.5184685683500377e-25,0.9559277634058263,782221396.2712411,158717.36597978318,5.618517163769331e-07,0.08917562449456704
0.30000000000000004,19.0,19000.0,1.0000000000000002e-10,2.5184685683500377e-25,0.9559277634058263,782221396.2712411,158717.36597978318,4.525820533788485e-07,0.07183263140201246
0.30000000000000004,20.0,20000.0,1.0000000000000002e-10,2.5184685683500377e-25,0.9559277634058263,782221396.2712411,158717.36597978318,3.686309111149058e-07,0.05850812723088543
0.30000000000000004,21.0,21000.0,1.0000000000000002e-10,2.5184685683500377e-25,0.9559277634058263,782221396.2712411,158717.36597978318,3.0327356285901925e-07,0.04813478106828774
0.30000000000000004,22.0,22000.0,1.0000000000000002e-10,2.5184685683500377e-25,0.9559277634058263,782221396.2712411,158717.36597978318,2.5177987235496605e-07,0.03996183814690624
0.30000000000000004,23.0,23000.0,1.0000000000000002e-10,2.5184685683500377e-25,0.9559277634058263,782221396.2712411,158717.36597978318,2.107659198558643e-07,0.03345221163782886
0.30000000000000004,24.0,24000.0,1.0000000000000002e-10,2.5184685683500377e-25,0.9559277634058263,782221396.2712411,158717.36597978318,1.77773394634889e-07,0.028215724937734103
0.30000000000000004,25.0,25000.0,1.0000000000000002e-10,2.5184685683500377e-25,0.9559277634058263,782221396.2712411,158717.36597978318,1.5099122119266544e-07,0.023964928913770674
0.30000000000000004,26.0,26000.0,1.0000000000000002e-10,2.5184685683500377e-25,0.9559277634058263,782221396.2712411,158717.36597978318,1.290679286841868e-07,0.02048532167322063
0.30000000000000004,27.0,27000.0,1.0000000000000002e-10,2.5184685683500377e-25,0.9559277634058263,782221396.2712411,158717.36597978318,1.1098305508680156e-07,0.01761493817176632
0.30000000000000004,28.0,28000.0,1.0000000000000002e-10,2.5184685683500377e-25,0.9559277634058263,782221396.2712411,158717.36597978318,9.595765074836157e-08,0.015230145572387919
0.30000000000000004,29.0,29000.0,1.0000000000000002e-10,2.5184685683500377e-25,0.9559277634058263,782221396.2712411,158717.36597978318,8.33911073228108e-08,0.013235616900413938
0.30000000000000004,30.0,30000.0,1.0000000000000002e-10,2.5184685683500377e-25,0.9559277634058263,782221396.2712411,158717.36597978318,7.281598244245051e-08,0.011557160934495884
0.30000000000000004,31.0,31000.0,1.0000000000000002e-10,2.5184685683500377e-25,0.9559277634058263,782221396.2712411,158717.36597978318,6.386530006181227e-08,0.010136532203319327
0.30000000000000004,32.0,32000.0,1.0000000000000002e-10,2.5184685683500377e-25,0.9559277634058263,782221396.2712411,158717.36597978318,5.624861314619534e-08,0.00892763171857993
0.30000000000000004,33.0,33000.0,1.0000000000000002e-10,2.5184685683500377e-25,0.9559277634058263,782221396.2712411,158717.36597978318,4.973429577382047e-08,0.007893696424080247
0.30000000000000004,34.0,34000.0,1.0000000000000002e-10,2.5184685683500377e-25,0.9559277634058263,782221396.2712411,158717.36597978318,4.41363143538638e-08,0.0070051995583009586
0.30000000000000004,35.0,35000.0,1.0000000000000002e-10,2.5184685683500377e-25,0.9559277634058263,782221396.2712411,158717.36597978318,3.930425374652889e-08,0.00623826762645009
0.30000000000000004,36.0,36000.0,1.0000000000000002e-10,2.5184685683500377e-25,0.9559277634058263,782221396.2712411,158717.36597978318,3.511573227355832e-08,0.00557347653091044
0.30000000000000004,37.0,37000.0,1.0000000000000002e-10,2.5184685683500377e-25,0.9559277634058263,782221396.2712411,158717.36597978318,3.147058645355705e-08,0.0049949285877476214
0.30000000000000004,38.0,38000.0,1.0000000000000002e-10,2.5184685683500377e-25,0.9559277634058263,782221396.2712411,158717.36597978318,2.828637833617803e-08,0.004489539462625779
0.30000000000000004,39.0,39000.0,1.0000000000000002e-10,2.5184685683500377e-25,0.9559277634058263,782221396.2712411,158717.36597978318,2.5494899493172687e-08,0.004046483293475678
0.30000000000000004,40.0,40000.0,1.0000000000000002e-10,2.5184685683500377e-25,0.9559277634058263,782221396.2712411,158717.36597978318,2.3039431944681612e-08,0.0036567579519303393
0.30000000000000004,41.0,41000.0,1.0000000000000002e-10,2.5184685683500377e-25,0.9559277634058263,782221396.2712411,158717.36597978318,2.0872588226104373e-08,0.003312842224427921
0.30000000000000004,42.0,42000.0,1.0000000000000002e-10,2.5184685683500377e-25,0.9559277634058263,782221396.2712411,158717.36597978318,1.8954597678688703e-08,0.0030084238167679836
0.30000000000000004,43.0,43000.0,1.0000000000000002e-10,2.5184685683500377e-25,0.9559277634058263,782221396.2712411,158717.36597978318,1.7251938845924325e-08,0.002738182291669409
0.30000000000000004,44.0,44000.0,1.0000000000000002e-10,2.5184685683500377e-25,0.9559277634058263,782221396.2712411,158717.36597978318,1.5736242022185378e-08,0.00249761488418164
0.30000000000000004,45.0,45000.0,1.0000000000000002e-10,2.5184685683500377e-25,0.9559277634058263,782221396.2712411,158717.36597978318,1.4383403939249485e-08,0.0022828959870609157
0.30000000000000004,46.0,46000.0,1.0000000000000002e-10,2.5184685683500377e-25,0.9559277634058263,782221396.2712411,158717.36597978318,1.3172869990991518e-08,0.002090763227364304
0.30000000000000004,47.0,47000.0,1.0000000000000002e-10,2.5184685683500377e-25,0.9559277634058263,782221396.2712411,158717.36597978318,1.2087049497371842e-08,0.001918424658690121
0.30000000000000004,48.0,48000.0,1.0000000000000002e-10,2.5184685683500377e-25,0.9559277634058263,782221396.2712411,158717.36597978318,1.1110837164680563e-08,0.0017634828086083815
0.30000000000000004,49.0,49000.0,1.0000000000000002e-10,2.5184685683500377e-25,0.9559277634058263,782221396.2712411,158717.36597978318,1.0231219738267623e-08,0.0016238722476182039
0.30000000000000004,50.0,50000.0,1.0000000000000002e-10,2.5184685683500377e-25,0.9559277634058263,782221396.2712411,158717.36597978318,9.43695132454159e-09,0.001497808057110667
0.30000000000000004,51.0,51000.0,1.0000000000000002e-10,2.5184685683500377e-25,0.9559277634058263,782221396.2712411,158717.36597978318,8.7182843168126e-09,0.0013837431226273495
0.30000000000000004,52.0,52000.0,1.0000000000000002e-10,2.5184685683500377e-25,0.9559277634058263,782221396.2712411,158717.36597978318,8.066745542761674e-09,0.0012803326045762893
0.30000000000000004,53.0,53000.0,1.0000000000000002e-10,2.5184685683500377e-25,0.9559277634058263,782221396.2712411,158717.36597978318,7.47494934445504e-09,0.0011864042707842109
0.30000000000000004,54.0,54000.0,1.0000000000000002e-10,2.5184685683500377e-25,0.9559277634058263,782221396.2712411,158717.36597978318,6.936440942925098e-09,0.001100933635735395
0.30000000000000004,55.0,55000.0,1.0000000000000002e-10,2.5184685683500377e-25,0.9559277634058263,782221396.2712411,158717.36597978318,6.445564732287132e-09,0.0010230230565608
0.30000000000000004,56.0,56000.0,1.0000000000000002e-10,2.5184685683500377e-25,0.9559277634058263,782221396.2712411,158717.36597978318,5.997353171772598e-09,0.0009518840982742449
0.30000000000000004,57.0,57000.0,1.0000000000000002e-10,2.5184685683500377e-25,0.9559277634058263,782221396.2712411,158717.36597978318,5.587432757763562e-09,0.0008868226099013885
0.30000000000000004,58.0,58000.0,1.0000000000000002e-10,2.5184685683500377e-25,0.9559277634058263,782221396.2712411,158717.36597978318,5.211944207675675e-09,0.0008272260562758711
0.30000000000000004,59.0,59000.0,1.0000000000000002e-10,2.5184685683500377e-25,0.9559277634058263,782221396.2712411,158717.36597978318,4.8674745085489254e-09,0.0007725527329706251
0.30000000000000004,60.0,60000.0,1.0000000000000002e-10,2.5184685683500377e-25,0.9559277634058263,782221396.2712411,158717.36597978318,4.550998902653157e-09,0.0007223225584059927
0.30000000000000004,61.0,61000.0,1.0000000000000002e-10,2.5184685683500377e-25,0.9559277634058263,782221396.2712411,158717.36597978318,4.2598312214032294e-09,0.0006761091909795632
0.30000000000000004,62.0,62000.0,1.0000000000000002e-10,2.5184685683500377e-25,0.9559277634058263,782221396.2712411,158717.36597978318,3.991581253863267e-09,0.0006335332627074579
0.30000000000000004,63.0,63000.0,1.0000000000000002e-10,2.5184685683500377e-25,0.9559277634058263,782221396.2712411,158717.36597978318,3.7441180599878915e-09,0.000594256556398614
0.30000000000000004,64.0,64000.0,1.0000000000000002e-10,2.5184685683500377e-25,0.9559277634058263,782221396.2712411,158717.36597978318,3.515538321637209e-09,0.0005579769824112456
0.30000000000000004,65.0,65000.0,1.0000000000000002e-10,2.5184685683500377e-25,0.9559277634058263,782221396.2712411,158717.36597978318,3.3041389743151815e-09,0.0005244242348344481
0.30000000000000004,66.0,66000.0,1.0000000000000002e-10,2.5184685683500377e-25,0.9559277634058263,782221396.2712411,158717.36597978318,3.108393485863779e-09,0.0004933560265050154
0.30000000000000004,67.0,67000.0,1.0000000000000002e-10,2.5184685683500377e-25,0.9559277634058263,782221396.2712411,158717.36597978318,2.9269312500473254e-09,0.0004645548184114256
0.30000000000000004,68.0,68000.0,1.0000000000000002e-10,2.5184685683500377e-25,0.9559277634058263,782221396.2712411,158717.36597978318,2.7585196471164877e-09,0.0004378249723938099
0.30000000000000004,69.0,69000.0,1.0000000000000002e-10,2.5184685683500377e-25,0.9559277634058263,782221396.2712411,158717.36597978318,2.602048393282276e-09,0.0004129902671336898
0.30000000000000004,70.0,70000.0,1.0000000000000002e-10,2.5184685683500377e-25,0.9559277634058263,782221396.2712411,158717.36597978318,2.4565158591580557e-09,0.00038989172665313064
0.30000000000000004,71.0,71000.0,1.0000000000000002e-10,2.5184685683500377e-25,0.9559277634058263,782221396.2712411,158717.36597978318,2.32101708574041e-09,0.00036838571824279043
0.30000000000000004,72.0,72000.0,1.0000000000000002e-10,2.5184685683500377e-25,0.9559277634058263,782221396.2712411,158717.36597978318,2.194733267097395e-09,0.0003483422831819025
0.30000000000000004,73.0,73000.0,1.0000000000000002e-10,2.5184685683500377e-25,0.9559277634058263,782221396.2712411,158717.36597978318,2.076922502995341e-09,0.00032964366901955884
0.30000000000000004,74.0,74000.0,1.0000000000000002e-10,2.5184685683500377e-25,0.9559277634058263,782221396.2712411,158717.36597978318,1.9669116533473157e-09,0.00031218303673422634
0.30000000000000004,75.0,75000.0,1.0000000000000002e-10,2.5184685683500377e-25,0.9559277634058263,782221396.2712411,158717.36597978318,1.8640891505267334e-09,0.0002958633199230947
0.30000000000000004,76.0,76000.0,1.0000000000000002e-10,2.5184685683500377e-25,0.9559277634058263,782221396.2712411,158717.36597978318,1.7678986460111269e-09,0.00028059621641411117
0.30000000000000004,77.0,77000.0,1.0000000000000002e-10,2.5184685683500377e-25,0.9559277634058263,782221396.2712411,158717.36597978318,1.6778333851226385e-09,0.0002663012954396083
0.30000000000000004,78.0,78000.0,1.0000000000000002e-10,2.5184685683500377e-25,0.9559277634058263,782221396.2712411,158717.36597978318,1.593431218323293e-09,0.00025290520584222986
0.30000000000000004,79.0,79000.0,1.0000000000000002e-10,2.5184685683500377e-25,0.9559277634058263,782221396.2712411,158717.36597978318,1.514270170025704e-09,0.00024034097276823816
0.30000000000000004,80.0,80000.0,1.0000000000000002e-10,2.5184685683500377e-25,0.9559277634058263,782221396.2712411,158717.36597978318,1.4399644965426008e-09,0.0002285473719956462
0.30000000000000004,81.0,81000.0,1.0000000000000002e-10,2.5184685683500377e-25,0.9559277634058263,782221396.2712411,158717.36597978318,1.3701611739111306e-09,0.00021746837249094226
0.30000000000000004,82.0,82000.0,1.0000000000000002e-10,2.5184685683500377e-25,0.9559277634058263,782221396.2712411,158717.36597978318,1.3045367641315233e-09,0.00020705263902674506
0.30000000000000004,83.0,83000.0,1.0000000000000002e-10,2.5184685683500377e-25,0.9559277634058263,782221396.2712411,158717.36597978318,1.2427946150557017e-09,0.00019725308775549955
0.30000000000000004,84.0,84000.0,1.0000000000000002e-10,2.5184685683500377e-25,0.9559277634058263,782221396.2712411,158717.36597978318,1.184662354918044e-09,0.00018802648854799898
0.30000000000000004,85.0,85000.0,1.0000000000000002e-10,2.5184685683500377e-25,0.9559277634058263,782221396.2712411,158717.36597978318,1.1298896474589132e-09,0.0001793331086925045
0.30000000000000004,86.0,86000.0,1.0000000000000002e-10,2.5184685683500377e-25,0.9559277634058263,782221396.2712411,158717.36597978318,1.0782461778702703e-09,0.00017113639322933807
0.30000000000000004,87.0,87000.0,1.0000000000000002e-10,2.5184685683500377e-25,0.9559277634058263,782221396.2712411,158717.36597978318,1.029519843491491e-09,0.00016340267778288807
0.30000000000000004,88.0,88000.0,1.0000000000000002e-10,2.5184685683500377e-25,0.9559277634058263,782221396.2712411,158717.36597978318,9.835151263865861e-10,0.0001561009302613525
0.30000000000000004,89.0,89000.0,1.0000000000000002e-10,2.5184685683500377e-25,0.9559277634058263,782221396.2712411,158717.36597978318,9.400516277125791e-10,0.0001492025182355483
0.30000000000000004,90.0,90000.0,1.0000000000000002e-10,2.5184685683500377e-25,0.9559277634058263,782221396.2712411,158717.36597978318,8.989627462030928e-10,0.00014268099919130723
0.30000000000000004,91.0,91000.0,1.0000000000000002e-10,2.5184685683500377e-25,0.9559277634058263,782221396.2712411,158717.36597978318,8.600944851924148e-10,0.0001365119311834777
0.30000000000000004,92.0,92000.0,1.0000000000000002e-10,2.5184685683500377e-25,0.9559277634058263,782221396.2712411,158717.36597978318,8.233043744369699e-10,0.000130672701710269
0.30000000000000004,93.0,93000.0,1.0000000000000002e-10,2.5184685683500377e-25,0.9559277634058263,782221396.2712411,158717.36597978318,7.88460494590275e-10,0.00012514237288048554
0.30000000000000004,94.0,94000.0,1.0000000000000002e-10,2.5184685683500377e-25,0.9559277634058263,782221396.2712411,158717.36597978318,7.554405935857401e-10,0.00011990154116813257
0.30000000000000004,95.0,95000.0,1.0000000000000002e-10,2.5184685683500377e-25,0.9559277634058263,782221396.2712411,158717.36597978318,7.241312854061577e-10,0.00011493221024321996
0.30000000000000004,96.0,96000.0,1.0000000000000002e-10,2.5184685683500377e-25,0.9559277634058263,782221396.2712411,158717.36597978318,6.944273227925352e-10,0.00011021767553802384
0.30000000000000004,97.0,97000.0,1.0000000000000002e-10,2.5184685683500377e-25,0.9559277634058263,782221396.2712411,158717.36597978318,6.662309363879834e-10,0.00010574241935774522
0.30000000000000004,98.0,98000.0,1.0000000000000002e-10,2.5184685683500377e-25,0.9559277634058263,782221396.2712411,158717.36597978318,6.394512336417264e-10,0.00010149201547613774
0.30000000000000004,99.0,99000.0,1.0000000000000002e-10,2.5184685683500377e-25,0.9559277634058263,782221396.2712411,158717.36597978318,6.140036515286475e-10,9.745304227259561e-05
0.30000000000000004,100.0,100000.0,1.0000000000000002e-10,2.5184685683500377e-25,0.9559277634058263,782221396.2712411,158717.36597978318,5.898094577838494e-10,9.36130035694167e-05
0.3500000000000001,1.0,1000.0,1.0000000000000002e-10,4.692059062963565e-25,0.9488710309593954,419858312.43047535,344343.4805771217,0.05896603329430327,20304.56914038683
0.3500000000000001,2.0,2000.0,1.0000000000000002e-10,4.692059062963565e-25,0.9488710309593954,419858312.43047535,344343.4805771217,0.0036853770808939544,1269.0355712741768
0.3500000000000001,3.0,3000.0,1.0000000000000002e-10,4.692059062963565e-25,0.9488710309593954,419858312.43047535,344343.4805771217,0.0007279757196827565,250.67369309119547
0.3500000000000001,4.0,4000.0,1.0000000000000002e-10,4.692059062963565e-25,0.9488710309593954,419858312.43047535,344343.4805771217,0.00023033606755587215,79.31472320463605
0.3500000000000001,5.0,5000.0,1.0000000000000002e-10,4.692059062963565e-25,0.9488710309593954,419858312.43047535,344343.4805771217,9.434565327088523e-05,32.48731062461893
0.3500000000000001,6.0,6000.0,1.0000000000000002e-10,4.692059062963565e-25,0.9488710309593954,419858312.43047535,344343.4805771217,4.549848248017228e-05,15.667105818199717
0.3500000000000001,7.0,7000.0,1.0000000000000002e-10,4.692059062963565e-25,0.9488710309593954,419858312.43047535,344343.4805771217,2.455894764444118e-05,8.456713511198181
0.3500000000000001,8.0,8000.0,1.0000000000000002e-10,4.692059062963565e-25,0.9488710309593954,419858312.43047535,344343.4805771217,1.439600422224201e-05,4.957170200289753
0.3500000000000001,9.0,9000.0,1.0000000000000002e-10,4.692059062963565e-25,0.9488710309593954,419858312.43047535,344343.4805771217,8.987354563984647e-06,3.0947369517431538
0.3500000000000001,10.0,10000.0,1.0000000000000002e-10,4.692059062963565e-25,0.9488710309593954,419858312.43047535,344343.4805771217,5.896603329430327e-06,2.030456914038683
0.3500000000000001,11.0,11000.0,1.0000000000000002e-10,4.692059062963565e-25,0.9488710309593954,419858312.43047535,344343.4805771217,4.027459414951388e-06,1.386829392827459
0.3500000000000001,12.0,12000.0,1.0000000000000002e-10,4.692059062963565e-25,0.9488710309593954,419858312.43047535,344343.4805771217,2.8436551550107675e-06,0.9791941136374823
0.3500000000000001,13.0,13000.0,1.0000000000000002e-10,4.692059062963565e-25,0.9488710309593954,419858312.43047535,344343.4805771217,2.0645647314275862e-06,0.7109194054965455
0.3500000000000001,14.0,14000.0,1.0000000000000002e-10,4.692059062963565e-25,0.9488710309593954,419858312.43047535,344343.4805771217,1.5349342277775738e-06,0.5285445944498863
0.3500000000000001,15.0,15000.0,1.0000000000000002e-10,4.692059062963565e-25,0.9488710309593954,419858312.43047535,344343.4805771217,1.16476115149241e-06,0.4010779089459126
0.3500000000000001,16.0,16000.0,1.0000000000000002e-10,4.692059062963565e-25,0.9488710309593954,419858312.43047535,344343.4805771217,8.997502638901256e-07,0.3098231375181096
0.3500000000000001,17.0,17000.0,1.0000000000000002e-10,4.692059062963565e-25,0.9488710309593954,419858312.43047535,344343.4805771217,7.060024819423052e-07,0.2431073519280999
0.3500000000000001,18.0,18000.0,1.0000000000000002e-10,4.692059062963565e-25,0.9488710309593954,419858312.43047535,344343.4805771217,5.617096602490404e-07,0.1934210594839471
0.3500000000000001,19.0,19000.0,1.0000000000000002e-10,4.692059062963565e-25,0.9488710309593954,419858312.43047535,344343.4805771217,4.5246762451410944e-07,0.15580427667365065
0.3500000000000001,20.0,20000.0,1.0000000000000002e-10,4.692059062963565e-25,0.9488710309593954,419858312.43047535,344343.4805771217,3.685377080893954e-07,0.1269035571274177
0.3500000000000001,21.0,21000.0,1.0000000000000002e-10,4.692059062963565e-25,0.9488710309593954,419858312.43047535,344343.4805771217,3.0319688449927376e-07,0.10440387050861949
0.3500000000000001,22.0,22000.0,1.0000000000000002e-10,4.692059062963565e-25,0.9488710309593954,419858312.43047535,344343.4805771217,2.5171621343446173e-07,0.0866768370517162
0.3500000000000001,23.0,23000.0,1.0000000000000002e-10,4.692059062963565e-25,0.9488710309593954,419858312.43047535,344343.4805771217,2.1071263072352964e-07,0.07255752066490195
0.3500000000000001,24.0,24000.0,1.0000000000000002e-10,4.692059062963565e-25,0.9488710309593954,419858312.43047535,344343.4805771217,1.7772844718817297e-07,0.061199632102342645
0.3500000000000001,25.0,25000.0,1.0000000000000002e-10,4.692059062963565e-25,0.9488710309593954,419858312.43047535,344343.4805771217,1.5095304523341639e-07,0.05197969699939029
0.3500000000000001,26.0,26000.0,1.0000000000000002e-10,4.692059062963565e-25,0.9488710309593954,419858312.43047535,344343.4805771217,1.2903529571422414e-07,0.044432462843534096
0.3500000000000001,27.0,27000.0,1.0000000000000002e-10,4.692059062963565e-25,0.9488710309593954,419858312.43047535,344343.4805771217,1.1095499461709437e-07,0.03820662903386608
0.3500000000000001,28.0,28000.0,1.0000000000000002e-10,4.692059062963565e-25,0.9488710309593954,419858312.43047535,344343.4805771217,9.593338923609836e-08,0.033034037153117896
0.3500000000000001,29.0,29000.0,1.0000000000000002e-10,4.692059062963565e-25,0.9488710309593954,419858312.43047535,344343.4805771217,8.337002308036449e-08,0.02870792392328768
0.3500000000000001,30.0,30000.0,1.0000000000000002e-10,4.692059062963565e-25,0.9488710309593954,419858312.43047535,344343.4805771217,7.279757196827562e-08,0.025067369309119538
0.3500000000000001,31.0,31000.0,1.0000000000000002e-10,4.692059062963565e-25,0.9488710309593954,419858312.43047535,344343.4805771217,6.38491526389798e-08,0.021986039451606224
0.3500000000000001,32.0,32000.0,1.0000000000000002e-10,4.692059062963565e-25,0.9488710309593954,419858312.43047535,344343.4805771217,5.623439149313285e-08,0.01936394609488185
0.3500000000000001,33.0,33000.0,1.0000000000000002e-10,4.692059062963565e-25,0.9488710309593954,419858312.43047535,344343.4805771217,4.9721721172239366e-08,0.017121350528734067
0.3500000000000001,34.0,34000.0,1.0000000000000002e-10,4.692059062963565e-25,0.9488710309593954,419858312.43047535,344343.4805771217,4.4125155121394075e-08,0.015194209495506244
0.3500000000000001,35.0,35000.0,1.0000000000000002e-10,4.692059062963565e-25,0.9488710309593954,419858312.43047535,344343.4805771217,3.9294316231105875e-08,0.013530741617917084
0.3500000000000001,36.0,36000.0,1.0000000000000002e-10,4.692059062963565e-25,0.9488710309593954,419858312.43047535,344343.4805771217,3.510685376556503e-08,0.012088816217746694
0.3500000000000001,37.0,37000.0,1.0000000000000002e-10,4.692059062963565e-25,0.9488710309593954,419858312.43047535,344343.4805771217,3.1462629568272564e-08,0.010833951373647639
0.3500000000000001,38.0,38000.0,1.0000000000000002e-10,4.692059062963565e-25,0.9488710309593954,419858312.43047535,344343.4805771217,2.827922653213184e-08,0.009737767292103166
0.3500000000000001,39.0,39000.0,1.0000000000000002e-10,4.692059062963565e-25,0.9488710309593954,419858312.43047535,344343.4805771217,2.548845347441463e-08,0.008776782783907965
0.3500000000000001,40.0,40000.0,1.0000000000000002e-10,4.692059062963565e-25,0.9488710309593954,419858312.43047535,344343.4805771217,2.3033606755587214e-08,0.007931472320463605
0.3500000000000001,41.0,41000.0,1.0000000000000002e-10,4.692059062963565e-25,0.9488710309593954,419858312.43047535,344343.4805771217,2.0867310892288224e-08,0.00718552246293541
0.3500000000000001,42.0,42000.0,1.0000000000000002e-10,4.692059062963565e-25,0.9488710309593954,419858312.43047535,344343.4805771217,1.894980528120461e-08,0.006525241906788718
0.3500000000000001,43.0,43000.0,1.0000000000000002e-10,4.692059062963565e-25,0.9488710309593954,419858312.43047535,344343.4805771217,1.7247576941244392e-08,0.005939090675469801
0.3500000000000001,44.0,44000.0,1.0000000000000002e-10,4.692059062963565e-25,0.9488710309593954,419858312.43047535,344343.4805771217,1.573226333965386e-08,0.005417302315732262
0.3500000000000001,45.0,45000.0,1.0000000000000002e-10,4.692059062963565e-25,0.9488710309593954,419858312.43047535,344343.4805771217,1.4379767302375433e-08,0.004951579122789045
0.3500000000000001,46.0,46000.0,1.0000000000000002e-10,4.692059062963565e-25,0.9488710309593954,419858312.43047535,344343.4805771217,1.3169539420220602e-08,0.004534845041556372
0.3500000000000001,47.0,47000.0,1.0000000000000002e-10,4.692059062963565e-25,0.9488710309593954,419858312.43047535,344343.4805771217,1.2083993460700253e-08,0.004161044367528704
0.3500000000000001,48.0,48000.0,1.0000000000000002e-10,4.692059062963565e-25,0.9488710309593954,419858312.43047535,344343.4805771217,1.110802794926081e-08,0.0038249770063964153
0.3500000000000001,49.0,49000.0,1.0000000000000002e-10,4.692059062963565e-25,0.9488710309593954,419858312.43047535,344343.4805771217,1.0228632921466547e-08,0.003522163061723524
0.3500000000000001,50.0,50000.0,1.0000000000000002e-10,4.692059062963565e-25,0.9488710309593954,419858312.43047535,344343.4805771217,9.434565327088524e-09,0.0032487310624618932
0.3500000000000001,51.0,51000.0,1.0000000000000002e-10,4.692059062963565e-25,0.9488710309593954,419858312.43047535,344343.4805771217,8.716080023979075e-09,0.0030013253324456773
0.3500000000000001,52.0,52000.0,1.0000000000000002e-10,4.692059062963565e-25,0.9488710309593954,419858312.43047535,344343.4805771217,8.064705982139009e-09,0.002777028927720881
0.3500000000000001,53.0,53000.0,1.0000000000000002e-10,4.692059062963565e-25,0.9488710309593954,419858312.43047535,344343.4805771217,7.473059410991964e-09,0.002573299288140588
0.3500000000000001,54.0,54000.0,1.0000000000000002e-10,4.692059062963565e-25,0.9488710309593954,419858312.43047535,344343.4805771217,6.934687163568398e-09,0.00238791431461663
0.3500000000000001,55.0,55000.0,1.0000000000000002e-10,4.692059062963565e-25,0.9488710309593954,419858312.43047535,344343.4805771217,6.443935063922221e-09,0.002218927028523935
0.3500000000000001,56.0,56000.0,1.0000000000000002e-10,4.692059062963565e-25,0.9488710309593954,419858312.43047535,344343.4805771217,5.995836827256148e-09,0.0020646273220698685
0.3500000000000001,57.0,57000.0,1.0000000000000002e-10,4.692059062963565e-25,0.9488710309593954,419858312.43047535,344343.4805771217,5.586020055729746e-09,0.0019235095885635882
0.3500000000000001,58.0,58000.0,1.0000000000000002e-10,4.692059062963565e-25,0.9488710309593954,419858312.43047535,344343.4805771217,5.210626442522781e-09,0.00179424524520548
0.3500000000000001,59.0,59000.0,1.0000000000000002e-10,4.692059062963565e-25,0.9488710309593954,419858312.43047535,344343.4805771217,4.866243837606494e-09,0.0016756593403783899
0.3500000000000001,60.0,60000.0,1.0000000000000002e-10,4.692059062963565e-25,0.9488710309593954,419858312.43047535,344343.4805771217,4.549848248017226e-09,0.0015667105818199711
0.3500000000000001,61.0,61000.0,1.0000000000000002e-10,4.692059062963565e-25,0.9488710309593954,419858312.43047535,344343.4805771217,4.258754184328944e-09,0.0014664742387542095
0.3500000000000001,62.0,62000.0,1.0000000000000002e-10,4.692059062963565e-25,0.9488710309593954,419858312.43047535,344343.4805771217,3.990572039936238e-09,0.001374127465725389
0.3500000000000001,63.0,63000.0,1.0000000000000002e-10,4.692059062963565e-25,0.9488710309593954,419858312.43047535,344343.4805771217,3.743171413571281e-09,0.0012889366729459198
0.3500000000000001,64.0,64000.0,1.0000000000000002e-10,4.692059062963565e-25,0.9488710309593954,419858312.43047535,344343.4805771217,3.514649468320803e-09,0.0012102466309301156
0.3500000000000001,65.0,65000.0,1.0000000000000002e-10,4.692059062963565e-25,0.9488710309593954,419858312.43047535,344343.4805771217,3.3033035702841373e-09,0.0011374710487944727
0.3500000000000001,66.0,66000.0,1.0000000000000002e-10,4.692059062963565e-25,0.9488710309593954,419858312.43047535,344343.4805771217,3.1076075732649604e-09,0.0010700844080458792
0.3500000000000001,67.0,67000.0,1.0000000000000002e-10,4.692059062963565e-25,0.9488710309593954,419858312.43047535,344343.4805771217,2.9261912175656756e-09,0.0010076148686907704
0.3500000000000001,68.0,68000.0,1.0000000000000002e-10,4.692059062963565e-25,0.9488710309593954,419858312.43047535,344343.4805771217,2.7578221950871297e-09,0.0009496380934691402
0.3500000000000001,69.0,69000.0,1.0000000000000002e-10,4.692059062963565e-25,0.9488710309593954,419858312.43047535,344343.4805771217,2.601390502759626e-09,0.0008957718600605182
0.3500000000000001,70.0,70000.0,1.0000000000000002e-10,4.692059062963565e-25,0.9488710309593954,419858312.43047535,344343.4805771217,2.455894764444117e-09,0.0008456713511198178
0.3500000000000001,71.0,71000.0,1.0000000000000002e-10,4.692059062963565e-25,0.9488710309593954,419858312.43047535,344343.4805771217,2.320430249943059e-09,0.0007990250287018334
0.3500000000000001,72.0,72000.0,1.0000000000000002e-10,4.692059062963565e-25,0.9488710309593954,419858312.43047535,344343.4805771217,2.1941783603478142e-09,0.0007555510136091684
0.3500000000000001,73.0,73000.0,1.0000000000000002e-10,4.692059062963565e-25,0.9488710309593954,419858312.43047535,344343.4805771217,2.0763973830035196e-09,0.0007149939019246588
0.3500000000000001,74.0,74000.0,1.0000000000000002e-10,4.692059062963565e-25,0.9488710309593954,419858312.43047535,344343.4805771217,1.9664143480170353e-09,0.0006771219608529774
0.3500000000000001,75.0,75000.0,1.0000000000000002e-10,4.692059062963565e-25,0.9488710309593954,419858312.43047535,344343.4805771217,1.8636178423878563e-09,0.0006417246543134603
0.3500000000000001,76.0,76000.0,1.0000000000000002e-10,4.692059062963565e-25,0.9488710309593954,419858312.43047535,344343.4805771217,1.76745165825824e-09,0.0006086104557564479
0.3500000000000001,77.0,77000.0,1.0000000000000002e-10,4.692059062963565e-25,0.9488710309593954,419858312.43047535,344343.4805771217,1.6774091690759625e-09,0.0005776049116315945
0.3500000000000001,78.0,78000.0,1.0000000000000002e-10,4.692059062963565e-25,0.9488710309593954,419858312.43047535,344343.4805771217,1.5930283421509143e-09,0.0005485489239942478
0.3500000000000001,79.0,79000.0,1.0000000000000002e-10,4.692059062963565e-25,0.9488710309593954,419858312.43047535,344343.4805771217,1.513887308586169e-09,0.0005212972250400926
0.3500000000000001,80.0,80000.0,1.0000000000000002e-10,4.692059062963565e-25,0.9488710309593954,419858312.43047535,344343.4805771217,1.4396004222242009e-09,0.0004957170200289753
0.3500000000000001,81.0,81000.0,1.0000000000000002e-10,4.692059062963565e-25,0.9488710309593954,419858312.43047535,344343.4805771217,1.3698147483591898e-09,0.00047168677819587755
0.3500000000000001,82.0,82000.0,1.0000000000000002e-10,4.692059062963565e-25,0.9488710309593954,419858312.43047535,344343.4805771217,1.304206930768014e-09,0.00044909515393346314
0.3500000000000001,83.0,83000.0,1.0000000000000002e-10,4.692059062963565e-25,0.9488710309593954,419858312.43047535,344343.4805771217,1.2424803923068257e-09,0.00042784002283576
0.3500000000000001,84.0,84000.0,1.0000000000000002e-10,4.692059062963565e-25,0.9488710309593954,419858312.43047535,344343.4805771217,1.1843628300752881e-09,0.0004078276191742949
0.3500000000000001,85.0,85000.0,1.0000000000000002e-10,4.692059062963565e-25,0.9488710309593954,419858312.43047535,344343.4805771217,1.1296039711076881e-09,0.00038897176308495975
0.3500000000000001,86.0,86000.0,1.0000000000000002e-10,4.692059062963565e-25,0.9488710309593954,419858312.43047535,344343.4805771217,1.0779735588277745e-09,0.00037119316721686256
0.3500000000000001,87.0,87000.0,1.0000000000000002e-10,4.692059062963565e-25,0.9488710309593954,419858312.43047535,344343.4805771217,1.0292595442020306e-09,0.0003544188138677491
0.3500000000000001,88.0,88000.0,1.0000000000000002e-10,4.692059062963565e-25,0.9488710309593954,419858312.43047535,344343.4805771217,9.832664587283662e-10,0.0003385813947332664
0.3500000000000001,89.0,89000.0,1.0000000000000002e-10,4.692059062963565e-25,0.9488710309593954,419858312.43047535,344343.4805771217,9.398139491750585e-10,0.0003236188063538698
0.3500000000000001,90.0,90000.0,1.0000000000000002e-10,4.692059062963565e-25,0.9488710309593954,419858312.43047535,344343.4805771217,8.987354563984646e-10,0.0003094736951743153
0.3500000000000001,91.0,91000.0,1.0000000000000002e-10,4.692059062963565e-25,0.9488710309593954,419858312.43047535,344343.4805771217,8.598770226687152e-10,0.000296093046854038
0.3500000000000001,92.0,92000.0,1.0000000000000002e-10,4.692059062963565e-25,0.9488710309593954,419858312.43047535,344343.4805771217,8.230962137637876e-10,0.00028342781509727326
0.3500000000000001,93.0,93000.0,1.0000000000000002e-10,4.692059062963565e-25,0.9488710309593954,419858312.43047535,344343.4805771217,7.882611436911088e-10,0.00027143258582229904
0.3500000000000001,94.0,94000.0,1.0000000000000002e-10,4.692059062963565e-25,0.9488710309593954,419858312.43047535,344343.4805771217,7.552495912937658e-10,0.000260065272970544
0.3500000000000001,95.0,95000.0,1.0000000000000002e-10,4.692059062963565e-25,0.9488710309593954,419858312.43047535,344343.4805771217,7.239481992225751e-10,0.00024928684267784107
0.3500000000000001,96.0,96000.0,1.0000000000000002e-10,4.692059062963565e-25,0.9488710309593954,419858312.43047535,344343.4805771217,6.942517468288007e-10,0.00023906106289977596
0.3500000000000001,97.0,97000.0,1.0000000000000002e-10,4.692059062963565e-25,0.9488710309593954,419858312.43047535,344343.4805771217,6.660624894751292e-10,0.0002293542759077285
0.3500000000000001,98.0,98000.0,1.0000000000000002e-10,4.692059062963565e-25,0.9488710309593954,419858312.43047535,344343.4805771217,6.392895575916592e-10,0.00022013519135772024
0.3500000000000001,99.0,99000.0,1.0000000000000002e-10,4.692059062963565e-25,0.9488710309593954,419858312.43047535,344343.4805771217,6.138484095338192e-10,0.0002113746978856057
0.3500000000000001,100.0,100000.0,1.0000000000000002e-10,4.692059062963565e-25,0.9488710309593954,419858312.43047535,344343.4805771217,5.896603329430328e-10,0.00020304569140386833
0.40000000000000013,1.0,1000.0,1.0000000000000002e-10,7.831254349959088e-25,0.9402750737614135,251556125.2343045,654781.0746414697,0.05882228527622999,38515.71916603698
0.40000000000000013,2.0,2000.0,1.0000000000000002e-10,7.831254349959088e-25,0.9402750737614135,251556125.2343045,654781.0746414697,0.0036763928297643745,2407.232447877311
0.40000000000000013,3.0,3000.0,1.0000000000000002e-10,7.831254349959088e-25,0.9402750737614135,251556125.2343045,654781.0746414697,0.000726201052792963,475.502705753543
0.40000000000000013,4.0,4000.0,1.0000000000000002e-10,7.831254349959088e-25,0.9402750737614135,251556125.2343045,654781.0746414697,0.0002297745518602734,150.45202799233195
0.40000000000000013,5.0,5000.0,1.0000000000000002e-10,7.831254349959088e-25,0.9402750737614135,251556125.2343045,654781.0746414697,9.411565644196799e-05,61.62515066565917
0.40000000000000013,6.0,6000.0,1.0000000000000002e-10,7.831254349959088e-25,0.9402750737614135,251556125.2343045,654781.0746414697,4.538756579956019e-05,29.71891910959644
0.40000000000000013,7.0,7000.0,1.0000000000000002e-10,7.831254349959088e-25,0.9402750737614135,251556125.2343045,654781.0746414697,2.449907758276968e-05,16.041532347370673
0.40000000000000013,8.0,8000.0,1.0000000000000002e-10,7.831254349959088e-25,0.9402750737614135,251556125.2343045,654781.0746414697,1.4360909491267088e-05,9.403251749520747
0.40000000000000013,9.0,9000.0,1.0000000000000002e-10,7.831254349959088e-25,0.9402750737614135,251556125.2343045,654781.0746414697,8.96544509620942e-06,5.870403774735099
0.40000000000000013,10.0,10000.0,1.0000000000000002e-10,7.831254349959088e-25,0.9402750737614135,251556125.2343045,654781.0746414697,5.8822285276229995e-06,3.851571916603698
0.40000000000000013,11.0,11000.0,1.0000000000000002e-10,7.831254349959088e-25,0.9402750737614135,251556125.2343045,654781.0746414697,4.017641231898777e-06,2.6306754433465596
0.40000000000000013,12.0,12000.0,1.0000000000000002e-10,7.831254349959088e-25,0.9402750737614135,251556125.2343045,654781.0746414697,2.836722862472512e-06,1.8574324443497774
0.40000000000000013,13.0,13000.0,1.0000000000000002e-10,7.831254349959088e-25,0.9402750737614135,251556125.2343045,654781.0746414697,2.0595317137435667e-06,1.3485423887832004
0.40000000000000013,14.0,14000.0,1.0000000000000002e-10,7.831254349959088e-25,0.9402750737614135,251556125.2343045,654781.0746414697,1.531192348923105e-06,1.002595771710667
0.40000000000000013,15.0,15000.0,1.0000000000000002e-10,7.831254349959088e-25,0.9402750737614135,251556125.2343045,654781.0746414697,1.1619216844687403e-06,0.7608043292056685
0.40000000000000013,16.0,16000.0,1.0000000000000002e-10,7.831254349959088e-25,0.9402750737614135,251556125.2343045,654781.0746414697,8.97556843204193e-07,0.5877032343450467
0.40000000000000013,17.0,17000.0,1.0000000000000002e-10,7.831254349959088e-25,0.9402750737614135,251556125.2343045,654781.0746414697,7.042813816432994e-07,0.46115011992237864
0.40000000000000013,18.0,18000.0,1.0000000000000002e-10,7.831254349959088e-25,0.9402750737614135,251556125.2343045,654781.0746414697,5.603403185130887e-07,0.3669002359209437
0.40000000000000013,19.0,19000.0,1.0000000000000002e-10,7.831254349959088e-25,0.9402750737614135,251556125.2343045,654781.0746414697,4.513645941654068e-07,0.29554499402273593
0.40000000000000013,20.0,20000.0,1.0000000000000002e-10,7.831254349959088e-25,0.9402750737614135,251556125.2343045,654781.0746414697,3.6763928297643747e-07,0.24072324478773113
0.40000000000000013,21.0,21000.0,1.0000000000000002e-10,7.831254349959088e-25,0.9402750737614135,251556125.2343045,654781.0746414697,3.024577479354281e-07,0.1980436092267984
0.40000000000000013,22.0,22000.0,1.0000000000000002e-10,7.831254349959088e-25,0.9402750737614135,251556125.2343045,654781.0746414697,2.5110257699367356e-07,0.16441721520915997
0.40000000000000013,23.0,23000.0,1.0000000000000002e-10,7.831254349959088e-25,0.9402750737614135,251556125.2343045,654781.0746414697,2.1019895324927365e-07,0.13763429649707146
0.40000000000000013,24.0,24000.0,1.0000000000000002e-10,7.831254349959088e-25,0.9402750737614135,251556125.2343045,654781.0746414697,1.77295178904532e-07,0.11608952777186109
0.40000000000000013,25.0,25000.0,1.0000000000000002e-10,7.831254349959088e-25,0.9402750737614135,251556125.2343045,654781.0746414697,1.5058505030714883e-07,0.09860024106505469
0.40000000000000013,26.0,26000.0,1.0000000000000002e-10,7.831254349959088e-25,0.9402750737614135,251556125.2343045,654781.0746414697,1.2872073210897292e-07,0.08428389929895003
0.40000000000000013,27.0,27000.0,1.0000000000000002e-10,7.831254349959088e-25,0.9402750737614135,251556125.2343045,654781.0746414697,1.1068450736061008e-07,0.07247412067574194
0.40000000000000013,28.0,28000.0,1.0000000000000002e-10,7.831254349959088e-25,0.9402750737614135,251556125.2343045,654781.0746414697,9.569952180769406e-08,0.06266223573191669
0.40000000000000013,29.0,29000.0,1.0000000000000002e-10,7.831254349959088e-25,0.9402750737614135,251556125.2343045,654781.0746414697,8.316678275852173e-08,0.05445603538909852
0.40000000000000013,30.0,30000.0,1.0000000000000002e-10,7.831254349959088e-25,0.9402750737614135,251556125.2343045,654781.0746414697,7.262010527929627e-08,0.047550270575354284
0.40000000000000013,31.0,31000.0,1.0000000000000002e-10,7.831254349959088e-25,0.9402750737614135,251556125.2343045,654781.0746414697,6.369350050104978e-08,0.041705298705754366
0.40000000000000013,32.0,32000.0,1.0000000000000002e-10,7.831254349959088e-25,0.9402750737614135,251556125.2343045,654781.0746414697,5.609730270026206e-08,0.03673145214656542
0.40000000000000013,33.0,33000.0,1.0000000000000002e-10,7.831254349959088e-25,0.9402750737614135,251556125.2343045,654781.0746414697,4.960050903578738e-08,0.032477474609216794
0.40000000000000013,34.0,34000.0,1.0000000000000002e-10,7.831254349959088e-25,0.9402750737614135,251556125.2343045,654781.0746414697,4.401758635270621e-08,0.028821882495148665
0.40000000000000013,35.0,35000.0,1.0000000000000002e-10,7.831254349959088e-25,0.9402750737614135,251556125.2343045,654781.0746414697,3.919852413243148e-08,0.025666451755793067
0.40000000000000013,36.0,36000.0,1.0000000000000002e-10,7.831254349959088e-25,0.9402750737614135,251556125.2343045,654781.0746414697,3.5021269907068045e-08,0.02293126474505898
0.40000000000000013,37.0,37000.0,1.0000000000000002e-10,7.831254349959088e-25,0.9402750737614135,251556125.2343045,654781.0746414697,3.138592963797134e-08,0.02055091273697243
0.40000000000000013,38.0,38000.0,1.0000000000000002e-10,7.831254349959088e-25,0.9402750737614135,251556125.2343045,654781.0746414697,2.8210287135337926e-08,0.018471562126420996
0.40000000000000013,39.0,39000.0,1.0000000000000002e-10,7.831254349959088e-25,0.9402750737614135,251556125.2343045,654781.0746414697,2.5426317453624267e-08,0.016648671466459257
0.40000000000000013,40.0,40000.0,1.0000000000000002e-10,7.831254349959088e-25,0.9402750737614135,251556125.2343045,654781.0746414697,2.2977455186027342e-08,0.015045202799233196
0.40000000000000013,41.0,41000.0,1.0000000000000002e-10,7.831254349959088e-25,0.9402750737614135,251556125.2343045,654781.0746414697,2.0816440341638938e-08,0.013630211177108387
0.40000000000000013,42.0,42000.0,1.0000000000000002e-10,7.831254349959088e-25,0.9402750737614135,251556125.2343045,654781.0746414697,1.8903609245964256e-08,0.0123777255766749
0.40000000000000013,43.0,43000.0,1.0000000000000002e-10,7.831254349959088e-25,0.9402750737614135,251556125.2343045,654781.0746414697,1.7205530616210184e-08,0.011265855826658813
0.40000000000000013,44.0,44000.0,1.0000000000000002e-10,7.831254349959088e-25,0.9402750737614135,251556125.2343045,654781.0746414697,1.5693911062104597e-08,0.010276075950572498
0.40000000000000013,45.0,45000.0,1.0000000000000002e-10,7.831254349959088e-25,0.9402750737614135,251556125.2343045,654781.0746414697,1.4344712153935067e-08,0.009392646039576156
0.40000000000000013,46.0,46000.0,1.0000000000000002e-10,7.831254349959088e-25,0.9402750737614135,251556125.2343045,654781.0746414697,1.3137434578079603e-08,0.008602143531066966
0.40000000000000013,47.0,47000.0,1.0000000000000002e-10,7.831254349959088e-25,0.9402750737614135,251556125.2343045,654781.0746414697,1.205453497395219e-08,0.007893081364547597
0.40000000000000013,48.0,48000.0,1.0000000000000002e-10,7.831254349959088e-25,0.9402750737614135,251556125.2343045,654781.0746414697,1.108094868153325e-08,0.007255595485741318
0.40000000000000013,49.0,49000.0,1.0000000000000002e-10,7.831254349959088e-25,0.9402750737614135,251556125.2343045,654781.0746414697,1.020369745221561e-08,0.006681187983078164
0.40000000000000013,50.0,50000.0,1.0000000000000002e-10,7.831254349959088e-25,0.9402750737614135,251556125.2343045,654781.0746414697,9.411565644196802e-09,0.006162515066565918
0.40000000000000013,51.0,51000.0,1.0000000000000002e-10,7.831254349959088e-25,0.9402750737614135,251556125.2343045,654781.0746414697,8.694831872139495e-09,0.005693211357066401
0.40000000000000013,52.0,52000.0,1.0000000000000002e-10,7.831254349959088e-25,0.9402750737614135,251556125.2343045,654781.0746414697,8.045045756810807e-09,0.005267743706184377
0.40000000000000013,53.0,53000.0,1.0000000000000002e-10,7.831254349959088e-25,0.9402750737614135,251556125.2343045,654781.0746414697,7.454841507916946e-09,0.004881289133835693
0.40000000000000013,54.0,54000.0,1.0000000000000002e-10,7.831254349959088e-25,0.9402750737614135,251556125.2343045,654781.0746414697,6.91778171003813e-09,0.004529632542233871
0.40000000000000013,55.0,55000.0,1.0000000000000002e-10,7.831254349959088e-25,0.9402750737614135,251556125.2343045,654781.0746414697,6.428225971038044e-09,0.004209080709354496
0.40000000000000013,56.0,56000.0,1.0000000000000002e-10,7.831254349959088e-25,0.9402750737614135,251556125.2343045,654781.0746414697,5.981220112980879e-09,0.003916389733244793
0.40000000000000013,57.0,57000.0,1.0000000000000002e-10,7.831254349959088e-25,0.9402750737614135,251556125.2343045,654781.0746414697,5.572402397103788e-09,0.00364870362991032
0.40000000000000013,58.0,58000.0,1.0000000000000002e-10,7.831254349959088e-25,0.9402750737614135,251556125.2343045,654781.0746414697,5.197923922407608e-09,0.0034035022118186573
0.40000000000000013,59.0,59000.0,1.0000000000000002e-10,7.831254349959088e-25,0.9402750737614135,251556125.2343045,654781.0746414697,4.8543808570389205e-09,0.003178556714290923
0.40000000000000013,60.0,60000.0,1.0000000000000002e-10,7.831254349959088e-25,0.9402750737614135,251556125.2343045,654781.0746414697,4.538756579956017e-09,0.0029718919109596427
0.40000000000000013,61.0,61000.0,1.0000000000000002e-10,7.831254349959088e-25,0.9402750737614135,251556125.2343045,654781.0746414697,4.248372148447319e-09,0.0027817536808372252
0.40000000000000013,62.0,62000.0,1.0000000000000002e-10,7.831254349959088e-25,0.9402750737614135,251556125.2343045,654781.0746414697,3.980843781315611e-09,0.002606581169109648
0.40000000000000013,63.0,63000.0,1.0000000000000002e-10,7.831254349959088e-25,0.9402750737614135,251556125.2343045,654781.0746414697,3.7340462708077535e-09,0.0024449828299604732
0.40000000000000013,64.0,64000.0,1.0000000000000002e-10,7.831254349959088e-25,0.9402750737614135,251556125.2343045,654781.0746414697,3.506081418766379e-09,0.0022957157591603386
0.40000000000000013,65.0,65000.0,1.0000000000000002e-10,7.831254349959088e-25,0.9402750737614135,251556125.2343045,654781.0746414697,3.2952507419897066e-09,0.0021576678220531207
0.40000000000000013,66.0,66000.0,1.0000000000000002e-10,7.831254349959088e-25,0.9402750737614135,251556125.2343045,654781.0746414697,3.1000318147367113e-09,0.0020298421630760496
0.40000000000000013,67.0,67000.0,1.0000000000000002e-10,7.831254349959088e-25,0.9402750737614135,251556125.2343045,654781.0746414697,2.9190577177433444e-09,0.001911343749364463
0.40000000000000013,68.0,68000.0,1.0000000000000002e-10,7.831254349959088e-25,0.9402750737614135,251556125.2343045,654781.0746414697,2.751099147044138e-09,0.0018013676559467916
0.40000000000000013,69.0,69000.0,1.0000000000000002e-10,7.831254349959088e-25,0.9402750737614135,251556125.2343045,654781.0746414697,2.595048805546589e-09,0.001699188845642858
0.40000000000000013,70.0,70000.0,1.0000000000000002e-10,7.831254349959088e-25,0.9402750737614135,251556125.2343045,654781.0746414697,2.4499077582769673e-09,0.0016041532347370667
0.40000000000000013,71.0,71000.0,1.0000000000000002e-10,7.831254349959088e-25,0.9402750737614135,251556125.2343045,654781.0746414697,2.3147734805985488e-09,0.0015156698671778932
0.40000000000000013,72.0,72000.0,1.0000000000000002e-10,7.831254349959088e-25,0.9402750737614135,251556125.2343045,654781.0746414697,2.1888293691917528e-09,0.0014332040465661862
0.40000000000000013,73.0,73000.0,1.0000000000000002e-10,7.831254349959088e-25,0.9402750737614135,251556125.2343045,654781.0746414697,2.071335519556651e-09,0.001356271297438351
0.40000000000000013,74.0,74000.0,1.0000000000000002e-10,7.831254349959088e-25,0.9402750737614135,251556125.2343045,654781.0746414697,1.9616206023732088e-09,0.0012844320460607768
0.40000000000000013,75.0,75000.0,1.0000000000000002e-10,7.831254349959088e-25,0.9402750737614135,251556125.2343045,654781.0746414697,1.859074695149985e-09,0.00121728692672907
0.40000000000000013,76.0,76000.0,1.0000000000000002e-10,7.831254349959088e-25,0.9402750737614135,251556125.2343045,654781.0746414697,1.7631429459586204e-09,0.0011544726329013122
0.40000000000000013,77.0,77000.0,1.0000000000000002e-10,7.831254349959088e-25,0.9402750737614135,251556125.2343045,654781.0746414697,1.6733199633064454e-09,0.001095658243792819
0.40000000000000013,78.0,78000.0,1.0000000000000002e-10,7.831254349959088e-25,0.9402750737614135,251556125.2343045,654781.0746414697,1.5891448408515167e-09,0.0010405419666537036
0.40000000000000013,79.0,79000.0,1.0000000000000002e-10,7.831254349959088e-25,0.9402750737614135,251556125.2343045,654781.0746414697,1.510196738133356e-09,0.000988848243115001
0.40000000000000013,80.0,80000.0,1.0000000000000002e-10,7.831254349959088e-25,0.9402750737614135,251556125.2343045,654781.0746414697,1.4360909491267089e-09,0.0009403251749520747
0.40000000000000013,81.0,81000.0,1.0000000000000002e-10,7.831254349959088e-25,0.9402750737614135,251556125.2343045,654781.0746414697,1.3664753995137047e-09,0.0008947422305647152
0.40000000000000013,82.0,82000.0,1.0000000000000002e-10,7.831254349959088e-25,0.9402750737614135,251556125.2343045,654781.0746414697,1.3010275213524336e-09,0.0008518881985692742
0.40000000000000013,83.0,83000.0,1.0000000000000002e-10,7.831254349959088e-25,0.9402750737614135,251556125.2343045,654781.0746414697,1.2394514604979387e-09,0.0008115693592707795
0.40000000000000013,84.0,84000.0,1.0000000000000002e-10,7.831254349959088e-25,0.9402750737614135,251556125.2343045,654781.0746414697,1.181475577872766e-09,0.0007736078485421812
0.40000000000000013,85.0,85000.0,1.0000000000000002e-10,7.831254349959088e-25,0.9402750737614135,251556125.2343045,654781.0746414697,1.1268502106292787e-09,0.0007378401918758056
0.40000000000000013,86.0,86000.0,1.0000000000000002e-10,7.831254349959088e-25,0.9402750737614135,251556125.2343045,654781.0746414697,1.0753456635131365e-09,0.0007041159891661758
0.40000000000000013,87.0,87000.0,1.0000000000000002e-10,7.831254349959088e-25,0.9402750737614135,251556125.2343045,654781.0746414697,1.026750404426194e-09,0.0006722967331987469
0.40000000000000013,88.0,88000.0,1.0000000000000002e-10,7.831254349959088e-25,0.9402750737614135,251556125.2343045,654781.0746414697,9.808694413815373e-10,0.0006422547469107811
0.40000000000000013,89.0,89000.0,1.0000000000000002e-10,7.831254349959088e-25,0.9402750737614135,251556125.2343045,654781.0746414697,9.37522860814455e-10,0.000613872226305034
0.40000000000000013,90.0,90000.0,1.0000000000000002e-10,7.831254349959088e-25,0.9402750737614135,251556125.2343045,654781.0746414697,8.965445096209417e-10,0.0005870403774735097
0.40000000000000013,91.0,91000.0,1.0000000000000002e-10,7.831254349959088e-25,0.9402750737614135,251556125.2343045,654781.0746414697,8.577808053909064e-10,0.0005616586375606831
0.40000000000000013,92.0,92000.0,1.0000000000000002e-10,7.831254349959088e-25,0.9402750737614135,251556125.2343045,654781.0746414697,8.210896611299752e-10,0.0005376339706916854
0.40000000000000013,93.0,93000.0,1.0000000000000002e-10,7.831254349959088e-25,0.9402750737614135,251556125.2343045,654781.0746414697,7.863395123586393e-10,0.0005148802309352391
0.40000000000000013,94.0,94000.0,1.0000000000000002e-10,7.831254349959088e-25,0.9402750737614135,251556125.2343045,654781.0746414697,7.534084358720119e-10,0.0004933175852842248
0.40000000000000013,95.0,95000.0,1.0000000000000002e-10,7.831254349959088e-25,0.9402750737614135,251556125.2343045,654781.0746414697,7.221833506646509e-10,0.00047287199043637753
0.40000000000000013,96.0,96000.0,1.0000000000000002e-10,7.831254349959088e-25,0.9402750737614135,251556125.2343045,654781.0746414697,6.925592925958281e-10,0.00045347471785883237
0.40000000000000013,97.0,97000.0,1.0000000000000002e-10,7.831254349959088e-25,0.9402750737614135,251556125.2343045,654781.0746414697,6.644387553111381e-10,0.00043506192223606756
0.40000000000000013,98.0,98000.0,1.0000000000000002e-10,7.831254349959088e-25,0.9402750737614135,251556125.2343045,654781.0746414697,6.377310907634756e-10,0.00041757424894238524
0.40000000000000013,99.0,99000.0,1.0000000000000002e-10,7.831254349959088e-25,0.9402750737614135,251556125.2343045,654781.0746414697,6.123519634047823e-10,0.00040095647665699735
0.40000000000000013,100.0,100000.0,1.0000000000000002e-10,7.831254349959088e-25,0.9402750737614135,251556125.2343045,654781.0746414697,5.882228527623001e-10,0.0003851571916603699
0.45000000000000007,1.0,1000.0,1.0000000000000002e-10,1.2163683862142452e-24,0.930708145537822,161957514.0497785,1139737.888782639,0.057972306156328014,66073.23382647408
0.45000000000000007,2.0,2000.0,1.0000000000000002e-10,1.2163683862142452e-24,0.930708145537822,161957514.0497785,1139737.888782639,0.003623269134770501,4129.57711415463
0.45000000000000007,3.0,3000.0,1.0000000000000002e-10,1.2163683862142452e-24,0.930708145537822,161957514.0497785,1139737.888782639,0.0007157074834114571,815.7189361293098
0.45000000000000007,4.0,4000.0,1.0000000000000002e-10,1.2163683862142452e-24,0.930708145537822,161957514.0497785,1139737.888782639,0.0002264543209231563,258.0985696346644
0.45000000000000007,5.0,5000.0,1.0000000000000002e-10,1.2163683862142452e-24,0.930708145537822,161957514.0497785,1139737.888782639,9.275568985012482e-05,105.71717412235853
0.45000000000000007,6.0,6000.0,1.0000000000000002e-10,1.2163683862142452e-24,0.930708145537822,161957514.0497785,1139737.888782639,4.473171771321607e-05,50.98243350808186
0.45000000000000007,7.0,7000.0,1.0000000000000002e-10,1.2163683862142452e-24,0.930708145537822,161957514.0497785,1139737.888782639,2.4145067120503132e-05,27.519047824437354
0.45000000000000007,8.0,8000.0,1.0000000000000002e-10,1.2163683862142452e-24,0.930708145537822,161957514.0497785,1139737.888782639,1.4153395057697269e-05,16.131160602166524
0.45000000000000007,9.0,9000.0,1.0000000000000002e-10,1.2163683862142452e-24,0.930708145537822,161957514.0497785,1139737.888782639,8.835894856931569e-06,10.070604149744565
0.45000000000000007,10.0,10000.0,1.0000000000000002e-10,1.2163683862142452e-24,0.930708145537822,161957514.0497785,1139737.888782639,5.797230615632801e-06,6.607323382647408
0.45000000000000007,11.0,11000.0,1.0000000000000002e-10,1.2163683862142452e-24,0.930708145537822,161957514.0497785,1139737.888782639,3.959586514331536e-06,4.512890774296433
0.45000000000000007,12.0,12000.0,1.0000000000000002e-10,1.2163683862142452e-24,0.930708145537822,161957514.0497785,1139737.888782639,2.7957323570760044e-06,3.1864020942551163
0.45000000000000007,13.0,13000.0,1.0000000000000002e-10,1.2163683862142452e-24,0.930708145537822,161957514.0497785,1139737.888782639,2.029771582098947e-06,2.313407577692451
0.45000000000000007,14.0,14000.0,1.0000000000000002e-10,1.2163683862142452e-24,0.930708145537822,161957514.0497785,1139737.888782639,1.5090666950314458e-06,1.7199404890273347
0.45000000000000007,15.0,15000.0,1.0000000000000002e-10,1.2163683862142452e-24,0.930708145537822,161957514.0497785,1139737.888782639,1.145131973458331e-06,1.3051502978068952
0.45000000000000007,16.0,16000.0,1.0000000000000002e-10,1.2163683862142452e-24,0.930708145537822,161957514.0497785,1139737.888782639,8.845871911060793e-07,1.0081975376354078
0.45000000000000007,17.0,17000.0,1.0000000000000002e-10,1.2163683862142452e-24,0.930708145537822,161957514.0497785,1139737.888782639,6.941045504283716e-07,0.7910972548996551
0.45000000000000007,18.0,18000.0,1.0000000000000002e-10,1.2163683862142452e-24,0.930708145537822,161957514.0497785,1139737.888782639,5.522434285582231e-07,0.6294127593590353
0.45000000000000007,19.0,19000.0,1.0000000000000002e-10,1.2163683862142452e-24,0.930708145537822,161957514.0497785,1139737.888782639,4.44842398050414e-07,0.5070037355949852
0.45000000000000007,20.0,20000.0,1.0000000000000002e-10,1.2163683862142452e-24,0.930708145537822,161957514.0497785,1139737.888782639,3.623269134770501e-07,0.412957711415463
0.45000000000000007,21.0,21000.0,1.0000000000000002e-10,1.2163683862142452e-24,0.930708145537822,161957514.0497785,1139737.888782639,2.9808724840127314e-07,0.33974133116589317
0.45000000000000007,22.0,22000.0,1.0000000000000002e-10,1.2163683862142452e-24,0.930708145537822,161957514.0497785,1139737.888782639,2.47474157145721e-07,0.28205567339352705
0.45000000000000007,23.0,23000.0,1.0000000000000002e-10,1.2163683862142452e-24,0.930708145537822,161957514.0497785,1139737.888782639,2.0716158874620948e-07,0.2361099117944621
0.45000000000000007,24.0,24000.0,1.0000000000000002e-10,1.2163683862142452e-24,0.930708145537822,161957514.0497785,1139737.888782639,1.7473327231725028e-07,0.19915013089094477
0.45000000000000007,25.0,25000.0,1.0000000000000002e-10,1.2163683862142452e-24,0.930708145537822,161957514.0497785,1139737.888782639,1.4840910376019975e-07,0.1691474785957737
0.45000000000000007,26.0,26000.0,1.0000000000000002e-10,1.2163683862142452e-24,0.930708145537822,161957514.0497785,1139737.888782639,1.268607238811842e-07,0.1445879736057782
0.45000000000000007,27.0,27000.0,1.0000000000000002e-10,1.2163683862142452e-24,0.930708145537822,161957514.0497785,1139737.888782639,1.0908512169051315e-07,0.12432844629314271
0.45000000000000007,28.0,28000.0,1.0000000000000002e-10,1.2163683862142452e-24,0.930708145537822,161957514.0497785,1139737.888782639,9.431666843946536e-08,0.10749628056420842
0.45000000000000007,29.0,29000.0,1.0000000000000002e-10,1.2163683862142452e-24,0.930708145537822,161957514.0497785,1139737.888782639,8.1965026851178e-08,0.09341864665737394
0.45000000000000007,30.0,30000.0,1.0000000000000002e-10,1.2163683862142452e-24,0.930708145537822,161957514.0497785,1139737.888782639,7.157074834114568e-08,0.08157189361293095
0.45000000000000007,31.0,31000.0,1.0000000000000002e-10,1.2163683862142452e-24,0.930708145537822,161957514.0497785,1139737.888782639,6.277313256149889e-08,0.07154491757791548
0.45000000000000007,32.0,32000.0,1.0000000000000002e-10,1.2163683862142452e-24,0.930708145537822,161957514.0497785,1139737.888782639,5.528669944412996e-08,0.06301234610221298
0.45000000000000007,33.0,33000.0,1.0000000000000002e-10,1.2163683862142452e-24,0.930708145537822,161957514.0497785,1139737.888782639,4.8883784127549834e-08,0.05571470091723993
0.45000000000000007,34.0,34000.0,1.0000000000000002e-10,1.2163683862142452e-24,0.930708145537822,161957514.0497785,1139737.888782639,4.3381534401773225e-08,0.049443578431228444
0.45000000000000007,35.0,35000.0,1.0000000000000002e-10,1.2163683862142452e-24,0.930708145537822,161957514.0497785,1139737.888782639,3.8632107392805e-08,0.044030476519099755
0.45000000000000007,36.0,36000.0,1.0000000000000002e-10,1.2163683862142452e-24,0.930708145537822,161957514.0497785,1139737.888782639,3.451521428488894e-08,0.039338297459939706
0.45000000000000007,37.0,37000.0,1.0000000000000002e-10,1.2163683862142452e-24,0.930708145537822,161957514.0497785,1139737.888782639,3.0932404503310026e-08,0.03525483340357317
0.45000000000000007,38.0,38000.0,1.0000000000000002e-10,1.2163683862142452e-24,0.930708145537822,161957514.0497785,1139737.888782639,2.7802649878150875e-08,0.03168773347468658
0.45000000000000007,39.0,39000.0,1.0000000000000002e-10,1.2163683862142452e-24,0.930708145537822,161957514.0497785,1139737.888782639,2.5058908420974644e-08,0.028560587378919134
0.45000000000000007,40.0,40000.0,1.0000000000000002e-10,1.2163683862142452e-24,0.930708145537822,161957514.0497785,1139737.888782639,2.264543209231563e-08,0.025809856963466438
0.45000000000000007,41.0,41000.0,1.0000000000000002e-10,1.2163683862142452e-24,0.930708145537822,161957514.0497785,1139737.888782639,2.0515643805802403e-08,0.02338245655824186
0.45000000000000007,42.0,42000.0,1.0000000000000002e-10,1.2163683862142452e-24,0.930708145537822,161957514.0497785,1139737.888782639,1.863045302507957e-08,0.021233833197868323
0.45000000000000007,43.0,43000.0,1.0000000000000002e-10,1.2163683862142452e-24,0.930708145537822,161957514.0497785,1139737.888782639,1.6956911547740862e-08,0.019326434567696123
0.45000000000000007,44.0,44000.0,1.0000000000000002e-10,1.2163683862142452e-24,0.930708145537822,161957514.0497785,1139737.888782639,1.546713482160756e-08,0.01762847958709544
0.45000000000000007,45.0,45000.0,1.0000000000000002e-10,1.2163683862142452e-24,0.930708145537822,161957514.0497785,1139737.888782639,1.4137431771090506e-08,0.0161129666395913
0.45000000000000007,46.0,46000.0,1.0000000000000002e-10,1.2163683862142452e-24,0.930708145537822,161957514.0497785,1139737.888782639,1.2947599296638092e-08,0.014756869487153882
0.45000000000000007,47.0,47000.0,1.0000000000000002e-10,1.2163683862142452e-24,0.930708145537822,161957514.0497785,1139737.888782639,1.188034753835917e-08,0.013540482221373504
0.45000000000000007,48.0,48000.0,1.0000000000000002e-10,1.2163683862142452e-24,0.930708145537822,161957514.0497785,1139737.888782639,1.0920829519828142e-08,0.012446883180684048
0.45000000000000007,49.0,49000.0,1.0000000000000002e-10,1.2163683862142452e-24,0.930708145537822,161957514.0497785,1139737.888782639,1.005625452748985e-08,0.011461494304222136
0.45000000000000007,50.0,50000.0,1.0000000000000002e-10,1.2163683862142452e-24,0.930708145537822,161957514.0497785,1139737.888782639,9.275568985012485e-09,0.010571717412235856
0.45000000000000007,51.0,51000.0,1.0000000000000002e-10,1.2163683862142452e-24,0.930708145537822,161957514.0497785,1139737.888782639,8.569191980597177e-09,0.009766632776538949
0.45000000000000007,52.0,52000.0,1.0000000000000002e-10,1.2163683862142452e-24,0.930708145537822,161957514.0497785,1139737.888782639,7.928795242574012e-09,0.009036748350361137
0.45000000000000007,53.0,53000.0,1.0000000000000002e-10,1.2163683862142452e-24,0.930708145537822,161957514.0497785,1139737.888782639,7.347119415955508e-09,0.008373790371775066
0.45000000000000007,54.0,54000.0,1.0000000000000002e-10,1.2163683862142452e-24,0.930708145537822,161957514.0497785,1139737.888782639,6.817820105657072e-09,0.00777052789332142
0.45000000000000007,55.0,55000.0,1.0000000000000002e-10,1.2163683862142452e-24,0.930708145537822,161957514.0497785,1139737.888782639,6.335338422930458e-09,0.007220625238874294
0.45000000000000007,56.0,56000.0,1.0000000000000002e-10,1.2163683862142452e-24,0.930708145537822,161957514.0497785,1139737.888782639,5.894791777466585e-09,0.006718517535263026
0.45000000000000007,57.0,57000.0,1.0000000000000002e-10,1.2163683862142452e-24,0.930708145537822,161957514.0497785,1139737.888782639,5.491881457412518e-09,0.006259305377715867
0.45000000000000007,58.0,58000.0,1.0000000000000002e-10,1.2163683862142452e-24,0.930708145537822,161957514.0497785,1139737.888782639,5.122814178198625e-09,0.005838665416085871
0.45000000000000007,59.0,59000.0,1.0000000000000002e-10,1.2163683862142452e-24,0.930708145537822,161957514.0497785,1139737.888782639,4.784235293173819e-09,0.0054527742324813186
0.45000000000000007,60.0,60000.0,1.0000000000000002e-10,1.2163683862142452e-24,0.930708145537822,161957514.0497785,1139737.888782639,4.473171771321605e-09,0.005098243350808184
0.45000000000000007,61.0,61000.0,1.0000000000000002e-10,1.2163683862142452e-24,0.930708145537822,161957514.0497785,1139737.888782639,4.186983380520403e-09,0.004772063598482321
0.45000000000000007,62.0,62000.0,1.0000000000000002e-10,1.2163683862142452e-24,0.930708145537822,161957514.0497785,1139737.888782639,3.92332078509368e-09,0.004471557348619717
0.45000000000000007,63.0,63000.0,1.0000000000000002e-10,1.2163683862142452e-24,0.930708145537822,161957514.0497785,1139737.888782639,3.680089486435471e-09,0.00419433742180115
0.45000000000000007,64.0,64000.0,1.0000000000000002e-10,1.2163683862142452e-24,0.930708145537822,161957514.0497785,1139737.888782639,3.4554187152581223e-09,0.0039382716313883116
0.45000000000000007,65.0,65000.0,1.0000000000000002e-10,1.2163683862142452e-24,0.930708145537822,161957514.0497785,1139737.888782639,3.2476345313583154e-09,0.0037014521243079216
0.45000000000000007,66.0,66000.0,1.0000000000000002e-10,1.2163683862142452e-24,0.930708145537822,161957514.0497785,1139737.888782639,3.0552365079718647e-09,0.0034821688073274955
0.45000000000000007,67.0,67000.0,1.0000000000000002e-10,1.2163683862142452e-24,0.930708145537822,161957514.0497785,1139737.888782639,2.876877477750642e-09,0.0032788862627778402
0.45000000000000007,68.0,68000.0,1.0000000000000002e-10,1.2163683862142452e-24,0.930708145537822,161957514.0497785,1139737.888782639,2.7113459001108266e-09,0.0030902236519517777
0.45000000000000007,69.0,69000.0,1.0000000000000002e-10,1.2163683862142452e-24,0.930708145537822,161957514.0497785,1139737.888782639,2.5575504783482657e-09,0.002914937182647681
0.45000000000000007,70.0,70000.0,1.0000000000000002e-10,1.2163683862142452e-24,0.930708145537822,161957514.0497785,1139737.888782639,2.4145067120503125e-09,0.0027519047824437347
0.45000000000000007,71.0,71000.0,1.0000000000000002e-10,1.2163683862142452e-24,0.930708145537822,161957514.0497785,1139737.888782639,2.2813251180167114e-09,0.0026001126736351714
0.45000000000000007,72.0,72000.0,1.0000000000000002e-10,1.2163683862142452e-24,0.930708145537822,161957514.0497785,1139737.888782639,2.157200892805559e-09,0.0024586435912462316
0.45000000000000007,73.0,73000.0,1.0000000000000002e-10,1.2163683862142452e-24,0.930708145537822,161957514.0497785,1139737.888782639,2.0414048235004414e-09,0.002326666423687089
0.45000000000000007,74.0,74000.0,1.0000000000000002e-10,1.2163683862142452e-24,0.930708145537822,161957514.0497785,1139737.888782639,1.9332752814568766e-09,0.002203427087723323
0.45000000000000007,75.0,75000.0,1.0000000000000002e-10,1.2163683862142452e-24,0.930708145537822,161957514.0497785,1139737.888782639,1.8322111575333299e-09,0.0020882404764910327
0.45000000000000007,76.0,76000.0,1.0000000000000002e-10,1.2163683862142452e-24,0.930708145537822,161957514.0497785,1139737.888782639,1.7376656173844297e-09,0.001980483342167911
0.45000000000000007,77.0,77000.0,1.0000000000000002e-10,1.2163683862142452e-24,0.930708145537822,161957514.0497785,1139737.888782639,1.6491405723996394e-09,0.0018795879942925578
0.45000000000000007,78.0,78000.0,1.0000000000000002e-10,1.2163683862142452e-24,0.930708145537822,161957514.0497785,1139737.888782639,1.5661817763109152e-09,0.0017850367111824459
0.45000000000000007,79.0,79000.0,1.0000000000000002e-10,1.2163683862142452e-24,0.930708145537822,161957514.0497785,1139737.888782639,1.4883744697816681e-09,0.0016963567759069383
0.45000000000000007,80.0,80000.0,1.0000000000000002e-10,1.2163683862142452e-24,0.930708145537822,161957514.0497785,1139737.888782639,1.4153395057697269e-09,0.0016131160602166524
0.45000000000000007,81.0,81000.0,1.0000000000000002e-10,1.2163683862142452e-24,0.930708145537822,161957514.0497785,1139737.888782639,1.3467298974137426e-09,0.0015349190900387992
0.45000000000000007,82.0,82000.0,1.0000000000000002e-10,1.2163683862142452e-24,0.930708145537822,161957514.0497785,1139737.888782639,1.2822277378626502e-09,0.0014614035348901161
0.45000000000000007,83.0,83000.0,1.0000000000000002e-10,1.2163683862142452e-24,0.930708145537822,161957514.0497785,1139737.888782639,1.2215414480492897e-09,0.0013922370710601852
0.45000000000000007,84.0,84000.0,1.0000000000000002e-10,1.2163683862142452e-24,0.930708145537822,161957514.0497785,1139737.888782639,1.1644033140674732e-09,0.0013271145748667702
0.45000000000000007,85.0,85000.0,1.0000000000000002e-10,1.2163683862142452e-24,0.930708145537822,161957514.0497785,1139737.888782639,1.1105672806853943e-09,0.0012657556078394477
0.45000000000000007,86.0,86000.0,1.0000000000000002e-10,1.2163683862142452e-24,0.930708145537822,161957514.0497785,1139737.888782639,1.0598069717338039e-09,0.0012079021604810077
0.45000000000000007,87.0,87000.0,1.0000000000000002e-10,1.2163683862142452e-24,0.930708145537822,161957514.0497785,1139737.888782639,1.011913911742938e-09,0.0011533166253996777
0.45000000000000007,88.0,88000.0,1.0000000000000002e-10,1.2163683862142452e-24,0.930708145537822,161957514.0497785,1139737.888782639,9.666959263504726e-10,0.001101779974193465
0.45000000000000007,89.0,89000.0,1.0000000000000002e-10,1.2163683862142452e-24,0.930708145537822,161957514.0497785,1139737.888782639,9.239757017338289e-10,0.0010530901155805716
0.45000000000000007,90.0,90000.0,1.0000000000000002e-10,1.2163683862142452e-24,0.930708145537822,161957514.0497785,1139737.888782639,8.835894856931566e-10,0.0010070604149744562
0.45000000000000007,91.0,91000.0,1.0000000000000002e-10,1.2163683862142452e-24,0.930708145537822,161957514.0497785,1139737.888782639,8.453859150766124e-10,0.0009635183580559976
0.45000000000000007,92.0,92000.0,1.0000000000000002e-10,1.2163683862142452e-24,0.930708145537822,161957514.0497785,1139737.888782639,8.092249560398808e-10,0.0009223043429471176
0.45000000000000007,93.0,93000.0,1.0000000000000002e-10,1.2163683862142452e-24,0.930708145537822,161957514.0497785,1139737.888782639,7.7497694520369e-10,0.0008832705873816726
0.45000000000000007,94.0,94000.0,1.0000000000000002e-10,1.2163683862142452e-24,0.930708145537822,161957514.0497785,1139737.888782639,7.425217211474481e-10,0.000846280138835844
0.45000000000000007,95.0,95000.0,1.0000000000000002e-10,1.2163683862142452e-24,0.930708145537822,161957514.0497785,1139737.888782639,7.117478368806624e-10,0.0008112059769519763
0.45000000000000007,96.0,96000.0,1.0000000000000002e-10,1.2163683862142452e-24,0.930708145537822,161957514.0497785,1139737.888782639,6.825518449892589e-10,0.000777930198792753
0.45000000000000007,97.0,97000.0,1.0000000000000002e-10,1.2163683862142452e-24,0.930708145537822,161957514.0497785,1139737.888782639,6.548376480808423e-10,0.000746343278519048
0.45000000000000007,98.0,98000.0,1.0000000000000002e-10,1.2163683862142452e-24,0.930708145537822,161957514.0497785,1139737.888782639,6.285159079681156e-10,0.0007163433940138835
0.45000000000000007,99.0,99000.0,1.0000000000000002e-10,1.2163683862142452e-24,0.930708145537822,161957514.0497785,1139737.888782639,6.035035077475286e-10,0.0006878358137930854
0.45000000000000007,100.0,100000.0,1.0000000000000002e-10,1.2163683862142452e-24,0.930708145537822,161957514.0497785,1139737.888782639,5.797230615632803e-10,0.000660732338264741
0.5000000000000001,1.0,1000.0,1.0000000000000002e-10,1.7955806540182054e-24,0.9205071201416326,109713812.94354412,1861367.666824196,0.05712232703642602,106325.652599361
0.5000000000000001,2.0,2000.0,1.0000000000000002e-10,1.7955806540182054e-24,0.9205071201416326,109713812.94354412,1861367.666824196,0.0035701454397766264,6645.353287460062
0.5000000000000001,3.0,3000.0,1.0000000000000002e-10,1.7955806540182054e-24,0.9205071201416326,109713812.94354412,1861367.666824196,0.000705213914029951,1312.662377769889
0.5000000000000001,4.0,4000.0,1.0000000000000002e-10,1.7955806540182054e-24,0.9205071201416326,109713812.94354412,1861367.666824196,0.00022313408998603915,415.3345804662539
0.5000000000000001,5.0,5000.0,1.0000000000000002e-10,1.7955806540182054e-24,0.9205071201416326,109713812.94354412,1861367.666824196,9.139572325828164e-05,170.12104415897758
0.5000000000000001,6.0,6000.0,1.0000000000000002e-10,1.7955806540182054e-24,0.9205071201416326,109713812.94354412,1861367.666824196,4.407586962687194e-05,82.04139861061806
0.5000000000000001,7.0,7000.0,1.0000000000000002e-10,1.7955806540182054e-24,0.9205071201416326,109713812.94354412,1861367.666824196,2.3791056658236577e-05,44.28390362322407
0.5000000000000001,8.0,8000.0,1.0000000000000002e-10,1.7955806540182054e-24,0.9205071201416326,109713812.94354412,1861367.666824196,1.3945880624127447e-05,25.95841127914087
0.5000000000000001,9.0,9000.0,1.0000000000000002e-10,1.7955806540182054e-24,0.9205071201416326,109713812.94354412,1861367.666824196,8.706344617653715e-06,16.205708367529493
0.5000000000000001,10.0,10000.0,1.0000000000000002e-10,1.7955806540182054e-24,0.9205071201416326,109713812.94354412,1861367.666824196,5.712232703642602e-06,10.632565259936099
0.5000000000000001,11.0,11000.0,1.0000000000000002e-10,1.7955806540182054e-24,0.9205071201416326,109713812.94354412,1861367.666824196,3.9015317967642935e-06,7.262185137583566
0.5000000000000001,12.0,12000.0,1.0000000000000002e-10,1.7955806540182054e-24,0.9205071201416326,109713812.94354412,1861367.666824196,2.754741851679496e-06,5.127587413163629
0.5000000000000001,13.0,13000.0,1.0000000000000002e-10,1.7955806540182054e-24,0.9205071201416326,109713812.94354412,1861367.666824196,2.000011450454327e-06,3.722756647153847
0.5000000000000001,14.0,14000.0,1.0000000000000002e-10,1.7955806540182054e-24,0.9205071201416326,109713812.94354412,1861367.666824196,1.486941041139786e-06,2.7677439764515044
0.5000000000000001,15.0,15000.0,1.0000000000000002e-10,1.7955806540182054e-24,0.9205071201416326,109713812.94354412,1861367.666824196,1.1283422624479212e-06,2.100259804431822
0.5000000000000001,16.0,16000.0,1.0000000000000002e-10,1.7955806540182054e-24,0.9205071201416326,109713812.94354412,1861367.666824196,8.716175390079654e-07,1.6224007049463043
0.5000000000000001,17.0,17000.0,1.0000000000000002e-10,1.7955806540182054e-24,0.9205071201416326,109713812.94354412,1861367.666824196,6.839277192134437e-07,1.2730409429887215
0.5000000000000001,18.0,18000.0,1.0000000000000002e-10,1.7955806540182054e-24,0.9205071201416326,109713812.94354412,1861367.666824196,5.441465386033572e-07,1.0128567729705933
0.5000000000000001,19.0,19000.0,1.0000000000000002e-10,1.7955806540182054e-24,0.9205071201416326,109713812.94354412,1861367.666824196,4.3832020193542106e-07,0.8158750515984451
0.5000000000000001,20.0,20000.0,1.0000000000000002e-10,1.7955806540182054e-24,0.9205071201416326,109713812.94354412,1861367.666824196,3.5701454397766264e-07,0.6645353287460062
0.5000000000000001,21.0,21000.0,1.0000000000000002e-10,1.7955806540182054e-24,0.9205071201416326,109713812.94354412,1861367.666824196,2.937167488671182e-07,0.5467148595459761
0.5000000000000001,22.0,22000.0,1.0000000000000002e-10,1.7955806540182054e-24,0.9205071201416326,109713812.94354412,1861367.666824196,2.4384573729776834e-07,0.4538865710989729
0.5000000000000001,23.0,23000.0,1.0000000000000002e-10,1.7955806540182054e-24,0.9205071201416326,109713812.94354412,1861367.666824196,2.0412422424314525e-07,0.3799502310217623
0.5000000000000001,24.0,24000.0,1.0000000000000002e-10,1.7955806540182054e-24,0.9205071201416326,109713812.94354412,1861367.666824196,1.721713657299685e-07,0.3204742133227268
0.5000000000000001,25.0,25000.0,1.0000000000000002e-10,1.7955806540182054e-24,0.9205071201416326,109713812.94354412,1861367.666824196,1.4623315721325065e-07,0.27219367065436423
0.5000000000000001,26.0,26000.0,1.0000000000000002e-10,1.7955806540182054e-24,0.9205071201416326,109713812.94354412,1861367.666824196,1.2500071565339544e-07,0.23267229044711543
0.5000000000000001,27.0,27000.0,1.0000000000000002e-10,1.7955806540182054e-24,0.9205071201416326,109713812.94354412,1861367.666824196,1.074857360204162e-07,0.20007047367320355
0.5000000000000001,28.0,28000.0,1.0000000000000002e-10,1.7955806540182054e-24,0.9205071201416326,109713812.94354412,1861367.666824196,9.293381507123663e-08,0.17298399852821902
0.5000000000000001,29.0,29000.0,1.0000000000000002e-10,1.7955806540182054e-24,0.9205071201416326,109713812.94354412,1861367.666824196,8.076327094383425e-08,0.15033014120181515
0.5000000000000001,30.0,30000.0,1.0000000000000002e-10,1.7955806540182054e-24,0.9205071201416326,109713812.94354412,1861367.666824196,7.052139140299508e-08,0.13126623777698887
0.5000000000000001,31.0,31000.0,1.0000000000000002e-10,1.7955806540182054e-24,0.9205071201416326,109713812.94354412,1861367.666824196,6.185276462194798e-08,0.11513073617098149
0.5000000000000001,32.0,32000.0,1.0000000000000002e-10,1.7955806540182054e-24,0.9205071201416326,109713812.94354412,1861367.666824196,5.447609618799784e-08,0.10140004405914402
0.5000000000000001,33.0,33000.0,1.0000000000000002e-10,1.7955806540182054e-24,0.9205071201416326,109713812.94354412,1861367.666824196,4.8167059219312275e-08,0.08965660663683417
0.5000000000000001,34.0,34000.0,1.0000000000000002e-10,1.7955806540182054e-24,0.9205071201416326,109713812.94354412,1861367.666824196,4.274548245084023e-08,0.0795650589367951
0.5000000000000001,35.0,35000.0,1.0000000000000002e-10,1.7955806540182054e-24,0.9205071201416326,109713812.94354412,1861367.666824196,3.806569065317852e-08,0.0708542457971585
0.5000000000000001,36.0,36000.0,1.0000000000000002e-10,1.7955806540182054e-24,0.9205071201416326,109713812.94354412,1861367.666824196,3.4009158662709824e-08,0.06330354831066208
0.5000000000000001,37.0,37000.0,1.0000000000000002e-10,1.7955806540182054e-24,0.9205071201416326,109713812.94354412,1861367.666824196,3.047887936864871e-08,0.05673240057783778
0.5000000000000001,38.0,38000.0,1.0000000000000002e-10,1.7955806540182054e-24,0.9205071201416326,109713812.94354412,1861367.666824196,2.7395012620963816e-08,0.05099219072490282
0.5000000000000001,39.0,39000.0,1.0000000000000002e-10,1.7955806540182054e-24,0.9205071201416326,109713812.94354412,1861367.666824196,2.4691499388325014e-08,0.045959958606837596
0.5000000000000001,40.0,40000.0,1.0000000000000002e-10,1.7955806540182054e-24,0.9205071201416326,109713812.94354412,1861367.666824196,2.2313408998603915e-08,0.041533458046625386
0.5000000000000001,41.0,41000.0,1.0000000000000002e-10,1.7955806540182054e-24,0.9205071201416326,109713812.94354412,1861367.666824196,2.0214847269965868e-08,0.03762726309810384
0.5000000000000001,42.0,42000.0,1.0000000000000002e-10,1.7955806540182054e-24,0.9205071201416326,109713812.94354412,1861367.666824196,1.8357296804194887e-08,0.034169678721623506
0.5000000000000001,43.0,43000.0,1.0000000000000002e-10,1.7955806540182054e-24,0.9205071201416326,109713812.94354412,1861367.666824196,1.670829247927154e-08,0.03110027538875793
0.5000000000000001,44.0,44000.0,1.0000000000000002e-10,1.7955806540182054e-24,0.9205071201416326,109713812.94354412,1861367.666824196,1.524035858111052e-08,0.028367910693685806
0.5000000000000001,45.0,45000.0,1.0000000000000002e-10,1.7955806540182054e-24,0.9205071201416326,109713812.94354412,1861367.666824196,1.3930151388245942e-08,0.025929133388047185
0.5000000000000001,46.0,46000.0,1.0000000000000002e-10,1.7955806540182054e-24,0.9205071201416326,109713812.94354412,1861367.666824196,1.2757764015196578e-08,0.023746889438860143
0.5000000000000001,47.0,47000.0,1.0000000000000002e-10,1.7955806540182054e-24,0.9205071201416326,109713812.94354412,1861367.666824196,1.1706160102766149e-08,0.021789467917956315
0.5000000000000001,48.0,48000.0,1.0000000000000002e-10,1.7955806540182054e-24,0.9205071201416326,109713812.94354412,1861367.666824196,1.0760710358123032e-08,0.020029638332670425
0.5000000000000001,49.0,49000.0,1.0000000000000002e-10,1.7955806540182054e-24,0.9205071201416326,109713812.94354412,1861367.666824196,9.90881160276409e-09,0.018443941534037514
0.5000000000000001,50.0,50000.0,1.0000000000000002e-10,1.7955806540182054e-24,0.9205071201416326,109713812.94354412,1861367.666824196,9.139572325828166e-09,0.017012104415897764
0.5000000000000001,51.0,51000.0,1.0000000000000002e-10,1.7955806540182054e-24,0.9205071201416326,109713812.94354412,1861367.666824196,8.443552089054858e-09,0.015716554851712607
0.5000000000000001,52.0,52000.0,1.0000000000000002e-10,1.7955806540182054e-24,0.9205071201416326,109713812.94354412,1861367.666824196,7.812544728337215e-09,0.014542018152944714
0.5000000000000001,53.0,53000.0,1.0000000000000002e-10,1.7955806540182054e-24,0.9205071201416326,109713812.94354412,1861367.666824196,7.239397323994068e-09,0.013475180106176167
0.5000000000000001,54.0,54000.0,1.0000000000000002e-10,1.7955806540182054e-24,0.9205071201416326,109713812.94354412,1861367.666824196,6.717858501276013e-09,0.012504404604575222
0.5000000000000001,55.0,55000.0,1.0000000000000002e-10,1.7955806540182054e-24,0.9205071201416326,109713812.94354412,1861367.666824196,6.242450874822871e-09,0.011619496220133708
0.5000000000000001,56.0,56000.0,1.0000000000000002e-10,1.7955806540182054e-24,0.9205071201416326,109713812.94354412,1861367.666824196,5.808363441952289e-09,0.010811499908013689
0.5000000000000001,57.0,57000.0,1.0000000000000002e-10,1.7955806540182054e-24,0.9205071201416326,109713812.94354412,1861367.666824196,5.411360517721248e-09,0.010072531501215372
0.5000000000000001,58.0,58000.0,1.0000000000000002e-10,1.7955806540182054e-24,0.9205071201416326,109713812.94354412,1861367.666824196,5.0477044339896405e-09,0.009395633825113447
0.5000000000000001,59.0,59000.0,1.0000000000000002e-10,1.7955806540182054e-24,0.9205071201416326,109713812.94354412,1861367.666824196,4.714089729308718e-09,0.008774654200643274
0.5000000000000001,60.0,60000.0,1.0000000000000002e-10,1.7955806540182054e-24,0.9205071201416326,109713812.94354412,1861367.666824196,4.407586962687192e-09,0.008204139861061804
0.5000000000000001,61.0,61000.0,1.0000000000000002e-10,1.7955806540182054e-24,0.9205071201416326,109713812.94354412,1861367.666824196,4.1255946125934855e-09,0.0076792484183056085
0.5000000000000001,62.0,62000.0,1.0000000000000002e-10,1.7955806540182054e-24,0.9205071201416326,109713812.94354412,1861367.666824196,3.865797788871749e-09,0.007195671010686343
0.5000000000000001,63.0,63000.0,1.0000000000000002e-10,1.7955806540182054e-24,0.9205071201416326,109713812.94354412,1861367.666824196,3.6261327020631876e-09,0.006749566167234273
0.5000000000000001,64.0,64000.0,1.0000000000000002e-10,1.7955806540182054e-24,0.9205071201416326,109713812.94354412,1861367.666824196,3.404756011749865e-09,0.006337502753696501
0.5000000000000001,65.0,65000.0,1.0000000000000002e-10,1.7955806540182054e-24,0.9205071201416326,109713812.94354412,1861367.666824196,3.2000183207269233e-09,0.0059564106354461546
0.5000000000000001,66.0,66000.0,1.0000000000000002e-10,1.7955806540182054e-24,0.9205071201416326,109713812.94354412,1861367.666824196,3.010441201207017e-09,0.0056035379148021355
0.5000000000000001,67.0,67000.0,1.0000000000000002e-10,1.7955806540182054e-24,0.9205071201416326,109713812.94354412,1861367.666824196,2.834697237757939e-09,0.005276413783598489
0.5000000000000001,68.0,68000.0,1.0000000000000002e-10,1.7955806540182054e-24,0.9205071201416326,109713812.94354412,1861367.666824196,2.6715926531775145e-09,0.004972816183549693
0.5000000000000001,69.0,69000.0,1.0000000000000002e-10,1.7955806540182054e-24,0.9205071201416326,109713812.94354412,1861367.666824196,2.5200521511499424e-09,0.004690743592861264
0.5000000000000001,70.0,70000.0,1.0000000000000002e-10,1.7955806540182054e-24,0.9205071201416326,109713812.94354412,1861367.666824196,2.3791056658236573e-09,0.004428390362322406
0.5000000000000001,71.0,71000.0,1.0000000000000002e-10,1.7955806540182054e-24,0.9205071201416326,109713812.94354412,1861367.666824196,2.247876755434874e-09,0.0041841251115721555
0.5000000000000001,72.0,72000.0,1.0000000000000002e-10,1.7955806540182054e-24,0.9205071201416326,109713812.94354412,1861367.666824196,2.125572416419364e-09,0.00395647176941638
0.5000000000000001,73.0,73000.0,1.0000000000000002e-10,1.7955806540182054e-24,0.9205071201416326,109713812.94354412,1861367.666824196,2.011474127444232e-09,0.0037440929034781053
0.5000000000000001,74.0,74000.0,1.0000000000000002e-10,1.7955806540182054e-24,0.9205071201416326,109713812.94354412,1861367.666824196,1.9049299605405445e-09,0.0035457750361148612
0.5000000000000001,75.0,75000.0,1.0000000000000002e-10,1.7955806540182054e-24,0.9205071201416326,109713812.94354412,1861367.666824196,1.8053476199166743e-09,0.0033604156870909153
0.5000000000000001,76.0,76000.0,1.0000000000000002e-10,1.7955806540182054e-24,0.9205071201416326,109713812.94354412,1861367.666824196,1.7121882888102385e-09,0.003187011920306426
0.5000000000000001,77.0,77000.0,1.0000000000000002e-10,1.7955806540182054e-24,0.9205071201416326,109713812.94354412,1861367.666824196,1.624961181492833e-09,0.003024650203075203
0.5000000000000001,78.0,78000.0,1.0000000000000002e-10,1.7955806540182054e-24,0.9205071201416326,109713812.94354412,1861367.666824196,1.5432187117703134e-09,0.0028724974129273498
0.5000000000000001,79.0,79000.0,1.0000000000000002e-10,1.7955806540182054e-24,0.9205071201416326,109713812.94354412,1861367.666824196,1.46655220142998e-09,0.00272979284945161
0.5000000000000001,80.0,80000.0,1.0000000000000002e-10,1.7955806540182054e-24,0.9205071201416326,109713812.94354412,1861367.666824196,1.3945880624127447e-09,0.0025958411279140866
0.5000000000000001,81.0,81000.0,1.0000000000000002e-10,1.7955806540182054e-24,0.9205071201416326,109713812.94354412,1861367.666824196,1.3269843953137804e-09,0.002470005847817328
0.5000000000000001,82.0,82000.0,1.0000000000000002e-10,1.7955806540182054e-24,0.9205071201416326,109713812.94354412,1861367.666824196,1.2634279543728668e-09,0.00235170394363149
0.5000000000000001,83.0,83000.0,1.0000000000000002e-10,1.7955806540182054e-24,0.9205071201416326,109713812.94354412,1861367.666824196,1.2036314356006404e-09,0.0022404006370002217
0.5000000000000001,84.0,84000.0,1.0000000000000002e-10,1.7955806540182054e-24,0.9205071201416326,109713812.94354412,1861367.666824196,1.1473310502621804e-09,0.002135604920101469
0.5000000000000001,85.0,85000.0,1.0000000000000002e-10,1.7955806540182054e-24,0.9205071201416326,109713812.94354412,1861367.666824196,1.0942843507415097e-09,0.002036865508781954
0.5000000000000001,86.0,86000.0,1.0000000000000002e-10,1.7955806540182054e-24,0.9205071201416326,109713812.94354412,1861367.666824196,1.0442682799544713e-09,0.0019437672117973705
0.5000000000000001,87.0,87000.0,1.0000000000000002e-10,1.7955806540182054e-24,0.9205071201416326,109713812.94354412,1861367.666824196,9.970774190596819e-10,0.001855927669158211
0.5000000000000001,88.0,88000.0,1.0000000000000002e-10,1.7955806540182054e-24,0.9205071201416326,109713812.94354412,1861367.666824196,9.525224113194076e-10,0.001772994418355363
0.5000000000000001,89.0,89000.0,1.0000000000000002e-10,1.7955806540182054e-24,0.9205071201416326,109713812.94354412,1861367.666824196,9.104285426532026e-10,0.0016946422522485449
0.5000000000000001,90.0,90000.0,1.0000000000000002e-10,1.7955806540182054e-24,0.9205071201416326,109713812.94354412,1861367.666824196,8.706344617653714e-10,0.001620570836752949
0.5000000000000001,91.0,91000.0,1.0000000000000002e-10,1.7955806540182054e-24,0.9205071201416326,109713812.94354412,1861367.666824196,8.329910247623184e-10,0.0015505025602473327
0.5000000000000001,92.0,92000.0,1.0000000000000002e-10,1.7955806540182054e-24,0.9205071201416326,109713812.94354412,1861367.666824196,7.973602509497862e-10,0.001484180589928759
0.5000000000000001,93.0,93000.0,1.0000000000000002e-10,1.7955806540182054e-24,0.9205071201416326,109713812.94354412,1861367.666824196,7.636143780487406e-10,0.0014213671132219938
0.5000000000000001,94.0,94000.0,1.0000000000000002e-10,1.7955806540182054e-24,0.9205071201416326,109713812.94354412,1861367.666824196,7.316350064228843e-10,0.0013618417448722697
0.5000000000000001,95.0,95000.0,1.0000000000000002e-10,1.7955806540182054e-24,0.9205071201416326,109713812.94354412,1861367.666824196,7.013123230966738e-10,0.0013054000825575124
0.5000000000000001,96.0,96000.0,1.0000000000000002e-10,1.7955806540182054e-24,0.9205071201416326,109713812.94354412,1861367.666824196,6.725443973826895e-10,0.0012518523957919016
0.5000000000000001,97.0,97000.0,1.0000000000000002e-10,1.7955806540182054e-24,0.9205071201416326,109713812.94354412,1861367.666824196,6.452365408505464e-10,0.0012010224345926966
0.5000000000000001,98.0,98000.0,1.0000000000000002e-10,1.7955806540182054e-24,0.9205071201416326,109713812.94354412,1861367.666824196,6.193007251727556e-10,0.0011527463458773446
0.5000000000000001,99.0,99000.0,1.0000000000000002e-10,1.7955806540182054e-24,0.9205071201416326,109713812.94354412,1861367.666824196,5.946550520902748e-10,0.0011068716868744956
0.5000000000000001,100.0,100000.0,1.0000000000000002e-10,1.7955806540182054e-24,0.9205071201416326,109713812.94354412,1861367.666824196,5.712232703642604e-10,0.0010632565259936103
0.5500000000000002,1.0,1000.0,1.0000000000000002e-10,2.5741732457461996e-24,0.9106987355130296,76529425.64201571,2924565.5455740015,0.056641875769472494,165652.87831208215
0.5500000000000002,2.0,2000.0,1.0000000000000002e-10,2.5741732457461996e-24,0.9106987355130296,76529425.64201571,2924565.5455740015,0.003540117235592031,10353.304894505134
0.5500000000000002,3.0,3000.0,1.0000000000000002e-10,2.5741732457461996e-24,0.9106987355130296,76529425.64201571,2924565.5455740015,0.000699282416907068,2045.0972631121256
0.5500000000000002,4.0,4000.0,1.0000000000000002e-10,2.5741732457461996e-24,0.9106987355130296,76529425.64201571,2924565.5455740015,0.00022125732722450193,647.0815559065709
0.5500000000000002,5.0,5000.0,1.0000000000000002e-10,2.5741732457461996e-24,0.9106987355130296,76529425.64201571,2924565.5455740015,9.062700123115599e-05,265.0446052993314
0.5500000000000002,6.0,6000.0,1.0000000000000002e-10,2.5741732457461996e-24,0.9106987355130296,76529425.64201571,2924565.5455740015,4.370515105669175e-05,127.81857894450785
0.5500000000000002,7.0,7000.0,1.0000000000000002e-10,2.5741732457461996e-24,0.9106987355130296,76529425.64201571,2924565.5455740015,2.3590952007277175e-05,68.99328542777266
0.5500000000000002,8.0,8000.0,1.0000000000000002e-10,2.5741732457461996e-24,0.9106987355130296,76529425.64201571,2924565.5455740015,1.382858295153137e-05,40.44259724416068
0.5500000000000002,9.0,9000.0,1.0000000000000002e-10,2.5741732457461996e-24,0.9106987355130296,76529425.64201571,2924565.5455740015,8.63311625811195e-06,25.248114359408955
0.5500000000000002,10.0,10000.0,1.0000000000000002e-10,2.5741732457461996e-24,0.9106987355130296,76529425.64201571,2924565.5455740015,5.664187576947249e-06,16.565287831208213
0.5500000000000002,11.0,11000.0,1.0000000000000002e-10,2.5741732457461996e-24,0.9106987355130296,76529425.64201571,2924565.5455740015,3.868716328766648e-06,11.314314480710479
0.5500000000000002,12.0,12000.0,1.0000000000000002e-10,2.5741732457461996e-24,0.9106987355130296,76529425.64201571,2924565.5455740015,2.7315719410432343e-06,7.9886611840317405
0.5500000000000002,13.0,13000.0,1.0000000000000002e-10,2.5741732457461996e-24,0.9106987355130296,76529425.64201571,2924565.5455740015,1.983189516104916e-06,5.799967729144014
0.5500000000000002,14.0,14000.0,1.0000000000000002e-10,2.5741732457461996e-24,0.9106987355130296,76529425.64201571,2924565.5455740015,1.4744345004548235e-06,4.312080339235791
0.5500000000000002,15.0,15000.0,1.0000000000000002e-10,2.5741732457461996e-24,0.9106987355130296,76529425.64201571,2924565.5455740015,1.1188518670513084e-06,3.2721556209794
0.5500000000000002,16.0,16000.0,1.0000000000000002e-10,2.5741732457461996e-24,0.9106987355130296,76529425.64201571,2924565.5455740015,8.642864344707107e-07,2.5276623277600425
0.5500000000000002,17.0,17000.0,1.0000000000000002e-10,2.5741732457461996e-24,0.9106987355130296,76529425.64201571,2924565.5455740015,6.781752585514123e-07,1.9833679950202006
0.5500000000000002,18.0,18000.0,1.0000000000000002e-10,2.5741732457461996e-24,0.9106987355130296,76529425.64201571,2924565.5455740015,5.395697661319969e-07,1.5780071474630597
0.5500000000000002,19.0,19000.0,1.0000000000000002e-10,2.5741732457461996e-24,0.9106987355130296,76529425.64201571,2924565.5455740015,4.3463352621198794e-07,1.2711142357109146
0.5500000000000002,20.0,20000.0,1.0000000000000002e-10,2.5741732457461996e-24,0.9106987355130296,76529425.64201571,2924565.5455740015,3.540117235592031e-07,1.0353304894505133
0.5500000000000002,21.0,21000.0,1.0000000000000002e-10,2.5741732457461996e-24,0.9106987355130296,76529425.64201571,2924565.5455740015,2.912463210774959e-07,0.8517689558984276
0.5500000000000002,22.0,22000.0,1.0000000000000002e-10,2.5741732457461996e-24,0.9106987355130296,76529425.64201571,2924565.5455740015,2.417947705479155e-07,0.7071446550444049
0.5500000000000002,23.0,23000.0,1.0000000000000002e-10,2.5741732457461996e-24,0.9106987355130296,76529425.64201571,2924565.5455740015,2.0240735192295799e-07,0.5919535676047546
0.5500000000000002,24.0,24000.0,1.0000000000000002e-10,2.5741732457461996e-24,0.9106987355130296,76529425.64201571,2924565.5455740015,1.7072324631520214e-07,0.4992913240019838
0.5500000000000002,25.0,25000.0,1.0000000000000002e-10,2.5741732457461996e-24,0.9106987355130296,76529425.64201571,2924565.5455740015,1.450032019698496e-07,0.42407136847893034
0.5500000000000002,26.0,26000.0,1.0000000000000002e-10,2.5741732457461996e-24,0.9106987355130296,76529425.64201571,2924565.5455740015,1.2394934475655725e-07,0.3624979830715009
0.5500000000000002,27.0,27000.0,1.0000000000000002e-10,2.5741732457461996e-24,0.9106987355130296,76529425.64201571,2924565.5455740015,1.0658168219891292e-07,0.31170511554825864
0.5500000000000002,28.0,28000.0,1.0000000000000002e-10,2.5741732457461996e-24,0.9106987355130296,76529425.64201571,2924565.5455740015,9.215215627842647e-08,0.26950502120223696
0.5500000000000002,29.0,29000.0,1.0000000000000002e-10,2.5741732457461996e-24,0.9106987355130296,76529425.64201571,2924565.5455740015,8.008397761211245e-08,0.23421084167690376
0.5500000000000002,30.0,30000.0,1.0000000000000002e-10,2.5741732457461996e-24,0.9106987355130296,76529425.64201571,2924565.5455740015,6.992824169070677e-08,0.2045097263112125
0.5500000000000002,31.0,31000.0,1.0000000000000002e-10,2.5741732457461996e-24,0.9106987355130296,76529425.64201571,2924565.5455740015,6.133252602753212e-08,0.17937099244314111
0.5500000000000002,32.0,32000.0,1.0000000000000002e-10,2.5741732457461996e-24,0.9106987355130296,76529425.64201571,2924565.5455740015,5.4017902154419416e-08,0.15797889548500266
0.5500000000000002,33.0,33000.0,1.0000000000000002e-10,2.5741732457461996e-24,0.9106987355130296,76529425.64201571,2924565.5455740015,4.776192998477344e-08,0.1396828948235862
0.5500000000000002,34.0,34000.0,1.0000000000000002e-10,2.5741732457461996e-24,0.9106987355130296,76529425.64201571,2924565.5455740015,4.2385953659463266e-08,0.12396049968876253
0.5500000000000002,35.0,35000.0,1.0000000000000002e-10,2.5741732457461996e-24,0.9106987355130296,76529425.64201571,2924565.5455740015,3.7745523211643467e-08,0.11038925668443621
0.5500000000000002,36.0,36000.0,1.0000000000000002e-10,2.5741732457461996e-24,0.9106987355130296,76529425.64201571,2924565.5455740015,3.3723110383249803e-08,0.09862544671644123
0.5500000000000002,37.0,37000.0,1.0000000000000002e-10,2.5741732457461996e-24,0.9106987355130296,76529425.64201571,2924565.5455740015,3.022252398245002e-08,0.08838775233935728
0.5500000000000002,38.0,38000.0,1.0000000000000002e-10,2.5741732457461996e-24,0.9106987355130296,76529425.64201571,2924565.5455740015,2.7164595388249246e-08,0.07944463973193217
0.5500000000000002,39.0,39000.0,1.0000000000000002e-10,2.5741732457461996e-24,0.9106987355130296,76529425.64201571,2924565.5455740015,2.4483821186480433e-08,0.07160453986597544
0.5500000000000002,40.0,40000.0,1.0000000000000002e-10,2.5741732457461996e-24,0.9106987355130296,76529425.64201571,2924565.5455740015,2.2125732722450193e-08,0.06470815559065708
0.5500000000000002,41.0,41000.0,1.0000000000000002e-10,2.5741732457461996e-24,0.9106987355130296,76529425.64201571,2924565.5455740015,2.0044821826570786e-08,0.058622395281158646
0.5500000000000002,42.0,42000.0,1.0000000000000002e-10,2.5741732457461996e-24,0.9106987355130296,76529425.64201571,2924565.5455740015,1.8202895067343494e-08,0.053235559743651725
0.5500000000000002,43.0,43000.0,1.0000000000000002e-10,2.5741732457461996e-24,0.9106987355130296,76529425.64201571,2924565.5455740015,1.6567760384261175e-08,0.04845350118713611
0.5500000000000002,44.0,44000.0,1.0000000000000002e-10,2.5741732457461996e-24,0.9106987355130296,76529425.64201571,2924565.5455740015,1.5112173159244717e-08,0.04419654094027531
0.5500000000000002,45.0,45000.0,1.0000000000000002e-10,2.5741732457461996e-24,0.9106987355130296,76529425.64201571,2924565.5455740015,1.3812986012979115e-08,0.04039698297505432
0.5500000000000002,46.0,46000.0,1.0000000000000002e-10,2.5741732457461996e-24,0.9106987355130296,76529425.64201571,2924565.5455740015,1.2650459495184874e-08,0.03699709797529716
0.5500000000000002,47.0,47000.0,1.0000000000000002e-10,2.5741732457461996e-24,0.9106987355130296,76529425.64201571,2924565.5455740015,1.1607700538103308e-08,0.03394748105707773
0.5500000000000002,48.0,48000.0,1.0000000000000002e-10,2.5741732457461996e-24,0.9106987355130296,76529425.64201571,2924565.5455740015,1.0670202894700134e-08,0.031205707750123986
0.5500000000000002,49.0,49000.0,1.0000000000000002e-10,2.5741732457461996e-24,0.9106987355130296,76529425.64201571,2924565.5455740015,9.825469390785995e-09,0.028735229249384694
0.5500000000000002,50.0,50000.0,1.0000000000000002e-10,2.5741732457461996e-24,0.9106987355130296,76529425.64201571,2924565.5455740015,9.0627001231156e-09,0.026504460529933146
0.5500000000000002,51.0,51000.0,1.0000000000000002e-10,2.5741732457461996e-24,0.9106987355130296,76529425.64201571,2924565.5455740015,8.372534056190272e-09,0.02448602462987901
0.5500000000000002,52.0,52000.0,1.0000000000000002e-10,2.5741732457461996e-24,0.9106987355130296,76529425.64201571,2924565.5455740015,7.746834047284828e-09,0.022656123941968805
0.5500000000000002,53.0,53000.0,1.0000000000000002e-10,2.5741732457461996e-24,0.9106987355130296,76529425.64201571,2924565.5455740015,7.178507339346297e-09,0.020994015233302278
0.5500000000000002,54.0,54000.0,1.0000000000000002e-10,2.5741732457461996e-24,0.9106987355130296,76529425.64201571,2924565.5455740015,6.661355137432058e-09,0.019481569721766165
0.5500000000000002,55.0,55000.0,1.0000000000000002e-10,2.5741732457461996e-24,0.9106987355130296,76529425.64201571,2924565.5455740015,6.189946126026637e-09,0.01810290316913677
0.5500000000000002,56.0,56000.0,1.0000000000000002e-10,2.5741732457461996e-24,0.9106987355130296,76529425.64201571,2924565.5455740015,5.759509767401654e-09,0.01684406382513981
0.5500000000000002,57.0,57000.0,1.0000000000000002e-10,2.5741732457461996e-24,0.9106987355130296,76529425.64201571,2924565.5455740015,5.365846002617135e-09,0.01569276834211006
0.5500000000000002,58.0,58000.0,1.0000000000000002e-10,2.5741732457461996e-24,0.9106987355130296,76529425.64201571,2924565.5455740015,5.005248600757028e-09,0.014638177604806485
0.5500000000000002,59.0,59000.0,1.0000000000000002e-10,2.5741732457461996e-24,0.9106987355130296,76529425.64201571,2924565.5455740015,4.6744399023411525e-09,0.013670705883243236
0.5500000000000002,60.0,60000.0,1.0000000000000002e-10,2.5741732457461996e-24,0.9106987355130296,76529425.64201571,2924565.5455740015,4.370515105669173e-09,0.012781857894450781
0.5500000000000002,61.0,61000.0,1.0000000000000002e-10,2.5741732457461996e-24,0.9106987355130296,76529425.64201571,2924565.5455740015,4.0908945703964445e-09,0.011964089311157198
0.5500000000000002,62.0,62000.0,1.0000000000000002e-10,2.5741732457461996e-24,0.9106987355130296,76529425.64201571,2924565.5455740015,3.833282876720757e-09,0.01121068702769632
0.5500000000000002,63.0,63000.0,1.0000000000000002e-10,2.5741732457461996e-24,0.9106987355130296,76529425.64201571,2924565.5455740015,3.5956335935493323e-09,0.01051566612220281
0.5500000000000002,64.0,64000.0,1.0000000000000002e-10,2.5741732457461996e-24,0.9106987355130296,76529425.64201571,2924565.5455740015,3.3761188846512135e-09,0.009873680967812666
0.5500000000000002,65.0,65000.0,1.0000000000000002e-10,2.5741732457461996e-24,0.9106987355130296,76529425.64201571,2924565.5455740015,3.1731032257678655e-09,0.009279948366630422
0.5500000000000002,66.0,66000.0,1.0000000000000002e-10,2.5741732457461996e-24,0.9106987355130296,76529425.64201571,2924565.5455740015,2.98512062404834e-09,0.008730180926474138
0.5500000000000002,67.0,67000.0,1.0000000000000002e-10,2.5741732457461996e-24,0.9106987355130296,76529425.64201571,2924565.5455740015,2.810854828844136e-09,0.008220529186047867
0.5500000000000002,68.0,68000.0,1.0000000000000002e-10,2.5741732457461996e-24,0.9106987355130296,76529425.64201571,2924565.5455740015,2.649122103716454e-09,0.007747531230547658
0.5500000000000002,69.0,69000.0,1.0000000000000002e-10,2.5741732457461996e-24,0.9106987355130296,76529425.64201571,2924565.5455740015,2.498856196579729e-09,0.00730806873586117
0.5500000000000002,70.0,70000.0,1.0000000000000002e-10,2.5741732457461996e-24,0.9106987355130296,76529425.64201571,2924565.5455740015,2.3590952007277167e-09,0.006899328542777263
0.5500000000000002,71.0,71000.0,1.0000000000000002e-10,2.5741732457461996e-24,0.9106987355130296,76529425.64201571,2924565.5455740015,2.2289700460773338e-09,0.006518768998874265
0.5500000000000002,72.0,72000.0,1.0000000000000002e-10,2.5741732457461996e-24,0.9106987355130296,76529425.64201571,2924565.5455740015,2.1076943989531127e-09,0.006164090419777577
0.5500000000000002,73.0,73000.0,1.0000000000000002e-10,2.5741732457461996e-24,0.9106987355130296,76529425.64201571,2924565.5455740015,1.994555781446903e-09,0.005833209117145041
0.5500000000000002,74.0,74000.0,1.0000000000000002e-10,2.5741732457461996e-24,0.9106987355130296,76529425.64201571,2924565.5455740015,1.888907748903126e-09,0.00552423452120983
0.5500000000000002,75.0,75000.0,1.0000000000000002e-10,2.5741732457461996e-24,0.9106987355130296,76529425.64201571,2924565.5455740015,1.7901629872820936e-09,0.0052354489935670405
0.5500000000000002,76.0,76000.0,1.0000000000000002e-10,2.5741732457461996e-24,0.9106987355130296,76529425.64201571,2924565.5455740015,1.697787211765578e-09,0.00496528998324576
0.5500000000000002,77.0,77000.0,1.0000000000000002e-10,2.5741732457461996e-24,0.9106987355130296,76529425.64201571,2924565.5455740015,1.6112937645841925e-09,0.004712334227701156
0.5500000000000002,78.0,78000.0,1.0000000000000002e-10,2.5741732457461996e-24,0.9106987355130296,76529425.64201571,2924565.5455740015,1.530238824155027e-09,0.004475283741623465
0.5500000000000002,79.0,79000.0,1.0000000000000002e-10,2.5741732457461996e-24,0.9106987355130296,76529425.64201571,2924565.5455740015,1.4542171496247339e-09,0.004252953371575329
0.5500000000000002,80.0,80000.0,1.0000000000000002e-10,2.5741732457461996e-24,0.9106987355130296,76529425.64201571,2924565.5455740015,1.382858295153137e-09,0.004044259724416068
0.5500000000000002,81.0,81000.0,1.0000000000000002e-10,2.5741732457461996e-24,0.9106987355130296,76529425.64201571,2924565.5455740015,1.3158232370236163e-09,0.003848211303064921
0.5500000000000002,82.0,82000.0,1.0000000000000002e-10,2.5741732457461996e-24,0.9106987355130296,76529425.64201571,2924565.5455740015,1.2528013641606741e-09,0.0036638997050724154
0.5500000000000002,83.0,83000.0,1.0000000000000002e-10,2.5741732457461996e-24,0.9106987355130296,76529425.64201571,2924565.5455740015,1.193507789065536e-09,0.0034904917582752695
0.5500000000000002,84.0,84000.0,1.0000000000000002e-10,2.5741732457461996e-24,0.9106987355130296,76529425.64201571,2924565.5455740015,1.1376809417089684e-09,0.003327222483978233
0.5500000000000002,85.0,85000.0,1.0000000000000002e-10,2.5741732457461996e-24,0.9106987355130296,76529425.64201571,2924565.5455740015,1.0850804136822593e-09,0.00317338879203232
0.5500000000000002,86.0,86000.0,1.0000000000000002e-10,2.5741732457461996e-24,0.9106987355130296,76529425.64201571,2924565.5455740015,1.0354850240163234e-09,0.0030283438241960068
0.5500000000000002,87.0,87000.0,1.0000000000000002e-10,2.5741732457461996e-24,0.9106987355130296,76529425.64201571,2924565.5455740015,9.886910816310176e-10,0.002891491872554367
0.5500000000000002,88.0,88000.0,1.0000000000000002e-10,2.5741732457461996e-24,0.9106987355130296,76529425.64201571,2924565.5455740015,9.445108224527948e-10,0.0027622838087672068
0.5500000000000002,89.0,89000.0,1.0000000000000002e-10,2.5741732457461996e-24,0.9106987355130296,76529425.64201571,2924565.5455740015,9.027710019071919e-10,0.0026402129677210945
0.5500000000000002,90.0,90000.0,1.0000000000000002e-10,2.5741732457461996e-24,0.9106987355130296,76529425.64201571,2924565.5455740015,8.633116258111947e-10,0.002524811435940895
0.5500000000000002,91.0,91000.0,1.0000000000000002e-10,2.5741732457461996e-24,0.9106987355130296,76529425.64201571,2924565.5455740015,8.259848047084196e-10,0.0024156467010179143
0.5500000000000002,92.0,92000.0,1.0000000000000002e-10,2.5741732457461996e-24,0.9106987355130296,76529425.64201571,2924565.5455740015,7.906537184490546e-10,0.0023123186234560726
0.5500000000000002,93.0,93000.0,1.0000000000000002e-10,2.5741732457461996e-24,0.9106987355130296,76529425.64201571,2924565.5455740015,7.571916793522485e-10,0.0022144566968289032
0.5500000000000002,94.0,94000.0,1.0000000000000002e-10,2.5741732457461996e-24,0.9106987355130296,76529425.64201571,2924565.5455740015,7.254812836314568e-10,0.0021217175660673583
0.5500000000000002,95.0,95000.0,1.0000000000000002e-10,2.5741732457461996e-24,0.9106987355130296,76529425.64201571,2924565.5455740015,6.954136419391808e-10,0.0020337827771374634
0.5500000000000002,96.0,96000.0,1.0000000000000002e-10,2.5741732457461996e-24,0.9106987355130296,76529425.64201571,2924565.5455740015,6.668876809187584e-10,0.0019503567343827492
0.5500000000000002,97.0,97000.0,1.0000000000000002e-10,2.5741732457461996e-24,0.9106987355130296,76529425.64201571,2924565.5455740015,6.398095085565247e-10,0.0018711648444550465
0.5500000000000002,98.0,98000.0,1.0000000000000002e-10,2.5741732457461996e-24,0.9106987355130296,76529425.64201571,2924565.5455740015,6.140918369241247e-10,0.0017959518280865434
0.5500000000000002,99.0,99000.0,1.0000000000000002e-10,2.5741732457461996e-24,0.9106987355130296,76529425.64201571,2924565.5455740015,5.896534566021411e-10,0.0017244801830072366
0.5500000000000002,100.0,100000.0,1.0000000000000002e-10,2.5741732457461996e-24,0.9106987355130296,76529425.64201571,2924565.5455740015,5.66418757694725e-10,0.0016565287831208217
0.6000000000000002,1.0,1000.0,1.0000000000000002e-10,3.62109553552245e-24,0.901916197455013,54403425.16994016,4477432.796510259,0.056251186428526945,251860.9069576993
0.6000000000000002,2.0,2000.0,1.0000000000000002e-10,3.62109553552245e-24,0.901916197455013,54403425.16994016,4477432.796510259,0.003515699151782934,15741.306684856207
0.6000000000000002,3.0,3000.0,1.0000000000000002e-10,3.62109553552245e-24,0.901916197455013,54403425.16994016,4477432.796510259,0.0006944590917102093,3109.3939130580166
0.6000000000000002,4.0,4000.0,1.0000000000000002e-10,3.62109553552245e-24,0.901916197455013,54403425.16994016,4477432.796510259,0.00021973119698643338,983.8316678035129
0.6000000000000002,5.0,5000.0,1.0000000000000002e-10,3.62109553552245e-24,0.901916197455013,54403425.16994016,4477432.796510259,9.000189828564312e-05,402.9774511323189
0.6000000000000002,6.0,6000.0,1.0000000000000002e-10,3.62109553552245e-24,0.901916197455013,54403425.16994016,4477432.796510259,4.340369323188808e-05,194.33711956612603
0.6000000000000002,7.0,7000.0,1.0000000000000002e-10,3.62109553552245e-24,0.901916197455013,54403425.16994016,4477432.796510259,2.342823258164388e-05,104.89833692532251
0.6000000000000002,8.0,8000.0,1.0000000000000002e-10,3.62109553552245e-24,0.901916197455013,54403425.16994016,4477432.796510259,1.3733199811652086e-05,61.48947923771956
0.6000000000000002,9.0,9000.0,1.0000000000000002e-10,3.62109553552245e-24,0.901916197455013,54403425.16994016,4477432.796510259,8.573569033459374e-06,38.387579173555764
0.6000000000000002,10.0,10000.0,1.0000000000000002e-10,3.62109553552245e-24,0.901916197455013,54403425.16994016,4477432.796510259,5.625118642852695e-06,25.18609069576993
0.6000000000000002,11.0,11000.0,1.0000000000000002e-10,3.62109553552245e-24,0.901916197455013,54403425.16994016,4477432.796510259,3.842031721093296e-06,17.202438833255876
0.6000000000000002,12.0,12000.0,1.0000000000000002e-10,3.62109553552245e-24,0.901916197455013,54403425.16994016,4477432.796510259,2.712730826993005e-06,12.146069972882877
0.6000000000000002,13.0,13000.0,1.0000000000000002e-10,3.62109553552245e-24,0.901916197455013,54403425.16994016,4477432.796510259,1.9695103962930907e-06,8.818350441430601
0.6000000000000002,14.0,14000.0,1.0000000000000002e-10,3.62109553552245e-24,0.901916197455013,54403425.16994016,4477432.796510259,1.4642645363527424e-06,6.556146057832657
0.6000000000000002,15.0,15000.0,1.0000000000000002e-10,3.62109553552245e-24,0.901916197455013,54403425.16994016,4477432.796510259,1.1111345467363346e-06,4.975030260892826
0.6000000000000002,16.0,16000.0,1.0000000000000002e-10,3.62109553552245e-24,0.901916197455013,54403425.16994016,4477432.796510259,8.583249882282554e-07,3.8430924523574723
0.6000000000000002,17.0,17000.0,1.0000000000000002e-10,3.62109553552245e-24,0.901916197455013,54403425.16994016,4477432.796510259,6.734975207256493e-07,3.01553988766537
0.6000000000000002,18.0,18000.0,1.0000000000000002e-10,3.62109553552245e-24,0.901916197455013,54403425.16994016,4477432.796510259,5.358480645912109e-07,2.3992236983472353
0.6000000000000002,19.0,19000.0,1.0000000000000002e-10,3.62109553552245e-24,0.901916197455013,54403425.16994016,4477432.796510259,4.3163562609653807e-07,1.932619508426879
0.6000000000000002,20.0,20000.0,1.0000000000000002e-10,3.62109553552245e-24,0.901916197455013,54403425.16994016,4477432.796510259,3.515699151782934e-07,1.5741306684856207
0.6000000000000002,21.0,21000.0,1.0000000000000002e-10,3.62109553552245e-24,0.901916197455013,54403425.16994016,4477432.796510259,2.89237439279554e-07,1.2950411966089197
0.6000000000000002,22.0,22000.0,1.0000000000000002e-10,3.62109553552245e-24,0.901916197455013,54403425.16994016,4477432.796510259,2.40126982568331e-07,1.0751524270784922
0.6000000000000002,23.0,23000.0,1.0000000000000002e-10,3.62109553552245e-24,0.901916197455013,54403425.16994016,4477432.796510259,2.010112400560566e-07,0.9000143186941845
0.6000000000000002,24.0,24000.0,1.0000000000000002e-10,3.62109553552245e-24,0.901916197455013,54403425.16994016,4477432.796510259,1.6954567668706283e-07,0.7591293733051798
0.6000000000000002,25.0,25000.0,1.0000000000000002e-10,3.62109553552245e-24,0.901916197455013,54403425.16994016,4477432.796510259,1.4400303725702902e-07,0.6447639218117104
0.6000000000000002,26.0,26000.0,1.0000000000000002e-10,3.62109553552245e-24,0.901916197455013,54403425.16994016,4477432.796510259,1.2309439976831817e-07,0.5511469025894126
0.6000000000000002,27.0,27000.0,1.0000000000000002e-10,3.62109553552245e-24,0.901916197455013,54403425.16994016,4477432.796510259,1.0584653127727618e-07,0.47392073053772527
0.6000000000000002,28.0,28000.0,1.0000000000000002e-10,3.62109553552245e-24,0.901916197455013,54403425.16994016,4477432.796510259,9.15165335220464e-08,0.40975912861454106
0.6000000000000002,29.0,29000.0,1.0000000000000002e-10,3.62109553552245e-24,0.901916197455013,54403425.16994016,4477432.796510259,7.953159554480745e-08,0.35609737425111004
0.6000000000000002,30.0,30000.0,1.0000000000000002e-10,3.62109553552245e-24,0.901916197455013,54403425.16994016,4477432.796510259,6.944590917102091e-08,0.3109393913058016
0.6000000000000002,31.0,31000.0,1.0000000000000002e-10,3.62109553552245e-24,0.901916197455013,54403425.16994016,4477432.796510259,6.09094827605728e-08,0.27271811573066485
0.6000000000000002,32.0,32000.0,1.0000000000000002e-10,3.62109553552245e-24,0.901916197455013,54403425.16994016,4477432.796510259,5.364531176426596e-08,0.24019327827234202
0.6000000000000002,33.0,33000.0,1.0000000000000002e-10,3.62109553552245e-24,0.901916197455013,54403425.16994016,4477432.796510259,4.743249038386786e-08,0.21237578806488744
0.6000000000000002,34.0,34000.0,1.0000000000000002e-10,3.62109553552245e-24,0.901916197455013,54403425.16994016,4477432.796510259,4.209359504535308e-08,0.18847124297908563
0.6000000000000002,35.0,35000.0,1.0000000000000002e-10,3.62109553552245e-24,0.901916197455013,54403425.16994016,4477432.796510259,3.748517213063019e-08,0.16783733908051596
0.6000000000000002,36.0,36000.0,1.0000000000000002e-10,3.62109553552245e-24,0.901916197455013,54403425.16994016,4477432.796510259,3.349050403695068e-08,0.1499514811467022
0.6000000000000002,37.0,37000.0,1.0000000000000002e-10,3.62109553552245e-24,0.901916197455013,54403425.16994016,4477432.796510259,3.001406305462922e-08,0.13438595027732375
0.6000000000000002,38.0,38000.0,1.0000000000000002e-10,3.62109553552245e-24,0.901916197455013,54403425.16994016,4477432.796510259,2.697722663103363e-08,0.12078871927667993
0.6000000000000002,39.0,39000.0,1.0000000000000002e-10,3.62109553552245e-24,0.901916197455013,54403425.16994016,4477432.796510259,2.4314943164112218e-08,0.10886852396827897
0.6000000000000002,40.0,40000.0,1.0000000000000002e-10,3.62109553552245e-24,0.901916197455013,54403425.16994016,4477432.796510259,2.197311969864334e-08,0.09838316678035129
0.6000000000000002,41.0,41000.0,1.0000000000000002e-10,3.62109553552245e-24,0.901916197455013,54403425.16994016,4477432.796510259,1.9906561959248127e-08,0.08913029338210107
0.6000000000000002,42.0,42000.0,1.0000000000000002e-10,3.62109553552245e-24,0.901916197455013,54403425.16994016,4477432.796510259,1.8077339954972125e-08,0.08094007478805748
0.6000000000000002,43.0,43000.0,1.0000000000000002e-10,3.62109553552245e-24,0.901916197455013,54403425.16994016,4477432.796510259,1.645348367118383e-08,0.07366936740620449
0.6000000000000002,44.0,44000.0,1.0000000000000002e-10,3.62109553552245e-24,0.901916197455013,54403425.16994016,4477432.796510259,1.5007936410520686e-08,0.06719702669240576
0.6000000000000002,45.0,45000.0,1.0000000000000002e-10,3.62109553552245e-24,0.901916197455013,54403425.16994016,4477432.796510259,1.3717710453534995e-08,0.0614201266776892
0.6000000000000002,46.0,46000.0,1.0000000000000002e-10,3.62109553552245e-24,0.901916197455013,54403425.16994016,4477432.796510259,1.2563202503503538e-08,0.05625089491838653
0.6000000000000002,47.0,47000.0,1.0000000000000002e-10,3.62109553552245e-24,0.901916197455013,54403425.16994016,4477432.796510259,1.1527636013199828e-08,0.05161421555173368
0.6000000000000002,48.0,48000.0,1.0000000000000002e-10,3.62109553552245e-24,0.901916197455013,54403425.16994016,4477432.796510259,1.0596604792941427e-08,0.04744558583157374
0.6000000000000002,49.0,49000.0,1.0000000000000002e-10,3.62109553552245e-24,0.901916197455013,54403425.16994016,4477432.796510259,9.75769786823985e-09,0.043689436453695336
0.6000000000000002,50.0,50000.0,1.0000000000000002e-10,3.62109553552245e-24,0.901916197455013,54403425.16994016,4477432.796510259,9.000189828564314e-09,0.0402977451132319
0.6000000000000002,51.0,51000.0,1.0000000000000002e-10,3.62109553552245e-24,0.901916197455013,54403425.16994016,4477432.796510259,8.314784206489496e-09,0.0372288875020416
0.6000000000000002,52.0,52000.0,1.0000000000000002e-10,3.62109553552245e-24,0.901916197455013,54403425.16994016,4477432.796510259,7.693399985519886e-09,0.034446681411838286
0.6000000000000002,53.0,53000.0,1.0000000000000002e-10,3.62109553552245e-24,0.901916197455013,54403425.16994016,4477432.796510259,7.1289933311450806e-09,0.031919588546971904
0.6000000000000002,54.0,54000.0,1.0000000000000002e-10,3.62109553552245e-24,0.901916197455013,54403425.16994016,4477432.796510259,6.6154082048297614e-09,0.02962004565860783
0.6000000000000002,55.0,55000.0,1.0000000000000002e-10,3.62109553552245e-24,0.901916197455013,54403425.16994016,4477432.796510259,6.147250753749274e-09,0.027523902133209408
0.6000000000000002,56.0,56000.0,1.0000000000000002e-10,3.62109553552245e-24,0.901916197455013,54403425.16994016,4477432.796510259,5.7197833451279e-09,0.025609945538408816
0.6000000000000002,57.0,57000.0,1.0000000000000002e-10,3.62109553552245e-24,0.901916197455013,54403425.16994016,4477432.796510259,5.328834890080717e-09,0.02385950010403554
0.6000000000000002,58.0,58000.0,1.0000000000000002e-10,3.62109553552245e-24,0.901916197455013,54403425.16994016,4477432.796510259,4.970724721550466e-09,0.022256085890694378
0.6000000000000002,59.0,59000.0,1.0000000000000002e-10,3.62109553552245e-24,0.901916197455013,54403425.16994016,4477432.796510259,4.642197787829127e-09,0.020785128623113505
0.6000000000000002,60.0,60000.0,1.0000000000000002e-10,3.62109553552245e-24,0.901916197455013,54403425.16994016,4477432.796510259,4.340369323188807e-09,0.0194337119566126
0.6000000000000002,61.0,61000.0,1.0000000000000002e-10,3.62109553552245e-24,0.901916197455013,54403425.16994016,4477432.796510259,4.06267748044535e-09,0.018190365392589673
0.6000000000000002,62.0,62000.0,1.0000000000000002e-10,3.62109553552245e-24,0.901916197455013,54403425.16994016,4477432.796510259,3.8068426725358e-09,0.017044882233166553
0.6000000000000002,63.0,63000.0,1.0000000000000002e-10,3.62109553552245e-24,0.901916197455013,54403425.16994016,4477432.796510259,3.5708325836981972e-09,0.01598816292109777
0.6000000000000002,64.0,64000.0,1.0000000000000002e-10,3.62109553552245e-24,0.901916197455013,54403425.16994016,4477432.796510259,3.3528319852666226e-09,0.015012079892021376
0.6000000000000002,65.0,65000.0,1.0000000000000002e-10,3.62109553552245e-24,0.901916197455013,54403425.16994016,4477432.796510259,3.1512166340689447e-09,0.01410936070628896
0.6000000000000002,66.0,66000.0,1.0000000000000002e-10,3.62109553552245e-24,0.901916197455013,54403425.16994016,4477432.796510259,2.9645306489917414e-09,0.013273486754055465
0.6000000000000002,67.0,67000.0,1.0000000000000002e-10,3.62109553552245e-24,0.901916197455013,54403425.16994016,4477432.796510259,2.791466858271901e-09,0.012498605261598064
0.6000000000000002,68.0,68000.0,1.0000000000000002e-10,3.62109553552245e-24,0.901916197455013,54403425.16994016,4477432.796510259,2.6308496903345676e-09,0.011779452686192852
0.6000000000000002,69.0,69000.0,1.0000000000000002e-10,3.62109553552245e-24,0.901916197455013,54403425.16994016,4477432.796510259,2.481620247605638e-09,0.011111287885113393
0.6000000000000002,70.0,70000.0,1.0000000000000002e-10,3.62109553552245e-24,0.901916197455013,54403425.16994016,4477432.796510259,2.342823258164387e-09,0.010489833692532247
0.6000000000000002,71.0,71000.0,1.0000000000000002e-10,3.62109553552245e-24,0.901916197455013,54403425.16994016,4477432.796510259,2.2135956463693593e-09,0.009911225745266494
0.6000000000000002,72.0,72000.0,1.0000000000000002e-10,3.62109553552245e-24,0.901916197455013,54403425.16994016,4477432.796510259,2.0931565023094175e-09,0.009371967571668888
0.6000000000000002,73.0,73000.0,1.0000000000000002e-10,3.62109553552245e-24,0.901916197455013,54403425.16994016,4477432.796510259,1.9807982624179764e-09,0.008868891103420781
0.6000000000000002,74.0,74000.0,1.0000000000000002e-10,3.62109553552245e-24,0.901916197455013,54403425.16994016,4477432.796510259,1.8758789409143263e-09,0.008399121892332734
0.6000000000000002,75.0,75000.0,1.0000000000000002e-10,3.62109553552245e-24,0.901916197455013,54403425.16994016,4477432.796510259,1.7778152747781356e-09,0.007960048417428521
0.6000000000000002,76.0,76000.0,1.0000000000000002e-10,3.62109553552245e-24,0.901916197455013,54403425.16994016,4477432.796510259,1.6860766644396018e-09,0.007549294954792496
0.6000000000000002,77.0,77000.0,1.0000000000000002e-10,3.62109553552245e-24,0.901916197455013,54403425.16994016,4477432.796510259,1.6001798088685107e-09,0.007164697556541387
0.6000000000000002,78.0,78000.0,1.0000000000000002e-10,3.62109553552245e-24,0.901916197455013,54403425.16994016,4477432.796510259,1.5196839477570136e-09,0.006804282748017435
0.6000000000000002,79.0,79000.0,1.0000000000000002e-10,3.62109553552245e-24,0.901916197455013,54403425.16994016,4477432.796510259,1.444186635414878e-09,0.006466248605688379
0.6000000000000002,80.0,80000.0,1.0000000000000002e-10,3.62109553552245e-24,0.901916197455013,54403425.16994016,4477432.796510259,1.3733199811652087e-09,0.006148947923771956
0.6000000000000002,81.0,81000.0,1.0000000000000002e-10,3.62109553552245e-24,0.901916197455013,54403425.16994016,4477432.796510259,1.306747299719459e-09,0.0058508732165151265
0.6000000000000002,82.0,82000.0,1.0000000000000002e-10,3.62109553552245e-24,0.901916197455013,54403425.16994016,4477432.796510259,1.244160122453008e-09,0.005570643336381317
0.6000000000000002,83.0,83000.0,1.0000000000000002e-10,3.62109553552245e-24,0.901916197455013,54403425.16994016,4477432.796510259,1.1852755268886766e-09,0.0053069915169923374
0.6000000000000002,84.0,84000.0,1.0000000000000002e-10,3.62109553552245e-24,0.901916197455013,54403425.16994016,4477432.796510259,1.1298337471857578e-09,0.005058754674253593
0.6000000000000002,85.0,85000.0,1.0000000000000002e-10,3.62109553552245e-24,0.901916197455013,54403425.16994016,4477432.796510259,1.0775960331610386e-09,0.004824863820264591
0.6000000000000002,86.0,86000.0,1.0000000000000002e-10,3.62109553552245e-24,0.901916197455013,54403425.16994016,4477432.796510259,1.0283427294489893e-09,0.00460433546288778
0.6000000000000002,87.0,87000.0,1.0000000000000002e-10,3.62109553552245e-24,0.901916197455013,54403425.16994016,4477432.796510259,9.818715499358942e-10,0.004396263879643333
0.6000000000000002,88.0,88000.0,1.0000000000000002e-10,3.62109553552245e-24,0.901916197455013,54403425.16994016,4477432.796510259,9.379960256575429e-10,0.00419981416827536
0.6000000000000002,89.0,89000.0,1.0000000000000002e-10,3.62109553552245e-24,0.901916197455013,54403425.16994016,4477432.796510259,8.965441070000503e-10,0.004014215988200028
0.6000000000000002,90.0,90000.0,1.0000000000000002e-10,3.62109553552245e-24,0.901916197455013,54403425.16994016,4477432.796510259,8.573569033459372e-10,0.003838757917355575
0.6000000000000002,91.0,91000.0,1.0000000000000002e-10,3.62109553552245e-24,0.901916197455013,54403425.16994016,4477432.796510259,8.202875453115744e-10,0.003672782357946938
0.6000000000000002,92.0,92000.0,1.0000000000000002e-10,3.62109553552245e-24,0.901916197455013,54403425.16994016,4477432.796510259,7.852001564689711e-10,0.003515680932399158
0.6000000000000002,93.0,93000.0,1.0000000000000002e-10,3.62109553552245e-24,0.901916197455013,54403425.16994016,4477432.796510259,7.519689229700346e-10,0.003366890317662529
0.6000000000000002,94.0,94000.0,1.0000000000000002e-10,3.62109553552245e-24,0.901916197455013,54403425.16994016,4477432.796510259,7.204772508249892e-10,0.003225888471983355
0.6000000000000002,95.0,95000.0,1.0000000000000002e-10,3.62109553552245e-24,0.901916197455013,54403425.16994016,4477432.796510259,6.90617001754461e-10,0.0030921912134830062
0.6000000000000002,96.0,96000.0,1.0000000000000002e-10,3.62109553552245e-24,0.901916197455013,54403425.16994016,4477432.796510259,6.622877995588392e-10,0.0029653491144733587
0.6000000000000002,97.0,97000.0,1.0000000000000002e-10,3.62109553552245e-24,0.901916197455013,54403425.16994016,4477432.796510259,6.353963998479433e-10,0.0028449446794637273
0.6000000000000002,98.0,98000.0,1.0000000000000002e-10,3.62109553552245e-24,0.901916197455013,54403425.16994016,4477432.796510259,6.098561167649906e-10,0.0027305897783559585
0.6000000000000002,99.0,99000.0,1.0000000000000002e-10,3.62109553552245e-24,0.901916197455013,54403425.16994016,4477432.796510259,5.855863010354055e-10,0.002621923309443054
0.6000000000000002,100.0,100000.0,1.0000000000000002e-10,3.62109553552245e-24,0.901916197455013,54403425.16994016,4477432.796510259,5.625118642852696e-10,0.0025186090695769937
0.6500000000000001,1.0,1000.0,1.0000000000000002e-10,4.990867413845238e-24,0.8938130688872042,39472096.46433392,6675965.190819254,0.055614489714509246,371280.3974392392
0.6500000000000001,2.0,2000.0,1.0000000000000002e-10,4.990867413845238e-24,0.8938130688872042,39472096.46433392,6675965.190819254,0.003475905607156828,23205.02483995245
0.6500000000000001,3.0,3000.0,1.0000000000000002e-10,4.990867413845238e-24,0.8938130688872042,39472096.46433392,6675965.190819254,0.0006865986384507316,4583.708610360978
0.6500000000000001,4.0,4000.0,1.0000000000000002e-10,4.990867413845238e-24,0.8938130688872042,39472096.46433392,6675965.190819254,0.00021724410044730174,1450.3140524970281
0.6500000000000001,5.0,5000.0,1.0000000000000002e-10,4.990867413845238e-24,0.8938130688872042,39472096.46433392,6675965.190819254,8.898318354321479e-05,594.0486359027826
0.6500000000000001,6.0,6000.0,1.0000000000000002e-10,4.990867413845238e-24,0.8938130688872042,39472096.46433392,6675965.190819254,4.2912414903170724e-05,286.48178814756113
0.6500000000000001,7.0,7000.0,1.0000000000000002e-10,4.990867413845238e-24,0.8938130688872042,39472096.46433392,6675965.190819254,2.31630527757223e-05,154.63573404383138
0.6500000000000001,8.0,8000.0,1.0000000000000002e-10,4.990867413845238e-24,0.8938130688872042,39472096.46433392,6675965.190819254,1.3577756277956359e-05,90.64462828106426
0.6500000000000001,9.0,9000.0,1.0000000000000002e-10,4.990867413845238e-24,0.8938130688872042,39472096.46433392,6675965.190819254,8.476526400626315e-06,56.5889951896417
0.6500000000000001,10.0,10000.0,1.0000000000000002e-10,4.990867413845238e-24,0.8938130688872042,39472096.46433392,6675965.190819254,5.5614489714509244e-06,37.128039743923914
0.6500000000000001,11.0,11000.0,1.0000000000000002e-10,4.990867413845238e-24,0.8938130688872042,39472096.46433392,6675965.190819254,3.798544478827214e-06,25.358950716429145
0.6500000000000001,12.0,12000.0,1.0000000000000002e-10,4.990867413845238e-24,0.8938130688872042,39472096.46433392,6675965.190819254,2.6820259314481703e-06,17.90511175922257
0.6500000000000001,13.0,13000.0,1.0000000000000002e-10,4.990867413845238e-24,0.8938130688872042,39472096.46433392,6675965.190819254,1.947217874532028e-06,12.999558749316874
0.6500000000000001,14.0,14000.0,1.0000000000000002e-10,4.990867413845238e-24,0.8938130688872042,39472096.46433392,6675965.190819254,1.4476907984826438e-06,9.664733377739461
0.6500000000000001,15.0,15000.0,1.0000000000000002e-10,4.990867413845238e-24,0.8938130688872042,39472096.46433392,6675965.190819254,1.09855782152117e-06,7.333933776577561
0.6500000000000001,16.0,16000.0,1.0000000000000002e-10,4.990867413845238e-24,0.8938130688872042,39472096.46433392,6675965.190819254,8.486097673722724e-07,5.665289267566516
0.6500000000000001,17.0,17000.0,1.0000000000000002e-10,4.990867413845238e-24,0.8938130688872042,39472096.46433392,6675965.190819254,6.65874327588382e-07,4.445353832440215
0.6500000000000001,18.0,18000.0,1.0000000000000002e-10,4.990867413845238e-24,0.8938130688872042,39472096.46433392,6675965.190819254,5.297829000391447e-07,3.5368121993526063
0.6500000000000001,19.0,19000.0,1.0000000000000002e-10,4.990867413845238e-24,0.8938130688872042,39472096.46433392,6675965.190819254,4.267500227477477e-07,2.8489682970452885
0.6500000000000001,20.0,20000.0,1.0000000000000002e-10,4.990867413845238e-24,0.8938130688872042,39472096.46433392,6675965.190819254,3.475905607156828e-07,2.3205024839952446
0.6500000000000001,21.0,21000.0,1.0000000000000002e-10,4.990867413845238e-24,0.8938130688872042,39472096.46433392,6675965.190819254,2.859636145150901e-07,1.909083136343597
0.6500000000000001,22.0,22000.0,1.0000000000000002e-10,4.990867413845238e-24,0.8938130688872042,39472096.46433392,6675965.190819254,2.3740902992670087e-07,1.5849344197768216
0.6500000000000001,23.0,23000.0,1.0000000000000002e-10,4.990867413845238e-24,0.8938130688872042,39472096.46433392,6675965.190819254,1.9873603122669386e-07,1.3267548266309765
0.6500000000000001,24.0,24000.0,1.0000000000000002e-10,4.990867413845238e-24,0.8938130688872042,39472096.46433392,6675965.190819254,1.6762662071551064e-07,1.1190694849514107
0.6500000000000001,25.0,25000.0,1.0000000000000002e-10,4.990867413845238e-24,0.8938130688872042,39472096.46433392,6675965.190819254,1.423730936691437e-07,0.9504778174444524
0.6500000000000001,26.0,26000.0,1.0000000000000002e-10,4.990867413845238e-24,0.8938130688872042,39472096.46433392,6675965.190819254,1.2170111715825176e-07,0.8124724218323046
0.6500000000000001,27.0,27000.0,1.0000000000000002e-10,4.990867413845238e-24,0.8938130688872042,39472096.46433392,6675965.190819254,1.0464847408180632e-07,0.69862957024249
0.6500000000000001,28.0,28000.0,1.0000000000000002e-10,4.990867413845238e-24,0.8938130688872042,39472096.46433392,6675965.190819254,9.048067490516524e-08,0.6040458361087163
0.6500000000000001,29.0,29000.0,1.0000000000000002e-10,4.990867413845238e-24,0.8938130688872042,39472096.46433392,6675965.190819254,7.863139221117102e-08,0.524940437307434
0.6500000000000001,30.0,30000.0,1.0000000000000002e-10,4.990867413845238e-24,0.8938130688872042,39472096.46433392,6675965.190819254,6.865986384507312e-08,0.4583708610360976
0.6500000000000001,31.0,31000.0,1.0000000000000002e-10,4.990867413845238e-24,0.8938130688872042,39472096.46433392,6675965.190819254,6.022005965701835e-08,0.40202702205931334
0.6500000000000001,32.0,32000.0,1.0000000000000002e-10,4.990867413845238e-24,0.8938130688872042,39472096.46433392,6675965.190819254,5.303811046076703e-08,0.35408057922290725
0.6500000000000001,33.0,33000.0,1.0000000000000002e-10,4.990867413845238e-24,0.8938130688872042,39472096.46433392,6675965.190819254,4.6895610849718703e-08,0.31307346563492783
0.6500000000000001,34.0,34000.0,1.0000000000000002e-10,4.990867413845238e-24,0.8938130688872042,39472096.46433392,6675965.190819254,4.1617145474273875e-08,0.27783461452751346
0.6500000000000001,35.0,35000.0,1.0000000000000002e-10,4.990867413845238e-24,0.8938130688872042,39472096.46433392,6675965.190819254,3.7060884441155676e-08,0.24741717447013017
0.6500000000000001,36.0,36000.0,1.0000000000000002e-10,4.990867413845238e-24,0.8938130688872042,39472096.46433392,6675965.190819254,3.311143125244654e-08,0.2210507624595379
0.6500000000000001,37.0,37000.0,1.0000000000000002e-10,4.990867413845238e-24,0.8938130688872042,39472096.46433392,6675965.190819254,2.9674339458834783e-08,0.19810485728773528
0.6500000000000001,38.0,38000.0,1.0000000000000002e-10,4.990867413845238e-24,0.8938130688872042,39472096.46433392,6675965.190819254,2.6671876421734233e-08,0.17806051856533053
0.6500000000000001,39.0,39000.0,1.0000000000000002e-10,4.990867413845238e-24,0.8938130688872042,39472096.46433392,6675965.190819254,2.403972684607441e-08,0.16048837962119591
0.6500000000000001,40.0,40000.0,1.0000000000000002e-10,4.990867413845238e-24,0.8938130688872042,39472096.46433392,6675965.190819254,2.1724410044730174e-08,0.1450314052497028
0.6500000000000001,41.0,41000.0,1.0000000000000002e-10,4.990867413845238e-24,0.8938130688872042,39472096.46433392,6675965.190819254,1.968124328791757e-08,0.13139129510218278
0.6500000000000001,42.0,42000.0,1.0000000000000002e-10,4.990867413845238e-24,0.8938130688872042,39472096.46433392,6675965.190819254,1.787272590719313e-08,0.11931769602147481
0.6500000000000001,43.0,43000.0,1.0000000000000002e-10,4.990867413845238e-24,0.8938130688872042,39472096.46433392,6675965.190819254,1.6267249750573152e-08,0.10859959308518956
0.6500000000000001,44.0,44000.0,1.0000000000000002e-10,4.990867413845238e-24,0.8938130688872042,39472096.46433392,6675965.190819254,1.4838064370418805e-08,0.09905840123605135
0.6500000000000001,45.0,45000.0,1.0000000000000002e-10,4.990867413845238e-24,0.8938130688872042,39472096.46433392,6675965.190819254,1.35624422410021e-08,0.0905423923034267
0.6500000000000001,46.0,46000.0,1.0000000000000002e-10,4.990867413845238e-24,0.8938130688872042,39472096.46433392,6675965.190819254,1.2421001951668366e-08,0.08292217666443603
0.6500000000000001,47.0,47000.0,1.0000000000000002e-10,4.990867413845238e-24,0.8938130688872042,39472096.46433392,6675965.190819254,1.1397156845808003e-08,0.0760870223769216
0.6500000000000001,48.0,48000.0,1.0000000000000002e-10,4.990867413845238e-24,0.8938130688872042,39472096.46433392,6675965.190819254,1.0476663794719415e-08,0.06994184280946317
0.6500000000000001,49.0,49000.0,1.0000000000000002e-10,4.990867413845238e-24,0.8938130688872042,39472096.46433392,6675965.190819254,9.647252301425366e-09,0.06440472055136669
0.6500000000000001,50.0,50000.0,1.0000000000000002e-10,4.990867413845238e-24,0.8938130688872042,39472096.46433392,6675965.190819254,8.89831835432148e-09,0.05940486359027827
0.6500000000000001,51.0,51000.0,1.0000000000000002e-10,4.990867413845238e-24,0.8938130688872042,39472096.46433392,6675965.190819254,8.220670710967676e-09,0.05488091151160757
0.6500000000000001,52.0,52000.0,1.0000000000000002e-10,4.990867413845238e-24,0.8938130688872042,39472096.46433392,6675965.190819254,7.606319822390735e-09,0.05077952636451904
0.6500000000000001,53.0,53000.0,1.0000000000000002e-10,4.990867413845238e-24,0.8938130688872042,39472096.46433392,6675965.190819254,7.0483015819326175e-09,0.04705421601537844
0.6500000000000001,54.0,54000.0,1.0000000000000002e-10,4.990867413845238e-24,0.8938130688872042,39472096.46433392,6675965.190819254,6.540529630112895e-09,0.04366434814015562
0.6500000000000001,55.0,55000.0,1.0000000000000002e-10,4.990867413845238e-24,0.8938130688872042,39472096.46433392,6675965.190819254,6.077671166123544e-09,0.04057432114628664
0.6500000000000001,56.0,56000.0,1.0000000000000002e-10,4.990867413845238e-24,0.8938130688872042,39472096.46433392,6675965.190819254,5.6550421815728274e-09,0.03775286475679477
0.6500000000000001,57.0,57000.0,1.0000000000000002e-10,4.990867413845238e-24,0.8938130688872042,39472096.46433392,6675965.190819254,5.26851879935491e-09,0.03517244811167023
0.6500000000000001,58.0,58000.0,1.0000000000000002e-10,4.990867413845238e-24,0.8938130688872042,39472096.46433392,6675965.190819254,4.914462013198189e-09,0.032808777331714625
0.6500000000000001,59.0,59000.0,1.0000000000000002e-10,4.990867413845238e-24,0.8938130688872042,39472096.46433392,6675965.190819254,4.589653614719347e-09,0.030640367769784124
0.6500000000000001,60.0,60000.0,1.0000000000000002e-10,4.990867413845238e-24,0.8938130688872042,39472096.46433392,6675965.190819254,4.29124149031707e-09,0.0286481788147561
0.6500000000000001,61.0,61000.0,1.0000000000000002e-10,4.990867413845238e-24,0.8938130688872042,39472096.46433392,6675965.190819254,4.016692789878869e-09,0.026815301247446004
0.6500000000000001,62.0,62000.0,1.0000000000000002e-10,4.990867413845238e-24,0.8938130688872042,39472096.46433392,6675965.190819254,3.763753728563647e-09,0.025126688878707084
0.6500000000000001,63.0,63000.0,1.0000000000000002e-10,4.990867413845238e-24,0.8938130688872042,39472096.46433392,6675965.190819254,3.5304149940134577e-09,0.02356892760918021
0.6500000000000001,64.0,64000.0,1.0000000000000002e-10,4.990867413845238e-24,0.8938130688872042,39472096.46433392,6675965.190819254,3.3148819037979392e-09,0.022130036201431703
0.6500000000000001,65.0,65000.0,1.0000000000000002e-10,4.990867413845238e-24,0.8938130688872042,39472096.46433392,6675965.190819254,3.1155485992512452e-09,0.020799293998907
0.6500000000000001,66.0,66000.0,1.0000000000000002e-10,4.990867413845238e-24,0.8938130688872042,39472096.46433392,6675965.190819254,2.930975678107419e-09,0.01956709160218299
0.6500000000000001,67.0,67000.0,1.0000000000000002e-10,4.990867413845238e-24,0.8938130688872042,39472096.46433392,6675965.190819254,2.759870764237346e-09,0.018424801153208253
0.6500000000000001,68.0,68000.0,1.0000000000000002e-10,4.990867413845238e-24,0.8938130688872042,39472096.46433392,6675965.190819254,2.6010715921421172e-09,0.01736466340796959
0.6500000000000001,69.0,69000.0,1.0000000000000002e-10,4.990867413845238e-24,0.8938130688872042,39472096.46433392,6675965.190819254,2.4535312497122705e-09,0.01637968921766638
0.6500000000000001,70.0,70000.0,1.0000000000000002e-10,4.990867413845238e-24,0.8938130688872042,39472096.46433392,6675965.190819254,2.3163052775722298e-09,0.015463573404383136
0.6500000000000001,71.0,71000.0,1.0000000000000002e-10,4.990867413845238e-24,0.8938130688872042,39472096.46433392,6675965.190819254,2.1885403690731542e-09,0.014610619322635101
0.6500000000000001,72.0,72000.0,1.0000000000000002e-10,4.990867413845238e-24,0.8938130688872042,39472096.46433392,6675965.190819254,2.069464453277909e-09,0.013815672653721118
0.6500000000000001,73.0,73000.0,1.0000000000000002e-10,4.990867413845238e-24,0.8938130688872042,39472096.46433392,6675965.190819254,1.9583779754002803e-09,0.013074063194239358
0.6500000000000001,74.0,74000.0,1.0000000000000002e-10,4.990867413845238e-24,0.8938130688872042,39472096.46433392,6675965.190819254,1.854646216177174e-09,0.012381553580483455
0.6500000000000001,75.0,75000.0,1.0000000000000002e-10,4.990867413845238e-24,0.8938130688872042,39472096.46433392,6675965.190819254,1.7576925144338725e-09,0.011734294042524102
0.6500000000000001,76.0,76000.0,1.0000000000000002e-10,4.990867413845238e-24,0.8938130688872042,39472096.46433392,6675965.190819254,1.6669922763583895e-09,0.011128782410333158
0.6500000000000001,77.0,77000.0,1.0000000000000002e-10,4.990867413845238e-24,0.8938130688872042,39472096.46433392,6675965.190819254,1.5820676713149573e-09,0.010561828703219133
0.6500000000000001,78.0,78000.0,1.0000000000000002e-10,4.990867413845238e-24,0.8938130688872042,39472096.46433392,6675965.190819254,1.5024829278796507e-09,0.010030523726324745
0.6500000000000001,79.0,79000.0,1.0000000000000002e-10,4.990867413845238e-24,0.8938130688872042,39472096.46433392,6675965.190819254,1.4278401555701324e-09,0.009532211176640153
0.6500000000000001,80.0,80000.0,1.0000000000000002e-10,4.990867413845238e-24,0.8938130688872042,39472096.46433392,6675965.190819254,1.3577756277956359e-09,0.009064462828106424
0.6500000000000001,81.0,81000.0,1.0000000000000002e-10,4.990867413845238e-24,0.8938130688872042,39472096.46433392,6675965.190819254,1.291956470145757e-09,0.008625056422746788
0.6500000000000001,82.0,82000.0,1.0000000000000002e-10,4.990867413845238e-24,0.8938130688872042,39472096.46433392,6675965.190819254,1.2300777054948482e-09,0.008211955943886424
0.6500000000000001,83.0,83000.0,1.0000000000000002e-10,4.990867413845238e-24,0.8938130688872042,39472096.46433392,6675965.190819254,1.1718596137126141e-09,0.00782329398967231
0.6500000000000001,84.0,84000.0,1.0000000000000002e-10,4.990867413845238e-24,0.8938130688872042,39472096.46433392,6675965.190819254,1.1170453691995707e-09,0.0074573560013421756
0.6500000000000001,85.0,85000.0,1.0000000000000002e-10,4.990867413845238e-24,0.8938130688872042,39472096.46433392,6675965.190819254,1.065398924141411e-09,0.007112566131904343
0.6500000000000001,86.0,86000.0,1.0000000000000002e-10,4.990867413845238e-24,0.8938130688872042,39472096.46433392,6675965.190819254,1.016703109410822e-09,0.006787474567824347
0.6500000000000001,87.0,87000.0,1.0000000000000002e-10,4.990867413845238e-24,0.8938130688872042,39472096.46433392,6675965.190819254,9.707579285329755e-10,0.006480746139597949
0.6500000000000001,88.0,88000.0,1.0000000000000002e-10,4.990867413845238e-24,0.8938130688872042,39472096.46433392,6675965.190819254,9.273790231511753e-10,0.006191150077253209
0.6500000000000001,89.0,89000.0,1.0000000000000002e-10,4.990867413845238e-24,0.8938130688872042,39472096.46433392,6675965.190819254,8.863962910491075e-10,0.005917550784315133
0.6500000000000001,90.0,90000.0,1.0000000000000002e-10,4.990867413845238e-24,0.8938130688872042,39472096.46433392,6675965.190819254,8.476526400626313e-10,0.005658899518964169
0.6500000000000001,91.0,91000.0,1.0000000000000002e-10,4.990867413845238e-24,0.8938130688872042,39472096.46433392,6675965.190819254,8.110028631953468e-10,0.005414226884346885
0.6500000000000001,92.0,92000.0,1.0000000000000002e-10,4.990867413845238e-24,0.8938130688872042,39472096.46433392,6675965.190819254,7.763126219792729e-10,0.005182636041527252
0.6500000000000001,93.0,93000.0,1.0000000000000002e-10,4.990867413845238e-24,0.8938130688872042,39472096.46433392,6675965.190819254,7.434575266298563e-10,0.0049632965686334995
0.6500000000000001,94.0,94000.0,1.0000000000000002e-10,4.990867413845238e-24,0.8938130688872042,39472096.46433392,6675965.190819254,7.123223028630002e-10,0.0047554388985576
0.6500000000000001,95.0,95000.0,1.0000000000000002e-10,4.990867413845238e-24,0.8938130688872042,39472096.46433392,6675965.190819254,6.828000363963964e-10,0.004558349275272462
0.6500000000000001,96.0,96000.0,1.0000000000000002e-10,4.990867413845238e-24,0.8938130688872042,39472096.46433392,6675965.190819254,6.547914871699634e-10,0.004371365175591448
0.6500000000000001,97.0,97000.0,1.0000000000000002e-10,4.990867413845238e-24,0.8938130688872042,39472096.46433392,6675965.190819254,6.282044662094254e-10,0.004193871149131314
0.6500000000000001,98.0,98000.0,1.0000000000000002e-10,4.990867413845238e-24,0.8938130688872042,39472096.46433392,6675965.190819254,6.029532688390854e-10,0.004025295034460418
0.6500000000000001,99.0,99000.0,1.0000000000000002e-10,4.990867413845238e-24,0.8938130688872042,39472096.46433392,6675965.190819254,5.789581586385024e-10,0.0038651045140114535
0.6500000000000001,100.0,100000.0,1.0000000000000002e-10,4.990867413845238e-24,0.8938130688872042,39472096.46433392,6675965.190819254,5.561448971450925e-10,0.003712803974392392
0.7000000000000002,1.0,1000.0,1.0000000000000002e-10,6.73224255735789e-24,0.8859723422313637,29262166.109076418,9688935.145017326,0.05451014376964604,528145.2477296707
0.7000000000000002,2.0,2000.0,1.0000000000000002e-10,6.73224255735789e-24,0.8859723422313637,29262166.109076418,9688935.145017326,0.0034068839856028774,33009.07798310442
0.7000000000000002,3.0,3000.0,1.0000000000000002e-10,6.73224255735789e-24,0.8859723422313637,29262166.109076418,9688935.145017326,0.0006729647378968648,6520.3117003663065
0.7000000000000002,4.0,4000.0,1.0000000000000002e-10,6.73224255735789e-24,0.8859723422313637,29262166.109076418,9688935.145017326,0.00021293024910017984,2063.0673739440263
0.7000000000000002,5.0,5000.0,1.0000000000000002e-10,6.73224255735789e-24,0.8859723422313637,29262166.109076418,9688935.145017326,8.721623003143367e-05,845.0323963674732
0.7000000000000002,6.0,6000.0,1.0000000000000002e-10,6.73224255735789e-24,0.8859723422313637,29262166.109076418,9688935.145017326,4.206029611855405e-05,407.51948127289415
0.7000000000000002,7.0,7000.0,1.0000000000000002e-10,6.73224255735789e-24,0.8859723422313637,29262166.109076418,9688935.145017326,2.2703100278902975e-05,219.9688661931157
0.7000000000000002,8.0,8000.0,1.0000000000000002e-10,6.73224255735789e-24,0.8859723422313637,29262166.109076418,9688935.145017326,1.330814056876124e-05,128.94171087150164
0.7000000000000002,9.0,9000.0,1.0000000000000002e-10,6.73224255735789e-24,0.8859723422313637,29262166.109076418,9688935.145017326,8.308206640702034e-06,80.49767531316428
0.7000000000000002,10.0,10000.0,1.0000000000000002e-10,6.73224255735789e-24,0.8859723422313637,29262166.109076418,9688935.145017326,5.451014376964604e-06,52.814524772967076
0.7000000000000002,11.0,11000.0,1.0000000000000002e-10,6.73224255735789e-24,0.8859723422313637,29262166.109076418,9688935.145017326,3.7231161648552718e-06,36.07303105864836
0.7000000000000002,12.0,12000.0,1.0000000000000002e-10,6.73224255735789e-24,0.8859723422313637,29262166.109076418,9688935.145017326,2.628768507409628e-06,25.469967579555885
0.7000000000000002,13.0,13000.0,1.0000000000000002e-10,6.73224255735789e-24,0.8859723422313637,29262166.109076418,9688935.145017326,1.908551653291063e-06,18.491833189652702
0.7000000000000002,14.0,14000.0,1.0000000000000002e-10,6.73224255735789e-24,0.8859723422313637,29262166.109076418,9688935.145017326,1.418943767431436e-06,13.748054137069731
0.7000000000000002,15.0,15000.0,1.0000000000000002e-10,6.73224255735789e-24,0.8859723422313637,29262166.109076418,9688935.145017326,1.0767435806349832e-06,10.432498720586086
0.7000000000000002,16.0,16000.0,1.0000000000000002e-10,6.73224255735789e-24,0.8859723422313637,29262166.109076418,9688935.145017326,8.317587855475775e-07,8.058856929468853
0.7000000000000002,17.0,17000.0,1.0000000000000002e-10,6.73224255735789e-24,0.8859723422313637,29262166.109076418,9688935.145017326,6.526519530375121e-07,6.323502445249349
0.7000000000000002,18.0,18000.0,1.0000000000000002e-10,6.73224255735789e-24,0.8859723422313637,29262166.109076418,9688935.145017326,5.192629150438771e-07,5.0311047070727675
0.7000000000000002,19.0,19000.0,1.0000000000000002e-10,6.73224255735789e-24,0.8859723422313637,29262166.109076418,9688935.145017326,4.1827597831236736e-07,4.052648826587201
0.7000000000000002,20.0,20000.0,1.0000000000000002e-10,6.73224255735789e-24,0.8859723422313637,29262166.109076418,9688935.145017326,3.4068839856028776e-07,3.3009077983104422
0.7000000000000002,21.0,21000.0,1.0000000000000002e-10,6.73224255735789e-24,0.8859723422313637,29262166.109076418,9688935.145017326,2.8028518862843173e-07,2.7156650147298227
0.7000000000000002,22.0,22000.0,1.0000000000000002e-10,6.73224255735789e-24,0.8859723422313637,29262166.109076418,9688935.145017326,2.3269476030345449e-07,2.2545644411655226
0.7000000000000002,23.0,23000.0,1.0000000000000002e-10,6.73224255735789e-24,0.8859723422313637,29262166.109076418,9688935.145017326,1.9478969761273736e-07,1.8873047470873485
0.7000000000000002,24.0,24000.0,1.0000000000000002e-10,6.73224255735789e-24,0.8859723422313637,29262166.109076418,9688935.145017326,1.6429803171310175e-07,1.5918729737222428
0.7000000000000002,25.0,25000.0,1.0000000000000002e-10,6.73224255735789e-24,0.8859723422313637,29262166.109076418,9688935.145017326,1.395459680502939e-07,1.3520518341879573
0.7000000000000002,26.0,26000.0,1.0000000000000002e-10,6.73224255735789e-24,0.8859723422313637,29262166.109076418,9688935.145017326,1.1928447833069144e-07,1.1557395743532939
0.7000000000000002,27.0,27000.0,1.0000000000000002e-10,6.73224255735789e-24,0.8859723422313637,29262166.109076418,9688935.145017326,1.0257045235434607e-07,0.9937984606563487
0.7000000000000002,28.0,28000.0,1.0000000000000002e-10,6.73224255735789e-24,0.8859723422313637,29262166.109076418,9688935.145017326,8.868398546446475e-08,0.8592533835668582
0.7000000000000002,29.0,29000.0,1.0000000000000002e-10,6.73224255735789e-24,0.8859723422313637,29262166.109076418,9688935.145017326,7.706999589929046e-08,0.7467261918949765
0.7000000000000002,30.0,30000.0,1.0000000000000002e-10,6.73224255735789e-24,0.8859723422313637,29262166.109076418,9688935.145017326,6.729647378968645e-08,0.6520311700366304
0.7000000000000002,31.0,31000.0,1.0000000000000002e-10,6.73224255735789e-24,0.8859723422313637,29262166.109076418,9688935.145017326,5.902426016262331e-08,0.571882228698287
0.7000000000000002,32.0,32000.0,1.0000000000000002e-10,6.73224255735789e-24,0.8859723422313637,29262166.109076418,9688935.145017326,5.198492409672359e-08,0.5036785580918033
0.7000000000000002,33.0,33000.0,1.0000000000000002e-10,6.73224255735789e-24,0.8859723422313637,29262166.109076418,9688935.145017326,4.596439709697868e-08,0.44534606245244907
0.7000000000000002,34.0,34000.0,1.0000000000000002e-10,6.73224255735789e-24,0.8859723422313637,29262166.109076418,9688935.145017326,4.079074706484451e-08,0.3952189028280843
0.7000000000000002,35.0,35000.0,1.0000000000000002e-10,6.73224255735789e-24,0.8859723422313637,29262166.109076418,9688935.145017326,3.632496044624475e-08,0.351950185908985
0.7000000000000002,36.0,36000.0,1.0000000000000002e-10,6.73224255735789e-24,0.8859723422313637,29262166.109076418,9688935.145017326,3.245393219024232e-08,0.31444404419204797
0.7000000000000002,37.0,37000.0,1.0000000000000002e-10,6.73224255735789e-24,0.8859723422313637,29262166.109076418,9688935.145017326,2.9085091285992e-08,0.28180356315688504
0.7000000000000002,38.0,38000.0,1.0000000000000002e-10,6.73224255735789e-24,0.8859723422313637,29262166.109076418,9688935.145017326,2.614224864452296e-08,0.25329055166170006
0.7000000000000002,39.0,39000.0,1.0000000000000002e-10,6.73224255735789e-24,0.8859723422313637,29262166.109076418,9688935.145017326,2.3562366090013113e-08,0.22829423690929251
0.7000000000000002,40.0,40000.0,1.0000000000000002e-10,6.73224255735789e-24,0.8859723422313637,29262166.109076418,9688935.145017326,2.1293024910017985e-08,0.20630673739440264
0.7000000000000002,41.0,41000.0,1.0000000000000002e-10,6.73224255735789e-24,0.8859723422313637,29262166.109076418,9688935.145017326,1.9290429646968034e-08,0.18690372176899275
0.7000000000000002,42.0,42000.0,1.0000000000000002e-10,6.73224255735789e-24,0.8859723422313637,29262166.109076418,9688935.145017326,1.7517824289276983e-08,0.16972906342061392
0.7000000000000002,43.0,43000.0,1.0000000000000002e-10,6.73224255735789e-24,0.8859723422313637,29262166.109076418,9688935.145017326,1.5944228333163013e-08,0.15448259425736413
0.7000000000000002,44.0,44000.0,1.0000000000000002e-10,6.73224255735789e-24,0.8859723422313637,29262166.109076418,9688935.145017326,1.4543422518965905e-08,0.14091027757284516
0.7000000000000002,45.0,45000.0,1.0000000000000002e-10,6.73224255735789e-24,0.8859723422313637,29262166.109076418,9688935.145017326,1.3293130625123251e-08,0.1287962805010628
0.7000000000000002,46.0,46000.0,1.0000000000000002e-10,6.73224255735789e-24,0.8859723422313637,29262166.109076418,9688935.145017326,1.2174356100796085e-08,0.11795654669295928
0.7000000000000002,47.0,47000.0,1.0000000000000002e-10,6.73224255735789e-24,0.8859723422313637,29262166.109076418,9688935.145017326,1.1170841653306034e-08,0.10823356029414027
0.7000000000000002,48.0,48000.0,1.0000000000000002e-10,6.73224255735789e-24,0.8859723422313637,29262166.109076418,9688935.145017326,1.026862698206886e-08,0.09949206085764017
0.7000000000000002,49.0,49000.0,1.0000000000000002e-10,6.73224255735789e-24,0.8859723422313637,29262166.109076418,9688935.145017326,9.455685247356508e-09,0.09161552111333432
0.7000000000000002,50.0,50000.0,1.0000000000000002e-10,6.73224255735789e-24,0.8859723422313637,29262166.109076418,9688935.145017326,8.721623003143368e-09,0.08450323963674733
0.7000000000000002,51.0,51000.0,1.0000000000000002e-10,6.73224255735789e-24,0.8859723422313637,29262166.109076418,9688935.145017326,8.057431518981629e-09,0.07806793142283144
0.7000000000000002,52.0,52000.0,1.0000000000000002e-10,6.73224255735789e-24,0.8859723422313637,29262166.109076418,9688935.145017326,7.455279895668215e-09,0.07223372339708087
0.7000000000000002,53.0,53000.0,1.0000000000000002e-10,6.73224255735789e-24,0.8859723422313637,29262166.109076418,9688935.145017326,6.908342313940818e-09,0.0669344806393515
0.7000000000000002,54.0,54000.0,1.0000000000000002e-10,6.73224255735789e-24,0.8859723422313637,29262166.109076418,9688935.145017326,6.410653272146629e-09,0.06211240379102179
0.7000000000000002,55.0,55000.0,1.0000000000000002e-10,6.73224255735789e-24,0.8859723422313637,29262166.109076418,9688935.145017326,5.956985863768437e-09,0.0577168496938374
0.7000000000000002,56.0,56000.0,1.0000000000000002e-10,6.73224255735789e-24,0.8859723422313637,29262166.109076418,9688935.145017326,5.542749091529047e-09,0.05370333647292864
0.7000000000000002,57.0,57000.0,1.0000000000000002e-10,6.73224255735789e-24,0.8859723422313637,29262166.109076418,9688935.145017326,5.16390096681935e-09,0.05003270156280495
0.7000000000000002,58.0,58000.0,1.0000000000000002e-10,6.73224255735789e-24,0.8859723422313637,29262166.109076418,9688935.145017326,4.8168747437056535e-09,0.04667038699343603
0.7000000000000002,59.0,59000.0,1.0000000000000002e-10,6.73224255735789e-24,0.8859723422313637,29262166.109076418,9688935.145017326,4.498516118290611e-09,0.04358583091893282
0.7000000000000002,60.0,60000.0,1.0000000000000002e-10,6.73224255735789e-24,0.8859723422313637,29262166.109076418,9688935.145017326,4.206029611855403e-09,0.0407519481272894
0.7000000000000002,61.0,61000.0,1.0000000000000002e-10,6.73224255735789e-24,0.8859723422313637,29262166.109076418,9688935.145017326,3.9369326695031396e-09,0.03814468530511585
0.7000000000000002,62.0,62000.0,1.0000000000000002e-10,6.73224255735789e-24,0.8859723422313637,29262166.109076418,9688935.145017326,3.6890162601639567e-09,0.035742639293642936
0.7000000000000002,63.0,63000.0,1.0000000000000002e-10,6.73224255735789e-24,0.8859723422313637,29262166.109076418,9688935.145017326,3.4603109707213792e-09,0.03352672857691139
0.7000000000000002,64.0,64000.0,1.0000000000000002e-10,6.73224255735789e-24,0.8859723422313637,29262166.109076418,9688935.145017326,3.2490577560452246e-09,0.031479909880737705
0.7000000000000002,65.0,65000.0,1.0000000000000002e-10,6.73224255735789e-24,0.8859723422313637,29262166.109076418,9688935.145017326,3.053682645265701e-09,0.029586933103444325
0.7000000000000002,66.0,66000.0,1.0000000000000002e-10,6.73224255735789e-24,0.8859723422313637,29262166.109076418,9688935.145017326,2.8727748185611675e-09,0.027834128903278067
0.7000000000000002,67.0,67000.0,1.0000000000000002e-10,6.73224255735789e-24,0.8859723422313637,29262166.109076418,9688935.145017326,2.705067562724973e-09,0.026209224178132352
0.7000000000000002,68.0,68000.0,1.0000000000000002e-10,6.73224255735789e-24,0.8859723422313637,29262166.109076418,9688935.145017326,2.5494216915527817e-09,0.02470118142675527
0.7000000000000002,69.0,69000.0,1.0000000000000002e-10,6.73224255735789e-24,0.8859723422313637,29262166.109076418,9688935.145017326,2.4048110816387337e-09,0.023300058606016655
0.7000000000000002,70.0,70000.0,1.0000000000000002e-10,6.73224255735789e-24,0.8859723422313637,29262166.109076418,9688935.145017326,2.270310027890297e-09,0.021996886619311564
0.7000000000000002,71.0,71000.0,1.0000000000000002e-10,6.73224255735789e-24,0.8859723422313637,29262166.109076418,9688935.145017326,2.1450821679071943e-09,0.02078356200558597
0.7000000000000002,72.0,72000.0,1.0000000000000002e-10,6.73224255735789e-24,0.8859723422313637,29262166.109076418,9688935.145017326,2.028370761890145e-09,0.019652752762002998
0.7000000000000002,73.0,73000.0,1.0000000000000002e-10,6.73224255735789e-24,0.8859723422313637,29262166.109076418,9688935.145017326,1.9194901462258185e-09,0.018597815538281777
0.7000000000000002,74.0,74000.0,1.0000000000000002e-10,6.73224255735789e-24,0.8859723422313637,29262166.109076418,9688935.145017326,1.8178182053745e-09,0.017612722697305315
0.7000000000000002,75.0,75000.0,1.0000000000000002e-10,6.73224255735789e-24,0.8859723422313637,29262166.109076418,9688935.145017326,1.7227897290159736e-09,0.016691997952937743
0.7000000000000002,76.0,76000.0,1.0000000000000002e-10,6.73224255735789e-24,0.8859723422313637,29262166.109076418,9688935.145017326,1.633890540282685e-09,0.015830659478856254
0.7000000000000002,77.0,77000.0,1.0000000000000002e-10,6.73224255735789e-24,0.8859723422313637,29262166.109076418,9688935.145017326,1.5506522968993215e-09,0.015024169537129676
0.7000000000000002,78.0,78000.0,1.0000000000000002e-10,6.73224255735789e-24,0.8859723422313637,29262166.109076418,9688935.145017326,1.4726478806258196e-09,0.014268389806830782
0.7000000000000002,79.0,79000.0,1.0000000000000002e-10,6.73224255735789e-24,0.8859723422313637,29262166.109076418,9688935.145017326,1.3994873019557022e-09,0.013559541704924077
0.7000000000000002,80.0,80000.0,1.0000000000000002e-10,6.73224255735789e-24,0.8859723422313637,29262166.109076418,9688935.145017326,1.330814056876124e-09,0.012894171087150165
0.7000000000000002,81.0,81000.0,1.0000000000000002e-10,6.73224255735789e-24,0.8859723422313637,29262166.109076418,9688935.145017326,1.2663018809178526e-09,0.012269116798226527
0.7000000000000002,82.0,82000.0,1.0000000000000002e-10,6.73224255735789e-24,0.8859723422313637,29262166.109076418,9688935.145017326,1.2056518529355021e-09,0.011681482610562047
0.7000000000000002,83.0,83000.0,1.0000000000000002e-10,6.73224255735789e-24,0.8859723422313637,29262166.109076418,9688935.145017326,1.1485898072467848e-09,0.011128612150642049
0.7000000000000002,84.0,84000.0,1.0000000000000002e-10,6.73224255735789e-24,0.8859723422313637,29262166.109076418,9688935.145017326,1.0948640180798115e-09,0.01060806646378837
0.7000000000000002,85.0,85000.0,1.0000000000000002e-10,6.73224255735789e-24,0.8859723422313637,29262166.109076418,9688935.145017326,1.0442431248600192e-09,0.010117603912398956
0.7000000000000002,86.0,86000.0,1.0000000000000002e-10,6.73224255735789e-24,0.8859723422313637,29262166.109076418,9688935.145017326,9.965142708226883e-10,0.009655162141085258
0.7000000000000002,87.0,87000.0,1.0000000000000002e-10,6.73224255735789e-24,0.8859723422313637,29262166.109076418,9688935.145017326,9.514814308554376e-10,0.009218841875246622
0.7000000000000002,88.0,88000.0,1.0000000000000002e-10,6.73224255735789e-24,0.8859723422313637,29262166.109076418,9688935.145017326,9.089639074353691e-10,0.008806892348302823
0.7000000000000002,89.0,89000.0,1.0000000000000002e-10,6.73224255735789e-24,0.8859723422313637,29262166.109076418,9688935.145017326,8.687949760934749e-10,0.008417698177686556
0.7000000000000002,90.0,90000.0,1.0000000000000002e-10,6.73224255735789e-24,0.8859723422313637,29262166.109076418,9688935.145017326,8.308206640702032e-10,0.008049767531316424
0.7000000000000002,91.0,91000.0,1.0000000000000002e-10,6.73224255735789e-24,0.8859723422313637,29262166.109076418,9688935.145017326,7.948986477680394e-10,0.007701721445086506
0.7000000000000002,92.0,92000.0,1.0000000000000002e-10,6.73224255735789e-24,0.8859723422313637,29262166.109076418,9688935.145017326,7.608972562997553e-10,0.007372284168309955
0.7000000000000002,93.0,93000.0,1.0000000000000002e-10,6.73224255735789e-24,0.8859723422313637,29262166.109076418,9688935.145017326,7.286945699089298e-10,0.0070602744283739145
0.7000000000000002,94.0,94000.0,1.0000000000000002e-10,6.73224255735789e-24,0.8859723422313637,29262166.109076418,9688935.145017326,6.981776033316271e-10,0.006764597518383767
0.7000000000000002,95.0,95000.0,1.0000000000000002e-10,6.73224255735789e-24,0.8859723422313637,29262166.109076418,9688935.145017326,6.692415652997878e-10,0.006484238122539522
0.7000000000000002,96.0,96000.0,1.0000000000000002e-10,6.73224255735789e-24,0.8859723422313637,29262166.109076418,9688935.145017326,6.417891863793037e-10,0.006218253803602511
0.7000000000000002,97.0,97000.0,1.0000000000000002e-10,6.73224255735789e-24,0.8859723422313637,29262166.109076418,9688935.145017326,6.157301082073176e-10,0.005965769085255201
0.7000000000000002,98.0,98000.0,1.0000000000000002e-10,6.73224255735789e-24,0.8859723422313637,29262166.109076418,9688935.145017326,5.909803279597817e-10,0.005725970069583395
0.7000000000000002,99.0,99000.0,1.0000000000000002e-10,6.73224255735789e-24,0.8859723422313637,29262166.109076418,9688935.145017326,5.674616925552922e-10,0.005498099536449988
0.7000000000000002,100.0,100000.0,1.0000000000000002e-10,6.73224255735789e-24,0.8859723422313637,29262166.109076418,9688935.145017326,5.451014376964605e-10,0.005281452477296708
0.7500000000000002,1.0,1000.0,1.0000000000000002e-10,8.900653241063567e-24,0.8782234288868788,22133206.93037805,13715590.933620343,0.053405797824782844,732492.0764483527
0.7500000000000002,2.0,2000.0,1.0000000000000002e-10,8.900653241063567e-24,0.8782234288868788,22133206.93037805,13715590.933620343,0.0033378623640489278,45780.75477802204
0.7500000000000002,3.0,3000.0,1.0000000000000002e-10,8.900653241063567e-24,0.8782234288868788,22133206.93037805,13715590.933620343,0.0006593308373429982,9043.112054917934
0.7500000000000002,4.0,4000.0,1.0000000000000002e-10,8.900653241063567e-24,0.8782234288868788,22133206.93037805,13715590.933620343,0.00020861639775305798,2861.2971736263776
0.7500000000000002,5.0,5000.0,1.0000000000000002e-10,8.900653241063567e-24,0.8782234288868788,22133206.93037805,13715590.933620343,8.544927651965255e-05,1171.9873223173643
0.7500000000000002,6.0,6000.0,1.0000000000000002e-10,8.900653241063567e-24,0.8782234288868788,22133206.93037805,13715590.933620343,4.1208177333937386e-05,565.1945034323709
0.7500000000000002,7.0,7000.0,1.0000000000000002e-10,8.900653241063567e-24,0.8782234288868788,22133206.93037805,13715590.933620343,2.2243147782083653e-05,305.077916055124
0.7500000000000002,8.0,8000.0,1.0000000000000002e-10,8.900653241063567e-24,0.8782234288868788,22133206.93037805,13715590.933620343,1.3038524859566124e-05,178.8310733516486
0.7500000000000002,9.0,9000.0,1.0000000000000002e-10,8.900653241063567e-24,0.8782234288868788,22133206.93037805,13715590.933620343,8.139886880777755e-06,111.64335870269056
0.7500000000000002,10.0,10000.0,1.0000000000000002e-10,8.900653241063567e-24,0.8782234288868788,22133206.93037805,13715590.933620343,5.340579782478285e-06,73.24920764483527
0.7500000000000002,11.0,11000.0,1.0000000000000002e-10,8.900653241063567e-24,0.8782234288868788,22133206.93037805,13715590.933620343,3.6476878508833304e-06,50.03019441625248
0.7500000000000002,12.0,12000.0,1.0000000000000002e-10,8.900653241063567e-24,0.8782234288868788,22133206.93037805,13715590.933620343,2.5755110833710866e-06,35.32465646452318
0.7500000000000002,13.0,13000.0,1.0000000000000002e-10,8.900653241063567e-24,0.8782234288868788,22133206.93037805,13715590.933620343,1.8698854320500984e-06,25.646583678735087
0.7500000000000002,14.0,14000.0,1.0000000000000002e-10,8.900653241063567e-24,0.8782234288868788,22133206.93037805,13715590.933620343,1.3901967363802283e-06,19.06736975344525
0.7500000000000002,15.0,15000.0,1.0000000000000002e-10,8.900653241063567e-24,0.8782234288868788,22133206.93037805,13715590.933620343,1.0549293397487967e-06,14.46897928786869
0.7500000000000002,16.0,16000.0,1.0000000000000002e-10,8.900653241063567e-24,0.8782234288868788,22133206.93037805,13715590.933620343,8.149078037228828e-07,11.176942084478037
0.7500000000000002,17.0,17000.0,1.0000000000000002e-10,8.900653241063567e-24,0.8782234288868788,22133206.93037805,13715590.933620343,6.394295784866424e-07,8.77015452938007
0.7500000000000002,18.0,18000.0,1.0000000000000002e-10,8.900653241063567e-24,0.8782234288868788,22133206.93037805,13715590.933620343,5.087429300486097e-07,6.97770991891816
0.7500000000000002,19.0,19000.0,1.0000000000000002e-10,8.900653241063567e-24,0.8782234288868788,22133206.93037805,13715590.933620343,4.098019338769871e-07,5.620675688863288
0.7500000000000002,20.0,20000.0,1.0000000000000002e-10,8.900653241063567e-24,0.8782234288868788,22133206.93037805,13715590.933620343,3.337862364048928e-07,4.578075477802204
0.7500000000000002,21.0,21000.0,1.0000000000000002e-10,8.900653241063567e-24,0.8782234288868788,22133206.93037805,13715590.933620343,2.7460676274177344e-07,3.7663940253719
0.7500000000000002,22.0,22000.0,1.0000000000000002e-10,8.900653241063567e-24,0.8782234288868788,22133206.93037805,13715590.933620343,2.2798049068020815e-07,3.12688715101578
0.7500000000000002,23.0,23000.0,1.0000000000000002e-10,8.900653241063567e-24,0.8782234288868788,22133206.93037805,13715590.933620343,1.9084336399878086e-07,2.617529513003286
0.7500000000000002,24.0,24000.0,1.0000000000000002e-10,8.900653241063567e-24,0.8782234288868788,22133206.93037805,13715590.933620343,1.6096944271069291e-07,2.2077910290326987
0.7500000000000002,25.0,25000.0,1.0000000000000002e-10,8.900653241063567e-24,0.8782234288868788,22133206.93037805,13715590.933620343,1.3671884243144412e-07,1.8751797157077832
0.7500000000000002,26.0,26000.0,1.0000000000000002e-10,8.900653241063567e-24,0.8782234288868788,22133206.93037805,13715590.933620343,1.1686783950313115e-07,1.602911479920943
0.7500000000000002,27.0,27000.0,1.0000000000000002e-10,8.900653241063567e-24,0.8782234288868788,22133206.93037805,13715590.933620343,1.0049243062688582e-07,1.3783130704035864
0.7500000000000002,28.0,28000.0,1.0000000000000002e-10,8.900653241063567e-24,0.8782234288868788,22133206.93037805,13715590.933620343,8.688729602376427e-08,1.191710609590328
0.7500000000000002,29.0,29000.0,1.0000000000000002e-10,8.900653241063567e-24,0.8782234288868788,22133206.93037805,13715590.933620343,7.550859958740989e-08,1.0356450639114478
0.7500000000000002,30.0,30000.0,1.0000000000000002e-10,8.900653241063567e-24,0.8782234288868788,22133206.93037805,13715590.933620343,6.593308373429979e-08,0.9043112054917931
0.7500000000000002,31.0,31000.0,1.0000000000000002e-10,8.900653241063567e-24,0.8782234288868788,22133206.93037805,13715590.933620343,5.782846066822828e-08,0.7931515108463724
0.7500000000000002,32.0,32000.0,1.0000000000000002e-10,8.900653241063567e-24,0.8782234288868788,22133206.93037805,13715590.933620343,5.093173773268017e-08,0.6985588802798773
0.7500000000000002,33.0,33000.0,1.0000000000000002e-10,8.900653241063567e-24,0.8782234288868788,22133206.93037805,13715590.933620343,4.503318334423866e-08,0.6176567211883024
0.7500000000000002,34.0,34000.0,1.0000000000000002e-10,8.900653241063567e-24,0.8782234288868788,22133206.93037805,13715590.933620343,3.996434865541515e-08,0.5481346580862544
0.7500000000000002,35.0,35000.0,1.0000000000000002e-10,8.900653241063567e-24,0.8782234288868788,22133206.93037805,13715590.933620343,3.5589036451333836e-08,0.4881246656881983
0.7500000000000002,36.0,36000.0,1.0000000000000002e-10,8.900653241063567e-24,0.8782234288868788,22133206.93037805,13715590.933620343,3.179643312803811e-08,0.436106869932385
0.7500000000000002,37.0,37000.0,1.0000000000000002e-10,8.900653241063567e-24,0.8782234288868788,22133206.93037805,13715590.933620343,2.849584311314922e-08,0.39083732744857713
0.7500000000000002,38.0,38000.0,1.0000000000000002e-10,8.900653241063567e-24,0.8782234288868788,22133206.93037805,13715590.933620343,2.5612620867311694e-08,0.3512922305539555
0.7500000000000002,39.0,39000.0,1.0000000000000002e-10,8.900653241063567e-24,0.8782234288868788,22133206.93037805,13715590.933620343,2.308500533395182e-08,0.31662448986092684
0.7500000000000002,40.0,40000.0,1.0000000000000002e-10,8.900653241063567e-24,0.8782234288868788,22133206.93037805,13715590.933620343,2.08616397753058e-08,0.28612971736263776
0.7500000000000002,41.0,41000.0,1.0000000000000002e-10,8.900653241063567e-24,0.8782234288868788,22133206.93037805,13715590.933620343,1.88996160060185e-08,0.25921940194105325
0.7500000000000002,42.0,42000.0,1.0000000000000002e-10,8.900653241063567e-24,0.8782234288868788,22133206.93037805,13715590.933620343,1.716292267136084e-08,0.23539962658574376
0.7500000000000002,43.0,43000.0,1.0000000000000002e-10,8.900653241063567e-24,0.8782234288868788,22133206.93037805,13715590.933620343,1.5621206915752873e-08,0.2142540839459075
0.7500000000000002,44.0,44000.0,1.0000000000000002e-10,8.900653241063567e-24,0.8782234288868788,22133206.93037805,13715590.933620343,1.424878066751301e-08,0.19543044693848624
0.7500000000000002,45.0,45000.0,1.0000000000000002e-10,8.900653241063567e-24,0.8782234288868788,22133206.93037805,13715590.933620343,1.3023819009244405e-08,0.17862937392430484
0.7500000000000002,46.0,46000.0,1.0000000000000002e-10,8.900653241063567e-24,0.8782234288868788,22133206.93037805,13715590.933620343,1.1927710249923804e-08,0.16359559456270537
0.7500000000000002,47.0,47000.0,1.0000000000000002e-10,8.900653241063567e-24,0.8782234288868788,22133206.93037805,13715590.933620343,1.0944526460804066e-08,0.15011064789857217
0.7500000000000002,48.0,48000.0,1.0000000000000002e-10,8.900653241063567e-24,0.8782234288868788,22133206.93037805,13715590.933620343,1.0060590169418307e-08,0.13798693931454367
0.7500000000000002,49.0,49000.0,1.0000000000000002e-10,8.900653241063567e-24,0.8782234288868788,22133206.93037805,13715590.933620343,9.264118193287652e-09,0.1270628554998434
0.7500000000000002,50.0,50000.0,1.0000000000000002e-10,8.900653241063567e-24,0.8782234288868788,22133206.93037805,13715590.933620343,8.544927651965258e-09,0.11719873223173645
0.7500000000000002,51.0,51000.0,1.0000000000000002e-10,8.900653241063567e-24,0.8782234288868788,22133206.93037805,13715590.933620343,7.894192326995583e-09,0.1082735127083959
0.7500000000000002,52.0,52000.0,1.0000000000000002e-10,8.900653241063567e-24,0.8782234288868788,22133206.93037805,13715590.933620343,7.304239968945697e-09,0.10018196749505894
0.7500000000000002,53.0,53000.0,1.0000000000000002e-10,8.900653241063567e-24,0.8782234288868788,22133206.93037805,13715590.933620343,6.768383045949019e-09,0.092832373140288
0.7500000000000002,54.0,54000.0,1.0000000000000002e-10,8.900653241063567e-24,0.8782234288868788,22133206.93037805,13715590.933620343,6.280776914180364e-09,0.08614456690022415
0.7500000000000002,55.0,55000.0,1.0000000000000002e-10,8.900653241063567e-24,0.8782234288868788,22133206.93037805,13715590.933620343,5.83630056141333e-09,0.08004831106600398
0.7500000000000002,56.0,56000.0,1.0000000000000002e-10,8.900653241063567e-24,0.8782234288868788,22133206.93037805,13715590.933620343,5.430456001485267e-09,0.0744819130993955
0.7500000000000002,57.0,57000.0,1.0000000000000002e-10,8.900653241063567e-24,0.8782234288868788,22133206.93037805,13715590.933620343,5.059283134283791e-09,0.06939105788720108
0.7500000000000002,58.0,58000.0,1.0000000000000002e-10,8.900653241063567e-24,0.8782234288868788,22133206.93037805,13715590.933620343,4.719287474213118e-09,0.06472781649446549
0.7500000000000002,59.0,59000.0,1.0000000000000002e-10,8.900653241063567e-24,0.8782234288868788,22133206.93037805,13715590.933620343,4.407378621861876e-09,0.060449802267040866
0.7500000000000002,60.0,60000.0,1.0000000000000002e-10,8.900653241063567e-24,0.8782234288868788,22133206.93037805,13715590.933620343,4.120817733393737e-09,0.05651945034323707
0.7500000000000002,61.0,61000.0,1.0000000000000002e-10,8.900653241063567e-24,0.8782234288868788,22133206.93037805,13715590.933620343,3.857172549127411e-09,0.05290340084422119
0.7500000000000002,62.0,62000.0,1.0000000000000002e-10,8.900653241063567e-24,0.8782234288868788,22133206.93037805,13715590.933620343,3.6142787917642673e-09,0.04957196942789827
0.7500000000000002,63.0,63000.0,1.0000000000000002e-10,8.900653241063567e-24,0.8782234288868788,22133206.93037805,13715590.933620343,3.3902069474293016e-09,0.04649869167125803
0.7500000000000002,64.0,64000.0,1.0000000000000002e-10,8.900653241063567e-24,0.8782234288868788,22133206.93037805,13715590.933620343,3.1832336082925108e-09,0.043659930017492334
0.7500000000000002,65.0,65000.0,1.0000000000000002e-10,8.900653241063567e-24,0.8782234288868788,22133206.93037805,13715590.933620343,2.991816691280157e-09,0.04103453388597614
0.7500000000000002,66.0,66000.0,1.0000000000000002e-10,8.900653241063567e-24,0.8782234288868788,22133206.93037805,13715590.933620343,2.8145739590149164e-09,0.0386035450742689
0.7500000000000002,67.0,67000.0,1.0000000000000002e-10,8.900653241063567e-24,0.8782234288868788,22133206.93037805,13715590.933620343,2.650264361212601e-09,0.03634994184434466
0.7500000000000002,68.0,68000.0,1.0000000000000002e-10,8.900653241063567e-24,0.8782234288868788,22133206.93037805,13715590.933620343,2.4977717909634467e-09,0.0342584161303909
0.7500000000000002,69.0,69000.0,1.0000000000000002e-10,8.900653241063567e-24,0.8782234288868788,22133206.93037805,13715590.933620343,2.356090913565197e-09,0.032315179172880085
0.7500000000000002,70.0,70000.0,1.0000000000000002e-10,8.900653241063567e-24,0.8782234288868788,22133206.93037805,13715590.933620343,2.2243147782083648e-09,0.030507791605512393
0.7500000000000002,71.0,71000.0,1.0000000000000002e-10,8.900653241063567e-24,0.8782234288868788,22133206.93037805,13715590.933620343,2.1016239667412344e-09,0.028825014624115297
0.7500000000000002,72.0,72000.0,1.0000000000000002e-10,8.900653241063567e-24,0.8782234288868788,22133206.93037805,13715590.933620343,1.9872770705023817e-09,0.027256679370774063
0.7500000000000002,73.0,73000.0,1.0000000000000002e-10,8.900653241063567e-24,0.8782234288868788,22133206.93037805,13715590.933620343,1.8806023170513566e-09,0.025793572089494995
0.7500000000000002,74.0,74000.0,1.0000000000000002e-10,8.900653241063567e-24,0.8782234288868788,22133206.93037805,13715590.933620343,1.7809901945718263e-09,0.02442733296553607
0.7500000000000002,75.0,75000.0,1.0000000000000002e-10,8.900653241063567e-24,0.8782234288868788,22133206.93037805,13715590.933620343,1.6878869435980753e-09,0.023150366860589914
0.7500000000000002,76.0,76000.0,1.0000000000000002e-10,8.900653241063567e-24,0.8782234288868788,22133206.93037805,13715590.933620343,1.6007888042069809e-09,0.021955764409622217
0.7500000000000002,77.0,77000.0,1.0000000000000002e-10,8.900653241063567e-24,0.8782234288868788,22133206.93037805,13715590.933620343,1.5192369224836856e-09,0.02083723216003851
0.7500000000000002,78.0,78000.0,1.0000000000000002e-10,8.900653241063567e-24,0.8782234288868788,22133206.93037805,13715590.933620343,1.4428128333719888e-09,0.019789030616307927
0.7500000000000002,79.0,79000.0,1.0000000000000002e-10,8.900653241063567e-24,0.8782234288868788,22133206.93037805,13715590.933620343,1.371134448341272e-09,0.018805919208444082
0.7500000000000002,80.0,80000.0,1.0000000000000002e-10,8.900653241063567e-24,0.8782234288868788,22133206.93037805,13715590.933620343,1.3038524859566125e-09,0.01788310733516486
0.7500000000000002,81.0,81000.0,1.0000000000000002e-10,8.900653241063567e-24,0.8782234288868788,22133206.93037805,13715590.933620343,1.2406472916899486e-09,0.017016210745723293
0.7500000000000002,82.0,82000.0,1.0000000000000002e-10,8.900653241063567e-24,0.8782234288868788,22133206.93037805,13715590.933620343,1.1812260003761563e-09,0.016201212621315828
0.7500000000000002,83.0,83000.0,1.0000000000000002e-10,8.900653241063567e-24,0.8782234288868788,22133206.93037805,13715590.933620343,1.1253200007809557e-09,0.015434428800132913
0.7500000000000002,84.0,84000.0,1.0000000000000002e-10,8.900653241063567e-24,0.8782234288868788,22133206.93037805,13715590.933620343,1.0726826669600525e-09,0.014712476661608985
0.7500000000000002,85.0,85000.0,1.0000000000000002e-10,8.900653241063567e-24,0.8782234288868788,22133206.93037805,13715590.933620343,1.0230873255786275e-09,0.014032247247008108
0.7500000000000002,86.0,86000.0,1.0000000000000002e-10,8.900653241063567e-24,0.8782234288868788,22133206.93037805,13715590.933620343,9.763254322345546e-10,0.013390880246619219
0.7500000000000002,87.0,87000.0,1.0000000000000002e-10,8.900653241063567e-24,0.8782234288868788,22133206.93037805,13715590.933620343,9.322049331778997e-10,0.012785741529770958
0.7500000000000002,88.0,88000.0,1.0000000000000002e-10,8.900653241063567e-24,0.8782234288868788,22133206.93037805,13715590.933620343,8.905487917195631e-10,0.01221440293365539
0.7500000000000002,89.0,89000.0,1.0000000000000002e-10,8.900653241063567e-24,0.8782234288868788,22133206.93037805,13715590.933620343,8.511936611378425e-10,0.011674624061457299
0.7500000000000002,90.0,90000.0,1.0000000000000002e-10,8.900653241063567e-24,0.8782234288868788,22133206.93037805,13715590.933620343,8.139886880777753e-10,0.011164335870269052
0.7500000000000002,91.0,91000.0,1.0000000000000002e-10,8.900653241063567e-24,0.8782234288868788,22133206.93037805,13715590.933620343,7.787944323407322e-10,0.010681625855366549
0.7500000000000002,92.0,92000.0,1.0000000000000002e-10,8.900653241063567e-24,0.8782234288868788,22133206.93037805,13715590.933620343,7.454818906202377e-10,0.010224724660169085
0.7500000000000002,93.0,93000.0,1.0000000000000002e-10,8.900653241063567e-24,0.8782234288868788,22133206.93037805,13715590.933620343,7.139316131880035e-10,0.009791993961066326
0.7500000000000002,94.0,94000.0,1.0000000000000002e-10,8.900653241063567e-24,0.8782234288868788,22133206.93037805,13715590.933620343,6.840329038002541e-10,0.009381915493660761
0.7500000000000002,95.0,95000.0,1.0000000000000002e-10,8.900653241063567e-24,0.8782234288868788,22133206.93037805,13715590.933620343,6.556830942031794e-10,0.00899308110218126
0.7500000000000002,96.0,96000.0,1.0000000000000002e-10,8.900653241063567e-24,0.8782234288868788,22133206.93037805,13715590.933620343,6.287868855886442e-10,0.00862418370715898
0.7500000000000002,97.0,97000.0,1.0000000000000002e-10,8.900653241063567e-24,0.8782234288868788,22133206.93037805,13715590.933620343,6.032557502052099e-10,0.008274009098168915
0.7500000000000002,98.0,98000.0,1.0000000000000002e-10,8.900653241063567e-24,0.8782234288868788,22133206.93037805,13715590.933620343,5.790073870804782e-10,0.007941428468740212
0.7500000000000002,99.0,99000.0,1.0000000000000002e-10,8.900653241063567e-24,0.8782234288868788,22133206.93037805,13715590.933620343,5.559652264720821e-10,0.0076253916196086695
0.7500000000000002,100.0,100000.0,1.0000000000000002e-10,8.900653241063567e-24,0.8782234288868788,22133206.93037805,13715590.933620343,5.340579782478286e-10,0.007324920764483528
0.8000000000000002,1.0,1000.0,1.0000000000000002e-10,1.1716837072198252e-23,0.8722624800115933,16813411.22916544,19288832.89264835,0.05224209806627357,1007689.0995616984
0.8000000000000002,2.0,2000.0,1.0000000000000002e-10,1.1716837072198252e-23,0.8722624800115933,16813411.22916544,19288832.89264835,0.003265131129142098,62980.56872260615
0.8000000000000002,3.0,3000.0,1.0000000000000002e-10,1.1716837072198252e-23,0.8722624800115933,16813411.22916544,19288832.89264835,0.0006449641736576985,12440.606167428377
0.8000000000000002,4.0,4000.0,1.0000000000000002e-10,1.1716837072198252e-23,0.8722624800115933,16813411.22916544,19288832.89264835,0.00020407069557138114,3936.2855451628843
0.8000000000000002,5.0,5000.0,1.0000000000000002e-10,1.1716837072198252e-23,0.8722624800115933,16813411.22916544,19288832.89264835,8.358735690603771e-05,1612.3025592987174
0.8000000000000002,6.0,6000.0,1.0000000000000002e-10,1.1716837072198252e-23,0.8722624800115933,16813411.22916544,19288832.89264835,4.0310260853606157e-05,777.5378854642736
0.8000000000000002,7.0,7000.0,1.0000000000000002e-10,1.1716837072198252e-23,0.8722624800115933,16813411.22916544,19288832.89264835,2.175847482976825e-05,419.69558499029506
0.8000000000000002,8.0,8000.0,1.0000000000000002e-10,1.1716837072198252e-23,0.8722624800115933,16813411.22916544,19288832.89264835,1.2754418473211321e-05,246.01784657268027
0.8000000000000002,9.0,9000.0,1.0000000000000002e-10,1.1716837072198252e-23,0.8722624800115933,16813411.22916544,19288832.89264835,7.96252066244072e-06,153.5877304620787
0.8000000000000002,10.0,10000.0,1.0000000000000002e-10,1.1716837072198252e-23,0.8722624800115933,16813411.22916544,19288832.89264835,5.224209806627357e-06,100.76890995616984
0.8000000000000002,11.0,11000.0,1.0000000000000002e-10,1.1716837072198252e-23,0.8722624800115933,16813411.22916544,19288832.89264835,3.5682055915766385e-06,68.82652138253523
0.8000000000000002,12.0,12000.0,1.0000000000000002e-10,1.1716837072198252e-23,0.8722624800115933,16813411.22916544,19288832.89264835,2.5193913033503848e-06,48.5961178415171
0.8000000000000002,13.0,13000.0,1.0000000000000002e-10,1.1716837072198252e-23,0.8722624800115933,16813411.22916544,19288832.89264835,1.829141068809691e-06,35.28199641335033
0.8000000000000002,14.0,14000.0,1.0000000000000002e-10,1.1716837072198252e-23,0.8722624800115933,16813411.22916544,19288832.89264835,1.3599046768605157e-06,26.23097406189344
0.8000000000000002,15.0,15000.0,1.0000000000000002e-10,1.1716837072198252e-23,0.8722624800115933,16813411.22916544,19288832.89264835,1.031942677852317e-06,19.904969867885395
0.8000000000000002,16.0,16000.0,1.0000000000000002e-10,1.1716837072198252e-23,0.8722624800115933,16813411.22916544,19288832.89264835,7.971511545757076e-07,15.376115410792517
0.8000000000000002,17.0,17000.0,1.0000000000000002e-10,1.1716837072198252e-23,0.8722624800115933,16813411.22916544,19288832.89264835,6.254965585454386e-07,12.065098592709601
0.8000000000000002,18.0,18000.0,1.0000000000000002e-10,1.1716837072198252e-23,0.8722624800115933,16813411.22916544,19288832.89264835,4.97657541402545e-07,9.599233153879918
0.8000000000000002,19.0,19000.0,1.0000000000000002e-10,1.1716837072198252e-23,0.8722624800115933,16813411.22916544,19288832.89264835,4.008724462386995e-07,7.732361626765434
0.8000000000000002,20.0,20000.0,1.0000000000000002e-10,1.1716837072198252e-23,0.8722624800115933,16813411.22916544,19288832.89264835,3.265131129142098e-07,6.298056872260615
0.8000000000000002,21.0,21000.0,1.0000000000000002e-10,1.1716837072198252e-23,0.8722624800115933,16813411.22916544,19288832.89264835,2.6862314604652155e-07,5.181426975188827
0.8000000000000002,22.0,22000.0,1.0000000000000002e-10,1.1716837072198252e-23,0.8722624800115933,16813411.22916544,19288832.89264835,2.230128494735399e-07,4.301657586408452
0.8000000000000002,23.0,23000.0,1.0000000000000002e-10,1.1716837072198252e-23,0.8722624800115933,16813411.22916544,19288832.89264835,1.8668493203738393e-07,3.600934457644513
0.8000000000000002,24.0,24000.0,1.0000000000000002e-10,1.1716837072198252e-23,0.8722624800115933,16813411.22916544,19288832.89264835,1.5746195645939905e-07,3.0372573650948187
0.8000000000000002,25.0,25000.0,1.0000000000000002e-10,1.1716837072198252e-23,0.8722624800115933,16813411.22916544,19288832.89264835,1.3373977104966035e-07,2.579684094877948
0.8000000000000002,26.0,26000.0,1.0000000000000002e-10,1.1716837072198252e-23,0.8722624800115933,16813411.22916544,19288832.89264835,1.1432131680060568e-07,2.2051247758343955
0.8000000000000002,27.0,27000.0,1.0000000000000002e-10,1.1716837072198252e-23,0.8722624800115933,16813411.22916544,19288832.89264835,9.83027242276632e-08,1.8961448205194897
0.8000000000000002,28.0,28000.0,1.0000000000000002e-10,1.1716837072198252e-23,0.8722624800115933,16813411.22916544,19288832.89264835,8.499404230378223e-08,1.63943587886834
0.8000000000000002,29.0,29000.0,1.0000000000000002e-10,1.1716837072198252e-23,0.8722624800115933,16813411.22916544,19288832.89264835,7.386328498330024e-08,1.4247365609449405
0.8000000000000002,30.0,30000.0,1.0000000000000002e-10,1.1716837072198252e-23,0.8722624800115933,16813411.22916544,19288832.89264835,6.449641736576982e-08,1.2440606167428372
0.8000000000000002,31.0,31000.0,1.0000000000000002e-10,1.1716837072198252e-23,0.8722624800115933,16813411.22916544,19288832.89264835,5.6568392127816875e-08,1.091138262759264
0.8000000000000002,32.0,32000.0,1.0000000000000002e-10,1.1716837072198252e-23,0.8722624800115933,16813411.22916544,19288832.89264835,4.982194716098172e-08,0.9610072131745323
0.8000000000000002,33.0,33000.0,1.0000000000000002e-10,1.1716837072198252e-23,0.8722624800115933,16813411.22916544,19288832.89264835,4.4051920883662216e-08,0.8497101405251265
0.8000000000000002,34.0,34000.0,1.0000000000000002e-10,1.1716837072198252e-23,0.8722624800115933,16813411.22916544,19288832.89264835,3.909353490908991e-08,0.7540686620443501
0.8000000000000002,35.0,35000.0,1.0000000000000002e-10,1.1716837072198252e-23,0.8722624800115933,16813411.22916544,19288832.89264835,3.481355972762919e-08,0.6715129359844719
0.8000000000000002,36.0,36000.0,1.0000000000000002e-10,1.1716837072198252e-23,0.8722624800115933,16813411.22916544,19288832.89264835,3.1103596337659065e-08,0.5999520721174949
0.8000000000000002,37.0,37000.0,1.0000000000000002e-10,1.1716837072198252e-23,0.8722624800115933,16813411.22916544,19288832.89264835,2.7874925401965774e-08,0.5376747779735565
0.8000000000000002,38.0,38000.0,1.0000000000000002e-10,1.1716837072198252e-23,0.8722624800115933,16813411.22916544,19288832.89264835,2.5054527889918718e-08,0.48327260167283964
0.8000000000000002,39.0,39000.0,1.0000000000000002e-10,1.1716837072198252e-23,0.8722624800115933,16813411.22916544,19288832.89264835,2.2581988503823333e-08,0.4355802026339544
0.8000000000000002,40.0,40000.0,1.0000000000000002e-10,1.1716837072198252e-23,0.8722624800115933,16813411.22916544,19288832.89264835,2.0407069557138112e-08,0.3936285545162884
0.8000000000000002,41.0,41000.0,1.0000000000000002e-10,1.1716837072198252e-23,0.8722624800115933,16813411.22916544,19288832.89264835,1.8487797823762717e-08,0.3566080427756269
0.8000000000000002,42.0,42000.0,1.0000000000000002e-10,1.1716837072198252e-23,0.8722624800115933,16813411.22916544,19288832.89264835,1.6788946627907597e-08,0.32383918594930167
0.8000000000000002,43.0,43000.0,1.0000000000000002e-10,1.1716837072198252e-23,0.8722624800115933,16813411.22916544,19288832.89264835,1.528082449556835e-08,0.2947492701569054
0.8000000000000002,44.0,44000.0,1.0000000000000002e-10,1.1716837072198252e-23,0.8722624800115933,16813411.22916544,19288832.89264835,1.3938303092096244e-08,0.26885359915052826
0.8000000000000002,45.0,45000.0,1.0000000000000002e-10,1.1716837072198252e-23,0.8722624800115933,16813411.22916544,19288832.89264835,1.274003305990515e-08,0.24574036873932587
0.8000000000000002,46.0,46000.0,1.0000000000000002e-10,1.1716837072198252e-23,0.8722624800115933,16813411.22916544,19288832.89264835,1.1667808252336496e-08,0.22505840360278206
0.8000000000000002,47.0,47000.0,1.0000000000000002e-10,1.1716837072198252e-23,0.8722624800115933,16813411.22916544,19288832.89264835,1.0706047806459801e-08,0.20650716707950753
0.8000000000000002,48.0,48000.0,1.0000000000000002e-10,1.1716837072198252e-23,0.8722624800115933,16813411.22916544,19288832.89264835,9.84137227871244e-09,0.18982858531842617
0.8000000000000002,49.0,49000.0,1.0000000000000002e-10,1.1716837072198252e-23,0.8722624800115933,16813411.22916544,19288832.89264835,9.062255239387026e-09,0.17480032694306333
0.8000000000000002,50.0,50000.0,1.0000000000000002e-10,1.1716837072198252e-23,0.8722624800115933,16813411.22916544,19288832.89264835,8.358735690603772e-09,0.16123025592987175
0.8000000000000002,51.0,51000.0,1.0000000000000002e-10,1.1716837072198252e-23,0.8722624800115933,16813411.22916544,19288832.89264835,7.722179735128869e-09,0.14895183447789626
0.8000000000000002,52.0,52000.0,1.0000000000000002e-10,1.1716837072198252e-23,0.8722624800115933,16813411.22916544,19288832.89264835,7.145082300037855e-09,0.13782029848964972
0.8000000000000002,53.0,53000.0,1.0000000000000002e-10,1.1716837072198252e-23,0.8722624800115933,16813411.22916544,19288832.89264835,6.620901573208729e-09,0.12770946404429573
0.8000000000000002,54.0,54000.0,1.0000000000000002e-10,1.1716837072198252e-23,0.8722624800115933,16813411.22916544,19288832.89264835,6.14392026422895e-09,0.11850905128246811
0.8000000000000002,55.0,55000.0,1.0000000000000002e-10,1.1716837072198252e-23,0.8722624800115933,16813411.22916544,19288832.89264835,5.709128946522623e-09,0.11012243421205639
0.8000000000000002,56.0,56000.0,1.0000000000000002e-10,1.1716837072198252e-23,0.8722624800115933,16813411.22916544,19288832.89264835,5.3121276439863895e-09,0.10246474242927125
0.8000000000000002,57.0,57000.0,1.0000000000000002e-10,1.1716837072198252e-23,0.8722624800115933,16813411.22916544,19288832.89264835,4.949042546156784e-09,0.09546125465142512
0.8000000000000002,58.0,58000.0,1.0000000000000002e-10,1.1716837072198252e-23,0.8722624800115933,16813411.22916544,19288832.89264835,4.616455311456265e-09,0.08904603505905878
0.8000000000000002,59.0,59000.0,1.0000000000000002e-10,1.1716837072198252e-23,0.8722624800115933,16813411.22916544,19288832.89264835,4.311342879548902e-09,0.08316077234652812
0.8000000000000002,60.0,60000.0,1.0000000000000002e-10,1.1716837072198252e-23,0.8722624800115933,16813411.22916544,19288832.89264835,4.031026085360614e-09,0.07775378854642732
0.8000000000000002,61.0,61000.0,1.0000000000000002e-10,1.1716837072198252e-23,0.8722624800115933,16813411.22916544,19288832.89264835,3.773125667575812e-09,0.07277919048483208
0.8000000000000002,62.0,62000.0,1.0000000000000002e-10,1.1716837072198252e-23,0.8722624800115933,16813411.22916544,19288832.89264835,3.5355245079885547e-09,0.068196141422454
0.8000000000000002,63.0,63000.0,1.0000000000000002e-10,1.1716837072198252e-23,0.8722624800115933,16813411.22916544,19288832.89264835,3.316335136376809e-09,0.06396823426159044
0.8000000000000002,64.0,64000.0,1.0000000000000002e-10,1.1716837072198252e-23,0.8722624800115933,16813411.22916544,19288832.89264835,3.1138716975613577e-09,0.06006295082340827
0.8000000000000002,65.0,65000.0,1.0000000000000002e-10,1.1716837072198252e-23,0.8722624800115933,16813411.22916544,19288832.89264835,2.9266257100955054e-09,0.05645119426136052
0.8000000000000002,66.0,66000.0,1.0000000000000002e-10,1.1716837072198252e-23,0.8722624800115933,16813411.22916544,19288832.89264835,2.7532450552288885e-09,0.053106883782820406
0.8000000000000002,67.0,67000.0,1.0000000000000002e-10,1.1716837072198252e-23,0.8722624800115933,16813411.22916544,19288832.89264835,2.592515724870768e-09,0.05000660258859535
0.8000000000000002,68.0,68000.0,1.0000000000000002e-10,1.1716837072198252e-23,0.8722624800115933,16813411.22916544,19288832.89264835,2.4433459318181195e-09,0.04712929137777188
0.8000000000000002,69.0,69000.0,1.0000000000000002e-10,1.1716837072198252e-23,0.8722624800115933,16813411.22916544,19288832.89264835,2.304752247375111e-09,0.04445598095857425
0.8000000000000002,70.0,70000.0,1.0000000000000002e-10,1.1716837072198252e-23,0.8722624800115933,16813411.22916544,19288832.89264835,2.1758474829768245e-09,0.041969558499029495
0.8000000000000002,71.0,71000.0,1.0000000000000002e-10,1.1716837072198252e-23,0.8722624800115933,16813411.22916544,19288832.89264835,2.0558300754001113e-09,0.039654562780073406
0.8000000000000002,72.0,72000.0,1.0000000000000002e-10,1.1716837072198252e-23,0.8722624800115933,16813411.22916544,19288832.89264835,1.9439747711036916e-09,0.03749700450734343
0.8000000000000002,73.0,73000.0,1.0000000000000002e-10,1.1716837072198252e-23,0.8722624800115933,16813411.22916544,19288832.89264835,1.8396244354104029e-09,0.03548420831986383
0.8000000000000002,74.0,74000.0,1.0000000000000002e-10,1.1716837072198252e-23,0.8722624800115933,16813411.22916544,19288832.89264835,1.7421828376228609e-09,0.03360467362334728
0.8000000000000002,75.0,75000.0,1.0000000000000002e-10,1.1716837072198252e-23,0.8722624800115933,16813411.22916544,19288832.89264835,1.6511082845637077e-09,0.03184795178861664
0.8000000000000002,76.0,76000.0,1.0000000000000002e-10,1.1716837072198252e-23,0.8722624800115933,16813411.22916544,19288832.89264835,1.5659079931199199e-09,0.030204537604552478
0.8000000000000002,77.0,77000.0,1.0000000000000002e-10,1.1716837072198252e-23,0.8722624800115933,16813411.22916544,19288832.89264835,1.4861331076953924e-09,0.0286657731705686
0.8000000000000002,78.0,78000.0,1.0000000000000002e-10,1.1716837072198252e-23,0.8722624800115933,16813411.22916544,19288832.89264835,1.4113742814889583e-09,0.02722376266462215
0.8000000000000002,79.0,79000.0,1.0000000000000002e-10,1.1716837072198252e-23,0.8722624800115933,16813411.22916544,19288832.89264835,1.3412577515891067e-09,0.02587129663637153
0.8000000000000002,80.0,80000.0,1.0000000000000002e-10,1.1716837072198252e-23,0.8722624800115933,16813411.22916544,19288832.89264835,1.275441847321132e-09,0.024601784657268026
0.8000000000000002,81.0,81000.0,1.0000000000000002e-10,1.1716837072198252e-23,0.8722624800115933,16813411.22916544,19288832.89264835,1.2136138793538665e-09,0.023409195315055427
0.8000000000000002,82.0,82000.0,1.0000000000000002e-10,1.1716837072198252e-23,0.8722624800115933,16813411.22916544,19288832.89264835,1.1554873639851698e-09,0.022288002673476682
0.8000000000000002,83.0,83000.0,1.0000000000000002e-10,1.1716837072198252e-23,0.8722624800115933,16813411.22916544,19288832.89264835,1.100799542956304e-09,0.021233138432387826
0.8000000000000002,84.0,84000.0,1.0000000000000002e-10,1.1716837072198252e-23,0.8722624800115933,16813411.22916544,19288832.89264835,1.0493091642442248e-09,0.020239949121831354
0.8000000000000002,85.0,85000.0,1.0000000000000002e-10,1.1716837072198252e-23,0.8722624800115933,16813411.22916544,19288832.89264835,1.0007944936727015e-09,0.019304157748335358
0.8000000000000002,86.0,86000.0,1.0000000000000002e-10,1.1716837072198252e-23,0.8722624800115933,16813411.22916544,19288832.89264835,9.550515309730218e-10,0.018421829384806587
0.8000000000000002,87.0,87000.0,1.0000000000000002e-10,1.1716837072198252e-23,0.8722624800115933,16813411.22916544,19288832.89264835,9.118924072012373e-10,0.01758934025857951
0.8000000000000002,88.0,88000.0,1.0000000000000002e-10,1.1716837072198252e-23,0.8722624800115933,16813411.22916544,19288832.89264835,8.711439432560153e-10,0.016803349946908016
0.8000000000000002,89.0,89000.0,1.0000000000000002e-10,1.1716837072198252e-23,0.8722624800115933,16813411.22916544,19288832.89264835,8.326463517022537e-10,0.01606077633665808
0.8000000000000002,90.0,90000.0,1.0000000000000002e-10,1.1716837072198252e-23,0.8722624800115933,16813411.22916544,19288832.89264835,7.962520662440719e-10,0.015358773046207867
0.8000000000000002,91.0,91000.0,1.0000000000000002e-10,1.1716837072198252e-23,0.8722624800115933,16813411.22916544,19288832.89264835,7.618246850519327e-10,0.01469470904346119
0.8000000000000002,92.0,92000.0,1.0000000000000002e-10,1.1716837072198252e-23,0.8722624800115933,16813411.22916544,19288832.89264835,7.29238015771031e-10,0.014066150225173879
0.8000000000000002,93.0,93000.0,1.0000000000000002e-10,1.1716837072198252e-23,0.8722624800115933,16813411.22916544,19288832.89264835,6.983752114545294e-10,0.013470842750114374
0.8000000000000002,94.0,94000.0,1.0000000000000002e-10,1.1716837072198252e-23,0.8722624800115933,16813411.22916544,19288832.89264835,6.691279879037376e-10,0.01290669794246922
0.8000000000000002,95.0,95000.0,1.0000000000000002e-10,1.1716837072198252e-23,0.8722624800115933,16813411.22916544,19288832.89264835,6.413959139819192e-10,0.012371778602824695
0.8000000000000002,96.0,96000.0,1.0000000000000002e-10,1.1716837072198252e-23,0.8722624800115933,16813411.22916544,19288832.89264835,6.150857674195275e-10,0.011864286582401636
0.8000000000000002,97.0,97000.0,1.0000000000000002e-10,1.1716837072198252e-23,0.8722624800115933,16813411.22916544,19288832.89264835,5.901109494639808e-10,0.011382551492332782
0.8000000000000002,98.0,98000.0,1.0000000000000002e-10,1.1716837072198252e-23,0.8722624800115933,16813411.22916544,19288832.89264835,5.663909524616891e-10,0.010925020433941458
0.8000000000000002,99.0,99000.0,1.0000000000000002e-10,1.1716837072198252e-23,0.8722624800115933,16813411.22916544,19288832.89264835,5.438508751069408e-10,0.01049024864845835
0.8000000000000002,100.0,100000.0,1.0000000000000002e-10,1.1716837072198252e-23,0.8722624800115933,16813411.22916544,19288832.89264835,5.224209806627357e-10,0.010076890995616984
0.8500000000000002,1.0,1000.0,1.0000000000000002e-10,1.6112197545505095e-23,0.8742180046414789,12226761.709172199,28489466.803037867,0.05105703463978461,1454587.693431698
0.8500000000000002,2.0,2000.0,1.0000000000000002e-10,1.6112197545505095e-23,0.8742180046414789,12226761.709172199,28489466.803037867,0.003191064664986538,90911.73083948113
0.8500000000000002,3.0,3000.0,1.0000000000000002e-10,1.6112197545505095e-23,0.8742180046414789,12226761.709172199,28489466.803037867,0.0006303337609849952,17957.872758416026
0.8500000000000002,4.0,4000.0,1.0000000000000002e-10,1.6112197545505095e-23,0.8742180046414789,12226761.709172199,28489466.803037867,0.00019944154156165863,5681.98317746757
0.8500000000000002,5.0,5000.0,1.0000000000000002e-10,1.6112197545505095e-23,0.8742180046414789,12226761.709172199,28489466.803037867,8.169125542365537e-05,2327.3403094907167
0.8500000000000002,6.0,6000.0,1.0000000000000002e-10,1.6112197545505095e-23,0.8742180046414789,12226761.709172199,28489466.803037867,3.93958600615622e-05,1122.3670474010016
0.8500000000000002,7.0,7000.0,1.0000000000000002e-10,1.6112197545505095e-23,0.8742180046414789,12226761.709172199,28489466.803037867,2.126490405655336e-05,605.8257781889622
0.8500000000000002,8.0,8000.0,1.0000000000000002e-10,1.6112197545505095e-23,0.8742180046414789,12226761.709172199,28489466.803037867,1.2465096347603664e-05,355.12394859172315
0.8500000000000002,9.0,9000.0,1.0000000000000002e-10,1.6112197545505095e-23,0.8742180046414789,12226761.709172199,28489466.803037867,7.781898283765374e-06,221.70213281995098
0.8500000000000002,10.0,10000.0,1.0000000000000002e-10,1.6112197545505095e-23,0.8742180046414789,12226761.709172199,28489466.803037867,5.105703463978461e-06,145.4587693431698
0.8500000000000002,11.0,11000.0,1.0000000000000002e-10,1.6112197545505095e-23,0.8742180046414789,12226761.709172199,28489466.803037867,3.4872641650013387e-06,99.35029666222921
0.8500000000000002,12.0,12000.0,1.0000000000000002e-10,1.6112197545505095e-23,0.8742180046414789,12226761.709172199,28489466.803037867,2.4622412538476377e-06,70.1479404625626
0.8500000000000002,13.0,13000.0,1.0000000000000002e-10,1.6112197545505095e-23,0.8742180046414789,12226761.709172199,28489466.803037867,1.7876487041694836e-06,50.929158412930164
0.8500000000000002,14.0,14000.0,1.0000000000000002e-10,1.6112197545505095e-23,0.8742180046414789,12226761.709172199,28489466.803037867,1.329056503534585e-06,37.86411113681014
0.8500000000000002,15.0,15000.0,1.0000000000000002e-10,1.6112197545505095e-23,0.8742180046414789,12226761.709172199,28489466.803037867,1.0085340175759922e-06,28.732596413465636
0.8500000000000002,16.0,16000.0,1.0000000000000002e-10,1.6112197545505095e-23,0.8742180046414789,12226761.709172199,28489466.803037867,7.79068521725229e-07,22.195246786982697
0.8500000000000002,17.0,17000.0,1.0000000000000002e-10,1.6112197545505095e-23,0.8742180046414789,12226761.709172199,28489466.803037867,6.113077506230124e-07,17.41583186781406
0.8500000000000002,18.0,18000.0,1.0000000000000002e-10,1.6112197545505095e-23,0.8742180046414789,12226761.709172199,28489466.803037867,4.863686427353359e-07,13.856383301246936
0.8500000000000002,19.0,19000.0,1.0000000000000002e-10,1.6112197545505095e-23,0.8742180046414789,12226761.709172199,28489466.803037867,3.917790274766507e-07,11.1615755974225
0.8500000000000002,20.0,20000.0,1.0000000000000002e-10,1.6112197545505095e-23,0.8742180046414789,12226761.709172199,28489466.803037867,3.191064664986538e-07,9.091173083948112
0.8500000000000002,21.0,21000.0,1.0000000000000002e-10,1.6112197545505095e-23,0.8742180046414789,12226761.709172199,28489466.803037867,2.6252967971053524e-07,7.479330594925457
0.8500000000000002,22.0,22000.0,1.0000000000000002e-10,1.6112197545505095e-23,0.8742180046414789,12226761.709172199,28489466.803037867,2.1795401031258367e-07,6.209393541389326
0.8500000000000002,23.0,23000.0,1.0000000000000002e-10,1.6112197545505095e-23,0.8742180046414789,12226761.709172199,28489466.803037867,1.824501579103298e-07,5.197907716995357
0.8500000000000002,24.0,24000.0,1.0000000000000002e-10,1.6112197545505095e-23,0.8742180046414789,12226761.709172199,28489466.803037867,1.5389007836547735e-07,4.384246278910163
0.8500000000000002,25.0,25000.0,1.0000000000000002e-10,1.6112197545505095e-23,0.8742180046414789,12226761.709172199,28489466.803037867,1.307060086778486e-07,3.723744495185147
0.8500000000000002,26.0,26000.0,1.0000000000000002e-10,1.6112197545505095e-23,0.8742180046414789,12226761.709172199,28489466.803037867,1.1172804401059272e-07,3.1830724008081352
0.8500000000000002,27.0,27000.0,1.0000000000000002e-10,1.6112197545505095e-23,0.8742180046414789,12226761.709172199,28489466.803037867,9.607281831809099e-08,2.7370633681475414
0.8500000000000002,28.0,28000.0,1.0000000000000002e-10,1.6112197545505095e-23,0.8742180046414789,12226761.709172199,28489466.803037867,8.306603147091156e-08,2.3665069460506336
0.8500000000000002,29.0,29000.0,1.0000000000000002e-10,1.6112197545505095e-23,0.8742180046414789,12226761.709172199,28489466.803037867,7.218776503226386e-08,2.056590935472179
0.8500000000000002,30.0,30000.0,1.0000000000000002e-10,1.6112197545505095e-23,0.8742180046414789,12226761.709172199,28489466.803037867,6.303337609849951e-08,1.7957872758416022
0.8500000000000002,31.0,31000.0,1.0000000000000002e-10,1.6112197545505095e-23,0.8742180046414789,12226761.709172199,28489466.803037867,5.528519074258691e-08,1.5750456063605462
0.8500000000000002,32.0,32000.0,1.0000000000000002e-10,1.6112197545505095e-23,0.8742180046414789,12226761.709172199,28489466.803037867,4.869178260782681e-08,1.3872029241864186
0.8500000000000002,33.0,33000.0,1.0000000000000002e-10,1.6112197545505095e-23,0.8742180046414789,12226761.709172199,28489466.803037867,4.305264401236222e-08,1.2265468723732005
0.8500000000000002,34.0,34000.0,1.0000000000000002e-10,1.6112197545505095e-23,0.8742180046414789,12226761.709172199,28489466.803037867,3.820673441393827e-08,1.0884894917383787
0.8500000000000002,35.0,35000.0,1.0000000000000002e-10,1.6112197545505095e-23,0.8742180046414789,12226761.709172199,28489466.803037867,3.4023846490485365e-08,0.9693212451023392
0.8500000000000002,36.0,36000.0,1.0000000000000002e-10,1.6112197545505095e-23,0.8742180046414789,12226761.709172199,28489466.803037867,3.039804017095849e-08,0.8660239563279335
0.8500000000000002,37.0,37000.0,1.0000000000000002e-10,1.6112197545505095e-23,0.8742180046414789,12226761.709172199,28489466.803037867,2.724260863382848e-08,0.7761273943016093
0.8500000000000002,38.0,38000.0,1.0000000000000002e-10,1.6112197545505095e-23,0.8742180046414789,12226761.709172199,28489466.803037867,2.4486189217290668e-08,0.6975984748389062
0.8500000000000002,39.0,39000.0,1.0000000000000002e-10,1.6112197545505095e-23,0.8742180046414789,12226761.709172199,28489466.803037867,2.206973708851213e-08,0.6287550421349399
0.8500000000000002,40.0,40000.0,1.0000000000000002e-10,1.6112197545505095e-23,0.8742180046414789,12226761.709172199,28489466.803037867,1.9944154156165862e-08,0.568198317746757
0.8500000000000002,41.0,41000.0,1.0000000000000002e-10,1.6112197545505095e-23,0.8742180046414789,12226761.709172199,28489466.803037867,1.806841931776417e-08,0.5147596323368104
0.8500000000000002,42.0,42000.0,1.0000000000000002e-10,1.6112197545505095e-23,0.8742180046414789,12226761.709172199,28489466.803037867,1.6408104981908452e-08,0.4674581621828411
0.8500000000000002,43.0,43000.0,1.0000000000000002e-10,1.6112197545505095e-23,0.8742180046414789,12226761.709172199,28489466.803037867,1.4934193198078686e-08,0.42546720134681665
0.8500000000000002,44.0,44000.0,1.0000000000000002e-10,1.6112197545505095e-23,0.8742180046414789,12226761.709172199,28489466.803037867,1.362212564453648e-08,0.38808709633683286
0.8500000000000002,45.0,45000.0,1.0000000000000002e-10,1.6112197545505095e-23,0.8742180046414789,12226761.709172199,28489466.803037867,1.2451037254024594e-08,0.3547234125119214
0.8500000000000002,46.0,46000.0,1.0000000000000002e-10,1.6112197545505095e-23,0.8742180046414789,12226761.709172199,28489466.803037867,1.1403134869395612e-08,0.3248692323122098
0.8500000000000002,47.0,47000.0,1.0000000000000002e-10,1.6112197545505095e-23,0.8742180046414789,12226761.709172199,28489466.803037867,1.0463191065109502e-08,0.2980907345032796
0.8500000000000002,48.0,48000.0,1.0000000000000002e-10,1.6112197545505095e-23,0.8742180046414789,12226761.709172199,28489466.803037867,9.618129897842335e-09,0.27401539243188516
0.8500000000000002,49.0,49000.0,1.0000000000000002e-10,1.6112197545505095e-23,0.8742180046414789,12226761.709172199,28489466.803037867,8.856686404228804e-09,0.25232227329819334
0.8500000000000002,50.0,50000.0,1.0000000000000002e-10,1.6112197545505095e-23,0.8742180046414789,12226761.709172199,28489466.803037867,8.169125542365538e-09,0.2327340309490717
0.8500000000000002,51.0,51000.0,1.0000000000000002e-10,1.6112197545505095e-23,0.8742180046414789,12226761.709172199,28489466.803037867,7.547009266950767e-09,0.21501026997301304
0.8500000000000002,52.0,52000.0,1.0000000000000002e-10,1.6112197545505095e-23,0.8742180046414789,12226761.709172199,28489466.803037867,6.983002750662045e-09,0.19894202505050845
0.8500000000000002,53.0,53000.0,1.0000000000000002e-10,1.6112197545505095e-23,0.8742180046414789,12226761.709172199,28489466.803037867,6.470712576303602e-09,0.1843471511346011
0.8500000000000002,54.0,54000.0,1.0000000000000002e-10,1.6112197545505095e-23,0.8742180046414789,12226761.709172199,28489466.803037867,6.0045511448806866e-09,0.17106646050922134
0.8500000000000002,55.0,55000.0,1.0000000000000002e-10,1.6112197545505095e-23,0.8742180046414789,12226761.709172199,28489466.803037867,5.5796226640021435e-09,0.15896047465956678
0.8500000000000002,56.0,56000.0,1.0000000000000002e-10,1.6112197545505095e-23,0.8742180046414789,12226761.709172199,28489466.803037867,5.191626966931972e-09,0.1479066841281646
0.8500000000000002,57.0,57000.0,1.0000000000000002e-10,1.6112197545505095e-23,0.8742180046414789,12226761.709172199,28489466.803037867,4.836778116995688e-09,0.13779722959780866
0.8500000000000002,58.0,58000.0,1.0000000000000002e-10,1.6112197545505095e-23,0.8742180046414789,12226761.709172199,28489466.803037867,4.511735314516491e-09,0.1285369334670112
0.8500000000000002,59.0,59000.0,1.0000000000000002e-10,1.6112197545505095e-23,0.8742180046414789,12226761.709172199,28489466.803037867,4.213544074471711e-09,0.12004162403279872
0.8500000000000002,60.0,60000.0,1.0000000000000002e-10,1.6112197545505095e-23,0.8742180046414789,12226761.709172199,28489466.803037867,3.939586006156219e-09,0.11223670474010014
0.8500000000000002,61.0,61000.0,1.0000000000000002e-10,1.6112197545505095e-23,0.8742180046414789,12226761.709172199,28489466.803037867,3.6875358195854326e-09,0.10505592931709222
0.8500000000000002,62.0,62000.0,1.0000000000000002e-10,1.6112197545505095e-23,0.8742180046414789,12226761.709172199,28489466.803037867,3.455324421411682e-09,0.09844035039753414
0.8500000000000002,63.0,63000.0,1.0000000000000002e-10,1.6112197545505095e-23,0.8742180046414789,12226761.709172199,28489466.803037867,3.2411071569201877e-09,0.09233741475216613
0.8500000000000002,64.0,64000.0,1.0000000000000002e-10,1.6112197545505095e-23,0.8742180046414789,12226761.709172199,28489466.803037867,3.043236412989176e-09,0.08670018276165116
0.8500000000000002,65.0,65000.0,1.0000000000000002e-10,1.6112197545505095e-23,0.8742180046414789,12226761.709172199,28489466.803037867,2.8602379266711735e-09,0.08148665346068826
0.8500000000000002,66.0,66000.0,1.0000000000000002e-10,1.6112197545505095e-23,0.8742180046414789,12226761.709172199,28489466.803037867,2.690790250772639e-09,0.07665917952332503
0.8500000000000002,67.0,67000.0,1.0000000000000002e-10,1.6112197545505095e-23,0.8742180046414789,12226761.709172199,28489466.803037867,2.5337069158477385e-09,0.07218395906767161
0.8500000000000002,68.0,68000.0,1.0000000000000002e-10,1.6112197545505095e-23,0.8742180046414789,12226761.709172199,28489466.803037867,2.387920900871142e-09,0.06803059323364867
0.8500000000000002,69.0,69000.0,1.0000000000000002e-10,1.6112197545505095e-23,0.8742180046414789,12226761.709172199,28489466.803037867,2.2524710853127143e-09,0.06417170020981924
0.8500000000000002,70.0,70000.0,1.0000000000000002e-10,1.6112197545505095e-23,0.8742180046414789,12226761.709172199,28489466.803037867,2.1264904056553353e-09,0.0605825778188962
0.8500000000000002,71.0,71000.0,1.0000000000000002e-10,1.6112197545505095e-23,0.8742180046414789,12226761.709172199,28489466.803037867,2.009195481392381e-09,0.05724090796794192
0.8500000000000002,72.0,72000.0,1.0000000000000002e-10,1.6112197545505095e-23,0.8742180046414789,12226761.709172199,28489466.803037867,1.8998775106849057e-09,0.054126497270495844
0.8500000000000002,73.0,73000.0,1.0000000000000002e-10,1.6112197545505095e-23,0.8742180046414789,12226761.709172199,28489466.803037867,1.7978942653449767e-09,0.051221048987917864
0.8500000000000002,74.0,74000.0,1.0000000000000002e-10,1.6112197545505095e-23,0.8742180046414789,12226761.709172199,28489466.803037867,1.70266303961428e-09,0.04850796214385058
0.8500000000000002,75.0,75000.0,1.0000000000000002e-10,1.6112197545505095e-23,0.8742180046414789,12226761.709172199,28489466.803037867,1.6136544281215876e-09,0.04597215426154502
0.8500000000000002,76.0,76000.0,1.0000000000000002e-10,1.6112197545505095e-23,0.8742180046414789,12226761.709172199,28489466.803037867,1.5303868260806667e-09,0.04359990467743164
0.8500000000000002,77.0,77000.0,1.0000000000000002e-10,1.6112197545505095e-23,0.8742180046414789,12226761.709172199,28489466.803037867,1.452421559767321e-09,0.04137871581100757
0.8500000000000002,78.0,78000.0,1.0000000000000002e-10,1.6112197545505095e-23,0.8742180046414789,12226761.709172199,28489466.803037867,1.3793585680320082e-09,0.039297190133433746
0.8500000000000002,79.0,79000.0,1.0000000000000002e-10,1.6112197545505095e-23,0.8742180046414789,12226761.709172199,28489466.803037867,1.3108325664273875e-09,0.037344920885573986
0.8500000000000002,80.0,80000.0,1.0000000000000002e-10,1.6112197545505095e-23,0.8742180046414789,12226761.709172199,28489466.803037867,1.2465096347603664e-09,0.03551239485917231
0.8500000000000002,81.0,81000.0,1.0000000000000002e-10,1.6112197545505095e-23,0.8742180046414789,12226761.709172199,28489466.803037867,1.1860841767665554e-09,0.03379090577959928
0.8500000000000002,82.0,82000.0,1.0000000000000002e-10,1.6112197545505095e-23,0.8742180046414789,12226761.709172199,28489466.803037867,1.1292762073602606e-09,0.03217247702105065
0.8500000000000002,83.0,83000.0,1.0000000000000002e-10,1.6112197545505095e-23,0.8742180046414789,12226761.709172199,28489466.803037867,1.0758289287095641e-09,0.030649792550218918
0.8500000000000002,84.0,84000.0,1.0000000000000002e-10,1.6112197545505095e-23,0.8742180046414789,12226761.709172199,28489466.803037867,1.0255065613692783e-09,0.029216135136427568
0.8500000000000002,85.0,85000.0,1.0000000000000002e-10,1.6112197545505095e-23,0.8742180046414789,12226761.709172199,28489466.803037867,9.780924009968197e-10,0.027865330988502496
0.8500000000000002,86.0,86000.0,1.0000000000000002e-10,1.6112197545505095e-23,0.8742180046414789,12226761.709172199,28489466.803037867,9.33387074879918e-10,0.02659170008417604
0.8500000000000002,87.0,87000.0,1.0000000000000002e-10,1.6112197545505095e-23,0.8742180046414789,12226761.709172199,28489466.803037867,8.912069757069611e-10,0.02539001154903924
0.8500000000000002,88.0,88000.0,1.0000000000000002e-10,1.6112197545505095e-23,0.8742180046414789,12226761.709172199,28489466.803037867,8.5138285278353e-10,0.024255443521052054
0.8500000000000002,89.0,89000.0,1.0000000000000002e-10,1.6112197545505095e-23,0.8742180046414789,12226761.709172199,28489466.803037867,8.137585433039378e-10,0.02318354700514599
0.8500000000000002,90.0,90000.0,1.0000000000000002e-10,1.6112197545505095e-23,0.8742180046414789,12226761.709172199,28489466.803037867,7.781898283765371e-10,0.022170213281995088
0.8500000000000002,91.0,91000.0,1.0000000000000002e-10,1.6112197545505095e-23,0.8742180046414789,12226761.709172199,28489466.803037867,7.445434003204845e-10,0.021211644486851373
0.8500000000000002,92.0,92000.0,1.0000000000000002e-10,1.6112197545505095e-23,0.8742180046414789,12226761.709172199,28489466.803037867,7.126959293372258e-10,0.020304327019513114
0.8500000000000002,93.0,93000.0,1.0000000000000002e-10,1.6112197545505095e-23,0.8742180046414789,12226761.709172199,28489466.803037867,6.82533219044283e-10,0.019445007485932673
0.8500000000000002,94.0,94000.0,1.0000000000000002e-10,1.6112197545505095e-23,0.8742180046414789,12226761.709172199,28489466.803037867,6.539494415693439e-10,0.018630670906454976
0.8500000000000002,95.0,95000.0,1.0000000000000002e-10,1.6112197545505095e-23,0.8742180046414789,12226761.709172199,28489466.803037867,6.268464439626411e-10,0.017858520955876
0.8500000000000002,96.0,96000.0,1.0000000000000002e-10,1.6112197545505095e-23,0.8742180046414789,12226761.709172199,28489466.803037867,6.011331186151459e-10,0.017125962026992823
0.8500000000000002,97.0,97000.0,1.0000000000000002e-10,1.6112197545505095e-23,0.8742180046414789,12226761.709172199,28489466.803037867,5.767248311864703e-10,0.016430582932574562
0.8500000000000002,98.0,98000.0,1.0000000000000002e-10,1.6112197545505095e-23,0.8742180046414789,12226761.709172199,28489466.803037867,5.535429002643003e-10,0.015770142081137084
0.8500000000000002,99.0,99000.0,1.0000000000000002e-10,1.6112197545505095e-23,0.8742180046414789,12226761.709172199,28489466.803037867,5.3151412360941e-10,0.01514255397991605
0.8500000000000002,100.0,100000.0,1.0000000000000002e-10,1.6112197545505095e-23,0.8742180046414789,12226761.709172199,28489466.803037867,5.105703463978461e-10,0.01454587693431698
0.9000000000000002,1.0,1000.0,1.0000000000000002e-10,2.2114876184439654e-23,0.8780430913863652,8908030.88188267,41953138.02639279,0.04994324254391541,2095275.7479304958
0.9000000000000002,2.0,2000.0,1.0000000000000002e-10,2.2114876184439654e-23,0.8780430913863652,8908030.88188267,41953138.02639279,0.0031214526589947132,130954.73424565599
0.9000000000000002,3.0,3000.0,1.0000000000000002e-10,2.2114876184439654e-23,0.8780430913863652,8908030.88188267,41953138.02639279,0.0006165832412829064,25867.60182630242
0.9000000000000002,4.0,4000.0,1.0000000000000002e-10,2.2114876184439654e-23,0.8780430913863652,8908030.88188267,41953138.02639279,0.00019509079118716958,8184.670890353499
0.9000000000000002,5.0,5000.0,1.0000000000000002e-10,2.2114876184439654e-23,0.8780430913863652,8908030.88188267,41953138.02639279,7.990918807026465e-05,3352.441196688793
0.9000000000000002,6.0,6000.0,1.0000000000000002e-10,2.2114876184439654e-23,0.8780430913863652,8908030.88188267,41953138.02639279,3.853645258018165e-05,1616.7251141439012
0.9000000000000002,7.0,7000.0,1.0000000000000002e-10,2.2114876184439654e-23,0.8780430913863652,8908030.88188267,41953138.02639279,2.0801017302755274e-05,872.6679499918766
0.9000000000000002,8.0,8000.0,1.0000000000000002e-10,2.2114876184439654e-23,0.8780430913863652,8908030.88188267,41953138.02639279,1.2193174449198099e-05,511.5419306470937
0.9000000000000002,9.0,9000.0,1.0000000000000002e-10,2.2114876184439654e-23,0.8780430913863652,8908030.88188267,41953138.02639279,7.612138781270449e-06,319.3531089666965
0.9000000000000002,10.0,10000.0,1.0000000000000002e-10,2.2114876184439654e-23,0.8780430913863652,8908030.88188267,41953138.02639279,4.994324254391541e-06,209.52757479304955
0.9000000000000002,11.0,11000.0,1.0000000000000002e-10,2.2114876184439654e-23,0.8780430913863652,8908030.88188267,41953138.02639279,3.4111906662055464e-06,143.11015285366406
0.9000000000000002,12.0,12000.0,1.0000000000000002e-10,2.2114876184439654e-23,0.8780430913863652,8908030.88188267,41953138.02639279,2.408528286261353e-06,101.04531963399383
0.9000000000000002,13.0,13000.0,1.0000000000000002e-10,2.2114876184439654e-23,0.8780430913863652,8908030.88188267,41953138.02639279,1.7486517469246673e-06,73.36142809882344
0.9000000000000002,14.0,14000.0,1.0000000000000002e-10,2.2114876184439654e-23,0.8780430913863652,8908030.88188267,41953138.02639279,1.3000635814222046e-06,54.54174687449229
0.9000000000000002,15.0,15000.0,1.0000000000000002e-10,2.2114876184439654e-23,0.8780430913863652,8908030.88188267,41953138.02639279,9.865331860526498e-07,41.38816292208385
0.9000000000000002,16.0,16000.0,1.0000000000000002e-10,2.2114876184439654e-23,0.8780430913863652,8908030.88188267,41953138.02639279,7.620734030748812e-07,31.971370665443356
0.9000000000000002,17.0,17000.0,1.0000000000000002e-10,2.2114876184439654e-23,0.8780430913863652,8908030.88188267,41953138.02639279,5.979722769592727e-07,25.086813471228744
0.9000000000000002,18.0,18000.0,1.0000000000000002e-10,2.2114876184439654e-23,0.8780430913863652,8908030.88188267,41953138.02639279,4.7575867382940304e-07,19.95956931041853
0.9000000000000002,19.0,19000.0,1.0000000000000002e-10,2.2114876184439654e-23,0.8780430913863652,8908030.88188267,41953138.02639279,3.8323249932025843e-07,16.077805940182284
0.9000000000000002,20.0,20000.0,1.0000000000000002e-10,2.2114876184439654e-23,0.8780430913863652,8908030.88188267,41953138.02639279,3.121452658994713e-07,13.095473424565597
0.9000000000000002,21.0,21000.0,1.0000000000000002e-10,2.2114876184439654e-23,0.8780430913863652,8908030.88188267,41953138.02639279,2.5680268275006505e-07,10.773678394961438
0.9000000000000002,22.0,22000.0,1.0000000000000002e-10,2.2114876184439654e-23,0.8780430913863652,8908030.88188267,41953138.02639279,2.1319941663784665e-07,8.944384553354004
0.9000000000000002,23.0,23000.0,1.0000000000000002e-10,2.2114876184439654e-23,0.8780430913863652,8908030.88188267,41953138.02639279,1.7847006887452302e-07,7.487379433072691
0.9000000000000002,24.0,24000.0,1.0000000000000002e-10,2.2114876184439654e-23,0.8780430913863652,8908030.88188267,41953138.02639279,1.5053301789133457e-07,6.315332477124614
0.9000000000000002,25.0,25000.0,1.0000000000000002e-10,2.2114876184439654e-23,0.8780430913863652,8908030.88188267,41953138.02639279,1.2785470091242347e-07,5.36390591470207
0.9000000000000002,26.0,26000.0,1.0000000000000002e-10,2.2114876184439654e-23,0.8780430913863652,8908030.88188267,41953138.02639279,1.092907341827917e-07,4.585089256176465
0.9000000000000002,27.0,27000.0,1.0000000000000002e-10,2.2114876184439654e-23,0.8780430913863652,8908030.88188267,41953138.02639279,9.397702199099316e-08,3.9426309748974866
0.9000000000000002,28.0,28000.0,1.0000000000000002e-10,2.2114876184439654e-23,0.8780430913863652,8908030.88188267,41953138.02639279,8.125397383888779e-08,3.408859179655768
0.9000000000000002,29.0,29000.0,1.0000000000000002e-10,2.2114876184439654e-23,0.8780430913863652,8908030.88188267,41953138.02639279,7.061301313610208e-08,2.9624374865583776
0.9000000000000002,30.0,30000.0,1.0000000000000002e-10,2.2114876184439654e-23,0.8780430913863652,8908030.88188267,41953138.02639279,6.165832412829061e-08,2.5867601826302407
0.9000000000000002,31.0,31000.0,1.0000000000000002e-10,2.2114876184439654e-23,0.8780430913863652,8908030.88188267,41953138.02639279,5.407916283865273e-08,2.2687905829217696
0.9000000000000002,32.0,32000.0,1.0000000000000002e-10,2.2114876184439654e-23,0.8780430913863652,8908030.88188267,41953138.02639279,4.762958769218007e-08,1.9982106665902097
0.9000000000000002,33.0,33000.0,1.0000000000000002e-10,2.2114876184439654e-23,0.8780430913863652,8908030.88188267,41953138.02639279,4.21134650148833e-08,1.766792010539063
0.9000000000000002,34.0,34000.0,1.0000000000000002e-10,2.2114876184439654e-23,0.8780430913863652,8908030.88188267,41953138.02639279,3.7373267309954544e-08,1.5679258419517965
0.9000000000000002,35.0,35000.0,1.0000000000000002e-10,2.2114876184439654e-23,0.8780430913863652,8908030.88188267,41953138.02639279,3.328162768440843e-08,1.396268719987002
0.9000000000000002,36.0,36000.0,1.0000000000000002e-10,2.2114876184439654e-23,0.8780430913863652,8908030.88188267,41953138.02639279,2.973491711433769e-08,1.2474730819011581
0.9000000000000002,37.0,37000.0,1.0000000000000002e-10,2.2114876184439654e-23,0.8780430913863652,8908030.88188267,41953138.02639279,2.6648320258459876e-08,1.1179806579746863
0.9000000000000002,38.0,38000.0,1.0000000000000002e-10,2.2114876184439654e-23,0.8780430913863652,8908030.88188267,41953138.02639279,2.3952031207516152e-08,1.0048628712613927
0.9000000000000002,39.0,39000.0,1.0000000000000002e-10,2.2114876184439654e-23,0.8780430913863652,8908030.88188267,41953138.02639279,2.158829317190946e-08,0.9056966431953506
0.9000000000000002,40.0,40000.0,1.0000000000000002e-10,2.2114876184439654e-23,0.8780430913863652,8908030.88188267,41953138.02639279,1.9509079118716956e-08,0.8184670890353498
0.9000000000000002,41.0,41000.0,1.0000000000000002e-10,2.2114876184439654e-23,0.8780430913863652,8908030.88188267,41953138.02639279,1.7674262807051057e-08,0.7414907870589534
0.9000000000000002,42.0,42000.0,1.0000000000000002e-10,2.2114876184439654e-23,0.8780430913863652,8908030.88188267,41953138.02639279,1.6050167671879066e-08,0.6733548996850899
0.9000000000000002,43.0,43000.0,1.0000000000000002e-10,2.2114876184439654e-23,0.8780430913863652,8908030.88188267,41953138.02639279,1.4608408779544467e-08,0.6128685898741972
0.9000000000000002,44.0,44000.0,1.0000000000000002e-10,2.2114876184439654e-23,0.8780430913863652,8908030.88188267,41953138.02639279,1.3324963539865416e-08,0.5590240345846252
0.9000000000000002,45.0,45000.0,1.0000000000000002e-10,2.2114876184439654e-23,0.8780430913863652,8908030.88188267,41953138.02639279,1.2179422050032714e-08,0.5109649743467143
0.9000000000000002,46.0,46000.0,1.0000000000000002e-10,2.2114876184439654e-23,0.8780430913863652,8908030.88188267,41953138.02639279,1.1154379304657689e-08,0.4679612145670432
0.9000000000000002,47.0,47000.0,1.0000000000000002e-10,2.2114876184439654e-23,0.8780430913863652,8908030.88188267,41953138.02639279,1.0234940059384088e-08,0.42938785300319743
0.9000000000000002,48.0,48000.0,1.0000000000000002e-10,2.2114876184439654e-23,0.8780430913863652,8908030.88188267,41953138.02639279,9.40831361820841e-09,0.3947082798202884
0.9000000000000002,49.0,49000.0,1.0000000000000002e-10,2.2114876184439654e-23,0.8780430913863652,8908030.88188267,41953138.02639279,8.663480759165045e-09,0.3634602040782493
0.9000000000000002,50.0,50000.0,1.0000000000000002e-10,2.2114876184439654e-23,0.8780430913863652,8908030.88188267,41953138.02639279,7.990918807026467e-09,0.33524411966887935
0.9000000000000002,51.0,51000.0,1.0000000000000002e-10,2.2114876184439654e-23,0.8780430913863652,8908030.88188267,41953138.02639279,7.382373789620649e-09,0.30971374655837947
0.9000000000000002,52.0,52000.0,1.0000000000000002e-10,2.2114876184439654e-23,0.8780430913863652,8908030.88188267,41953138.02639279,6.830670886424482e-09,0.28656807851102906
0.9000000000000002,53.0,53000.0,1.0000000000000002e-10,2.2114876184439654e-23,0.8780430913863652,8908030.88188267,41953138.02639279,6.329556150495189e-09,0.26554474282752805
0.9000000000000002,54.0,54000.0,1.0000000000000002e-10,2.2114876184439654e-23,0.8780430913863652,8908030.88188267,41953138.02639279,5.873563874437073e-09,0.2464144359310929
0.9000000000000002,55.0,55000.0,1.0000000000000002e-10,2.2114876184439654e-23,0.8780430913863652,8908030.88188267,41953138.02639279,5.457905065928875e-09,0.22897624456586252
0.9000000000000002,56.0,56000.0,1.0000000000000002e-10,2.2114876184439654e-23,0.8780430913863652,8908030.88188267,41953138.02639279,5.078373364930487e-09,0.2130536987284855
0.9000000000000002,57.0,57000.0,1.0000000000000002e-10,2.2114876184439654e-23,0.8780430913863652,8908030.88188267,41953138.02639279,4.731265423706894e-09,0.19849143136027508
0.9000000000000002,58.0,58000.0,1.0000000000000002e-10,2.2114876184439654e-23,0.8780430913863652,8908030.88188267,41953138.02639279,4.41331332100638e-09,0.1851523429098986
0.9000000000000002,59.0,59000.0,1.0000000000000002e-10,2.2114876184439654e-23,0.8780430913863652,8908030.88188267,41953138.02639279,4.121627022906671e-09,0.17291518738531395
0.9000000000000002,60.0,60000.0,1.0000000000000002e-10,2.2114876184439654e-23,0.8780430913863652,8908030.88188267,41953138.02639279,3.853645258018163e-09,0.16167251141439004
0.9000000000000002,61.0,61000.0,1.0000000000000002e-10,2.2114876184439654e-23,0.8780430913863652,8908030.88188267,41953138.02639279,3.6070934617778286e-09,0.15132888987606422
0.9000000000000002,62.0,62000.0,1.0000000000000002e-10,2.2114876184439654e-23,0.8780430913863652,8908030.88188267,41953138.02639279,3.3799476774157956e-09,0.1417994114326106
0.9000000000000002,63.0,63000.0,1.0000000000000002e-10,2.2114876184439654e-23,0.8780430913863652,8908030.88188267,41953138.02639279,3.1704034907415436e-09,0.1330083752464375
0.9000000000000002,64.0,64000.0,1.0000000000000002e-10,2.2114876184439654e-23,0.8780430913863652,8908030.88188267,41953138.02639279,2.9768492307612545e-09,0.12488816666188811
0.9000000000000002,65.0,65000.0,1.0000000000000002e-10,2.2114876184439654e-23,0.8780430913863652,8908030.88188267,41953138.02639279,2.7978427950794673e-09,0.11737828495811749
0.9000000000000002,66.0,66000.0,1.0000000000000002e-10,2.2114876184439654e-23,0.8780430913863652,8908030.88188267,41953138.02639279,2.6320915634302064e-09,0.11042450065869144
0.9000000000000002,67.0,67000.0,1.0000000000000002e-10,2.2114876184439654e-23,0.8780430913863652,8908030.88188267,41953138.02639279,2.4784349488008826e-09,0.10397812349647917
0.9000000000000002,68.0,68000.0,1.0000000000000002e-10,2.2114876184439654e-23,0.8780430913863652,8908030.88188267,41953138.02639279,2.335829206872159e-09,0.09799536512198728
0.9000000000000002,69.0,69000.0,1.0000000000000002e-10,2.2114876184439654e-23,0.8780430913863652,8908030.88188267,41953138.02639279,2.2033341836360875e-09,0.09243678312435426
0.9000000000000002,70.0,70000.0,1.0000000000000002e-10,2.2114876184439654e-23,0.8780430913863652,8908030.88188267,41953138.02639279,2.0801017302755268e-09,0.08726679499918763
0.9000000000000002,71.0,71000.0,1.0000000000000002e-10,2.2114876184439654e-23,0.8780430913863652,8908030.88188267,41953138.02639279,1.9653655554670083e-09,0.08245325242082553
0.9000000000000002,72.0,72000.0,1.0000000000000002e-10,2.2114876184439654e-23,0.8780430913863652,8908030.88188267,41953138.02639279,1.8584323196461056e-09,0.07796706761882238
0.9000000000000002,73.0,73000.0,1.0000000000000002e-10,2.2114876184439654e-23,0.8780430913863652,8908030.88188267,41953138.02639279,1.7586738046175253e-09,0.07378188486852039
0.9000000000000002,74.0,74000.0,1.0000000000000002e-10,2.2114876184439654e-23,0.8780430913863652,8908030.88188267,41953138.02639279,1.6655200161537422e-09,0.06987379112341789
0.9000000000000002,75.0,75000.0,1.0000000000000002e-10,2.2114876184439654e-23,0.8780430913863652,8908030.88188267,41953138.02639279,1.57845309768424e-09,0.06622106067533418
0.9000000000000002,76.0,76000.0,1.0000000000000002e-10,2.2114876184439654e-23,0.8780430913863652,8908030.88188267,41953138.02639279,1.4970019504697595e-09,0.06280392945383705
0.9000000000000002,77.0,77000.0,1.0000000000000002e-10,2.2114876184439654e-23,0.8780430913863652,8908030.88188267,41953138.02639279,1.4207374703063495e-09,0.059604395191030404
0.9000000000000002,78.0,78000.0,1.0000000000000002e-10,2.2114876184439654e-23,0.8780430913863652,8908030.88188267,41953138.02639279,1.3492683232443413e-09,0.05660604019970941
0.9000000000000002,79.0,79000.0,1.0000000000000002e-10,2.2114876184439654e-23,0.8780430913863652,8908030.88188267,41953138.02639279,1.2822371933941659e-09,0.053793873957039946
0.9000000000000002,80.0,80000.0,1.0000000000000002e-10,2.2114876184439654e-23,0.8780430913863652,8908030.88188267,41953138.02639279,1.2193174449198098e-09,0.05115419306470936
0.9000000000000002,81.0,81000.0,1.0000000000000002e-10,2.2114876184439654e-23,0.8780430913863652,8908030.88188267,41953138.02639279,1.1602101480369527e-09,0.048674456480215886
0.9000000000000002,82.0,82000.0,1.0000000000000002e-10,2.2114876184439654e-23,0.8780430913863652,8908030.88188267,41953138.02639279,1.104641425440691e-09,0.04634317419118459
0.9000000000000002,83.0,83000.0,1.0000000000000002e-10,2.2114876184439654e-23,0.8780430913863652,8908030.88188267,41953138.02639279,1.0523600812577294e-09,0.04414980774247145
0.9000000000000002,84.0,84000.0,1.0000000000000002e-10,2.2114876184439654e-23,0.8780430913863652,8908030.88188267,41953138.02639279,1.0031354794924416e-09,0.04208468123031812
0.9000000000000002,85.0,85000.0,1.0000000000000002e-10,2.2114876184439654e-23,0.8780430913863652,8908030.88188267,41953138.02639279,9.567556431348362e-10,0.04013890155396598
0.9000000000000002,86.0,86000.0,1.0000000000000002e-10,2.2114876184439654e-23,0.8780430913863652,8908030.88188267,41953138.02639279,9.130255487215292e-10,0.03830428686713733
0.9000000000000002,87.0,87000.0,1.0000000000000002e-10,2.2114876184439654e-23,0.8780430913863652,8908030.88188267,41953138.02639279,8.71765594272865e-10,0.03657330230318984
0.9000000000000002,88.0,88000.0,1.0000000000000002e-10,2.2114876184439654e-23,0.8780430913863652,8908030.88188267,41953138.02639279,8.328102212415885e-10,0.03493900216153908
0.9000000000000002,89.0,89000.0,1.0000000000000002e-10,2.2114876184439654e-23,0.8780430913863652,8908030.88188267,41953138.02639279,7.960066734612716e-10,0.0333949778416505
0.9000000000000002,90.0,90000.0,1.0000000000000002e-10,2.2114876184439654e-23,0.8780430913863652,8908030.88188267,41953138.02639279,7.612138781270446e-10,0.03193531089666964
0.9000000000000002,91.0,91000.0,1.0000000000000002e-10,2.2114876184439654e-23,0.8780430913863652,8908030.88188267,41953138.02639279,7.28301435620436e-10,0.03055453065340417
0.9000000000000002,92.0,92000.0,1.0000000000000002e-10,2.2114876184439654e-23,0.8780430913863652,8908030.88188267,41953138.02639279,6.971487065411056e-10,0.0292475759104402
0.9000000000000002,93.0,93000.0,1.0000000000000002e-10,2.2114876184439654e-23,0.8780430913863652,8908030.88188267,41953138.02639279,6.676439856623795e-10,0.028009760282984814
0.9000000000000002,94.0,94000.0,1.0000000000000002e-10,2.2114876184439654e-23,0.8780430913863652,8908030.88188267,41953138.02639279,6.396837537115055e-10,0.02683674081269984
0.9000000000000002,95.0,95000.0,1.0000000000000002e-10,2.2114876184439654e-23,0.8780430913863652,8908030.88188267,41953138.02639279,6.131719989124135e-10,0.025724489504291653
0.9000000000000002,96.0,96000.0,1.0000000000000002e-10,2.2114876184439654e-23,0.8780430913863652,8908030.88188267,41953138.02639279,5.880196011380257e-10,0.024669267488768024
0.9000000000000002,97.0,97000.0,1.0000000000000002e-10,2.2114876184439654e-23,0.8780430913863652,8908030.88188267,41953138.02639279,5.641437723177194e-10,0.023667601546775188
0.9000000000000002,98.0,98000.0,1.0000000000000002e-10,2.2114876184439654e-23,0.8780430913863652,8908030.88188267,41953138.02639279,5.414675474478153e-10,0.02271626275489058
0.9000000000000002,99.0,99000.0,1.0000000000000002e-10,2.2114876184439654e-23,0.8780430913863652,8908030.88188267,41953138.02639279,5.199193211713987e-10,0.02181224704369213
0.9000000000000002,100.0,100000.0,1.0000000000000002e-10,2.2114876184439654e-23,0.8780430913863652,8908030.88188267,41953138.02639279,4.994324254391542e-10,0.02095275747930496
0.9500000000000003,1.0,1000.0,1.0000000000000002e-10,2.9795277650204e-23,0.8813825060547099,6611786.012292831,60434479.45504267,0.048926241359638266,2956831.9282615175
0.9500000000000003,2.0,2000.0,1.0000000000000002e-10,2.9795277650204e-23,0.8813825060547099,6611786.012292831,60434479.45504267,0.0030578900849773916,184801.99551634485
0.9500000000000003,3.0,3000.0,1.0000000000000002e-10,2.9795277650204e-23,0.8813825060547099,6611786.012292831,60434479.45504267,0.0006040276711066453,36504.09787977183
0.9500000000000003,4.0,4000.0,1.0000000000000002e-10,2.9795277650204e-23,0.8813825060547099,6611786.012292831,60434479.45504267,0.00019111813031108698,11550.124719771553
0.9500000000000003,5.0,5000.0,1.0000000000000002e-10,2.9795277650204e-23,0.8813825060547099,6611786.012292831,60434479.45504267,7.828198617542122e-05,4730.931085218428
0.9500000000000003,6.0,6000.0,1.0000000000000002e-10,2.9795277650204e-23,0.8813825060547099,6611786.012292831,60434479.45504267,3.7751729444165333e-05,2281.506117485739
0.9500000000000003,7.0,7000.0,1.0000000000000002e-10,2.9795277650204e-23,0.8813825060547099,6611786.012292831,60434479.45504267,2.0377443298474912e-05,1231.500178367979
0.9500000000000003,8.0,8000.0,1.0000000000000002e-10,2.9795277650204e-23,0.8813825060547099,6611786.012292831,60434479.45504267,1.1944883144442936e-05,721.8827949857221
0.9500000000000003,9.0,9000.0,1.0000000000000002e-10,2.9795277650204e-23,0.8813825060547099,6611786.012292831,60434479.45504267,7.4571317420573495e-06,450.6678750589114
0.9500000000000003,10.0,10000.0,1.0000000000000002e-10,2.9795277650204e-23,0.8813825060547099,6611786.012292831,60434479.45504267,4.8926241359638265e-06,295.68319282615175
0.9500000000000003,11.0,11000.0,1.0000000000000002e-10,2.9795277650204e-23,0.8813825060547099,6611786.012292831,60434479.45504267,3.341728116907196e-06,201.95559922556637
0.9500000000000003,12.0,12000.0,1.0000000000000002e-10,2.9795277650204e-23,0.8813825060547099,6611786.012292831,60434479.45504267,2.3594830902603333e-06,142.5941323428587
0.9500000000000003,13.0,13000.0,1.0000000000000002e-10,2.9795277650204e-23,0.8813825060547099,6611786.012292831,60434479.45504267,1.7130437085409573e-06,103.52690480940858
0.9500000000000003,14.0,14000.0,1.0000000000000002e-10,2.9795277650204e-23,0.8813825060547099,6611786.012292831,60434479.45504267,1.273590206154682e-06,76.96876114799869
0.9500000000000003,15.0,15000.0,1.0000000000000002e-10,2.9795277650204e-23,0.8813825060547099,6611786.012292831,60434479.45504267,9.664442737706322e-07,58.406556607634904
0.9500000000000003,16.0,16000.0,1.0000000000000002e-10,2.9795277650204e-23,0.8813825060547099,6611786.012292831,60434479.45504267,7.465551965276835e-07,45.11767468660763
0.9500000000000003,17.0,17000.0,1.0000000000000002e-10,2.9795277650204e-23,0.8813825060547099,6611786.012292831,60434479.45504267,5.857956844343132e-07,35.402257255798155
0.9500000000000003,18.0,18000.0,1.0000000000000002e-10,2.9795277650204e-23,0.8813825060547099,6611786.012292831,60434479.45504267,4.6607073387858434e-07,28.166742191181964
0.9500000000000003,19.0,19000.0,1.0000000000000002e-10,2.9795277650204e-23,0.8813825060547099,6611786.012292831,60434479.45504267,3.754286827114452e-07,22.68883701215857
0.9500000000000003,20.0,20000.0,1.0000000000000002e-10,2.9795277650204e-23,0.8813825060547099,6611786.012292831,60434479.45504267,3.0578900849773915e-07,18.480199551634485
0.9500000000000003,21.0,21000.0,1.0000000000000002e-10,2.9795277650204e-23,0.8813825060547099,6611786.012292831,60434479.45504267,2.515733740552458e-07,15.203705905777516
0.9500000000000003,22.0,22000.0,1.0000000000000002e-10,2.9795277650204e-23,0.8813825060547099,6611786.012292831,60434479.45504267,2.0885800730669975e-07,12.622224951597898
0.9500000000000003,23.0,23000.0,1.0000000000000002e-10,2.9795277650204e-23,0.8813825060547099,6611786.012292831,60434479.45504267,1.7483585807525793e-07,10.566114072853932
0.9500000000000003,24.0,24000.0,1.0000000000000002e-10,2.9795277650204e-23,0.8813825060547099,6611786.012292831,60434479.45504267,1.4746769314127083e-07,8.912133271428669
0.9500000000000003,25.0,25000.0,1.0000000000000002e-10,2.9795277650204e-23,0.8813825060547099,6611786.012292831,60434479.45504267,1.25251177880674e-07,7.569489736349487
0.9500000000000003,26.0,26000.0,1.0000000000000002e-10,2.9795277650204e-23,0.8813825060547099,6611786.012292831,60434479.45504267,1.0706523178380983e-07,6.470431550588036
0.9500000000000003,27.0,27000.0,1.0000000000000002e-10,2.9795277650204e-23,0.8813825060547099,6611786.012292831,60434479.45504267,9.206335484021416e-08,5.563800926653225
0.9500000000000003,28.0,28000.0,1.0000000000000002e-10,2.9795277650204e-23,0.8813825060547099,6611786.012292831,60434479.45504267,7.959938788466762e-08,4.810547571749918
0.9500000000000003,29.0,29000.0,1.0000000000000002e-10,2.9795277650204e-23,0.8813825060547099,6611786.012292831,60434479.45504267,6.917511054254006e-08,4.180561796883443
0.9500000000000003,30.0,30000.0,1.0000000000000002e-10,2.9795277650204e-23,0.8813825060547099,6611786.012292831,60434479.45504267,6.040276711066451e-08,3.6504097879771815
0.9500000000000003,31.0,31000.0,1.0000000000000002e-10,2.9795277650204e-23,0.8813825060547099,6611786.012292831,60434479.45504267,5.297794133499754e-08,3.2016943071803645
0.9500000000000003,32.0,32000.0,1.0000000000000002e-10,2.9795277650204e-23,0.8813825060547099,6611786.012292831,60434479.45504267,4.665969978298022e-08,2.819854667912977
0.9500000000000003,33.0,33000.0,1.0000000000000002e-10,2.9795277650204e-23,0.8813825060547099,6611786.012292831,60434479.45504267,4.1255902677866635e-08,2.493279002784771
0.9500000000000003,34.0,34000.0,1.0000000000000002e-10,2.9795277650204e-23,0.8813825060547099,6611786.012292831,60434479.45504267,3.661223027714457e-08,2.2126410784873847
0.9500000000000003,35.0,35000.0,1.0000000000000002e-10,2.9795277650204e-23,0.8813825060547099,6611786.012292831,60434479.45504267,3.260390927755985e-08,1.9704002853887659
0.9500000000000003,36.0,36000.0,1.0000000000000002e-10,2.9795277650204e-23,0.8813825060547099,6611786.012292831,60434479.45504267,2.912942086741152e-08,1.7604213869488727
0.9500000000000003,37.0,37000.0,1.0000000000000002e-10,2.9795277650204e-23,0.8813825060547099,6611786.012292831,60434479.45504267,2.610567681199122e-08,1.5776829889542672
0.9500000000000003,38.0,38000.0,1.0000000000000002e-10,2.9795277650204e-23,0.8813825060547099,6611786.012292831,60434479.45504267,2.3464292669465326e-08,1.4180523132599105
0.9500000000000003,39.0,39000.0,1.0000000000000002e-10,2.9795277650204e-23,0.8813825060547099,6611786.012292831,60434479.45504267,2.1148687759764892e-08,1.2781099359186237
0.9500000000000003,40.0,40000.0,1.0000000000000002e-10,2.9795277650204e-23,0.8813825060547099,6611786.012292831,60434479.45504267,1.9111813031108697e-08,1.1550124719771553
0.9500000000000003,41.0,41000.0,1.0000000000000002e-10,2.9795277650204e-23,0.8813825060547099,6611786.012292831,60434479.45504267,1.731435933882528e-08,1.0463842937394625
0.9500000000000003,42.0,42000.0,1.0000000000000002e-10,2.9795277650204e-23,0.8813825060547099,6611786.012292831,60434479.45504267,1.5723335878452862e-08,0.9502316191110948
0.9500000000000003,43.0,43000.0,1.0000000000000002e-10,2.9795277650204e-23,0.8813825060547099,6611786.012292831,60434479.45504267,1.4310935722681216e-08,0.8648739509148141
0.9500000000000003,44.0,44000.0,1.0000000000000002e-10,2.9795277650204e-23,0.8813825060547099,6611786.012292831,60434479.45504267,1.3053625456668735e-08,0.7888890594748686
0.9500000000000003,45.0,45000.0,1.0000000000000002e-10,2.9795277650204e-23,0.8813825060547099,6611786.012292831,60434479.45504267,1.1931410787291756e-08,0.7210686000942581
0.9500000000000003,46.0,46000.0,1.0000000000000002e-10,2.9795277650204e-23,0.8813825060547099,6611786.012292831,60434479.45504267,1.092724112970362e-08,0.6603821295533707
0.9500000000000003,47.0,47000.0,1.0000000000000002e-10,2.9795277650204e-23,0.8813825060547099,6611786.012292831,60434479.45504267,1.0026524553477627e-08,0.6059477921326245
0.9500000000000003,48.0,48000.0,1.0000000000000002e-10,2.9795277650204e-23,0.8813825060547099,6611786.012292831,60434479.45504267,9.216730821329427e-09,0.5570083294642918
0.9500000000000003,49.0,49000.0,1.0000000000000002e-10,2.9795277650204e-23,0.8813825060547099,6611786.012292831,60434479.45504267,8.487065097240697e-09,0.5129113612528026
0.9500000000000003,50.0,50000.0,1.0000000000000002e-10,2.9795277650204e-23,0.8813825060547099,6611786.012292831,60434479.45504267,7.828198617542125e-09,0.47309310852184294
0.9500000000000003,51.0,51000.0,1.0000000000000002e-10,2.9795277650204e-23,0.8813825060547099,6611786.012292831,60434479.45504267,7.232045486843371e-09,0.43706490439256973
0.9500000000000003,52.0,52000.0,1.0000000000000002e-10,2.9795277650204e-23,0.8813825060547099,6611786.012292831,60434479.45504267,6.691576986488114e-09,0.40440197191175226
0.9500000000000003,53.0,53000.0,1.0000000000000002e-10,2.9795277650204e-23,0.8813825060547099,6611786.012292831,60434479.45504267,6.20066651952375e-09,0.374734053381729
0.9500000000000003,54.0,54000.0,1.0000000000000002e-10,2.9795277650204e-23,0.8813825060547099,6611786.012292831,60434479.45504267,5.753959677513385e-09,0.34773755791582656
0.9500000000000003,55.0,55000.0,1.0000000000000002e-10,2.9795277650204e-23,0.8813825060547099,6611786.012292831,60434479.45504267,5.346764987051515e-09,0.32312895876090625
0.9500000000000003,56.0,56000.0,1.0000000000000002e-10,2.9795277650204e-23,0.8813825060547099,6611786.012292831,60434479.45504267,4.9749617427917266e-09,0.3006592232343699
0.9500000000000003,57.0,57000.0,1.0000000000000002e-10,2.9795277650204e-23,0.8813825060547099,6611786.012292831,60434479.45504267,4.634922008783275e-09,0.2801090989155379
0.9500000000000003,58.0,58000.0,1.0000000000000002e-10,2.9795277650204e-23,0.8813825060547099,6611786.012292831,60434479.45504267,4.323444408908754e-09,0.2612851123052152
0.9500000000000003,59.0,59000.0,1.0000000000000002e-10,2.9795277650204e-23,0.8813825060547099,6611786.012292831,60434479.45504267,4.037697759408031e-09,0.2440161622866165
0.9500000000000003,60.0,60000.0,1.0000000000000002e-10,2.9795277650204e-23,0.8813825060547099,6611786.012292831,60434479.45504267,3.775172944416532e-09,0.22815061174857384
0.9500000000000003,61.0,61000.0,1.0000000000000002e-10,2.9795277650204e-23,0.8813825060547099,6611786.012292831,60434479.45504267,3.533641716645327e-09,0.2135537977260837
0.9500000000000003,62.0,62000.0,1.0000000000000002e-10,2.9795277650204e-23,0.8813825060547099,6611786.012292831,60434479.45504267,3.311121333437346e-09,0.20010589419877278
0.9500000000000003,63.0,63000.0,1.0000000000000002e-10,2.9795277650204e-23,0.8813825060547099,6611786.012292831,60434479.45504267,3.105844124138837e-09,0.18770007291083352
0.9500000000000003,64.0,64000.0,1.0000000000000002e-10,2.9795277650204e-23,0.8813825060547099,6611786.012292831,60434479.45504267,2.9162312364362637e-09,0.17624091674456105
0.9500000000000003,65.0,65000.0,1.0000000000000002e-10,2.9795277650204e-23,0.8813825060547099,6611786.012292831,60434479.45504267,2.7408699336655315e-09,0.16564304769505372
0.9500000000000003,66.0,66000.0,1.0000000000000002e-10,2.9795277650204e-23,0.8813825060547099,6611786.012292831,60434479.45504267,2.5784939173666647e-09,0.15582993767404818
0.9500000000000003,67.0,67000.0,1.0000000000000002e-10,2.9795277650204e-23,0.8813825060547099,6611786.012292831,60434479.45504267,2.4279662337216003e-09,0.14673287546938538
0.9500000000000003,68.0,68000.0,1.0000000000000002e-10,2.9795277650204e-23,0.8813825060547099,6611786.012292831,60434479.45504267,2.2882643923215358e-09,0.13829006740546154
0.9500000000000003,69.0,69000.0,1.0000000000000002e-10,2.9795277650204e-23,0.8813825060547099,6611786.012292831,60434479.45504267,2.1584673836451606e-09,0.13044585275128315
0.9500000000000003,70.0,70000.0,1.0000000000000002e-10,2.9795277650204e-23,0.8813825060547099,6611786.012292831,60434479.45504267,2.0377443298474907e-09,0.12315001783679787
0.9500000000000003,71.0,71000.0,1.0000000000000002e-10,2.9795277650204e-23,0.8813825060547099,6611786.012292831,60434479.45504267,1.9253445437017046e-09,0.11635719527021916
0.9500000000000003,72.0,72000.0,1.0000000000000002e-10,2.9795277650204e-23,0.8813825060547099,6611786.012292831,60434479.45504267,1.82058880421322e-09,0.11002633668430455
0.9500000000000003,73.0,73000.0,1.0000000000000002e-10,2.9795277650204e-23,0.8813825060547099,6611786.012292831,60434479.45504267,1.7228616856811044e-09,0.10412024914717488
0.9500000000000003,74.0,74000.0,1.0000000000000002e-10,2.9795277650204e-23,0.8813825060547099,6611786.012292831,60434479.45504267,1.6316048007494512e-09,0.0986051868096417
0.9500000000000003,75.0,75000.0,1.0000000000000002e-10,2.9795277650204e-23,0.8813825060547099,6611786.012292831,60434479.45504267,1.5463108380330119e-09,0.09345049057221587
0.9500000000000003,76.0,76000.0,1.0000000000000002e-10,2.9795277650204e-23,0.8813825060547099,6611786.012292831,60434479.45504267,1.4665182918415829e-09,0.08862826957874441
0.9500000000000003,77.0,77000.0,1.0000000000000002e-10,2.9795277650204e-23,0.8813825060547099,6611786.012292831,60434479.45504267,1.3918067958797147e-09,0.08411311921098139
0.9500000000000003,78.0,78000.0,1.0000000000000002e-10,2.9795277650204e-23,0.8813825060547099,6611786.012292831,60434479.45504267,1.3217929849853058e-09,0.07988187099491398
0.9500000000000003,79.0,79000.0,1.0000000000000002e-10,2.9795277650204e-23,0.8813825060547099,6611786.012292831,60434479.45504267,1.256126819341872e-09,0.07591337045644445
0.9500000000000003,80.0,80000.0,1.0000000000000002e-10,2.9795277650204e-23,0.8813825060547099,6611786.012292831,60434479.45504267,1.1944883144442936e-09,0.0721882794985722
0.9500000000000003,81.0,81000.0,1.0000000000000002e-10,2.9795277650204e-23,0.8813825060547099,6611786.012292831,60434479.45504267,1.136584627656965e-09,0.06868890032905217
0.9500000000000003,82.0,82000.0,1.0000000000000002e-10,2.9795277650204e-23,0.8813825060547099,6611786.012292831,60434479.45504267,1.08214745867658e-09,0.06539901835871641
0.9500000000000003,83.0,83000.0,1.0000000000000002e-10,2.9795277650204e-23,0.8813825060547099,6611786.012292831,60434479.45504267,1.0309307267662979e-09,0.06230376182633004
0.9500000000000003,84.0,84000.0,1.0000000000000002e-10,2.9795277650204e-23,0.8813825060547099,6611786.012292831,60434479.45504267,9.827084924033039e-10,0.05938947619444342
0.9500000000000003,85.0,85000.0,1.0000000000000002e-10,2.9795277650204e-23,0.8813825060547099,6611786.012292831,60434479.45504267,9.37273095094901e-10,0.05664361160927705
0.9500000000000003,86.0,86000.0,1.0000000000000002e-10,2.9795277650204e-23,0.8813825060547099,6611786.012292831,60434479.45504267,8.94433482667576e-10,0.05405462193217588
0.9500000000000003,87.0,87000.0,1.0000000000000002e-10,2.9795277650204e-23,0.8813825060547099,6611786.012292831,60434479.45504267,8.54013710401729e-10,0.05161187403559805
0.9500000000000003,88.0,88000.0,1.0000000000000002e-10,2.9795277650204e-23,0.8813825060547099,6611786.012292831,60434479.45504267,8.158515910417959e-10,0.04930556621717929
0.9500000000000003,89.0,89000.0,1.0000000000000002e-10,2.9795277650204e-23,0.8813825060547099,6611786.012292831,60434479.45504267,7.797974790163816e-10,0.04712665472470958
0.9500000000000003,90.0,90000.0,1.0000000000000002e-10,2.9795277650204e-23,0.8813825060547099,6611786.012292831,60434479.45504267,7.457131742057347e-10,0.04506678750589113
0.9500000000000003,91.0,91000.0,1.0000000000000002e-10,2.9795277650204e-23,0.8813825060547099,6611786.012292831,60434479.45504267,7.134709323369248e-10,0.043118244402086024
0.9500000000000003,92.0,92000.0,1.0000000000000002e-10,2.9795277650204e-23,0.8813825060547099,6611786.012292831,60434479.45504267,6.829525706064763e-10,0.04127388309708567
0.9500000000000003,93.0,93000.0,1.0000000000000002e-10,2.9795277650204e-23,0.8813825060547099,6611786.012292831,60434479.45504267,6.540486584567598e-10,0.039527090212103266
0.9500000000000003,94.0,94000.0,1.0000000000000002e-10,2.9795277650204e-23,0.8813825060547099,6611786.012292831,60434479.45504267,6.266577845923517e-10,0.03787173700828903
0.9500000000000003,95.0,95000.0,1.0000000000000002e-10,2.9795277650204e-23,0.8813825060547099,6611786.012292831,60434479.45504267,6.006858923383124e-10,0.036302139219453716
0.9500000000000003,96.0,96000.0,1.0000000000000002e-10,2.9795277650204e-23,0.8813825060547099,6611786.012292831,60434479.45504267,5.760456763330892e-10,0.03481302059151824
0.9500000000000003,97.0,97000.0,1.0000000000000002e-10,2.9795277650204e-23,0.8813825060547099,6611786.012292831,60434479.45504267,5.526560343310397e-10,0.03339947975248457
0.9500000000000003,98.0,98000.0,1.0000000000000002e-10,2.9795277650204e-23,0.8813825060547099,6611786.012292831,60434479.45504267,5.304415685775436e-10,0.03205696007830016
0.9500000000000003,99.0,99000.0,1.0000000000000002e-10,2.9795277650204e-23,0.8813825060547099,6611786.012292831,60434479.45504267,5.093321318255138e-10,0.030781222256602098
0.9500000000000003,100.0,100000.0,1.0000000000000002e-10,2.9795277650204e-23,0.8813825060547099,6611786.012292831,60434479.45504267,4.892624135963828e-10,0.029568319282615184
1.0000000000000004,1.0,1000.0,1.0000000000000002e-10,3.223952051002912e-23,0.858326248225281,6110512.71493684,67657314.90213113,0.04747533417640684,3212053.6344570657
1.0000000000000004,2.0,2000.0,1.0000000000000002e-10,3.223952051002912e-23,0.858326248225281,6110512.71493684,67657314.90213113,0.0029672083860254276,200753.3521535666
1.0000000000000004,3.0,3000.0,1.0000000000000002e-10,3.223952051002912e-23,0.858326248225281,6110512.71493684,67657314.90213113,0.0005861152367457636,39654.983141445264
1.0000000000000004,4.0,4000.0,1.0000000000000002e-10,3.223952051002912e-23,0.858326248225281,6110512.71493684,67657314.90213113,0.00018545052412658922,12547.084509597913
1.0000000000000004,5.0,5000.0,1.0000000000000002e-10,3.223952051002912e-23,0.858326248225281,6110512.71493684,67657314.90213113,7.596053468225095e-05,5139.285815131305
1.0000000000000004,6.0,6000.0,1.0000000000000002e-10,3.223952051002912e-23,0.858326248225281,6110512.71493684,67657314.90213113,3.663220229661023e-05,2478.436446340329
1.0000000000000004,7.0,7000.0,1.0000000000000002e-10,3.223952051002912e-23,0.858326248225281,6110512.71493684,67657314.90213113,1.9773150427491398e-05,1337.7982650799943
1.0000000000000004,8.0,8000.0,1.0000000000000002e-10,3.223952051002912e-23,0.858326248225281,6110512.71493684,67657314.90213113,1.1590657757911827e-05,784.1927818498696
1.0000000000000004,9.0,9000.0,1.0000000000000002e-10,3.223952051002912e-23,0.858326248225281,6110512.71493684,67657314.90213113,7.235990577108192e-06,489.5676931042625
1.0000000000000004,10.0,10000.0,1.0000000000000002e-10,3.223952051002912e-23,0.858326248225281,6110512.71493684,67657314.90213113,4.747533417640684e-06,321.20536344570655
1.0000000000000004,11.0,11000.0,1.0000000000000002e-10,3.223952051002912e-23,0.858326248225281,6110512.71493684,67657314.90213113,3.2426292040439065e-06,219.3875851688454
1.0000000000000004,12.0,12000.0,1.0000000000000002e-10,3.223952051002912e-23,0.858326248225281,6110512.71493684,67657314.90213113,2.289512643538139e-06,154.90227789627056
1.0000000000000004,13.0,13000.0,1.0000000000000002e-10,3.223952051002912e-23,0.858326248225281,6110512.71493684,67657314.90213113,1.6622434150207224e-06,112.46292617405086
1.0000000000000004,14.0,14000.0,1.0000000000000002e-10,3.223952051002912e-23,0.858326248225281,6110512.71493684,67657314.90213113,1.2358219017182124e-06,83.61239156749964
1.0000000000000004,15.0,15000.0,1.0000000000000002e-10,3.223952051002912e-23,0.858326248225281,6110512.71493684,67657314.90213113,9.377843787932214e-07,63.4479730263124
1.0000000000000004,16.0,16000.0,1.0000000000000002e-10,3.223952051002912e-23,0.858326248225281,6110512.71493684,67657314.90213113,7.244161098694892e-07,49.01204886561685
1.0000000000000004,17.0,17000.0,1.0000000000000002e-10,3.223952051002912e-23,0.858326248225281,6110512.71493684,67657314.90213113,5.684239194502802e-07,38.45803611615122
1.0000000000000004,18.0,18000.0,1.0000000000000002e-10,3.223952051002912e-23,0.858326248225281,6110512.71493684,67657314.90213113,4.52249411069262e-07,30.597980819016406
1.0000000000000004,19.0,19000.0,1.0000000000000002e-10,3.223952051002912e-23,0.858326248225281,6110512.71493684,67657314.90213113,3.642953489952259e-07,24.647245144351754
1.0000000000000004,20.0,20000.0,1.0000000000000002e-10,3.223952051002912e-23,0.858326248225281,6110512.71493684,67657314.90213113,2.9672083860254276e-07,20.07533521535666
1.0000000000000004,21.0,21000.0,1.0000000000000002e-10,3.223952051002912e-23,0.858326248225281,6110512.71493684,67657314.90213113,2.441129682406345e-07,16.516027963950542
1.0000000000000004,22.0,22000.0,1.0000000000000002e-10,3.223952051002912e-23,0.858326248225281,6110512.71493684,67657314.90213113,2.0266432525274416e-07,13.711724073052837
1.0000000000000004,23.0,23000.0,1.0000000000000002e-10,3.223952051002912e-23,0.858326248225281,6110512.71493684,67657314.90213113,1.6965110250609037e-07,11.478138065748283
1.0000000000000004,24.0,24000.0,1.0000000000000002e-10,3.223952051002912e-23,0.858326248225281,6110512.71493684,67657314.90213113,1.430945402211337e-07,9.68139236851691
1.0000000000000004,25.0,25000.0,1.0000000000000002e-10,3.223952051002912e-23,0.858326248225281,6110512.71493684,67657314.90213113,1.2153685549160153e-07,8.22285730421009
1.0000000000000004,26.0,26000.0,1.0000000000000002e-10,3.223952051002912e-23,0.858326248225281,6110512.71493684,67657314.90213113,1.0389021343879515e-07,7.028932885878179
1.0000000000000004,27.0,27000.0,1.0000000000000002e-10,3.223952051002912e-23,0.858326248225281,6110512.71493684,67657314.90213113,8.933321700133567e-08,6.0440455938797815
1.0000000000000004,28.0,28000.0,1.0000000000000002e-10,3.223952051002912e-23,0.858326248225281,6110512.71493684,67657314.90213113,7.723886885738827e-08,5.225774472968728
1.0000000000000004,29.0,29000.0,1.0000000000000002e-10,3.223952051002912e-23,0.858326248225281,6110512.71493684,67657314.90213113,6.71237233523972e-08,4.541410888256671
1.0000000000000004,30.0,30000.0,1.0000000000000002e-10,3.223952051002912e-23,0.858326248225281,6110512.71493684,67657314.90213113,5.861152367457634e-08,3.965498314144525
1.0000000000000004,31.0,31000.0,1.0000000000000002e-10,3.223952051002912e-23,0.858326248225281,6110512.71493684,67657314.90213113,5.14068810307582e-08,3.4780515380343986
1.0000000000000004,32.0,32000.0,1.0000000000000002e-10,3.223952051002912e-23,0.858326248225281,6110512.71493684,67657314.90213113,4.527600686684307e-08,3.063253054101053
1.0000000000000004,33.0,33000.0,1.0000000000000002e-10,3.223952051002912e-23,0.858326248225281,6110512.71493684,67657314.90213113,4.003245930918405e-08,2.708488705788216
1.0000000000000004,34.0,34000.0,1.0000000000000002e-10,3.223952051002912e-23,0.858326248225281,6110512.71493684,67657314.90213113,3.552649496564251e-08,2.4036272572594513
1.0000000000000004,35.0,35000.0,1.0000000000000002e-10,3.223952051002912e-23,0.858326248225281,6110512.71493684,67657314.90213113,3.1637040683986225e-08,2.14047722412799
1.0000000000000004,36.0,36000.0,1.0000000000000002e-10,3.223952051002912e-23,0.858326248225281,6110512.71493684,67657314.90213113,2.8265588191828876e-08,1.9123738011885254
1.0000000000000004,37.0,37000.0,1.0000000000000002e-10,3.223952051002912e-23,0.858326248225281,6110512.71493684,67657314.90213113,2.5331513235205967e-08,1.7138621679018324
1.0000000000000004,38.0,38000.0,1.0000000000000002e-10,3.223952051002912e-23,0.858326248225281,6110512.71493684,67657314.90213113,2.2768459312201617e-08,1.5404528215219846
1.0000000000000004,39.0,39000.0,1.0000000000000002e-10,3.223952051002912e-23,0.858326248225281,6110512.71493684,67657314.90213113,2.052152364223113e-08,1.3884311873339605
1.0000000000000004,40.0,40000.0,1.0000000000000002e-10,3.223952051002912e-23,0.858326248225281,6110512.71493684,67657314.90213113,1.8545052412658922e-08,1.2547084509597912
1.0000000000000004,41.0,41000.0,1.0000000000000002e-10,3.223952051002912e-23,0.858326248225281,6110512.71493684,67657314.90213113,1.68009021910936e-08,1.1367039301827244
1.0000000000000004,42.0,42000.0,1.0000000000000002e-10,3.223952051002912e-23,0.858326248225281,6110512.71493684,67657314.90213113,1.5257060515039656e-08,1.0322517477469089
1.0000000000000004,43.0,43000.0,1.0000000000000002e-10,3.223952051002912e-23,0.858326248225281,6110512.71493684,67657314.90213113,1.3886545071329638e-08,0.9395263527935862
1.0000000000000004,44.0,44000.0,1.0000000000000002e-10,3.223952051002912e-23,0.858326248225281,6110512.71493684,67657314.90213113,1.266652032829651e-08,0.8569827545658023
1.0000000000000004,45.0,45000.0,1.0000000000000002e-10,3.223952051002912e-23,0.858326248225281,6110512.71493684,67657314.90213113,1.1577584923373104e-08,0.7833083089668198
1.0000000000000004,46.0,46000.0,1.0000000000000002e-10,3.223952051002912e-23,0.858326248225281,6110512.71493684,67657314.90213113,1.0603193906630648e-08,0.7173836291092677
1.0000000000000004,47.0,47000.0,1.0000000000000002e-10,3.223952051002912e-23,0.858326248225281,6110512.71493684,67657314.90213113,9.729188071188842e-09,0.6582507410744812
1.0000000000000004,48.0,48000.0,1.0000000000000002e-10,3.223952051002912e-23,0.858326248225281,6110512.71493684,67657314.90213113,8.943408763820856e-09,0.6050870230323069
1.0000000000000004,49.0,49000.0,1.0000000000000002e-10,3.223952051002912e-23,0.858326248225281,6110512.71493684,67657314.90213113,8.235381269259224e-09,0.5571837838733836
1.0000000000000004,50.0,50000.0,1.0000000000000002e-10,3.223952051002912e-23,0.858326248225281,6110512.71493684,67657314.90213113,7.596053468225095e-09,0.5139285815131306
1.0000000000000004,51.0,51000.0,1.0000000000000002e-10,3.223952051002912e-23,0.858326248225281,6110512.71493684,67657314.90213113,7.017579252472593e-09,0.47479056933520014
1.0000000000000004,52.0,52000.0,1.0000000000000002e-10,3.223952051002912e-23,0.858326248225281,6110512.71493684,67657314.90213113,6.493138339924697e-09,0.4393083053673862
1.0000000000000004,53.0,53000.0,1.0000000000000002e-10,3.223952051002912e-23,0.858326248225281,6110512.71493684,67657314.90213113,6.016785817798288e-09,0.4070795727734553
1.0000000000000004,54.0,54000.0,1.0000000000000002e-10,3.223952051002912e-23,0.858326248225281,6110512.71493684,67657314.90213113,5.583326062583479e-09,0.37775284961748634
1.0000000000000004,55.0,55000.0,1.0000000000000002e-10,3.223952051002912e-23,0.858326248225281,6110512.71493684,67657314.90213113,5.1882067264702515e-09,0.3510201362701527
1.0000000000000004,56.0,56000.0,1.0000000000000002e-10,3.223952051002912e-23,0.858326248225281,6110512.71493684,67657314.90213113,4.827429303586767e-09,0.3266109045605455
1.0000000000000004,57.0,57000.0,1.0000000000000002e-10,3.223952051002912e-23,0.858326248225281,6110512.71493684,67657314.90213113,4.497473444385505e-09,0.3042869770907624
1.0000000000000004,58.0,58000.0,1.0000000000000002e-10,3.223952051002912e-23,0.858326248225281,6110512.71493684,67657314.90213113,4.195232709524825e-09,0.2838381805160419
1.0000000000000004,59.0,59000.0,1.0000000000000002e-10,3.223952051002912e-23,0.858326248225281,6110512.71493684,67657314.90213113,3.917959873969822e-09,0.2650786449670902
1.0000000000000004,60.0,60000.0,1.0000000000000002e-10,3.223952051002912e-23,0.858326248225281,6110512.71493684,67657314.90213113,3.663220229661021e-09,0.2478436446340328
1.0000000000000004,61.0,61000.0,1.0000000000000002e-10,3.223952051002912e-23,0.858326248225281,6110512.71493684,67657314.90213113,3.4288516079598795e-09,0.23198689299242023
1.0000000000000004,62.0,62000.0,1.0000000000000002e-10,3.223952051002912e-23,0.858326248225281,6110512.71493684,67657314.90213113,3.2129300644223874e-09,0.2173782211271499
1.0000000000000004,63.0,63000.0,1.0000000000000002e-10,3.223952051002912e-23,0.858326248225281,6110512.71493684,67657314.90213113,3.013740348649808e-09,0.20390157980185852
1.0000000000000004,64.0,64000.0,1.0000000000000002e-10,3.223952051002912e-23,0.858326248225281,6110512.71493684,67657314.90213113,2.829750429177692e-09,0.1914533158813158
1.0000000000000004,65.0,65000.0,1.0000000000000002e-10,3.223952051002912e-23,0.858326248225281,6110512.71493684,67657314.90213113,2.6595894640331556e-09,0.17994068187848136
1.0000000000000004,66.0,66000.0,1.0000000000000002e-10,3.223952051002912e-23,0.858326248225281,6110512.71493684,67657314.90213113,2.502028706824003e-09,0.1692805441117635
1.0000000000000004,67.0,67000.0,1.0000000000000002e-10,3.223952051002912e-23,0.858326248225281,6110512.71493684,67657314.90213113,2.355964920085926e-09,0.1593982604966277
1.0000000000000004,68.0,68000.0,1.0000000000000002e-10,3.223952051002912e-23,0.858326248225281,6110512.71493684,67657314.90213113,2.220405935352657e-09,0.1502267035787157
1.0000000000000004,69.0,69000.0,1.0000000000000002e-10,3.223952051002912e-23,0.858326248225281,6110512.71493684,67657314.90213113,2.094458055630746e-09,0.14170540821911465
1.0000000000000004,70.0,70000.0,1.0000000000000002e-10,3.223952051002912e-23,0.858326248225281,6110512.71493684,67657314.90213113,1.977315042749139e-09,0.13377982650799938
1.0000000000000004,71.0,71000.0,1.0000000000000002e-10,3.223952051002912e-23,0.858326248225281,6110512.71493684,67657314.90213113,1.8682484711029883e-09,0.1264006751248399
1.0000000000000004,72.0,72000.0,1.0000000000000002e-10,3.223952051002912e-23,0.858326248225281,6110512.71493684,67657314.90213113,1.7665992619893047e-09,0.11952336257428284
1.0000000000000004,73.0,73000.0,1.0000000000000002e-10,3.223952051002912e-23,0.858326248225281,6110512.71493684,67657314.90213113,1.6717702401499738e-09,0.11310748558183815
1.0000000000000004,74.0,74000.0,1.0000000000000002e-10,3.223952051002912e-23,0.858326248225281,6110512.71493684,67657314.90213113,1.583219577200373e-09,0.10711638549386453
1.0000000000000004,75.0,75000.0,1.0000000000000002e-10,3.223952051002912e-23,0.858326248225281,6110512.71493684,67657314.90213113,1.5004550060691545e-09,0.10151675684209986
1.0000000000000004,76.0,76000.0,1.0000000000000002e-10,3.223952051002912e-23,0.858326248225281,6110512.71493684,67657314.90213113,1.423028707012601e-09,0.09627830134512404
1.0000000000000004,77.0,77000.0,1.0000000000000002e-10,3.223952051002912e-23,0.858326248225281,6110512.71493684,67657314.90213113,1.3505327796934217e-09,0.09137342156136831
1.0000000000000004,78.0,78000.0,1.0000000000000002e-10,3.223952051002912e-23,0.858326248225281,6110512.71493684,67657314.90213113,1.2825952276394457e-09,0.08677694920837253
1.0000000000000004,79.0,79000.0,1.0000000000000002e-10,3.223952051002912e-23,0.858326248225281,6110512.71493684,67657314.90213113,1.2188763914613387e-09,0.08246590384387305
1.0000000000000004,80.0,80000.0,1.0000000000000002e-10,3.223952051002912e-23,0.858326248225281,6110512.71493684,67657314.90213113,1.1590657757911827e-09,0.07841927818498695
1.0000000000000004,81.0,81000.0,1.0000000000000002e-10,3.223952051002912e-23,0.858326248225281,6110512.71493684,67657314.90213113,1.102879222238712e-09,0.074617846838022
1.0000000000000004,82.0,82000.0,1.0000000000000002e-10,3.223952051002912e-23,0.858326248225281,6110512.71493684,67657314.90213113,1.05005638694335e-09,0.07104399563642028
1.0000000000000004,83.0,83000.0,1.0000000000000002e-10,3.223952051002912e-23,0.858326248225281,6110512.71493684,67657314.90213113,1.0003584866899703e-09,0.06768156914900267
1.0000000000000004,84.0,84000.0,1.0000000000000002e-10,3.223952051002912e-23,0.858326248225281,6110512.71493684,67657314.90213113,9.535662821899785e-10,0.0645157342341818
1.0000000000000004,85.0,85000.0,1.0000000000000002e-10,3.223952051002912e-23,0.858326248225281,6110512.71493684,67657314.90213113,9.094782711204481e-10,0.06153285778584194
1.0000000000000004,86.0,86000.0,1.0000000000000002e-10,3.223952051002912e-23,0.858326248225281,6110512.71493684,67657314.90213113,8.679090669581024e-10,0.05872039704959914
1.0000000000000004,87.0,87000.0,1.0000000000000002e-10,3.223952051002912e-23,0.858326248225281,6110512.71493684,67657314.90213113,8.286879426221875e-10,0.05606680108958851
1.0000000000000004,88.0,88000.0,1.0000000000000002e-10,3.223952051002912e-23,0.858326248225281,6110512.71493684,67657314.90213113,7.916575205185319e-10,0.053561422160362644
1.0000000000000004,89.0,89000.0,1.0000000000000002e-10,3.223952051002912e-23,0.858326248225281,6110512.71493684,67657314.90213113,7.566725928136172e-10,0.05119443588980294
1.0000000000000004,90.0,90000.0,1.0000000000000002e-10,3.223952051002912e-23,0.858326248225281,6110512.71493684,67657314.90213113,7.23599057710819e-10,0.04895676931042624
1.0000000000000004,91.0,91000.0,1.0000000000000002e-10,3.223952051002912e-23,0.858326248225281,6110512.71493684,67657314.90213113,6.923129591923041e-10,0.046840035890899974
1.0000000000000004,92.0,92000.0,1.0000000000000002e-10,3.223952051002912e-23,0.858326248225281,6110512.71493684,67657314.90213113,6.626996191644155e-10,0.04483647681932923
1.0000000000000004,93.0,93000.0,1.0000000000000002e-10,3.223952051002912e-23,0.858326248225281,6110512.71493684,67657314.90213113,6.346528522315828e-10,0.04293890787696789
1.0000000000000004,94.0,94000.0,1.0000000000000002e-10,3.223952051002912e-23,0.858326248225281,6110512.71493684,67657314.90213113,6.080742544493026e-10,0.04114067131715508
1.0000000000000004,95.0,95000.0,1.0000000000000002e-10,3.223952051002912e-23,0.858326248225281,6110512.71493684,67657314.90213113,5.828725583923615e-10,0.03943559223096281
1.0000000000000004,96.0,96000.0,1.0000000000000002e-10,3.223952051002912e-23,0.858326248225281,6110512.71493684,67657314.90213113,5.589630477388035e-10,0.03781793893951918
1.0000000000000004,97.0,97000.0,1.0000000000000002e-10,3.223952051002912e-23,0.858326248225281,6110512.71493684,67657314.90213113,5.362670253292448e-10,0.03628238700432984
1.0000000000000004,98.0,98000.0,1.0000000000000002e-10,3.223952051002912e-23,0.858326248225281,6110512.71493684,67657314.90213113,5.147113293287015e-10,0.03482398649208648
1.0000000000000004,99.0,99000.0,1.0000000000000002e-10,3.223952051002912e-23,0.858326248225281,6110512.71493684,67657314.90213113,4.942278927059758e-10,0.03343813217022488
1.0000000000000004,100.0,100000.0,1.0000000000000002e-10,3.223952051002912e-23,0.858326248225281,6110512.71493684,67657314.90213113,4.747533417640685e-10,0.03212053634457066
1.0500000000000003,1.0,1000.0,1.0000000000000002e-10,4.124480852527086e-23,0.8586632786041497,4776358.699284476,91786118.88651077,0.045846621296042236,4208083.432823369
1.0500000000000003,2.0,2000.0,1.0000000000000002e-10,4.124480852527086e-23,0.8586632786041497,4776358.699284476,91786118.88651077,0.0028654138310026398,263005.2145514606
1.0500000000000003,3.0,3000.0,1.0000000000000002e-10,4.124480852527086e-23,0.8586632786041497,4776358.699284476,91786118.88651077,0.0005660076703215092,51951.647318807045
1.0500000000000003,4.0,4000.0,1.0000000000000002e-10,4.124480852527086e-23,0.8586632786041497,4776358.699284476,91786118.88651077,0.00017908836443766499,16437.825909466286
1.0500000000000003,5.0,5000.0,1.0000000000000002e-10,4.124480852527086e-23,0.8586632786041497,4776358.699284476,91786118.88651077,7.335459407366758e-05,6732.933492517392
1.0500000000000003,6.0,6000.0,1.0000000000000002e-10,4.124480852527086e-23,0.8586632786041497,4776358.699284476,91786118.88651077,3.537547939509433e-05,3246.9779574254403
1.0500000000000003,7.0,7000.0,1.0000000000000002e-10,4.124480852527086e-23,0.8586632786041497,4776358.699284476,91786118.88651077,1.9094802705556952e-05,1752.637831246718
1.0500000000000003,8.0,8000.0,1.0000000000000002e-10,4.124480852527086e-23,0.8586632786041497,4776358.699284476,91786118.88651077,1.1193022777354062e-05,1027.364119341643
1.0500000000000003,9.0,9000.0,1.0000000000000002e-10,4.124480852527086e-23,0.8586632786041497,4776358.699284476,91786118.88651077,6.9877490163149285e-06,641.3783619605807
1.0500000000000003,10.0,10000.0,1.0000000000000002e-10,4.124480852527086e-23,0.8586632786041497,4776358.699284476,91786118.88651077,4.584662129604224e-06,420.808343282337
1.0500000000000003,11.0,11000.0,1.0000000000000002e-10,4.124480852527086e-23,0.8586632786041497,4776358.699284476,91786118.88651077,3.131385922822364e-06,287.41776059171974
1.0500000000000003,12.0,12000.0,1.0000000000000002e-10,4.124480852527086e-23,0.8586632786041497,4776358.699284476,91786118.88651077,2.2109674621933954e-06,202.93612233909002
1.0500000000000003,13.0,13000.0,1.0000000000000002e-10,4.124480852527086e-23,0.8586632786041497,4776358.699284476,91786118.88651077,1.605217649803657e-06,147.3366980436039
1.0500000000000003,14.0,14000.0,1.0000000000000002e-10,4.124480852527086e-23,0.8586632786041497,4776358.699284476,91786118.88651077,1.1934251690973095e-06,109.53986445291987
1.0500000000000003,15.0,15000.0,1.0000000000000002e-10,4.124480852527086e-23,0.8586632786041497,4776358.699284476,91786118.88651077,9.056122725144144e-07,83.12263571009123
1.0500000000000003,16.0,16000.0,1.0000000000000002e-10,4.124480852527086e-23,0.8586632786041497,4776358.699284476,91786118.88651077,6.995639235846289e-07,64.21025745885268
1.0500000000000003,17.0,17000.0,1.0000000000000002e-10,4.124480852527086e-23,0.8586632786041497,4776358.699284476,91786118.88651077,5.489232803252146e-07,50.38353746750363
1.0500000000000003,18.0,18000.0,1.0000000000000002e-10,4.124480852527086e-23,0.8586632786041497,4776358.699284476,91786118.88651077,4.3673431351968303e-07,40.086147622536295
1.0500000000000003,19.0,19000.0,1.0000000000000002e-10,4.124480852527086e-23,0.8586632786041497,4776358.699284476,91786118.88651077,3.5179764808466963e-07,32.29014075109436
1.0500000000000003,20.0,20000.0,1.0000000000000002e-10,4.124480852527086e-23,0.8586632786041497,4776358.699284476,91786118.88651077,2.86541383100264e-07,26.30052145514606
1.0500000000000003,21.0,21000.0,1.0000000000000002e-10,4.124480852527086e-23,0.8586632786041497,4776358.699284476,91786118.88651077,2.357383050068759e-07,21.63750408946565
1.0500000000000003,22.0,22000.0,1.0000000000000002e-10,4.124480852527086e-23,0.8586632786041497,4776358.699284476,91786118.88651077,1.9571162017639776e-07,17.963610036982484
1.0500000000000003,23.0,23000.0,1.0000000000000002e-10,4.124480852527086e-23,0.8586632786041497,4776358.699284476,91786118.88651077,1.6383096578429262e-07,15.037408502768962
1.0500000000000003,24.0,24000.0,1.0000000000000002e-10,4.124480852527086e-23,0.8586632786041497,4776358.699284476,91786118.88651077,1.3818546638708721e-07,12.683507646193126
1.0500000000000003,25.0,25000.0,1.0000000000000002e-10,4.124480852527086e-23,0.8586632786041497,4776358.699284476,91786118.88651077,1.1736735051786816e-07,10.772693588027828
1.0500000000000003,26.0,26000.0,1.0000000000000002e-10,4.124480852527086e-23,0.8586632786041497,4776358.699284476,91786118.88651077,1.0032610311272857e-07,9.208543627725243
1.0500000000000003,27.0,27000.0,1.0000000000000002e-10,4.124480852527086e-23,0.8586632786041497,4776358.699284476,91786118.88651077,8.626850637425834e-08,7.918251382229389
1.0500000000000003,28.0,28000.0,1.0000000000000002e-10,4.124480852527086e-23,0.8586632786041497,4776358.699284476,91786118.88651077,7.458907306858184e-08,6.846241528307492
1.0500000000000003,29.0,29000.0,1.0000000000000002e-10,4.124480852527086e-23,0.8586632786041497,4776358.699284476,91786118.88651077,6.48209428728359e-08,5.949662768861839
1.0500000000000003,30.0,30000.0,1.0000000000000002e-10,4.124480852527086e-23,0.8586632786041497,4776358.699284476,91786118.88651077,5.66007670321509e-08,5.195164731880702
1.0500000000000003,31.0,31000.0,1.0000000000000002e-10,4.124480852527086e-23,0.8586632786041497,4776358.699284476,91786118.88651077,4.964329051103574e-08,4.556564964763519
1.0500000000000003,32.0,32000.0,1.0000000000000002e-10,4.124480852527086e-23,0.8586632786041497,4776358.699284476,91786118.88651077,4.37227452240393e-08,4.0131410911782925
1.0500000000000003,33.0,33000.0,1.0000000000000002e-10,4.124480852527086e-23,0.8586632786041497,4776358.699284476,91786118.88651077,3.865908546694278e-08,3.5483674147125908
1.0500000000000003,34.0,34000.0,1.0000000000000002e-10,4.124480852527086e-23,0.8586632786041497,4776358.699284476,91786118.88651077,3.430770502032591e-08,3.148971091718977
1.0500000000000003,35.0,35000.0,1.0000000000000002e-10,4.124480852527086e-23,0.8586632786041497,4776358.699284476,91786118.88651077,3.0551684328891114e-08,2.804220529994748
1.0500000000000003,36.0,36000.0,1.0000000000000002e-10,4.124480852527086e-23,0.8586632786041497,4776358.699284476,91786118.88651077,2.729589459498019e-08,2.5053842264085184
1.0500000000000003,37.0,37000.0,1.0000000000000002e-10,4.124480852527086e-23,0.8586632786041497,4776358.699284476,91786118.88651077,2.4462477501155048e-08,2.2453158681796124
1.0500000000000003,38.0,38000.0,1.0000000000000002e-10,4.124480852527086e-23,0.8586632786041497,4776358.699284476,91786118.88651077,2.1987353005291852e-08,2.0181337969433977
1.0500000000000003,39.0,39000.0,1.0000000000000002e-10,4.124480852527086e-23,0.8586632786041497,4776358.699284476,91786118.88651077,1.9817501849427856e-08,1.8189715807852322
1.0500000000000003,40.0,40000.0,1.0000000000000002e-10,4.124480852527086e-23,0.8586632786041497,4776358.699284476,91786118.88651077,1.79088364437665e-08,1.6437825909466288
1.0500000000000003,41.0,41000.0,1.0000000000000002e-10,4.124480852527086e-23,0.8586632786041497,4776358.699284476,91786118.88651077,1.6224521923843606e-08,1.4891858981787098
1.0500000000000003,42.0,42000.0,1.0000000000000002e-10,4.124480852527086e-23,0.8586632786041497,4776358.699284476,91786118.88651077,1.4733644062929744e-08,1.3523440055916032
1.0500000000000003,43.0,43000.0,1.0000000000000002e-10,4.124480852527086e-23,0.8586632786041497,4776358.699284476,91786118.88651077,1.3410146216770803e-08,1.2308652749380176
1.0500000000000003,44.0,44000.0,1.0000000000000002e-10,4.124480852527086e-23,0.8586632786041497,4776358.699284476,91786118.88651077,1.223197626102486e-08,1.1227256273114052
1.0500000000000003,45.0,45000.0,1.0000000000000002e-10,4.124480852527086e-23,0.8586632786041497,4776358.699284476,91786118.88651077,1.1180398426103882e-08,1.026205379136929
1.0500000000000003,46.0,46000.0,1.0000000000000002e-10,4.124480852527086e-23,0.8586632786041497,4776358.699284476,91786118.88651077,1.0239435361518289e-08,0.9398380314230601
1.0500000000000003,47.0,47000.0,1.0000000000000002e-10,4.124480852527086e-23,0.8586632786041497,4776358.699284476,91786118.88651077,9.395413613316574e-09,0.8623685508998168
1.0500000000000003,48.0,48000.0,1.0000000000000002e-10,4.124480852527086e-23,0.8586632786041497,4776358.699284476,91786118.88651077,8.636591649192951e-09,0.7927192278870704
1.0500000000000003,49.0,49000.0,1.0000000000000002e-10,4.124480852527086e-23,0.8586632786041497,4776358.699284476,91786118.88651077,7.952854104771742e-09,0.7299616123476543
1.0500000000000003,50.0,50000.0,1.0000000000000002e-10,4.124480852527086e-23,0.8586632786041497,4776358.699284476,91786118.88651077,7.33545940736676e-09,0.6732933492517392
1.0500000000000003,51.0,51000.0,1.0000000000000002e-10,4.124480852527086e-23,0.8586632786041497,4776358.699284476,91786118.88651077,6.7768306212989436e-09,0.6220189810802915
1.0500000000000003,52.0,52000.0,1.0000000000000002e-10,4.124480852527086e-23,0.8586632786041497,4776358.699284476,91786118.88651077,6.2703814445455355e-09,0.5755339767328277
1.0500000000000003,53.0,53000.0,1.0000000000000002e-10,4.124480852527086e-23,0.8586632786041497,4776358.699284476,91786118.88651077,5.810370913514937e-09,0.5333113954426062
1.0500000000000003,54.0,54000.0,1.0000000000000002e-10,4.124480852527086e-23,0.8586632786041497,4776358.699284476,91786118.88651077,5.391781648391146e-09,0.4948907113893368
1.0500000000000003,55.0,55000.0,1.0000000000000002e-10,4.124480852527086e-23,0.8586632786041497,4776358.699284476,91786118.88651077,5.010217476515784e-09,0.45986841694675173
1.0500000000000003,56.0,56000.0,1.0000000000000002e-10,4.124480852527086e-23,0.8586632786041497,4776358.699284476,91786118.88651077,4.661817066786365e-09,0.42789009551921825
1.0500000000000003,57.0,57000.0,1.0000000000000002e-10,4.124480852527086e-23,0.8586632786041497,4776358.699284476,91786118.88651077,4.343180840551477e-09,0.3986437129764736
1.0500000000000003,58.0,58000.0,1.0000000000000002e-10,4.124480852527086e-23,0.8586632786041497,4776358.699284476,91786118.88651077,4.0513089295522435e-09,0.37185392305386494
1.0500000000000003,59.0,59000.0,1.0000000000000002e-10,4.124480852527086e-23,0.8586632786041497,4776358.699284476,91786118.88651077,3.783548356448424e-09,0.3472772192578375
1.0500000000000003,60.0,60000.0,1.0000000000000002e-10,4.124480852527086e-23,0.8586632786041497,4776358.699284476,91786118.88651077,3.5375479395094314e-09,0.32469779574254387
1.0500000000000003,61.0,61000.0,1.0000000000000002e-10,4.124480852527086e-23,0.8586632786041497,4776358.699284476,91786118.88651077,3.3112196865500784e-09,0.30392400380904044
1.0500000000000003,62.0,62000.0,1.0000000000000002e-10,4.124480852527086e-23,0.8586632786041497,4776358.699284476,91786118.88651077,3.1027056569397337e-09,0.2847853102977199
1.0500000000000003,63.0,63000.0,1.0000000000000002e-10,4.124480852527086e-23,0.8586632786041497,4776358.699284476,91786118.88651077,2.910349444529332e-09,0.2671296801168599
1.0500000000000003,64.0,64000.0,1.0000000000000002e-10,4.124480852527086e-23,0.8586632786041497,4776358.699284476,91786118.88651077,2.7326715765024565e-09,0.2508213181986433
1.0500000000000003,65.0,65000.0,1.0000000000000002e-10,4.124480852527086e-23,0.8586632786041497,4776358.699284476,91786118.88651077,2.5683482396858514e-09,0.23573871686976622
1.0500000000000003,66.0,66000.0,1.0000000000000002e-10,4.124480852527086e-23,0.8586632786041497,4776358.699284476,91786118.88651077,2.4161928416839238e-09,0.22177296341953692
1.0500000000000003,67.0,67000.0,1.0000000000000002e-10,4.124480852527086e-23,0.8586632786041497,4776358.699284476,91786118.88651077,2.2751399932560685e-09,0.20882626990445682
1.0500000000000003,68.0,68000.0,1.0000000000000002e-10,4.124480852527086e-23,0.8586632786041497,4776358.699284476,91786118.88651077,2.1442315637703695e-09,0.19681069323243605
1.0500000000000003,69.0,69000.0,1.0000000000000002e-10,4.124480852527086e-23,0.8586632786041497,4776358.699284476,91786118.88651077,2.022604515855465e-09,0.1856470185527033
1.0500000000000003,70.0,70000.0,1.0000000000000002e-10,4.124480852527086e-23,0.8586632786041497,4776358.699284476,91786118.88651077,1.9094802705556946e-09,0.17526378312467175
1.0500000000000003,71.0,71000.0,1.0000000000000002e-10,4.124480852527086e-23,0.8586632786041497,4776358.699284476,91786118.88651077,1.8041553920042618e-09,0.16559642130024263
1.0500000000000003,72.0,72000.0,1.0000000000000002e-10,4.124480852527086e-23,0.8586632786041497,4776358.699284476,91786118.88651077,1.7059934121862618e-09,0.1565865141505324
1.0500000000000003,73.0,73000.0,1.0000000000000002e-10,4.124480852527086e-23,0.8586632786041497,4776358.699284476,91786118.88651077,1.6144176428407036e-09,0.1481811296982573
1.0500000000000003,74.0,74000.0,1.0000000000000002e-10,4.124480852527086e-23,0.8586632786041497,4776358.699284476,91786118.88651077,1.5289048438221905e-09,0.14033224176122577
1.0500000000000003,75.0,75000.0,1.0000000000000002e-10,4.124480852527086e-23,0.8586632786041497,4776358.699284476,91786118.88651077,1.4489796360230634e-09,0.132996217136146
1.0500000000000003,76.0,76000.0,1.0000000000000002e-10,4.124480852527086e-23,0.8586632786041497,4776358.699284476,91786118.88651077,1.3742095628307407e-09,0.12613336230896235
1.0500000000000003,77.0,77000.0,1.0000000000000002e-10,4.124480852527086e-23,0.8586632786041497,4776358.699284476,91786118.88651077,1.3042007175436748e-09,0.11970752211233639
1.0500000000000003,78.0,78000.0,1.0000000000000002e-10,4.124480852527086e-23,0.8586632786041497,4776358.699284476,91786118.88651077,1.238593865589241e-09,0.11368572379907702
1.0500000000000003,79.0,79000.0,1.0000000000000002e-10,4.124480852527086e-23,0.8586632786041497,4776358.699284476,91786118.88651077,1.177061000105295e-09,0.10803786089233988
1.0500000000000003,80.0,80000.0,1.0000000000000002e-10,4.124480852527086e-23,0.8586632786041497,4776358.699284476,91786118.88651077,1.1193022777354062e-09,0.1027364119341643
1.0500000000000003,81.0,81000.0,1.0000000000000002e-10,4.124480852527086e-23,0.8586632786041497,4776358.699284476,91786118.88651077,1.0650432885710906e-09,0.09775618990406652
1.0500000000000003,82.0,82000.0,1.0000000000000002e-10,4.124480852527086e-23,0.8586632786041497,4776358.699284476,91786118.88651077,1.0140326202402254e-09,0.09307411863616936
1.0500000000000003,83.0,83000.0,1.0000000000000002e-10,4.124480852527086e-23,0.8586632786041497,4776358.699284476,91786118.88651077,9.660396813457061e-10,0.08866903304108396
1.0500000000000003,84.0,84000.0,1.0000000000000002e-10,4.124480852527086e-23,0.8586632786041497,4776358.699284476,91786118.88651077,9.20852753933109e-10,0.0845215003494752
1.0500000000000003,85.0,85000.0,1.0000000000000002e-10,4.124480852527086e-23,0.8586632786041497,4776358.699284476,91786118.88651077,8.782772485203432e-10,0.08061365994800579
1.0500000000000003,86.0,86000.0,1.0000000000000002e-10,4.124480852527086e-23,0.8586632786041497,4776358.699284476,91786118.88651077,8.381341385481752e-10,0.0769290796836261
1.0500000000000003,87.0,87000.0,1.0000000000000002e-10,4.124480852527086e-23,0.8586632786041497,4776358.699284476,91786118.88651077,8.002585539856282e-10,0.07345262677607206
1.0500000000000003,88.0,88000.0,1.0000000000000002e-10,4.124480852527086e-23,0.8586632786041497,4776358.699284476,91786118.88651077,7.644985163140537e-10,0.07017035170696283
1.0500000000000003,89.0,89000.0,1.0000000000000002e-10,4.124480852527086e-23,0.8586632786041497,4776358.699284476,91786118.88651077,7.307137992734788e-10,0.0670693836521295
1.0500000000000003,90.0,90000.0,1.0000000000000002e-10,4.124480852527086e-23,0.8586632786041497,4776358.699284476,91786118.88651077,6.987749016314926e-10,0.06413783619605806
1.0500000000000003,91.0,91000.0,1.0000000000000002e-10,4.124480852527086e-23,0.8586632786041497,4776358.699284476,91786118.88651077,6.685621198682452e-10,0.06136472221724442
1.0500000000000003,92.0,92000.0,1.0000000000000002e-10,4.124480852527086e-23,0.8586632786041497,4776358.699284476,91786118.88651077,6.39964710094893e-10,0.05873987696394126
1.0500000000000003,93.0,93000.0,1.0000000000000002e-10,4.124480852527086e-23,0.8586632786041497,4776358.699284476,91786118.88651077,6.128801297658734e-10,0.0562538884538706
1.0500000000000003,94.0,94000.0,1.0000000000000002e-10,4.124480852527086e-23,0.8586632786041497,4776358.699284476,91786118.88651077,5.872133508322859e-10,0.05389803443123855
1.0500000000000003,95.0,95000.0,1.0000000000000002e-10,4.124480852527086e-23,0.8586632786041497,4776358.699284476,91786118.88651077,5.628762369354714e-10,0.051664225201750985
1.0500000000000003,96.0,96000.0,1.0000000000000002e-10,4.124480852527086e-23,0.8586632786041497,4776358.699284476,91786118.88651077,5.397869780745594e-10,0.0495449517429419
1.0500000000000003,97.0,97000.0,1.0000000000000002e-10,4.124480852527086e-23,0.8586632786041497,4776358.699284476,91786118.88651077,5.178695769148088e-10,0.047533238554409676
1.0500000000000003,98.0,98000.0,1.0000000000000002e-10,4.124480852527086e-23,0.8586632786041497,4776358.699284476,91786118.88651077,4.970533815482339e-10,0.045622600771728396
1.0500000000000003,99.0,99000.0,1.0000000000000002e-10,4.124480852527086e-23,0.8586632786041497,4776358.699284476,91786118.88651077,4.772726600857132e-10,0.04380700511990852
1.0500000000000003,100.0,100000.0,1.0000000000000002e-10,4.124480852527086e-23,0.8586632786041497,4776358.699284476,91786118.88651077,4.584662129604225e-10,0.0420808343282337
1.1000000000000005,1.0,1000.0,1.0000000000000002e-10,5.2154476125821357e-23,0.8589576585886392,3777240.5099946256,122820859.75518826,0.0442322473499461,5432642.648424528
1.1000000000000005,2.0,2000.0,1.0000000000000002e-10,5.2154476125821357e-23,0.8589576585886392,3777240.5099946256,122820859.75518826,0.0027645154593716314,339540.165526533
1.1000000000000005,3.0,3000.0,1.0000000000000002e-10,5.2154476125821357e-23,0.8589576585886392,3777240.5099946256,122820859.75518826,0.0005460771277771125,67069.66232622876
1.1000000000000005,4.0,4000.0,1.0000000000000002e-10,5.2154476125821357e-23,0.8589576585886392,3777240.5099946256,122820859.75518826,0.00017278221621072696,21221.26034540831
1.1000000000000005,5.0,5000.0,1.0000000000000002e-10,5.2154476125821357e-23,0.8589576585886392,3777240.5099946256,122820859.75518826,7.077159575991376e-05,8692.228237479245
1.1000000000000005,6.0,6000.0,1.0000000000000002e-10,5.2154476125821357e-23,0.8589576585886392,3777240.5099946256,122820859.75518826,3.412982048606953e-05,4191.853895389298
1.1000000000000005,7.0,7000.0,1.0000000000000002e-10,5.2154476125821357e-23,0.8589576585886392,3777240.5099946256,122820859.75518826,1.8422427051206207e-05,2262.6583292063838
1.1000000000000005,8.0,8000.0,1.0000000000000002e-10,5.2154476125821357e-23,0.8589576585886392,3777240.5099946256,122820859.75518826,1.0798888513170435e-05,1326.3287715880194
1.1000000000000005,9.0,9000.0,1.0000000000000002e-10,5.2154476125821357e-23,0.8589576585886392,3777240.5099946256,122820859.75518826,6.741692935519907e-06,828.0205225460339
1.1000000000000005,10.0,10000.0,1.0000000000000002e-10,5.2154476125821357e-23,0.8589576585886392,3777240.5099946256,122820859.75518826,4.42322473499461e-06,543.2642648424528
1.1000000000000005,11.0,11000.0,1.0000000000000002e-10,5.2154476125821357e-23,0.8589576585886392,3777240.5099946256,122820859.75518826,3.0211220101049175e-06,371.0568027064085
1.1000000000000005,12.0,12000.0,1.0000000000000002e-10,5.2154476125821357e-23,0.8589576585886392,3777240.5099946256,122820859.75518826,2.133113780379346e-06,261.9908684618311
1.1000000000000005,13.0,13000.0,1.0000000000000002e-10,5.2154476125821357e-23,0.8589576585886392,3777240.5099946256,122820859.75518826,1.5486939305327584e-06,190.21192004567519
1.1000000000000005,14.0,14000.0,1.0000000000000002e-10,5.2154476125821357e-23,0.8589576585886392,3777240.5099946256,122820859.75518826,1.151401690700388e-06,141.41614557539899
1.1000000000000005,15.0,15000.0,1.0000000000000002e-10,5.2154476125821357e-23,0.8589576585886392,3777240.5099946256,122820859.75518826,8.737234044433796e-07,107.31145972196595
1.1000000000000005,16.0,16000.0,1.0000000000000002e-10,5.2154476125821357e-23,0.8589576585886392,3777240.5099946256,122820859.75518826,6.749305320731522e-07,82.89554822425121
1.1000000000000005,17.0,17000.0,1.0000000000000002e-10,5.2154476125821357e-23,0.8589576585886392,3777240.5099946256,122820859.75518826,5.295943217866897e-07,65.04522992330706
1.1000000000000005,18.0,18000.0,1.0000000000000002e-10,5.2154476125821357e-23,0.8589576585886392,3777240.5099946256,122820859.75518826,4.213558084699942e-07,51.75128265912712
1.1000000000000005,19.0,19000.0,1.0000000000000002e-10,5.2154476125821357e-23,0.8589576585886392,3777240.5099946256,122820859.75518826,3.394099749844315e-07,41.68662493707482
1.1000000000000005,20.0,20000.0,1.0000000000000002e-10,5.2154476125821357e-23,0.8589576585886392,3777240.5099946256,122820859.75518826,2.7645154593716314e-07,33.9540165526533
1.1000000000000005,21.0,21000.0,1.0000000000000002e-10,5.2154476125821357e-23,0.8589576585886392,3777240.5099946256,122820859.75518826,2.2743737100254573e-07,27.93405344699239
1.1000000000000005,22.0,22000.0,1.0000000000000002e-10,5.2154476125821357e-23,0.8589576585886392,3777240.5099946256,122820859.75518826,1.8882012563155734e-07,23.191050169150532
1.1000000000000005,23.0,23000.0,1.0000000000000002e-10,5.2154476125821357e-23,0.8589576585886392,3777240.5099946256,122820859.75518826,1.580620686387845e-07,19.413319164899093
1.1000000000000005,24.0,24000.0,1.0000000000000002e-10,5.2154476125821357e-23,0.8589576585886392,3777240.5099946256,122820859.75518826,1.333196112737091e-07,16.374429278864444
1.1000000000000005,25.0,25000.0,1.0000000000000002e-10,5.2154476125821357e-23,0.8589576585886392,3777240.5099946256,122820859.75518826,1.1323455321586205e-07,13.907565179966793
1.1000000000000005,26.0,26000.0,1.0000000000000002e-10,5.2154476125821357e-23,0.8589576585886392,3777240.5099946256,122820859.75518826,9.67933706582974e-08,11.888245002854699
1.1000000000000005,27.0,27000.0,1.0000000000000002e-10,5.2154476125821357e-23,0.8589576585886392,3777240.5099946256,122820859.75518826,8.323077698172721e-08,10.222475586988068
1.1000000000000005,28.0,28000.0,1.0000000000000002e-10,5.2154476125821357e-23,0.8589576585886392,3777240.5099946256,122820859.75518826,7.196260566877425e-08,8.838509098462437
1.1000000000000005,29.0,29000.0,1.0000000000000002e-10,5.2154476125821357e-23,0.8589576585886392,3777240.5099946256,122820859.75518826,6.253843571359348e-08,7.681024442088122
1.1000000000000005,30.0,30000.0,1.0000000000000002e-10,5.2154476125821357e-23,0.8589576585886392,3777240.5099946256,122820859.75518826,5.4607712777711224e-08,6.706966232622872
1.1000000000000005,31.0,31000.0,1.0000000000000002e-10,5.2154476125821357e-23,0.8589576585886392,3777240.5099946256,122820859.75518826,4.7895226367290075e-08,5.882532880599929
1.1000000000000005,32.0,32000.0,1.0000000000000002e-10,5.2154476125821357e-23,0.8589576585886392,3777240.5099946256,122820859.75518826,4.218315825457201e-08,5.180971764015701
1.1000000000000005,33.0,33000.0,1.0000000000000002e-10,5.2154476125821357e-23,0.8589576585886392,3777240.5099946256,122820859.75518826,3.7297802593887884e-08,4.580948181560601
1.1000000000000005,34.0,34000.0,1.0000000000000002e-10,5.2154476125821357e-23,0.8589576585886392,3777240.5099946256,122820859.75518826,3.309964511166811e-08,4.065326870206691
1.1000000000000005,35.0,35000.0,1.0000000000000002e-10,5.2154476125821357e-23,0.8589576585886392,3777240.5099946256,122820859.75518826,2.9475883281929925e-08,3.6202533267302135
1.1000000000000005,36.0,36000.0,1.0000000000000002e-10,5.2154476125821357e-23,0.8589576585886392,3777240.5099946256,122820859.75518826,2.6334738029374636e-08,3.234455166195445
1.1000000000000005,37.0,37000.0,1.0000000000000002e-10,5.2154476125821357e-23,0.8589576585886392,3777240.5099946256,122820859.75518826,2.3601092622216613e-08,2.898706487022475
1.1000000000000005,38.0,38000.0,1.0000000000000002e-10,5.2154476125821357e-23,0.8589576585886392,3777240.5099946256,122820859.75518826,2.1213123436526968e-08,2.605414058567176
1.1000000000000005,39.0,39000.0,1.0000000000000002e-10,5.2154476125821357e-23,0.8589576585886392,3777240.5099946256,122820859.75518826,1.9119678154725403e-08,2.348295309205865
1.1000000000000005,40.0,40000.0,1.0000000000000002e-10,5.2154476125821357e-23,0.8589576585886392,3777240.5099946256,122820859.75518826,1.7278221621072696e-08,2.1221260345408313
1.1000000000000005,41.0,41000.0,1.0000000000000002e-10,5.2154476125821357e-23,0.8589576585886392,3777240.5099946256,122820859.75518826,1.565321601860387e-08,1.9225414493386124
1.1000000000000005,42.0,42000.0,1.0000000000000002e-10,5.2154476125821357e-23,0.8589576585886392,3777240.5099946256,122820859.75518826,1.4214835687659108e-08,1.7458783404370244
1.1000000000000005,43.0,43000.0,1.0000000000000002e-10,5.2154476125821357e-23,0.8589576585886392,3777240.5099946256,122820859.75518826,1.2937941503452848e-08,1.5890490989164117
1.1000000000000005,44.0,44000.0,1.0000000000000002e-10,5.2154476125821357e-23,0.8589576585886392,3777240.5099946256,122820859.75518826,1.1801257851972334e-08,1.4494406355719083
1.1000000000000005,45.0,45000.0,1.0000000000000002e-10,5.2154476125821357e-23,0.8589576585886392,3777240.5099946256,122820859.75518826,1.0786708696831848e-08,1.3248328360736539
1.1000000000000005,46.0,46000.0,1.0000000000000002e-10,5.2154476125821357e-23,0.8589576585886392,3777240.5099946256,122820859.75518826,9.878879289924032e-09,1.2133324478061933
1.1000000000000005,47.0,47000.0,1.0000000000000002e-10,5.2154476125821357e-23,0.8589576585886392,3777240.5099946256,122820859.75518826,9.064577653733123e-09,1.1133192207491693
1.1000000000000005,48.0,48000.0,1.0000000000000002e-10,5.2154476125821357e-23,0.8589576585886392,3777240.5099946256,122820859.75518826,8.33247570460682e-09,1.0234018299290277
1.1000000000000005,49.0,49000.0,1.0000000000000002e-10,5.2154476125821357e-23,0.8589576585886392,3777240.5099946256,122820859.75518826,7.672814265392006e-09,0.9423816448173195
1.1000000000000005,50.0,50000.0,1.0000000000000002e-10,5.2154476125821357e-23,0.8589576585886392,3777240.5099946256,122820859.75518826,7.077159575991378e-09,0.8692228237479246
1.1000000000000005,51.0,51000.0,1.0000000000000002e-10,5.2154476125821357e-23,0.8589576585886392,3777240.5099946256,122820859.75518826,6.538201503539377e-09,0.8030275299173708
1.1000000000000005,52.0,52000.0,1.0000000000000002e-10,5.2154476125821357e-23,0.8589576585886392,3777240.5099946256,122820859.75518826,6.0495856661435876e-09,0.7430153126784187
1.1000000000000005,53.0,53000.0,1.0000000000000002e-10,5.2154476125821357e-23,0.8589576585886392,3777240.5099946256,122820859.75518826,5.605773253867047e-09,0.6885058906325899
1.1000000000000005,54.0,54000.0,1.0000000000000002e-10,5.2154476125821357e-23,0.8589576585886392,3777240.5099946256,122820859.75518826,5.2019235613579505e-09,0.6389047241867543
1.1000000000000005,55.0,55000.0,1.0000000000000002e-10,5.2154476125821357e-23,0.8589576585886392,3777240.5099946256,122820859.75518826,4.833795216167869e-09,0.5936908843302537
1.1000000000000005,56.0,56000.0,1.0000000000000002e-10,5.2154476125821357e-23,0.8589576585886392,3777240.5099946256,122820859.75518826,4.49766285429839e-09,0.5524068186539023
1.1000000000000005,57.0,57000.0,1.0000000000000002e-10,5.2154476125821357e-23,0.8589576585886392,3777240.5099946256,122820859.75518826,4.190246604746068e-09,0.5146496905811705
1.1000000000000005,58.0,58000.0,1.0000000000000002e-10,5.2154476125821357e-23,0.8589576585886392,3777240.5099946256,122820859.75518826,3.908652232099593e-09,0.48006402763050765
1.1000000000000005,59.0,59000.0,1.0000000000000002e-10,5.2154476125821357e-23,0.8589576585886392,3777240.5099946256,122820859.75518826,3.6503201769713798e-09,0.4483354625173358
1.1000000000000005,60.0,60000.0,1.0000000000000002e-10,5.2154476125821357e-23,0.8589576585886392,3777240.5099946256,122820859.75518826,3.4129820486069515e-09,0.4191853895389295
1.1000000000000005,61.0,61000.0,1.0000000000000002e-10,5.2154476125821357e-23,0.8589576585886392,3777240.5099946256,122820859.75518826,3.1946233782365465e-09,0.3923663899090366
1.1000000000000005,62.0,62000.0,1.0000000000000002e-10,5.2154476125821357e-23,0.8589576585886392,3777240.5099946256,122820859.75518826,2.9934516479556297e-09,0.3676583050374956
1.1000000000000005,63.0,63000.0,1.0000000000000002e-10,5.2154476125821357e-23,0.8589576585886392,3777240.5099946256,122820859.75518826,2.8078687778092064e-09,0.3448648573702764
1.1000000000000005,64.0,64000.0,1.0000000000000002e-10,5.2154476125821357e-23,0.8589576585886392,3777240.5099946256,122820859.75518826,2.6364473909107508e-09,0.3238107352509813
1.1000000000000005,65.0,65000.0,1.0000000000000002e-10,5.2154476125821357e-23,0.8589576585886392,3777240.5099946256,122820859.75518826,2.4779102888524135e-09,0.3043390720730803
1.1000000000000005,66.0,66000.0,1.0000000000000002e-10,5.2154476125821357e-23,0.8589576585886392,3777240.5099946256,122820859.75518826,2.3311126621179927e-09,0.28630926134753754
1.1000000000000005,67.0,67000.0,1.0000000000000002e-10,5.2154476125821357e-23,0.8589576585886392,3777240.5099946256,122820859.75518826,2.1950266364807245e-09,0.26959505867810163
1.1000000000000005,68.0,68000.0,1.0000000000000002e-10,5.2154476125821357e-23,0.8589576585886392,3777240.5099946256,122820859.75518826,2.0687278194792567e-09,0.2540829293879182
1.1000000000000005,69.0,69000.0,1.0000000000000002e-10,5.2154476125821357e-23,0.8589576585886392,3777240.5099946256,122820859.75518826,1.9513835634417845e-09,0.23967060697406292
1.1000000000000005,70.0,70000.0,1.0000000000000002e-10,5.2154476125821357e-23,0.8589576585886392,3777240.5099946256,122820859.75518826,1.8422427051206203e-09,0.22626583292063834
1.1000000000000005,71.0,71000.0,1.0000000000000002e-10,5.2154476125821357e-23,0.8589576585886392,3777240.5099946256,122820859.75518826,1.7406265783812614e-09,0.2137852528695181
1.1000000000000005,72.0,72000.0,1.0000000000000002e-10,5.2154476125821357e-23,0.8589576585886392,3777240.5099946256,122820859.75518826,1.6459211268359147e-09,0.20215344788721532
1.1000000000000005,73.0,73000.0,1.0000000000000002e-10,5.2154476125821357e-23,0.8589576585886392,3777240.5099946256,122820859.75518826,1.5575699688563842e-09,0.19130208270380292
1.1000000000000005,74.0,74000.0,1.0000000000000002e-10,5.2154476125821357e-23,0.8589576585886392,3777240.5099946256,122820859.75518826,1.4750682888885383e-09,0.1811691554389047
1.1000000000000005,75.0,75000.0,1.0000000000000002e-10,5.2154476125821357e-23,0.8589576585886392,3777240.5099946256,122820859.75518826,1.3979574471094076e-09,0.17169833555514555
1.1000000000000005,76.0,76000.0,1.0000000000000002e-10,5.2154476125821357e-23,0.8589576585886392,3777240.5099946256,122820859.75518826,1.3258202147829355e-09,0.1628383786604485
1.1000000000000005,77.0,77000.0,1.0000000000000002e-10,5.2154476125821357e-23,0.8589576585886392,3777240.5099946256,122820859.75518826,1.2582765556455297e-09,0.15454260837418093
1.1000000000000005,78.0,78000.0,1.0000000000000002e-10,5.2154476125821357e-23,0.8589576585886392,3777240.5099946256,122820859.75518826,1.1949798846703377e-09,0.14676845682536657
1.1000000000000005,79.0,79000.0,1.0000000000000002e-10,5.2154476125821357e-23,0.8589576585886392,3777240.5099946256,122820859.75518826,1.1356137449353728e-09,0.13947705650277156
1.1000000000000005,80.0,80000.0,1.0000000000000002e-10,5.2154476125821357e-23,0.8589576585886392,3777240.5099946256,122820859.75518826,1.0798888513170435e-09,0.13263287715880195
1.1000000000000005,81.0,81000.0,1.0000000000000002e-10,5.2154476125821357e-23,0.8589576585886392,3777240.5099946256,122820859.75518826,1.0275404565645336e-09,0.1262034023084947
1.1000000000000005,82.0,82000.0,1.0000000000000002e-10,5.2154476125821357e-23,0.8589576585886392,3777240.5099946256,122820859.75518826,9.78326001162742e-10,0.12015884058366327
1.1000000000000005,83.0,83000.0,1.0000000000000002e-10,5.2154476125821357e-23,0.8589576585886392,3777240.5099946256,122820859.75518826,9.320230134130978e-10,0.11447186781901802
1.1000000000000005,84.0,84000.0,1.0000000000000002e-10,5.2154476125821357e-23,0.8589576585886392,3777240.5099946256,122820859.75518826,8.884272304786942e-10,0.10911739627731402
1.1000000000000005,85.0,85000.0,1.0000000000000002e-10,5.2154476125821357e-23,0.8589576585886392,3777240.5099946256,122820859.75518826,8.473509148587034e-10,0.10407236787729128
1.1000000000000005,86.0,86000.0,1.0000000000000002e-10,5.2154476125821357e-23,0.8589576585886392,3777240.5099946256,122820859.75518826,8.08621343965803e-10,0.09931556868227573
1.1000000000000005,87.0,87000.0,1.0000000000000002e-10,5.2154476125821357e-23,0.8589576585886392,3777240.5099946256,122820859.75518826,7.720794532542403e-10,0.09482746224800148
1.1000000000000005,88.0,88000.0,1.0000000000000002e-10,5.2154476125821357e-23,0.8589576585886392,3777240.5099946256,122820859.75518826,7.375786157482709e-10,0.09059003972324427
1.1000000000000005,89.0,89000.0,1.0000000000000002e-10,5.2154476125821357e-23,0.8589576585886392,3777240.5099946256,122820859.75518826,7.0498354290447e-10,0.08658668485278566
1.1000000000000005,90.0,90000.0,1.0000000000000002e-10,5.2154476125821357e-23,0.8589576585886392,3777240.5099946256,122820859.75518826,6.741692935519905e-10,0.08280205225460337
1.1000000000000005,91.0,91000.0,1.0000000000000002e-10,5.2154476125821357e-23,0.8589576585886392,3777240.5099946256,122820859.75518826,6.450203792306364e-10,0.07922195753672433
1.1000000000000005,92.0,92000.0,1.0000000000000002e-10,5.2154476125821357e-23,0.8589576585886392,3777240.5099946256,122820859.75518826,6.17429955620252e-10,0.07583327798788708
1.1000000000000005,93.0,93000.0,1.0000000000000002e-10,5.2154476125821357e-23,0.8589576585886392,3777240.5099946256,122820859.75518826,5.912990909541986e-10,0.07262386272345593
1.1000000000000005,94.0,94000.0,1.0000000000000002e-10,5.2154476125821357e-23,0.8589576585886392,3777240.5099946256,122820859.75518826,5.665361033583202e-10,0.06958245129682308
1.1000000000000005,95.0,95000.0,1.0000000000000002e-10,5.2154476125821357e-23,0.8589576585886392,3777240.5099946256,122820859.75518826,5.430559599750904e-10,0.0666985998993197
1.1000000000000005,96.0,96000.0,1.0000000000000002e-10,5.2154476125821357e-23,0.8589576585886392,3777240.5099946256,122820859.75518826,5.207797315379262e-10,0.06396261437056423
1.1000000000000005,97.0,97000.0,1.0000000000000002e-10,5.2154476125821357e-23,0.8589576585886392,3777240.5099946256,122820859.75518826,4.996340967678941e-10,0.06136548932803969
1.1000000000000005,98.0,98000.0,1.0000000000000002e-10,5.2154476125821357e-23,0.8589576585886392,3777240.5099946256,122820859.75518826,4.795508915870004e-10,0.058898852801082466
1.1000000000000005,99.0,99000.0,1.0000000000000002e-10,5.2154476125821357e-23,0.8589576585886392,3777240.5099946256,122820859.75518826,4.6046669868997374e-10,0.056554915821735795
1.1000000000000005,100.0,100000.0,1.0000000000000002e-10,5.2154476125821357e-23,0.8589576585886392,3777240.5099946256,122820859.75518826,4.423224734994611e-10,0.05432642648424529
1.1500000000000004,1.0,1000.0,1.0000000000000002e-10,6.525505996992258e-23,0.8592162405258097,3018922.978398938,162312703.18625754,0.04268593747119913,6928469.898989893
1.1500000000000004,2.0,2000.0,1.0000000000000002e-10,6.525505996992258e-23,0.8592162405258097,3018922.978398938,162312703.18625754,0.0026678710919499455,433029.3686868683
1.1500000000000004,3.0,3000.0,1.0000000000000002e-10,6.525505996992258e-23,0.8592162405258097,3018922.978398938,162312703.18625754,0.0005269868823604832,85536.66541962833
1.1500000000000004,4.0,4000.0,1.0000000000000002e-10,6.525505996992258e-23,0.8592162405258097,3018922.978398938,162312703.18625754,0.0001667419432468716,27064.335542929268
1.1500000000000004,5.0,5000.0,1.0000000000000002e-10,6.525505996992258e-23,0.8592162405258097,3018922.978398938,162312703.18625754,6.829749995391861e-05,11085.55183838383
1.1500000000000004,6.0,6000.0,1.0000000000000002e-10,6.525505996992258e-23,0.8592162405258097,3018922.978398938,162312703.18625754,3.29366801475302e-05,5346.041588726771
1.1500000000000004,7.0,7000.0,1.0000000000000002e-10,6.525505996992258e-23,0.8592162405258097,3018922.978398938,162312703.18625754,1.777839961316082e-05,2885.6600995376484
1.1500000000000004,8.0,8000.0,1.0000000000000002e-10,6.525505996992258e-23,0.8592162405258097,3018922.978398938,162312703.18625754,1.0421371452929475e-05,1691.5209714330792
1.1500000000000004,9.0,9000.0,1.0000000000000002e-10,6.525505996992258e-23,0.8592162405258097,3018922.978398938,162312703.18625754,6.506010893339298e-06,1056.0082150571398
1.1500000000000004,10.0,10000.0,1.0000000000000002e-10,6.525505996992258e-23,0.8592162405258097,3018922.978398938,162312703.18625754,4.268593747119913e-06,692.8469898989894
1.1500000000000004,11.0,11000.0,1.0000000000000002e-10,6.525505996992258e-23,0.8592162405258097,3018922.978398938,162312703.18625754,2.9155069647701064e-06,473.2238166101969
1.1500000000000004,12.0,12000.0,1.0000000000000002e-10,6.525505996992258e-23,0.8592162405258097,3018922.978398938,162312703.18625754,2.0585425092206375e-06,334.1275992954232
1.1500000000000004,13.0,13000.0,1.0000000000000002e-10,6.525505996992258e-23,0.8592162405258097,3018922.978398938,162312703.18625754,1.4945533234550312e-06,242.58498998599126
1.1500000000000004,14.0,14000.0,1.0000000000000002e-10,6.525505996992258e-23,0.8592162405258097,3018922.978398938,162312703.18625754,1.1111499758225513e-06,180.35375622110303
1.1500000000000004,15.0,15000.0,1.0000000000000002e-10,6.525505996992258e-23,0.8592162405258097,3018922.978398938,162312703.18625754,8.431790117767728e-07,136.85866467140528
1.1500000000000004,16.0,16000.0,1.0000000000000002e-10,6.525505996992258e-23,0.8592162405258097,3018922.978398938,162312703.18625754,6.513357158080922e-07,105.72006071456745
1.1500000000000004,17.0,17000.0,1.0000000000000002e-10,6.525505996992258e-23,0.8592162405258097,3018922.978398938,162312703.18625754,5.110802968259377e-07,82.95482452305282
1.1500000000000004,18.0,18000.0,1.0000000000000002e-10,6.525505996992258e-23,0.8592162405258097,3018922.978398938,162312703.18625754,4.0662568083370614e-07,66.00051344107123
1.1500000000000004,19.0,19000.0,1.0000000000000002e-10,6.525505996992258e-23,0.8592162405258097,3018922.978398938,162312703.18625754,3.275445820028938e-07,53.164646518902494
1.1500000000000004,20.0,20000.0,1.0000000000000002e-10,6.525505996992258e-23,0.8592162405258097,3018922.978398938,162312703.18625754,2.6678710919499457e-07,43.302936868686835
1.1500000000000004,21.0,21000.0,1.0000000000000002e-10,6.525505996992258e-23,0.8592162405258097,3018922.978398938,162312703.18625754,2.1948641497729405e-07,35.62543332762528
1.1500000000000004,22.0,22000.0,1.0000000000000002e-10,6.525505996992258e-23,0.8592162405258097,3018922.978398938,162312703.18625754,1.8221918529813165e-07,29.576488538137305
1.1500000000000004,23.0,23000.0,1.0000000000000002e-10,6.525505996992258e-23,0.8592162405258097,3018922.978398938,162312703.18625754,1.5253639556462106e-07,24.75859469838191
1.1500000000000004,24.0,24000.0,1.0000000000000002e-10,6.525505996992258e-23,0.8592162405258097,3018922.978398938,162312703.18625754,1.2865890682628984e-07,20.88297495596395
1.1500000000000004,25.0,25000.0,1.0000000000000002e-10,6.525505996992258e-23,0.8592162405258097,3018922.978398938,162312703.18625754,1.092759999262698e-07,17.73688294141413
1.1500000000000004,26.0,26000.0,1.0000000000000002e-10,6.525505996992258e-23,0.8592162405258097,3018922.978398938,162312703.18625754,9.340958271593945e-08,15.161561874124454
1.1500000000000004,27.0,27000.0,1.0000000000000002e-10,6.525505996992258e-23,0.8592162405258097,3018922.978398938,162312703.18625754,8.03211221399913e-08,13.037138457495548
1.1500000000000004,28.0,28000.0,1.0000000000000002e-10,6.525505996992258e-23,0.8592162405258097,3018922.978398938,162312703.18625754,6.944687348890946e-08,11.27210976381894
1.1500000000000004,29.0,29000.0,1.0000000000000002e-10,6.525505996992258e-23,0.8592162405258097,3018922.978398938,162312703.18625754,6.035216197126621e-08,9.795922552691072
1.1500000000000004,30.0,30000.0,1.0000000000000002e-10,6.525505996992258e-23,0.8592162405258097,3018922.978398938,162312703.18625754,5.26986882360483e-08,8.55366654196283
1.1500000000000004,31.0,31000.0,1.0000000000000002e-10,6.525505996992258e-23,0.8592162405258097,3018922.978398938,162312703.18625754,4.62208628403676e-08,7.502233191221308
1.1500000000000004,32.0,32000.0,1.0000000000000002e-10,6.525505996992258e-23,0.8592162405258097,3018922.978398938,162312703.18625754,4.070848223800576e-08,6.607503794660466
1.1500000000000004,33.0,33000.0,1.0000000000000002e-10,6.525505996992258e-23,0.8592162405258097,3018922.978398938,162312703.18625754,3.5993913145309965e-08,5.84226934086663
1.1500000000000004,34.0,34000.0,1.0000000000000002e-10,6.525505996992258e-23,0.8592162405258097,3018922.978398938,162312703.18625754,3.1942518551621103e-08,5.184676532690801
1.1500000000000004,35.0,35000.0,1.0000000000000002e-10,6.525505996992258e-23,0.8592162405258097,3018922.978398938,162312703.18625754,2.8445439381057308e-08,4.617056159260236
1.1500000000000004,36.0,36000.0,1.0000000000000002e-10,6.525505996992258e-23,0.8592162405258097,3018922.978398938,162312703.18625754,2.5414105052106634e-08,4.125032090066952
1.1500000000000004,37.0,37000.0,1.0000000000000002e-10,6.525505996992258e-23,0.8592162405258097,3018922.978398938,162312703.18625754,2.277602482988342e-08,3.6968381579756997
1.1500000000000004,38.0,38000.0,1.0000000000000002e-10,6.525505996992258e-23,0.8592162405258097,3018922.978398938,162312703.18625754,2.0471536375180863e-08,3.322790407431406
1.1500000000000004,39.0,39000.0,1.0000000000000002e-10,6.525505996992258e-23,0.8592162405258097,3018922.978398938,162312703.18625754,1.8451275598210252e-08,2.994876419580137
1.1500000000000004,40.0,40000.0,1.0000000000000002e-10,6.525505996992258e-23,0.8592162405258097,3018922.978398938,162312703.18625754,1.667419432468716e-08,2.706433554292927
1.1500000000000004,41.0,41000.0,1.0000000000000002e-10,6.525505996992258e-23,0.8592162405258097,3018922.978398938,162312703.18625754,1.5105997099966745e-08,2.451895223619369
1.1500000000000004,42.0,42000.0,1.0000000000000002e-10,6.525505996992258e-23,0.8592162405258097,3018922.978398938,162312703.18625754,1.3717900936080878e-08,2.22658958297658
1.1500000000000004,43.0,43000.0,1.0000000000000002e-10,6.525505996992258e-23,0.8592162405258097,3018922.978398938,162312703.18625754,1.2485645543919968e-08,2.026578879259101
1.1500000000000004,44.0,44000.0,1.0000000000000002e-10,6.525505996992258e-23,0.8592162405258097,3018922.978398938,162312703.18625754,1.1388699081133228e-08,1.8485305336335816
1.1500000000000004,45.0,45000.0,1.0000000000000002e-10,6.525505996992258e-23,0.8592162405258097,3018922.978398938,162312703.18625754,1.0409617429342875e-08,1.6896131440914233
1.1500000000000004,46.0,46000.0,1.0000000000000002e-10,6.525505996992258e-23,0.8592162405258097,3018922.978398938,162312703.18625754,9.533524722788816e-09,1.5474121686488693
1.1500000000000004,47.0,47000.0,1.0000000000000002e-10,6.525505996992258e-23,0.8592162405258097,3018922.978398938,162312703.18625754,8.747690160729591e-09,1.4198612366238477
1.1500000000000004,48.0,48000.0,1.0000000000000002e-10,6.525505996992258e-23,0.8592162405258097,3018922.978398938,162312703.18625754,8.041181676643115e-09,1.3051859347477468
1.1500000000000004,49.0,49000.0,1.0000000000000002e-10,6.525505996992258e-23,0.8592162405258097,3018922.978398938,162312703.18625754,7.404581263290638e-09,1.2018576008070172
1.1500000000000004,50.0,50000.0,1.0000000000000002e-10,6.525505996992258e-23,0.8592162405258097,3018922.978398938,162312703.18625754,6.829749995391862e-09,1.1085551838383831
1.1500000000000004,51.0,51000.0,1.0000000000000002e-10,6.525505996992258e-23,0.8592162405258097,3018922.978398938,162312703.18625754,6.309633294147377e-09,1.0241336360870716
1.1500000000000004,52.0,52000.0,1.0000000000000002e-10,6.525505996992258e-23,0.8592162405258097,3018922.978398938,162312703.18625754,5.838098919746216e-09,0.9475976171327783
1.1500000000000004,53.0,53000.0,1.0000000000000002e-10,6.525505996992258e-23,0.8592162405258097,3018922.978398938,162312703.18625754,5.409801692849795e-09,0.8780795364680424
1.1500000000000004,54.0,54000.0,1.0000000000000002e-10,6.525505996992258e-23,0.8592162405258097,3018922.978398938,162312703.18625754,5.020070133749457e-09,0.8148211535934717
1.1500000000000004,55.0,55000.0,1.0000000000000002e-10,6.525505996992258e-23,0.8592162405258097,3018922.978398938,162312703.18625754,4.664811143632171e-09,0.7571581065763152
1.1500000000000004,56.0,56000.0,1.0000000000000002e-10,6.525505996992258e-23,0.8592162405258097,3018922.978398938,162312703.18625754,4.340429593056841e-09,0.7045068602386837
1.1500000000000004,57.0,57000.0,1.0000000000000002e-10,6.525505996992258e-23,0.8592162405258097,3018922.978398938,162312703.18625754,4.043760271640664e-09,0.6563536607271913
1.1500000000000004,58.0,58000.0,1.0000000000000002e-10,6.525505996992258e-23,0.8592162405258097,3018922.978398938,162312703.18625754,3.772010123204138e-09,0.612245159543192
1.1500000000000004,59.0,59000.0,1.0000000000000002e-10,6.525505996992258e-23,0.8592162405258097,3018922.978398938,162312703.18625754,3.5227090676921424e-09,0.5717804313158528
1.1500000000000004,60.0,60000.0,1.0000000000000002e-10,6.525505996992258e-23,0.8592162405258097,3018922.978398938,162312703.18625754,3.2936680147530186e-09,0.5346041588726769
1.1500000000000004,61.0,61000.0,1.0000000000000002e-10,6.525505996992258e-23,0.8592162405258097,3018922.978398938,162312703.18625754,3.082942919191338e-09,0.500400798982878
1.1500000000000004,62.0,62000.0,1.0000000000000002e-10,6.525505996992258e-23,0.8592162405258097,3018922.978398938,162312703.18625754,2.888803927522975e-09,0.4688895744513317
1.1500000000000004,63.0,63000.0,1.0000000000000002e-10,6.525505996992258e-23,0.8592162405258097,3018922.978398938,162312703.18625754,2.7097088268801734e-09,0.4398201645385837
1.1500000000000004,64.0,64000.0,1.0000000000000002e-10,6.525505996992258e-23,0.8592162405258097,3018922.978398938,162312703.18625754,2.54428013987536e-09,0.4129689871662791
1.1500000000000004,65.0,65000.0,1.0000000000000002e-10,6.525505996992258e-23,0.8592162405258097,3018922.978398938,162312703.18625754,2.3912853175280495e-09,0.3881359839775859
1.1500000000000004,66.0,66000.0,1.0000000000000002e-10,6.525505996992258e-23,0.8592162405258097,3018922.978398938,162312703.18625754,2.2496195715818728e-09,0.3651418338041644
1.1500000000000004,67.0,67000.0,1.0000000000000002e-10,6.525505996992258e-23,0.8592162405258097,3018922.978398938,162312703.18625754,2.1182909611430113e-09,0.3438255320381378
1.1500000000000004,68.0,68000.0,1.0000000000000002e-10,6.525505996992258e-23,0.8592162405258097,3018922.978398938,162312703.18625754,1.996407409476319e-09,0.3240422832931751
1.1500000000000004,69.0,69000.0,1.0000000000000002e-10,6.525505996992258e-23,0.8592162405258097,3018922.978398938,162312703.18625754,1.8831653773410014e-09,0.30566166294298663
1.1500000000000004,70.0,70000.0,1.0000000000000002e-10,6.525505996992258e-23,0.8592162405258097,3018922.978398938,162312703.18625754,1.7778399613160817e-09,0.28856600995376475
1.1500000000000004,71.0,71000.0,1.0000000000000002e-10,6.525505996992258e-23,0.8592162405258097,3018922.978398938,162312703.18625754,1.6797762206758042e-09,0.27264901912588524
1.1500000000000004,72.0,72000.0,1.0000000000000002e-10,6.525505996992258e-23,0.8592162405258097,3018922.978398938,162312703.18625754,1.5883815657566646e-09,0.2578145056291845
1.1500000000000004,73.0,73000.0,1.0000000000000002e-10,6.525505996992258e-23,0.8592162405258097,3018922.978398938,162312703.18625754,1.5031190654096893e-09,0.24397531871744774
1.1500000000000004,74.0,74000.0,1.0000000000000002e-10,6.525505996992258e-23,0.8592162405258097,3018922.978398938,162312703.18625754,1.4235015518677138e-09,0.23105238487348123
1.1500000000000004,75.0,75000.0,1.0000000000000002e-10,6.525505996992258e-23,0.8592162405258097,3018922.978398938,162312703.18625754,1.3490864188428367e-09,0.21897386347424846
1.1500000000000004,76.0,76000.0,1.0000000000000002e-10,6.525505996992258e-23,0.8592162405258097,3018922.978398938,162312703.18625754,1.279471023448804e-09,0.20767440046446287
1.1500000000000004,77.0,77000.0,1.0000000000000002e-10,6.525505996992258e-23,0.8592162405258097,3018922.978398938,162312703.18625754,1.2142886150646004e-09,0.19709446755943222
1.1500000000000004,78.0,78000.0,1.0000000000000002e-10,6.525505996992258e-23,0.8592162405258097,3018922.978398938,162312703.18625754,1.1532047248881407e-09,0.18717977622375856
1.1500000000000004,79.0,79000.0,1.0000000000000002e-10,6.525505996992258e-23,0.8592162405258097,3018922.978398938,162312703.18625754,1.0959139589773676e-09,0.17788075714116988
1.1500000000000004,80.0,80000.0,1.0000000000000002e-10,6.525505996992258e-23,0.8592162405258097,3018922.978398938,162312703.18625754,1.0421371452929475e-09,0.16915209714330795
1.1500000000000004,81.0,81000.0,1.0000000000000002e-10,6.525505996992258e-23,0.8592162405258097,3018922.978398938,162312703.18625754,9.916187918517446e-10,0.16095232663574752
1.1500000000000004,82.0,82000.0,1.0000000000000002e-10,6.525505996992258e-23,0.8592162405258097,3018922.978398938,162312703.18625754,9.441248187479215e-10,0.15324345147621057
1.1500000000000004,83.0,83000.0,1.0000000000000002e-10,6.525505996992258e-23,0.8592162405258097,3018922.978398938,162312703.18625754,8.994405316445798e-10,0.14599062404651636
1.1500000000000004,84.0,84000.0,1.0000000000000002e-10,6.525505996992258e-23,0.8592162405258097,3018922.978398938,162312703.18625754,8.573688085050549e-10,0.13916184893603625
1.1500000000000004,85.0,85000.0,1.0000000000000002e-10,6.525505996992258e-23,0.8592162405258097,3018922.978398938,162312703.18625754,8.177284749215001e-10,0.13272771923688448
1.1500000000000004,86.0,86000.0,1.0000000000000002e-10,6.525505996992258e-23,0.8592162405258097,3018922.978398938,162312703.18625754,7.80352846494998e-10,0.1266611799536938
1.1500000000000004,87.0,87000.0,1.0000000000000002e-10,6.525505996992258e-23,0.8592162405258097,3018922.978398938,162312703.18625754,7.450884193983482e-10,0.12093731546532187
1.1500000000000004,88.0,88000.0,1.0000000000000002e-10,6.525505996992258e-23,0.8592162405258097,3018922.978398938,162312703.18625754,7.117936925708268e-10,0.11553315835209885
1.1500000000000004,89.0,89000.0,1.0000000000000002e-10,6.525505996992258e-23,0.8592162405258097,3018922.978398938,162312703.18625754,6.803381070051217e-10,0.11042751722862264
1.1500000000000004,90.0,90000.0,1.0000000000000002e-10,6.525505996992258e-23,0.8592162405258097,3018922.978398938,162312703.18625754,6.506010893339297e-10,0.10560082150571395
1.1500000000000004,91.0,91000.0,1.0000000000000002e-10,6.525505996992258e-23,0.8592162405258097,3018922.978398938,162312703.18625754,6.224711884444109e-10,0.10103498125197466
1.1500000000000004,92.0,92000.0,1.0000000000000002e-10,6.525505996992258e-23,0.8592162405258097,3018922.978398938,162312703.18625754,5.95845295174301e-10,0.09671326054055433
1.1500000000000004,93.0,93000.0,1.0000000000000002e-10,6.525505996992258e-23,0.8592162405258097,3018922.978398938,162312703.18625754,5.706279363008347e-10,0.09262016285458406
1.1500000000000004,94.0,94000.0,1.0000000000000002e-10,6.525505996992258e-23,0.8592162405258097,3018922.978398938,162312703.18625754,5.467306350455994e-10,0.08874132728899048
1.1500000000000004,95.0,95000.0,1.0000000000000002e-10,6.525505996992258e-23,0.8592162405258097,3018922.978398938,162312703.18625754,5.240713312046301e-10,0.085063434430244
1.1500000000000004,96.0,96000.0,1.0000000000000002e-10,6.525505996992258e-23,0.8592162405258097,3018922.978398938,162312703.18625754,5.025738547901947e-10,0.08157412092173418
1.1500000000000004,97.0,97000.0,1.0000000000000002e-10,6.525505996992258e-23,0.8592162405258097,3018922.978398938,162312703.18625754,4.821674477532369e-10,0.07826190183324647
1.1500000000000004,98.0,98000.0,1.0000000000000002e-10,6.525505996992258e-23,0.8592162405258097,3018922.978398938,162312703.18625754,4.627863289556649e-10,0.07511610005043858
1.1500000000000004,99.0,99000.0,1.0000000000000002e-10,6.525505996992258e-23,0.8592162405258097,3018922.978398938,162312703.18625754,4.4436929809024637e-10,0.07212678198600776
1.1500000000000004,100.0,100000.0,1.0000000000000002e-10,6.525505996992258e-23,0.8592162405258097,3018922.978398938,162312703.18625754,4.268593747119914e-10,0.06928469898989895
1.2000000000000004,1.0,1000.0,1.0000000000000002e-10,8.086042626404159e-23,0.8594445637418007,2436296.827779714,212080040.44539735,0.041139627592452155,8724893.883715838
1.2000000000000004,2.0,2000.0,1.0000000000000002e-10,8.086042626404159e-23,0.8594445637418007,2436296.827779714,212080040.44539735,0.0025712267245282597,545305.8677322399
1.2000000000000004,3.0,3000.0,1.0000000000000002e-10,8.086042626404159e-23,0.8594445637418007,2436296.827779714,212080040.44539735,0.0005078966369438539,107714.73930513381
1.2000000000000004,4.0,4000.0,1.0000000000000002e-10,8.086042626404159e-23,0.8594445637418007,2436296.827779714,212080040.44539735,0.00016070167028301623,34081.61673326499
1.2000000000000004,5.0,5000.0,1.0000000000000002e-10,8.086042626404159e-23,0.8594445637418007,2436296.827779714,212080040.44539735,6.582340414792344e-05,13959.830213945339
1.2000000000000004,6.0,6000.0,1.0000000000000002e-10,8.086042626404159e-23,0.8594445637418007,2436296.827779714,212080040.44539735,3.1743539808990867e-05,6732.171206570863
1.2000000000000004,7.0,7000.0,1.0000000000000002e-10,8.086042626404159e-23,0.8594445637418007,2436296.827779714,212080040.44539735,1.7134372175115432e-05,3633.8583439049717
1.2000000000000004,8.0,8000.0,1.0000000000000002e-10,8.086042626404159e-23,0.8594445637418007,2436296.827779714,212080040.44539735,1.0043854392688514e-05,2130.101045829062
1.2000000000000004,9.0,9000.0,1.0000000000000002e-10,8.086042626404159e-23,0.8594445637418007,2436296.827779714,212080040.44539735,6.270328851158689e-06,1329.8115963596765
1.2000000000000004,10.0,10000.0,1.0000000000000002e-10,8.086042626404159e-23,0.8594445637418007,2436296.827779714,212080040.44539735,4.113962759245215e-06,872.4893883715837
1.2000000000000004,11.0,11000.0,1.0000000000000002e-10,8.086042626404159e-23,0.8594445637418007,2436296.827779714,212080040.44539735,2.8098919194352945e-06,595.9219919210325
1.2000000000000004,12.0,12000.0,1.0000000000000002e-10,8.086042626404159e-23,0.8594445637418007,2436296.827779714,212080040.44539735,1.983971238061929e-06,420.76070041067896
1.2000000000000004,13.0,13000.0,1.0000000000000002e-10,8.086042626404159e-23,0.8594445637418007,2436296.827779714,212080040.44539735,1.4404127163773034e-06,305.4827871473632
1.2000000000000004,14.0,14000.0,1.0000000000000002e-10,8.086042626404159e-23,0.8594445637418007,2436296.827779714,212080040.44539735,1.0708982609447145e-06,227.11614649406073
1.2000000000000004,15.0,15000.0,1.0000000000000002e-10,8.086042626404159e-23,0.8594445637418007,2436296.827779714,212080040.44539735,8.126346191101658e-07,172.34358288821403
1.2000000000000004,16.0,16000.0,1.0000000000000002e-10,8.086042626404159e-23,0.8594445637418007,2436296.827779714,212080040.44539735,6.277408995430321e-07,133.13131536431638
1.2000000000000004,17.0,17000.0,1.0000000000000002e-10,8.086042626404159e-23,0.8594445637418007,2436296.827779714,212080040.44539735,4.925662718651855e-07,104.46347485920712
1.2000000000000004,18.0,18000.0,1.0000000000000002e-10,8.086042626404159e-23,0.8594445637418007,2436296.827779714,212080040.44539735,3.9189555319741805e-07,83.11322477247978
1.2000000000000004,19.0,19000.0,1.0000000000000002e-10,8.086042626404159e-23,0.8594445637418007,2436296.827779714,212080040.44539735,3.156791890213561e-07,66.94925517541944
1.2000000000000004,20.0,20000.0,1.0000000000000002e-10,8.086042626404159e-23,0.8594445637418007,2436296.827779714,212080040.44539735,2.5712267245282595e-07,54.53058677322398
1.2000000000000004,21.0,21000.0,1.0000000000000002e-10,8.086042626404159e-23,0.8594445637418007,2436296.827779714,212080040.44539735,2.1153545895204234e-07,44.86244869018483
1.2000000000000004,22.0,22000.0,1.0000000000000002e-10,8.086042626404159e-23,0.8594445637418007,2436296.827779714,212080040.44539735,1.756182449647059e-07,37.24512449506453
1.2000000000000004,23.0,23000.0,1.0000000000000002e-10,8.086042626404159e-23,0.8594445637418007,2436296.827779714,212080040.44539735,1.470107224904576e-07,31.178039971683337
1.2000000000000004,24.0,24000.0,1.0000000000000002e-10,8.086042626404159e-23,0.8594445637418007,2436296.827779714,212080040.44539735,1.2399820237887057e-07,26.297543775667435
1.2000000000000004,25.0,25000.0,1.0000000000000002e-10,8.086042626404159e-23,0.8594445637418007,2436296.827779714,212080040.44539735,1.0531744663667754e-07,22.33572834231255
1.2000000000000004,26.0,26000.0,1.0000000000000002e-10,8.086042626404159e-23,0.8594445637418007,2436296.827779714,212080040.44539735,9.002579477358146e-08,19.0926741967102
1.2000000000000004,27.0,27000.0,1.0000000000000002e-10,8.086042626404159e-23,0.8594445637418007,2436296.827779714,212080040.44539735,7.741146729825539e-08,16.417427115551558
1.2000000000000004,28.0,28000.0,1.0000000000000002e-10,8.086042626404159e-23,0.8594445637418007,2436296.827779714,212080040.44539735,6.693114130904466e-08,14.194759155878796
1.2000000000000004,29.0,29000.0,1.0000000000000002e-10,8.086042626404159e-23,0.8594445637418007,2436296.827779714,212080040.44539735,5.816588822893894e-08,12.335823928135833
1.2000000000000004,30.0,30000.0,1.0000000000000002e-10,8.086042626404159e-23,0.8594445637418007,2436296.827779714,212080040.44539735,5.078966369438536e-08,10.771473930513377
1.2000000000000004,31.0,31000.0,1.0000000000000002e-10,8.086042626404159e-23,0.8594445637418007,2436296.827779714,212080040.44539735,4.454649931344512e-08,9.447423376096307
1.2000000000000004,32.0,32000.0,1.0000000000000002e-10,8.086042626404159e-23,0.8594445637418007,2436296.827779714,212080040.44539735,3.923380622143951e-08,8.320707210269774
1.2000000000000004,33.0,33000.0,1.0000000000000002e-10,8.086042626404159e-23,0.8594445637418007,2436296.827779714,212080040.44539735,3.4690023696732045e-08,7.357061628654725
1.2000000000000004,34.0,34000.0,1.0000000000000002e-10,8.086042626404159e-23,0.8594445637418007,2436296.827779714,212080040.44539735,3.0785391991574093e-08,6.528967178700445
1.2000000000000004,35.0,35000.0,1.0000000000000002e-10,8.086042626404159e-23,0.8594445637418007,2436296.827779714,212080040.44539735,2.7414995480184684e-08,5.814173350247954
1.2000000000000004,36.0,36000.0,1.0000000000000002e-10,8.086042626404159e-23,0.8594445637418007,2436296.827779714,212080040.44539735,2.4493472074838628e-08,5.194576548279986
1.2000000000000004,37.0,37000.0,1.0000000000000002e-10,8.086042626404159e-23,0.8594445637418007,2436296.827779714,212080040.44539735,2.195095703755022e-08,4.65535985633883
1.2000000000000004,38.0,38000.0,1.0000000000000002e-10,8.086042626404159e-23,0.8594445637418007,2436296.827779714,212080040.44539735,1.9729949313834755e-08,4.184328448463715
1.2000000000000004,39.0,39000.0,1.0000000000000002e-10,8.086042626404159e-23,0.8594445637418007,2436296.827779714,212080040.44539735,1.7782873041695095e-08,3.771392433918062
1.2000000000000004,40.0,40000.0,1.0000000000000002e-10,8.086042626404159e-23,0.8594445637418007,2436296.827779714,212080040.44539735,1.6070167028301622e-08,3.4081616733264988
1.2000000000000004,41.0,41000.0,1.0000000000000002e-10,8.086042626404159e-23,0.8594445637418007,2436296.827779714,212080040.44539735,1.4558778181329612e-08,3.0876262655319526
1.2000000000000004,42.0,42000.0,1.0000000000000002e-10,8.086042626404159e-23,0.8594445637418007,2436296.827779714,212080040.44539735,1.3220966184502646e-08,2.8039030431365517
1.2000000000000004,43.0,43000.0,1.0000000000000002e-10,8.086042626404159e-23,0.8594445637418007,2436296.827779714,212080040.44539735,1.2033349584387085e-08,2.5520332665504184
1.2000000000000004,44.0,44000.0,1.0000000000000002e-10,8.086042626404159e-23,0.8594445637418007,2436296.827779714,212080040.44539735,1.0976140310294119e-08,2.327820280941533
1.2000000000000004,45.0,45000.0,1.0000000000000002e-10,8.086042626404159e-23,0.8594445637418007,2436296.827779714,212080040.44539735,1.00325261618539e-08,2.127698554175482
1.2000000000000004,46.0,46000.0,1.0000000000000002e-10,8.086042626404159e-23,0.8594445637418007,2436296.827779714,212080040.44539735,9.1881701556536e-09,1.9486274982302085
1.2000000000000004,47.0,47000.0,1.0000000000000002e-10,8.086042626404159e-23,0.8594445637418007,2436296.827779714,212080040.44539735,8.430802667726056e-09,1.7880049707585057
1.2000000000000004,48.0,48000.0,1.0000000000000002e-10,8.086042626404159e-23,0.8594445637418007,2436296.827779714,212080040.44539735,7.74988764867941e-09,1.6435964859792147
1.2000000000000004,49.0,49000.0,1.0000000000000002e-10,8.086042626404159e-23,0.8594445637418007,2436296.827779714,212080040.44539735,7.136348261189268e-09,1.513477027865461
1.2000000000000004,50.0,50000.0,1.0000000000000002e-10,8.086042626404159e-23,0.8594445637418007,2436296.827779714,212080040.44539735,6.582340414792346e-09,1.3959830213945343
1.2000000000000004,51.0,51000.0,1.0000000000000002e-10,8.086042626404159e-23,0.8594445637418007,2436296.827779714,212080040.44539735,6.081065084755375e-09,1.2896725291260136
1.2000000000000004,52.0,52000.0,1.0000000000000002e-10,8.086042626404159e-23,0.8594445637418007,2436296.827779714,212080040.44539735,5.626612173348841e-09,1.1932921372943874
1.2000000000000004,53.0,53000.0,1.0000000000000002e-10,8.086042626404159e-23,0.8594445637418007,2436296.827779714,212080040.44539735,5.213830131832541e-09,1.1057493052344767
1.2000000000000004,54.0,54000.0,1.0000000000000002e-10,8.086042626404159e-23,0.8594445637418007,2436296.827779714,212080040.44539735,4.838216706140962e-09,1.0260891947219724
1.2000000000000004,55.0,55000.0,1.0000000000000002e-10,8.086042626404159e-23,0.8594445637418007,2436296.827779714,212080040.44539735,4.495827071096472e-09,0.9534751870736521
1.2000000000000004,56.0,56000.0,1.0000000000000002e-10,8.086042626404159e-23,0.8594445637418007,2436296.827779714,212080040.44539735,4.183196331815291e-09,0.8871724472424247
1.2000000000000004,57.0,57000.0,1.0000000000000002e-10,8.086042626404159e-23,0.8594445637418007,2436296.827779714,212080040.44539735,3.89727393853526e-09,0.8265340145113509
1.2000000000000004,58.0,58000.0,1.0000000000000002e-10,8.086042626404159e-23,0.8594445637418007,2436296.827779714,212080040.44539735,3.6353680143086838e-09,0.7709889955084895
1.2000000000000004,59.0,59000.0,1.0000000000000002e-10,8.086042626404159e-23,0.8594445637418007,2436296.827779714,212080040.44539735,3.3950979584129043e-09,0.7200325123362947
1.2000000000000004,60.0,60000.0,1.0000000000000002e-10,8.086042626404159e-23,0.8594445637418007,2436296.827779714,212080040.44539735,3.174353980899085e-09,0.673217120657086
1.2000000000000004,61.0,61000.0,1.0000000000000002e-10,8.086042626404159e-23,0.8594445637418007,2436296.827779714,212080040.44539735,2.971262460146129e-09,0.6301454627216818
1.2000000000000004,62.0,62000.0,1.0000000000000002e-10,8.086042626404159e-23,0.8594445637418007,2436296.827779714,212080040.44539735,2.78415620709032e-09,0.5904639610060192
1.2000000000000004,63.0,63000.0,1.0000000000000002e-10,8.086042626404159e-23,0.8594445637418007,2436296.827779714,212080040.44539735,2.61154887595114e-09,0.5538573912368497
1.2000000000000004,64.0,64000.0,1.0000000000000002e-10,8.086042626404159e-23,0.8594445637418007,2436296.827779714,212080040.44539735,2.4521128888399693e-09,0.5200442006418609
1.2000000000000004,65.0,65000.0,1.0000000000000002e-10,8.086042626404159e-23,0.8594445637418007,2436296.827779714,212080040.44539735,2.3046603462036855e-09,0.48877245943578107
1.2000000000000004,66.0,66000.0,1.0000000000000002e-10,8.086042626404159e-23,0.8594445637418007,2436296.827779714,212080040.44539735,2.168126481045753e-09,0.4598163517909203
1.2000000000000004,67.0,67000.0,1.0000000000000002e-10,8.086042626404159e-23,0.8594445637418007,2436296.827779714,212080040.44539735,2.0415552858052977e-09,0.43297312758510226
1.2000000000000004,68.0,68000.0,1.0000000000000002e-10,8.086042626404159e-23,0.8594445637418007,2436296.827779714,212080040.44539735,1.924086999473381e-09,0.40806044866877783
1.2000000000000004,69.0,69000.0,1.0000000000000002e-10,8.086042626404159e-23,0.8594445637418007,2436296.827779714,212080040.44539735,1.8149471912402179e-09,0.3849140737244857
1.2000000000000004,70.0,70000.0,1.0000000000000002e-10,8.086042626404159e-23,0.8594445637418007,2436296.827779714,212080040.44539735,1.7134372175115428e-09,0.3633858343904971
1.2000000000000004,71.0,71000.0,1.0000000000000002e-10,8.086042626404159e-23,0.8594445637418007,2436296.827779714,212080040.44539735,1.6189258629703467e-09,0.34334186249685095
1.2000000000000004,72.0,72000.0,1.0000000000000002e-10,8.086042626404159e-23,0.8594445637418007,2436296.827779714,212080040.44539735,1.5308420046774142e-09,0.32466103426749915
1.2000000000000004,73.0,73000.0,1.0000000000000002e-10,8.086042626404159e-23,0.8594445637418007,2436296.827779714,212080040.44539735,1.4486681619629943e-09,0.3072336023810713
1.2000000000000004,74.0,74000.0,1.0000000000000002e-10,8.086042626404159e-23,0.8594445637418007,2436296.827779714,212080040.44539735,1.3719348148468887e-09,0.29095999102117687
1.2000000000000004,75.0,75000.0,1.0000000000000002e-10,8.086042626404159e-23,0.8594445637418007,2436296.827779714,212080040.44539735,1.3002153905762655e-09,0.2757497326211425
1.2000000000000004,76.0,76000.0,1.0000000000000002e-10,8.086042626404159e-23,0.8594445637418007,2436296.827779714,212080040.44539735,1.2331218321146722e-09,0.2615205280289822
1.2000000000000004,77.0,77000.0,1.0000000000000002e-10,8.086042626404159e-23,0.8594445637418007,2436296.827779714,212080040.44539735,1.1703006744836707e-09,0.24819741437777268
1.2000000000000004,78.0,78000.0,1.0000000000000002e-10,8.086042626404159e-23,0.8594445637418007,2436296.827779714,212080040.44539735,1.1114295651059434e-09,0.23571202711987888
1.2000000000000004,79.0,79000.0,1.0000000000000002e-10,8.086042626404159e-23,0.8594445637418007,2436296.827779714,212080040.44539735,1.056214173019362e-09,0.22400194453294822
1.2000000000000004,80.0,80000.0,1.0000000000000002e-10,8.086042626404159e-23,0.8594445637418007,2436296.827779714,212080040.44539735,1.0043854392688514e-09,0.21301010458290617
1.2000000000000004,81.0,81000.0,1.0000000000000002e-10,8.086042626404159e-23,0.8594445637418007,2436296.827779714,212080040.44539735,9.556971271389555e-10,0.20268428537717972
1.2000000000000004,82.0,82000.0,1.0000000000000002e-10,8.086042626404159e-23,0.8594445637418007,2436296.827779714,212080040.44539735,9.099236363331008e-10,0.19297664159574704
1.2000000000000004,83.0,83000.0,1.0000000000000002e-10,8.086042626404159e-23,0.8594445637418007,2436296.827779714,212080040.44539735,8.668580498760618e-10,0.18384329027813345
1.2000000000000004,84.0,84000.0,1.0000000000000002e-10,8.086042626404159e-23,0.8594445637418007,2436296.827779714,212080040.44539735,8.263103865314154e-10,0.17524394019603448
1.2000000000000004,85.0,85000.0,1.0000000000000002e-10,8.086042626404159e-23,0.8594445637418007,2436296.827779714,212080040.44539735,7.881060349842967e-10,0.16714155977473139
1.2000000000000004,86.0,86000.0,1.0000000000000002e-10,8.086042626404159e-23,0.8594445637418007,2436296.827779714,212080040.44539735,7.520843490241928e-10,0.15950207915940115
1.2000000000000004,87.0,87000.0,1.0000000000000002e-10,8.086042626404159e-23,0.8594445637418007,2436296.827779714,212080040.44539735,7.180973855424559e-10,0.15229412256957814
1.2000000000000004,88.0,88000.0,1.0000000000000002e-10,8.086042626404159e-23,0.8594445637418007,2436296.827779714,212080040.44539735,6.860087693933824e-10,0.14548876755884582
1.2000000000000004,89.0,89000.0,1.0000000000000002e-10,8.086042626404159e-23,0.8594445637418007,2436296.827779714,212080040.44539735,6.55692671105773e-10,0.13905932820786296
1.2000000000000004,90.0,90000.0,1.0000000000000002e-10,8.086042626404159e-23,0.8594445637418007,2436296.827779714,212080040.44539735,6.270328851158688e-10,0.13298115963596763
1.2000000000000004,91.0,91000.0,1.0000000000000002e-10,8.086042626404159e-23,0.8594445637418007,2436296.827779714,212080040.44539735,5.999219976581854e-10,0.12723148152743152
1.2000000000000004,92.0,92000.0,1.0000000000000002e-10,8.086042626404159e-23,0.8594445637418007,2436296.827779714,212080040.44539735,5.7426063472835e-10,0.12178921863938803
1.2000000000000004,93.0,93000.0,1.0000000000000002e-10,8.086042626404159e-23,0.8594445637418007,2436296.827779714,212080040.44539735,5.499567816474707e-10,0.11663485649501613
1.2000000000000004,94.0,94000.0,1.0000000000000002e-10,8.086042626404159e-23,0.8594445637418007,2436296.827779714,212080040.44539735,5.269251667328785e-10,0.11175031067240661
1.2000000000000004,95.0,95000.0,1.0000000000000002e-10,8.086042626404159e-23,0.8594445637418007,2436296.827779714,212080040.44539735,5.050867024341698e-10,0.1071188082806711
1.2000000000000004,96.0,96000.0,1.0000000000000002e-10,8.086042626404159e-23,0.8594445637418007,2436296.827779714,212080040.44539735,4.843679780424632e-10,0.10272478037370092
1.2000000000000004,97.0,97000.0,1.0000000000000002e-10,8.086042626404159e-23,0.8594445637418007,2436296.827779714,212080040.44539735,4.647007987385794e-10,0.09855376419148637
1.2000000000000004,98.0,98000.0,1.0000000000000002e-10,8.086042626404159e-23,0.8594445637418007,2436296.827779714,212080040.44539735,4.4602176632432927e-10,0.09459231424159131
1.2000000000000004,99.0,99000.0,1.0000000000000002e-10,8.086042626404159e-23,0.8594445637418007,2436296.827779714,212080040.44539735,4.2827189749051894e-10,0.09082792134141632
1.2000000000000004,100.0,100000.0,1.0000000000000002e-10,8.086042626404159e-23,0.8594445637418007,2436296.827779714,212080040.44539735,4.113962759245216e-10,0.0872489388371584
1.2500000000000004,1.0,1000.0,1.0000000000000002e-10,9.931301296167207e-23,0.859647143041453,1983627.2621799153,274243878.4509892,0.03960026422385133,10860130.048432939
1.2500000000000004,2.0,2000.0,1.0000000000000002e-10,9.931301296167207e-23,0.859647143041453,1983627.2621799153,274243878.4509892,0.002475016513990708,678758.1280270587
1.2500000000000004,3.0,3000.0,1.0000000000000002e-10,9.931301296167207e-23,0.859647143041453,1983627.2621799153,274243878.4509892,0.0004888921509117449,134075.67961028323
1.2500000000000004,4.0,4000.0,1.0000000000000002e-10,9.931301296167207e-23,0.859647143041453,1983627.2621799153,274243878.4509892,0.00015468853212441926,42422.38300169117
1.2500000000000004,5.0,5000.0,1.0000000000000002e-10,9.931301296167207e-23,0.859647143041453,1983627.2621799153,274243878.4509892,6.336042275816213e-05,17376.2080774927
1.2500000000000004,6.0,6000.0,1.0000000000000002e-10,9.931301296167207e-23,0.859647143041453,1983627.2621799153,274243878.4509892,3.0555759431984056e-05,8379.729975642702
1.2500000000000004,7.0,7000.0,1.0000000000000002e-10,9.931301296167207e-23,0.859647143041453,1983627.2621799153,274243878.4509892,1.6493237910808553e-05,4523.1695328750275
1.2500000000000004,8.0,8000.0,1.0000000000000002e-10,9.931301296167207e-23,0.859647143041453,1983627.2621799153,274243878.4509892,9.668033257776203e-06,2651.398937605698
1.2500000000000004,9.0,9000.0,1.0000000000000002e-10,9.931301296167207e-23,0.859647143041453,1983627.2621799153,274243878.4509892,6.035705566811665e-06,1655.255303830657
1.2500000000000004,10.0,10000.0,1.0000000000000002e-10,9.931301296167207e-23,0.859647143041453,1983627.2621799153,274243878.4509892,3.960026422385133e-06,1086.0130048432939
1.2500000000000004,11.0,11000.0,1.0000000000000002e-10,9.931301296167207e-23,0.859647143041453,1983627.2621799153,274243878.4509892,2.704751330090248e-06,741.7614950094213
1.2500000000000004,12.0,12000.0,1.0000000000000002e-10,9.931301296167207e-23,0.859647143041453,1983627.2621799153,274243878.4509892,1.9097349644990035e-06,523.7331234776689
1.2500000000000004,13.0,13000.0,1.0000000000000002e-10,9.931301296167207e-23,0.859647143041453,1983627.2621799153,274243878.4509892,1.3865153259287608e-06,380.2433405144407
1.2500000000000004,14.0,14000.0,1.0000000000000002e-10,9.931301296167207e-23,0.859647143041453,1983627.2621799153,274243878.4509892,1.0308273694255345e-06,282.6980958046892
1.2500000000000004,15.0,15000.0,1.0000000000000002e-10,9.931301296167207e-23,0.859647143041453,1983627.2621799153,274243878.4509892,7.822274414587915e-07,214.52108737645307
1.2500000000000004,16.0,16000.0,1.0000000000000002e-10,9.931301296167207e-23,0.859647143041453,1983627.2621799153,274243878.4509892,6.042520786110127e-07,165.71243360035612
1.2500000000000004,17.0,17000.0,1.0000000000000002e-10,9.931301296167207e-23,0.859647143041453,1983627.2621799153,274243878.4509892,4.741354177254982e-07,130.0287358680205
1.2500000000000004,18.0,18000.0,1.0000000000000002e-10,9.931301296167207e-23,0.859647143041453,1983627.2621799153,274243878.4509892,3.7723159792572905e-07,103.45345648941607
1.2500000000000004,19.0,19000.0,1.0000000000000002e-10,9.931301296167207e-23,0.859647143041453,1983627.2621799153,274243878.4509892,3.0386709911565535e-07,83.33369179512847
1.2500000000000004,20.0,20000.0,1.0000000000000002e-10,9.931301296167207e-23,0.859647143041453,1983627.2621799153,274243878.4509892,2.475016513990708e-07,67.87581280270587
1.2500000000000004,21.0,21000.0,1.0000000000000002e-10,9.931301296167207e-23,0.859647143041453,1983627.2621799153,274243878.4509892,2.0362022112109318e-07,55.84159917129662
1.2500000000000004,22.0,22000.0,1.0000000000000002e-10,9.931301296167207e-23,0.859647143041453,1983627.2621799153,274243878.4509892,1.690469581306405e-07,46.36009343808883
1.2500000000000004,23.0,23000.0,1.0000000000000002e-10,9.931301296167207e-23,0.859647143041453,1983627.2621799153,274243878.4509892,1.4150987247705418e-07,38.80821626721223
1.2500000000000004,24.0,24000.0,1.0000000000000002e-10,9.931301296167207e-23,0.859647143041453,1983627.2621799153,274243878.4509892,1.1935843528118772e-07,32.733320217354304
1.2500000000000004,25.0,25000.0,1.0000000000000002e-10,9.931301296167207e-23,0.859647143041453,1983627.2621799153,274243878.4509892,1.0137667641305943e-07,27.801932923988332
1.2500000000000004,26.0,26000.0,1.0000000000000002e-10,9.931301296167207e-23,0.859647143041453,1983627.2621799153,274243878.4509892,8.665720787054755e-08,23.765208782152545
1.2500000000000004,27.0,27000.0,1.0000000000000002e-10,9.931301296167207e-23,0.859647143041453,1983627.2621799153,274243878.4509892,7.451488354088472e-08,20.435250664576003
1.2500000000000004,28.0,28000.0,1.0000000000000002e-10,9.931301296167207e-23,0.859647143041453,1983627.2621799153,274243878.4509892,6.442671058909591e-08,17.668630987793076
1.2500000000000004,29.0,29000.0,1.0000000000000002e-10,9.931301296167207e-23,0.859647143041453,1983627.2621799153,274243878.4509892,5.598943591564221e-08,15.35476005778883
1.2500000000000004,30.0,30000.0,1.0000000000000002e-10,9.931301296167207e-23,0.859647143041453,1983627.2621799153,274243878.4509892,4.888921509117447e-08,13.407567961028317
1.2500000000000004,31.0,31000.0,1.0000000000000002e-10,9.931301296167207e-23,0.859647143041453,1983627.2621799153,274243878.4509892,4.287965755391737e-08,11.759483594236556
1.2500000000000004,32.0,32000.0,1.0000000000000002e-10,9.931301296167207e-23,0.859647143041453,1983627.2621799153,274243878.4509892,3.7765754913188295e-08,10.357027100022258
1.2500000000000004,33.0,33000.0,1.0000000000000002e-10,9.931301296167207e-23,0.859647143041453,1983627.2621799153,274243878.4509892,3.339199172950925e-08,9.157549321103971
1.2500000000000004,34.0,34000.0,1.0000000000000002e-10,9.931301296167207e-23,0.859647143041453,1983627.2621799153,274243878.4509892,2.9633463607843638e-08,8.126795991751282
1.2500000000000004,35.0,35000.0,1.0000000000000002e-10,9.931301296167207e-23,0.859647143041453,1983627.2621799153,274243878.4509892,2.6389180657293673e-08,7.237071252600041
1.2500000000000004,36.0,36000.0,1.0000000000000002e-10,9.931301296167207e-23,0.859647143041453,1983627.2621799153,274243878.4509892,2.3576974870358066e-08,6.465841030588504
1.2500000000000004,37.0,37000.0,1.0000000000000002e-10,9.931301296167207e-23,0.859647143041453,1983627.2621799153,274243878.4509892,2.1129595709147367e-08,5.794662277377953
1.2500000000000004,38.0,38000.0,1.0000000000000002e-10,9.931301296167207e-23,0.859647143041453,1983627.2621799153,274243878.4509892,1.899169369472846e-08,5.20835573719553
1.2500000000000004,39.0,39000.0,1.0000000000000002e-10,9.931301296167207e-23,0.859647143041453,1983627.2621799153,274243878.4509892,1.7117473159614322e-08,4.69436222857334
1.2500000000000004,40.0,40000.0,1.0000000000000002e-10,9.931301296167207e-23,0.859647143041453,1983627.2621799153,274243878.4509892,1.5468853212441925e-08,4.242238300169117
1.2500000000000004,41.0,41000.0,1.0000000000000002e-10,9.931301296167207e-23,0.859647143041453,1983627.2621799153,274243878.4509892,1.401401754212452e-08,3.843258523432427
1.2500000000000004,42.0,42000.0,1.0000000000000002e-10,9.931301296167207e-23,0.859647143041453,1983627.2621799153,274243878.4509892,1.2726263820068324e-08,3.490099948206039
1.2500000000000004,43.0,43000.0,1.0000000000000002e-10,9.931301296167207e-23,0.859647143041453,1983627.2621799153,274243878.4509892,1.158308548050949e-08,3.176590286604262
1.2500000000000004,44.0,44000.0,1.0000000000000002e-10,9.931301296167207e-23,0.859647143041453,1983627.2621799153,274243878.4509892,1.0565434883165032e-08,2.897505839880552
1.2500000000000004,45.0,45000.0,1.0000000000000002e-10,9.931301296167207e-23,0.859647143041453,1983627.2621799153,274243878.4509892,9.657128906898661e-09,2.6484084861290507
1.2500000000000004,46.0,46000.0,1.0000000000000002e-10,9.931301296167207e-23,0.859647143041453,1983627.2621799153,274243878.4509892,8.844367029815886e-09,2.4255135167007644
1.2500000000000004,47.0,47000.0,1.0000000000000002e-10,9.931301296167207e-23,0.859647143041453,1983627.2621799153,274243878.4509892,8.115338732972776e-09,2.225581969073991
1.2500000000000004,48.0,48000.0,1.0000000000000002e-10,9.931301296167207e-23,0.859647143041453,1983627.2621799153,274243878.4509892,7.459902205074232e-09,2.045832513584644
1.2500000000000004,49.0,49000.0,1.0000000000000002e-10,9.931301296167207e-23,0.859647143041453,1983627.2621799153,274243878.4509892,6.869320246067701e-09,1.8838690266035099
1.2500000000000004,50.0,50000.0,1.0000000000000002e-10,9.931301296167207e-23,0.859647143041453,1983627.2621799153,274243878.4509892,6.336042275816214e-09,1.7376208077492707
1.2500000000000004,51.0,51000.0,1.0000000000000002e-10,9.931301296167207e-23,0.859647143041453,1983627.2621799153,274243878.4509892,5.8535236756234326e-09,1.60529303540766
1.2500000000000004,52.0,52000.0,1.0000000000000002e-10,9.931301296167207e-23,0.859647143041453,1983627.2621799153,274243878.4509892,5.416075491909222e-09,1.485325548884534
1.2500000000000004,53.0,53000.0,1.0000000000000002e-10,9.931301296167207e-23,0.859647143041453,1983627.2621799153,274243878.4509892,5.0187389366822305e-09,1.3763584309287282
1.2500000000000004,54.0,54000.0,1.0000000000000002e-10,9.931301296167207e-23,0.859647143041453,1983627.2621799153,274243878.4509892,4.657180221305295e-09,1.2772031665360002
1.2500000000000004,55.0,55000.0,1.0000000000000002e-10,9.931301296167207e-23,0.859647143041453,1983627.2621799153,274243878.4509892,4.327602128144398e-09,1.1868183920150746
1.2500000000000004,56.0,56000.0,1.0000000000000002e-10,9.931301296167207e-23,0.859647143041453,1983627.2621799153,274243878.4509892,4.026669411818494e-09,1.1042894367370673
1.2500000000000004,57.0,57000.0,1.0000000000000002e-10,9.931301296167207e-23,0.859647143041453,1983627.2621799153,274243878.4509892,3.75144566809451e-09,1.0288110098164007
1.2500000000000004,58.0,58000.0,1.0000000000000002e-10,9.931301296167207e-23,0.859647143041453,1983627.2621799153,274243878.4509892,3.499339744727638e-09,0.9596725036118019
1.2500000000000004,59.0,59000.0,1.0000000000000002e-10,9.931301296167207e-23,0.859647143041453,1983627.2621799153,274243878.4509892,3.2680601183583886e-09,0.8962454818696033
1.2500000000000004,60.0,60000.0,1.0000000000000002e-10,9.931301296167207e-23,0.859647143041453,1983627.2621799153,274243878.4509892,3.0555759431984043e-09,0.8379729975642698
1.2500000000000004,61.0,61000.0,1.0000000000000002e-10,9.931301296167207e-23,0.859647143041453,1983627.2621799153,274243878.4509892,2.8600837048360815e-09,0.7843604479087212
1.2500000000000004,62.0,62000.0,1.0000000000000002e-10,9.931301296167207e-23,0.859647143041453,1983627.2621799153,274243878.4509892,2.6799785971198357e-09,0.7349677246397848
1.2500000000000004,63.0,63000.0,1.0000000000000002e-10,9.931301296167207e-23,0.859647143041453,1983627.2621799153,274243878.4509892,2.5138298903838663e-09,0.6894024589048965
1.2500000000000004,64.0,64000.0,1.0000000000000002e-10,9.931301296167207e-23,0.859647143041453,1983627.2621799153,274243878.4509892,2.3603596820742684e-09,0.6473141937513911
1.2500000000000004,65.0,65000.0,1.0000000000000002e-10,9.931301296167207e-23,0.859647143041453,1983627.2621799153,274243878.4509892,2.2184245214860173e-09,0.6083893448231051
1.2500000000000004,66.0,66000.0,1.0000000000000002e-10,9.931301296167207e-23,0.859647143041453,1983627.2621799153,274243878.4509892,2.086999483094328e-09,0.5723468325689982
1.2500000000000004,67.0,67000.0,1.0000000000000002e-10,9.931301296167207e-23,0.859647143041453,1983627.2621799153,274243878.4509892,1.9651643312474437e-09,0.5389342879948434
1.2500000000000004,68.0,68000.0,1.0000000000000002e-10,9.931301296167207e-23,0.859647143041453,1983627.2621799153,274243878.4509892,1.8520914754902274e-09,0.5079247494844551
1.2500000000000004,69.0,69000.0,1.0000000000000002e-10,9.931301296167207e-23,0.859647143041453,1983627.2621799153,274243878.4509892,1.747035462679682e-09,0.4791137810766944
1.2500000000000004,70.0,70000.0,1.0000000000000002e-10,9.931301296167207e-23,0.859647143041453,1983627.2621799153,274243878.4509892,1.6493237910808545e-09,0.45231695328750254
1.2500000000000004,71.0,71000.0,1.0000000000000002e-10,9.931301296167207e-23,0.859647143041453,1983627.2621799153,274243878.4509892,1.5583488642034872e-09,0.4273676364988582
1.2500000000000004,72.0,72000.0,1.0000000000000002e-10,9.931301296167207e-23,0.859647143041453,1983627.2621799153,274243878.4509892,1.4735609293973791e-09,0.4041150644117815
1.2500000000000004,73.0,73000.0,1.0000000000000002e-10,9.931301296167207e-23,0.859647143041453,1983627.2621799153,274243878.4509892,1.394461869094333e-09,0.3824226313324455
1.2500000000000004,74.0,74000.0,1.0000000000000002e-10,9.931301296167207e-23,0.859647143041453,1983627.2621799153,274243878.4509892,1.3205997318217104e-09,0.3621663923361221
1.2500000000000004,75.0,75000.0,1.0000000000000002e-10,9.931301296167207e-23,0.859647143041453,1983627.2621799153,274243878.4509892,1.2515639063340666e-09,0.34323373980232497
1.2500000000000004,76.0,76000.0,1.0000000000000002e-10,9.931301296167207e-23,0.859647143041453,1983627.2621799153,274243878.4509892,1.1869808559205287e-09,0.3255222335747206
1.2500000000000004,77.0,77000.0,1.0000000000000002e-10,9.931301296167207e-23,0.859647143041453,1983627.2621799153,274243878.4509892,1.1265103415619523e-09,0.3089385651850983
1.2500000000000004,78.0,78000.0,1.0000000000000002e-10,9.931301296167207e-23,0.859647143041453,1983627.2621799153,274243878.4509892,1.0698420724758951e-09,0.29339763928583373
1.2500000000000004,79.0,79000.0,1.0000000000000002e-10,9.931301296167207e-23,0.859647143041453,1983627.2621799153,274243878.4509892,1.0166927309817748e-09,0.2788217577373701
1.2500000000000004,80.0,80000.0,1.0000000000000002e-10,9.931301296167207e-23,0.859647143041453,1983627.2621799153,274243878.4509892,9.668033257776203e-10,0.2651398937605698
1.2500000000000004,81.0,81000.0,1.0000000000000002e-10,9.931301296167207e-23,0.859647143041453,1983627.2621799153,274243878.4509892,9.199368338380831e-10,0.2522870452416791
1.2500000000000004,82.0,82000.0,1.0000000000000002e-10,9.931301296167207e-23,0.859647143041453,1983627.2621799153,274243878.4509892,8.758760963827825e-10,0.24020365771452667
1.2500000000000004,83.0,83000.0,1.0000000000000002e-10,9.931301296167207e-23,0.859647143041453,1983627.2621799153,274243878.4509892,8.344219388598119e-10,0.22883510877750898
1.2500000000000004,84.0,84000.0,1.0000000000000002e-10,9.931301296167207e-23,0.859647143041453,1983627.2621799153,274243878.4509892,7.953914887542702e-10,0.21813124676287743
1.2500000000000004,85.0,85000.0,1.0000000000000002e-10,9.931301296167207e-23,0.859647143041453,1983627.2621799153,274243878.4509892,7.58616668360797e-10,0.2080459773888328
1.2500000000000004,86.0,86000.0,1.0000000000000002e-10,9.931301296167207e-23,0.859647143041453,1983627.2621799153,274243878.4509892,7.239428425318431e-10,0.19853689291276638
1.2500000000000004,87.0,87000.0,1.0000000000000002e-10,9.931301296167207e-23,0.859647143041453,1983627.2621799153,274243878.4509892,6.912276038968172e-10,0.18956493898504725
1.2500000000000004,88.0,88000.0,1.0000000000000002e-10,9.931301296167207e-23,0.859647143041453,1983627.2621799153,274243878.4509892,6.603396801978145e-10,0.1810941149925345
1.2500000000000004,89.0,89000.0,1.0000000000000002e-10,9.931301296167207e-23,0.859647143041453,1983627.2621799153,274243878.4509892,6.311579502531847e-10,0.17309120419260984
1.2500000000000004,90.0,90000.0,1.0000000000000002e-10,9.931301296167207e-23,0.859647143041453,1983627.2621799153,274243878.4509892,6.035705566811663e-10,0.16552553038306567
1.2500000000000004,91.0,91000.0,1.0000000000000002e-10,9.931301296167207e-23,0.859647143041453,1983627.2621799153,274243878.4509892,5.774741049265974e-10,0.15836873824008355
1.2500000000000004,92.0,92000.0,1.0000000000000002e-10,9.931301296167207e-23,0.859647143041453,1983627.2621799153,274243878.4509892,5.527729393634929e-10,0.15159459479379778
1.2500000000000004,93.0,93000.0,1.0000000000000002e-10,9.931301296167207e-23,0.859647143041453,1983627.2621799153,274243878.4509892,5.293784883199676e-10,0.1451788098053896
1.2500000000000004,94.0,94000.0,1.0000000000000002e-10,9.931301296167207e-23,0.859647143041453,1983627.2621799153,274243878.4509892,5.072086708107985e-10,0.13909887306712443
1.2500000000000004,95.0,95000.0,1.0000000000000002e-10,9.931301296167207e-23,0.859647143041453,1983627.2621799153,274243878.4509892,4.861873585850486e-10,0.13333390687220556
1.2500000000000004,96.0,96000.0,1.0000000000000002e-10,9.931301296167207e-23,0.859647143041453,1983627.2621799153,274243878.4509892,4.662438878171395e-10,0.12786453209904025
1.2500000000000004,97.0,97000.0,1.0000000000000002e-10,9.931301296167207e-23,0.859647143041453,1983627.2621799153,274243878.4509892,4.473126154029345e-10,0.12267274652815645
1.2500000000000004,98.0,98000.0,1.0000000000000002e-10,9.931301296167207e-23,0.859647143041453,1983627.2621799153,274243878.4509892,4.2933251537923133e-10,0.11774181416271937
1.2500000000000004,99.0,99000.0,1.0000000000000002e-10,9.931301296167207e-23,0.859647143041453,1983627.2621799153,274243878.4509892,4.1224681147542273e-10,0.11305616445807369
1.2500000000000004,100.0,100000.0,1.0000000000000002e-10,9.931301296167207e-23,0.859647143041453,1983627.2621799153,274243878.4509892,3.960026422385134e-10,0.10860130048432942
1.3000000000000005,1.0,1000.0,1.0000000000000002e-10,1.2098507215289211e-22,0.8598276866759436,1628300.0579695136,351267382.9873522,0.038080090125309767,13376293.602240074
1.3000000000000005,2.0,2000.0,1.0000000000000002e-10,1.2098507215289211e-22,0.8598276866759436,1628300.0579695136,351267382.9873522,0.0023800056328318604,836018.3501400047
1.3000000000000005,3.0,3000.0,1.0000000000000002e-10,1.2098507215289211e-22,0.8598276866759436,1628300.0579695136,351267382.9873522,0.00047012456944826885,165139.4271881491
1.3000000000000005,4.0,4000.0,1.0000000000000002e-10,1.2098507215289211e-22,0.8598276866759436,1628300.0579695136,351267382.9873522,0.00014875035205199128,52251.14688375029
1.3000000000000005,5.0,5000.0,1.0000000000000002e-10,1.2098507215289211e-22,0.8598276866759436,1628300.0579695136,351267382.9873522,6.092814420049563e-05,21402.06976358412
1.3000000000000005,6.0,6000.0,1.0000000000000002e-10,1.2098507215289211e-22,0.8598276866759436,1628300.0579695136,351267382.9873522,2.9382785590516803e-05,10321.214199259319
1.3000000000000005,7.0,7000.0,1.0000000000000002e-10,1.2098507215289211e-22,0.8598276866759436,1628300.0579695136,351267382.9873522,1.5860095845610068e-05,5571.134361616025
1.3000000000000005,8.0,8000.0,1.0000000000000002e-10,1.2098507215289211e-22,0.8598276866759436,1628300.0579695136,351267382.9873522,9.296897003249455e-06,3265.696680234393
1.3000000000000005,9.0,9000.0,1.0000000000000002e-10,1.2098507215289211e-22,0.8598276866759436,1628300.0579695136,351267382.9873522,5.8040070302255404e-06,2038.7583603475196
1.3000000000000005,10.0,10000.0,1.0000000000000002e-10,1.2098507215289211e-22,0.8598276866759436,1628300.0579695136,351267382.9873522,3.808009012530977e-06,1337.6293602240075
1.3000000000000005,11.0,11000.0,1.0000000000000002e-10,1.2098507215289211e-22,0.8598276866759436,1628300.0579695136,351267382.9873522,2.600921393710113e-06,913.618851324368
1.3000000000000005,12.0,12000.0,1.0000000000000002e-10,1.2098507215289211e-22,0.8598276866759436,1628300.0579695136,351267382.9873522,1.8364240994073002e-06,645.0758874537074
1.3000000000000005,13.0,13000.0,1.0000000000000002e-10,1.2098507215289211e-22,0.8598276866759436,1628300.0579695136,351267382.9873522,1.3332898051647273e-06,468.34122062393044
1.3000000000000005,14.0,14000.0,1.0000000000000002e-10,1.2098507215289211e-22,0.8598276866759436,1628300.0579695136,351267382.9873522,9.912559903506292e-07,348.19589760100155
1.3000000000000005,15.0,15000.0,1.0000000000000002e-10,1.2098507215289211e-22,0.8598276866759436,1628300.0579695136,351267382.9873522,7.521993111172299e-07,264.2230835010385
1.3000000000000005,16.0,16000.0,1.0000000000000002e-10,1.2098507215289211e-22,0.8598276866759436,1628300.0579695136,351267382.9873522,5.810560627030909e-07,204.10604251464957
1.3000000000000005,17.0,17000.0,1.0000000000000002e-10,1.2098507215289211e-22,0.8598276866759436,1628300.0579695136,351267382.9873522,4.5593431742088545e-07,160.15485449455917
1.3000000000000005,18.0,18000.0,1.0000000000000002e-10,1.2098507215289211e-22,0.8598276866759436,1628300.0579695136,351267382.9873522,3.627504393890963e-07,127.42239752171997
1.3000000000000005,19.0,19000.0,1.0000000000000002e-10,1.2098507215289211e-22,0.8598276866759436,1628300.0579695136,351267382.9873522,2.922022553948309e-07,102.64112155554417
1.3000000000000005,20.0,20000.0,1.0000000000000002e-10,1.2098507215289211e-22,0.8598276866759436,1628300.0579695136,351267382.9873522,2.3800056328318605e-07,83.60183501400047
1.3000000000000005,21.0,21000.0,1.0000000000000002e-10,1.2098507215289211e-22,0.8598276866759436,1628300.0579695136,351267382.9873522,1.9580365241493905e-07,68.77943656316079
1.3000000000000005,22.0,22000.0,1.0000000000000002e-10,1.2098507215289211e-22,0.8598276866759436,1628300.0579695136,351267382.9873522,1.6255758710688206e-07,57.101178207773
1.3000000000000005,23.0,23000.0,1.0000000000000002e-10,1.2098507215289211e-22,0.8598276866759436,1628300.0579695136,351267382.9873522,1.360775945101317e-07,47.799620506788045
1.3000000000000005,24.0,24000.0,1.0000000000000002e-10,1.2098507215289211e-22,0.8598276866759436,1628300.0579695136,351267382.9873522,1.1477650621295626e-07,40.317242965856714
1.3000000000000005,25.0,25000.0,1.0000000000000002e-10,1.2098507215289211e-22,0.8598276866759436,1628300.0579695136,351267382.9873522,9.748503072079303e-08,34.2433116217346
1.3000000000000005,26.0,26000.0,1.0000000000000002e-10,1.2098507215289211e-22,0.8598276866759436,1628300.0579695136,351267382.9873522,8.333061282279546e-08,29.271326288995652
1.3000000000000005,27.0,27000.0,1.0000000000000002e-10,1.2098507215289211e-22,0.8598276866759436,1628300.0579695136,351267382.9873522,7.16544077805622e-08,25.169856300586652
1.3000000000000005,28.0,28000.0,1.0000000000000002e-10,1.2098507215289211e-22,0.8598276866759436,1628300.0579695136,351267382.9873522,6.195349939691433e-08,21.762243600062597
1.3000000000000005,29.0,29000.0,1.0000000000000002e-10,1.2098507215289211e-22,0.8598276866759436,1628300.0579695136,351267382.9873522,5.384011464369858e-08,18.912276170631017
1.3000000000000005,30.0,30000.0,1.0000000000000002e-10,1.2098507215289211e-22,0.8598276866759436,1628300.0579695136,351267382.9873522,4.701245694482687e-08,16.513942718814906
1.3000000000000005,31.0,31000.0,1.0000000000000002e-10,1.2098507215289211e-22,0.8598276866759436,1628300.0579695136,351267382.9873522,4.1233594174154964e-08,14.484016716717946
1.3000000000000005,32.0,32000.0,1.0000000000000002e-10,1.2098507215289211e-22,0.8598276866759436,1628300.0579695136,351267382.9873522,3.631600391894318e-08,12.756627657165598
1.3000000000000005,33.0,33000.0,1.0000000000000002e-10,1.2098507215289211e-22,0.8598276866759436,1628300.0579695136,351267382.9873522,3.2110140663087824e-08,11.279245078078622
1.3000000000000005,34.0,34000.0,1.0000000000000002e-10,1.2098507215289211e-22,0.8598276866759436,1628300.0579695136,351267382.9873522,2.849589483880534e-08,10.009678405909948
1.3000000000000005,35.0,35000.0,1.0000000000000002e-10,1.2098507215289211e-22,0.8598276866759436,1628300.0579695136,351267382.9873522,2.53761533529761e-08,8.913814978585638
1.3000000000000005,36.0,36000.0,1.0000000000000002e-10,1.2098507215289211e-22,0.8598276866759436,1628300.0579695136,351267382.9873522,2.2671902461818517e-08,7.963899845107498
1.3000000000000005,37.0,37000.0,1.0000000000000002e-10,1.2098507215289211e-22,0.8598276866759436,1628300.0579695136,351267382.9873522,2.031847323965752e-08,7.137216921193044
1.3000000000000005,38.0,38000.0,1.0000000000000002e-10,1.2098507215289211e-22,0.8598276866759436,1628300.0579695136,351267382.9873522,1.8262640962176932e-08,6.415070097221511
1.3000000000000005,39.0,39000.0,1.0000000000000002e-10,1.2098507215289211e-22,0.8598276866759436,1628300.0579695136,351267382.9873522,1.6460367964996626e-08,5.781990378073213
1.3000000000000005,40.0,40000.0,1.0000000000000002e-10,1.2098507215289211e-22,0.8598276866759436,1628300.0579695136,351267382.9873522,1.4875035205199128e-08,5.2251146883750295
1.3000000000000005,41.0,41000.0,1.0000000000000002e-10,1.2098507215289211e-22,0.8598276866759436,1628300.0579695136,351267382.9873522,1.3476047735569203e-08,4.733696021086027
1.3000000000000005,42.0,42000.0,1.0000000000000002e-10,1.2098507215289211e-22,0.8598276866759436,1628300.0579695136,351267382.9873522,1.223772827593369e-08,4.298714785197549
1.3000000000000005,43.0,43000.0,1.0000000000000002e-10,1.2098507215289211e-22,0.8598276866759436,1628300.0579695136,351267382.9873522,1.1138434242095334e-08,3.9125686467975394
1.3000000000000005,44.0,44000.0,1.0000000000000002e-10,1.2098507215289211e-22,0.8598276866759436,1628300.0579695136,351267382.9873522,1.0159849194180129e-08,3.5688236379858127
1.3000000000000005,45.0,45000.0,1.0000000000000002e-10,1.2098507215289211e-22,0.8598276866759436,1628300.0579695136,351267382.9873522,9.286411248360863e-09,3.262013376556031
1.3000000000000005,46.0,46000.0,1.0000000000000002e-10,1.2098507215289211e-22,0.8598276866759436,1628300.0579695136,351267382.9873522,8.504849656883231e-09,2.987476281674253
1.3000000000000005,47.0,47000.0,1.0000000000000002e-10,1.2098507215289211e-22,0.8598276866759436,1628300.0579695136,351267382.9873522,7.803807282752657e-09,2.7412229615501658
1.3000000000000005,48.0,48000.0,1.0000000000000002e-10,1.2098507215289211e-22,0.8598276866759436,1628300.0579695136,351267382.9873522,7.1735316383097664e-09,2.5198276853660446
1.3000000000000005,49.0,49000.0,1.0000000000000002e-10,1.2098507215289211e-22,0.8598276866759436,1628300.0579695136,351267382.9873522,6.6056209269512985e-09,2.3203391760166703
1.3000000000000005,50.0,50000.0,1.0000000000000002e-10,1.2098507215289211e-22,0.8598276866759436,1628300.0579695136,351267382.9873522,6.092814420049564e-09,2.1402069763584124
1.3000000000000005,51.0,51000.0,1.0000000000000002e-10,1.2098507215289211e-22,0.8598276866759436,1628300.0579695136,351267382.9873522,5.628818733591177e-09,1.977220425858755
1.3000000000000005,52.0,52000.0,1.0000000000000002e-10,1.2098507215289211e-22,0.8598276866759436,1628300.0579695136,351267382.9873522,5.208163301424716e-09,1.8294578930622283
1.3000000000000005,53.0,53000.0,1.0000000000000002e-10,1.2098507215289211e-22,0.8598276866759436,1628300.0579695136,351267382.9873522,4.826079693406496e-09,1.6952443839913027
1.3000000000000005,54.0,54000.0,1.0000000000000002e-10,1.2098507215289211e-22,0.8598276866759436,1628300.0579695136,351267382.9873522,4.478400486285138e-09,1.5731160187866657
1.3000000000000005,55.0,55000.0,1.0000000000000002e-10,1.2098507215289211e-22,0.8598276866759436,1628300.0579695136,351267382.9873522,4.1614742299361815e-09,1.4617901621189893
1.3000000000000005,56.0,56000.0,1.0000000000000002e-10,1.2098507215289211e-22,0.8598276866759436,1628300.0579695136,351267382.9873522,3.8720937123071455e-09,1.3601402250039123
1.3000000000000005,57.0,57000.0,1.0000000000000002e-10,1.2098507215289211e-22,0.8598276866759436,1628300.0579695136,351267382.9873522,3.607435251788036e-09,1.2671743401919033
1.3000000000000005,58.0,58000.0,1.0000000000000002e-10,1.2098507215289211e-22,0.8598276866759436,1628300.0579695136,351267382.9873522,3.3650071652311612e-09,1.1820172606644386
1.3000000000000005,59.0,59000.0,1.0000000000000002e-10,1.2098507215289211e-22,0.8598276866759436,1628300.0579695136,351267382.9873522,3.1426058962268898e-09,1.1038949489282421
1.3000000000000005,60.0,60000.0,1.0000000000000002e-10,1.2098507215289211e-22,0.8598276866759436,1628300.0579695136,351267382.9873522,2.9382785590516793e-09,1.0321214199259316
1.3000000000000005,61.0,61000.0,1.0000000000000002e-10,1.2098507215289211e-22,0.8598276866759436,1628300.0579695136,351267382.9873522,2.7502908725666976e-09,0.9660874772605051
1.3000000000000005,62.0,62000.0,1.0000000000000002e-10,1.2098507215289211e-22,0.8598276866759436,1628300.0579695136,351267382.9873522,2.5770996358846852e-09,0.9052510447948716
1.3000000000000005,63.0,63000.0,1.0000000000000002e-10,1.2098507215289211e-22,0.8598276866759436,1628300.0579695136,351267382.9873522,2.4173290421597415e-09,0.8491288464587752
1.3000000000000005,64.0,64000.0,1.0000000000000002e-10,1.2098507215289211e-22,0.8598276866759436,1628300.0579695136,351267382.9873522,2.269750244933949e-09,0.7972892285728499
1.3000000000000005,65.0,65000.0,1.0000000000000002e-10,1.2098507215289211e-22,0.8598276866759436,1628300.0579695136,351267382.9873522,2.1332636882635637e-09,0.7493459529982888
1.3000000000000005,66.0,66000.0,1.0000000000000002e-10,1.2098507215289211e-22,0.8598276866759436,1628300.0579695136,351267382.9873522,2.006883791442989e-09,0.7049528173799139
1.3000000000000005,67.0,67000.0,1.0000000000000002e-10,1.2098507215289211e-22,0.8598276866759436,1628300.0579695136,351267382.9873522,1.8897256448070438e-09,0.6637989818154569
1.3000000000000005,68.0,68000.0,1.0000000000000002e-10,1.2098507215289211e-22,0.8598276866759436,1628300.0579695136,351267382.9873522,1.7809934274253338e-09,0.6256049003693718
1.3000000000000005,69.0,69000.0,1.0000000000000002e-10,1.2098507215289211e-22,0.8598276866759436,1628300.0579695136,351267382.9873522,1.679970302594219e-09,0.5901187716887415
1.3000000000000005,70.0,70000.0,1.0000000000000002e-10,1.2098507215289211e-22,0.8598276866759436,1628300.0579695136,351267382.9873522,1.5860095845610063e-09,0.5571134361616024
1.3000000000000005,71.0,71000.0,1.0000000000000002e-10,1.2098507215289211e-22,0.8598276866759436,1628300.0579695136,351267382.9873522,1.4985270012365486e-09,0.5263836580602471
1.3000000000000005,72.0,72000.0,1.0000000000000002e-10,1.2098507215289211e-22,0.8598276866759436,1628300.0579695136,351267382.9873522,1.4169939038636573e-09,0.49774374031921864
1.3000000000000005,73.0,73000.0,1.0000000000000002e-10,1.2098507215289211e-22,0.8598276866759436,1628300.0579695136,351267382.9873522,1.3409312966007212e-09,0.4710254273227723
1.3000000000000005,74.0,74000.0,1.0000000000000002e-10,1.2098507215289211e-22,0.8598276866759436,1628300.0579695136,351267382.9873522,1.269904577478595e-09,0.44607605757456525
1.3000000000000005,75.0,75000.0,1.0000000000000002e-10,1.2098507215289211e-22,0.8598276866759436,1628300.0579695136,351267382.9873522,1.203518897787568e-09,0.4227569336016616
1.3000000000000005,76.0,76000.0,1.0000000000000002e-10,1.2098507215289211e-22,0.8598276866759436,1628300.0579695136,351267382.9873522,1.1414150601360583e-09,0.40094188107634443
1.3000000000000005,77.0,77000.0,1.0000000000000002e-10,1.2098507215289211e-22,0.8598276866759436,1628300.0579695136,351267382.9873522,1.083265886593133e-09,0.3805159730630437
1.3000000000000005,78.0,78000.0,1.0000000000000002e-10,1.2098507215289211e-22,0.8598276866759436,1628300.0579695136,351267382.9873522,1.0287729978122891e-09,0.3613743986295758
1.3000000000000005,79.0,79000.0,1.0000000000000002e-10,1.2098507215289211e-22,0.8598276866759436,1628300.0579695136,351267382.9873522,9.776639521060245e-10,0.3434214578973553
1.3000000000000005,80.0,80000.0,1.0000000000000002e-10,1.2098507215289211e-22,0.8598276866759436,1628300.0579695136,351267382.9873522,9.296897003249455e-10,0.32656966802343934
1.3000000000000005,81.0,81000.0,1.0000000000000002e-10,1.2098507215289211e-22,0.8598276866759436,1628300.0579695136,351267382.9873522,8.846223182785457e-10,0.31073896667390927
1.3000000000000005,82.0,82000.0,1.0000000000000002e-10,1.2098507215289211e-22,0.8598276866759436,1628300.0579695136,351267382.9873522,8.422529834730752e-10,0.2958560013178767
1.3000000000000005,83.0,83000.0,1.0000000000000002e-10,1.2098507215289211e-22,0.8598276866759436,1628300.0579695136,351267382.9873522,8.02390167265078e-10,0.28185349418998773
1.3000000000000005,84.0,84000.0,1.0000000000000002e-10,1.2098507215289211e-22,0.8598276866759436,1628300.0579695136,351267382.9873522,7.648580172458557e-10,0.2686696740748468
1.3000000000000005,85.0,85000.0,1.0000000000000002e-10,1.2098507215289211e-22,0.8598276866759436,1628300.0579695136,351267382.9873522,7.294949078734166e-10,0.25624776719129466
1.3000000000000005,86.0,86000.0,1.0000000000000002e-10,1.2098507215289211e-22,0.8598276866759436,1628300.0579695136,351267382.9873522,6.961521401309583e-10,0.2445355404248462
1.3000000000000005,87.0,87000.0,1.0000000000000002e-10,1.2098507215289211e-22,0.8598276866759436,1628300.0579695136,351267382.9873522,6.646927733789947e-10,0.23348489099544462
1.3000000000000005,88.0,88000.0,1.0000000000000002e-10,1.2098507215289211e-22,0.8598276866759436,1628300.0579695136,351267382.9873522,6.34990574636258e-10,0.2230514773741133
1.3000000000000005,89.0,89000.0,1.0000000000000002e-10,1.2098507215289211e-22,0.8598276866759436,1628300.0579695136,351267382.9873522,6.069290723184364e-10,0.21319438689223857
1.3000000000000005,90.0,90000.0,1.0000000000000002e-10,1.2098507215289211e-22,0.8598276866759436,1628300.0579695136,351267382.9873522,5.804007030225539e-10,0.20387583603475193
1.3000000000000005,91.0,91000.0,1.0000000000000002e-10,1.2098507215289211e-22,0.8598276866759436,1628300.0579695136,351267382.9873522,5.553060413014273e-10,0.19506089988501887
1.3000000000000005,92.0,92000.0,1.0000000000000002e-10,1.2098507215289211e-22,0.8598276866759436,1628300.0579695136,351267382.9873522,5.31553103555202e-10,0.1867172676046408
1.3000000000000005,93.0,93000.0,1.0000000000000002e-10,1.2098507215289211e-22,0.8598276866759436,1628300.0579695136,351267382.9873522,5.090567181994441e-10,0.17881502119404874
1.3000000000000005,94.0,94000.0,1.0000000000000002e-10,1.2098507215289211e-22,0.8598276866759436,1628300.0579695136,351267382.9873522,4.877379551720411e-10,0.17132643509688536
1.3000000000000005,95.0,95000.0,1.0000000000000002e-10,1.2098507215289211e-22,0.8598276866759436,1628300.0579695136,351267382.9873522,4.675236086317295e-10,0.1642257944888707
1.3000000000000005,96.0,96000.0,1.0000000000000002e-10,1.2098507215289211e-22,0.8598276866759436,1628300.0579695136,351267382.9873522,4.483457273943604e-10,0.1574892303353778
1.3000000000000005,97.0,97000.0,1.0000000000000002e-10,1.2098507215289211e-22,0.8598276866759436,1628300.0579695136,351267382.9873522,4.301411882618787e-10,0.1510945695158201
1.3000000000000005,98.0,98000.0,1.0000000000000002e-10,1.2098507215289211e-22,0.8598276866759436,1628300.0579695136,351267382.9873522,4.1285130793445615e-10,0.1450211985010419
1.3000000000000005,99.0,99000.0,1.0000000000000002e-10,1.2098507215289211e-22,0.8598276866759436,1628300.0579695136,351267382.9873522,3.9642148966775084e-10,0.13924993923553852
1.3000000000000005,100.0,100000.0,1.0000000000000002e-10,1.2098507215289211e-22,0.8598276866759436,1628300.0579695136,351267382.9873522,3.8080090125309777e-10,0.13376293602240077
1.3500000000000005,1.0,1000.0,1.0000000000000002e-10,1.462799374737042e-22,0.859989286264346,1346732.8698811715,446000328.7093431,0.03655070563106988,16301626.726015603
1.3500000000000005,2.0,2000.0,1.0000000000000002e-10,1.462799374737042e-22,0.859989286264346,1346732.8698811715,446000328.7093431,0.0022844191019418675,1018851.6703759752
1.3500000000000005,3.0,3000.0,1.0000000000000002e-10,1.462799374737042e-22,0.859989286264346,1346732.8698811715,446000328.7093431,0.0004512432793959245,201254.65093846427
1.3500000000000005,4.0,4000.0,1.0000000000000002e-10,1.462799374737042e-22,0.859989286264346,1346732.8698811715,446000328.7093431,0.00014277619387136672,63678.22939849845
1.3500000000000005,5.0,5000.0,1.0000000000000002e-10,1.462799374737042e-22,0.859989286264346,1346732.8698811715,446000328.7093431,5.8481129009711806e-05,26082.602761624963
1.3500000000000005,6.0,6000.0,1.0000000000000002e-10,1.462799374737042e-22,0.859989286264346,1346732.8698811715,446000328.7093431,2.8202704962245282e-05,12578.415683654017
1.3500000000000005,7.0,7000.0,1.0000000000000002e-10,1.462799374737042e-22,0.859989286264346,1346732.8698811715,446000328.7093431,1.5223117713898326e-05,6789.515504379677
1.3500000000000005,8.0,8000.0,1.0000000000000002e-10,1.462799374737042e-22,0.859989286264346,1346732.8698811715,446000328.7093431,8.92351211696042e-06,3979.889337406153
1.3500000000000005,9.0,9000.0,1.0000000000000002e-10,1.462799374737042e-22,0.859989286264346,1346732.8698811715,446000328.7093431,5.5709046839003025e-06,2484.625320227954
1.3500000000000005,10.0,10000.0,1.0000000000000002e-10,1.462799374737042e-22,0.859989286264346,1346732.8698811715,446000328.7093431,3.655070563106988e-06,1630.1626726015602
1.3500000000000005,11.0,11000.0,1.0000000000000002e-10,1.462799374737042e-22,0.859989286264346,1346732.8698811715,446000328.7093431,2.4964623749108584e-06,1113.42303982075
1.3500000000000005,12.0,12000.0,1.0000000000000002e-10,1.462799374737042e-22,0.859989286264346,1346732.8698811715,446000328.7093431,1.7626690601403301e-06,786.150980228376
1.3500000000000005,13.0,13000.0,1.0000000000000002e-10,1.462799374737042e-22,0.859989286264346,1346732.8698811715,446000328.7093431,1.2797418028454848e-06,570.7652647321736
1.3500000000000005,14.0,14000.0,1.0000000000000002e-10,1.462799374737042e-22,0.859989286264346,1346732.8698811715,446000328.7093431,9.514448571186454e-07,424.3447190237298
1.3500000000000005,15.0,15000.0,1.0000000000000002e-10,1.462799374737042e-22,0.859989286264346,1346732.8698811715,446000328.7093431,7.21989247033479e-07,322.0074415015427
1.3500000000000005,16.0,16000.0,1.0000000000000002e-10,1.462799374737042e-22,0.859989286264346,1346732.8698811715,446000328.7093431,5.577195073100262e-07,248.74308358788457
1.3500000000000005,17.0,17000.0,1.0000000000000002e-10,1.462799374737042e-22,0.859989286264346,1346732.8698811715,446000328.7093431,4.376229407103589e-07,195.17997540756943
1.3500000000000005,18.0,18000.0,1.0000000000000002e-10,1.462799374737042e-22,0.859989286264346,1346732.8698811715,446000328.7093431,3.481815427437689e-07,155.28908251424713
1.3500000000000005,19.0,19000.0,1.0000000000000002e-10,1.462799374737042e-22,0.859989286264346,1346732.8698811715,446000328.7093431,2.8046673698843524e-07,125.08825688887899
1.3500000000000005,20.0,20000.0,1.0000000000000002e-10,1.462799374737042e-22,0.859989286264346,1346732.8698811715,446000328.7093431,2.2844191019418674e-07,101.88516703759751
1.3500000000000005,21.0,21000.0,1.0000000000000002e-10,1.462799374737042e-22,0.859989286264346,1346732.8698811715,446000328.7093431,1.8793972486294227e-07,83.82117906641575
1.3500000000000005,22.0,22000.0,1.0000000000000002e-10,1.462799374737042e-22,0.859989286264346,1346732.8698811715,446000328.7093431,1.5602889843192865e-07,69.58893998879688
1.3500000000000005,23.0,23000.0,1.0000000000000002e-10,1.462799374737042e-22,0.859989286264346,1346732.8698811715,446000328.7093431,1.3061240358299847e-07,58.253174931534694
1.3500000000000005,24.0,24000.0,1.0000000000000002e-10,1.462799374737042e-22,0.859989286264346,1346732.8698811715,446000328.7093431,1.1016681625877063e-07,49.1344362642735
1.3500000000000005,25.0,25000.0,1.0000000000000002e-10,1.462799374737042e-22,0.859989286264346,1346732.8698811715,446000328.7093431,9.356980641553891e-08,41.73216441859996
1.3500000000000005,26.0,26000.0,1.0000000000000002e-10,1.462799374737042e-22,0.859989286264346,1346732.8698811715,446000328.7093431,7.99838626778428e-08,35.67282904576085
1.3500000000000005,27.0,27000.0,1.0000000000000002e-10,1.462799374737042e-22,0.859989286264346,1346732.8698811715,446000328.7093431,6.877660103580618e-08,30.6743866694809
1.3500000000000005,28.0,28000.0,1.0000000000000002e-10,1.462799374737042e-22,0.859989286264346,1346732.8698811715,446000328.7093431,5.9465303569915336e-08,26.521544938983112
1.3500000000000005,29.0,29000.0,1.0000000000000002e-10,1.462799374737042e-22,0.859989286264346,1346732.8698811715,446000328.7093431,5.1677771113701465e-08,23.048302903677047
1.3500000000000005,30.0,30000.0,1.0000000000000002e-10,1.462799374737042e-22,0.859989286264346,1346732.8698811715,446000328.7093431,4.5124327939592435e-08,20.12546509384642
1.3500000000000005,31.0,31000.0,1.0000000000000002e-10,1.462799374737042e-22,0.859989286264346,1346732.8698811715,446000328.7093431,3.957755766362636e-08,17.651603727490336
1.3500000000000005,32.0,32000.0,1.0000000000000002e-10,1.462799374737042e-22,0.859989286264346,1346732.8698811715,446000328.7093431,3.485746920687664e-08,15.546442724242786
1.3500000000000005,33.0,33000.0,1.0000000000000002e-10,1.462799374737042e-22,0.859989286264346,1346732.8698811715,446000328.7093431,3.0820523147047645e-08,13.745963454577167
1.3500000000000005,34.0,34000.0,1.0000000000000002e-10,1.462799374737042e-22,0.859989286264346,1346732.8698811715,446000328.7093431,2.735143379439743e-08,12.19874846297309
1.3500000000000005,35.0,35000.0,1.0000000000000002e-10,1.462799374737042e-22,0.859989286264346,1346732.8698811715,446000328.7093431,2.4356988342237313e-08,10.863224807007478
1.3500000000000005,36.0,36000.0,1.0000000000000002e-10,1.462799374737042e-22,0.859989286264346,1346732.8698811715,446000328.7093431,2.1761346421485557e-08,9.705567657140445
1.3500000000000005,37.0,37000.0,1.0000000000000002e-10,1.462799374737042e-22,0.859989286264346,1346732.8698811715,446000328.7093431,1.950243636009387e-08,8.698093027234911
1.3500000000000005,38.0,38000.0,1.0000000000000002e-10,1.462799374737042e-22,0.859989286264346,1346732.8698811715,446000328.7093431,1.7529171061777202e-08,7.818016055554937
1.3500000000000005,39.0,39000.0,1.0000000000000002e-10,1.462799374737042e-22,0.859989286264346,1346732.8698811715,446000328.7093431,1.5799281516610915e-08,7.046484749779917
1.3500000000000005,40.0,40000.0,1.0000000000000002e-10,1.462799374737042e-22,0.859989286264346,1346732.8698811715,446000328.7093431,1.4277619387136671e-08,6.3678229398498445
1.3500000000000005,41.0,41000.0,1.0000000000000002e-10,1.462799374737042e-22,0.859989286264346,1346732.8698811715,446000328.7093431,1.2934818489981946e-08,5.768933298327637
1.3500000000000005,42.0,42000.0,1.0000000000000002e-10,1.462799374737042e-22,0.859989286264346,1346732.8698811715,446000328.7093431,1.1746232803933892e-08,5.2388236916509845
1.3500000000000005,43.0,43000.0,1.0000000000000002e-10,1.462799374737042e-22,0.859989286264346,1346732.8698811715,446000328.7093431,1.0691088961033379e-08,4.7682291908817165
1.3500000000000005,44.0,44000.0,1.0000000000000002e-10,1.462799374737042e-22,0.859989286264346,1346732.8698811715,446000328.7093431,9.75180615199554e-09,4.349308749299805
1.3500000000000005,45.0,45000.0,1.0000000000000002e-10,1.462799374737042e-22,0.859989286264346,1346732.8698811715,446000328.7093431,8.913447494240481e-09,3.975400512364725
1.3500000000000005,46.0,46000.0,1.0000000000000002e-10,1.462799374737042e-22,0.859989286264346,1346732.8698811715,446000328.7093431,8.163275223937404e-09,3.6408234332209184
1.3500000000000005,47.0,47000.0,1.0000000000000002e-10,1.462799374737042e-22,0.859989286264346,1346732.8698811715,446000328.7093431,7.490388332981168e-09,3.340715658670229
1.3500000000000005,48.0,48000.0,1.0000000000000002e-10,1.462799374737042e-22,0.859989286264346,1346732.8698811715,446000328.7093431,6.885426016173165e-09,3.070902266517094
1.3500000000000005,49.0,49000.0,1.0000000000000002e-10,1.462799374737042e-22,0.859989286264346,1346732.8698811715,446000328.7093431,6.3403239124940965e-09,2.8277865490960754
1.3500000000000005,50.0,50000.0,1.0000000000000002e-10,1.462799374737042e-22,0.859989286264346,1346732.8698811715,446000328.7093431,5.848112900971182e-09,2.6082602761624973
1.3500000000000005,51.0,51000.0,1.0000000000000002e-10,1.462799374737042e-22,0.859989286264346,1346732.8698811715,446000328.7093431,5.4027523544488736e-09,2.409629326019375
1.3500000000000005,52.0,52000.0,1.0000000000000002e-10,1.462799374737042e-22,0.859989286264346,1346732.8698811715,446000328.7093431,4.998991417365175e-09,2.229551815360053
1.3500000000000005,53.0,53000.0,1.0000000000000002e-10,1.462799374737042e-22,0.859989286264346,1346732.8698811715,446000328.7093431,4.632253170759792e-09,2.065986436823764
1.3500000000000005,54.0,54000.0,1.0000000000000002e-10,1.462799374737042e-22,0.859989286264346,1346732.8698811715,446000328.7093431,4.298537564737886e-09,1.9171491668425562
1.3500000000000005,55.0,55000.0,1.0000000000000002e-10,1.462799374737042e-22,0.859989286264346,1346732.8698811715,446000328.7093431,3.994339799857374e-09,1.7814768637132006
1.3500000000000005,56.0,56000.0,1.0000000000000002e-10,1.462799374737042e-22,0.859989286264346,1346732.8698811715,446000328.7093431,3.7165814731197085e-09,1.6575965586864445
1.3500000000000005,57.0,57000.0,1.0000000000000002e-10,1.462799374737042e-22,0.859989286264346,1346732.8698811715,446000328.7093431,3.4625523084992007e-09,1.5442994677639381
1.3500000000000005,58.0,58000.0,1.0000000000000002e-10,1.462799374737042e-22,0.859989286264346,1346732.8698811715,446000328.7093431,3.2298606946063416e-09,1.4405189314798155
1.3500000000000005,59.0,59000.0,1.0000000000000002e-10,1.462799374737042e-22,0.859989286264346,1346732.8698811715,446000328.7093431,3.01639157495348e-09,1.3453116339453453
1.3500000000000005,60.0,60000.0,1.0000000000000002e-10,1.462799374737042e-22,0.859989286264346,1346732.8698811715,446000328.7093431,2.8202704962245272e-09,1.2578415683654012
1.3500000000000005,61.0,61000.0,1.0000000000000002e-10,1.462799374737042e-22,0.859989286264346,1346732.8698811715,446000328.7093431,2.6398328300223777e-09,1.1773663099276959
1.3500000000000005,62.0,62000.0,1.0000000000000002e-10,1.462799374737042e-22,0.859989286264346,1346732.8698811715,446000328.7093431,2.4735973539766474e-09,1.103225232968146
1.3500000000000005,63.0,63000.0,1.0000000000000002e-10,1.462799374737042e-22,0.859989286264346,1346732.8698811715,446000328.7093431,2.3202435168264473e-09,1.0348293711903178
1.3500000000000005,64.0,64000.0,1.0000000000000002e-10,1.462799374737042e-22,0.859989286264346,1346732.8698811715,446000328.7093431,2.17859182542979e-09,0.9716526702651741
1.3500000000000005,65.0,65000.0,1.0000000000000002e-10,1.462799374737042e-22,0.859989286264346,1346732.8698811715,446000328.7093431,2.0475868845527753e-09,0.9132244235714775
1.3500000000000005,66.0,66000.0,1.0000000000000002e-10,1.462799374737042e-22,0.859989286264346,1346732.8698811715,446000328.7093431,1.926282696690478e-09,0.8591227159110729
1.3500000000000005,67.0,67000.0,1.0000000000000002e-10,1.462799374737042e-22,0.859989286264346,1346732.8698811715,446000328.7093431,1.8138298921965616e-09,0.8089687281424988
1.3500000000000005,68.0,68000.0,1.0000000000000002e-10,1.462799374737042e-22,0.859989286264346,1346732.8698811715,446000328.7093431,1.7094646121498394e-09,0.7624217789358181
1.3500000000000005,69.0,69000.0,1.0000000000000002e-10,1.462799374737042e-22,0.859989286264346,1346732.8698811715,446000328.7093431,1.6124988096666481e-09,0.7191749991547495
1.3500000000000005,70.0,70000.0,1.0000000000000002e-10,1.462799374737042e-22,0.859989286264346,1346732.8698811715,446000328.7093431,1.522311771389832e-09,0.6789515504379674
1.3500000000000005,71.0,71000.0,1.0000000000000002e-10,1.462799374737042e-22,0.859989286264346,1346732.8698811715,446000328.7093431,1.4383426909486976e-09,0.6415013129598002
1.3500000000000005,72.0,72000.0,1.0000000000000002e-10,1.462799374737042e-22,0.859989286264346,1346732.8698811715,446000328.7093431,1.3600841513428473e-09,0.6065979785712778
1.3500000000000005,73.0,73000.0,1.0000000000000002e-10,1.462799374737042e-22,0.859989286264346,1346732.8698811715,446000328.7093431,1.2870763943115304e-09,0.5740364949369786
1.3500000000000005,74.0,74000.0,1.0000000000000002e-10,1.462799374737042e-22,0.859989286264346,1346732.8698811715,446000328.7093431,1.218902272505867e-09,0.543630814202182
1.3500000000000005,75.0,75000.0,1.0000000000000002e-10,1.462799374737042e-22,0.859989286264346,1346732.8698811715,446000328.7093431,1.1551827952535665e-09,0.5152119064024684
1.3500000000000005,76.0,76000.0,1.0000000000000002e-10,1.462799374737042e-22,0.859989286264346,1346732.8698811715,446000328.7093431,1.0955731913610752e-09,0.48862600347218355
1.3500000000000005,77.0,77000.0,1.0000000000000002e-10,1.462799374737042e-22,0.859989286264346,1346732.8698811715,446000328.7093431,1.0397594231198906e-09,0.46373304449010816
1.3500000000000005,78.0,78000.0,1.0000000000000002e-10,1.462799374737042e-22,0.859989286264346,1346732.8698811715,446000328.7093431,9.874550947881822e-10,0.4404052968612448
1.3500000000000005,79.0,79000.0,1.0000000000000002e-10,1.462799374737042e-22,0.859989286264346,1346732.8698811715,446000328.7093431,9.383987065667435e-10,0.41852613158918994
1.3500000000000005,80.0,80000.0,1.0000000000000002e-10,1.462799374737042e-22,0.859989286264346,1346732.8698811715,446000328.7093431,8.92351211696042e-10,0.3979889337406153
1.3500000000000005,81.0,81000.0,1.0000000000000002e-10,1.462799374737042e-22,0.859989286264346,1346732.8698811715,446000328.7093431,8.490938399482243e-10,0.3786961317219864
1.3500000000000005,82.0,82000.0,1.0000000000000002e-10,1.462799374737042e-22,0.859989286264346,1346732.8698811715,446000328.7093431,8.084261556238716e-10,0.3605583311454773
1.3500000000000005,83.0,83000.0,1.0000000000000002e-10,1.462799374737042e-22,0.859989286264346,1346732.8698811715,446000328.7093431,7.701643223128327e-10,0.34349354091173184
1.3500000000000005,84.0,84000.0,1.0000000000000002e-10,1.462799374737042e-22,0.859989286264346,1346732.8698811715,446000328.7093431,7.341395502458682e-10,0.32742648072818653
1.3500000000000005,85.0,85000.0,1.0000000000000002e-10,1.462799374737042e-22,0.859989286264346,1346732.8698811715,446000328.7093431,7.001967051365741e-10,0.312287960652111
1.3500000000000005,86.0,86000.0,1.0000000000000002e-10,1.462799374737042e-22,0.859989286264346,1346732.8698811715,446000328.7093431,6.681930600645862e-10,0.2980143244301073
1.3500000000000005,87.0,87000.0,1.0000000000000002e-10,1.462799374737042e-22,0.859989286264346,1346732.8698811715,446000328.7093431,6.379971742432279e-10,0.28454694942811165
1.3500000000000005,88.0,88000.0,1.0000000000000002e-10,1.462799374737042e-22,0.859989286264346,1346732.8698811715,446000328.7093431,6.094878844997213e-10,0.2718317968312378
1.3500000000000005,89.0,89000.0,1.0000000000000002e-10,1.462799374737042e-22,0.859989286264346,1346732.8698811715,446000328.7093431,5.825533970179656e-10,0.25981900656075707
1.3500000000000005,90.0,90000.0,1.0000000000000002e-10,1.462799374737042e-22,0.859989286264346,1346732.8698811715,446000328.7093431,5.570904683900301e-10,0.2484625320227953
1.3500000000000005,91.0,91000.0,1.0000000000000002e-10,1.462799374737042e-22,0.859989286264346,1346732.8698811715,446000328.7093431,5.330036663246498e-10,0.23771981038407883
1.3500000000000005,92.0,92000.0,1.0000000000000002e-10,1.462799374737042e-22,0.859989286264346,1346732.8698811715,446000328.7093431,5.102047014960878e-10,0.2275514645763074
1.3500000000000005,93.0,93000.0,1.0000000000000002e-10,1.462799374737042e-22,0.859989286264346,1346732.8698811715,446000328.7093431,4.886118230077329e-10,0.21792103367272023
1.3500000000000005,94.0,94000.0,1.0000000000000002e-10,1.462799374737042e-22,0.859989286264346,1346732.8698811715,446000328.7093431,4.68149270811323e-10,0.2087947286668893
1.3500000000000005,95.0,95000.0,1.0000000000000002e-10,1.462799374737042e-22,0.859989286264346,1346732.8698811715,446000328.7093431,4.487467791814964e-10,0.2001412110222064
1.3500000000000005,96.0,96000.0,1.0000000000000002e-10,1.462799374737042e-22,0.859989286264346,1346732.8698811715,446000328.7093431,4.303391260108228e-10,0.19193139165731837
1.3500000000000005,97.0,97000.0,1.0000000000000002e-10,1.462799374737042e-22,0.859989286264346,1346732.8698811715,446000328.7093431,4.128657232748775e-10,0.18413824829341602
1.3500000000000005,98.0,98000.0,1.0000000000000002e-10,1.462799374737042e-22,0.859989286264346,1346732.8698811715,446000328.7093431,3.9627024453088103e-10,0.1767366593185047
1.3500000000000005,99.0,99000.0,1.0000000000000002e-10,1.462799374737042e-22,0.859989286264346,1346732.8698811715,446000328.7093431,3.805002857660202e-10,0.16970325252564397
1.3500000000000005,100.0,100000.0,1.0000000000000002e-10,1.462799374737042e-22,0.859989286264346,1346732.8698811715,446000328.7093431,3.655070563106989e-10,0.16301626726015608
1.4000000000000006,1.0,1000.0,1.0000000000000002e-10,1.7563372959616743e-22,0.8601348931062256,1121652.4323258395,561730862.2535658,0.03470848533716435,19496827.395960577
1.4000000000000006,2.0,2000.0,1.0000000000000002e-10,1.7563372959616743e-22,0.8601348931062256,1121652.4323258395,561730862.2535658,0.002169280333572772,1218551.712247536
1.4000000000000006,3.0,3000.0,1.0000000000000002e-10,1.7563372959616743e-22,0.8601348931062256,1121652.4323258395,561730862.2535658,0.0004284998189773377,240701.57278963676
1.4000000000000006,4.0,4000.0,1.0000000000000002e-10,1.7563372959616743e-22,0.8601348931062256,1121652.4323258395,561730862.2535658,0.00013558002084829824,76159.482015471
1.4000000000000006,5.0,5000.0,1.0000000000000002e-10,1.7563372959616743e-22,0.8601348931062256,1121652.4323258395,561730862.2535658,5.553357653946296e-05,31194.92383353692
1.4000000000000006,6.0,6000.0,1.0000000000000002e-10,1.7563372959616743e-22,0.8601348931062256,1121652.4323258395,561730862.2535658,2.6781238686083607e-05,15043.848299352298
1.4000000000000006,7.0,7000.0,1.0000000000000002e-10,1.7563372959616743e-22,0.8601348931062256,1121652.4323258395,561730862.2535658,1.4455845621476198e-05,8120.294625556258
1.4000000000000006,8.0,8000.0,1.0000000000000002e-10,1.7563372959616743e-22,0.8601348931062256,1121652.4323258395,561730862.2535658,8.47375130301864e-06,4759.967625966938
1.4000000000000006,9.0,9000.0,1.0000000000000002e-10,1.7563372959616743e-22,0.8601348931062256,1121652.4323258395,561730862.2535658,5.29012122194244e-06,2971.6243554276143
1.4000000000000006,10.0,10000.0,1.0000000000000002e-10,1.7563372959616743e-22,0.8601348931062256,1121652.4323258395,561730862.2535658,3.470848533716435e-06,1949.6827395960574
1.4000000000000006,11.0,11000.0,1.0000000000000002e-10,1.7563372959616743e-22,0.8601348931062256,1121652.4323258395,561730862.2535658,2.370636250062451e-06,1331.6595448371404
1.4000000000000006,12.0,12000.0,1.0000000000000002e-10,1.7563372959616743e-22,0.8601348931062256,1121652.4323258395,561730862.2535658,1.6738274178802254e-06,940.2405187095186
1.4000000000000006,13.0,13000.0,1.0000000000000002e-10,1.7563372959616743e-22,0.8601348931062256,1121652.4323258395,561730862.2535658,1.215240549601357e-06,682.6381217730675
1.4000000000000006,14.0,14000.0,1.0000000000000002e-10,1.7563372959616743e-22,0.8601348931062256,1121652.4323258395,561730862.2535658,9.034903513422624e-07,507.51841409726615
1.4000000000000006,15.0,15000.0,1.0000000000000002e-10,1.7563372959616743e-22,0.8601348931062256,1121652.4323258395,561730862.2535658,6.855997103637401e-07,385.1225164634187
1.4000000000000006,16.0,16000.0,1.0000000000000002e-10,1.7563372959616743e-22,0.8601348931062256,1121652.4323258395,561730862.2535658,5.29609456438665e-07,297.4979766229336
1.4000000000000006,17.0,17000.0,1.0000000000000002e-10,1.7563372959616743e-22,0.8601348931062256,1121652.4323258395,561730862.2535658,4.1556596948269723e-07,233.43623036075454
1.4000000000000006,18.0,18000.0,1.0000000000000002e-10,1.7563372959616743e-22,0.8601348931062256,1121652.4323258395,561730862.2535658,3.306325763714025e-07,185.7265222142259
1.4000000000000006,19.0,19000.0,1.0000000000000002e-10,1.7563372959616743e-22,0.8601348931062256,1121652.4323258395,561730862.2535658,2.6633071674683544e-07,149.60618316281005
1.4000000000000006,20.0,20000.0,1.0000000000000002e-10,1.7563372959616743e-22,0.8601348931062256,1121652.4323258395,561730862.2535658,2.1692803335727718e-07,121.85517122475359
1.4000000000000006,21.0,21000.0,1.0000000000000002e-10,1.7563372959616743e-22,0.8601348931062256,1121652.4323258395,561730862.2535658,1.7846722989476785e-07,100.2505509327933
1.4000000000000006,22.0,22000.0,1.0000000000000002e-10,1.7563372959616743e-22,0.8601348931062256,1121652.4323258395,561730862.2535658,1.481647656289032e-07,83.22872155232128
1.4000000000000006,23.0,23000.0,1.0000000000000002e-10,1.7563372959616743e-22,0.8601348931062256,1121652.4323258395,561730862.2535658,1.24029307132137e-07,69.67108964004764
1.4000000000000006,24.0,24000.0,1.0000000000000002e-10,1.7563372959616743e-22,0.8601348931062256,1121652.4323258395,561730862.2535658,1.0461421361751409e-07,58.76503241934491
1.4000000000000006,25.0,25000.0,1.0000000000000002e-10,1.7563372959616743e-22,0.8601348931062256,1121652.4323258395,561730862.2535658,8.885372246314075e-08,49.91187813365908
1.4000000000000006,26.0,26000.0,1.0000000000000002e-10,1.7563372959616743e-22,0.8601348931062256,1121652.4323258395,561730862.2535658,7.595253435008481e-08,42.66488261081672
1.4000000000000006,27.0,27000.0,1.0000000000000002e-10,1.7563372959616743e-22,0.8601348931062256,1121652.4323258395,561730862.2535658,6.531013854249924e-08,36.686720437377936
1.4000000000000006,28.0,28000.0,1.0000000000000002e-10,1.7563372959616743e-22,0.8601348931062256,1121652.4323258395,561730862.2535658,5.64681469588914e-08,31.719900881079134
1.4000000000000006,29.0,29000.0,1.0000000000000002e-10,1.7563372959616743e-22,0.8601348931062256,1121652.4323258395,561730862.2535658,4.9073119929935e-08,27.56588597171503
1.4000000000000006,30.0,30000.0,1.0000000000000002e-10,1.7563372959616743e-22,0.8601348931062256,1121652.4323258395,561730862.2535658,4.284998189773376e-08,24.07015727896367
1.4000000000000006,31.0,31000.0,1.0000000000000002e-10,1.7563372959616743e-22,0.8601348931062256,1121652.4323258395,561730862.2535658,3.758277866682441e-08,21.111406666400196
1.4000000000000006,32.0,32000.0,1.0000000000000002e-10,1.7563372959616743e-22,0.8601348931062256,1121652.4323258395,561730862.2535658,3.310059102741656e-08,18.59362353893335
1.4000000000000006,33.0,33000.0,1.0000000000000002e-10,1.7563372959616743e-22,0.8601348931062256,1121652.4323258395,561730862.2535658,2.9267114198301874e-08,16.44024129428569
1.4000000000000006,34.0,34000.0,1.0000000000000002e-10,1.7563372959616743e-22,0.8601348931062256,1121652.4323258395,561730862.2535658,2.5972873092668577e-08,14.589764397547158
1.4000000000000006,35.0,35000.0,1.0000000000000002e-10,1.7563372959616743e-22,0.8601348931062256,1121652.4323258395,561730862.2535658,2.312935299436191e-08,12.99247140089001
1.4000000000000006,36.0,36000.0,1.0000000000000002e-10,1.7563372959616743e-22,0.8601348931062256,1121652.4323258395,561730862.2535658,2.0664536023212658e-08,11.607907638389118
1.4000000000000006,37.0,37000.0,1.0000000000000002e-10,1.7563372959616743e-22,0.8601348931062256,1121652.4323258395,561730862.2535658,1.8519479029370665e-08,10.402962923655213
1.4000000000000006,38.0,38000.0,1.0000000000000002e-10,1.7563372959616743e-22,0.8601348931062256,1121652.4323258395,561730862.2535658,1.6645669796677215e-08,9.350386447675628
1.4000000000000006,39.0,39000.0,1.0000000000000002e-10,1.7563372959616743e-22,0.8601348931062256,1121652.4323258395,561730862.2535658,1.5002969748164895e-08,8.42763113300083
1.4000000000000006,40.0,40000.0,1.0000000000000002e-10,1.7563372959616743e-22,0.8601348931062256,1121652.4323258395,561730862.2535658,1.3558002084829824e-08,7.615948201547099
1.4000000000000006,41.0,41000.0,1.0000000000000002e-10,1.7563372959616743e-22,0.8601348931062256,1121652.4323258395,561730862.2535658,1.2282880730947998e-08,6.899673183953127
1.4000000000000006,42.0,42000.0,1.0000000000000002e-10,1.7563372959616743e-22,0.8601348931062256,1121652.4323258395,561730862.2535658,1.115420186842299e-08,6.265659433299581
1.4000000000000006,43.0,43000.0,1.0000000000000002e-10,1.7563372959616743e-22,0.8601348931062256,1121652.4323258395,561730862.2535658,1.0152239143829767e-08,5.702826048067897
1.4000000000000006,44.0,44000.0,1.0000000000000002e-10,1.7563372959616743e-22,0.8601348931062256,1121652.4323258395,561730862.2535658,9.26029785180645e-09,5.20179509702008
1.4000000000000006,45.0,45000.0,1.0000000000000002e-10,1.7563372959616743e-22,0.8601348931062256,1121652.4323258395,561730862.2535658,8.464193955107903e-09,4.754598968684182
1.4000000000000006,46.0,46000.0,1.0000000000000002e-10,1.7563372959616743e-22,0.8601348931062256,1121652.4323258395,561730862.2535658,7.751831695758562e-09,4.3544431025029775
1.4000000000000006,47.0,47000.0,1.0000000000000002e-10,1.7563372959616743e-22,0.8601348931062256,1121652.4323258395,561730862.2535658,7.1128594957671105e-09,3.9955126976457223
1.4000000000000006,48.0,48000.0,1.0000000000000002e-10,1.7563372959616743e-22,0.8601348931062256,1121652.4323258395,561730862.2535658,6.5383883510946305e-09,3.672814526209057
1.4000000000000006,49.0,49000.0,1.0000000000000002e-10,1.7563372959616743e-22,0.8601348931062256,1121652.4323258395,561730862.2535658,6.0207603587989165e-09,3.3820469077702033
1.4000000000000006,50.0,50000.0,1.0000000000000002e-10,1.7563372959616743e-22,0.8601348931062256,1121652.4323258395,561730862.2535658,5.553357653946297e-09,3.1194923833536925
1.4000000000000006,51.0,51000.0,1.0000000000000002e-10,1.7563372959616743e-22,0.8601348931062256,1121652.4323258395,561730862.2535658,5.130444067687618e-09,2.881928769885857
1.4000000000000006,52.0,52000.0,1.0000000000000002e-10,1.7563372959616743e-22,0.8601348931062256,1121652.4323258395,561730862.2535658,4.747033396880301e-09,2.666555163176045
1.4000000000000006,53.0,53000.0,1.0000000000000002e-10,1.7563372959616743e-22,0.8601348931062256,1121652.4323258395,561730862.2535658,4.3987794073852226e-09,2.4709301493737303
1.4000000000000006,54.0,54000.0,1.0000000000000002e-10,1.7563372959616743e-22,0.8601348931062256,1121652.4323258395,561730862.2535658,4.081883658906202e-09,2.292920027336121
1.4000000000000006,55.0,55000.0,1.0000000000000002e-10,1.7563372959616743e-22,0.8601348931062256,1121652.4323258395,561730862.2535658,3.793018000099922e-09,2.130655271739425
1.4000000000000006,56.0,56000.0,1.0000000000000002e-10,1.7563372959616743e-22,0.8601348931062256,1121652.4323258395,561730862.2535658,3.5292591849307123e-09,1.9824938050674459
1.4000000000000006,57.0,57000.0,1.0000000000000002e-10,1.7563372959616743e-22,0.8601348931062256,1121652.4323258395,561730862.2535658,3.288033540084388e-09,1.8469899155902476
1.4000000000000006,58.0,58000.0,1.0000000000000002e-10,1.7563372959616743e-22,0.8601348931062256,1121652.4323258395,561730862.2535658,3.0670699956209375e-09,1.7228678732321894
1.4000000000000006,59.0,59000.0,1.0000000000000002e-10,1.7563372959616743e-22,0.8601348931062256,1121652.4323258395,561730862.2535658,2.8643600976453823e-09,1.6089994674550485
1.4000000000000006,60.0,60000.0,1.0000000000000002e-10,1.7563372959616743e-22,0.8601348931062256,1121652.4323258395,561730862.2535658,2.67812386860836e-09,1.5043848299352294
1.4000000000000006,61.0,61000.0,1.0000000000000002e-10,1.7563372959616743e-22,0.8601348931062256,1121652.4323258395,561730862.2535658,2.506780580331981e-09,1.4081360168703778
1.4000000000000006,62.0,62000.0,1.0000000000000002e-10,1.7563372959616743e-22,0.8601348931062256,1121652.4323258395,561730862.2535658,2.348923666676526e-09,1.3194629166500123
1.4000000000000006,63.0,63000.0,1.0000000000000002e-10,1.7563372959616743e-22,0.8601348931062256,1121652.4323258395,561730862.2535658,2.2032991345033066e-09,1.2376611226270777
1.4000000000000006,64.0,64000.0,1.0000000000000002e-10,1.7563372959616743e-22,0.8601348931062256,1121652.4323258395,561730862.2535658,2.068786939213535e-09,1.1621014711833344
1.4000000000000006,65.0,65000.0,1.0000000000000002e-10,1.7563372959616743e-22,0.8601348931062256,1121652.4323258395,561730862.2535658,1.944384879362171e-09,1.092220994836908
1.4000000000000006,66.0,66000.0,1.0000000000000002e-10,1.7563372959616743e-22,0.8601348931062256,1121652.4323258395,561730862.2535658,1.8291946373938671e-09,1.0275150808928557
1.4000000000000006,67.0,67000.0,1.0000000000000002e-10,1.7563372959616743e-22,0.8601348931062256,1121652.4323258395,561730862.2535658,1.722409653396669e-09,0.9675306597563763
1.4000000000000006,68.0,68000.0,1.0000000000000002e-10,1.7563372959616743e-22,0.8601348931062256,1121652.4323258395,561730862.2535658,1.623304568291786e-09,0.9118602748466974
1.4000000000000006,69.0,69000.0,1.0000000000000002e-10,1.7563372959616743e-22,0.8601348931062256,1121652.4323258395,561730862.2535658,1.5312260139770001e-09,0.8601369091363908
1.4000000000000006,70.0,70000.0,1.0000000000000002e-10,1.7563372959616743e-22,0.8601348931062256,1121652.4323258395,561730862.2535658,1.4455845621476193e-09,0.8120294625556256
1.4000000000000006,71.0,71000.0,1.0000000000000002e-10,1.7563372959616743e-22,0.8601348931062256,1121652.4323258395,561730862.2535658,1.3658476720672025e-09,0.7672387905373352
1.4000000000000006,72.0,72000.0,1.0000000000000002e-10,1.7563372959616743e-22,0.8601348931062256,1121652.4323258395,561730862.2535658,1.2915335014507911e-09,0.7254942273993199
1.4000000000000006,73.0,73000.0,1.0000000000000002e-10,1.7563372959616743e-22,0.8601348931062256,1121652.4323258395,561730862.2535658,1.2222054646681935e-09,0.6865505295190844
1.4000000000000006,74.0,74000.0,1.0000000000000002e-10,1.7563372959616743e-22,0.8601348931062256,1121652.4323258395,561730862.2535658,1.1574674393356665e-09,0.6501851827284508
1.4000000000000006,75.0,75000.0,1.0000000000000002e-10,1.7563372959616743e-22,0.8601348931062256,1121652.4323258395,561730862.2535658,1.0969595365819844e-09,0.61619602634147
1.4000000000000006,76.0,76000.0,1.0000000000000002e-10,1.7563372959616743e-22,0.8601348931062256,1121652.4323258395,561730862.2535658,1.040354362292326e-09,0.5843991529797268
1.4000000000000006,77.0,77000.0,1.0000000000000002e-10,1.7563372959616743e-22,0.8601348931062256,1121652.4323258395,561730862.2535658,9.87353706814848e-10,0.554627049078359
1.4000000000000006,78.0,78000.0,1.0000000000000002e-10,1.7563372959616743e-22,0.8601348931062256,1121652.4323258395,561730862.2535658,9.37685609260306e-10,0.5267269458125519
1.4000000000000006,79.0,79000.0,1.0000000000000002e-10,1.7563372959616743e-22,0.8601348931062256,1121652.4323258395,561730862.2535658,8.911017498824806e-10,0.5005593543171472
1.4000000000000006,80.0,80000.0,1.0000000000000002e-10,1.7563372959616743e-22,0.8601348931062256,1121652.4323258395,561730862.2535658,8.47375130301864e-10,0.4759967625966937
1.4000000000000006,81.0,81000.0,1.0000000000000002e-10,1.7563372959616743e-22,0.8601348931062256,1121652.4323258395,561730862.2535658,8.062980066975215e-10,0.45292247453553014
1.4000000000000006,82.0,82000.0,1.0000000000000002e-10,1.7563372959616743e-22,0.8601348931062256,1121652.4323258395,561730862.2535658,7.676800456842499e-10,0.43122957399707046
1.4000000000000006,83.0,83000.0,1.0000000000000002e-10,1.7563372959616743e-22,0.8601348931062256,1121652.4323258395,561730862.2535658,7.313466765325378e-10,0.41081999921490214
1.4000000000000006,84.0,84000.0,1.0000000000000002e-10,1.7563372959616743e-22,0.8601348931062256,1121652.4323258395,561730862.2535658,6.971376167764369e-10,0.39160371458122384
1.4000000000000006,85.0,85000.0,1.0000000000000002e-10,1.7563372959616743e-22,0.8601348931062256,1121652.4323258395,561730862.2535658,6.649055511723155e-10,0.3734979685772072
1.4000000000000006,86.0,86000.0,1.0000000000000002e-10,1.7563372959616743e-22,0.8601348931062256,1121652.4323258395,561730862.2535658,6.345149464893604e-10,0.3564266280042436
1.4000000000000006,87.0,87000.0,1.0000000000000002e-10,1.7563372959616743e-22,0.8601348931062256,1121652.4323258395,561730862.2535658,6.058409867893208e-10,0.34031957989771633
1.4000000000000006,88.0,88000.0,1.0000000000000002e-10,1.7563372959616743e-22,0.8601348931062256,1121652.4323258395,561730862.2535658,5.787686157379031e-10,0.325112193563755
1.4000000000000006,89.0,89000.0,1.0000000000000002e-10,1.7563372959616743e-22,0.8601348931062256,1121652.4323258395,561730862.2535658,5.531916741253209e-10,0.3107448360979101
1.4000000000000006,90.0,90000.0,1.0000000000000002e-10,1.7563372959616743e-22,0.8601348931062256,1121652.4323258395,561730862.2535658,5.29012122194244e-10,0.2971624355427614
1.4000000000000006,91.0,91000.0,1.0000000000000002e-10,1.7563372959616743e-22,0.8601348931062256,1121652.4323258395,561730862.2535658,5.061393376098945e-10,0.28431408653605467
1.4000000000000006,92.0,92000.0,1.0000000000000002e-10,1.7563372959616743e-22,0.8601348931062256,1121652.4323258395,561730862.2535658,4.844894809849101e-10,0.2721526939064361
1.4000000000000006,93.0,93000.0,1.0000000000000002e-10,1.7563372959616743e-22,0.8601348931062256,1121652.4323258395,561730862.2535658,4.6398492181264713e-10,0.26063465020247156
1.4000000000000006,94.0,94000.0,1.0000000000000002e-10,1.7563372959616743e-22,0.8601348931062256,1121652.4323258395,561730862.2535658,4.445537184854444e-10,0.24971954360285764
1.4000000000000006,95.0,95000.0,1.0000000000000002e-10,1.7563372959616743e-22,0.8601348931062256,1121652.4323258395,561730862.2535658,4.261291467949367e-10,0.2393698930604961
1.4000000000000006,96.0,96000.0,1.0000000000000002e-10,1.7563372959616743e-22,0.8601348931062256,1121652.4323258395,561730862.2535658,4.086492719434144e-10,0.22955090788806606
1.4000000000000006,97.0,97000.0,1.0000000000000002e-10,1.7563372959616743e-22,0.8601348931062256,1121652.4323258395,561730862.2535658,3.920565596501833e-10,0.22023026930446402
1.4000000000000006,98.0,98000.0,1.0000000000000002e-10,1.7563372959616743e-22,0.8601348931062256,1121652.4323258395,561730862.2535658,3.762975224249323e-10,0.2113779317356377
1.4000000000000006,99.0,99000.0,1.0000000000000002e-10,1.7563372959616743e-22,0.8601348931062256,1121652.4323258395,561730862.2535658,3.6132239750989957e-10,0.20296594190476153
1.4000000000000006,100.0,100000.0,1.0000000000000002e-10,1.7563372959616743e-22,0.8601348931062256,1121652.4323258395,561730862.2535658,3.4708485337164355e-10,0.19496827395960578
1.4500000000000006,1.0,1000.0,1.0000000000000002e-10,2.0952235059080924e-22,0.8602709453154704,940233.8196593403,702265100.4614345,0.032863610625118486,23078966.8171743
1.4500000000000006,2.0,2000.0,1.0000000000000002e-10,2.0952235059080924e-22,0.8602709453154704,940233.8196593403,702265100.4614345,0.0020539756640699054,1442435.4260733938
1.4500000000000006,3.0,3000.0,1.0000000000000002e-10,2.0952235059080924e-22,0.8602709453154704,940233.8196593403,702265100.4614345,0.0004057235879644259,284925.5162614112
1.4500000000000006,4.0,4000.0,1.0000000000000002e-10,2.0952235059080924e-22,0.8602709453154704,940233.8196593403,702265100.4614345,0.0001283734790043691,90152.21412958711
1.4500000000000006,5.0,5000.0,1.0000000000000002e-10,2.0952235059080924e-22,0.8602709453154704,940233.8196593403,702265100.4614345,5.258177700018958e-05,36926.34690747888
1.4500000000000006,6.0,6000.0,1.0000000000000002e-10,2.0952235059080924e-22,0.8602709453154704,940233.8196593403,702265100.4614345,2.5357724247776617e-05,17807.8447663382
1.4500000000000006,7.0,7000.0,1.0000000000000002e-10,2.0952235059080924e-22,0.8602709453154704,940233.8196593403,702265100.4614345,1.3687467982140146e-05,9612.231077540317
1.4500000000000006,8.0,8000.0,1.0000000000000002e-10,2.0952235059080924e-22,0.8602709453154704,940233.8196593403,702265100.4614345,8.023342437773068e-06,5634.5133830991945
1.4500000000000006,9.0,9000.0,1.0000000000000002e-10,2.0952235059080924e-22,0.8602709453154704,940233.8196593403,702265100.4614345,5.008933184745998e-06,3517.598966190261
1.4500000000000006,10.0,10000.0,1.0000000000000002e-10,2.0952235059080924e-22,0.8602709453154704,940233.8196593403,702265100.4614345,3.286361062511849e-06,2307.89668171743
1.4500000000000006,11.0,11000.0,1.0000000000000002e-10,2.0952235059080924e-22,0.8602709453154704,940233.8196593403,702265100.4614345,2.2446288248834427e-06,1576.3244872054024
1.4500000000000006,12.0,12000.0,1.0000000000000002e-10,2.0952235059080924e-22,0.8602709453154704,940233.8196593403,702265100.4614345,1.5848577654860386e-06,1112.9902978961375
1.4500000000000006,13.0,13000.0,1.0000000000000002e-10,2.0952235059080924e-22,0.8602709453154704,940233.8196593403,702265100.4614345,1.1506463577997443e-06,808.0587800558211
1.4500000000000006,14.0,14000.0,1.0000000000000002e-10,2.0952235059080924e-22,0.8602709453154704,940233.8196593403,702265100.4614345,8.554667488837591e-07,600.7644423462698
1.4500000000000006,15.0,15000.0,1.0000000000000002e-10,2.0952235059080924e-22,0.8602709453154704,940233.8196593403,702265100.4614345,6.491577407430811e-07,455.8808260182577
1.4500000000000006,16.0,16000.0,1.0000000000000002e-10,2.0952235059080924e-22,0.8602709453154704,940233.8196593403,702265100.4614345,5.014589023608167e-07,352.15708644369965
1.4500000000000006,17.0,17000.0,1.0000000000000002e-10,2.0952235059080924e-22,0.8602709453154704,940233.8196593403,702265100.4614345,3.934772168091677e-07,276.32531719177575
1.4500000000000006,18.0,18000.0,1.0000000000000002e-10,2.0952235059080924e-22,0.8602709453154704,940233.8196593403,702265100.4614345,3.1305832404662486e-07,219.8499353868913
1.4500000000000006,19.0,19000.0,1.0000000000000002e-10,2.0952235059080924e-22,0.8602709453154704,940233.8196593403,702265100.4614345,2.521743281982066e-07,177.0932299259083
1.4500000000000006,20.0,20000.0,1.0000000000000002e-10,2.0952235059080924e-22,0.8602709453154704,940233.8196593403,702265100.4614345,2.0539756640699055e-07,144.24354260733938
1.4500000000000006,21.0,21000.0,1.0000000000000002e-10,2.0952235059080924e-22,0.8602709453154704,940233.8196593403,702265100.4614345,1.6898108619926102e-07,118.66951947580637
1.4500000000000006,22.0,22000.0,1.0000000000000002e-10,2.0952235059080924e-22,0.8602709453154704,940233.8196593403,702265100.4614345,1.4028930155521517e-07,98.52028045033765
1.4500000000000006,23.0,23000.0,1.0000000000000002e-10,2.0952235059080924e-22,0.8602709453154704,940233.8196593403,702265100.4614345,1.174367252301074e-07,82.47171364158325
1.4500000000000006,24.0,24000.0,1.0000000000000002e-10,2.0952235059080924e-22,0.8602709453154704,940233.8196593403,702265100.4614345,9.905361034287741e-08,69.56189361850859
1.4500000000000006,25.0,25000.0,1.0000000000000002e-10,2.0952235059080924e-22,0.8602709453154704,940233.8196593403,702265100.4614345,8.413084320030335e-08,59.082155051966225
1.4500000000000006,26.0,26000.0,1.0000000000000002e-10,2.0952235059080924e-22,0.8602709453154704,940233.8196593403,702265100.4614345,7.191539736248402e-08,50.50367375348882
1.4500000000000006,27.0,27000.0,1.0000000000000002e-10,2.0952235059080924e-22,0.8602709453154704,940233.8196593403,702265100.4614345,6.183868129316044e-08,43.42714773074395
1.4500000000000006,28.0,28000.0,1.0000000000000002e-10,2.0952235059080924e-22,0.8602709453154704,940233.8196593403,702265100.4614345,5.3466671805234944e-08,37.54777764664186
1.4500000000000006,29.0,29000.0,1.0000000000000002e-10,2.0952235059080924e-22,0.8602709453154704,940233.8196593403,702265100.4614345,4.64647157567056e-08,32.630548278794855
1.4500000000000006,30.0,30000.0,1.0000000000000002e-10,2.0952235059080924e-22,0.8602709453154704,940233.8196593403,702265100.4614345,4.057235879644257e-08,28.492551626141108
1.4500000000000006,31.0,31000.0,1.0000000000000002e-10,2.0952235059080924e-22,0.8602709453154704,940233.8196593403,702265100.4614345,3.558512543311791e-08,24.990191687221298
1.4500000000000006,32.0,32000.0,1.0000000000000002e-10,2.0952235059080924e-22,0.8602709453154704,940233.8196593403,702265100.4614345,3.1341181397551047e-08,22.00981790273123
1.4500000000000006,33.0,33000.0,1.0000000000000002e-10,2.0952235059080924e-22,0.8602709453154704,940233.8196593403,702265100.4614345,2.771146697386967e-08,19.46079613833831
1.4500000000000006,34.0,34000.0,1.0000000000000002e-10,2.0952235059080924e-22,0.8602709453154704,940233.8196593403,702265100.4614345,2.459232605057298e-08,17.270332324485985
1.4500000000000006,35.0,35000.0,1.0000000000000002e-10,2.0952235059080924e-22,0.8602709453154704,940233.8196593403,702265100.4614345,2.1899948771424226e-08,15.379569724064503
1.4500000000000006,36.0,36000.0,1.0000000000000002e-10,2.0952235059080924e-22,0.8602709453154704,940233.8196593403,702265100.4614345,1.9566145252914054e-08,13.740620961680706
1.4500000000000006,37.0,37000.0,1.0000000000000002e-10,2.0952235059080924e-22,0.8602709453154704,940233.8196593403,702265100.4614345,1.7535105375215093e-08,12.314292537927267
1.4500000000000006,38.0,38000.0,1.0000000000000002e-10,2.0952235059080924e-22,0.8602709453154704,940233.8196593403,702265100.4614345,1.5760895512387913e-08,11.068326870369269
1.4500000000000006,39.0,39000.0,1.0000000000000002e-10,2.0952235059080924e-22,0.8602709453154704,940233.8196593403,702265100.4614345,1.4205510590120293e-08,9.9760343216768
1.4500000000000006,40.0,40000.0,1.0000000000000002e-10,2.0952235059080924e-22,0.8602709453154704,940233.8196593403,702265100.4614345,1.283734790043691e-08,9.015221412958711
1.4500000000000006,41.0,41000.0,1.0000000000000002e-10,2.0952235059080924e-22,0.8602709453154704,940233.8196593403,702265100.4614345,1.1630003607919596e-08,8.167345652082501
1.4500000000000006,42.0,42000.0,1.0000000000000002e-10,2.0952235059080924e-22,0.8602709453154704,940233.8196593403,702265100.4614345,1.0561317887453814e-08,7.416844967237898
1.4500000000000006,43.0,43000.0,1.0000000000000002e-10,2.0952235059080924e-22,0.8602709453154704,940233.8196593403,702265100.4614345,9.61261290877079e-09,6.7506025700748005
1.4500000000000006,44.0,44000.0,1.0000000000000002e-10,2.0952235059080924e-22,0.8602709453154704,940233.8196593403,702265100.4614345,8.768081347200948e-09,6.157517528146103
1.4500000000000006,45.0,45000.0,1.0000000000000002e-10,2.0952235059080924e-22,0.8602709453154704,940233.8196593403,702265100.4614345,8.014293095593595e-09,5.628158345904416
1.4500000000000006,46.0,46000.0,1.0000000000000002e-10,2.0952235059080924e-22,0.8602709453154704,940233.8196593403,702265100.4614345,7.339795326881712e-09,5.154482102598953
1.4500000000000006,47.0,47000.0,1.0000000000000002e-10,2.0952235059080924e-22,0.8602709453154704,940233.8196593403,702265100.4614345,6.734786684850606e-09,4.729605647822942
1.4500000000000006,48.0,48000.0,1.0000000000000002e-10,2.0952235059080924e-22,0.8602709453154704,940233.8196593403,702265100.4614345,6.190850646429838e-09,4.347618351156787
1.4500000000000006,49.0,49000.0,1.0000000000000002e-10,2.0952235059080924e-22,0.8602709453154704,940233.8196593403,702265100.4614345,5.700736352411556e-09,4.003428187230453
1.4500000000000006,50.0,50000.0,1.0000000000000002e-10,2.0952235059080924e-22,0.8602709453154704,940233.8196593403,702265100.4614345,5.258177700018959e-09,3.692634690747889
1.4500000000000006,51.0,51000.0,1.0000000000000002e-10,2.0952235059080924e-22,0.8602709453154704,940233.8196593403,702265100.4614345,4.857743417397131e-09,3.411423669034268
1.4500000000000006,52.0,52000.0,1.0000000000000002e-10,2.0952235059080924e-22,0.8602709453154704,940233.8196593403,702265100.4614345,4.494712335155251e-09,3.156479609593051
1.4500000000000006,53.0,53000.0,1.0000000000000002e-10,2.0952235059080924e-22,0.8602709453154704,940233.8196593403,702265100.4614345,4.164969236364487e-09,2.924912539194291
1.4500000000000006,54.0,54000.0,1.0000000000000002e-10,2.0952235059080924e-22,0.8602709453154704,940233.8196593403,702265100.4614345,3.864917580822528e-09,2.7141967331714967
1.4500000000000006,55.0,55000.0,1.0000000000000002e-10,2.0952235059080924e-22,0.8602709453154704,940233.8196593403,702265100.4614345,3.591406119813509e-09,2.5221191795286444
1.4500000000000006,56.0,56000.0,1.0000000000000002e-10,2.0952235059080924e-22,0.8602709453154704,940233.8196593403,702265100.4614345,3.341666987827184e-09,2.3467361029151164
1.4500000000000006,57.0,57000.0,1.0000000000000002e-10,2.0952235059080924e-22,0.8602709453154704,940233.8196593403,702265100.4614345,3.11326331108897e-09,2.186336171924794
1.4500000000000006,58.0,58000.0,1.0000000000000002e-10,2.0952235059080924e-22,0.8602709453154704,940233.8196593403,702265100.4614345,2.9040447347941e-09,2.0394092674246784
1.4500000000000006,59.0,59000.0,1.0000000000000002e-10,2.0952235059080924e-22,0.8602709453154704,940233.8196593403,702265100.4614345,2.712109561241799e-09,1.9046198934878888
1.4500000000000006,60.0,60000.0,1.0000000000000002e-10,2.0952235059080924e-22,0.8602709453154704,940233.8196593403,702265100.4614345,2.5357724247776606e-09,1.7807844766338192
1.4500000000000006,61.0,61000.0,1.0000000000000002e-10,2.0952235059080924e-22,0.8602709453154704,940233.8196593403,702265100.4614345,2.37353661833315e-09,1.666851931722623
1.4500000000000006,62.0,62000.0,1.0000000000000002e-10,2.0952235059080924e-22,0.8602709453154704,940233.8196593403,702265100.4614345,2.2240703395698694e-09,1.5618869804513311
1.4500000000000006,63.0,63000.0,1.0000000000000002e-10,2.0952235059080924e-22,0.8602709453154704,940233.8196593403,702265100.4614345,2.086186249373593e-09,1.4650557959976094
1.4500000000000006,64.0,64000.0,1.0000000000000002e-10,2.0952235059080924e-22,0.8602709453154704,940233.8196593403,702265100.4614345,1.9588238373469404e-09,1.3756136189207018
1.4500000000000006,65.0,65000.0,1.0000000000000002e-10,2.0952235059080924e-22,0.8602709453154704,940233.8196593403,702265100.4614345,1.841034172479591e-09,1.2928940480893139
1.4500000000000006,66.0,66000.0,1.0000000000000002e-10,2.0952235059080924e-22,0.8602709453154704,940233.8196593403,702265100.4614345,1.7319666858668545e-09,1.2162997586461444
1.4500000000000006,67.0,67000.0,1.0000000000000002e-10,2.0952235059080924e-22,0.8602709453154704,940233.8196593403,702265100.4614345,1.6308576890148433e-09,1.1452944388143118
1.4500000000000006,68.0,68000.0,1.0000000000000002e-10,2.0952235059080924e-22,0.8602709453154704,940233.8196593403,702265100.4614345,1.5370203781608112e-09,1.079395770280374
1.4500000000000006,69.0,69000.0,1.0000000000000002e-10,2.0952235059080924e-22,0.8602709453154704,940233.8196593403,702265100.4614345,1.4498361139519435e-09,1.0181693042170774
1.4500000000000006,70.0,70000.0,1.0000000000000002e-10,2.0952235059080924e-22,0.8602709453154704,940233.8196593403,702265100.4614345,1.3687467982140141e-09,0.9612231077540314
1.4500000000000006,71.0,71000.0,1.0000000000000002e-10,2.0952235059080924e-22,0.8602709453154704,940233.8196593403,702265100.4614345,1.293248196572218e-09,0.9082030746873576
1.4500000000000006,72.0,72000.0,1.0000000000000002e-10,2.0952235059080924e-22,0.8602709453154704,940233.8196593403,702265100.4614345,1.2228840783071283e-09,0.8587888101050442
1.4500000000000006,73.0,73000.0,1.0000000000000002e-10,2.0952235059080924e-22,0.8602709453154704,940233.8196593403,702265100.4614345,1.1572410638080887e-09,0.8126900119332847
1.4500000000000006,74.0,74000.0,1.0000000000000002e-10,2.0952235059080924e-22,0.8602709453154704,940233.8196593403,702265100.4614345,1.0959440859509433e-09,0.7696432836204542
1.4500000000000006,75.0,75000.0,1.0000000000000002e-10,2.0952235059080924e-22,0.8602709453154704,940233.8196593403,702265100.4614345,1.03865238518893e-09,0.7294093216292125
1.4500000000000006,76.0,76000.0,1.0000000000000002e-10,2.0952235059080924e-22,0.8602709453154704,940233.8196593403,702265100.4614345,9.850559695242445e-10,0.6917704293980793
1.4500000000000006,77.0,77000.0,1.0000000000000002e-10,2.0952235059080924e-22,0.8602709453154704,940233.8196593403,702265100.4614345,9.348724801680308e-10,0.6565283162038326
1.4500000000000006,78.0,78000.0,1.0000000000000002e-10,2.0952235059080924e-22,0.8602709453154704,940233.8196593403,702265100.4614345,8.878444118825183e-10,0.6235021451048
1.4500000000000006,79.0,79000.0,1.0000000000000002e-10,2.0952235059080924e-22,0.8602709453154704,940233.8196593403,702265100.4614345,8.437366439653488e-10,0.5925267990373193
1.4500000000000006,80.0,80000.0,1.0000000000000002e-10,2.0952235059080924e-22,0.8602709453154704,940233.8196593403,702265100.4614345,8.023342437773069e-10,0.5634513383099194
1.4500000000000006,81.0,81000.0,1.0000000000000002e-10,2.0952235059080924e-22,0.8602709453154704,940233.8196593403,702265100.4614345,7.634405097921043e-10,0.5361376263054809
1.4500000000000006,82.0,82000.0,1.0000000000000002e-10,2.0952235059080924e-22,0.8602709453154704,940233.8196593403,702265100.4614345,7.268752254949748e-10,0.5104591032551563
1.4500000000000006,83.0,83000.0,1.0000000000000002e-10,2.0952235059080924e-22,0.8602709453154704,940233.8196593403,702265100.4614345,6.924730991877797e-10,0.48629969056794703
1.4500000000000006,84.0,84000.0,1.0000000000000002e-10,2.0952235059080924e-22,0.8602709453154704,940233.8196593403,702265100.4614345,6.600823679658634e-10,0.4635528104523686
1.4500000000000006,85.0,85000.0,1.0000000000000002e-10,2.0952235059080924e-22,0.8602709453154704,940233.8196593403,702265100.4614345,6.295635468946682e-10,0.4421205075068412
1.4500000000000006,86.0,86000.0,1.0000000000000002e-10,2.0952235059080924e-22,0.8602709453154704,940233.8196593403,702265100.4614345,6.007883067981744e-10,0.42191266062967503
1.4500000000000006,87.0,87000.0,1.0000000000000002e-10,2.0952235059080924e-22,0.8602709453154704,940233.8196593403,702265100.4614345,5.736384661321678e-10,0.40284627504685
1.4500000000000006,88.0,88000.0,1.0000000000000002e-10,2.0952235059080924e-22,0.8602709453154704,940233.8196593403,702265100.4614345,5.480050842000592e-10,0.38484484550913145
1.4500000000000006,89.0,89000.0,1.0000000000000002e-10,2.0952235059080924e-22,0.8602709453154704,940233.8196593403,702265100.4614345,5.23787644517168e-10,0.3678377827973071
1.4500000000000006,90.0,90000.0,1.0000000000000002e-10,2.0952235059080924e-22,0.8602709453154704,940233.8196593403,702265100.4614345,5.008933184745997e-10,0.351759896619026
1.4500000000000006,91.0,91000.0,1.0000000000000002e-10,2.0952235059080924e-22,0.8602709453154704,940233.8196593403,702265100.4614345,4.792363006246331e-10,0.33655092880292414
1.4500000000000006,92.0,92000.0,1.0000000000000002e-10,2.0952235059080924e-22,0.8602709453154704,940233.8196593403,702265100.4614345,4.58737207930107e-10,0.32215513141243457
1.4500000000000006,93.0,93000.0,1.0000000000000002e-10,2.0952235059080924e-22,0.8602709453154704,940233.8196593403,702265100.4614345,4.393225362113323e-10,0.3085208850274235
1.4500000000000006,94.0,94000.0,1.0000000000000002e-10,2.0952235059080924e-22,0.8602709453154704,940233.8196593403,702265100.4614345,4.2092416780316287e-10,0.2956003529889339
1.4500000000000006,95.0,95000.0,1.0000000000000002e-10,2.0952235059080924e-22,0.8602709453154704,940233.8196593403,702265100.4614345,4.034789251171306e-10,0.2833491678814533
1.4500000000000006,96.0,96000.0,1.0000000000000002e-10,2.0952235059080924e-22,0.8602709453154704,940233.8196593403,702265100.4614345,3.869281654018649e-10,0.2717261469472992
1.4500000000000006,97.0,97000.0,1.0000000000000002e-10,2.0952235059080924e-22,0.8602709453154704,940233.8196593403,702265100.4614345,3.7121741252047984e-10,0.26069303349672857
1.4500000000000006,98.0,98000.0,1.0000000000000002e-10,2.0952235059080924e-22,0.8602709453154704,940233.8196593403,702265100.4614345,3.5629602202572226e-10,0.2502142617019033
1.4500000000000006,99.0,99000.0,1.0000000000000002e-10,2.0952235059080924e-22,0.8602709453154704,940233.8196593403,702265100.4614345,3.4211687622061314e-10,0.24025674244862102
1.4500000000000006,100.0,100000.0,1.0000000000000002e-10,2.0952235059080924e-22,0.8602709453154704,940233.8196593403,702265100.4614345,3.2863610625118495e-10,0.23078966817174307
1.5000000000000004,1.0,1000.0,1.0000000000000002e-10,2.484697754247311e-22,0.8604082532730148,792852.9724118384,872026495.6810797,0.030841804518787208,26894870.7149989
1.5000000000000004,2.0,2000.0,1.0000000000000002e-10,2.484697754247311e-22,0.8604082532730148,792852.9724118384,872026495.6810797,0.0019276127824242005,1680929.4196874313
1.5000000000000004,3.0,3000.0,1.0000000000000002e-10,2.484697754247311e-22,0.8604082532730148,792852.9724118384,872026495.6810797,0.0003807630187504594,332035.4409259124
1.5000000000000004,4.0,4000.0,1.0000000000000002e-10,2.484697754247311e-22,0.8604082532730148,792852.9724118384,872026495.6810797,0.00012047579890151253,105058.08873046446
1.5000000000000004,5.0,5000.0,1.0000000000000002e-10,2.484697754247311e-22,0.8604082532730148,792852.9724118384,872026495.6810797,4.9346887230059533e-05,43031.79314399824
1.5000000000000004,6.0,6000.0,1.0000000000000002e-10,2.484697754247311e-22,0.8604082532730148,792852.9724118384,872026495.6810797,2.3797688671903713e-05,20752.215057869525
1.5000000000000004,7.0,7000.0,1.0000000000000002e-10,2.484697754247311e-22,0.8604082532730148,792852.9724118384,872026495.6810797,1.284539963298093e-05,11201.528827571388
1.5000000000000004,8.0,8000.0,1.0000000000000002e-10,2.484697754247311e-22,0.8604082532730148,792852.9724118384,872026495.6810797,7.529737431344533e-06,6566.1305456540285
1.5000000000000004,9.0,9000.0,1.0000000000000002e-10,2.484697754247311e-22,0.8604082532730148,792852.9724118384,872026495.6810797,4.700778009264931e-06,4099.20297439398
1.5000000000000004,10.0,10000.0,1.0000000000000002e-10,2.484697754247311e-22,0.8604082532730148,792852.9724118384,872026495.6810797,3.084180451878721e-06,2689.48707149989
1.5000000000000004,11.0,11000.0,1.0000000000000002e-10,2.484697754247311e-22,0.8604082532730148,792852.9724118384,872026495.6810797,2.10653674740709e-06,1836.9558578648246
1.5000000000000004,12.0,12000.0,1.0000000000000002e-10,2.484697754247311e-22,0.8604082532730148,792852.9724118384,872026495.6810797,1.487355541993982e-06,1297.0134411168453
1.5000000000000004,13.0,13000.0,1.0000000000000002e-10,2.484697754247311e-22,0.8604082532730148,792852.9724118384,872026495.6810797,1.0798573060742697e-06,941.6641824515566
1.5000000000000004,14.0,14000.0,1.0000000000000002e-10,2.484697754247311e-22,0.8604082532730148,792852.9724118384,872026495.6810797,8.028374770613081e-07,700.0955517232118
1.5000000000000004,15.0,15000.0,1.0000000000000002e-10,2.484697754247311e-22,0.8604082532730148,792852.9724118384,872026495.6810797,6.092208300007349e-07,531.2567054814597
1.5000000000000004,16.0,16000.0,1.0000000000000002e-10,2.484697754247311e-22,0.8604082532730148,792852.9724118384,872026495.6810797,4.706085894590333e-07,410.3831591033768
1.5000000000000004,17.0,17000.0,1.0000000000000002e-10,2.484697754247311e-22,0.8604082532730148,792852.9724118384,872026495.6810797,3.6927005805470734e-07,322.0132746853953
1.5000000000000004,18.0,18000.0,1.0000000000000002e-10,2.484697754247311e-22,0.8604082532730148,792852.9724118384,872026495.6810797,2.937986255790582e-07,256.20018589962376
1.5000000000000004,19.0,19000.0,1.0000000000000002e-10,2.484697754247311e-22,0.8604082532730148,792852.9724118384,872026495.6810797,2.3666028129608584e-07,206.37403576552433
1.5000000000000004,20.0,20000.0,1.0000000000000002e-10,2.484697754247311e-22,0.8604082532730148,792852.9724118384,872026495.6810797,1.9276127824242005e-07,168.09294196874313
1.5000000000000004,21.0,21000.0,1.0000000000000002e-10,2.484697754247311e-22,0.8604082532730148,792852.9724118384,872026495.6810797,1.5858518065408552e-07,138.29047935273314
1.5000000000000004,22.0,22000.0,1.0000000000000002e-10,2.484697754247311e-22,0.8604082532730148,792852.9724118384,872026495.6810797,1.3165854671294313e-07,114.80974111655154
1.5000000000000004,23.0,23000.0,1.0000000000000002e-10,2.484697754247311e-22,0.8604082532730148,792852.9724118384,872026495.6810797,1.1021188645976537e-07,96.10768513191024
1.5000000000000004,24.0,24000.0,1.0000000000000002e-10,2.484697754247311e-22,0.8604082532730148,792852.9724118384,872026495.6810797,9.295972137462388e-08,81.06334006980283
1.5000000000000004,25.0,25000.0,1.0000000000000002e-10,2.484697754247311e-22,0.8604082532730148,792852.9724118384,872026495.6810797,7.895501956809527e-08,68.85086903039719
1.5000000000000004,26.0,26000.0,1.0000000000000002e-10,2.484697754247311e-22,0.8604082532730148,792852.9724118384,872026495.6810797,6.749108162964186e-08,58.85401140322229
1.5000000000000004,27.0,27000.0,1.0000000000000002e-10,2.484697754247311e-22,0.8604082532730148,792852.9724118384,872026495.6810797,5.803429641067814e-08,50.60744412832072
1.5000000000000004,28.0,28000.0,1.0000000000000002e-10,2.484697754247311e-22,0.8604082532730148,792852.9724118384,872026495.6810797,5.0177342316331756e-08,43.755971982700736
1.5000000000000004,29.0,29000.0,1.0000000000000002e-10,2.484697754247311e-22,0.8604082532730148,792852.9724118384,872026495.6810797,4.36061544404377e-08,38.02572204682284
1.5000000000000004,30.0,30000.0,1.0000000000000002e-10,2.484697754247311e-22,0.8604082532730148,792852.9724118384,872026495.6810797,3.807630187504593e-08,33.20354409259123
1.5000000000000004,31.0,31000.0,1.0000000000000002e-10,2.484697754247311e-22,0.8604082532730148,792852.9724118384,872026495.6810797,3.339588868990224e-08,29.122099784410857
1.5000000000000004,32.0,32000.0,1.0000000000000002e-10,2.484697754247311e-22,0.8604082532730148,792852.9724118384,872026495.6810797,2.9413036841189583e-08,25.64894744396105
1.5000000000000004,33.0,33000.0,1.0000000000000002e-10,2.484697754247311e-22,0.8604082532730148,792852.9724118384,872026495.6810797,2.600662651119865e-08,22.678467381047223
1.5000000000000004,34.0,34000.0,1.0000000000000002e-10,2.484697754247311e-22,0.8604082532730148,792852.9724118384,872026495.6810797,2.307937862841921e-08,20.125829667837206
1.5000000000000004,35.0,35000.0,1.0000000000000002e-10,2.484697754247311e-22,0.8604082532730148,792852.9724118384,872026495.6810797,2.055263941276948e-08,17.922446124114217
1.5000000000000004,36.0,36000.0,1.0000000000000002e-10,2.484697754247311e-22,0.8604082532730148,792852.9724118384,872026495.6810797,1.8362414098691136e-08,16.012511618726485
1.5000000000000004,37.0,37000.0,1.0000000000000002e-10,2.484697754247311e-22,0.8604082532730148,792852.9724118384,872026495.6810797,1.64563260673908e-08,14.350352352332004
1.5000000000000004,38.0,38000.0,1.0000000000000002e-10,2.484697754247311e-22,0.8604082532730148,792852.9724118384,872026495.6810797,1.4791267581005365e-08,12.89837723534527
1.5000000000000004,39.0,39000.0,1.0000000000000002e-10,2.484697754247311e-22,0.8604082532730148,792852.9724118384,872026495.6810797,1.3331571679929249e-08,11.625483733969828
1.5000000000000004,40.0,40000.0,1.0000000000000002e-10,2.484697754247311e-22,0.8604082532730148,792852.9724118384,872026495.6810797,1.2047579890151253e-08,10.505808873046446
1.5000000000000004,41.0,41000.0,1.0000000000000002e-10,2.484697754247311e-22,0.8604082532730148,792852.9724118384,872026495.6810797,1.0914512769759086e-08,9.517744322679413
1.5000000000000004,42.0,42000.0,1.0000000000000002e-10,2.484697754247311e-22,0.8604082532730148,792852.9724118384,872026495.6810797,9.911573790880345e-09,8.643154959545821
1.5000000000000004,43.0,43000.0,1.0000000000000002e-10,2.484697754247311e-22,0.8604082532730148,792852.9724118384,872026495.6810797,9.021234204268457e-09,7.866755249866517
1.5000000000000004,44.0,44000.0,1.0000000000000002e-10,2.484697754247311e-22,0.8604082532730148,792852.9724118384,872026495.6810797,8.228659169558945e-09,7.175608819784471
1.5000000000000004,45.0,45000.0,1.0000000000000002e-10,2.484697754247311e-22,0.8604082532730148,792852.9724118384,872026495.6810797,7.521244814823887e-09,6.558724759030366
1.5000000000000004,46.0,46000.0,1.0000000000000002e-10,2.484697754247311e-22,0.8604082532730148,792852.9724118384,872026495.6810797,6.888242903735336e-09,6.00673032074439
1.5000000000000004,47.0,47000.0,1.0000000000000002e-10,2.484697754247311e-22,0.8604082532730148,792852.9724118384,872026495.6810797,6.320455070482519e-09,5.511604286222583
1.5000000000000004,48.0,48000.0,1.0000000000000002e-10,2.484697754247311e-22,0.8604082532730148,792852.9724118384,872026495.6810797,5.8099825859139925e-09,5.066458754362677
1.5000000000000004,49.0,49000.0,1.0000000000000002e-10,2.484697754247311e-22,0.8604082532730148,792852.9724118384,872026495.6810797,5.350020671795472e-09,4.665359778247142
1.5000000000000004,50.0,50000.0,1.0000000000000002e-10,2.484697754247311e-22,0.8604082532730148,792852.9724118384,872026495.6810797,4.934688723005954e-09,4.3031793143998245
1.5000000000000004,51.0,51000.0,1.0000000000000002e-10,2.484697754247311e-22,0.8604082532730148,792852.9724118384,872026495.6810797,4.5588896056136695e-09,3.975472526980188
1.5000000000000004,52.0,52000.0,1.0000000000000002e-10,2.484697754247311e-22,0.8604082532730148,792852.9724118384,872026495.6810797,4.218192601852616e-09,3.678375712701393
1.5000000000000004,53.0,53000.0,1.0000000000000002e-10,2.484697754247311e-22,0.8604082532730148,792852.9724118384,872026495.6810797,3.908735667545137e-09,3.4085210667130315
1.5000000000000004,54.0,54000.0,1.0000000000000002e-10,2.484697754247311e-22,0.8604082532730148,792852.9724118384,872026495.6810797,3.6271435256673836e-09,3.162965258020045
1.5000000000000004,55.0,55000.0,1.0000000000000002e-10,2.484697754247311e-22,0.8604082532730148,792852.9724118384,872026495.6810797,3.3704587958513447e-09,2.9391293725837198
1.5000000000000004,56.0,56000.0,1.0000000000000002e-10,2.484697754247311e-22,0.8604082532730148,792852.9724118384,872026495.6810797,3.1360838947707348e-09,2.734748248918796
1.5000000000000004,57.0,57000.0,1.0000000000000002e-10,2.484697754247311e-22,0.8604082532730148,792852.9724118384,872026495.6810797,2.9217318678529115e-09,2.54782760204351
1.5000000000000004,58.0,58000.0,1.0000000000000002e-10,2.484697754247311e-22,0.8604082532730148,792852.9724118384,872026495.6810797,2.7253846525273563e-09,2.3766076279264277
1.5000000000000004,59.0,59000.0,1.0000000000000002e-10,2.484697754247311e-22,0.8604082532730148,792852.9724118384,872026495.6810797,2.5452575456642087e-09,2.219532018151386
1.5000000000000004,60.0,60000.0,1.0000000000000002e-10,2.484697754247311e-22,0.8604082532730148,792852.9724118384,872026495.6810797,2.3797688671903707e-09,2.075221505786952
1.5000000000000004,61.0,61000.0,1.0000000000000002e-10,2.484697754247311e-22,0.8604082532730148,792852.9724118384,872026495.6810797,2.227513989131263e-09,1.9424512180227183
1.5000000000000004,62.0,62000.0,1.0000000000000002e-10,2.484697754247311e-22,0.8604082532730148,792852.9724118384,872026495.6810797,2.08724304311889e-09,1.8201312365256785
1.5000000000000004,63.0,63000.0,1.0000000000000002e-10,2.484697754247311e-22,0.8604082532730148,792852.9724118384,872026495.6810797,1.9578417364701914e-09,1.707289868552261
1.5000000000000004,64.0,64000.0,1.0000000000000002e-10,2.484697754247311e-22,0.8604082532730148,792852.9724118384,872026495.6810797,1.838314802574349e-09,1.6030592152475656
1.5000000000000004,65.0,65000.0,1.0000000000000002e-10,2.484697754247311e-22,0.8604082532730148,792852.9724118384,872026495.6810797,1.7277716897188314e-09,1.5066626919224904
1.5000000000000004,66.0,66000.0,1.0000000000000002e-10,2.484697754247311e-22,0.8604082532730148,792852.9724118384,872026495.6810797,1.6254141569499156e-09,1.4174042113154515
1.5000000000000004,67.0,67000.0,1.0000000000000002e-10,2.484697754247311e-22,0.8604082532730148,792852.9724118384,872026495.6810797,1.5305254987445711e-09,1.3346587872207651
1.5000000000000004,68.0,68000.0,1.0000000000000002e-10,2.484697754247311e-22,0.8604082532730148,792852.9724118384,872026495.6810797,1.4424611642762005e-09,1.2578643542398253
1.5000000000000004,69.0,69000.0,1.0000000000000002e-10,2.484697754247311e-22,0.8604082532730148,792852.9724118384,872026495.6810797,1.3606405735773508e-09,1.1865146312581516
1.5000000000000004,70.0,70000.0,1.0000000000000002e-10,2.484697754247311e-22,0.8604082532730148,792852.9724118384,872026495.6810797,1.2845399632980926e-09,1.1201528827571385
1.5000000000000004,71.0,71000.0,1.0000000000000002e-10,2.484697754247311e-22,0.8604082532730148,792852.9724118384,872026495.6810797,1.2136861201266935e-09,1.0583664541908466
1.5000000000000004,72.0,72000.0,1.0000000000000002e-10,2.484697754247311e-22,0.8604082532730148,792852.9724118384,872026495.6810797,1.147650881168196e-09,1.0007819761704053
1.5000000000000004,73.0,73000.0,1.0000000000000002e-10,2.484697754247311e-22,0.8604082532730148,792852.9724118384,872026495.6810797,1.0860462983882417e-09,0.9470611477309068
1.5000000000000004,74.0,74000.0,1.0000000000000002e-10,2.484697754247311e-22,0.8604082532730148,792852.9724118384,872026495.6810797,1.028520379211925e-09,0.8968970220207503
1.5000000000000004,75.0,75000.0,1.0000000000000002e-10,2.484697754247311e-22,0.8604082532730148,792852.9724118384,872026495.6810797,9.74753328001176e-10,0.8500107287703357
1.5000000000000004,76.0,76000.0,1.0000000000000002e-10,2.484697754247311e-22,0.8604082532730148,792852.9724118384,872026495.6810797,9.244542238128353e-10,0.8061485772090794
1.5000000000000004,77.0,77000.0,1.0000000000000002e-10,2.484697754247311e-22,0.8604082532730148,792852.9724118384,872026495.6810797,8.773580788867511e-10,0.7650794909890979
1.5000000000000004,78.0,78000.0,1.0000000000000002e-10,2.484697754247311e-22,0.8604082532730148,792852.9724118384,872026495.6810797,8.332232299955781e-10,0.7265927333731143
1.5000000000000004,79.0,79000.0,1.0000000000000002e-10,2.484697754247311e-22,0.8604082532730148,792852.9724118384,872026495.6810797,7.918290213257122e-10,0.6904958866452398
1.5000000000000004,80.0,80000.0,1.0000000000000002e-10,2.484697754247311e-22,0.8604082532730148,792852.9724118384,872026495.6810797,7.529737431344533e-10,0.6566130545654029
1.5000000000000004,81.0,81000.0,1.0000000000000002e-10,2.484697754247311e-22,0.8604082532730148,792852.9724118384,872026495.6810797,7.164727951935573e-10,0.6247832608434657
1.5000000000000004,82.0,82000.0,1.0000000000000002e-10,2.484697754247311e-22,0.8604082532730148,792852.9724118384,872026495.6810797,6.821570481099429e-10,0.5948590201674633
1.5000000000000004,83.0,83000.0,1.0000000000000002e-10,2.484697754247311e-22,0.8604082532730148,792852.9724118384,872026495.6810797,6.498713791157341e-10,0.566705061373724
1.5000000000000004,84.0,84000.0,1.0000000000000002e-10,2.484697754247311e-22,0.8604082532730148,792852.9724118384,872026495.6810797,6.194733619300216e-10,0.5401971849716138
1.5000000000000004,85.0,85000.0,1.0000000000000002e-10,2.484697754247311e-22,0.8604082532730148,792852.9724118384,872026495.6810797,5.908320928875317e-10,0.5152212394966325
1.5000000000000004,86.0,86000.0,1.0000000000000002e-10,2.484697754247311e-22,0.8604082532730148,792852.9724118384,872026495.6810797,5.638271377667786e-10,0.4916722031166573
1.5000000000000004,87.0,87000.0,1.0000000000000002e-10,2.484697754247311e-22,0.8604082532730148,792852.9724118384,872026495.6810797,5.383475856844159e-10,0.46945335860275095
1.5000000000000004,88.0,88000.0,1.0000000000000002e-10,2.484697754247311e-22,0.8604082532730148,792852.9724118384,872026495.6810797,5.142911980974341e-10,0.44847555123652943
1.5000000000000004,89.0,89000.0,1.0000000000000002e-10,2.484697754247311e-22,0.8604082532730148,792852.9724118384,872026495.6810797,4.915636424077872e-10,0.42865652049309005
1.5000000000000004,90.0,90000.0,1.0000000000000002e-10,2.484697754247311e-22,0.8604082532730148,792852.9724118384,872026495.6810797,4.70077800926493e-10,0.4099202974393979
1.5000000000000004,91.0,91000.0,1.0000000000000002e-10,2.484697754247311e-22,0.8604082532730148,792852.9724118384,872026495.6810797,4.4975314705300683e-10,0.3921966607461709
1.5000000000000004,92.0,92000.0,1.0000000000000002e-10,2.484697754247311e-22,0.8604082532730148,792852.9724118384,872026495.6810797,4.305151814834585e-10,0.3754206450465244
1.5000000000000004,93.0,93000.0,1.0000000000000002e-10,2.484697754247311e-22,0.8604082532730148,792852.9724118384,872026495.6810797,4.122949220975586e-10,0.3595320961038378
1.5000000000000004,94.0,94000.0,1.0000000000000002e-10,2.484697754247311e-22,0.8604082532730148,792852.9724118384,872026495.6810797,3.9502844190515743e-10,0.3444752678889114
1.5000000000000004,95.0,95000.0,1.0000000000000002e-10,2.484697754247311e-22,0.8604082532730148,792852.9724118384,872026495.6810797,3.7865645007373733e-10,0.33019845722483887
1.5000000000000004,96.0,96000.0,1.0000000000000002e-10,2.484697754247311e-22,0.8604082532730148,792852.9724118384,872026495.6810797,3.6312391161962453e-10,0.3166536721476673
1.5000000000000004,97.0,97000.0,1.0000000000000002e-10,2.484697754247311e-22,0.8604082532730148,792852.9724118384,872026495.6810797,3.483797018388436e-10,0.3037963305609462
1.5000000000000004,98.0,98000.0,1.0000000000000002e-10,2.484697754247311e-22,0.8604082532730148,792852.9724118384,872026495.6810797,3.34376291987217e-10,0.29158498614044637
1.5000000000000004,99.0,99000.0,1.0000000000000002e-10,2.484697754247311e-22,0.8604082532730148,792852.9724118384,872026495.6810797,3.210694631012178e-10,0.2799810787783607
1.5000000000000004,100.0,100000.0,1.0000000000000002e-10,2.484697754247311e-22,0.8604082532730148,792852.9724118384,872026495.6810797,3.0841804518787214e-10,0.26894870714998903
1.5500000000000005,1.0,1000.0,1.0000000000000002e-10,2.9305081863546033e-22,0.8605583486600719,672238.3541438167,1076150073.2340488,0.028819998412455916,31014643.402169604
1.5500000000000005,2.0,2000.0,1.0000000000000002e-10,2.9305081863546033e-22,0.8605583486600719,672238.3541438167,1076150073.2340488,0.0018012499007784948,1938415.2126356002
1.5500000000000005,3.0,3000.0,1.0000000000000002e-10,2.9305081863546033e-22,0.8605583486600719,672238.3541438167,1076150073.2340488,0.00035580244953649283,382896.8321255507
1.5500000000000005,4.0,4000.0,1.0000000000000002e-10,2.9305081863546033e-22,0.8605583486600719,672238.3541438167,1076150073.2340488,0.00011257811879865592,121150.95078972502
1.5500000000000005,5.0,5000.0,1.0000000000000002e-10,2.9305081863546033e-22,0.8605583486600719,672238.3541438167,1076150073.2340488,4.6111997459929465e-05,49623.42944347137
1.5500000000000005,6.0,6000.0,1.0000000000000002e-10,2.9305081863546033e-22,0.8605583486600719,672238.3541438167,1076150073.2340488,2.2237653096030802e-05,23931.05200784692
1.5500000000000005,7.0,7000.0,1.0000000000000002e-10,2.9305081863546033e-22,0.8605583486600719,672238.3541438167,1076150073.2340488,1.2003331283821707e-05,12917.38584013728
1.5500000000000005,8.0,8000.0,1.0000000000000002e-10,2.9305081863546033e-22,0.8605583486600719,672238.3541438167,1076150073.2340488,7.036132424915995e-06,7571.934424357813
1.5500000000000005,9.0,9000.0,1.0000000000000002e-10,2.9305081863546033e-22,0.8605583486600719,672238.3541438167,1076150073.2340488,4.392622833783862e-06,4727.121384266058
1.5500000000000005,10.0,10000.0,1.0000000000000002e-10,2.9305081863546033e-22,0.8605583486600719,672238.3541438167,1076150073.2340488,2.8819998412455915e-06,3101.4643402169604
1.5500000000000005,11.0,11000.0,1.0000000000000002e-10,2.9305081863546033e-22,0.8605583486600719,672238.3541438167,1076150073.2340488,1.9684446699307365e-06,2118.3418757031354
1.5500000000000005,12.0,12000.0,1.0000000000000002e-10,2.9305081863546033e-22,0.8605583486600719,672238.3541438167,1076150073.2340488,1.3898533185019251e-06,1495.6907504904325
1.5500000000000005,13.0,13000.0,1.0000000000000002e-10,2.9305081863546033e-22,0.8605583486600719,672238.3541438167,1076150073.2340488,1.0090682543487947e-06,1085.9088758156092
1.5500000000000005,14.0,14000.0,1.0000000000000002e-10,2.9305081863546033e-22,0.8605583486600719,672238.3541438167,1076150073.2340488,7.502082052388567e-07,807.33661500858
1.5500000000000005,15.0,15000.0,1.0000000000000002e-10,2.9305081863546033e-22,0.8605583486600719,672238.3541438167,1076150073.2340488,5.692839192583884e-07,612.634931400881
1.5500000000000005,16.0,16000.0,1.0000000000000002e-10,2.9305081863546033e-22,0.8605583486600719,672238.3541438167,1076150073.2340488,4.397582765572497e-07,473.24590152236334
1.5500000000000005,17.0,17000.0,1.0000000000000002e-10,2.9305081863546033e-22,0.8605583486600719,672238.3541438167,1076150073.2340488,3.450628993002469e-07,371.33946435231394
1.5500000000000005,18.0,18000.0,1.0000000000000002e-10,2.9305081863546033e-22,0.8605583486600719,672238.3541438167,1076150073.2340488,2.745389271114914e-07,295.44508651662863
1.5500000000000005,19.0,19000.0,1.0000000000000002e-10,2.9305081863546033e-22,0.8605583486600719,672238.3541438167,1076150073.2340488,2.2114623439396497e-07,237.98653633849952
1.5500000000000005,20.0,20000.0,1.0000000000000002e-10,2.9305081863546033e-22,0.8605583486600719,672238.3541438167,1076150073.2340488,1.8012499007784947e-07,193.84152126356003
1.5500000000000005,21.0,21000.0,1.0000000000000002e-10,2.9305081863546033e-22,0.8605583486600719,672238.3541438167,1076150073.2340488,1.4818927510890993e-07,159.47389926095403
1.5500000000000005,22.0,22000.0,1.0000000000000002e-10,2.9305081863546033e-22,0.8605583486600719,672238.3541438167,1076150073.2340488,1.2302779187067103e-07,132.39636723144596
1.5500000000000005,23.0,23000.0,1.0000000000000002e-10,2.9305081863546033e-22,0.8605583486600719,672238.3541438167,1076150073.2340488,1.0298704768942332e-07,110.8295189131314
1.5500000000000005,24.0,24000.0,1.0000000000000002e-10,2.9305081863546033e-22,0.8605583486600719,672238.3541438167,1076150073.2340488,8.686583240637032e-08,93.48067190565203
1.5500000000000005,25.0,25000.0,1.0000000000000002e-10,2.9305081863546033e-22,0.8605583486600719,672238.3541438167,1076150073.2340488,7.377919593588716e-08,79.3974871095542
1.5500000000000005,26.0,26000.0,1.0000000000000002e-10,2.9305081863546033e-22,0.8605583486600719,672238.3541438167,1076150073.2340488,6.306676589679967e-08,67.86930473847558
1.5500000000000005,27.0,27000.0,1.0000000000000002e-10,2.9305081863546033e-22,0.8605583486600719,672238.3541438167,1076150073.2340488,5.422991152819581e-08,58.35952326254391
1.5500000000000005,28.0,28000.0,1.0000000000000002e-10,2.9305081863546033e-22,0.8605583486600719,672238.3541438167,1076150073.2340488,4.688801282742854e-08,50.45853843803625
1.5500000000000005,29.0,29000.0,1.0000000000000002e-10,2.9305081863546033e-22,0.8605583486600719,672238.3541438167,1076150073.2340488,4.074759312416977e-08,43.85052532468652
1.5500000000000005,30.0,30000.0,1.0000000000000002e-10,2.9305081863546033e-22,0.8605583486600719,672238.3541438167,1076150073.2340488,3.558024495364927e-08,38.28968321255506
1.5500000000000005,31.0,31000.0,1.0000000000000002e-10,2.9305081863546033e-22,0.8605583486600719,672238.3541438167,1076150073.2340488,3.120665194668655e-08,33.58304077781621
1.5500000000000005,32.0,32000.0,1.0000000000000002e-10,2.9305081863546033e-22,0.8605583486600719,672238.3541438167,1076150073.2340488,2.7484892284828106e-08,29.57786884514771
1.5500000000000005,33.0,33000.0,1.0000000000000002e-10,2.9305081863546033e-22,0.8605583486600719,672238.3541438167,1076150073.2340488,2.430178604852762e-08,26.152368835841184
1.5500000000000005,34.0,34000.0,1.0000000000000002e-10,2.9305081863546033e-22,0.8605583486600719,672238.3541438167,1076150073.2340488,2.156643120626543e-08,23.20871652201962
1.5500000000000005,35.0,35000.0,1.0000000000000002e-10,2.9305081863546033e-22,0.8605583486600719,672238.3541438167,1076150073.2340488,1.9205330054114726e-08,20.667817344219642
1.5500000000000005,36.0,36000.0,1.0000000000000002e-10,2.9305081863546033e-22,0.8605583486600719,672238.3541438167,1076150073.2340488,1.7158682944468212e-08,18.46531790728929
1.5500000000000005,37.0,37000.0,1.0000000000000002e-10,2.9305081863546033e-22,0.8605583486600719,672238.3541438167,1076150073.2340488,1.5377546759566507e-08,16.548548071467508
1.5500000000000005,38.0,38000.0,1.0000000000000002e-10,2.9305081863546033e-22,0.8605583486600719,672238.3541438167,1076150073.2340488,1.382163964962281e-08,14.87415852115622
1.5500000000000005,39.0,39000.0,1.0000000000000002e-10,2.9305081863546033e-22,0.8605583486600719,672238.3541438167,1076150073.2340488,1.2457632769738198e-08,13.406282417476648
1.5500000000000005,40.0,40000.0,1.0000000000000002e-10,2.9305081863546033e-22,0.8605583486600719,672238.3541438167,1076150073.2340488,1.1257811879865592e-08,12.115095078972502
1.5500000000000005,41.0,41000.0,1.0000000000000002e-10,2.9305081863546033e-22,0.8605583486600719,672238.3541438167,1076150073.2340488,1.0199021931598572e-08,10.975678198605474
1.5500000000000005,42.0,42000.0,1.0000000000000002e-10,2.9305081863546033e-22,0.8605583486600719,672238.3541438167,1076150073.2340488,9.26182969430687e-09,9.967118703809627
1.5500000000000005,43.0,43000.0,1.0000000000000002e-10,2.9305081863546033e-22,0.8605583486600719,672238.3541438167,1076150073.2340488,8.429855499766122e-09,9.07178961342576
1.5500000000000005,44.0,44000.0,1.0000000000000002e-10,2.9305081863546033e-22,0.8605583486600719,672238.3541438167,1076150073.2340488,7.68923699191694e-09,8.274772951965373
1.5500000000000005,45.0,45000.0,1.0000000000000002e-10,2.9305081863546033e-22,0.8605583486600719,672238.3541438167,1076150073.2340488,7.028196534054177e-09,7.563394214825691
1.5500000000000005,46.0,46000.0,1.0000000000000002e-10,2.9305081863546033e-22,0.8605583486600719,672238.3541438167,1076150073.2340488,6.436690480588958e-09,6.926844932070712
1.5500000000000005,47.0,47000.0,1.0000000000000002e-10,2.9305081863546033e-22,0.8605583486600719,672238.3541438167,1076150073.2340488,5.9061234561144295e-09,6.355875189826877
1.5500000000000005,48.0,48000.0,1.0000000000000002e-10,2.9305081863546033e-22,0.8605583486600719,672238.3541438167,1076150073.2340488,5.429114525398145e-09,5.842541994103252
1.5500000000000005,49.0,49000.0,1.0000000000000002e-10,2.9305081863546033e-22,0.8605583486600719,672238.3541438167,1076150073.2340488,4.999304991179386e-09,5.380002432377043
1.5500000000000005,50.0,50000.0,1.0000000000000002e-10,2.9305081863546033e-22,0.8605583486600719,672238.3541438167,1076150073.2340488,4.6111997459929476e-09,4.962342944347138
1.5500000000000005,51.0,51000.0,1.0000000000000002e-10,2.9305081863546033e-22,0.8605583486600719,672238.3541438167,1076150073.2340488,4.2600357938302075e-09,4.584437831510047
1.5500000000000005,52.0,52000.0,1.0000000000000002e-10,2.9305081863546033e-22,0.8605583486600719,672238.3541438167,1076150073.2340488,3.941672868549979e-09,4.241831546154724
1.5500000000000005,53.0,53000.0,1.0000000000000002e-10,2.9305081863546033e-22,0.8605583486600719,672238.3541438167,1076150073.2340488,3.6525020987257843e-09,3.93064040103127
1.5500000000000005,54.0,54000.0,1.0000000000000002e-10,2.9305081863546033e-22,0.8605583486600719,672238.3541438167,1076150073.2340488,3.389369470512238e-09,3.6474702039089943
1.5500000000000005,55.0,55000.0,1.0000000000000002e-10,2.9305081863546033e-22,0.8605583486600719,672238.3541438167,1076150073.2340488,3.149511471889179e-09,3.3893470011250173
1.5500000000000005,56.0,56000.0,1.0000000000000002e-10,2.9305081863546033e-22,0.8605583486600719,672238.3541438167,1076150073.2340488,2.930500801714284e-09,3.1536586523772656
1.5500000000000005,57.0,57000.0,1.0000000000000002e-10,2.9305081863546033e-22,0.8605583486600719,672238.3541438167,1076150073.2340488,2.7302004246168517e-09,2.938105386895056
1.5500000000000005,58.0,58000.0,1.0000000000000002e-10,2.9305081863546033e-22,0.8605583486600719,672238.3541438167,1076150073.2340488,2.5467245702606107e-09,2.7406578327929076
1.5500000000000005,59.0,59000.0,1.0000000000000002e-10,2.9305081863546033e-22,0.8605583486600719,672238.3541438167,1076150073.2340488,2.378405530086618e-09,2.5595212853829805
1.5500000000000005,60.0,60000.0,1.0000000000000002e-10,2.9305081863546033e-22,0.8605583486600719,672238.3541438167,1076150073.2340488,2.2237653096030795e-09,2.3931052007846914
1.5500000000000005,61.0,61000.0,1.0000000000000002e-10,2.9305081863546033e-22,0.8605583486600719,672238.3541438167,1076150073.2340488,2.0814913599293756e-09,2.2399970794240374
1.5500000000000005,62.0,62000.0,1.0000000000000002e-10,2.9305081863546033e-22,0.8605583486600719,672238.3541438167,1076150073.2340488,1.9504157466679096e-09,2.098940048613513
1.5500000000000005,63.0,63000.0,1.0000000000000002e-10,2.9305081863546033e-22,0.8605583486600719,672238.3541438167,1076150073.2340488,1.8294972235667891e-09,1.9688135711228891
1.5500000000000005,64.0,64000.0,1.0000000000000002e-10,2.9305081863546033e-22,0.8605583486600719,672238.3541438167,1076150073.2340488,1.7178057678017566e-09,1.8486168028217318
1.5500000000000005,65.0,65000.0,1.0000000000000002e-10,2.9305081863546033e-22,0.8605583486600719,672238.3541438167,1076150073.2340488,1.6145092069580713e-09,1.7374542013049745
1.5500000000000005,66.0,66000.0,1.0000000000000002e-10,2.9305081863546033e-22,0.8605583486600719,672238.3541438167,1076150073.2340488,1.5188616280329762e-09,1.634523052240074
1.5500000000000005,67.0,67000.0,1.0000000000000002e-10,2.9305081863546033e-22,0.8605583486600719,672238.3541438167,1076150073.2340488,1.430193308474298e-09,1.5391026336534626
1.5500000000000005,68.0,68000.0,1.0000000000000002e-10,2.9305081863546033e-22,0.8605583486600719,672238.3541438167,1076150073.2340488,1.3479019503915894e-09,1.4505447826262263
1.5500000000000005,69.0,69000.0,1.0000000000000002e-10,2.9305081863546033e-22,0.8605583486600719,672238.3541438167,1076150073.2340488,1.2714450332027575e-09,1.3682656655942151
1.5500000000000005,70.0,70000.0,1.0000000000000002e-10,2.9305081863546033e-22,0.8605583486600719,672238.3541438167,1076150073.2340488,1.2003331283821704e-09,1.2917385840137277
1.5500000000000005,71.0,71000.0,1.0000000000000002e-10,2.9305081863546033e-22,0.8605583486600719,672238.3541438167,1076150073.2340488,1.1341240436811686e-09,1.2204876726639853
1.5500000000000005,72.0,72000.0,1.0000000000000002e-10,2.9305081863546033e-22,0.8605583486600719,672238.3541438167,1076150073.2340488,1.0724176840292633e-09,1.1540823692055806
1.5500000000000005,73.0,73000.0,1.0000000000000002e-10,2.9305081863546033e-22,0.8605583486600719,672238.3541438167,1076150073.2340488,1.0148515329683943e-09,1.0921325515256244
1.5500000000000005,74.0,74000.0,1.0000000000000002e-10,2.9305081863546033e-22,0.8605583486600719,672238.3541438167,1076150073.2340488,9.610966724729067e-10,1.0342842544667192
1.5500000000000005,75.0,75000.0,1.0000000000000002e-10,2.9305081863546033e-22,0.8605583486600719,672238.3541438167,1076150073.2340488,9.108542708134215e-10,0.9802158902414098
1.5500000000000005,76.0,76000.0,1.0000000000000002e-10,2.9305081863546033e-22,0.8605583486600719,672238.3541438167,1076150073.2340488,8.638524781014256e-10,0.9296349075722637
1.5500000000000005,77.0,77000.0,1.0000000000000002e-10,2.9305081863546033e-22,0.8605583486600719,672238.3541438167,1076150073.2340488,8.198436776054709e-10,0.8822748336955994
1.5500000000000005,78.0,78000.0,1.0000000000000002e-10,2.9305081863546033e-22,0.8605583486600719,672238.3541438167,1076150073.2340488,7.786020481086374e-10,0.8378926510922905
1.5500000000000005,79.0,79000.0,1.0000000000000002e-10,2.9305081863546033e-22,0.8605583486600719,672238.3541438167,1076150073.2340488,7.399213986860752e-10,0.7962664673834596
1.5500000000000005,80.0,80000.0,1.0000000000000002e-10,2.9305081863546033e-22,0.8605583486600719,672238.3541438167,1076150073.2340488,7.036132424915995e-10,0.7571934424357813
1.5500000000000005,81.0,81000.0,1.0000000000000002e-10,2.9305081863546033e-22,0.8605583486600719,672238.3541438167,1076150073.2340488,6.695050805950099e-10,0.7204879415128878
1.5500000000000005,82.0,82000.0,1.0000000000000002e-10,2.9305081863546033e-22,0.8605583486600719,672238.3541438167,1076150073.2340488,6.374388707249107e-10,0.6859798874128421
1.5500000000000005,83.0,83000.0,1.0000000000000002e-10,2.9305081863546033e-22,0.8605583486600719,672238.3541438167,1076150073.2340488,6.072696590436884e-10,0.6535132880526812
1.5500000000000005,84.0,84000.0,1.0000000000000002e-10,2.9305081863546033e-22,0.8605583486600719,672238.3541438167,1076150073.2340488,5.788643558941794e-10,0.6229449189881017
1.5500000000000005,85.0,85000.0,1.0000000000000002e-10,2.9305081863546033e-22,0.8605583486600719,672238.3541438167,1076150073.2340488,5.52100638880395e-10,0.5941431429637022
1.5500000000000005,86.0,86000.0,1.0000000000000002e-10,2.9305081863546033e-22,0.8605583486600719,672238.3541438167,1076150073.2340488,5.268659687353826e-10,0.56698685083911
1.5500000000000005,87.0,87000.0,1.0000000000000002e-10,2.9305081863546033e-22,0.8605583486600719,672238.3541438167,1076150073.2340488,5.030567052366637e-10,0.541364510181315
1.5500000000000005,88.0,88000.0,1.0000000000000002e-10,2.9305081863546033e-22,0.8605583486600719,672238.3541438167,1076150073.2340488,4.805773119948087e-10,0.5171733094978358
1.5500000000000005,89.0,89000.0,1.0000000000000002e-10,2.9305081863546033e-22,0.8605583486600719,672238.3541438167,1076150073.2340488,4.593396402984062e-10,0.4943183875464315
1.5500000000000005,90.0,90000.0,1.0000000000000002e-10,2.9305081863546033e-22,0.8605583486600719,672238.3541438167,1076150073.2340488,4.3926228337838606e-10,0.4727121384266057
1.5500000000000005,91.0,91000.0,1.0000000000000002e-10,2.9305081863546033e-22,0.8605583486600719,672238.3541438167,1076150073.2340488,4.2026999348138037e-10,0.4522735842630607
1.5500000000000005,92.0,92000.0,1.0000000000000002e-10,2.9305081863546033e-22,0.8605583486600719,672238.3541438167,1076150073.2340488,4.0229315503680985e-10,0.4329278082544195
1.5500000000000005,93.0,93000.0,1.0000000000000002e-10,2.9305081863546033e-22,0.8605583486600719,672238.3541438167,1076150073.2340488,3.852673079837847e-10,0.41460544170143476
1.5500000000000005,94.0,94000.0,1.0000000000000002e-10,2.9305081863546033e-22,0.8605583486600719,672238.3541438167,1076150073.2340488,3.6913271600715184e-10,0.3972421993641798
1.5500000000000005,95.0,95000.0,1.0000000000000002e-10,2.9305081863546033e-22,0.8605583486600719,672238.3541438167,1076150073.2340488,3.5383397503034397e-10,0.3807784581415993
1.5500000000000005,96.0,96000.0,1.0000000000000002e-10,2.9305081863546033e-22,0.8605583486600719,672238.3541438167,1076150073.2340488,3.3931965783738407e-10,0.36515887463145325
1.5500000000000005,97.0,97000.0,1.0000000000000002e-10,2.9305081863546033e-22,0.8605583486600719,672238.3541438167,1076150073.2340488,3.255419911572072e-10,0.3503320376245866
1.5500000000000005,98.0,98000.0,1.0000000000000002e-10,2.9305081863546033e-22,0.8605583486600719,672238.3541438167,1076150073.2340488,3.1245656194871164e-10,0.3362501520235652
1.5500000000000005,99.0,99000.0,1.0000000000000002e-10,2.9305081863546033e-22,0.8605583486600719,672238.3541438167,1076150073.2340488,3.000220499818224e-10,0.32286875105976764
1.5500000000000005,100.0,100000.0,1.0000000000000002e-10,2.9305081863546033e-22,0.8605583486600719,672238.3541438167,1076150073.2340488,2.881999841245592e-10,0.3101464340216961
1.6000000000000005,1.0,1000.0,1.0000000000000002e-10,3.438938214783889e-22,0.8607316400180637,572851.2340032835,1320591768.2089822,0.026787270777370104,35375049.28137998
1.6000000000000005,2.0,2000.0,1.0000000000000002e-10,3.438938214783889e-22,0.8607316400180637,572851.2340032835,1320591768.2089822,0.0016742044235856315,2210940.580086249
1.6000000000000005,3.0,3000.0,1.0000000000000002e-10,3.438938214783889e-22,0.8607316400180637,572851.2340032835,1320591768.2089822,0.00033070704663419885,436729.00347382703
1.6000000000000005,4.0,4000.0,1.0000000000000002e-10,3.438938214783889e-22,0.8607316400180637,572851.2340032835,1320591768.2089822,0.00010463777647410197,138183.78625539056
1.6000000000000005,5.0,5000.0,1.0000000000000002e-10,3.438938214783889e-22,0.8607316400180637,572851.2340032835,1320591768.2089822,4.2859633243792165e-05,56600.078850207974
1.6000000000000005,6.0,6000.0,1.0000000000000002e-10,3.438938214783889e-22,0.8607316400180637,572851.2340032835,1320591768.2089822,2.0669190414637428e-05,27295.56271711419
1.6000000000000005,7.0,7000.0,1.0000000000000002e-10,3.438938214783889e-22,0.8607316400180637,572851.2340032835,1320591768.2089822,1.1156714192990465e-05,14733.464923523527
1.6000000000000005,8.0,8000.0,1.0000000000000002e-10,3.438938214783889e-22,0.8607316400180637,572851.2340032835,1320591768.2089822,6.539861029631373e-06,8636.48664096191
1.6000000000000005,9.0,9000.0,1.0000000000000002e-10,3.438938214783889e-22,0.8607316400180637,572851.2340032835,1320591768.2089822,4.0828030448666525e-06,5391.716092269469
1.6000000000000005,10.0,10000.0,1.0000000000000002e-10,3.438938214783889e-22,0.8607316400180637,572851.2340032835,1320591768.2089822,2.6787270777370103e-06,3537.5049281379984
1.6000000000000005,11.0,11000.0,1.0000000000000002e-10,3.438938214783889e-22,0.8607316400180637,572851.2340032835,1320591768.2089822,1.8296066373451336e-06,2416.1634643385
1.6000000000000005,12.0,12000.0,1.0000000000000002e-10,3.438938214783889e-22,0.8607316400180637,572851.2340032835,1320591768.2089822,1.2918244009148393e-06,1705.9726698196368
1.6000000000000005,13.0,13000.0,1.0000000000000002e-10,3.438938214783889e-22,0.8607316400180637,572851.2340032835,1320591768.2089822,9.378968095434372e-07,1238.5788061125309
1.6000000000000005,14.0,14000.0,1.0000000000000002e-10,3.438938214783889e-22,0.8607316400180637,572851.2340032835,1320591768.2089822,6.97294637061904e-07,920.8415577202204
1.6000000000000005,15.0,15000.0,1.0000000000000002e-10,3.438938214783889e-22,0.8607316400180637,572851.2340032835,1320591768.2089822,5.29131274614718e-07,698.766405558123
1.6000000000000005,16.0,16000.0,1.0000000000000002e-10,3.438938214783889e-22,0.8607316400180637,572851.2340032835,1320591768.2089822,4.087413143519608e-07,539.7804150601194
1.6000000000000005,17.0,17000.0,1.0000000000000002e-10,3.438938214783889e-22,0.8607316400180637,572851.2340032835,1320591768.2089822,3.2072497668095575e-07,423.54676406388796
1.6000000000000005,18.0,18000.0,1.0000000000000002e-10,3.438938214783889e-22,0.8607316400180637,572851.2340032835,1320591768.2089822,2.551751903041658e-07,336.98225576684183
1.6000000000000005,19.0,19000.0,1.0000000000000002e-10,3.438938214783889e-22,0.8607316400180637,572851.2340032835,1320591768.2089822,2.055483826656494e-07,271.4455021169265
1.6000000000000005,20.0,20000.0,1.0000000000000002e-10,3.438938214783889e-22,0.8607316400180637,572851.2340032835,1320591768.2089822,1.6742044235856314e-07,221.0940580086249
1.6000000000000005,21.0,21000.0,1.0000000000000002e-10,3.438938214783889e-22,0.8607316400180637,572851.2340032835,1320591768.2089822,1.377372122591415e-07,181.8946286854756
1.6000000000000005,22.0,22000.0,1.0000000000000002e-10,3.438938214783889e-22,0.8607316400180637,572851.2340032835,1320591768.2089822,1.1435041483407085e-07,151.01021652115625
1.6000000000000005,23.0,23000.0,1.0000000000000002e-10,3.438938214783889e-22,0.8607316400180637,572851.2340032835,1320591768.2089822,9.57231812971298e-08,126.41124524776562
1.6000000000000005,24.0,24000.0,1.0000000000000002e-10,3.438938214783889e-22,0.8607316400180637,572851.2340032835,1320591768.2089822,8.073902505717745e-08,106.6232918637273
1.6000000000000005,25.0,25000.0,1.0000000000000002e-10,3.438938214783889e-22,0.8607316400180637,572851.2340032835,1320591768.2089822,6.857541319006748e-08,90.56012616033277
1.6000000000000005,26.0,26000.0,1.0000000000000002e-10,3.438938214783889e-22,0.8607316400180637,572851.2340032835,1320591768.2089822,5.8618550596464825e-08,77.41117538203318
1.6000000000000005,27.0,27000.0,1.0000000000000002e-10,3.438938214783889e-22,0.8607316400180637,572851.2340032835,1320591768.2089822,5.040497586255124e-08,66.56439620085762
1.6000000000000005,28.0,28000.0,1.0000000000000002e-10,3.438938214783889e-22,0.8607316400180637,572851.2340032835,1320591768.2089822,4.3580914816369e-08,57.552597357513775
1.6000000000000005,29.0,29000.0,1.0000000000000002e-10,3.438938214783889e-22,0.8607316400180637,572851.2340032835,1320591768.2089822,3.787359023834955e-08,50.015551501284484
1.6000000000000005,30.0,30000.0,1.0000000000000002e-10,3.438938214783889e-22,0.8607316400180637,572851.2340032835,1320591768.2089822,3.307070466341987e-08,43.67290034738269
1.6000000000000005,31.0,31000.0,1.0000000000000002e-10,3.438938214783889e-22,0.8607316400180637,572851.2340032835,1320591768.2089822,2.9005589236595704e-08,38.304542377899345
1.6000000000000005,32.0,32000.0,1.0000000000000002e-10,3.438938214783889e-22,0.8607316400180637,572851.2340032835,1320591768.2089822,2.554633214699755e-08,33.73627594125746
1.6000000000000005,33.0,33000.0,1.0000000000000002e-10,3.438938214783889e-22,0.8607316400180637,572851.2340032835,1320591768.2089822,2.2587736263520174e-08,29.829178572080256
1.6000000000000005,34.0,34000.0,1.0000000000000002e-10,3.438938214783889e-22,0.8607316400180637,572851.2340032835,1320591768.2089822,2.0045311042559735e-08,26.471672753992998
1.6000000000000005,35.0,35000.0,1.0000000000000002e-10,3.438938214783889e-22,0.8607316400180637,572851.2340032835,1320591768.2089822,1.785074270878474e-08,23.573543877637636
1.6000000000000005,36.0,36000.0,1.0000000000000002e-10,3.438938214783889e-22,0.8607316400180637,572851.2340032835,1320591768.2089822,1.594844939401036e-08,21.061390985427614
1.6000000000000005,37.0,37000.0,1.0000000000000002e-10,3.438938214783889e-22,0.8607316400180637,572851.2340032835,1320591768.2089822,1.4292940028828958e-08,18.875138945576175
1.6000000000000005,38.0,38000.0,1.0000000000000002e-10,3.438938214783889e-22,0.8607316400180637,572851.2340032835,1320591768.2089822,1.2846773916603088e-08,16.965343882307906
1.6000000000000005,39.0,39000.0,1.0000000000000002e-10,3.438938214783889e-22,0.8607316400180637,572851.2340032835,1320591768.2089822,1.157897295732638e-08,15.291096371759632
1.6000000000000005,40.0,40000.0,1.0000000000000002e-10,3.438938214783889e-22,0.8607316400180637,572851.2340032835,1320591768.2089822,1.0463777647410196e-08,13.818378625539056
1.6000000000000005,41.0,41000.0,1.0000000000000002e-10,3.438938214783889e-22,0.8607316400180637,572851.2340032835,1320591768.2089822,9.479666106712528e-09,12.518769025894256
1.6000000000000005,42.0,42000.0,1.0000000000000002e-10,3.438938214783889e-22,0.8607316400180637,572851.2340032835,1320591768.2089822,8.608575766196344e-09,11.368414292842225
1.6000000000000005,43.0,43000.0,1.0000000000000002e-10,3.438938214783889e-22,0.8607316400180637,572851.2340032835,1320591768.2089822,7.835282245842944e-09,10.34720923545418
1.6000000000000005,44.0,44000.0,1.0000000000000002e-10,3.438938214783889e-22,0.8607316400180637,572851.2340032835,1320591768.2089822,7.146900927129428e-09,9.438138532572266
1.6000000000000005,45.0,45000.0,1.0000000000000002e-10,3.438938214783889e-22,0.8607316400180637,572851.2340032835,1320591768.2089822,6.532484871786642e-09,8.626745747631148
1.6000000000000005,46.0,46000.0,1.0000000000000002e-10,3.438938214783889e-22,0.8607316400180637,572851.2340032835,1320591768.2089822,5.982698831070612e-09,7.900702827985351
1.6000000000000005,47.0,47000.0,1.0000000000000002e-10,3.438938214783889e-22,0.8607316400180637,572851.2340032835,1320591768.2089822,5.4895536772526935e-09,7.249459397321255
1.6000000000000005,48.0,48000.0,1.0000000000000002e-10,3.438938214783889e-22,0.8607316400180637,572851.2340032835,1320591768.2089822,5.046189066073591e-09,6.663955741482956
1.6000000000000005,49.0,49000.0,1.0000000000000002e-10,3.438938214783889e-22,0.8607316400180637,572851.2340032835,1320591768.2089822,4.646694790916478e-09,6.136386890263859
1.6000000000000005,50.0,50000.0,1.0000000000000002e-10,3.438938214783889e-22,0.8607316400180637,572851.2340032835,1320591768.2089822,4.285963324379217e-09,5.660007885020798
1.6000000000000005,51.0,51000.0,1.0000000000000002e-10,3.438938214783889e-22,0.8607316400180637,572851.2340032835,1320591768.2089822,3.959567613345132e-09,5.228972395850468
1.6000000000000005,52.0,52000.0,1.0000000000000002e-10,3.438938214783889e-22,0.8607316400180637,572851.2340032835,1320591768.2089822,3.6636594122790515e-09,4.838198461377074
1.6000000000000005,53.0,53000.0,1.0000000000000002e-10,3.438938214783889e-22,0.8607316400180637,572851.2340032835,1320591768.2089822,3.3948843901113394e-09,4.483256379602206
1.6000000000000005,54.0,54000.0,1.0000000000000002e-10,3.438938214783889e-22,0.8607316400180637,572851.2340032835,1320591768.2089822,3.1503109914094526e-09,4.160274762553601
1.6000000000000005,55.0,55000.0,1.0000000000000002e-10,3.438938214783889e-22,0.8607316400180637,572851.2340032835,1320591768.2089822,2.927370619752214e-09,3.865861542941601
1.6000000000000005,56.0,56000.0,1.0000000000000002e-10,3.438938214783889e-22,0.8607316400180637,572851.2340032835,1320591768.2089822,2.7238071760230626e-09,3.597037334844611
1.6000000000000005,57.0,57000.0,1.0000000000000002e-10,3.438938214783889e-22,0.8607316400180637,572851.2340032835,1320591768.2089822,2.5376343538969064e-09,3.351179038480574
1.6000000000000005,58.0,58000.0,1.0000000000000002e-10,3.438938214783889e-22,0.8607316400180637,572851.2340032835,1320591768.2089822,2.367099389896847e-09,3.1259719688302803
1.6000000000000005,59.0,59000.0,1.0000000000000002e-10,3.438938214783889e-22,0.8607316400180637,572851.2340032835,1320591768.2089822,2.2106522020240298e-09,2.919369100365994
1.6000000000000005,60.0,60000.0,1.0000000000000002e-10,3.438938214783889e-22,0.8607316400180637,572851.2340032835,1320591768.2089822,2.066919041463742e-09,2.729556271711418
1.6000000000000005,61.0,61000.0,1.0000000000000002e-10,3.438938214783889e-22,0.8607316400180637,572851.2340032835,1320591768.2089822,1.93467993582839e-09,2.5549223973740536
1.6000000000000005,62.0,62000.0,1.0000000000000002e-10,3.438938214783889e-22,0.8607316400180637,572851.2340032835,1320591768.2089822,1.8128493272872315e-09,2.394033898618709
1.6000000000000005,63.0,63000.0,1.0000000000000002e-10,3.438938214783889e-22,0.8607316400180637,572851.2340032835,1320591768.2089822,1.700459410606685e-09,2.245612699820686
1.6000000000000005,64.0,64000.0,1.0000000000000002e-10,3.438938214783889e-22,0.8607316400180637,572851.2340032835,1320591768.2089822,1.596645759187347e-09,2.1085172463285913
1.6000000000000005,65.0,65000.0,1.0000000000000002e-10,3.438938214783889e-22,0.8607316400180637,572851.2340032835,1320591768.2089822,1.5006348952694994e-09,1.981726089780049
1.6000000000000005,66.0,66000.0,1.0000000000000002e-10,3.438938214783889e-22,0.8607316400180637,572851.2340032835,1320591768.2089822,1.4117335164700109e-09,1.864323660755016
1.6000000000000005,67.0,67000.0,1.0000000000000002e-10,3.438938214783889e-22,0.8607316400180637,572851.2340032835,1320591768.2089822,1.3293191370033505e-09,1.7554879096492928
1.6000000000000005,68.0,68000.0,1.0000000000000002e-10,3.438938214783889e-22,0.8607316400180637,572851.2340032835,1320591768.2089822,1.2528319401599834e-09,1.6544795471245624
1.6000000000000005,69.0,69000.0,1.0000000000000002e-10,3.438938214783889e-22,0.8607316400180637,572851.2340032835,1320591768.2089822,1.181767670334936e-09,1.5606326573798228
1.6000000000000005,70.0,70000.0,1.0000000000000002e-10,3.438938214783889e-22,0.8607316400180637,572851.2340032835,1320591768.2089822,1.1156714192990462e-09,1.4733464923523523
1.6000000000000005,71.0,71000.0,1.0000000000000002e-10,3.438938214783889e-22,0.8607316400180637,572851.2340032835,1320591768.2089822,1.0541321834384001e-09,1.392078284052912
1.6000000000000005,72.0,72000.0,1.0000000000000002e-10,3.438938214783889e-22,0.8607316400180637,572851.2340032835,1320591768.2089822,9.967780871256476e-10,1.316336936589226
1.6000000000000005,73.0,73000.0,1.0000000000000002e-10,3.438938214783889e-22,0.8607316400180637,572851.2340032835,1320591768.2089822,9.432721828570332e-10,1.245677479861516
1.6000000000000005,74.0,74000.0,1.0000000000000002e-10,3.438938214783889e-22,0.8607316400180637,572851.2340032835,1320591768.2089822,8.933087518018099e-10,1.179696184098511
1.6000000000000005,75.0,75000.0,1.0000000000000002e-10,3.438938214783889e-22,0.8607316400180637,572851.2340032835,1320591768.2089822,8.466100393835489e-10,1.118026248892997
1.6000000000000005,76.0,76000.0,1.0000000000000002e-10,3.438938214783889e-22,0.8607316400180637,572851.2340032835,1320591768.2089822,8.02923369787693e-10,1.060333992644244
1.6000000000000005,77.0,77000.0,1.0000000000000002e-10,3.438938214783889e-22,0.8607316400180637,572851.2340032835,1320591768.2089822,7.620185911474939e-10,1.0063154786915864
1.6000000000000005,78.0,78000.0,1.0000000000000002e-10,3.438938214783889e-22,0.8607316400180637,572851.2340032835,1320591768.2089822,7.236858098328987e-10,0.955693523234977
1.6000000000000005,79.0,79000.0,1.0000000000000002e-10,3.438938214783889e-22,0.8607316400180637,572851.2340032835,1320591768.2089822,6.877333779452246e-10,0.9082150376370204
1.6000000000000005,80.0,80000.0,1.0000000000000002e-10,3.438938214783889e-22,0.8607316400180637,572851.2340032835,1320591768.2089822,6.539861029631373e-10,0.863648664096191
1.6000000000000005,81.0,81000.0,1.0000000000000002e-10,3.438938214783889e-22,0.8607316400180637,572851.2340032835,1320591768.2089822,6.222836526240894e-10,0.8217826691463903
1.6000000000000005,82.0,82000.0,1.0000000000000002e-10,3.438938214783889e-22,0.8607316400180637,572851.2340032835,1320591768.2089822,5.92479131669533e-10,0.782423064118391
1.6000000000000005,83.0,83000.0,1.0000000000000002e-10,3.438938214783889e-22,0.8607316400180637,572851.2340032835,1320591768.2089822,5.644378101233312e-10,0.7453919257147757
1.6000000000000005,84.0,84000.0,1.0000000000000002e-10,3.438938214783889e-22,0.8607316400180637,572851.2340032835,1320591768.2089822,5.380359853872715e-10,0.710525893302639
1.6000000000000005,85.0,85000.0,1.0000000000000002e-10,3.438938214783889e-22,0.8607316400180637,572851.2340032835,1320591768.2089822,5.131599626895291e-10,0.6776748225022206
1.6000000000000005,86.0,86000.0,1.0000000000000002e-10,3.438938214783889e-22,0.8607316400180637,572851.2340032835,1320591768.2089822,4.89705140365184e-10,0.6467005772158863
1.6000000000000005,87.0,87000.0,1.0000000000000002e-10,3.438938214783889e-22,0.8607316400180637,572851.2340032835,1320591768.2089822,4.675751881277721e-10,0.6174759444603022
1.6000000000000005,88.0,88000.0,1.0000000000000002e-10,3.438938214783889e-22,0.8607316400180637,572851.2340032835,1320591768.2089822,4.4668130794558926e-10,0.5898836582857666
1.6000000000000005,89.0,89000.0,1.0000000000000002e-10,3.438938214783889e-22,0.8607316400180637,572851.2340032835,1320591768.2089822,4.269415683983953e-10,0.563815520733153
1.6000000000000005,90.0,90000.0,1.0000000000000002e-10,3.438938214783889e-22,0.8607316400180637,572851.2340032835,1320591768.2089822,4.0828030448666513e-10,0.5391716092269467
1.6000000000000005,91.0,91000.0,1.0000000000000002e-10,3.438938214783889e-22,0.8607316400180637,572851.2340032835,1320591768.2089822,3.9062757581984045e-10,0.5158595610631114
1.6000000000000005,92.0,92000.0,1.0000000000000002e-10,3.438938214783889e-22,0.8607316400180637,572851.2340032835,1320591768.2089822,3.739186769419133e-10,0.49379392674908446
1.6000000000000005,93.0,93000.0,1.0000000000000002e-10,3.438938214783889e-22,0.8607316400180637,572851.2340032835,1320591768.2089822,3.5809369427895935e-10,0.47289558491233763
1.6000000000000005,94.0,94000.0,1.0000000000000002e-10,3.438938214783889e-22,0.8607316400180637,572851.2340032835,1320591768.2089822,3.4309710482829334e-10,0.45309121233257843
1.6000000000000005,95.0,95000.0,1.0000000000000002e-10,3.438938214783889e-22,0.8607316400180637,572851.2340032835,1320591768.2089822,3.288774122650391e-10,0.4343128033870824
1.6000000000000005,96.0,96000.0,1.0000000000000002e-10,3.438938214783889e-22,0.8607316400180637,572851.2340032835,1320591768.2089822,3.1538681662959943e-10,0.4164972338426848
1.6000000000000005,97.0,97000.0,1.0000000000000002e-10,3.438938214783889e-22,0.8607316400180637,572851.2340032835,1320591768.2089822,3.0258091418781653e-10,0.39958586449357897
1.6000000000000005,98.0,98000.0,1.0000000000000002e-10,3.438938214783889e-22,0.8607316400180637,572851.2340032835,1320591768.2089822,2.9041842443227987e-10,0.3835241806414912
1.6000000000000005,99.0,99000.0,1.0000000000000002e-10,3.438938214783889e-22,0.8607316400180637,572851.2340032835,1320591768.2089822,2.7886094152494035e-10,0.3682614638528426
1.6000000000000005,100.0,100000.0,1.0000000000000002e-10,3.438938214783889e-22,0.8607316400180637,572851.2340032835,1320591768.2089822,2.678727077737011e-10,0.3537504928137999
1.6500000000000006,1.0,1000.0,1.0000000000000002e-10,4.016831321146107e-22,0.8609365474389254,490436.32716892567,1612255999.2292402,0.024752637327186088,39907588.0275014
1.6500000000000006,2.0,2000.0,1.0000000000000002e-10,4.016831321146107e-22,0.8609365474389254,490436.32716892567,1612255999.2292402,0.0015470398329491305,2494224.2517188373
1.6500000000000006,3.0,3000.0,1.0000000000000002e-10,4.016831321146107e-22,0.8609365474389254,490436.32716892567,1612255999.2292402,0.0003055881151504456,492686.27194446174
1.6500000000000006,4.0,4000.0,1.0000000000000002e-10,4.016831321146107e-22,0.8609365474389254,490436.32716892567,1612255999.2292402,9.668998955932066e-05,155889.01573242733
1.6500000000000006,5.0,5000.0,1.0000000000000002e-10,4.016831321146107e-22,0.8609365474389254,490436.32716892567,1612255999.2292402,3.960421972349774e-05,63852.14084400223
1.6500000000000006,6.0,6000.0,1.0000000000000002e-10,4.016831321146107e-22,0.8609365474389254,490436.32716892567,1612255999.2292402,1.909925719690285e-05,30792.89199652886
1.6500000000000006,7.0,7000.0,1.0000000000000002e-10,4.016831321146107e-22,0.8609365474389254,490436.32716892567,1612255999.2292402,1.0309303343267842e-05,16621.23616305764
1.6500000000000006,8.0,8000.0,1.0000000000000002e-10,4.016831321146107e-22,0.8609365474389254,490436.32716892567,1612255999.2292402,6.043124347457541e-06,9743.063483276708
1.6500000000000006,9.0,9000.0,1.0000000000000002e-10,4.016831321146107e-22,0.8609365474389254,490436.32716892567,1612255999.2292402,3.7726927796351304e-06,6082.546567215577
1.6500000000000006,10.0,10000.0,1.0000000000000002e-10,4.016831321146107e-22,0.8609365474389254,490436.32716892567,1612255999.2292402,2.4752637327186088e-06,3990.7588027501392
1.6500000000000006,11.0,11000.0,1.0000000000000002e-10,4.016831321146107e-22,0.8609365474389254,490436.32716892567,1612255999.2292402,1.6906384350239797e-06,2725.7419593949453
1.6500000000000006,12.0,12000.0,1.0000000000000002e-10,4.016831321146107e-22,0.8609365474389254,490436.32716892567,1612255999.2292402,1.193703574806428e-06,1924.5557497830537
1.6500000000000006,13.0,13000.0,1.0000000000000002e-10,4.016831321146107e-22,0.8609365474389254,490436.32716892567,1612255999.2292402,8.66658636853965e-07,1397.2755865516406
1.6500000000000006,14.0,14000.0,1.0000000000000002e-10,4.016831321146107e-22,0.8609365474389254,490436.32716892567,1612255999.2292402,6.443314589542401e-07,1038.8272601911026
1.6500000000000006,15.0,15000.0,1.0000000000000002e-10,4.016831321146107e-22,0.8609365474389254,490436.32716892567,1612255999.2292402,4.889409842407128e-07,788.2980351111386
1.6500000000000006,16.0,16000.0,1.0000000000000002e-10,4.016831321146107e-22,0.8609365474389254,490436.32716892567,1612255999.2292402,3.776952717160963e-07,608.9414677047943
1.6500000000000006,17.0,17000.0,1.0000000000000002e-10,4.016831321146107e-22,0.8609365474389254,490436.32716892567,1612255999.2292402,2.9636423566750987e-07,477.81501691193114
1.6500000000000006,18.0,18000.0,1.0000000000000002e-10,4.016831321146107e-22,0.8609365474389254,490436.32716892567,1612255999.2292402,2.3579329872719565e-07,380.15916045097356
1.6500000000000006,19.0,19000.0,1.0000000000000002e-10,4.016831321146107e-22,0.8609365474389254,490436.32716892567,1612255999.2292402,1.8993590693123966e-07,306.22530541893775
1.6500000000000006,20.0,20000.0,1.0000000000000002e-10,4.016831321146107e-22,0.8609365474389254,490436.32716892567,1612255999.2292402,1.5470398329491305e-07,249.4224251718837
1.6500000000000006,21.0,21000.0,1.0000000000000002e-10,4.016831321146107e-22,0.8609365474389254,490436.32716892567,1612255999.2292402,1.272753499168869e-07,205.2004464575017
1.6500000000000006,22.0,22000.0,1.0000000000000002e-10,4.016831321146107e-22,0.8609365474389254,490436.32716892567,1612255999.2292402,1.0566490218899873e-07,170.35887246218408
1.6500000000000006,23.0,23000.0,1.0000000000000002e-10,4.016831321146107e-22,0.8609365474389254,490436.32716892567,1612255999.2292402,8.845250455503691e-08,142.60808111570995
1.6500000000000006,24.0,24000.0,1.0000000000000002e-10,4.016831321146107e-22,0.8609365474389254,490436.32716892567,1612255999.2292402,7.460647342540175e-08,120.28473436144085
1.6500000000000006,25.0,25000.0,1.0000000000000002e-10,4.016831321146107e-22,0.8609365474389254,490436.32716892567,1612255999.2292402,6.33667515575964e-08,102.1634253504036
1.6500000000000006,26.0,26000.0,1.0000000000000002e-10,4.016831321146107e-22,0.8609365474389254,490436.32716892567,1612255999.2292402,5.4166164803372815e-08,87.32972415947754
1.6500000000000006,27.0,27000.0,1.0000000000000002e-10,4.016831321146107e-22,0.8609365474389254,490436.32716892567,1612255999.2292402,4.6576454069569495e-08,75.09316749648858
1.6500000000000006,28.0,28000.0,1.0000000000000002e-10,4.016831321146107e-22,0.8609365474389254,490436.32716892567,1612255999.2292402,4.0270716184640006e-08,64.92670376194391
1.6500000000000006,29.0,29000.0,1.0000000000000002e-10,4.016831321146107e-22,0.8609365474389254,490436.32716892567,1612255999.2292402,3.499689278686419e-08,56.42395035000431
1.6500000000000006,30.0,30000.0,1.0000000000000002e-10,4.016831321146107e-22,0.8609365474389254,490436.32716892567,1612255999.2292402,3.055881151504455e-08,49.26862719444616
1.6500000000000006,31.0,31000.0,1.0000000000000002e-10,4.016831321146107e-22,0.8609365474389254,490436.32716892567,1612255999.2292402,2.6802462886264727e-08,43.21243158249936
1.6500000000000006,32.0,32000.0,1.0000000000000002e-10,4.016831321146107e-22,0.8609365474389254,490436.32716892567,1612255999.2292402,2.360595448225602e-08,38.05884173154964
1.6500000000000006,33.0,33000.0,1.0000000000000002e-10,4.016831321146107e-22,0.8609365474389254,490436.32716892567,1612255999.2292402,2.0872079444740494e-08,33.65113530117217
1.6500000000000006,34.0,34000.0,1.0000000000000002e-10,4.016831321146107e-22,0.8609365474389254,490436.32716892567,1612255999.2292402,1.8522764729219367e-08,29.863438556995696
1.6500000000000006,35.0,35000.0,1.0000000000000002e-10,4.016831321146107e-22,0.8609365474389254,490436.32716892567,1612255999.2292402,1.6494885349228544e-08,26.59397786089222
1.6500000000000006,36.0,36000.0,1.0000000000000002e-10,4.016831321146107e-22,0.8609365474389254,490436.32716892567,1612255999.2292402,1.4737081170449728e-08,23.759947528185847
1.6500000000000006,37.0,37000.0,1.0000000000000002e-10,4.016831321146107e-22,0.8609365474389254,490436.32716892567,1612255999.2292402,1.3207316408348104e-08,21.293575113078013
1.6500000000000006,38.0,38000.0,1.0000000000000002e-10,4.016831321146107e-22,0.8609365474389254,490436.32716892567,1612255999.2292402,1.1870994183202479e-08,19.13908158868361
1.6500000000000006,39.0,39000.0,1.0000000000000002e-10,4.016831321146107e-22,0.8609365474389254,490436.32716892567,1612255999.2292402,1.0699489343876106e-08,17.25031588335358
1.6500000000000006,40.0,40000.0,1.0000000000000002e-10,4.016831321146107e-22,0.8609365474389254,490436.32716892567,1612255999.2292402,9.668998955932065e-09,15.588901573242731
1.6500000000000006,41.0,41000.0,1.0000000000000002e-10,4.016831321146107e-22,0.8609365474389254,490436.32716892567,1612255999.2292402,8.75963583869481e-09,14.122775431999163
1.6500000000000006,42.0,42000.0,1.0000000000000002e-10,4.016831321146107e-22,0.8609365474389254,490436.32716892567,1612255999.2292402,7.954709369805432e-09,12.825027903593856
1.6500000000000006,43.0,43000.0,1.0000000000000002e-10,4.016831321146107e-22,0.8609365474389254,490436.32716892567,1612255999.2292402,7.240151540609145e-09,11.67297775667592
1.6500000000000006,44.0,44000.0,1.0000000000000002e-10,4.016831321146107e-22,0.8609365474389254,490436.32716892567,1612255999.2292402,6.6040563868124205e-09,10.647429528886505
1.6500000000000006,45.0,45000.0,1.0000000000000002e-10,4.016831321146107e-22,0.8609365474389254,490436.32716892567,1612255999.2292402,6.036308447416207e-09,9.73207450754492
1.6500000000000006,46.0,46000.0,1.0000000000000002e-10,4.016831321146107e-22,0.8609365474389254,490436.32716892567,1612255999.2292402,5.528281534689807e-09,8.913005069731872
1.6500000000000006,47.0,47000.0,1.0000000000000002e-10,4.016831321146107e-22,0.8609365474389254,490436.32716892567,1612255999.2292402,5.0725933369796275e-09,8.178319039195674
1.6500000000000006,48.0,48000.0,1.0000000000000002e-10,4.016831321146107e-22,0.8609365474389254,490436.32716892567,1612255999.2292402,4.6629045890876095e-09,7.517795897590053
1.6500000000000006,49.0,49000.0,1.0000000000000002e-10,4.016831321146107e-22,0.8609365474389254,490436.32716892567,1612255999.2292402,4.29375399553013e-09,6.922630638507972
1.6500000000000006,50.0,50000.0,1.0000000000000002e-10,4.016831321146107e-22,0.8609365474389254,490436.32716892567,1612255999.2292402,3.960421972349775e-09,6.385214084400225
1.6500000000000006,51.0,51000.0,1.0000000000000002e-10,4.016831321146107e-22,0.8609365474389254,490436.32716892567,1612255999.2292402,3.6588177242902444e-09,5.898950826073222
1.6500000000000006,52.0,52000.0,1.0000000000000002e-10,4.016831321146107e-22,0.8609365474389254,490436.32716892567,1612255999.2292402,3.385385300210801e-09,5.458107759967346
1.6500000000000006,53.0,53000.0,1.0000000000000002e-10,4.016831321146107e-22,0.8609365474389254,490436.32716892567,1612255999.2292402,3.13702514804688e-09,5.057687614671578
1.6500000000000006,54.0,54000.0,1.0000000000000002e-10,4.016831321146107e-22,0.8609365474389254,490436.32716892567,1612255999.2292402,2.9110283793480934e-09,4.693322968530536
1.6500000000000006,55.0,55000.0,1.0000000000000002e-10,4.016831321146107e-22,0.8609365474389254,490436.32716892567,1612255999.2292402,2.705021496038368e-09,4.361187135031913
1.6500000000000006,56.0,56000.0,1.0000000000000002e-10,4.016831321146107e-22,0.8609365474389254,490436.32716892567,1612255999.2292402,2.5169197615400004e-09,4.0579189851214945
1.6500000000000006,57.0,57000.0,1.0000000000000002e-10,4.016831321146107e-22,0.8609365474389254,490436.32716892567,1612255999.2292402,2.3448877398918474e-09,3.7805593261597252
1.6500000000000006,58.0,58000.0,1.0000000000000002e-10,4.016831321146107e-22,0.8609365474389254,490436.32716892567,1612255999.2292402,2.187305799179012e-09,3.5264968968752695
1.6500000000000006,59.0,59000.0,1.0000000000000002e-10,4.016831321146107e-22,0.8609365474389254,490436.32716892567,1612255999.2292402,2.0427415942453214e-09,3.293422390197122
1.6500000000000006,60.0,60000.0,1.0000000000000002e-10,4.016831321146107e-22,0.8609365474389254,490436.32716892567,1612255999.2292402,1.9099257196902843e-09,3.079289199652885
1.6500000000000006,61.0,61000.0,1.0000000000000002e-10,4.016831321146107e-22,0.8609365474389254,490436.32716892567,1612255999.2292402,1.7877308664158485e-09,2.882279814386239
1.6500000000000006,62.0,62000.0,1.0000000000000002e-10,4.016831321146107e-22,0.8609365474389254,490436.32716892567,1612255999.2292402,1.6751539303915454e-09,2.70077697390621
1.6500000000000006,63.0,63000.0,1.0000000000000002e-10,4.016831321146107e-22,0.8609365474389254,490436.32716892567,1612255999.2292402,1.571300616257863e-09,2.5333388451543417
1.6500000000000006,64.0,64000.0,1.0000000000000002e-10,4.016831321146107e-22,0.8609365474389254,490436.32716892567,1612255999.2292402,1.4753721551410012e-09,2.3786776082218526
1.6500000000000006,65.0,65000.0,1.0000000000000002e-10,4.016831321146107e-22,0.8609365474389254,490436.32716892567,1612255999.2292402,1.386653818966344e-09,2.235640938482625
1.6500000000000006,66.0,66000.0,1.0000000000000002e-10,4.016831321146107e-22,0.8609365474389254,490436.32716892567,1612255999.2292402,1.3045049652962809e-09,2.1031959563232605
1.6500000000000006,67.0,67000.0,1.0000000000000002e-10,4.016831321146107e-22,0.8609365474389254,490436.32716892567,1612255999.2292402,1.228350389399482e-09,1.9804152844648881
1.6500000000000006,68.0,68000.0,1.0000000000000002e-10,4.016831321146107e-22,0.8609365474389254,490436.32716892567,1612255999.2292402,1.1576727955762104e-09,1.866464909812231
1.6500000000000006,69.0,69000.0,1.0000000000000002e-10,4.016831321146107e-22,0.8609365474389254,490436.32716892567,1612255999.2292402,1.09200622907453e-09,1.760593594021111
1.6500000000000006,70.0,70000.0,1.0000000000000002e-10,4.016831321146107e-22,0.8609365474389254,490436.32716892567,1612255999.2292402,1.030930334326784e-09,1.6621236163057638
1.6500000000000006,71.0,71000.0,1.0000000000000002e-10,4.016831321146107e-22,0.8609365474389254,490436.32716892567,1612255999.2292402,9.740653255951896e-10,1.5704426648320275
1.6500000000000006,72.0,72000.0,1.0000000000000002e-10,4.016831321146107e-22,0.8609365474389254,490436.32716892567,1612255999.2292402,9.21067573153108e-10,1.4849967205116155
1.6500000000000006,73.0,73000.0,1.0000000000000002e-10,4.016831321146107e-22,0.8609365474389254,490436.32716892567,1612255999.2292402,8.716257224236558e-10,1.4052838000600596
1.6500000000000006,74.0,74000.0,1.0000000000000002e-10,4.016831321146107e-22,0.8609365474389254,490436.32716892567,1612255999.2292402,8.254572755217565e-10,1.3308484445673758
1.6500000000000006,75.0,75000.0,1.0000000000000002e-10,4.016831321146107e-22,0.8609365474389254,490436.32716892567,1612255999.2292402,7.823055747851406e-10,1.2612768561778218
1.6500000000000006,76.0,76000.0,1.0000000000000002e-10,4.016831321146107e-22,0.8609365474389254,490436.32716892567,1612255999.2292402,7.419371364501549e-10,1.1961925992927256
1.6500000000000006,77.0,77000.0,1.0000000000000002e-10,4.016831321146107e-22,0.8609365474389254,490436.32716892567,1612255999.2292402,7.041392898892041e-10,1.1352527944168864
1.6500000000000006,78.0,78000.0,1.0000000000000002e-10,4.016831321146107e-22,0.8609365474389254,490436.32716892567,1612255999.2292402,6.687180839922566e-10,1.0781447427095987
1.6500000000000006,79.0,79000.0,1.0000000000000002e-10,4.016831321146107e-22,0.8609365474389254,490436.32716892567,1612255999.2292402,6.354964275218348e-10,1.024582927760828
1.6500000000000006,80.0,80000.0,1.0000000000000002e-10,4.016831321146107e-22,0.8609365474389254,490436.32716892567,1612255999.2292402,6.043124347457541e-10,0.9743063483276707
1.6500000000000006,81.0,81000.0,1.0000000000000002e-10,4.016831321146107e-22,0.8609365474389254,490436.32716892567,1612255999.2292402,5.750179514761666e-10,0.9270761419319576
1.6500000000000006,82.0,82000.0,1.0000000000000002e-10,4.016831321146107e-22,0.8609365474389254,490436.32716892567,1612255999.2292402,5.474772399184256e-10,0.8826734644999477
1.6500000000000006,83.0,83000.0,1.0000000000000002e-10,4.016831321146107e-22,0.8609365474389254,490436.32716892567,1612255999.2292402,5.215658035434099e-10,0.8408975957556819
1.6500000000000006,84.0,84000.0,1.0000000000000002e-10,4.016831321146107e-22,0.8609365474389254,490436.32716892567,1612255999.2292402,4.971693356128395e-10,0.801564243974616
1.6500000000000006,85.0,85000.0,1.0000000000000002e-10,4.016831321146107e-22,0.8609365474389254,490436.32716892567,1612255999.2292402,4.741827770680157e-10,0.7645040270590897
1.6500000000000006,86.0,86000.0,1.0000000000000002e-10,4.016831321146107e-22,0.8609365474389254,490436.32716892567,1612255999.2292402,4.525094712880716e-10,0.729561109792245
1.6500000000000006,87.0,87000.0,1.0000000000000002e-10,4.016831321146107e-22,0.8609365474389254,490436.32716892567,1612255999.2292402,4.3206040477610103e-10,0.6965919796296828
1.6500000000000006,88.0,88000.0,1.0000000000000002e-10,4.016831321146107e-22,0.8609365474389254,490436.32716892567,1612255999.2292402,4.127535241757763e-10,0.6654643455554066
1.6500000000000006,89.0,89000.0,1.0000000000000002e-10,4.016831321146107e-22,0.8609365474389254,490436.32716892567,1612255999.2292402,3.945131211871455e-10,0.6360561464086275
1.6500000000000006,90.0,90000.0,1.0000000000000002e-10,4.016831321146107e-22,0.8609365474389254,490436.32716892567,1612255999.2292402,3.7726927796351295e-10,0.6082546567215575
1.6500000000000006,91.0,91000.0,1.0000000000000002e-10,4.016831321146107e-22,0.8609365474389254,490436.32716892567,1612255999.2292402,3.6095736645312985e-10,0.5819556795300459
1.6500000000000006,92.0,92000.0,1.0000000000000002e-10,4.016831321146107e-22,0.8609365474389254,490436.32716892567,1612255999.2292402,3.4551759591811294e-10,0.557062816858242
1.6500000000000006,93.0,93000.0,1.0000000000000002e-10,4.016831321146107e-22,0.8609365474389254,490436.32716892567,1612255999.2292402,3.308946035341325e-10,0.533486809660486
1.6500000000000006,94.0,94000.0,1.0000000000000002e-10,4.016831321146107e-22,0.8609365474389254,490436.32716892567,1612255999.2292402,3.170370835612267e-10,0.5111449399497296
1.6500000000000006,95.0,95000.0,1.0000000000000002e-10,4.016831321146107e-22,0.8609365474389254,490436.32716892567,1612255999.2292402,3.0389745108998346e-10,0.48996048867030045
1.6500000000000006,96.0,96000.0,1.0000000000000002e-10,4.016831321146107e-22,0.8609365474389254,490436.32716892567,1612255999.2292402,2.914315368179756e-10,0.46986224359937834
1.6500000000000006,97.0,97000.0,1.0000000000000002e-10,4.016831321146107e-22,0.8609365474389254,490436.32716892567,1612255999.2292402,2.795983097071135e-10,0.45078405219964884
1.6500000000000006,98.0,98000.0,1.0000000000000002e-10,4.016831321146107e-22,0.8609365474389254,490436.32716892567,1612255999.2292402,2.683596247206331e-10,0.43266441490674823
1.6500000000000006,99.0,99000.0,1.0000000000000002e-10,4.016831321146107e-22,0.8609365474389254,490436.32716892567,1612255999.2292402,2.576799931449443e-10,0.41544611482928595
1.6500000000000006,100.0,100000.0,1.0000000000000002e-10,4.016831321146107e-22,0.8609365474389254,490436.32716892567,1612255999.2292402,2.4752637327186094e-10,0.39907588027501406
1.7000000000000006,1.0,1000.0,1.0000000000000002e-10,4.6716134568832745e-22,0.8611791974752434,421695.8483791829,1959146327.806546,0.02266864337648943,44411189.42740545
1.7000000000000006,2.0,2000.0,1.0000000000000002e-10,4.6716134568832745e-22,0.8611791974752434,421695.8483791829,1959146327.806546,0.0014167902110305893,2775699.3392128404
1.7000000000000006,3.0,3000.0,1.0000000000000002e-10,4.6716134568832745e-22,0.8611791974752434,421695.8483791829,1959146327.806546,0.00027985979477147447,548286.2892272278
1.7000000000000006,4.0,4000.0,1.0000000000000002e-10,4.6716134568832745e-22,0.8611791974752434,421695.8483791829,1959146327.806546,8.854938818941183e-05,173481.20870080253
1.7000000000000006,5.0,5000.0,1.0000000000000002e-10,4.6716134568832745e-22,0.8611791974752434,421695.8483791829,1959146327.806546,3.6269829402383085e-05,71057.90308384871
1.7000000000000006,6.0,6000.0,1.0000000000000002e-10,4.6716134568832745e-22,0.8611791974752434,421695.8483791829,1959146327.806546,1.7491237173217154e-05,34267.89307670174
1.7000000000000006,7.0,7000.0,1.0000000000000002e-10,4.6716134568832745e-22,0.8611791974752434,421695.8483791829,1959146327.806546,9.441334184293807e-06,18496.955196753624
1.7000000000000006,8.0,8000.0,1.0000000000000002e-10,4.6716134568832745e-22,0.8611791974752434,421695.8483791829,1959146327.806546,5.534336761838239e-06,10842.575543800158
1.7000000000000006,9.0,9000.0,1.0000000000000002e-10,4.6716134568832745e-22,0.8611791974752434,421695.8483791829,1959146327.806546,3.4550591947095614e-06,6768.966533669479
1.7000000000000006,10.0,10000.0,1.0000000000000002e-10,4.6716134568832745e-22,0.8611791974752434,421695.8483791829,1959146327.806546,2.266864337648943e-06,4441.118942740544
1.7000000000000006,11.0,11000.0,1.0000000000000002e-10,4.6716134568832745e-22,0.8611791974752434,421695.8483791829,1959146327.806546,1.5482988441014567e-06,3033.3439947684888
1.7000000000000006,12.0,12000.0,1.0000000000000002e-10,4.6716134568832745e-22,0.8611791974752434,421695.8483791829,1959146327.806546,1.0932023233260721e-06,2141.7433172938586
1.7000000000000006,13.0,13000.0,1.0000000000000002e-10,4.6716134568832745e-22,0.8611791974752434,421695.8483791829,1959146327.806546,7.936922158359103e-07,1554.9591900635642
1.7000000000000006,14.0,14000.0,1.0000000000000002e-10,4.6716134568832745e-22,0.8611791974752434,421695.8483791829,1959146327.806546,5.900833865183629e-07,1156.0596997971015
1.7000000000000006,15.0,15000.0,1.0000000000000002e-10,4.6716134568832745e-22,0.8611791974752434,421695.8483791829,1959146327.806546,4.47775671634359e-07,877.2580627635641
1.7000000000000006,16.0,16000.0,1.0000000000000002e-10,4.6716134568832745e-22,0.8611791974752434,421695.8483791829,1959146327.806546,3.4589604761488996e-07,677.6609714875099
1.7000000000000006,17.0,17000.0,1.0000000000000002e-10,4.6716134568832745e-22,0.8611791974752434,421695.8483791829,1959146327.806546,2.714124995688441e-07,531.7368018510967
1.7000000000000006,18.0,18000.0,1.0000000000000002e-10,4.6716134568832745e-22,0.8611791974752434,421695.8483791829,1959146327.806546,2.1594119966934759e-07,423.0604083543424
1.7000000000000006,19.0,19000.0,1.0000000000000002e-10,4.6716134568832745e-22,0.8611791974752434,421695.8483791829,1959146327.806546,1.7394467028713272e-07,340.78306203455645
1.7000000000000006,20.0,20000.0,1.0000000000000002e-10,4.6716134568832745e-22,0.8611791974752434,421695.8483791829,1959146327.806546,1.4167902110305893e-07,277.569933921284
1.7000000000000006,21.0,21000.0,1.0000000000000002e-10,4.6716134568832745e-22,0.8611791974752434,421695.8483791829,1959146327.806546,1.1655968128757784e-07,228.35747156485948
1.7000000000000006,22.0,22000.0,1.0000000000000002e-10,4.6716134568832745e-22,0.8611791974752434,421695.8483791829,1959146327.806546,9.676867775634104e-08,189.58399967303055
1.7000000000000006,23.0,23000.0,1.0000000000000002e-10,4.6716134568832745e-22,0.8611791974752434,421695.8483791829,1959146327.806546,8.100544014811776e-08,158.70151059853785
1.7000000000000006,24.0,24000.0,1.0000000000000002e-10,4.6716134568832745e-22,0.8611791974752434,421695.8483791829,1959146327.806546,6.832514520787951e-08,133.85895733086616
1.7000000000000006,25.0,25000.0,1.0000000000000002e-10,4.6716134568832745e-22,0.8611791974752434,421695.8483791829,1959146327.806546,5.803172704381295e-08,113.69264493415795
1.7000000000000006,26.0,26000.0,1.0000000000000002e-10,4.6716134568832745e-22,0.8611791974752434,421695.8483791829,1959146327.806546,4.960576348974439e-08,97.18494937897276
1.7000000000000006,27.0,27000.0,1.0000000000000002e-10,4.6716134568832745e-22,0.8611791974752434,421695.8483791829,1959146327.806546,4.2655051786537775e-08,83.56748806999353
1.7000000000000006,28.0,28000.0,1.0000000000000002e-10,4.6716134568832745e-22,0.8611791974752434,421695.8483791829,1959146327.806546,3.6880211657397684e-08,72.25373123731885
1.7000000000000006,29.0,29000.0,1.0000000000000002e-10,4.6716134568832745e-22,0.8611791974752434,421695.8483791829,1959146327.806546,3.205040624092749e-08,62.79143569162109
1.7000000000000006,30.0,30000.0,1.0000000000000002e-10,4.6716134568832745e-22,0.8611791974752434,421695.8483791829,1959146327.806546,2.7985979477147437e-08,54.82862892272276
1.7000000000000006,31.0,31000.0,1.0000000000000002e-10,4.6716134568832745e-22,0.8611791974752434,421695.8483791829,1959146327.806546,2.4545888373398577e-08,48.088987069493214
1.7000000000000006,32.0,32000.0,1.0000000000000002e-10,4.6716134568832745e-22,0.8611791974752434,421695.8483791829,1959146327.806546,2.1618502975930623e-08,42.35381071796937
1.7000000000000006,33.0,33000.0,1.0000000000000002e-10,4.6716134568832745e-22,0.8611791974752434,421695.8483791829,1959146327.806546,1.9114800544462434e-08,37.448691293438145
1.7000000000000006,34.0,34000.0,1.0000000000000002e-10,4.6716134568832745e-22,0.8611791974752434,421695.8483791829,1959146327.806546,1.6963281223052757e-08,33.233550115693546
1.7000000000000006,35.0,35000.0,1.0000000000000002e-10,4.6716134568832745e-22,0.8611791974752434,421695.8483791829,1959146327.806546,1.5106134694870085e-08,29.595128314805784
1.7000000000000006,36.0,36000.0,1.0000000000000002e-10,4.6716134568832745e-22,0.8611791974752434,421695.8483791829,1959146327.806546,1.3496324979334224e-08,26.4412755221464
1.7000000000000006,37.0,37000.0,1.0000000000000002e-10,4.6716134568832745e-22,0.8611791974752434,421695.8483791829,1959146327.806546,1.20953554024918e-08,23.696571120306878
1.7000000000000006,38.0,38000.0,1.0000000000000002e-10,4.6716134568832745e-22,0.8611791974752434,421695.8483791829,1959146327.806546,1.0871541892945795e-08,21.298941377159778
1.7000000000000006,39.0,39000.0,1.0000000000000002e-10,4.6716134568832745e-22,0.8611791974752434,421695.8483791829,1959146327.806546,9.79866933130753e-09,19.19702703782177
1.7000000000000006,40.0,40000.0,1.0000000000000002e-10,4.6716134568832745e-22,0.8611791974752434,421695.8483791829,1959146327.806546,8.854938818941183e-09,17.34812087008025
1.7000000000000006,41.0,41000.0,1.0000000000000002e-10,4.6716134568832745e-22,0.8611791974752434,421695.8483791829,1959146327.806546,8.022137532682144e-09,15.716541288313287
1.7000000000000006,42.0,42000.0,1.0000000000000002e-10,4.6716134568832745e-22,0.8611791974752434,421695.8483791829,1959146327.806546,7.284980080473615e-09,14.272341972803718
1.7000000000000006,43.0,43000.0,1.0000000000000002e-10,4.6716134568832745e-22,0.8611791974752434,421695.8483791829,1959146327.806546,6.630582878760544e-09,12.990282098140677
1.7000000000000006,44.0,44000.0,1.0000000000000002e-10,4.6716134568832745e-22,0.8611791974752434,421695.8483791829,1959146327.806546,6.048042359771315e-09,11.84899997956441
1.7000000000000006,45.0,45000.0,1.0000000000000002e-10,4.6716134568832745e-22,0.8611791974752434,421695.8483791829,1959146327.806546,5.528094711535296e-09,10.830346453871163
1.7000000000000006,46.0,46000.0,1.0000000000000002e-10,4.6716134568832745e-22,0.8611791974752434,421695.8483791829,1959146327.806546,5.06284000925736e-09,9.918844412408616
1.7000000000000006,47.0,47000.0,1.0000000000000002e-10,4.6716134568832745e-22,0.8611791974752434,421695.8483791829,1959146327.806546,4.645517478804337e-09,9.10124850936064
1.7000000000000006,48.0,48000.0,1.0000000000000002e-10,4.6716134568832745e-22,0.8611791974752434,421695.8483791829,1959146327.806546,4.270321575492469e-09,8.366184833179135
1.7000000000000006,49.0,49000.0,1.0000000000000002e-10,4.6716134568832745e-22,0.8611791974752434,421695.8483791829,1959146327.806546,3.9322508056200774e-09,7.703854725844907
1.7000000000000006,50.0,50000.0,1.0000000000000002e-10,4.6716134568832745e-22,0.8611791974752434,421695.8483791829,1959146327.806546,3.626982940238309e-09,7.105790308384872
1.7000000000000006,51.0,51000.0,1.0000000000000002e-10,4.6716134568832745e-22,0.8611791974752434,421695.8483791829,1959146327.806546,3.350771599615359e-09,6.5646518747048965
1.7000000000000006,52.0,52000.0,1.0000000000000002e-10,4.6716134568832745e-22,0.8611791974752434,421695.8483791829,1959146327.806546,3.1003602181090246e-09,6.0740593361857975
1.7000000000000006,53.0,53000.0,1.0000000000000002e-10,4.6716134568832745e-22,0.8611791974752434,421695.8483791829,1959146327.806546,2.8729102036351695e-09,5.628451475569799
1.7000000000000006,54.0,54000.0,1.0000000000000002e-10,4.6716134568832745e-22,0.8611791974752434,421695.8483791829,1959146327.806546,2.665940736658611e-09,5.222968004374596
1.7000000000000006,55.0,55000.0,1.0000000000000002e-10,4.6716134568832745e-22,0.8611791974752434,421695.8483791829,1959146327.806546,2.4772781505623312e-09,4.853350391629583
1.7000000000000006,56.0,56000.0,1.0000000000000002e-10,4.6716134568832745e-22,0.8611791974752434,421695.8483791829,1959146327.806546,2.3050132285873552e-09,4.515858202332428
1.7000000000000006,57.0,57000.0,1.0000000000000002e-10,4.6716134568832745e-22,0.8611791974752434,421695.8483791829,1959146327.806546,2.1474650652732435e-09,4.207198296722919
1.7000000000000006,58.0,58000.0,1.0000000000000002e-10,4.6716134568832745e-22,0.8611791974752434,421695.8483791829,1959146327.806546,2.003150390057968e-09,3.924464730726318
1.7000000000000006,59.0,59000.0,1.0000000000000002e-10,4.6716134568832745e-22,0.8611791974752434,421695.8483791829,1959146327.806546,1.870757450940797e-09,3.665087590227397
1.7000000000000006,60.0,60000.0,1.0000000000000002e-10,4.6716134568832745e-22,0.8611791974752434,421695.8483791829,1959146327.806546,1.7491237173217148e-09,3.4267893076701723
1.7000000000000006,61.0,61000.0,1.0000000000000002e-10,4.6716134568832745e-22,0.8611791974752434,421695.8483791829,1959146327.806546,1.6372167914169619e-09,3.2075472647277565
1.7000000000000006,62.0,62000.0,1.0000000000000002e-10,4.6716134568832745e-22,0.8611791974752434,421695.8483791829,1959146327.806546,1.534118023337411e-09,3.005561691843326
1.7000000000000006,63.0,63000.0,1.0000000000000002e-10,4.6716134568832745e-22,0.8611791974752434,421695.8483791829,1959146327.806546,1.439008410957751e-09,2.819228044010611
1.7000000000000006,64.0,64000.0,1.0000000000000002e-10,4.6716134568832745e-22,0.8611791974752434,421695.8483791829,1959146327.806546,1.351156435995664e-09,2.6471131698730854
1.7000000000000006,65.0,65000.0,1.0000000000000002e-10,4.6716134568832745e-22,0.8611791974752434,421695.8483791829,1959146327.806546,1.2699075453374565e-09,2.487934704101703
1.7000000000000006,66.0,66000.0,1.0000000000000002e-10,4.6716134568832745e-22,0.8611791974752434,421695.8483791829,1959146327.806546,1.1946750340289021e-09,2.340543205839884
1.7000000000000006,67.0,67000.0,1.0000000000000002e-10,4.6716134568832745e-22,0.8611791974752434,421695.8483791829,1959146327.806546,1.1249321254380548e-09,2.203906642583578
1.7000000000000006,68.0,68000.0,1.0000000000000002e-10,4.6716134568832745e-22,0.8611791974752434,421695.8483791829,1959146327.806546,1.0602050764407973e-09,2.0770968822308467
1.7000000000000006,69.0,69000.0,1.0000000000000002e-10,4.6716134568832745e-22,0.8611791974752434,421695.8483791829,1959146327.806546,1.000067162322442e-09,1.959277908623925
1.7000000000000006,70.0,70000.0,1.0000000000000002e-10,4.6716134568832745e-22,0.8611791974752434,421695.8483791829,1959146327.806546,9.441334184293803e-10,1.8496955196753615
1.7000000000000006,71.0,71000.0,1.0000000000000002e-10,4.6716134568832745e-22,0.8611791974752434,421695.8483791829,1959146327.806546,8.920560342501322e-10,1.7476683036988168
1.7000000000000006,72.0,72000.0,1.0000000000000002e-10,4.6716134568832745e-22,0.8611791974752434,421695.8483791829,1959146327.806546,8.43520311208389e-10,1.65257972013415
1.7000000000000006,73.0,73000.0,1.0000000000000002e-10,4.6716134568832745e-22,0.8611791974752434,421695.8483791829,1959146327.806546,7.982411085422306e-10,1.5638711365047375
1.7000000000000006,74.0,74000.0,1.0000000000000002e-10,4.6716134568832745e-22,0.8611791974752434,421695.8483791829,1959146327.806546,7.559597126557375e-10,1.4810356950191799
1.7000000000000006,75.0,75000.0,1.0000000000000002e-10,4.6716134568832745e-22,0.8611791974752434,421695.8483791829,1959146327.806546,7.164410746149745e-10,1.4036129004217028
1.7000000000000006,76.0,76000.0,1.0000000000000002e-10,4.6716134568832745e-22,0.8611791974752434,421695.8483791829,1959146327.806546,6.794713683091122e-10,1.3311838360724861
1.7000000000000006,77.0,77000.0,1.0000000000000002e-10,4.6716134568832745e-22,0.8611791974752434,421695.8483791829,1959146327.806546,6.448558284470871e-10,1.2633669282667588
1.7000000000000006,78.0,78000.0,1.0000000000000002e-10,4.6716134568832745e-22,0.8611791974752434,421695.8483791829,1959146327.806546,6.124168332067206e-10,1.1998141898638606
1.7000000000000006,79.0,79000.0,1.0000000000000002e-10,4.6716134568832745e-22,0.8611791974752434,421695.8483791829,1959146327.806546,5.819922011584374e-10,1.1402078837116014
1.7000000000000006,80.0,80000.0,1.0000000000000002e-10,4.6716134568832745e-22,0.8611791974752434,421695.8483791829,1959146327.806546,5.534336761838239e-10,1.0842575543800157
1.7000000000000006,81.0,81000.0,1.0000000000000002e-10,4.6716134568832745e-22,0.8611791974752434,421695.8483791829,1959146327.806546,5.266055776115775e-10,1.031697383580167
1.7000000000000006,82.0,82000.0,1.0000000000000002e-10,4.6716134568832745e-22,0.8611791974752434,421695.8483791829,1959146327.806546,5.01383595792634e-10,0.9822838305195805
1.7000000000000006,83.0,83000.0,1.0000000000000002e-10,4.6716134568832745e-22,0.8611791974752434,421695.8483791829,1959146327.806546,4.776537159097859e-10,0.9357935234878081
1.7000000000000006,84.0,84000.0,1.0000000000000002e-10,4.6716134568832745e-22,0.8611791974752434,421695.8483791829,1959146327.806546,4.5531125502960093e-10,0.8920213733002323
1.7000000000000006,85.0,85000.0,1.0000000000000002e-10,4.6716134568832745e-22,0.8611791974752434,421695.8483791829,1959146327.806546,4.3425999931015056e-10,0.8507788829617546
1.7000000000000006,86.0,86000.0,1.0000000000000002e-10,4.6716134568832745e-22,0.8611791974752434,421695.8483791829,1959146327.806546,4.14411429922534e-10,0.8118926311337923
1.7000000000000006,87.0,87000.0,1.0000000000000002e-10,4.6716134568832745e-22,0.8611791974752434,421695.8483791829,1959146327.806546,3.9568402766577136e-10,0.7752029097730997
1.7000000000000006,88.0,88000.0,1.0000000000000002e-10,4.6716134568832745e-22,0.8611791974752434,421695.8483791829,1959146327.806546,3.780026474857072e-10,0.7405624987227756
1.7000000000000006,89.0,89000.0,1.0000000000000002e-10,4.6716134568832745e-22,0.8611791974752434,421695.8483791829,1959146327.806546,3.612979551764724e-10,0.7078355621279999
1.7000000000000006,90.0,90000.0,1.0000000000000002e-10,4.6716134568832745e-22,0.8611791974752434,421695.8483791829,1959146327.806546,3.45505919470956e-10,0.6768966533669477
1.7000000000000006,91.0,91000.0,1.0000000000000002e-10,4.6716134568832745e-22,0.8611791974752434,421695.8483791829,1959146327.806546,3.3056735353432325e-10,0.6476298167694976
1.7000000000000006,92.0,92000.0,1.0000000000000002e-10,4.6716134568832745e-22,0.8611791974752434,421695.8483791829,1959146327.806546,3.16427500578585e-10,0.6199277757755385
1.7000000000000006,93.0,93000.0,1.0000000000000002e-10,4.6716134568832745e-22,0.8611791974752434,421695.8483791829,1959146327.806546,3.030356589308467e-10,0.5936911983888052
1.7000000000000006,94.0,94000.0,1.0000000000000002e-10,4.6716134568832745e-22,0.8611791974752434,421695.8483791829,1959146327.806546,2.9034484242527107e-10,0.56882803183504
1.7000000000000006,95.0,95000.0,1.0000000000000002e-10,4.6716134568832745e-22,0.8611791974752434,421695.8483791829,1959146327.806546,2.7831147245941235e-10,0.5452528992552904
1.7000000000000006,96.0,96000.0,1.0000000000000002e-10,4.6716134568832745e-22,0.8611791974752434,421695.8483791829,1959146327.806546,2.6689509846827933e-10,0.5228865520736959
1.7000000000000006,97.0,97000.0,1.0000000000000002e-10,4.6716134568832745e-22,0.8611791974752434,421695.8483791829,1959146327.806546,2.5605814393194295e-10,0.501655372389226
1.7000000000000006,98.0,98000.0,1.0000000000000002e-10,4.6716134568832745e-22,0.8611791974752434,421695.8483791829,1959146327.806546,2.4576567535125484e-10,0.48149092036530666
1.7000000000000006,99.0,99000.0,1.0000000000000002e-10,4.6716134568832745e-22,0.8611791974752434,421695.8483791829,1959146327.806546,2.3598519190694357e-10,0.46232952214121154
1.7000000000000006,100.0,100000.0,1.0000000000000002e-10,4.6716134568832745e-22,0.8611791974752434,421695.8483791829,1959146327.806546,2.2668643376489432e-10,0.4441118942740545
1.7500000000000007,1.0,1000.0,1.0000000000000002e-10,5.411313629632665e-22,0.8614634561040727,364052.08325242257,2370546636.14946,0.02058521915620018,48798222.02512976
1.7500000000000007,2.0,2000.0,1.0000000000000002e-10,5.411313629632665e-22,0.8614634561040727,364052.08325242257,2370546636.14946,0.0012865761972625112,3049888.87657061
1.7500000000000007,3.0,3000.0,1.0000000000000002e-10,5.411313629632665e-22,0.8614634561040727,364052.08325242257,2370546636.14946,0.0002541385081012368,602447.1854954292
1.7500000000000007,4.0,4000.0,1.0000000000000002e-10,5.411313629632665e-22,0.8614634561040727,364052.08325242257,2370546636.14946,8.041101232890695e-05,190618.05478566312
1.7500000000000007,5.0,5000.0,1.0000000000000002e-10,5.411313629632665e-22,0.8614634561040727,364052.08325242257,2370546636.14946,3.2936350649920285e-05,78077.1552402076
1.7500000000000007,6.0,6000.0,1.0000000000000002e-10,5.411313629632665e-22,0.8614634561040727,364052.08325242257,2370546636.14946,1.58836567563273e-05,37652.949093464325
1.7500000000000007,7.0,7000.0,1.0000000000000002e-10,5.411313629632665e-22,0.8614634561040727,364052.08325242257,2370546636.14946,8.573602314119191e-06,20324.12412541847
1.7500000000000007,8.0,8000.0,1.0000000000000002e-10,5.411313629632665e-22,0.8614634561040727,364052.08325242257,2370546636.14946,5.0256882705566845e-06,11913.628424103945
1.7500000000000007,9.0,9000.0,1.0000000000000002e-10,5.411313629632665e-22,0.8614634561040727,364052.08325242257,2370546636.14946,3.1375124456942813e-06,7437.619574017644
1.7500000000000007,10.0,10000.0,1.0000000000000002e-10,5.411313629632665e-22,0.8614634561040727,364052.08325242257,2370546636.14946,2.058521915620018e-06,4879.822202512975
1.7500000000000007,11.0,11000.0,1.0000000000000002e-10,5.411313629632665e-22,0.8614634561040727,364052.08325242257,2370546636.14946,1.4059981665323527e-06,3332.9842241055767
1.7500000000000007,12.0,12000.0,1.0000000000000002e-10,5.411313629632665e-22,0.8614634561040727,364052.08325242257,2370546636.14946,9.927285472704563e-07,2353.3093183415203
1.7500000000000007,13.0,13000.0,1.0000000000000002e-10,5.411313629632665e-22,0.8614634561040727,364052.08325242257,2370546636.14946,7.207457426630785e-07,1708.561395789005
1.7500000000000007,14.0,14000.0,1.0000000000000002e-10,5.411313629632665e-22,0.8614634561040727,364052.08325242257,2370546636.14946,5.358501446324494e-07,1270.2577578386545
1.7500000000000007,15.0,15000.0,1.0000000000000002e-10,5.411313629632665e-22,0.8614634561040727,364052.08325242257,2370546636.14946,4.0662161296197875e-07,963.9154967926863
1.7500000000000007,16.0,16000.0,1.0000000000000002e-10,5.411313629632665e-22,0.8614634561040727,364052.08325242257,2370546636.14946,3.141055169097928e-07,744.6017765064965
1.7500000000000007,17.0,17000.0,1.0000000000000002e-10,5.411313629632665e-22,0.8614634561040727,364052.08325242257,2370546636.14946,2.4646758487326755e-07,584.2629042412059
1.7500000000000007,18.0,18000.0,1.0000000000000002e-10,5.411313629632665e-22,0.8614634561040727,364052.08325242257,2370546636.14946,1.9609452785589258e-07,464.8512233761027
1.7500000000000007,19.0,19000.0,1.0000000000000002e-10,5.411313629632665e-22,0.8614634561040727,364052.08325242257,2370546636.14946,1.5795780538976967e-07,374.4463442202695
1.7500000000000007,20.0,20000.0,1.0000000000000002e-10,5.411313629632665e-22,0.8614634561040727,364052.08325242257,2370546636.14946,1.286576197262511e-07,304.98888765706096
1.7500000000000007,21.0,21000.0,1.0000000000000002e-10,5.411313629632665e-22,0.8614634561040727,364052.08325242257,2370546636.14946,1.0584694214961963e-07,250.9151126594873
1.7500000000000007,22.0,22000.0,1.0000000000000002e-10,5.411313629632665e-22,0.8614634561040727,364052.08325242257,2370546636.14946,8.787488540827204e-08,208.31151400659854
1.7500000000000007,23.0,23000.0,1.0000000000000002e-10,5.411313629632665e-22,0.8614634561040727,364052.08325242257,2370546636.14946,7.356041164875831e-08,174.37838638773354
1.7500000000000007,24.0,24000.0,1.0000000000000002e-10,5.411313629632665e-22,0.8614634561040727,364052.08325242257,2370546636.14946,6.204553420440352e-08,147.08183239634502
1.7500000000000007,25.0,25000.0,1.0000000000000002e-10,5.411313629632665e-22,0.8614634561040727,364052.08325242257,2370546636.14946,5.269816103987246e-08,124.92344838433219
1.7500000000000007,26.0,26000.0,1.0000000000000002e-10,5.411313629632665e-22,0.8614634561040727,364052.08325242257,2370546636.14946,4.504660891644241e-08,106.78508723681281
1.7500000000000007,27.0,27000.0,1.0000000000000002e-10,5.411313629632665e-22,0.8614634561040727,364052.08325242257,2370546636.14946,3.873472155178124e-08,91.822463876761
1.7500000000000007,28.0,28000.0,1.0000000000000002e-10,5.411313629632665e-22,0.8614634561040727,364052.08325242257,2370546636.14946,3.349063403952809e-08,79.3911098649159
1.7500000000000007,29.0,29000.0,1.0000000000000002e-10,5.411313629632665e-22,0.8614634561040727,364052.08325242257,2370546636.14946,2.910472521699322e-08,68.99410845919763
1.7500000000000007,30.0,30000.0,1.0000000000000002e-10,5.411313629632665e-22,0.8614634561040727,364052.08325242257,2370546636.14946,2.5413850810123672e-08,60.244718549542895
1.7500000000000007,31.0,31000.0,1.0000000000000002e-10,5.411313629632665e-22,0.8614634561040727,364052.08325242257,2370546636.14946,2.2289930771688113e-08,52.83932041082959
1.7500000000000007,32.0,32000.0,1.0000000000000002e-10,5.411313629632665e-22,0.8614634561040727,364052.08325242257,2370546636.14946,1.963159480686205e-08,46.537611031656034
1.7500000000000007,33.0,33000.0,1.0000000000000002e-10,5.411313629632665e-22,0.8614634561040727,364052.08325242257,2370546636.14946,1.7358002055954976e-08,41.14795338401948
1.7500000000000007,34.0,34000.0,1.0000000000000002e-10,5.411313629632665e-22,0.8614634561040727,364052.08325242257,2370546636.14946,1.5404224054579222e-08,36.51643151507537
1.7500000000000007,35.0,35000.0,1.0000000000000002e-10,5.411313629632665e-22,0.8614634561040727,364052.08325242257,2370546636.14946,1.3717763702590703e-08,32.51859860066955
1.7500000000000007,36.0,36000.0,1.0000000000000002e-10,5.411313629632665e-22,0.8614634561040727,364052.08325242257,2370546636.14946,1.2255907990993286e-08,29.05320146100642
1.7500000000000007,37.0,37000.0,1.0000000000000002e-10,5.411313629632665e-22,0.8614634561040727,364052.08325242257,2370546636.14946,1.0983698388879174e-08,26.037369268237768
1.7500000000000007,38.0,38000.0,1.0000000000000002e-10,5.411313629632665e-22,0.8614634561040727,364052.08325242257,2370546636.14946,9.872362836860605e-09,23.402896513766844
1.7500000000000007,39.0,39000.0,1.0000000000000002e-10,5.411313629632665e-22,0.8614634561040727,364052.08325242257,2370546636.14946,8.898095588433062e-09,21.093350565296344
1.7500000000000007,40.0,40000.0,1.0000000000000002e-10,5.411313629632665e-22,0.8614634561040727,364052.08325242257,2370546636.14946,8.041101232890694e-09,19.06180547856631
1.7500000000000007,41.0,41000.0,1.0000000000000002e-10,5.411313629632665e-22,0.8614634561040727,364052.08325242257,2370546636.14946,7.284840846837427e-09,17.269054964354645
1.7500000000000007,42.0,42000.0,1.0000000000000002e-10,5.411313629632665e-22,0.8614634561040727,364052.08325242257,2370546636.14946,6.615433884351227e-09,15.682194541217957
1.7500000000000007,43.0,43000.0,1.0000000000000002e-10,5.411313629632665e-22,0.8614634561040727,364052.08325242257,2370546636.14946,6.021180863174012e-09,14.273490040844656
1.7500000000000007,44.0,44000.0,1.0000000000000002e-10,5.411313629632665e-22,0.8614634561040727,364052.08325242257,2370546636.14946,5.492180338017003e-09,13.019469625412409
1.7500000000000007,45.0,45000.0,1.0000000000000002e-10,5.411313629632665e-22,0.8614634561040727,364052.08325242257,2370546636.14946,5.020019913110849e-09,11.900191318428227
1.7500000000000007,46.0,46000.0,1.0000000000000002e-10,5.411313629632665e-22,0.8614634561040727,364052.08325242257,2370546636.14946,4.597525728047394e-09,10.898649149233346
1.7500000000000007,47.0,47000.0,1.0000000000000002e-10,5.411313629632665e-22,0.8614634561040727,364052.08325242257,2370546636.14946,4.218558376295536e-09,10.00028936832751
1.7500000000000007,48.0,48000.0,1.0000000000000002e-10,5.411313629632665e-22,0.8614634561040727,364052.08325242257,2370546636.14946,3.87784588777522e-09,9.192614524771564
1.7500000000000007,49.0,49000.0,1.0000000000000002e-10,5.411313629632665e-22,0.8614634561040727,364052.08325242257,2370546636.14946,3.570846444864303e-09,8.464858028079332
1.7500000000000007,50.0,50000.0,1.0000000000000002e-10,5.411313629632665e-22,0.8614634561040727,364052.08325242257,2370546636.14946,3.293635064992029e-09,7.807715524020762
1.7500000000000007,51.0,51000.0,1.0000000000000002e-10,5.411313629632665e-22,0.8614634561040727,364052.08325242257,2370546636.14946,3.042809689793426e-09,7.213122274582787
1.7500000000000007,52.0,52000.0,1.0000000000000002e-10,5.411313629632665e-22,0.8614634561040727,364052.08325242257,2370546636.14946,2.8154130572776505e-09,6.674067952300801
1.7500000000000007,53.0,53000.0,1.0000000000000002e-10,5.411313629632665e-22,0.8614634561040727,364052.08325242257,2370546636.14946,2.6088674639987327e-09,6.184441990941968
1.7500000000000007,54.0,54000.0,1.0000000000000002e-10,5.411313629632665e-22,0.8614634561040727,364052.08325242257,2370546636.14946,2.4209200969863275e-09,5.738903992297563
1.7500000000000007,55.0,55000.0,1.0000000000000002e-10,5.411313629632665e-22,0.8614634561040727,364052.08325242257,2370546636.14946,2.2495970664517647e-09,5.332774758568924
1.7500000000000007,56.0,56000.0,1.0000000000000002e-10,5.411313629632665e-22,0.8614634561040727,364052.08325242257,2370546636.14946,2.0931646274705057e-09,4.961944366557244
1.7500000000000007,57.0,57000.0,1.0000000000000002e-10,5.411313629632665e-22,0.8614634561040727,364052.08325242257,2370546636.14946,1.9500963628366625e-09,4.6227943730897465
1.7500000000000007,58.0,58000.0,1.0000000000000002e-10,5.411313629632665e-22,0.8614634561040727,364052.08325242257,2370546636.14946,1.8190453260620763e-09,4.312131778699852
1.7500000000000007,59.0,59000.0,1.0000000000000002e-10,5.411313629632665e-22,0.8614634561040727,364052.08325242257,2370546636.14946,1.6988203253332285e-09,4.027132807641016
1.7500000000000007,60.0,60000.0,1.0000000000000002e-10,5.411313629632665e-22,0.8614634561040727,364052.08325242257,2370546636.14946,1.5883656756327295e-09,3.765294909346431
1.7500000000000007,61.0,61000.0,1.0000000000000002e-10,5.411313629632665e-22,0.8614634561040727,364052.08325242257,2370546636.14946,1.486743864543885e-09,3.524395666910355
1.7500000000000007,62.0,62000.0,1.0000000000000002e-10,5.411313629632665e-22,0.8614634561040727,364052.08325242257,2370546636.14946,1.393120673230507e-09,3.3024575256768496
1.7500000000000007,63.0,63000.0,1.0000000000000002e-10,5.411313629632665e-22,0.8614634561040727,364052.08325242257,2370546636.14946,1.3067523722175261e-09,3.0977174402405834
1.7500000000000007,64.0,64000.0,1.0000000000000002e-10,5.411313629632665e-22,0.8614634561040727,364052.08325242257,2370546636.14946,1.226974675428878e-09,2.908600689478502
1.7500000000000007,65.0,65000.0,1.0000000000000002e-10,5.411313629632665e-22,0.8614634561040727,364052.08325242257,2370546636.14946,1.1531931882609255e-09,2.7336982332624076
1.7500000000000007,66.0,66000.0,1.0000000000000002e-10,5.411313629632665e-22,0.8614634561040727,364052.08325242257,2370546636.14946,1.084875128497186e-09,2.5717470865012175
1.7500000000000007,67.0,67000.0,1.0000000000000002e-10,5.411313629632665e-22,0.8614634561040727,364052.08325242257,2370546636.14946,1.021542134365635e-09,2.4216132703053956
1.7500000000000007,68.0,68000.0,1.0000000000000002e-10,5.411313629632665e-22,0.8614634561040727,364052.08325242257,2370546636.14946,9.627640034112014e-10,2.2822769696922105
1.7500000000000007,69.0,69000.0,1.0000000000000002e-10,5.411313629632665e-22,0.8614634561040727,364052.08325242257,2370546636.14946,9.081532302315843e-10,2.152819585033748
1.7500000000000007,70.0,70000.0,1.0000000000000002e-10,5.411313629632665e-22,0.8614634561040727,364052.08325242257,2370546636.14946,8.573602314119189e-10,2.032412412541847
1.7500000000000007,71.0,71000.0,1.0000000000000002e-10,5.411313629632665e-22,0.8614634561040727,364052.08325242257,2370546636.14946,8.100691629255138e-10,1.9203067292214855
1.7500000000000007,72.0,72000.0,1.0000000000000002e-10,5.411313629632665e-22,0.8614634561040727,364052.08325242257,2370546636.14946,7.659942494370804e-10,1.8158250913129013
1.7500000000000007,73.0,73000.0,1.0000000000000002e-10,5.411313629632665e-22,0.8614634561040727,364052.08325242257,2370546636.14946,7.248765568332269e-10,1.7183536834246087
1.7500000000000007,74.0,74000.0,1.0000000000000002e-10,5.411313629632665e-22,0.8614634561040727,364052.08325242257,2370546636.14946,6.864811493049484e-10,1.6273355792648605
1.7500000000000007,75.0,75000.0,1.0000000000000002e-10,5.411313629632665e-22,0.8614634561040727,364052.08325242257,2370546636.14946,6.505945807391662e-10,1.5422647948682986
1.7500000000000007,76.0,76000.0,1.0000000000000002e-10,5.411313629632665e-22,0.8614634561040727,364052.08325242257,2370546636.14946,6.170226773037878e-10,1.4626810321104278
1.7500000000000007,77.0,77000.0,1.0000000000000002e-10,5.411313629632665e-22,0.8614634561040727,364052.08325242257,2370546636.14946,5.855885741492513e-10,1.388165024617066
1.7500000000000007,78.0,78000.0,1.0000000000000002e-10,5.411313629632665e-22,0.8614634561040727,364052.08325242257,2370546636.14946,5.561309742770664e-10,1.3183344103310215
1.7500000000000007,79.0,79000.0,1.0000000000000002e-10,5.411313629632665e-22,0.8614634561040727,364052.08325242257,2370546636.14946,5.285026019894588e-10,1.2528400653423484
1.7500000000000007,80.0,80000.0,1.0000000000000002e-10,5.411313629632665e-22,0.8614634561040727,364052.08325242257,2370546636.14946,5.025688270556684e-10,1.1913628424103944
1.7500000000000007,81.0,81000.0,1.0000000000000002e-10,5.411313629632665e-22,0.8614634561040727,364052.08325242257,2370546636.14946,4.782064389108795e-10,1.1336106651451976
1.7500000000000007,82.0,82000.0,1.0000000000000002e-10,5.411313629632665e-22,0.8614634561040727,364052.08325242257,2370546636.14946,4.553025529273392e-10,1.0793159352721653
1.7500000000000007,83.0,83000.0,1.0000000000000002e-10,5.411313629632665e-22,0.8614634561040727,364052.08325242257,2370546636.14946,4.337536331342227e-10,1.0282332159439385
1.7500000000000007,84.0,84000.0,1.0000000000000002e-10,5.411313629632665e-22,0.8614634561040727,364052.08325242257,2370546636.14946,4.134646177719517e-10,0.9801371588261223
1.7500000000000007,85.0,85000.0,1.0000000000000002e-10,5.411313629632665e-22,0.8614634561040727,364052.08325242257,2370546636.14946,3.9434813579722804e-10,0.9348206467859294
1.7500000000000007,86.0,86000.0,1.0000000000000002e-10,5.411313629632665e-22,0.8614634561040727,364052.08325242257,2370546636.14946,3.7632380394837576e-10,0.892093127552791
1.7500000000000007,87.0,87000.0,1.0000000000000002e-10,5.411313629632665e-22,0.8614634561040727,364052.08325242257,2370546636.14946,3.5931759527152115e-10,0.8517791167802176
1.7500000000000007,88.0,88000.0,1.0000000000000002e-10,5.411313629632665e-22,0.8614634561040727,364052.08325242257,2370546636.14946,3.4326127112606266e-10,0.8137168515882756
1.7500000000000007,89.0,89000.0,1.0000000000000002e-10,5.411313629632665e-22,0.8614634561040727,364052.08325242257,2370546636.14946,3.2809186965763905e-10,0.7777570779649032
1.7500000000000007,90.0,90000.0,1.0000000000000002e-10,5.411313629632665e-22,0.8614634561040727,364052.08325242257,2370546636.14946,3.137512445694281e-10,0.7437619574017642
1.7500000000000007,91.0,91000.0,1.0000000000000002e-10,5.411313629632665e-22,0.8614634561040727,364052.08325242257,2370546636.14946,3.001856487559676e-10,0.7116040798788023
1.7500000000000007,92.0,92000.0,1.0000000000000002e-10,5.411313629632665e-22,0.8614634561040727,364052.08325242257,2370546636.14946,2.8734535800296215e-10,0.6811655718270841
1.7500000000000007,93.0,93000.0,1.0000000000000002e-10,5.411313629632665e-22,0.8614634561040727,364052.08325242257,2370546636.14946,2.751843305146681e-10,0.6523372890225876
1.7500000000000007,94.0,94000.0,1.0000000000000002e-10,5.411313629632665e-22,0.8614634561040727,364052.08325242257,2370546636.14946,2.63659898518471e-10,0.6250180855204693
1.7500000000000007,95.0,95000.0,1.0000000000000002e-10,5.411313629632665e-22,0.8614634561040727,364052.08325242257,2370546636.14946,2.527324886236315e-10,0.5991141507524312
1.7500000000000007,96.0,96000.0,1.0000000000000002e-10,5.411313629632665e-22,0.8614634561040727,364052.08325242257,2370546636.14946,2.4236536798595124e-10,0.5745384077982227
1.7500000000000007,97.0,97000.0,1.0000000000000002e-10,5.411313629632665e-22,0.8614634561040727,364052.08325242257,2370546636.14946,2.3252441365925217e-10,0.5512099666225657
1.7500000000000007,98.0,98000.0,1.0000000000000002e-10,5.411313629632665e-22,0.8614634561040727,364052.08325242257,2370546636.14946,2.2317790280401895e-10,0.5290536267549583
1.7500000000000007,99.0,99000.0,1.0000000000000002e-10,5.411313629632665e-22,0.8614634561040727,364052.08325242257,2370546636.14946,2.1429632167845645e-10,0.5079994244940675
1.7500000000000007,100.0,100000.0,1.0000000000000002e-10,5.411313629632665e-22,0.8614634561040727,364052.08325242257,2370546636.14946,2.058521915620018e-10,0.4879822202512976
1.8000000000000007,1.0,1000.0,1.0000000000000002e-10,6.244583195667735e-22,0.8617911511078109,315473.4172437184,2857243685.8135896,0.018527939545829496,52938838.27845723
1.8000000000000007,2.0,2000.0,1.0000000000000002e-10,6.244583195667735e-22,0.8617911511078109,315473.4172437184,2857243685.8135896,0.0011579962216143435,3308677.392403577
1.8000000000000007,3.0,3000.0,1.0000000000000002e-10,6.244583195667735e-22,0.8617911511078109,315473.4172437184,2857243685.8135896,0.00022873999439295678,653565.9046723116
1.8000000000000007,4.0,4000.0,1.0000000000000002e-10,6.244583195667735e-22,0.8617911511078109,315473.4172437184,2857243685.8135896,7.237476385089647e-05,206792.33702522356
1.8000000000000007,5.0,5000.0,1.0000000000000002e-10,6.244583195667735e-22,0.8617911511078109,315473.4172437184,2857243685.8135896,2.9644703273327194e-05,84702.14124553157
1.8000000000000007,6.0,6000.0,1.0000000000000002e-10,6.244583195667735e-22,0.8617911511078109,315473.4172437184,2857243685.8135896,1.4296249649559799e-05,40847.869042019476
1.8000000000000007,7.0,7000.0,1.0000000000000002e-10,6.244583195667735e-22,0.8617911511078109,315473.4172437184,2857243685.8135896,7.716759494306329e-06,22048.662340048828
1.8000000000000007,8.0,8000.0,1.0000000000000002e-10,6.244583195667735e-22,0.8617911511078109,315473.4172437184,2857243685.8135896,4.523422740681029e-06,12924.521064076473
1.8000000000000007,9.0,9000.0,1.0000000000000002e-10,6.244583195667735e-22,0.8617911511078109,315473.4172437184,2857243685.8135896,2.8239505480611945e-06,8068.714872497673
1.8000000000000007,10.0,10000.0,1.0000000000000002e-10,6.244583195667735e-22,0.8617911511078109,315473.4172437184,2857243685.8135896,1.8527939545829496e-06,5293.883827845723
1.8000000000000007,11.0,11000.0,1.0000000000000002e-10,6.244583195667735e-22,0.8617911511078109,315473.4172437184,2857243685.8135896,1.265483200999214e-06,3615.793885558174
1.8000000000000007,12.0,12000.0,1.0000000000000002e-10,6.244583195667735e-22,0.8617911511078109,315473.4172437184,2857243685.8135896,8.935156030974874e-07,2552.9918151262173
1.8000000000000007,13.0,13000.0,1.0000000000000002e-10,6.244583195667735e-22,0.8617911511078109,315473.4172437184,2857243685.8135896,6.487146649567418e-07,1853.5358803423287
1.8000000000000007,14.0,14000.0,1.0000000000000002e-10,6.244583195667735e-22,0.8617911511078109,315473.4172437184,2857243685.8135896,4.822974683941456e-07,1378.0413962530517
1.8000000000000007,15.0,15000.0,1.0000000000000002e-10,6.244583195667735e-22,0.8617911511078109,315473.4172437184,2857243685.8135896,3.659839910287307e-07,1045.7054474756983
1.8000000000000007,16.0,16000.0,1.0000000000000002e-10,6.244583195667735e-22,0.8617911511078109,315473.4172437184,2857243685.8135896,2.8271392129256434e-07,807.7825665047795
1.8000000000000007,17.0,17000.0,1.0000000000000002e-10,6.244583195667735e-22,0.8617911511078109,315473.4172437184,2857243685.8135896,2.218357005523102e-07,633.8386546911225
1.8000000000000007,18.0,18000.0,1.0000000000000002e-10,6.244583195667735e-22,0.8617911511078109,315473.4172437184,2857243685.8135896,1.7649690925382466e-07,504.2946795311046
1.8000000000000007,19.0,19000.0,1.0000000000000002e-10,6.244583195667735e-22,0.8617911511078109,315473.4172437184,2857243685.8135896,1.421715575066911e-07,406.2187849882768
1.8000000000000007,20.0,20000.0,1.0000000000000002e-10,6.244583195667735e-22,0.8617911511078109,315473.4172437184,2857243685.8135896,1.1579962216143435e-07,330.8677392403577
1.8000000000000007,21.0,21000.0,1.0000000000000002e-10,6.244583195667735e-22,0.8617911511078109,315473.4172437184,2857243685.8135896,9.526863573217688e-08,272.20570790183734
1.8000000000000007,22.0,22000.0,1.0000000000000002e-10,6.244583195667735e-22,0.8617911511078109,315473.4172437184,2857243685.8135896,7.909270006245088e-08,225.9871178473859
1.8000000000000007,23.0,23000.0,1.0000000000000002e-10,6.244583195667735e-22,0.8617911511078109,315473.4172437184,2857243685.8135896,6.620880980924701e-08,189.17470377270388
1.8000000000000007,24.0,24000.0,1.0000000000000002e-10,6.244583195667735e-22,0.8617911511078109,315473.4172437184,2857243685.8135896,5.584472519359296e-08,159.56198844538858
1.8000000000000007,25.0,25000.0,1.0000000000000002e-10,6.244583195667735e-22,0.8617911511078109,315473.4172437184,2857243685.8135896,4.743152523732352e-08,135.52342599285055
1.8000000000000007,26.0,26000.0,1.0000000000000002e-10,6.244583195667735e-22,0.8617911511078109,315473.4172437184,2857243685.8135896,4.054466655979636e-08,115.84599252139554
1.8000000000000007,27.0,27000.0,1.0000000000000002e-10,6.244583195667735e-22,0.8617911511078109,315473.4172437184,2857243685.8135896,3.4863587013101156e-08,99.61376385799593
1.8000000000000007,28.0,28000.0,1.0000000000000002e-10,6.244583195667735e-22,0.8617911511078109,315473.4172437184,2857243685.8135896,3.01435917746341e-08,86.12758726581573
1.8000000000000007,29.0,29000.0,1.0000000000000002e-10,6.244583195667735e-22,0.8617911511078109,315473.4172437184,2857243685.8135896,2.619600914746685e-08,74.8483817301147
1.8000000000000007,30.0,30000.0,1.0000000000000002e-10,6.244583195667735e-22,0.8617911511078109,315473.4172437184,2857243685.8135896,2.2873999439295668e-08,65.35659046723114
1.8000000000000007,31.0,31000.0,1.0000000000000002e-10,6.244583195667735e-22,0.8617911511078109,315473.4172437184,2857243685.8135896,2.00622828780607e-08,57.32283107634502
1.8000000000000007,32.0,32000.0,1.0000000000000002e-10,6.244583195667735e-22,0.8617911511078109,315473.4172437184,2857243685.8135896,1.766962008078527e-08,50.48641040654872
1.8000000000000007,33.0,33000.0,1.0000000000000002e-10,6.244583195667735e-22,0.8617911511078109,315473.4172437184,2857243685.8135896,1.562324939505203e-08,44.6394306859034
1.8000000000000007,34.0,34000.0,1.0000000000000002e-10,6.244583195667735e-22,0.8617911511078109,315473.4172437184,2857243685.8135896,1.3864731284519387e-08,39.61491591819516
1.8000000000000007,35.0,35000.0,1.0000000000000002e-10,6.244583195667735e-22,0.8617911511078109,315473.4172437184,2857243685.8135896,1.2346815190890125e-08,35.27785974407812
1.8000000000000007,36.0,36000.0,1.0000000000000002e-10,6.244583195667735e-22,0.8617911511078109,315473.4172437184,2857243685.8135896,1.1031056828364041e-08,31.518417470694036
1.8000000000000007,37.0,37000.0,1.0000000000000002e-10,6.244583195667735e-22,0.8617911511078109,315473.4172437184,2857243685.8135896,9.885991409398392e-09,28.246686532510946
1.8000000000000007,38.0,38000.0,1.0000000000000002e-10,6.244583195667735e-22,0.8617911511078109,315473.4172437184,2857243685.8135896,8.885722344168194e-09,25.3886740617673
1.8000000000000007,39.0,39000.0,1.0000000000000002e-10,6.244583195667735e-22,0.8617911511078109,315473.4172437184,2857243685.8135896,8.008823024157301e-09,22.883159016571945
1.8000000000000007,40.0,40000.0,1.0000000000000002e-10,6.244583195667735e-22,0.8617911511078109,315473.4172437184,2857243685.8135896,7.237476385089647e-09,20.679233702522357
1.8000000000000007,41.0,41000.0,1.0000000000000002e-10,6.244583195667735e-22,0.8617911511078109,315473.4172437184,2857243685.8135896,6.556796397794964e-09,18.73436510676495
1.8000000000000007,42.0,42000.0,1.0000000000000002e-10,6.244583195667735e-22,0.8617911511078109,315473.4172437184,2857243685.8135896,5.954289733261055e-09,17.012856743864834
1.8000000000000007,43.0,43000.0,1.0000000000000002e-10,6.244583195667735e-22,0.8617911511078109,315473.4172437184,2857243685.8135896,5.4194261513991295e-09,15.484621151818205
1.8000000000000007,44.0,44000.0,1.0000000000000002e-10,6.244583195667735e-22,0.8617911511078109,315473.4172437184,2857243685.8135896,4.94329375390318e-09,14.124194865461618
1.8000000000000007,45.0,45000.0,1.0000000000000002e-10,6.244583195667735e-22,0.8617911511078109,315473.4172437184,2857243685.8135896,4.51832087689791e-09,12.909943795996275
1.8000000000000007,46.0,46000.0,1.0000000000000002e-10,6.244583195667735e-22,0.8617911511078109,315473.4172437184,2857243685.8135896,4.138050613077938e-09,11.823418985793992
1.8000000000000007,47.0,47000.0,1.0000000000000002e-10,6.244583195667735e-22,0.8617911511078109,315473.4172437184,2857243685.8135896,3.796957126055883e-09,10.848831773728085
1.8000000000000007,48.0,48000.0,1.0000000000000002e-10,6.244583195667735e-22,0.8617911511078109,315473.4172437184,2857243685.8135896,3.49029532459956e-09,9.972624277836786
1.8000000000000007,49.0,49000.0,1.0000000000000002e-10,6.244583195667735e-22,0.8617911511078109,315473.4172437184,2857243685.8135896,3.213977298753157e-09,9.183116343210674
1.8000000000000007,50.0,50000.0,1.0000000000000002e-10,6.244583195667735e-22,0.8617911511078109,315473.4172437184,2857243685.8135896,2.96447032733272e-09,8.47021412455316
1.8000000000000007,51.0,51000.0,1.0000000000000002e-10,6.244583195667735e-22,0.8617911511078109,315473.4172437184,2857243685.8135896,2.738712352497656e-09,7.82516857643361
1.8000000000000007,52.0,52000.0,1.0000000000000002e-10,6.244583195667735e-22,0.8617911511078109,315473.4172437184,2857243685.8135896,2.5340416599872726e-09,7.2403745325872215
1.8000000000000007,53.0,53000.0,1.0000000000000002e-10,6.244583195667735e-22,0.8617911511078109,315473.4172437184,2857243685.8135896,2.3481381611373884e-09,6.709202934327736
1.8000000000000007,54.0,54000.0,1.0000000000000002e-10,6.244583195667735e-22,0.8617911511078109,315473.4172437184,2857243685.8135896,2.1789741883188222e-09,6.225860241124746
1.8000000000000007,55.0,55000.0,1.0000000000000002e-10,6.244583195667735e-22,0.8617911511078109,315473.4172437184,2857243685.8135896,2.024773121598743e-09,5.785270216893079
1.8000000000000007,56.0,56000.0,1.0000000000000002e-10,6.244583195667735e-22,0.8617911511078109,315473.4172437184,2857243685.8135896,1.883974485914631e-09,5.382974204113483
1.8000000000000007,57.0,57000.0,1.0000000000000002e-10,6.244583195667735e-22,0.8617911511078109,315473.4172437184,2857243685.8135896,1.7552044136628533e-09,5.015046728250331
1.8000000000000007,58.0,58000.0,1.0000000000000002e-10,6.244583195667735e-22,0.8617911511078109,315473.4172437184,2857243685.8135896,1.637250571716678e-09,4.6780238581321685
1.8000000000000007,59.0,59000.0,1.0000000000000002e-10,6.244583195667735e-22,0.8617911511078109,315473.4172437184,2857243685.8135896,1.5290408155562497e-09,4.368842215599356
1.8000000000000007,60.0,60000.0,1.0000000000000002e-10,6.244583195667735e-22,0.8617911511078109,315473.4172437184,2857243685.8135896,1.4296249649559793e-09,4.0847869042019465
1.8000000000000007,61.0,61000.0,1.0000000000000002e-10,6.244583195667735e-22,0.8617911511078109,315473.4172437184,2857243685.8135896,1.3381592021625475e-09,3.8234469309922896
1.8000000000000007,62.0,62000.0,1.0000000000000002e-10,6.244583195667735e-22,0.8617911511078109,315473.4172437184,2857243685.8135896,1.2538926798787937e-09,3.5826769422715636
1.8000000000000007,63.0,63000.0,1.0000000000000002e-10,6.244583195667735e-22,0.8617911511078109,315473.4172437184,2857243685.8135896,1.1761559966935417e-09,3.3605642950844112
1.8000000000000007,64.0,64000.0,1.0000000000000002e-10,6.244583195667735e-22,0.8617911511078109,315473.4172437184,2857243685.8135896,1.1043512550490794e-09,3.155400650409295
1.8000000000000007,65.0,65000.0,1.0000000000000002e-10,6.244583195667735e-22,0.8617911511078109,315473.4172437184,2857243685.8135896,1.0379434639307868e-09,2.965657408547726
1.8000000000000007,66.0,66000.0,1.0000000000000002e-10,6.244583195667735e-22,0.8617911511078109,315473.4172437184,2857243685.8135896,9.76453087190752e-10,2.7899644178689624
1.8000000000000007,67.0,67000.0,1.0000000000000002e-10,6.244583195667735e-22,0.8617911511078109,315473.4172437184,2857243685.8135896,9.194495703653156e-10,2.627091479350316
1.8000000000000007,68.0,68000.0,1.0000000000000002e-10,6.244583195667735e-22,0.8617911511078109,315473.4172437184,2857243685.8135896,8.665457052824617e-10,2.4759322448871974
1.8000000000000007,69.0,69000.0,1.0000000000000002e-10,6.244583195667735e-22,0.8617911511078109,315473.4172437184,2857243685.8135896,8.173927136944078e-10,2.335490170033382
1.8000000000000007,70.0,70000.0,1.0000000000000002e-10,6.244583195667735e-22,0.8617911511078109,315473.4172437184,2857243685.8135896,7.716759494306328e-10,2.2048662340048826
1.8000000000000007,71.0,71000.0,1.0000000000000002e-10,6.244583195667735e-22,0.8617911511078109,315473.4172437184,2857243685.8135896,7.291111338061225e-10,2.083248183323931
1.8000000000000007,72.0,72000.0,1.0000000000000002e-10,6.244583195667735e-22,0.8617911511078109,315473.4172437184,2857243685.8135896,6.894410517727526e-10,1.9699010919183773
1.8000000000000007,73.0,73000.0,1.0000000000000002e-10,6.244583195667735e-22,0.8617911511078109,315473.4172437184,2857243685.8135896,6.524326470019567e-10,1.8641590610649872
1.8000000000000007,74.0,74000.0,1.0000000000000002e-10,6.244583195667735e-22,0.8617911511078109,315473.4172437184,2857243685.8135896,6.178744630873995e-10,1.7654179082819341
1.8000000000000007,75.0,75000.0,1.0000000000000002e-10,6.244583195667735e-22,0.8617911511078109,315473.4172437184,2857243685.8135896,5.855743856459693e-10,1.6731287159611177
1.8000000000000007,76.0,76000.0,1.0000000000000002e-10,6.244583195667735e-22,0.8617911511078109,315473.4172437184,2857243685.8135896,5.553576465105121e-10,1.5867921288604563
1.8000000000000007,77.0,77000.0,1.0000000000000002e-10,6.244583195667735e-22,0.8617911511078109,315473.4172437184,2857243685.8135896,5.270650566427379e-10,1.5059533051054448
1.8000000000000007,78.0,78000.0,1.0000000000000002e-10,6.244583195667735e-22,0.8617911511078109,315473.4172437184,2857243685.8135896,5.005514390098313e-10,1.4301974385357465
1.8000000000000007,79.0,79000.0,1.0000000000000002e-10,6.244583195667735e-22,0.8617911511078109,315473.4172437184,2857243685.8135896,4.756842365957981e-10,1.3591457814544017
1.8000000000000007,80.0,80000.0,1.0000000000000002e-10,6.244583195667735e-22,0.8617911511078109,315473.4172437184,2857243685.8135896,4.5234227406810294e-10,1.2924521064076473
1.8000000000000007,81.0,81000.0,1.0000000000000002e-10,6.244583195667735e-22,0.8617911511078109,315473.4172437184,2857243685.8135896,4.3041465448273033e-10,1.2297995538024191
1.8000000000000007,82.0,82000.0,1.0000000000000002e-10,6.244583195667735e-22,0.8617911511078109,315473.4172437184,2857243685.8135896,4.0979977486218525e-10,1.1708978191728094
1.8000000000000007,83.0,83000.0,1.0000000000000002e-10,6.244583195667735e-22,0.8617911511078109,315473.4172437184,2857243685.8135896,3.904044465843934e-10,1.115480639916807
1.8000000000000007,84.0,84000.0,1.0000000000000002e-10,6.244583195667735e-22,0.8617911511078109,315473.4172437184,2857243685.8135896,3.7214310832881596e-10,1.0633035464915521
1.8000000000000007,85.0,85000.0,1.0000000000000002e-10,6.244583195667735e-22,0.8617911511078109,315473.4172437184,2857243685.8135896,3.5493712088369624e-10,1.014141847505796
1.8000000000000007,86.0,86000.0,1.0000000000000002e-10,6.244583195667735e-22,0.8617911511078109,315473.4172437184,2857243685.8135896,3.387141344624456e-10,0.9677888219886378
1.8000000000000007,87.0,87000.0,1.0000000000000002e-10,6.244583195667735e-22,0.8617911511078109,315473.4172437184,2857243685.8135896,3.2340752033909684e-10,0.9240540954335145
1.8000000000000007,88.0,88000.0,1.0000000000000002e-10,6.244583195667735e-22,0.8617911511078109,315473.4172437184,2857243685.8135896,3.0895585961894876e-10,0.8827621790913511
1.8000000000000007,89.0,89000.0,1.0000000000000002e-10,6.244583195667735e-22,0.8617911511078109,315473.4172437184,2857243685.8135896,2.9530248283336733e-10,0.8437511544807147
1.8000000000000007,90.0,90000.0,1.0000000000000002e-10,6.244583195667735e-22,0.8617911511078109,315473.4172437184,2857243685.8135896,2.823950548061194e-10,0.8068714872497672
1.8000000000000007,91.0,91000.0,1.0000000000000002e-10,6.244583195667735e-22,0.8617911511078109,315473.4172437184,2857243685.8135896,2.7018519989868454e-10,0.7719849564107989
1.8000000000000007,92.0,92000.0,1.0000000000000002e-10,6.244583195667735e-22,0.8617911511078109,315473.4172437184,2857243685.8135896,2.5862816331737113e-10,0.7389636866121245
1.8000000000000007,93.0,93000.0,1.0000000000000002e-10,6.244583195667735e-22,0.8617911511078109,315473.4172437184,2857243685.8135896,2.4768250466741607e-10,0.7076892725474695
1.8000000000000007,94.0,94000.0,1.0000000000000002e-10,6.244583195667735e-22,0.8617911511078109,315473.4172437184,2857243685.8135896,2.373098203784927e-10,0.6780519858580053
1.8000000000000007,95.0,95000.0,1.0000000000000002e-10,6.244583195667735e-22,0.8617911511078109,315473.4172437184,2857243685.8135896,2.2747449201070578e-10,0.6499500559812429
1.8000000000000007,96.0,96000.0,1.0000000000000002e-10,6.244583195667735e-22,0.8617911511078109,315473.4172437184,2857243685.8135896,2.181434577874725e-10,0.6232890173647991
1.8000000000000007,97.0,97000.0,1.0000000000000002e-10,6.244583195667735e-22,0.8617911511078109,315473.4172437184,2857243685.8135896,2.0928600499793385e-10,0.5979811163094979
1.8000000000000007,98.0,98000.0,1.0000000000000002e-10,6.244583195667735e-22,0.8617911511078109,315473.4172437184,2857243685.8135896,2.008735811720723e-10,0.5739447714506671
1.8000000000000007,99.0,99000.0,1.0000000000000002e-10,6.244583195667735e-22,0.8617911511078109,315473.4172437184,2857243685.8135896,1.9287962216113614e-10,0.5511040825420171
1.8000000000000007,100.0,100000.0,1.0000000000000002e-10,6.244583195667735e-22,0.8617911511078109,315473.4172437184,2857243685.8135896,1.85279395458295e-10,0.5293883827845725
1.8500000000000008,1.0,1000.0,1.0000000000000002e-10,7.180715372732441e-22,0.8621624067282858,274345.9248476473,3431807949.4030914,0.016468585550122306,56517022.806334615
1.8500000000000008,2.0,2000.0,1.0000000000000002e-10,7.180715372732441e-22,0.8621624067282858,274345.9248476473,3431807949.4030914,0.0010292865968826441,3532313.9253959134
1.8500000000000008,3.0,3000.0,1.0000000000000002e-10,7.180715372732441e-22,0.8621624067282858,274345.9248476473,3431807949.4030914,0.0002033158709891643,697741.0223004274
1.8500000000000008,4.0,4000.0,1.0000000000000002e-10,7.180715372732441e-22,0.8621624067282858,274345.9248476473,3431807949.4030914,6.433041230516526e-05,220769.6203372446
1.8500000000000008,5.0,5000.0,1.0000000000000002e-10,7.180715372732441e-22,0.8621624067282858,274345.9248476473,3431807949.4030914,2.634973688019569e-05,90427.23649013539
1.8500000000000008,6.0,6000.0,1.0000000000000002e-10,7.180715372732441e-22,0.8621624067282858,274345.9248476473,3431807949.4030914,1.270724193682277e-05,43608.813893776714
1.8500000000000008,7.0,7000.0,1.0000000000000002e-10,7.180715372732441e-22,0.8621624067282858,274345.9248476473,3431807949.4030914,6.859052707256271e-06,23538.951606136867
1.8500000000000008,8.0,8000.0,1.0000000000000002e-10,7.180715372732441e-22,0.8621624067282858,274345.9248476473,3431807949.4030914,4.020650769072829e-06,13798.101271077787
1.8500000000000008,9.0,9000.0,1.0000000000000002e-10,7.180715372732441e-22,0.8621624067282858,274345.9248476473,3431807949.4030914,2.5100724813477074e-06,8614.086695067004
1.8500000000000008,10.0,10000.0,1.0000000000000002e-10,7.180715372732441e-22,0.8621624067282858,274345.9248476473,3431807949.4030914,1.6468585550122307e-06,5651.702280633462
1.8500000000000008,11.0,11000.0,1.0000000000000002e-10,7.180715372732441e-22,0.8621624067282858,274345.9248476473,3431807949.4030914,1.1248265521564309e-06,3860.1887033901103
1.8500000000000008,12.0,12000.0,1.0000000000000002e-10,7.180715372732441e-22,0.8621624067282858,274345.9248476473,3431807949.4030914,7.942026210514231e-07,2725.5508683610446
1.8500000000000008,13.0,13000.0,1.0000000000000002e-10,7.180715372732441e-22,0.8621624067282858,274345.9248476473,3431807949.4030914,5.766109572536785e-07,1978.8180668160999
1.8500000000000008,14.0,14000.0,1.0000000000000002e-10,7.180715372732441e-22,0.8621624067282858,274345.9248476473,3431807949.4030914,4.2869079420351695e-07,1471.1844753835542
1.8500000000000008,15.0,15000.0,1.0000000000000002e-10,7.180715372732441e-22,0.8621624067282858,274345.9248476473,3431807949.4030914,3.253053935826628e-07,1116.3856356806837
1.8500000000000008,16.0,16000.0,1.0000000000000002e-10,7.180715372732441e-22,0.8621624067282858,274345.9248476473,3431807949.4030914,2.512906730670518e-07,862.3813294423617
1.8500000000000008,17.0,17000.0,1.0000000000000002e-10,7.180715372732441e-22,0.8621624067282858,274345.9248476473,3431807949.4030914,1.9717897953954466e-07,676.6803894389989
1.8500000000000008,18.0,18000.0,1.0000000000000002e-10,7.180715372732441e-22,0.8621624067282858,274345.9248476473,3431807949.4030914,1.568795300842317e-07,538.3804184416878
1.8500000000000008,19.0,19000.0,1.0000000000000002e-10,7.180715372732441e-22,0.8621624067282858,274345.9248476473,3431807949.4030914,1.2636939211732802e-07,433.67548442948265
1.8500000000000008,20.0,20000.0,1.0000000000000002e-10,7.180715372732441e-22,0.8621624067282858,274345.9248476473,3431807949.4030914,1.0292865968826442e-07,353.23139253959135
1.8500000000000008,21.0,21000.0,1.0000000000000002e-10,7.180715372732441e-22,0.8621624067282858,274345.9248476473,3431807949.4030914,8.467966305254655e-08,290.6043408165045
1.8500000000000008,22.0,22000.0,1.0000000000000002e-10,7.180715372732441e-22,0.8621624067282858,274345.9248476473,3431807949.4030914,7.030165950977693e-08,241.2617939618819
1.8500000000000008,23.0,23000.0,1.0000000000000002e-10,7.180715372732441e-22,0.8621624067282858,274345.9248476473,3431807949.4030914,5.8849795241305974e-08,201.96119512985805
1.8500000000000008,24.0,24000.0,1.0000000000000002e-10,7.180715372732441e-22,0.8621624067282858,274345.9248476473,3431807949.4030914,4.963766381571394e-08,170.3469292725653
1.8500000000000008,25.0,25000.0,1.0000000000000002e-10,7.180715372732441e-22,0.8621624067282858,274345.9248476473,3431807949.4030914,4.2159579008313115e-08,144.68357838421664
1.8500000000000008,26.0,26000.0,1.0000000000000002e-10,7.180715372732441e-22,0.8621624067282858,274345.9248476473,3431807949.4030914,3.6038184828354905e-08,123.67612917600624
1.8500000000000008,27.0,27000.0,1.0000000000000002e-10,7.180715372732441e-22,0.8621624067282858,274345.9248476473,3431807949.4030914,3.098854915244082e-08,106.34674932181484
1.8500000000000008,28.0,28000.0,1.0000000000000002e-10,7.180715372732441e-22,0.8621624067282858,274345.9248476473,3431807949.4030914,2.679317463771981e-08,91.94902971147214
1.8500000000000008,29.0,29000.0,1.0000000000000002e-10,7.180715372732441e-22,0.8621624067282858,274345.9248476473,3431807949.4030914,2.3284360176679864e-08,79.90745235109473
1.8500000000000008,30.0,30000.0,1.0000000000000002e-10,7.180715372732441e-22,0.8621624067282858,274345.9248476473,3431807949.4030914,2.0331587098916425e-08,69.77410223004273
1.8500000000000008,31.0,31000.0,1.0000000000000002e-10,7.180715372732441e-22,0.8621624067282858,274345.9248476473,3431807949.4030914,1.783238881424711e-08,61.19733368958
1.8500000000000008,32.0,32000.0,1.0000000000000002e-10,7.180715372732441e-22,0.8621624067282858,274345.9248476473,3431807949.4030914,1.5705667066690737e-08,53.898833090147605
1.8500000000000008,33.0,33000.0,1.0000000000000002e-10,7.180715372732441e-22,0.8621624067282858,274345.9248476473,3431807949.4030914,1.3886747557486805e-08,47.656650659137185
1.8500000000000008,34.0,34000.0,1.0000000000000002e-10,7.180715372732441e-22,0.8621624067282858,274345.9248476473,3431807949.4030914,1.2323686221221541e-08,42.29252433993743
1.8500000000000008,35.0,35000.0,1.0000000000000002e-10,7.180715372732441e-22,0.8621624067282858,274345.9248476473,3431807949.4030914,1.0974484331610032e-08,37.66232256981898
1.8500000000000008,36.0,36000.0,1.0000000000000002e-10,7.180715372732441e-22,0.8621624067282858,274345.9248476473,3431807949.4030914,9.804970630264482e-09,33.648776152605485
1.8500000000000008,37.0,37000.0,1.0000000000000002e-10,7.180715372732441e-22,0.8621624067282858,274345.9248476473,3431807949.4030914,8.7871775958001e-09,30.155905926083527
1.8500000000000008,38.0,38000.0,1.0000000000000002e-10,7.180715372732441e-22,0.8621624067282858,274345.9248476473,3431807949.4030914,7.898087007333001e-09,27.104717776842666
1.8500000000000008,39.0,39000.0,1.0000000000000002e-10,7.180715372732441e-22,0.8621624067282858,274345.9248476473,3431807949.4030914,7.118653793255286e-09,24.429852676741962
1.8500000000000008,40.0,40000.0,1.0000000000000002e-10,7.180715372732441e-22,0.8621624067282858,274345.9248476473,3431807949.4030914,6.433041230516526e-09,22.07696203372446
1.8500000000000008,41.0,41000.0,1.0000000000000002e-10,7.180715372732441e-22,0.8621624067282858,274345.9248476473,3431807949.4030914,5.8280178508098545e-09,20.000637989672377
1.8500000000000008,42.0,42000.0,1.0000000000000002e-10,7.180715372732441e-22,0.8621624067282858,274345.9248476473,3431807949.4030914,5.292478940784159e-09,18.16277130103153
1.8500000000000008,43.0,43000.0,1.0000000000000002e-10,7.180715372732441e-22,0.8621624067282858,274345.9248476473,3431807949.4030914,4.817064681484037e-09,16.53124086670579
1.8500000000000008,44.0,44000.0,1.0000000000000002e-10,7.180715372732441e-22,0.8621624067282858,274345.9248476473,3431807949.4030914,4.393853719361058e-09,15.078862122617618
1.8500000000000008,45.0,45000.0,1.0000000000000002e-10,7.180715372732441e-22,0.8621624067282858,274345.9248476473,3431807949.4030914,4.016115970156331e-09,13.782538712107206
1.8500000000000008,46.0,46000.0,1.0000000000000002e-10,7.180715372732441e-22,0.8621624067282858,274345.9248476473,3431807949.4030914,3.6781122025816234e-09,12.622574695616128
1.8500000000000008,47.0,47000.0,1.0000000000000002e-10,7.180715372732441e-22,0.8621624067282858,274345.9248476473,3431807949.4030914,3.37493076906509e-09,11.582114241962664
1.8500000000000008,48.0,48000.0,1.0000000000000002e-10,7.180715372732441e-22,0.8621624067282858,274345.9248476473,3431807949.4030914,3.1023539884821214e-09,10.64668307953533
1.8500000000000008,49.0,49000.0,1.0000000000000002e-10,7.180715372732441e-22,0.8621624067282858,274345.9248476473,3431807949.4030914,2.8567483162250195e-09,9.803811581064918
1.8500000000000008,50.0,50000.0,1.0000000000000002e-10,7.180715372732441e-22,0.8621624067282858,274345.9248476473,3431807949.4030914,2.6349736880195697e-09,9.04272364901354
1.8500000000000008,51.0,51000.0,1.0000000000000002e-10,7.180715372732441e-22,0.8621624067282858,274345.9248476473,3431807949.4030914,2.434308389377094e-09,8.354078881962947
1.8500000000000008,52.0,52000.0,1.0000000000000002e-10,7.180715372732441e-22,0.8621624067282858,274345.9248476473,3431807949.4030914,2.2523865517721816e-09,7.72975807350039
1.8500000000000008,53.0,53000.0,1.0000000000000002e-10,7.180715372732441e-22,0.8621624067282858,274345.9248476473,3431807949.4030914,2.0871459610792184e-09,7.162684100796217
1.8500000000000008,54.0,54000.0,1.0000000000000002e-10,7.180715372732441e-22,0.8621624067282858,274345.9248476473,3431807949.4030914,1.9367843220275514e-09,6.6466718326134275
1.8500000000000008,55.0,55000.0,1.0000000000000002e-10,7.180715372732441e-22,0.8621624067282858,274345.9248476473,3431807949.4030914,1.7997224834502898e-09,6.176301925424179
1.8500000000000008,56.0,56000.0,1.0000000000000002e-10,7.180715372732441e-22,0.8621624067282858,274345.9248476473,3431807949.4030914,1.6745734148574881e-09,5.7468143569670085
1.8500000000000008,57.0,57000.0,1.0000000000000002e-10,7.180715372732441e-22,0.8621624067282858,274345.9248476473,3431807949.4030914,1.5601159520657778e-09,5.354018326289909
1.8500000000000008,58.0,58000.0,1.0000000000000002e-10,7.180715372732441e-22,0.8621624067282858,274345.9248476473,3431807949.4030914,1.4552725110424915e-09,4.994215771943421
1.8500000000000008,59.0,59000.0,1.0000000000000002e-10,7.180715372732441e-22,0.8621624067282858,274345.9248476473,3431807949.4030914,1.3590901145985751e-09,4.6641362592345486
1.8500000000000008,60.0,60000.0,1.0000000000000002e-10,7.180715372732441e-22,0.8621624067282858,274345.9248476473,3431807949.4030914,1.2707241936822766e-09,4.360881389377671
1.8500000000000008,61.0,61000.0,1.0000000000000002e-10,7.180715372732441e-22,0.8621624067282858,274345.9248476473,3431807949.4030914,1.1894247196773602e-09,4.0818772082053085
1.8500000000000008,62.0,62000.0,1.0000000000000002e-10,7.180715372732441e-22,0.8621624067282858,274345.9248476473,3431807949.4030914,1.1145243008904443e-09,3.82483335559875
1.8500000000000008,63.0,63000.0,1.0000000000000002e-10,7.180715372732441e-22,0.8621624067282858,274345.9248476473,3431807949.4030914,1.0454279389203276e-09,3.5877079113148698
1.8500000000000008,64.0,64000.0,1.0000000000000002e-10,7.180715372732441e-22,0.8621624067282858,274345.9248476473,3431807949.4030914,9.81604191668171e-10,3.3686770681342253
1.8500000000000008,65.0,65000.0,1.0000000000000002e-10,7.180715372732441e-22,0.8621624067282858,274345.9248476473,3431807949.4030914,9.225775316058855e-10,3.1661089069057597
1.8500000000000008,66.0,66000.0,1.0000000000000002e-10,7.180715372732441e-22,0.8621624067282858,274345.9248476473,3431807949.4030914,8.679217223429253e-10,2.978540666196074
1.8500000000000008,67.0,67000.0,1.0000000000000002e-10,7.180715372732441e-22,0.8621624067282858,274345.9248476473,3431807949.4030914,8.172540649288098e-10,2.8046589967046796
1.8500000000000008,68.0,68000.0,1.0000000000000002e-10,7.180715372732441e-22,0.8621624067282858,274345.9248476473,3431807949.4030914,7.702303888263463e-10,2.6432827712460893
1.8500000000000008,69.0,69000.0,1.0000000000000002e-10,7.180715372732441e-22,0.8621624067282858,274345.9248476473,3431807949.4030914,7.265406819914319e-10,2.4933480880229397
1.8500000000000008,70.0,70000.0,1.0000000000000002e-10,7.180715372732441e-22,0.8621624067282858,274345.9248476473,3431807949.4030914,6.85905270725627e-10,2.3538951606136864
1.8500000000000008,71.0,71000.0,1.0000000000000002e-10,7.180715372732441e-22,0.8621624067282858,274345.9248476473,3431807949.4030914,6.480714735133938e-10,2.2240568345846397
1.8500000000000008,72.0,72000.0,1.0000000000000002e-10,7.180715372732441e-22,0.8621624067282858,274345.9248476473,3431807949.4030914,6.128106643915301e-10,2.103048509537843
1.8500000000000008,73.0,73000.0,1.0000000000000002e-10,7.180715372732441e-22,0.8621624067282858,274345.9248476473,3431807949.4030914,5.799156909092469e-10,1.9901592780459396
1.8500000000000008,74.0,74000.0,1.0000000000000002e-10,7.180715372732441e-22,0.8621624067282858,274345.9248476473,3431807949.4030914,5.491985997375062e-10,1.8847441203802204
1.8500000000000008,75.0,75000.0,1.0000000000000002e-10,7.180715372732441e-22,0.8621624067282858,274345.9248476473,3431807949.4030914,5.204886297322606e-10,1.786217017089094
1.8500000000000008,76.0,76000.0,1.0000000000000002e-10,7.180715372732441e-22,0.8621624067282858,274345.9248476473,3431807949.4030914,4.936304379583126e-10,1.6940448610526666
1.8500000000000008,77.0,77000.0,1.0000000000000002e-10,7.180715372732441e-22,0.8621624067282858,274345.9248476473,3431807949.4030914,4.684825290114247e-10,1.6077420672178717
1.8500000000000008,78.0,78000.0,1.0000000000000002e-10,7.180715372732441e-22,0.8621624067282858,274345.9248476473,3431807949.4030914,4.449158620784554e-10,1.5268657922963726
1.8500000000000008,79.0,79000.0,1.0000000000000002e-10,7.180715372732441e-22,0.8621624067282858,274345.9248476473,3431807949.4030914,4.2281261366625427e-10,1.4510116886877495
1.8500000000000008,80.0,80000.0,1.0000000000000002e-10,7.180715372732441e-22,0.8621624067282858,274345.9248476473,3431807949.4030914,4.020650769072829e-10,1.3798101271077787
1.8500000000000008,81.0,81000.0,1.0000000000000002e-10,7.180715372732441e-22,0.8621624067282858,274345.9248476473,3431807949.4030914,3.8257468089433115e-10,1.3129228311335166
1.8500000000000008,82.0,82000.0,1.0000000000000002e-10,7.180715372732441e-22,0.8621624067282858,274345.9248476473,3431807949.4030914,3.642511156756159e-10,1.2500398743545236
1.8500000000000008,83.0,83000.0,1.0000000000000002e-10,7.180715372732441e-22,0.8621624067282858,274345.9248476473,3431807949.4030914,3.470115504111978e-10,1.1908769972358402
1.8500000000000008,84.0,84000.0,1.0000000000000002e-10,7.180715372732441e-22,0.8621624067282858,274345.9248476473,3431807949.4030914,3.3077993379900994e-10,1.1351732063144706
1.8500000000000008,85.0,85000.0,1.0000000000000002e-10,7.180715372732441e-22,0.8621624067282858,274345.9248476473,3431807949.4030914,3.154863672632714e-10,1.082688623102398
1.8500000000000008,86.0,86000.0,1.0000000000000002e-10,7.180715372732441e-22,0.8621624067282858,274345.9248476473,3431807949.4030914,3.010665425927523e-10,1.0332025541691119
1.8500000000000008,87.0,87000.0,1.0000000000000002e-10,7.180715372732441e-22,0.8621624067282858,274345.9248476473,3431807949.4030914,2.8746123674913403e-10,0.9865117574209222
1.8500000000000008,88.0,88000.0,1.0000000000000002e-10,7.180715372732441e-22,0.8621624067282858,274345.9248476473,3431807949.4030914,2.7461585746006613e-10,0.9424288826636011
1.8500000000000008,89.0,89000.0,1.0000000000000002e-10,7.180715372732441e-22,0.8621624067282858,274345.9248476473,3431807949.4030914,2.6248003398734684e-10,0.9007810671973705
1.8500000000000008,90.0,90000.0,1.0000000000000002e-10,7.180715372732441e-22,0.8621624067282858,274345.9248476473,3431807949.4030914,2.510072481347707e-10,0.8614086695067004
1.8500000000000008,91.0,91000.0,1.0000000000000002e-10,7.180715372732441e-22,0.8621624067282858,274345.9248476473,3431807949.4030914,2.401545011468881e-10,0.8241641261208245
1.8500000000000008,92.0,92000.0,1.0000000000000002e-10,7.180715372732441e-22,0.8621624067282858,274345.9248476473,3431807949.4030914,2.2988201266135146e-10,0.788910918476008
1.8500000000000008,93.0,93000.0,1.0000000000000002e-10,7.180715372732441e-22,0.8621624067282858,274345.9248476473,3431807949.4030914,2.2015294832403845e-10,0.7555226381429632
1.8500000000000008,94.0,94000.0,1.0000000000000002e-10,7.180715372732441e-22,0.8621624067282858,274345.9248476473,3431807949.4030914,2.1093317306656811e-10,0.7238821401226665
1.8500000000000008,95.0,95000.0,1.0000000000000002e-10,7.180715372732441e-22,0.8621624067282858,274345.9248476473,3431807949.4030914,2.0219102738772481e-10,0.6938807750871722
1.8500000000000008,96.0,96000.0,1.0000000000000002e-10,7.180715372732441e-22,0.8621624067282858,274345.9248476473,3431807949.4030914,1.938971242801326e-10,0.6654176924709582
1.8500000000000008,97.0,97000.0,1.0000000000000002e-10,7.180715372732441e-22,0.8621624067282858,274345.9248476473,3431807949.4030914,1.8602416470684206e-10,0.6383992072220106
1.8500000000000008,98.0,98000.0,1.0000000000000002e-10,7.180715372732441e-22,0.8621624067282858,274345.9248476473,3431807949.4030914,1.7854676976406372e-10,0.6127382238165574
1.8500000000000008,99.0,99000.0,1.0000000000000002e-10,7.180715372732441e-22,0.8621624067282858,274345.9248476473,3431807949.4030914,1.7144132787020745e-10,0.5883537118411997
1.8500000000000008,100.0,100000.0,1.0000000000000002e-10,7.180715372732441e-22,0.8621624067282858,274345.9248476473,3431807949.4030914,1.646858555012231e-10,0.5651702280633463
1.9000000000000008,1.0,1000.0,1.0000000000000002e-10,8.229672258485123e-22,0.8625761248985917,239377.69793552236,4108962158.133311,0.01439160461821849,59134558.771076374
1.9000000000000008,2.0,2000.0,1.0000000000000002e-10,8.229672258485123e-22,0.8625761248985917,239377.69793552236,4108962158.133311,0.0008994752886386557,3695909.9231922734
1.9000000000000008,3.0,3000.0,1.0000000000000002e-10,8.229672258485123e-22,0.8625761248985917,239377.69793552236,4108962158.133311,0.00017767413108911722,730056.2811243999
1.9000000000000008,4.0,4000.0,1.0000000000000002e-10,8.229672258485123e-22,0.8625761248985917,239377.69793552236,4108962158.133311,5.621720553991598e-05,230994.37019951708
1.9000000000000008,5.0,5000.0,1.0000000000000002e-10,8.229672258485123e-22,0.8625761248985917,239377.69793552236,4108962158.133311,2.3026567389149586e-05,94615.2940337222
1.9000000000000008,6.0,6000.0,1.0000000000000002e-10,8.229672258485123e-22,0.8625761248985917,239377.69793552236,4108962158.133311,1.1104633193069826e-05,45628.51757027499
1.9000000000000008,7.0,7000.0,1.0000000000000002e-10,8.229672258485123e-22,0.8625761248985917,239377.69793552236,4108962158.133311,5.9940044224150325e-06,24629.13734738708
1.9000000000000008,8.0,8000.0,1.0000000000000002e-10,8.229672258485123e-22,0.8625761248985917,239377.69793552236,4108962158.133311,3.5135753462447487e-06,14437.148137469818
1.9000000000000008,9.0,9000.0,1.0000000000000002e-10,8.229672258485123e-22,0.8625761248985917,239377.69793552236,4108962158.133311,2.193507791223669e-06,9013.04050770864
1.9000000000000008,10.0,10000.0,1.0000000000000002e-10,8.229672258485123e-22,0.8625761248985917,239377.69793552236,4108962158.133311,1.4391604618218491e-06,5913.455877107637
1.9000000000000008,11.0,11000.0,1.0000000000000002e-10,8.229672258485123e-22,0.8625761248985917,239377.69793552236,4108962158.133311,9.82965959853732e-07,4038.9699317721715
1.9000000000000008,12.0,12000.0,1.0000000000000002e-10,8.229672258485123e-22,0.8625761248985917,239377.69793552236,4108962158.133311,6.940395745668641e-07,2851.782348142187
1.9000000000000008,13.0,13000.0,1.0000000000000002e-10,8.229672258485123e-22,0.8625761248985917,239377.69793552236,4108962158.133311,5.038900815174012e-07,2070.4652768137107
1.9000000000000008,14.0,14000.0,1.0000000000000002e-10,8.229672258485123e-22,0.8625761248985917,239377.69793552236,4108962158.133311,3.7462527640093953e-07,1539.3210842116926
1.9000000000000008,15.0,15000.0,1.0000000000000002e-10,8.229672258485123e-22,0.8625761248985917,239377.69793552236,4108962158.133311,2.842786097425874e-07,1168.0900497990392
1.9000000000000008,16.0,16000.0,1.0000000000000002e-10,8.229672258485123e-22,0.8625761248985917,239377.69793552236,4108962158.133311,2.195984591402968e-07,902.3217585918636
1.9000000000000008,17.0,17000.0,1.0000000000000002e-10,8.229672258485123e-22,0.8625761248985917,239377.69793552236,4108962158.133311,1.7231121057241286e-07,708.0202436641849
1.9000000000000008,18.0,18000.0,1.0000000000000002e-10,8.229672258485123e-22,0.8625761248985917,239377.69793552236,4108962158.133311,1.3709423695147932e-07,563.31503173179
1.9000000000000008,19.0,19000.0,1.0000000000000002e-10,8.229672258485123e-22,0.8625761248985917,239377.69793552236,4108962158.133311,1.104319688938735e-07,453.7607812330811
1.9000000000000008,20.0,20000.0,1.0000000000000002e-10,8.229672258485123e-22,0.8625761248985917,239377.69793552236,4108962158.133311,8.994752886386557e-08,369.5909923192273
1.9000000000000008,21.0,21000.0,1.0000000000000002e-10,8.229672258485123e-22,0.8625761248985917,239377.69793552236,4108962158.133311,7.400005459771643e-08,304.0634240418157
1.9000000000000008,22.0,22000.0,1.0000000000000002e-10,8.229672258485123e-22,0.8625761248985917,239377.69793552236,4108962158.133311,6.143537249085825e-08,252.43562073576072
1.9000000000000008,23.0,23000.0,1.0000000000000002e-10,8.229672258485123e-22,0.8625761248985917,239377.69793552236,4108962158.133311,5.1427791560988166e-08,211.314849400468
1.9000000000000008,24.0,24000.0,1.0000000000000002e-10,8.229672258485123e-22,0.8625761248985917,239377.69793552236,4108962158.133311,4.337747341042901e-08,178.23639675888668
1.9000000000000008,25.0,25000.0,1.0000000000000002e-10,8.229672258485123e-22,0.8625761248985917,239377.69793552236,4108962158.133311,3.6842507822639344e-08,151.38447045395554
1.9000000000000008,26.0,26000.0,1.0000000000000002e-10,8.229672258485123e-22,0.8625761248985917,239377.69793552236,4108962158.133311,3.149313009483757e-08,129.40407980085692
1.9000000000000008,27.0,27000.0,1.0000000000000002e-10,8.229672258485123e-22,0.8625761248985917,239377.69793552236,4108962158.133311,2.7080343101526767e-08,111.27210503343994
1.9000000000000008,28.0,28000.0,1.0000000000000002e-10,8.229672258485123e-22,0.8625761248985917,239377.69793552236,4108962158.133311,2.341407977505872e-08,96.20756776323078
1.9000000000000008,29.0,29000.0,1.0000000000000002e-10,8.229672258485123e-22,0.8625761248985917,239377.69793552236,4108962158.133311,2.034778909403546e-08,83.6082953890694
1.9000000000000008,30.0,30000.0,1.0000000000000002e-10,8.229672258485123e-22,0.8625761248985917,239377.69793552236,4108962158.133311,1.7767413108911714e-08,73.00562811243995
1.9000000000000008,31.0,31000.0,1.0000000000000002e-10,8.229672258485123e-22,0.8625761248985917,239377.69793552236,4108962158.133311,1.558340808516373e-08,64.03163411668643
1.9000000000000008,32.0,32000.0,1.0000000000000002e-10,8.229672258485123e-22,0.8625761248985917,239377.69793552236,4108962158.133311,1.372490369626855e-08,56.395109911991476
1.9000000000000008,33.0,33000.0,1.0000000000000002e-10,8.229672258485123e-22,0.8625761248985917,239377.69793552236,4108962158.133311,1.2135382220416447e-08,49.86382631817497
1.9000000000000008,34.0,34000.0,1.0000000000000002e-10,8.229672258485123e-22,0.8625761248985917,239377.69793552236,4108962158.133311,1.0769450660775804e-08,44.25126522901156
1.9000000000000008,35.0,35000.0,1.0000000000000002e-10,8.229672258485123e-22,0.8625761248985917,239377.69793552236,4108962158.133311,9.590407075864049e-09,39.406619755819314
1.9000000000000008,36.0,36000.0,1.0000000000000002e-10,8.229672258485123e-22,0.8625761248985917,239377.69793552236,4108962158.133311,8.568389809467457e-09,35.207189483236874
1.9000000000000008,37.0,37000.0,1.0000000000000002e-10,8.229672258485123e-22,0.8625761248985917,239377.69793552236,4108962158.133311,7.678958541031691e-09,31.552550058973797
1.9000000000000008,38.0,38000.0,1.0000000000000002e-10,8.229672258485123e-22,0.8625761248985917,239377.69793552236,4108962158.133311,6.901998055867093e-09,28.36004882706757
1.9000000000000008,39.0,39000.0,1.0000000000000002e-10,8.229672258485123e-22,0.8625761248985917,239377.69793552236,4108962158.133311,6.22086520391853e-09,25.561299713749502
1.9000000000000008,40.0,40000.0,1.0000000000000002e-10,8.229672258485123e-22,0.8625761248985917,239377.69793552236,4108962158.133311,5.621720553991598e-09,23.099437019951708
1.9000000000000008,41.0,41000.0,1.0000000000000002e-10,8.229672258485123e-22,0.8625761248985917,239377.69793552236,4108962158.133311,5.093001360772723e-09,20.926949862736578
1.9000000000000008,42.0,42000.0,1.0000000000000002e-10,8.229672258485123e-22,0.8625761248985917,239377.69793552236,4108962158.133311,4.625003412357277e-09,19.003964002613483
1.9000000000000008,43.0,43000.0,1.0000000000000002e-10,8.229672258485123e-22,0.8625761248985917,239377.69793552236,4108962158.133311,4.209547329083644e-09,17.29687067807584
1.9000000000000008,44.0,44000.0,1.0000000000000002e-10,8.229672258485123e-22,0.8625761248985917,239377.69793552236,4108962158.133311,3.83971078067864e-09,15.777226295985045
1.9000000000000008,45.0,45000.0,1.0000000000000002e-10,8.229672258485123e-22,0.8625761248985917,239377.69793552236,4108962158.133311,3.5096124659578697e-09,14.42086481233382
1.9000000000000008,46.0,46000.0,1.0000000000000002e-10,8.229672258485123e-22,0.8625761248985917,239377.69793552236,4108962158.133311,3.2142369725617604e-09,13.20717808752925
1.9000000000000008,47.0,47000.0,1.0000000000000002e-10,8.229672258485123e-22,0.8625761248985917,239377.69793552236,4108962158.133311,2.949292098852054e-09,12.118529627464659
1.9000000000000008,48.0,48000.0,1.0000000000000002e-10,8.229672258485123e-22,0.8625761248985917,239377.69793552236,4108962158.133311,2.711092088151813e-09,11.139774797430418
1.9000000000000008,49.0,49000.0,1.0000000000000002e-10,8.229672258485123e-22,0.8625761248985917,239377.69793552236,4108962158.133311,2.4964616503186308e-09,10.257866450390289
1.9000000000000008,50.0,50000.0,1.0000000000000002e-10,8.229672258485123e-22,0.8625761248985917,239377.69793552236,4108962158.133311,2.302656738914959e-09,9.461529403372221
1.9000000000000008,51.0,51000.0,1.0000000000000002e-10,8.229672258485123e-22,0.8625761248985917,239377.69793552236,4108962158.133311,2.1272988959557138e-09,8.7409906625208
1.9000000000000008,52.0,52000.0,1.0000000000000002e-10,8.229672258485123e-22,0.8625761248985917,239377.69793552236,4108962158.133311,1.9683206309273483e-09,8.087754987553557
1.9000000000000008,53.0,53000.0,1.0000000000000002e-10,8.229672258485123e-22,0.8625761248985917,239377.69793552236,4108962158.133311,1.8239198115068644e-09,7.494417484951347
1.9000000000000008,54.0,54000.0,1.0000000000000002e-10,8.229672258485123e-22,0.8625761248985917,239377.69793552236,4108962158.133311,1.692521443845423e-09,6.954506564589996
1.9000000000000008,55.0,55000.0,1.0000000000000002e-10,8.229672258485123e-22,0.8625761248985917,239377.69793552236,4108962158.133311,1.5727455357659716e-09,6.4623518908354765
1.9000000000000008,56.0,56000.0,1.0000000000000002e-10,8.229672258485123e-22,0.8625761248985917,239377.69793552236,4108962158.133311,1.46337998594117e-09,6.012972985201924
1.9000000000000008,57.0,57000.0,1.0000000000000002e-10,8.229672258485123e-22,0.8625761248985917,239377.69793552236,4108962158.133311,1.3633576406651049e-09,5.601984953494828
1.9000000000000008,58.0,58000.0,1.0000000000000002e-10,8.229672258485123e-22,0.8625761248985917,239377.69793552236,4108962158.133311,1.2717368183772163e-09,5.225518461816837
1.9000000000000008,59.0,59000.0,1.0000000000000002e-10,8.229672258485123e-22,0.8625761248985917,239377.69793552236,4108962158.133311,1.1876847292259833e-09,4.8801516081823735
1.9000000000000008,60.0,60000.0,1.0000000000000002e-10,8.229672258485123e-22,0.8625761248985917,239377.69793552236,4108962158.133311,1.110463319306982e-09,4.562851757027497
1.9000000000000008,61.0,61000.0,1.0000000000000002e-10,8.229672258485123e-22,0.8625761248985917,239377.69793552236,4108962158.133311,1.039417151924429e-09,4.270925743772181
1.9000000000000008,62.0,62000.0,1.0000000000000002e-10,8.229672258485123e-22,0.8625761248985917,239377.69793552236,4108962158.133311,9.73963005322733e-10,4.001977132292902
1.9000000000000008,63.0,63000.0,1.0000000000000002e-10,8.229672258485123e-22,0.8625761248985917,239377.69793552236,4108962158.133311,9.13580920959462e-10,3.7538694326150086
1.9000000000000008,64.0,64000.0,1.0000000000000002e-10,8.229672258485123e-22,0.8625761248985917,239377.69793552236,4108962158.133311,8.578064810167844e-10,3.5246943694994672
1.9000000000000008,65.0,65000.0,1.0000000000000002e-10,8.229672258485123e-22,0.8625761248985917,239377.69793552236,4108962158.133311,8.062241304278418e-10,3.312744442901937
1.9000000000000008,66.0,66000.0,1.0000000000000002e-10,8.229672258485123e-22,0.8625761248985917,239377.69793552236,4108962158.133311,7.58461388776028e-10,3.1164891448859358
1.9000000000000008,67.0,67000.0,1.0000000000000002e-10,8.229672258485123e-22,0.8625761248985917,239377.69793552236,4108962158.133311,7.141838222408812e-10,2.934554299538788
1.9000000000000008,68.0,68000.0,1.0000000000000002e-10,8.229672258485123e-22,0.8625761248985917,239377.69793552236,4108962158.133311,6.730906662984877e-10,2.7657040768132224
1.9000000000000008,69.0,69000.0,1.0000000000000002e-10,8.229672258485123e-22,0.8625761248985917,239377.69793552236,4108962158.133311,6.3491100692578e-10,2.6088253012403464
1.9000000000000008,70.0,70000.0,1.0000000000000002e-10,8.229672258485123e-22,0.8625761248985917,239377.69793552236,4108962158.133311,5.99400442241503e-10,2.462913734738707
1.9000000000000008,71.0,71000.0,1.0000000000000002e-10,8.229672258485123e-22,0.8625761248985917,239377.69793552236,4108962158.133311,5.66338158353967e-10,2.3270620613833612
1.9000000000000008,72.0,72000.0,1.0000000000000002e-10,8.229672258485123e-22,0.8625761248985917,239377.69793552236,4108962158.133311,5.355243630917161e-10,2.2004493427023046
1.9000000000000008,73.0,73000.0,1.0000000000000002e-10,8.229672258485123e-22,0.8625761248985917,239377.69793552236,4108962158.133311,5.067780296046677e-10,2.0823317462189426
1.9000000000000008,74.0,74000.0,1.0000000000000002e-10,8.229672258485123e-22,0.8625761248985917,239377.69793552236,4108962158.133311,4.799349088144807e-10,1.9720343786858623
1.9000000000000008,75.0,75000.0,1.0000000000000002e-10,8.229672258485123e-22,0.8625761248985917,239377.69793552236,4108962158.133311,4.5484577558814e-10,1.8689440796784633
1.9000000000000008,76.0,76000.0,1.0000000000000002e-10,8.229672258485123e-22,0.8625761248985917,239377.69793552236,4108962158.133311,4.3137487849169334e-10,1.772503051691723
1.9000000000000008,77.0,77000.0,1.0000000000000002e-10,8.229672258485123e-22,0.8625761248985917,239377.69793552236,4108962158.133311,4.0939856720272037e-10,1.6822032202299753
1.9000000000000008,78.0,78000.0,1.0000000000000002e-10,8.229672258485123e-22,0.8625761248985917,239377.69793552236,4108962158.133311,3.888040752449081e-10,1.5975812321093439
1.9000000000000008,79.0,79000.0,1.0000000000000002e-10,8.229672258485123e-22,0.8625761248985917,239377.69793552236,4108962158.133311,3.694884387587922e-10,1.5182140127276345
1.9000000000000008,80.0,80000.0,1.0000000000000002e-10,8.229672258485123e-22,0.8625761248985917,239377.69793552236,4108962158.133311,3.513575346244749e-10,1.4437148137469817
1.9000000000000008,81.0,81000.0,1.0000000000000002e-10,8.229672258485123e-22,0.8625761248985917,239377.69793552236,4108962158.133311,3.343252234756391e-10,1.3737296917708635
1.9000000000000008,82.0,82000.0,1.0000000000000002e-10,8.229672258485123e-22,0.8625761248985917,239377.69793552236,4108962158.133311,3.183125850482952e-10,1.307934366421036
1.9000000000000008,83.0,83000.0,1.0000000000000002e-10,8.229672258485123e-22,0.8625761248985917,239377.69793552236,4108962158.133311,3.0324723494154987e-10,1.2460314129333898
1.9000000000000008,84.0,84000.0,1.0000000000000002e-10,8.229672258485123e-22,0.8625761248985917,239377.69793552236,4108962158.133311,2.890627132723298e-10,1.1877477501633427
1.9000000000000008,85.0,85000.0,1.0000000000000002e-10,8.229672258485123e-22,0.8625761248985917,239377.69793552236,4108962158.133311,2.756979369158605e-10,1.1328323898626955
1.9000000000000008,86.0,86000.0,1.0000000000000002e-10,8.229672258485123e-22,0.8625761248985917,239377.69793552236,4108962158.133311,2.6309670806772773e-10,1.08105441737974
1.9000000000000008,87.0,87000.0,1.0000000000000002e-10,8.229672258485123e-22,0.8625761248985917,239377.69793552236,4108962158.133311,2.512072727658698e-10,1.0322011776428317
1.9000000000000008,88.0,88000.0,1.0000000000000002e-10,8.229672258485123e-22,0.8625761248985917,239377.69793552236,4108962158.133311,2.39981923792415e-10,0.9860766434990653
1.9000000000000008,89.0,89000.0,1.0000000000000002e-10,8.229672258485123e-22,0.8625761248985917,239377.69793552236,4108962158.133311,2.2937664305325802e-10,0.9424999462654892
1.9000000000000008,90.0,90000.0,1.0000000000000002e-10,8.229672258485123e-22,0.8625761248985917,239377.69793552236,4108962158.133311,2.1935077912236686e-10,0.9013040507708637
1.9000000000000008,91.0,91000.0,1.0000000000000002e-10,8.229672258485123e-22,0.8625761248985917,239377.69793552236,4108962158.133311,2.0986675615052106e-10,0.8623345592726823
1.9000000000000008,92.0,92000.0,1.0000000000000002e-10,8.229672258485123e-22,0.8625761248985917,239377.69793552236,4108962158.133311,2.0088981078511002e-10,0.8254486304705781
1.9000000000000008,93.0,93000.0,1.0000000000000002e-10,8.229672258485123e-22,0.8625761248985917,239377.69793552236,4108962158.133311,1.9238775413782383e-10,0.7905140014405734
1.9000000000000008,94.0,94000.0,1.0000000000000002e-10,8.229672258485123e-22,0.8625761248985917,239377.69793552236,4108962158.133311,1.8433075617825338e-10,0.7574081017165412
1.9000000000000008,95.0,95000.0,1.0000000000000002e-10,8.229672258485123e-22,0.8625761248985917,239377.69793552236,4108962158.133311,1.766911502301976e-10,0.7260172499729298
1.9000000000000008,96.0,96000.0,1.0000000000000002e-10,8.229672258485123e-22,0.8625761248985917,239377.69793552236,4108962158.133311,1.694432555094883e-10,0.6962359248394011
1.9000000000000008,97.0,97000.0,1.0000000000000002e-10,8.229672258485123e-22,0.8625761248985917,239377.69793552236,4108962158.133311,1.625632158722546e-10,0.6679661023235506
1.9000000000000008,98.0,98000.0,1.0000000000000002e-10,8.229672258485123e-22,0.8625761248985917,239377.69793552236,4108962158.133311,1.5602885314491442e-10,0.641116653149393
1.9000000000000008,99.0,99000.0,1.0000000000000002e-10,8.229672258485123e-22,0.8625761248985917,239377.69793552236,4108962158.133311,1.498195335853882e-10,0.6156027940515428
1.9000000000000008,100.0,100000.0,1.0000000000000002e-10,8.229672258485123e-22,0.8625761248985917,239377.69793552236,4108962158.133311,1.4391604618218494e-10,0.5913455877107638
1.9500000000000006,1.0,1000.0,1.0000000000000002e-10,9.402118010483834e-22,0.8630304399641404,209527.2573481157,4906078693.757183,0.012091458395367391,59321646.40996338
1.9500000000000006,2.0,2000.0,1.0000000000000002e-10,9.402118010483834e-22,0.8630304399641404,209527.2573481157,4906078693.757183,0.0007557161497104619,3707602.900622711
1.9500000000000006,3.0,3000.0,1.0000000000000002e-10,9.402118010483834e-22,0.8630304399641404,209527.2573481157,4906078693.757183,0.0001492772641403382,732366.0050612764
1.9500000000000006,4.0,4000.0,1.0000000000000002e-10,9.402118010483834e-22,0.8630304399641404,209527.2573481157,4906078693.757183,4.723225935690387e-05,231725.18128891944
1.9500000000000006,5.0,5000.0,1.0000000000000002e-10,9.402118010483834e-22,0.8630304399641404,209527.2573481157,4906078693.757183,1.9346333432587826e-05,94914.6342559414
1.9500000000000006,6.0,6000.0,1.0000000000000002e-10,9.402118010483834e-22,0.8630304399641404,209527.2573481157,4906078693.757183,9.329829008771137e-06,45772.87531632977
1.9500000000000006,7.0,7000.0,1.0000000000000002e-10,9.402118010483834e-22,0.8630304399641404,209527.2573481157,4906078693.757183,5.036009327516615e-06,24707.058063291704
1.9500000000000006,8.0,8000.0,1.0000000000000002e-10,9.402118010483834e-22,0.8630304399641404,209527.2573481157,4906078693.757183,2.952016209806492e-06,14482.823830557465
1.9500000000000006,9.0,9000.0,1.0000000000000002e-10,9.402118010483834e-22,0.8630304399641404,209527.2573481157,4906078693.757183,1.8429291869177553e-06,9041.55561804045
1.9500000000000006,10.0,10000.0,1.0000000000000002e-10,9.402118010483834e-22,0.8630304399641404,209527.2573481157,4906078693.757183,1.209145839536739e-06,5932.164640996338
1.9500000000000006,11.0,11000.0,1.0000000000000002e-10,9.402118010483834e-22,0.8630304399641404,209527.2573481157,4906078693.757183,8.258628779022874e-07,4051.748269241402
1.9500000000000006,12.0,12000.0,1.0000000000000002e-10,9.402118010483834e-22,0.8630304399641404,209527.2573481157,4906078693.757183,5.831143130481961e-07,2860.804707270611
1.9500000000000006,13.0,13000.0,1.0000000000000002e-10,9.402118010483834e-22,0.8630304399641404,209527.2573481157,4906078693.757183,4.233555686204053e-07,2077.0157350920276
1.9500000000000006,14.0,14000.0,1.0000000000000002e-10,9.402118010483834e-22,0.8630304399641404,209527.2573481157,4906078693.757183,3.1475058296978843e-07,1544.1911289557315
1.9500000000000006,15.0,15000.0,1.0000000000000002e-10,9.402118010483834e-22,0.8630304399641404,209527.2573481157,4906078693.757183,2.38843622624541e-07,1171.7856080980416
1.9500000000000006,16.0,16000.0,1.0000000000000002e-10,9.402118010483834e-22,0.8630304399641404,209527.2573481157,4906078693.757183,1.8450101311290575e-07,905.1764894098416
1.9500000000000006,17.0,17000.0,1.0000000000000002e-10,9.402118010483834e-22,0.8630304399641404,209527.2573481157,4906078693.757183,1.447714753818488e-07,710.260250834681
1.9500000000000006,18.0,18000.0,1.0000000000000002e-10,9.402118010483834e-22,0.8630304399641404,209527.2573481157,4906078693.757183,1.151830741823597e-07,565.0972261275281
1.9500000000000006,19.0,19000.0,1.0000000000000002e-10,9.402118010483834e-22,0.8630304399641404,209527.2573481157,4906078693.757183,9.278211796538845e-08,455.19637211165787
1.9500000000000006,20.0,20000.0,1.0000000000000002e-10,9.402118010483834e-22,0.8630304399641404,209527.2573481157,4906078693.757183,7.55716149710462e-08,370.7602900622711
1.9500000000000006,21.0,21000.0,1.0000000000000002e-10,9.402118010483834e-22,0.8630304399641404,209527.2573481157,4906078693.757183,6.217295466069894e-08,305.0254081887864
1.9500000000000006,22.0,22000.0,1.0000000000000002e-10,9.402118010483834e-22,0.8630304399641404,209527.2573481157,4906078693.757183,5.161642986889296e-08,253.23426682758762
1.9500000000000006,23.0,23000.0,1.0000000000000002e-10,9.402118010483834e-22,0.8630304399641404,209527.2573481157,4906078693.757183,4.320831613440271e-08,211.98339918011786
1.9500000000000006,24.0,24000.0,1.0000000000000002e-10,9.402118010483834e-22,0.8630304399641404,209527.2573481157,4906078693.757183,3.6444644565512255e-08,178.80029420441318
1.9500000000000006,25.0,25000.0,1.0000000000000002e-10,9.402118010483834e-22,0.8630304399641404,209527.2573481157,4906078693.757183,3.095413349214053e-08,151.86341480950628
1.9500000000000006,26.0,26000.0,1.0000000000000002e-10,9.402118010483834e-22,0.8630304399641404,209527.2573481157,4906078693.757183,2.645972303877533e-08,129.81348344325173
1.9500000000000006,27.0,27000.0,1.0000000000000002e-10,9.402118010483834e-22,0.8630304399641404,209527.2573481157,4906078693.757183,2.275221218416981e-08,111.62414343259809
1.9500000000000006,28.0,28000.0,1.0000000000000002e-10,9.402118010483834e-22,0.8630304399641404,209527.2573481157,4906078693.757183,1.9671911435611777e-08,96.51194555973322
1.9500000000000006,29.0,29000.0,1.0000000000000002e-10,9.402118010483834e-22,0.8630304399641404,209527.2573481157,4906078693.757183,1.7095692370313064e-08,83.87281209302016
1.9500000000000006,30.0,30000.0,1.0000000000000002e-10,9.402118010483834e-22,0.8630304399641404,209527.2573481157,4906078693.757183,1.4927726414033812e-08,73.2366005061276
1.9500000000000006,31.0,31000.0,1.0000000000000002e-10,9.402118010483834e-22,0.8630304399641404,209527.2573481157,4906078693.757183,1.3092781209487808e-08,64.23421493389253
1.9500000000000006,32.0,32000.0,1.0000000000000002e-10,9.402118010483834e-22,0.8630304399641404,209527.2573481157,4906078693.757183,1.1531313319556609e-08,56.5735305881151
1.9500000000000006,33.0,33000.0,1.0000000000000002e-10,9.402118010483834e-22,0.8630304399641404,209527.2573481157,4906078693.757183,1.0195837998793675e-08,50.021583570881525
1.9500000000000006,34.0,34000.0,1.0000000000000002e-10,9.402118010483834e-22,0.8630304399641404,209527.2573481157,4906078693.757183,9.04821721136555e-09,44.39126567716756
1.9500000000000006,35.0,35000.0,1.0000000000000002e-10,9.402118010483834e-22,0.8630304399641404,209527.2573481157,4906078693.757183,8.05761492402658e-09,39.53129290126671
1.9500000000000006,36.0,36000.0,1.0000000000000002e-10,9.402118010483834e-22,0.8630304399641404,209527.2573481157,4906078693.757183,7.1989421363974816e-09,35.318576632970505
1.9500000000000006,37.0,37000.0,1.0000000000000002e-10,9.402118010483834e-22,0.8630304399641404,209527.2573481157,4906078693.757183,6.451664715767425e-09,31.652374801291558
1.9500000000000006,38.0,38000.0,1.0000000000000002e-10,9.402118010483834e-22,0.8630304399641404,209527.2573481157,4906078693.757183,5.7988823728367784e-09,28.449773256978617
1.9500000000000006,39.0,39000.0,1.0000000000000002e-10,9.402118010483834e-22,0.8630304399641404,209527.2573481157,4906078693.757183,5.226611958276605e-09,25.64216956903736
1.9500000000000006,40.0,40000.0,1.0000000000000002e-10,9.402118010483834e-22,0.8630304399641404,209527.2573481157,4906078693.757183,4.723225935690387e-09,23.172518128891944
1.9500000000000006,41.0,41000.0,1.0000000000000002e-10,9.402118010483834e-22,0.8630304399641404,209527.2573481157,4906078693.757183,4.279009581973631e-09,20.993157740503662
1.9500000000000006,42.0,42000.0,1.0000000000000002e-10,9.402118010483834e-22,0.8630304399641404,209527.2573481157,4906078693.757183,3.8858096662936835e-09,19.06408801179915
1.9500000000000006,43.0,43000.0,1.0000000000000002e-10,9.402118010483834e-22,0.8630304399641404,209527.2573481157,4906078693.757183,3.5367540828984754e-09,17.351593851166935
1.9500000000000006,44.0,44000.0,1.0000000000000002e-10,9.402118010483834e-22,0.8630304399641404,209527.2573481157,4906078693.757183,3.22602686680581e-09,15.827141676724226
1.9500000000000006,45.0,45000.0,1.0000000000000002e-10,9.402118010483834e-22,0.8630304399641404,209527.2573481157,4906078693.757183,2.9486866990684075e-09,14.466488988864713
1.9500000000000006,46.0,46000.0,1.0000000000000002e-10,9.402118010483834e-22,0.8630304399641404,209527.2573481157,4906078693.757183,2.7005197584001693e-09,13.248962448757366
1.9500000000000006,47.0,47000.0,1.0000000000000002e-10,9.402118010483834e-22,0.8630304399641404,209527.2573481157,4906078693.757183,2.4779198466800167e-09,12.156869764634896
1.9500000000000006,48.0,48000.0,1.0000000000000002e-10,9.402118010483834e-22,0.8630304399641404,209527.2573481157,4906078693.757183,2.277790285344516e-09,11.175018387775824
1.9500000000000006,49.0,49000.0,1.0000000000000002e-10,9.402118010483834e-22,0.8630304399641404,209527.2573481157,4906078693.757183,2.097463276766603e-09,10.290319893082758
1.9500000000000006,50.0,50000.0,1.0000000000000002e-10,9.402118010483834e-22,0.8630304399641404,209527.2573481157,4906078693.757183,1.934633343258783e-09,9.491463425594143
1.9500000000000006,51.0,51000.0,1.0000000000000002e-10,9.402118010483834e-22,0.8630304399641404,209527.2573481157,4906078693.757183,1.7873021652080093e-09,8.768645072033095
1.9500000000000006,52.0,52000.0,1.0000000000000002e-10,9.402118010483834e-22,0.8630304399641404,209527.2573481157,4906078693.757183,1.6537326899234581e-09,8.113342715203233
1.9500000000000006,53.0,53000.0,1.0000000000000002e-10,9.402118010483834e-22,0.8630304399641404,209527.2573481157,4906078693.757183,1.5324108118842684e-09,7.518128034268556
1.9500000000000006,54.0,54000.0,1.0000000000000002e-10,9.402118010483834e-22,0.8630304399641404,209527.2573481157,4906078693.757183,1.4220132615106131e-09,6.976508964537381
1.9500000000000006,55.0,55000.0,1.0000000000000002e-10,9.402118010483834e-22,0.8630304399641404,209527.2573481157,4906078693.757183,1.32138060464366e-09,6.482797230786244
1.9500000000000006,56.0,56000.0,1.0000000000000002e-10,9.402118010483834e-22,0.8630304399641404,209527.2573481157,4906078693.757183,1.229494464725736e-09,6.031996597483326
1.9500000000000006,57.0,57000.0,1.0000000000000002e-10,9.402118010483834e-22,0.8630304399641404,209527.2573481157,4906078693.757183,1.1454582464862771e-09,5.619708297674788
1.9500000000000006,58.0,58000.0,1.0000000000000002e-10,9.402118010483834e-22,0.8630304399641404,209527.2573481157,4906078693.757183,1.0684807731445665e-09,5.24205075581376
1.9500000000000006,59.0,59000.0,1.0000000000000002e-10,9.402118010483834e-22,0.8630304399641404,209527.2573481157,4906078693.757183,9.978623559508865e-10,4.895591243832991
1.9500000000000006,60.0,60000.0,1.0000000000000002e-10,9.402118010483834e-22,0.8630304399641404,209527.2573481157,4906078693.757183,9.329829008771133e-10,4.577287531632975
1.9500000000000006,61.0,61000.0,1.0000000000000002e-10,9.402118010483834e-22,0.8630304399641404,209527.2573481157,4906078693.757183,8.73291726762382e-10,4.284437934103342
1.9500000000000006,62.0,62000.0,1.0000000000000002e-10,9.402118010483834e-22,0.8630304399641404,209527.2573481157,4906078693.757183,8.18298825592988e-10,4.014638433368283
1.9500000000000006,63.0,63000.0,1.0000000000000002e-10,9.402118010483834e-22,0.8630304399641404,209527.2573481157,4906078693.757183,7.675673414901103e-10,3.7657457801084737
1.9500000000000006,64.0,64000.0,1.0000000000000002e-10,9.402118010483834e-22,0.8630304399641404,209527.2573481157,4906078693.757183,7.207070824722881e-10,3.5358456617571936
1.9500000000000006,65.0,65000.0,1.0000000000000002e-10,9.402118010483834e-22,0.8630304399641404,209527.2573481157,4906078693.757183,6.773689097926484e-10,3.3232251761472433
1.9500000000000006,66.0,66000.0,1.0000000000000002e-10,9.402118010483834e-22,0.8630304399641404,209527.2573481157,4906078693.757183,6.372398749246047e-10,3.1263489731800953
1.9500000000000006,67.0,67000.0,1.0000000000000002e-10,9.402118010483834e-22,0.8630304399641404,209527.2573481157,4906078693.757183,6.000389951192982e-10,2.943838529378259
1.9500000000000006,68.0,68000.0,1.0000000000000002e-10,9.402118010483834e-22,0.8630304399641404,209527.2573481157,4906078693.757183,5.655135757103469e-10,2.7744541048229725
1.9500000000000006,69.0,69000.0,1.0000000000000002e-10,9.402118010483834e-22,0.8630304399641404,209527.2573481157,4906078693.757183,5.334360016592929e-10,2.6170790022236785
1.9500000000000006,70.0,70000.0,1.0000000000000002e-10,9.402118010483834e-22,0.8630304399641404,209527.2573481157,4906078693.757183,5.036009327516613e-10,2.4707058063291694
1.9500000000000006,71.0,71000.0,1.0000000000000002e-10,9.402118010483834e-22,0.8630304399641404,209527.2573481157,4906078693.757183,4.758228467989739e-10,2.334424330683334
1.9500000000000006,72.0,72000.0,1.0000000000000002e-10,9.402118010483834e-22,0.8630304399641404,209527.2573481157,4906078693.757183,4.499338835248426e-10,2.2074110395606565
1.9500000000000006,73.0,73000.0,1.0000000000000002e-10,9.402118010483834e-22,0.8630304399641404,209527.2573481157,4906078693.757183,4.257819487963141e-10,2.088919747176009
1.9500000000000006,74.0,74000.0,1.0000000000000002e-10,9.402118010483834e-22,0.8630304399641404,209527.2573481157,4906078693.757183,4.0322904473546407e-10,1.9782734250807223
1.9500000000000006,75.0,75000.0,1.0000000000000002e-10,9.402118010483834e-22,0.8630304399641404,209527.2573481157,4906078693.757183,3.8214979619926567e-10,1.874856972956867
1.9500000000000006,76.0,76000.0,1.0000000000000002e-10,9.402118010483834e-22,0.8630304399641404,209527.2573481157,4906078693.757183,3.6243014830229865e-10,1.7781108285611635
1.9500000000000006,77.0,77000.0,1.0000000000000002e-10,9.402118010483834e-22,0.8630304399641404,209527.2573481157,4906078693.757183,3.4396621320378474e-10,1.687525309971429
1.9500000000000006,78.0,78000.0,1.0000000000000002e-10,9.402118010483834e-22,0.8630304399641404,209527.2573481157,4906078693.757183,3.2666324739228783e-10,1.602635598064835
1.9500000000000006,79.0,79000.0,1.0000000000000002e-10,9.402118010483834e-22,0.8630304399641404,209527.2573481157,4906078693.757183,3.104347432645235e-10,1.52301727973206
1.9500000000000006,80.0,80000.0,1.0000000000000002e-10,9.402118010483834e-22,0.8630304399641404,209527.2573481157,4906078693.757183,2.952016209806492e-10,1.4482823830557465
1.9500000000000006,81.0,81000.0,1.0000000000000002e-10,9.402118010483834e-22,0.8630304399641404,209527.2573481157,4906078693.757183,2.8089150844654086e-10,1.37807584484689
1.9500000000000006,82.0,82000.0,1.0000000000000002e-10,9.402118010483834e-22,0.8630304399641404,209527.2573481157,4906078693.757183,2.6743809887335196e-10,1.3120723587814789
1.9500000000000006,83.0,83000.0,1.0000000000000002e-10,9.402118010483834e-22,0.8630304399641404,209527.2573481157,4906078693.757183,2.547805767373732e-10,1.2499735591143937
1.9500000000000006,84.0,84000.0,1.0000000000000002e-10,9.402118010483834e-22,0.8630304399641404,209527.2573481157,4906078693.757183,2.428631041433552e-10,1.1915055007374469
1.9500000000000006,85.0,85000.0,1.0000000000000002e-10,9.402118010483834e-22,0.8630304399641404,209527.2573481157,4906078693.757183,2.3163436061095802e-10,1.1364164013354892
1.9500000000000006,86.0,86000.0,1.0000000000000002e-10,9.402118010483834e-22,0.8630304399641404,209527.2573481157,4906078693.757183,2.210471301811547e-10,1.0844746156979335
1.9500000000000006,87.0,87000.0,1.0000000000000002e-10,9.402118010483834e-22,0.8630304399641404,209527.2573481157,4906078693.757183,2.1105793049769209e-10,1.0354668159632114
1.9500000000000006,88.0,88000.0,1.0000000000000002e-10,9.402118010483834e-22,0.8630304399641404,209527.2573481157,4906078693.757183,2.0162667917536313e-10,0.9891963547952641
1.9500000000000006,89.0,89000.0,1.0000000000000002e-10,9.402118010483834e-22,0.8630304399641404,209527.2573481157,4906078693.757183,1.9271639333646674e-10,0.9454817912857683
1.9500000000000006,90.0,90000.0,1.0000000000000002e-10,9.402118010483834e-22,0.8630304399641404,209527.2573481157,4906078693.757183,1.8429291869177547e-10,0.9041555618040445
1.9500000000000006,91.0,91000.0,1.0000000000000002e-10,9.402118010483834e-22,0.8630304399641404,209527.2573481157,4906078693.757183,1.7632468497309668e-10,0.865062780129957
1.9500000000000006,92.0,92000.0,1.0000000000000002e-10,9.402118010483834e-22,0.8630304399641404,209527.2573481157,4906078693.757183,1.6878248490001058e-10,0.8280601530473354
1.9500000000000006,93.0,93000.0,1.0000000000000002e-10,9.402118010483834e-22,0.8630304399641404,209527.2573481157,4906078693.757183,1.6163927419120753e-10,0.7930149991838586
1.9500000000000006,94.0,94000.0,1.0000000000000002e-10,9.402118010483834e-22,0.8630304399641404,209527.2573481157,4906078693.757183,1.5486999041750105e-10,0.759804360289681
1.9500000000000006,95.0,95000.0,1.0000000000000002e-10,9.402118010483834e-22,0.8630304399641404,209527.2573481157,4906078693.757183,1.4845138874462154e-10,0.7283141953786526
1.9500000000000006,96.0,96000.0,1.0000000000000002e-10,9.402118010483834e-22,0.8630304399641404,209527.2573481157,4906078693.757183,1.4236189283403225e-10,0.698438649235989
1.9500000000000006,97.0,97000.0,1.0000000000000002e-10,9.402118010483834e-22,0.8630304399641404,209527.2573481157,4906078693.757183,1.3658145936334203e-10,0.6700793877447548
1.9500000000000006,98.0,98000.0,1.0000000000000002e-10,9.402118010483834e-22,0.8630304399641404,209527.2573481157,4906078693.757183,1.310914547979127e-10,0.6431449933176724
1.9500000000000006,99.0,99000.0,1.0000000000000002e-10,9.402118010483834e-22,0.8630304399641404,209527.2573481157,4906078693.757183,1.258745431949836e-10,0.6175504144553272
1.9500000000000006,100.0,100000.0,1.0000000000000002e-10,9.402118010483834e-22,0.8630304399641404,209527.2573481157,4906078693.757183,1.2091458395367394e-10,0.5932164640996339
2.0000000000000004,1.0,1000.0,1.0000000000000002e-10,1.0709449600705863e-21,0.8635229877092705,183949.696151533,5843870191.260263,0.009991925842284857,58391517.583011575
2.0000000000000004,2.0,2000.0,1.0000000000000002e-10,1.0709449600705863e-21,0.8635229877092705,183949.696151533,5843870191.260263,0.0006244953651428036,3649469.8489382234
2.0000000000000004,3.0,3000.0,1.0000000000000002e-10,1.0709449600705863e-21,0.8635229877092705,183949.696151533,5843870191.260263,0.0001233571091640106,720882.9331235999
2.0000000000000004,4.0,4000.0,1.0000000000000002e-10,1.0709449600705863e-21,0.8635229877092705,183949.696151533,5843870191.260263,3.903096032142522e-05,228091.86555863897
2.0000000000000004,5.0,5000.0,1.0000000000000002e-10,1.0709449600705863e-21,0.8635229877092705,183949.696151533,5843870191.260263,1.5987081347655772e-05,93426.42813281853
2.0000000000000004,6.0,6000.0,1.0000000000000002e-10,1.0709449600705863e-21,0.8635229877092705,183949.696151533,5843870191.260263,7.709819322750663e-06,45055.18332022499
2.0000000000000004,7.0,7000.0,1.0000000000000002e-10,1.0709449600705863e-21,0.8635229877092705,183949.696151533,5843870191.260263,4.161568447432261e-06,24319.665798838643
2.0000000000000004,8.0,8000.0,1.0000000000000002e-10,1.0709449600705863e-21,0.8635229877092705,183949.696151533,5843870191.260263,2.4394350200890764e-06,14255.741597414935
2.0000000000000004,9.0,9000.0,1.0000000000000002e-10,1.0709449600705863e-21,0.8635229877092705,183949.696151533,5843870191.260263,1.5229272736297605e-06,8899.78929782222
2.0000000000000004,10.0,10000.0,1.0000000000000002e-10,1.0709449600705863e-21,0.8635229877092705,183949.696151533,5843870191.260263,9.991925842284858e-07,5839.151758301158
2.0000000000000004,11.0,11000.0,1.0000000000000002e-10,1.0709449600705863e-21,0.8635229877092705,183949.696151533,5843870191.260263,6.824619795290524e-07,3988.2192188383015
2.0000000000000004,12.0,12000.0,1.0000000000000002e-10,1.0709449600705863e-21,0.8635229877092705,183949.696151533,5843870191.260263,4.818637076719165e-07,2815.948957514062
2.0000000000000004,13.0,13000.0,1.0000000000000002e-10,1.0709449600705863e-21,0.8635229877092705,183949.696151533,5843870191.260263,3.4984509794071847e-07,2044.4493394142921
2.0000000000000004,14.0,14000.0,1.0000000000000002e-10,1.0709449600705863e-21,0.8635229877092705,183949.696151533,5843870191.260263,2.600980279645163e-07,1519.9791124274152
2.0000000000000004,15.0,15000.0,1.0000000000000002e-10,1.0709449600705863e-21,0.8635229877092705,183949.696151533,5843870191.260263,1.973713746624169e-07,1153.4126929977595
2.0000000000000004,16.0,16000.0,1.0000000000000002e-10,1.0709449600705863e-21,0.8635229877092705,183949.696151533,5843870191.260263,1.5246468875556727e-07,890.9838498384335
2.0000000000000004,17.0,17000.0,1.0000000000000002e-10,1.0709449600705863e-21,0.8635229877092705,183949.696151533,5843870191.260263,1.1963369502621927e-07,699.123784234044
2.0000000000000004,18.0,18000.0,1.0000000000000002e-10,1.0709449600705863e-21,0.8635229877092705,183949.696151533,5843870191.260263,9.518295460186003e-08,556.2368311138888
2.0000000000000004,19.0,19000.0,1.0000000000000002e-10,1.0709449600705863e-21,0.8635229877092705,183949.696151533,5843870191.260263,7.66716480251445e-08,448.0591584089408
2.0000000000000004,20.0,20000.0,1.0000000000000002e-10,1.0709449600705863e-21,0.8635229877092705,183949.696151533,5843870191.260263,6.244953651428036e-08,364.9469848938224
2.0000000000000004,21.0,21000.0,1.0000000000000002e-10,1.0709449600705863e-21,0.8635229877092705,183949.696151533,5843870191.260263,5.137738823990444e-08,300.2427876399832
2.0000000000000004,22.0,22000.0,1.0000000000000002e-10,1.0709449600705863e-21,0.8635229877092705,183949.696151533,5843870191.260263,4.2653873720565775e-08,249.26370117739384
2.0000000000000004,23.0,23000.0,1.0000000000000002e-10,1.0709449600705863e-21,0.8635229877092705,183949.696151533,5843870191.260263,3.570572518782043e-08,208.65962308243456
2.0000000000000004,24.0,24000.0,1.0000000000000002e-10,1.0709449600705863e-21,0.8635229877092705,183949.696151533,5843870191.260263,3.011648172949478e-08,175.99680984462887
2.0000000000000004,25.0,25000.0,1.0000000000000002e-10,1.0709449600705863e-21,0.8635229877092705,183949.696151533,5843870191.260263,2.557933015624924e-08,149.48228501250966
2.0000000000000004,26.0,26000.0,1.0000000000000002e-10,1.0709449600705863e-21,0.8635229877092705,183949.696151533,5843870191.260263,2.1865318621294904e-08,127.77808371339326
2.0000000000000004,27.0,27000.0,1.0000000000000002e-10,1.0709449600705863e-21,0.8635229877092705,183949.696151533,5843870191.260263,1.8801571279379753e-08,109.87394194842243
2.0000000000000004,28.0,28000.0,1.0000000000000002e-10,1.0709449600705863e-21,0.8635229877092705,183949.696151533,5843870191.260263,1.625612674778227e-08,94.99869452671345
2.0000000000000004,29.0,29000.0,1.0000000000000002e-10,1.0709449600705863e-21,0.8635229877092705,183949.696151533,5843870191.260263,1.4127236335042027e-08,82.55773530324099
2.0000000000000004,30.0,30000.0,1.0000000000000002e-10,1.0709449600705863e-21,0.8635229877092705,183949.696151533,5843870191.260263,1.2335710916401057e-08,72.08829331235997
2.0000000000000004,31.0,31000.0,1.0000000000000002e-10,1.0709449600705863e-21,0.8635229877092705,183949.696151533,5843870191.260263,1.0819381305119057e-08,63.22705989686382
2.0000000000000004,32.0,32000.0,1.0000000000000002e-10,1.0709449600705863e-21,0.8635229877092705,183949.696151533,5843870191.260263,9.529043047222955e-09,55.68649061490209
2.0000000000000004,33.0,33000.0,1.0000000000000002e-10,1.0709449600705863e-21,0.8635229877092705,183949.696151533,5843870191.260263,8.425456537395711e-09,49.237274306645716
2.0000000000000004,34.0,34000.0,1.0000000000000002e-10,1.0709449600705863e-21,0.8635229877092705,183949.696151533,5843870191.260263,7.477105939138705e-09,43.69523651462775
2.0000000000000004,35.0,35000.0,1.0000000000000002e-10,1.0709449600705863e-21,0.8635229877092705,183949.696151533,5843870191.260263,6.6585095158916155e-09,38.91146527814182
2.0000000000000004,36.0,36000.0,1.0000000000000002e-10,1.0709449600705863e-21,0.8635229877092705,183949.696151533,5843870191.260263,5.948934662616252e-09,34.76480194461805
2.0000000000000004,37.0,37000.0,1.0000000000000002e-10,1.0709449600705863e-21,0.8635229877092705,183949.696151533,5843870191.260263,5.331412745375055e-09,31.156084020002332
2.0000000000000004,38.0,38000.0,1.0000000000000002e-10,1.0709449600705863e-21,0.8635229877092705,183949.696151533,5843870191.260263,4.791978001571531e-09,28.0036974005588
2.0000000000000004,39.0,39000.0,1.0000000000000002e-10,1.0709449600705863e-21,0.8635229877092705,183949.696151533,5843870191.260263,4.319075283218744e-09,25.240115301411
2.0000000000000004,40.0,40000.0,1.0000000000000002e-10,1.0709449600705863e-21,0.8635229877092705,183949.696151533,5843870191.260263,3.9030960321425225e-09,22.8091865558639
2.0000000000000004,41.0,41000.0,1.0000000000000002e-10,1.0709449600705863e-21,0.8635229877092705,183949.696151533,5843870191.260263,3.5360123670348823e-09,20.663997267642795
2.0000000000000004,42.0,42000.0,1.0000000000000002e-10,1.0709449600705863e-21,0.8635229877092705,183949.696151533,5843870191.260263,3.2110867649940276e-09,18.76517422749895
2.0000000000000004,43.0,43000.0,1.0000000000000002e-10,1.0709449600705863e-21,0.8635229877092705,183949.696151533,5843870191.260263,2.9226403766363873e-09,17.079530976799052
2.0000000000000004,44.0,44000.0,1.0000000000000002e-10,1.0709449600705863e-21,0.8635229877092705,183949.696151533,5843870191.260263,2.665867107535361e-09,15.578981323587115
2.0000000000000004,45.0,45000.0,1.0000000000000002e-10,1.0709449600705863e-21,0.8635229877092705,183949.696151533,5843870191.260263,2.436683637807616e-09,14.239662876515547
2.0000000000000004,46.0,46000.0,1.0000000000000002e-10,1.0709449600705863e-21,0.8635229877092705,183949.696151533,5843870191.260263,2.2316078242387767e-09,13.04122644265216
2.0000000000000004,47.0,47000.0,1.0000000000000002e-10,1.0709449600705863e-21,0.8635229877092705,183949.696151533,5843870191.260263,2.0476596405143814e-09,11.9662571350487
2.0000000000000004,48.0,48000.0,1.0000000000000002e-10,1.0709449600705863e-21,0.8635229877092705,183949.696151533,5843870191.260263,1.8822801080934237e-09,10.999800615289304
2.0000000000000004,49.0,49000.0,1.0000000000000002e-10,1.0709449600705863e-21,0.8635229877092705,183949.696151533,5843870191.260263,1.733264659488655e-09,10.128973677150622
2.0000000000000004,50.0,50000.0,1.0000000000000002e-10,1.0709449600705863e-21,0.8635229877092705,183949.696151533,5843870191.260263,1.5987081347655774e-09,9.342642813281854
2.0000000000000004,51.0,51000.0,1.0000000000000002e-10,1.0709449600705863e-21,0.8635229877092705,183949.696151533,5843870191.260263,1.4769591978545584e-09,8.631157830049924
2.0000000000000004,52.0,52000.0,1.0000000000000002e-10,1.0709449600705863e-21,0.8635229877092705,183949.696151533,5843870191.260263,1.3665824138309315e-09,7.986130232087079
2.0000000000000004,53.0,53000.0,1.0000000000000002e-10,1.0709449600705863e-21,0.8635229877092705,183949.696151533,5843870191.260263,1.2663265829148895e-09,7.400248170296791
2.0000000000000004,54.0,54000.0,1.0000000000000002e-10,1.0709449600705863e-21,0.8635229877092705,183949.696151533,5843870191.260263,1.1750982049612346e-09,6.867121371776402
2.0000000000000004,55.0,55000.0,1.0000000000000002e-10,1.0709449600705863e-21,0.8635229877092705,183949.696151533,5843870191.260263,1.0919391672464842e-09,6.381150750141284
2.0000000000000004,56.0,56000.0,1.0000000000000002e-10,1.0709449600705863e-21,0.8635229877092705,183949.696151533,5843870191.260263,1.0160079217363918e-09,5.937418407919591
2.0000000000000004,57.0,57000.0,1.0000000000000002e-10,1.0709449600705863e-21,0.8635229877092705,183949.696151533,5843870191.260263,9.465635558659815e-10,5.5315945482585285
2.0000000000000004,58.0,58000.0,1.0000000000000002e-10,1.0709449600705863e-21,0.8635229877092705,183949.696151533,5843870191.260263,8.829522709401267e-10,5.159858456452562
2.0000000000000004,59.0,59000.0,1.0000000000000002e-10,1.0709449600705863e-21,0.8635229877092705,183949.696151533,5843870191.260263,8.245958705269948e-10,4.818831227609013
2.0000000000000004,60.0,60000.0,1.0000000000000002e-10,1.0709449600705863e-21,0.8635229877092705,183949.696151533,5843870191.260263,7.709819322750661e-10,4.505518332022498
2.0000000000000004,61.0,61000.0,1.0000000000000002e-10,1.0709449600705863e-21,0.8635229877092705,183949.696151533,5843870191.260263,7.216553940121697e-10,4.217260445429899
2.0000000000000004,62.0,62000.0,1.0000000000000002e-10,1.0709449600705863e-21,0.8635229877092705,183949.696151533,5843870191.260263,6.76211331569941e-10,3.951691243553989
2.0000000000000004,63.0,63000.0,1.0000000000000002e-10,1.0709449600705863e-21,0.8635229877092705,183949.696151533,5843870191.260263,6.34288743702524e-10,3.706701081975101
2.0000000000000004,64.0,64000.0,1.0000000000000002e-10,1.0709449600705863e-21,0.8635229877092705,183949.696151533,5843870191.260263,5.955651904514347e-10,3.4804056634313807
2.0000000000000004,65.0,65000.0,1.0000000000000002e-10,1.0709449600705863e-21,0.8635229877092705,183949.696151533,5843870191.260263,5.597521567051495e-10,3.2711189430628673
2.0000000000000004,66.0,66000.0,1.0000000000000002e-10,1.0709449600705863e-21,0.8635229877092705,183949.696151533,5843870191.260263,5.26591033587232e-10,3.0773296441653573
2.0000000000000004,67.0,67000.0,1.0000000000000002e-10,1.0709449600705863e-21,0.8635229877092705,183949.696151533,5843870191.260263,4.958496275360986e-10,2.897680857705711
2.0000000000000004,68.0,68000.0,1.0000000000000002e-10,1.0709449600705863e-21,0.8635229877092705,183949.696151533,5843870191.260263,4.67319121196169e-10,2.7309522821642345
2.0000000000000004,69.0,69000.0,1.0000000000000002e-10,1.0709449600705863e-21,0.8635229877092705,183949.696151533,5843870191.260263,4.4081142207185724e-10,2.5760447294127733
2.0000000000000004,70.0,70000.0,1.0000000000000002e-10,1.0709449600705863e-21,0.8635229877092705,183949.696151533,5843870191.260263,4.1615684474322597e-10,2.4319665798838637
2.0000000000000004,71.0,71000.0,1.0000000000000002e-10,1.0709449600705863e-21,0.8635229877092705,183949.696151533,5843870191.260263,3.9320208066065603e-10,2.2978219183143214
2.0000000000000004,72.0,72000.0,1.0000000000000002e-10,1.0709449600705863e-21,0.8635229877092705,183949.696151533,5843870191.260263,3.7180841641351575e-10,2.172800121538628
2.0000000000000004,73.0,73000.0,1.0000000000000002e-10,1.0709449600705863e-21,0.8635229877092705,183949.696151533,5843870191.260263,3.5185016713833984e-10,2.056166703529686
2.0000000000000004,74.0,74000.0,1.0000000000000002e-10,1.0709449600705863e-21,0.8635229877092705,183949.696151533,5843870191.260263,3.3321329658594096e-10,1.9472552512501458
2.0000000000000004,75.0,75000.0,1.0000000000000002e-10,1.0709449600705863e-21,0.8635229877092705,183949.696151533,5843870191.260263,3.157941994598671e-10,1.8454603087964152
2.0000000000000004,76.0,76000.0,1.0000000000000002e-10,1.0709449600705863e-21,0.8635229877092705,183949.696151533,5843870191.260263,2.994986250982207e-10,1.750231087534925
2.0000000000000004,77.0,77000.0,1.0000000000000002e-10,1.0709449600705863e-21,0.8635229877092705,183949.696151533,5843870191.260263,2.8424072450189594e-10,1.6610658970588505
2.0000000000000004,78.0,78000.0,1.0000000000000002e-10,1.0709449600705863e-21,0.8635229877092705,183949.696151533,5843870191.260263,2.699422052011715e-10,1.5775072063381874
2.0000000000000004,79.0,79000.0,1.0000000000000002e-10,1.0709449600705863e-21,0.8635229877092705,183949.696151533,5843870191.260263,2.565315805706504e-10,1.4991372568137045
2.0000000000000004,80.0,80000.0,1.0000000000000002e-10,1.0709449600705863e-21,0.8635229877092705,183949.696151533,5843870191.260263,2.4394350200890765e-10,1.4255741597414937
2.0000000000000004,81.0,81000.0,1.0000000000000002e-10,1.0709449600705863e-21,0.8635229877092705,183949.696151533,5843870191.260263,2.321181639429599e-10,1.3564684191163263
2.0000000000000004,82.0,82000.0,1.0000000000000002e-10,1.0709449600705863e-21,0.8635229877092705,183949.696151533,5843870191.260263,2.2100077293968014e-10,1.2914998292276747
2.0000000000000004,83.0,83000.0,1.0000000000000002e-10,1.0709449600705863e-21,0.8635229877092705,183949.696151533,5843870191.260263,2.1054107334064466e-10,1.2303747025313343
2.0000000000000004,84.0,84000.0,1.0000000000000002e-10,1.0709449600705863e-21,0.8635229877092705,183949.696151533,5843870191.260263,2.0069292281212673e-10,1.1728233892186843
2.0000000000000004,85.0,85000.0,1.0000000000000002e-10,1.0709449600705863e-21,0.8635229877092705,183949.696151533,5843870191.260263,1.914139120419508e-10,1.1185980547744703
2.0000000000000004,86.0,86000.0,1.0000000000000002e-10,1.0709449600705863e-21,0.8635229877092705,183949.696151533,5843870191.260263,1.826650235397742e-10,1.0674706860499408
2.0000000000000004,87.0,87000.0,1.0000000000000002e-10,1.0709449600705863e-21,0.8635229877092705,183949.696151533,5843870191.260263,1.744103251239756e-10,1.019231300040012
2.0000000000000004,88.0,88000.0,1.0000000000000002e-10,1.0709449600705863e-21,0.8635229877092705,183949.696151533,5843870191.260263,1.6661669422096006e-10,0.9736863327241947
2.0000000000000004,89.0,89000.0,1.0000000000000002e-10,1.0709449600705863e-21,0.8635229877092705,183949.696151533,5843870191.260263,1.5925356957340522e-10,0.9306571880818153
2.0000000000000004,90.0,90000.0,1.0000000000000002e-10,1.0709449600705863e-21,0.8635229877092705,183949.696151533,5843870191.260263,1.52292727362976e-10,0.8899789297822217
2.0000000000000004,91.0,91000.0,1.0000000000000002e-10,1.0709449600705863e-21,0.8635229877092705,183949.696151533,5843870191.260263,1.457080791090039e-10,0.8514991001309002
2.0000000000000004,92.0,92000.0,1.0000000000000002e-10,1.0709449600705863e-21,0.8635229877092705,183949.696151533,5843870191.260263,1.3947548901492355e-10,0.81507665266576
2.0000000000000004,93.0,93000.0,1.0000000000000002e-10,1.0709449600705863e-21,0.8635229877092705,183949.696151533,5843870191.260263,1.3357260870517358e-10,0.7805809863810351
2.0000000000000004,94.0,94000.0,1.0000000000000002e-10,1.0709449600705863e-21,0.8635229877092705,183949.696151533,5843870191.260263,1.2797872753214884e-10,0.7478910709405437
2.0000000000000004,95.0,95000.0,1.0000000000000002e-10,1.0709449600705863e-21,0.8635229877092705,183949.696151533,5843870191.260263,1.2267463684023119e-10,0.7168946534543051
2.0000000000000004,96.0,96000.0,1.0000000000000002e-10,1.0709449600705863e-21,0.8635229877092705,183949.696151533,5843870191.260263,1.1764250675583898e-10,0.6874875384555815
2.0000000000000004,97.0,97000.0,1.0000000000000002e-10,1.0709449600705863e-21,0.8635229877092705,183949.696151533,5843870191.260263,1.1286577423219844e-10,0.6595729336490552
2.0000000000000004,98.0,98000.0,1.0000000000000002e-10,1.0709449600705863e-21,0.8635229877092705,183949.696151533,5843870191.260263,1.0832904121804094e-10,0.6330608548219139
2.0000000000000004,99.0,99000.0,1.0000000000000002e-10,1.0709449600705863e-21,0.8635229877092705,183949.696151533,5843870191.260263,1.040179819431569e-10,0.6078675840326629
2.0000000000000004,100.0,100000.0,1.0000000000000002e-10,1.0709449600705863e-21,0.8635229877092705,183949.696151533,5843870191.260263,9.991925842284859e-11,0.5839151758301159
2.0500000000000007,1.0,1000.0,1.0000000000000002e-10,1.2163824530324992e-21,0.8640510625676554,161955.64109698363,6947394560.808219,0.00810763448418753,56326935.71646559
2.0500000000000007,2.0,2000.0,1.0000000000000002e-10,1.2163824530324992e-21,0.8640510625676554,161955.64109698363,6947394560.808219,0.0005067271552617206,3520433.4822790995
2.0500000000000007,3.0,3000.0,1.0000000000000002e-10,1.2163824530324992e-21,0.8640510625676554,161955.64109698363,6947394560.808219,0.00010009425289120408,695394.2681045135
2.0500000000000007,4.0,4000.0,1.0000000000000002e-10,1.2163824530324992e-21,0.8640510625676554,161955.64109698363,6947394560.808219,3.1670447203857536e-05,220027.09264244372
2.0500000000000007,5.0,5000.0,1.0000000000000002e-10,1.2163824530324992e-21,0.8640510625676554,161955.64109698363,6947394560.808219,1.2972215174700046e-05,90123.09714634494
2.0500000000000007,6.0,6000.0,1.0000000000000002e-10,1.2163824530324992e-21,0.8640510625676554,161955.64109698363,6947394560.808219,6.255890805700255e-06,43462.141756532095
2.0500000000000007,7.0,7000.0,1.0000000000000002e-10,1.2163824530324992e-21,0.8640510625676554,161955.64109698363,6947394560.808219,3.3767740458923486e-06,23459.781639510864
2.0500000000000007,8.0,8000.0,1.0000000000000002e-10,1.2163824530324992e-21,0.8640510625676554,161955.64109698363,6947394560.808219,1.979402950241096e-06,13751.693290152733
2.0500000000000007,9.0,9000.0,1.0000000000000002e-10,1.2163824530324992e-21,0.8640510625676554,161955.64109698363,6947394560.808219,1.2357315171753589e-06,8585.114421043376
2.0500000000000007,10.0,10000.0,1.0000000000000002e-10,1.2163824530324992e-21,0.8640510625676554,161955.64109698363,6947394560.808219,8.107634484187529e-07,5632.693571646559
2.0500000000000007,11.0,11000.0,1.0000000000000002e-10,1.2163824530324992e-21,0.8640510625676554,161955.64109698363,6947394560.808219,5.537623443881926e-07,3847.2054993829374
2.0500000000000007,12.0,12000.0,1.0000000000000002e-10,1.2163824530324992e-21,0.8640510625676554,161955.64109698363,6947394560.808219,3.9099317535626593e-07,2716.383859783256
2.0500000000000007,13.0,13000.0,1.0000000000000002e-10,1.2163824530324992e-21,0.8640510625676554,161955.64109698363,6947394560.808219,2.8387081979578906e-07,1972.162589421435
2.0500000000000007,14.0,14000.0,1.0000000000000002e-10,1.2163824530324992e-21,0.8640510625676554,161955.64109698363,6947394560.808219,2.1104837786827178e-07,1466.236352469429
2.0500000000000007,15.0,15000.0,1.0000000000000002e-10,1.2163824530324992e-21,0.8640510625676554,161955.64109698363,6947394560.808219,1.6015080462592645e-07,1112.630828967221
2.0500000000000007,16.0,16000.0,1.0000000000000002e-10,1.2163824530324992e-21,0.8640510625676554,161955.64109698363,6947394560.808219,1.237126843900685e-07,859.4808306345458
2.0500000000000007,17.0,17000.0,1.0000000000000002e-10,1.2163824530324992e-21,0.8640510625676554,161955.64109698363,6947394560.808219,9.707300540208486e-08,674.4044697317512
2.0500000000000007,18.0,18000.0,1.0000000000000002e-10,1.2163824530324992e-21,0.8640510625676554,161955.64109698363,6947394560.808219,7.723321982345993e-08,536.569651315211
2.0500000000000007,19.0,19000.0,1.0000000000000002e-10,1.2163824530324992e-21,0.8640510625676554,161955.64109698363,6947394560.808219,6.22128013458117e-08,432.21687768253446
2.0500000000000007,20.0,20000.0,1.0000000000000002e-10,1.2163824530324992e-21,0.8640510625676554,161955.64109698363,6947394560.808219,5.0672715526172054e-08,352.0433482279099
2.0500000000000007,21.0,21000.0,1.0000000000000002e-10,1.2163824530324992e-21,0.8640510625676554,161955.64109698363,6947394560.808219,4.1688568467806766e-08,289.6269338211217
2.0500000000000007,22.0,22000.0,1.0000000000000002e-10,1.2163824530324992e-21,0.8640510625676554,161955.64109698363,6947394560.808219,3.461014652426204e-08,240.4503437114336
2.0500000000000007,23.0,23000.0,1.0000000000000002e-10,1.2163824530324992e-21,0.8640510625676554,161955.64109698363,6947394560.808219,2.8972289565101352e-08,201.28192693874584
2.0500000000000007,24.0,24000.0,1.0000000000000002e-10,1.2163824530324992e-21,0.8640510625676554,161955.64109698363,6947394560.808219,2.443707345976662e-08,169.7739912364535
2.0500000000000007,25.0,25000.0,1.0000000000000002e-10,1.2163824530324992e-21,0.8640510625676554,161955.64109698363,6947394560.808219,2.0755544279520076e-08,144.19695543415193
2.0500000000000007,26.0,26000.0,1.0000000000000002e-10,1.2163824530324992e-21,0.8640510625676554,161955.64109698363,6947394560.808219,1.7741926237236816e-08,123.2601618388397
2.0500000000000007,27.0,27000.0,1.0000000000000002e-10,1.2163824530324992e-21,0.8640510625676554,161955.64109698363,6947394560.808219,1.5255944656485907e-08,105.9890669264614
2.0500000000000007,28.0,28000.0,1.0000000000000002e-10,1.2163824530324992e-21,0.8640510625676554,161955.64109698363,6947394560.808219,1.3190523616766987e-08,91.63977202933931
2.0500000000000007,29.0,29000.0,1.0000000000000002e-10,1.2163824530324992e-21,0.8640510625676554,161955.64109698363,6947394560.808219,1.146310233724295e-08,79.63869482774965
2.0500000000000007,30.0,30000.0,1.0000000000000002e-10,1.2163824530324992e-21,0.8640510625676554,161955.64109698363,6947394560.808219,1.0009425289120403e-08,69.53942681045132
2.0500000000000007,31.0,31000.0,1.0000000000000002e-10,1.2163824530324992e-21,0.8640510625676554,161955.64109698363,6947394560.808219,8.779047237894458e-09,60.991505029626374
2.0500000000000007,32.0,32000.0,1.0000000000000002e-10,1.2163824530324992e-21,0.8640510625676554,161955.64109698363,6947394560.808219,7.732042774379281e-09,53.71755191465911
2.0500000000000007,33.0,33000.0,1.0000000000000002e-10,1.2163824530324992e-21,0.8640510625676554,161955.64109698363,6947394560.808219,6.8365721529406514e-09,47.49636418991282
2.0500000000000007,34.0,34000.0,1.0000000000000002e-10,1.2163824530324992e-21,0.8640510625676554,161955.64109698363,6947394560.808219,6.067062837630304e-09,42.15027935823445
2.0500000000000007,35.0,35000.0,1.0000000000000002e-10,1.2163824530324992e-21,0.8640510625676554,161955.64109698363,6947394560.808219,5.402838473427756e-09,37.53565062321737
2.0500000000000007,36.0,36000.0,1.0000000000000002e-10,1.2163824530324992e-21,0.8640510625676554,161955.64109698363,6947394560.808219,4.8270762389662456e-09,33.53560320720069
2.0500000000000007,37.0,37000.0,1.0000000000000002e-10,1.2163824530324992e-21,0.8640510625676554,161955.64109698363,6947394560.808219,4.3260074690421635e-09,30.054480760439255
2.0500000000000007,38.0,38000.0,1.0000000000000002e-10,1.2163824530324992e-21,0.8640510625676554,161955.64109698363,6947394560.808219,3.8883000841132315e-09,27.013554855158404
2.0500000000000007,39.0,39000.0,1.0000000000000002e-10,1.2163824530324992e-21,0.8640510625676554,161955.64109698363,6947394560.808219,3.504578022170233e-09,24.347686289153504
2.0500000000000007,40.0,40000.0,1.0000000000000002e-10,1.2163824530324992e-21,0.8640510625676554,161955.64109698363,6947394560.808219,3.1670447203857534e-09,22.00270926424437
2.0500000000000007,41.0,41000.0,1.0000000000000002e-10,1.2163824530324992e-21,0.8640510625676554,161955.64109698363,6947394560.808219,2.8691862065431324e-09,19.933368645283725
2.0500000000000007,42.0,42000.0,1.0000000000000002e-10,1.2163824530324992e-21,0.8640510625676554,161955.64109698363,6947394560.808219,2.605535529237923e-09,18.101683363820108
2.0500000000000007,43.0,43000.0,1.0000000000000002e-10,1.2163824530324992e-21,0.8640510625676554,161955.64109698363,6947394560.808219,2.371484764450323e-09,16.475640353581735
2.0500000000000007,44.0,44000.0,1.0000000000000002e-10,1.2163824530324992e-21,0.8640510625676554,161955.64109698363,6947394560.808219,2.1631341577663775e-09,15.0281464819646
2.0500000000000007,45.0,45000.0,1.0000000000000002e-10,1.2163824530324992e-21,0.8640510625676554,161955.64109698363,6947394560.808219,1.977170427480574e-09,13.7361830736694
2.0500000000000007,46.0,46000.0,1.0000000000000002e-10,1.2163824530324992e-21,0.8640510625676554,161955.64109698363,6947394560.808219,1.8107680978188345e-09,12.580120433671615
2.0500000000000007,47.0,47000.0,1.0000000000000002e-10,1.2163824530324992e-21,0.8640510625676554,161955.64109698363,6947394560.808219,1.661509119999346e-09,11.543159423016705
2.0500000000000007,48.0,48000.0,1.0000000000000002e-10,1.2163824530324992e-21,0.8640510625676554,161955.64109698363,6947394560.808219,1.5273170912354138e-09,10.610874452278344
2.0500000000000007,49.0,49000.0,1.0000000000000002e-10,1.2163824530324992e-21,0.8640510625676554,161955.64109698363,6947394560.808219,1.4064031844616196e-09,9.770837834032015
2.0500000000000007,50.0,50000.0,1.0000000000000002e-10,1.2163824530324992e-21,0.8640510625676554,161955.64109698363,6947394560.808219,1.2972215174700048e-09,9.012309714634496
2.0500000000000007,51.0,51000.0,1.0000000000000002e-10,1.2163824530324992e-21,0.8640510625676554,161955.64109698363,6947394560.808219,1.1984321654578374e-09,8.325981107799395
2.0500000000000007,52.0,52000.0,1.0000000000000002e-10,1.2163824530324992e-21,0.8640510625676554,161955.64109698363,6947394560.808219,1.108870389827301e-09,7.703760114927481
2.0500000000000007,53.0,53000.0,1.0000000000000002e-10,1.2163824530324992e-21,0.8640510625676554,161955.64109698363,6947394560.808219,1.0275209438040002e-09,7.138593416100439
2.0500000000000007,54.0,54000.0,1.0000000000000002e-10,1.2163824530324992e-21,0.8640510625676554,161955.64109698363,6947394560.808219,9.534965410303692e-10,6.624316682903838
2.0500000000000007,55.0,55000.0,1.0000000000000002e-10,1.2163824530324992e-21,0.8640510625676554,161955.64109698363,6947394560.808219,8.860197510211084e-10,6.155528799012701
2.0500000000000007,56.0,56000.0,1.0000000000000002e-10,1.2163824530324992e-21,0.8640510625676554,161955.64109698363,6947394560.808219,8.244077260479367e-10,5.727485751833707
2.0500000000000007,57.0,57000.0,1.0000000000000002e-10,1.2163824530324992e-21,0.8640510625676554,161955.64109698363,6947394560.808219,7.680592758742186e-10,5.336010835586845
2.0500000000000007,58.0,58000.0,1.0000000000000002e-10,1.2163824530324992e-21,0.8640510625676554,161955.64109698363,6947394560.808219,7.164438960776843e-10,4.977418426734353
2.0500000000000007,59.0,59000.0,1.0000000000000002e-10,1.2163824530324992e-21,0.8640510625676554,161955.64109698363,6947394560.808219,6.690924273187477e-10,4.648449090232236
2.0500000000000007,60.0,60000.0,1.0000000000000002e-10,1.2163824530324992e-21,0.8640510625676554,161955.64109698363,6947394560.808219,6.255890805700252e-10,4.346214175653207
2.0500000000000007,61.0,61000.0,1.0000000000000002e-10,1.2163824530324992e-21,0.8640510625676554,161955.64109698363,6947394560.808219,5.85564609920591e-10,4.0681483859641006
2.0500000000000007,62.0,62000.0,1.0000000000000002e-10,1.2163824530324992e-21,0.8640510625676554,161955.64109698363,6947394560.808219,5.486904523684036e-10,3.8119690643516484
2.0500000000000007,63.0,63000.0,1.0000000000000002e-10,1.2163824530324992e-21,0.8640510625676554,161955.64109698363,6947394560.808219,5.146736847877378e-10,3.5756411582854537
2.0500000000000007,64.0,64000.0,1.0000000000000002e-10,1.2163824530324992e-21,0.8640510625676554,161955.64109698363,6947394560.808219,4.832526733987051e-10,3.3573469946661945
2.0500000000000007,65.0,65000.0,1.0000000000000002e-10,1.2163824530324992e-21,0.8640510625676554,161955.64109698363,6947394560.808219,4.5419331167326243e-10,3.1554601430742957
2.0500000000000007,66.0,66000.0,1.0000000000000002e-10,1.2163824530324992e-21,0.8640510625676554,161955.64109698363,6947394560.808219,4.272857595587907e-10,2.968522761869551
2.0500000000000007,67.0,67000.0,1.0000000000000002e-10,1.2163824530324992e-21,0.8640510625676554,161955.64109698363,6947394560.808219,4.0234161088048285e-10,2.7952259190178834
2.0500000000000007,68.0,68000.0,1.0000000000000002e-10,1.2163824530324992e-21,0.8640510625676554,161955.64109698363,6947394560.808219,3.79191427351894e-10,2.634392459889653
2.0500000000000007,69.0,69000.0,1.0000000000000002e-10,1.2163824530324992e-21,0.8640510625676554,161955.64109698363,6947394560.808219,3.5768258722347357e-10,2.4849620609721716
2.0500000000000007,70.0,70000.0,1.0000000000000002e-10,1.2163824530324992e-21,0.8640510625676554,161955.64109698363,6947394560.808219,3.3767740458923476e-10,2.3459781639510857
2.0500000000000007,71.0,71000.0,1.0000000000000002e-10,1.2163824530324992e-21,0.8640510625676554,161955.64109698363,6947394560.808219,3.190514820403865e-10,2.2165765309451824
2.0500000000000007,72.0,72000.0,1.0000000000000002e-10,1.2163824530324992e-21,0.8640510625676554,161955.64109698363,6947394560.808219,3.0169226493539035e-10,2.095975200450043
2.0500000000000007,73.0,73000.0,1.0000000000000002e-10,1.2163824530324992e-21,0.8640510625676554,161955.64109698363,6947394560.808219,2.8549777023821746e-10,1.9834656560758666
2.0500000000000007,74.0,74000.0,1.0000000000000002e-10,1.2163824530324992e-21,0.8640510625676554,161955.64109698363,6947394560.808219,2.703754668151352e-10,1.8784050475274534
2.0500000000000007,75.0,75000.0,1.0000000000000002e-10,1.2163824530324992e-21,0.8640510625676554,161955.64109698363,6947394560.808219,2.562412874014824e-10,1.7802093263475545
2.0500000000000007,76.0,76000.0,1.0000000000000002e-10,1.2163824530324992e-21,0.8640510625676554,161955.64109698363,6947394560.808219,2.4301875525707697e-10,1.6883471784474002
2.0500000000000007,77.0,77000.0,1.0000000000000002e-10,1.2163824530324992e-21,0.8640510625676554,161955.64109698363,6947394560.808219,2.3063821090720217e-10,1.6023346519712351
2.0500000000000007,78.0,78000.0,1.0000000000000002e-10,1.2163824530324992e-21,0.8640510625676554,161955.64109698363,6947394560.808219,2.1903612638563956e-10,1.521730393072094
2.0500000000000007,79.0,79000.0,1.0000000000000002e-10,1.2163824530324992e-21,0.8640510625676554,161955.64109698363,6947394560.808219,2.081544961148484e-10,1.4461314141160733
2.0500000000000007,80.0,80000.0,1.0000000000000002e-10,1.2163824530324992e-21,0.8640510625676554,161955.64109698363,6947394560.808219,1.979402950241096e-10,1.3751693290152731
2.0500000000000007,81.0,81000.0,1.0000000000000002e-10,1.2163824530324992e-21,0.8640510625676554,161955.64109698363,6947394560.808219,1.8834499575908526e-10,1.3085069990921159
2.0500000000000007,82.0,82000.0,1.0000000000000002e-10,1.2163824530324992e-21,0.8640510625676554,161955.64109698363,6947394560.808219,1.7932413790894577e-10,1.2458355403302328
2.0500000000000007,83.0,83000.0,1.0000000000000002e-10,1.2163824530324992e-21,0.8640510625676554,161955.64109698363,6947394560.808219,1.7083694309766095e-10,1.186871649261793
2.0500000000000007,84.0,84000.0,1.0000000000000002e-10,1.2163824530324992e-21,0.8640510625676554,161955.64109698363,6947394560.808219,1.6284597057737018e-10,1.1313552102387567
2.0500000000000007,85.0,85000.0,1.0000000000000002e-10,1.2163824530324992e-21,0.8640510625676554,161955.64109698363,6947394560.808219,1.5531680864333575e-10,1.0790471515708018
2.0500000000000007,86.0,86000.0,1.0000000000000002e-10,1.2163824530324992e-21,0.8640510625676554,161955.64109698363,6947394560.808219,1.4821779777814519e-10,1.0297275220988584
2.0500000000000007,87.0,87000.0,1.0000000000000002e-10,1.2163824530324992e-21,0.8640510625676554,161955.64109698363,6947394560.808219,1.4151978194127094e-10,0.9831937633055509
2.0500000000000007,88.0,88000.0,1.0000000000000002e-10,1.2163824530324992e-21,0.8640510625676554,161955.64109698363,6947394560.808219,1.351958848603986e-10,0.9392591551227875
2.0500000000000007,89.0,89000.0,1.0000000000000002e-10,1.2163824530324992e-21,0.8640510625676554,161955.64109698363,6947394560.808219,1.2922130856287916e-10,0.8977514162502672
2.0500000000000007,90.0,90000.0,1.0000000000000002e-10,1.2163824530324992e-21,0.8640510625676554,161955.64109698363,6947394560.808219,1.2357315171753587e-10,0.8585114421043375
2.0500000000000007,91.0,91000.0,1.0000000000000002e-10,1.2163824530324992e-21,0.8640510625676554,161955.64109698363,6947394560.808219,1.1823024564589294e-10,0.8213921655232962
2.0500000000000007,92.0,92000.0,1.0000000000000002e-10,1.2163824530324992e-21,0.8640510625676554,161955.64109698363,6947394560.808219,1.1317300611367716e-10,0.7862575271044759
2.0500000000000007,93.0,93000.0,1.0000000000000002e-10,1.2163824530324992e-21,0.8640510625676554,161955.64109698363,6947394560.808219,1.0838329923326494e-10,0.7529815435756344
2.0500000000000007,94.0,94000.0,1.0000000000000002e-10,1.2163824530324992e-21,0.8640510625676554,161955.64109698363,6947394560.808219,1.0384431999995912e-10,0.7214474639385441
2.0500000000000007,95.0,95000.0,1.0000000000000002e-10,1.2163824530324992e-21,0.8640510625676554,161955.64109698363,6947394560.808219,9.954048215329873e-11,0.6915470042920552
2.0500000000000007,96.0,96000.0,1.0000000000000002e-10,1.2163824530324992e-21,0.8640510625676554,161955.64109698363,6947394560.808219,9.545731820221336e-11,0.6631796532673965
2.0500000000000007,97.0,97000.0,1.0000000000000002e-10,1.2163824530324992e-21,0.8640510625676554,161955.64109698363,6947394560.808219,9.158138858246828e-11,0.636252040909104
2.0500000000000007,98.0,98000.0,1.0000000000000002e-10,1.2163824530324992e-21,0.8640510625676554,161955.64109698363,6947394560.808219,8.790019902885123e-11,0.610677364627001
2.0500000000000007,99.0,99000.0,1.0000000000000002e-10,1.2163824530324992e-21,0.8640510625676554,161955.64109698363,6947394560.808219,8.440212534494629e-11,0.5863748665421333
2.0500000000000007,100.0,100000.0,1.0000000000000002e-10,1.2163824530324992e-21,0.8640510625676554,161955.64109698363,6947394560.808219,8.10763448418753e-11,0.563269357164656
2.100000000000001,1.0,1000.0,1.0000000000000002e-10,1.3778186246570518e-21,0.8646117227091848,142979.6320608125,8247605571.691529,0.006542542990392669,53960314.020593934
2.100000000000001,2.0,2000.0,1.0000000000000002e-10,1.3778186246570518e-21,0.8646117227091848,142979.6320608125,8247605571.691529,0.0004089089368995418,3372519.626287121
2.100000000000001,3.0,3000.0,1.0000000000000002e-10,1.3778186246570518e-21,0.8646117227091848,142979.6320608125,8247605571.691529,8.077213568386012e-05,666176.716303629
2.100000000000001,4.0,4000.0,1.0000000000000002e-10,1.3778186246570518e-21,0.8646117227091848,142979.6320608125,8247605571.691529,2.5556808556221364e-05,210782.47664294505
2.100000000000001,5.0,5000.0,1.0000000000000002e-10,1.3778186246570518e-21,0.8646117227091848,142979.6320608125,8247605571.691529,1.046806878462827e-05,86336.5024329503
2.100000000000001,6.0,6000.0,1.0000000000000002e-10,1.3778186246570518e-21,0.8646117227091848,142979.6320608125,8247605571.691529,5.048258480241258e-06,41636.04476897681
2.100000000000001,7.0,7000.0,1.0000000000000002e-10,1.3778186246570518e-21,0.8646117227091848,142979.6320608125,8247605571.691529,2.7249241942493418e-06,22474.099966927923
2.100000000000001,8.0,8000.0,1.0000000000000002e-10,1.3778186246570518e-21,0.8646117227091848,142979.6320608125,8247605571.691529,1.5973005347638352e-06,13173.904790184066
2.100000000000001,9.0,9000.0,1.0000000000000002e-10,1.3778186246570518e-21,0.8646117227091848,142979.6320608125,8247605571.691529,9.971868602945694e-07,8224.403904983074
2.100000000000001,10.0,10000.0,1.0000000000000002e-10,1.3778186246570518e-21,0.8646117227091848,142979.6320608125,8247605571.691529,6.542542990392669e-07,5396.031402059394
2.100000000000001,11.0,11000.0,1.0000000000000002e-10,1.3778186246570518e-21,0.8646117227091848,142979.6320608125,8247605571.691529,4.468644894742619e-07,3685.562053179013
2.100000000000001,12.0,12000.0,1.0000000000000002e-10,1.3778186246570518e-21,0.8646117227091848,142979.6320608125,8247605571.691529,3.155161550150786e-07,2602.2527980610507
2.100000000000001,13.0,13000.0,1.0000000000000002e-10,1.3778186246570518e-21,0.8646117227091848,142979.6320608125,8247605571.691529,2.2907261616864504e-07,1889.300585434472
2.100000000000001,14.0,14000.0,1.0000000000000002e-10,1.3778186246570518e-21,0.8646117227091848,142979.6320608125,8247605571.691529,1.7030776214058386e-07,1404.6312479329952
2.100000000000001,15.0,15000.0,1.0000000000000002e-10,1.3778186246570518e-21,0.8646117227091848,142979.6320608125,8247605571.691529,1.2923541709417615e-07,1065.8827460858058
2.100000000000001,16.0,16000.0,1.0000000000000002e-10,1.3778186246570518e-21,0.8646117227091848,142979.6320608125,8247605571.691529,9.98312834227397e-08,823.3690493865041
2.100000000000001,17.0,17000.0,1.0000000000000002e-10,1.3778186246570518e-21,0.8646117227091848,142979.6320608125,8247605571.691529,7.833410747467906e-08,646.0688212616461
2.100000000000001,18.0,18000.0,1.0000000000000002e-10,1.3778186246570518e-21,0.8646117227091848,142979.6320608125,8247605571.691529,6.232417876841059e-08,514.0252440614421
2.100000000000001,19.0,19000.0,1.0000000000000002e-10,1.3778186246570518e-21,0.8646117227091848,142979.6320608125,8247605571.691529,5.0203290263216735e-08,414.05693649215345
2.100000000000001,20.0,20000.0,1.0000000000000002e-10,1.3778186246570518e-21,0.8646117227091848,142979.6320608125,8247605571.691529,4.089089368995418e-08,337.25196262871214
2.100000000000001,21.0,21000.0,1.0000000000000002e-10,1.3778186246570518e-21,0.8646117227091848,142979.6320608125,8247605571.691529,3.364103943517705e-08,277.4580242830607
2.100000000000001,22.0,22000.0,1.0000000000000002e-10,1.3778186246570518e-21,0.8646117227091848,142979.6320608125,8247605571.691529,2.792903059214137e-08,230.34762832368833
2.100000000000001,23.0,23000.0,1.0000000000000002e-10,1.3778186246570518e-21,0.8646117227091848,142979.6320608125,8247605571.691529,2.337950118243098e-08,192.82490421558646
2.100000000000001,24.0,24000.0,1.0000000000000002e-10,1.3778186246570518e-21,0.8646117227091848,142979.6320608125,8247605571.691529,1.9719759688442413e-08,162.64079987881567
2.100000000000001,25.0,25000.0,1.0000000000000002e-10,1.3778186246570518e-21,0.8646117227091848,142979.6320608125,8247605571.691529,1.6748910055405237e-08,138.1384038927205
2.100000000000001,26.0,26000.0,1.0000000000000002e-10,1.3778186246570518e-21,0.8646117227091848,142979.6320608125,8247605571.691529,1.4317038510540315e-08,118.0812865896545
2.100000000000001,27.0,27000.0,1.0000000000000002e-10,1.3778186246570518e-21,0.8646117227091848,142979.6320608125,8247605571.691529,1.2310948892525543e-08,101.53585067880333
2.100000000000001,28.0,28000.0,1.0000000000000002e-10,1.3778186246570518e-21,0.8646117227091848,142979.6320608125,8247605571.691529,1.0644235133786491e-08,87.7894529958122
2.100000000000001,29.0,29000.0,1.0000000000000002e-10,1.3778186246570518e-21,0.8646117227091848,142979.6320608125,8247605571.691529,9.25027392280108e-09,76.29261074536704
2.100000000000001,30.0,30000.0,1.0000000000000002e-10,1.3778186246570518e-21,0.8646117227091848,142979.6320608125,8247605571.691529,8.07721356838601e-09,66.61767163036286
2.100000000000001,31.0,31000.0,1.0000000000000002e-10,1.3778186246570518e-21,0.8646117227091848,142979.6320608125,8247605571.691529,7.084346745112097e-09,58.428897686781276
2.100000000000001,32.0,32000.0,1.0000000000000002e-10,1.3778186246570518e-21,0.8646117227091848,142979.6320608125,8247605571.691529,6.239455213921231e-09,51.46056558665651
2.100000000000001,33.0,33000.0,1.0000000000000002e-10,1.3778186246570518e-21,0.8646117227091848,142979.6320608125,8247605571.691529,5.5168455490649636e-09,45.50076608862981
2.100000000000001,34.0,34000.0,1.0000000000000002e-10,1.3778186246570518e-21,0.8646117227091848,142979.6320608125,8247605571.691529,4.895881717167441e-09,40.37930132885288
2.100000000000001,35.0,35000.0,1.0000000000000002e-10,1.3778186246570518e-21,0.8646117227091848,142979.6320608125,8247605571.691529,4.3598787107989455e-09,35.958559947084666
2.100000000000001,36.0,36000.0,1.0000000000000002e-10,1.3778186246570518e-21,0.8646117227091848,142979.6320608125,8247605571.691529,3.895261173025662e-09,32.12657775384013
2.100000000000001,37.0,37000.0,1.0000000000000002e-10,1.3778186246570518e-21,0.8646117227091848,142979.6320608125,8247605571.691529,3.4909183311319946e-09,28.791717478164333
2.100000000000001,38.0,38000.0,1.0000000000000002e-10,1.3778186246570518e-21,0.8646117227091848,142979.6320608125,8247605571.691529,3.137705641451046e-09,25.87855853075959
2.100000000000001,39.0,39000.0,1.0000000000000002e-10,1.3778186246570518e-21,0.8646117227091848,142979.6320608125,8247605571.691529,2.828056989736357e-09,23.324698585610754
2.100000000000001,40.0,40000.0,1.0000000000000002e-10,1.3778186246570518e-21,0.8646117227091848,142979.6320608125,8247605571.691529,2.5556808556221364e-09,21.07824766429451
2.100000000000001,41.0,41000.0,1.0000000000000002e-10,1.3778186246570518e-21,0.8646117227091848,142979.6320608125,8247605571.691529,2.3153207190532634e-09,19.09585206271653
2.100000000000001,42.0,42000.0,1.0000000000000002e-10,1.3778186246570518e-21,0.8646117227091848,142979.6320608125,8247605571.691529,2.1025649646985658e-09,17.341126517691293
2.100000000000001,43.0,43000.0,1.0000000000000002e-10,1.3778186246570518e-21,0.8646117227091848,142979.6320608125,8247605571.691529,1.9136951786291944e-09,15.78340301778136
2.100000000000001,44.0,44000.0,1.0000000000000002e-10,1.3778186246570518e-21,0.8646117227091848,142979.6320608125,8247605571.691529,1.7455644120088355e-09,14.39672677023052
2.100000000000001,45.0,45000.0,1.0000000000000002e-10,1.3778186246570518e-21,0.8646117227091848,142979.6320608125,8247605571.691529,1.5954989764713107e-09,13.159046247972915
2.100000000000001,46.0,46000.0,1.0000000000000002e-10,1.3778186246570518e-21,0.8646117227091848,142979.6320608125,8247605571.691529,1.4612188239019362e-09,12.051556513474154
2.100000000000001,47.0,47000.0,1.0000000000000002e-10,1.3778186246570518e-21,0.8646117227091848,142979.6320608125,8247605571.691529,1.3407726837866387e-09,11.058164257170487
2.100000000000001,48.0,48000.0,1.0000000000000002e-10,1.3778186246570518e-21,0.8646117227091848,142979.6320608125,8247605571.691529,1.2324849805276508e-09,10.16504999242598
2.100000000000001,49.0,49000.0,1.0000000000000002e-10,1.3778186246570518e-21,0.8646117227091848,142979.6320608125,8247605571.691529,1.1349122008535367e-09,9.360308191140325
2.100000000000001,50.0,50000.0,1.0000000000000002e-10,1.3778186246570518e-21,0.8646117227091848,142979.6320608125,8247605571.691529,1.0468068784628273e-09,8.633650243295032
2.100000000000001,51.0,51000.0,1.0000000000000002e-10,1.3778186246570518e-21,0.8646117227091848,142979.6320608125,8247605571.691529,9.670877466009758e-10,7.976158287180814
2.100000000000001,52.0,52000.0,1.0000000000000002e-10,1.3778186246570518e-21,0.8646117227091848,142979.6320608125,8247605571.691529,8.948149069087697e-10,7.380080411853406
2.100000000000001,53.0,53000.0,1.0000000000000002e-10,1.3778186246570518e-21,0.8646117227091848,142979.6320608125,8247605571.691529,8.291690950643784e-10,6.838659648327391
2.100000000000001,54.0,54000.0,1.0000000000000002e-10,1.3778186246570518e-21,0.8646117227091848,142979.6320608125,8247605571.691529,7.694343057828465e-10,6.345990667425208
2.100000000000001,55.0,55000.0,1.0000000000000002e-10,1.3778186246570518e-21,0.8646117227091848,142979.6320608125,8247605571.691529,7.149831831588192e-10,5.896899285086422
2.100000000000001,56.0,56000.0,1.0000000000000002e-10,1.3778186246570518e-21,0.8646117227091848,142979.6320608125,8247605571.691529,6.652646958616557e-10,5.486840812238262
2.100000000000001,57.0,57000.0,1.0000000000000002e-10,1.3778186246570518e-21,0.8646117227091848,142979.6320608125,8247605571.691529,6.19793706953293e-10,5.111814030767326
2.100000000000001,58.0,58000.0,1.0000000000000002e-10,1.3778186246570518e-21,0.8646117227091848,142979.6320608125,8247605571.691529,5.781421201750675e-10,4.76828817158544
2.100000000000001,59.0,59000.0,1.0000000000000002e-10,1.3778186246570518e-21,0.8646117227091848,142979.6320608125,8247605571.691529,5.399313423436562e-10,4.453140747444426
2.100000000000001,60.0,60000.0,1.0000000000000002e-10,1.3778186246570518e-21,0.8646117227091848,142979.6320608125,8247605571.691529,5.048258480241256e-10,4.163604476897679
2.100000000000001,61.0,61000.0,1.0000000000000002e-10,1.3778186246570518e-21,0.8646117227091848,142979.6320608125,8247605571.691529,4.725276702507754e-10,3.897221845938713
2.100000000000001,62.0,62000.0,1.0000000000000002e-10,1.3778186246570518e-21,0.8646117227091848,142979.6320608125,8247605571.691529,4.4277167156950605e-10,3.6518061054238298
2.100000000000001,63.0,63000.0,1.0000000000000002e-10,1.3778186246570518e-21,0.8646117227091848,142979.6320608125,8247605571.691529,4.1532147450835866e-10,3.4254077071982802
2.100000000000001,64.0,64000.0,1.0000000000000002e-10,1.3778186246570518e-21,0.8646117227091848,142979.6320608125,8247605571.691529,3.8996595087007696e-10,3.2162853491660317
2.100000000000001,65.0,65000.0,1.0000000000000002e-10,1.3778186246570518e-21,0.8646117227091848,142979.6320608125,8247605571.691529,3.6651618586983207e-10,3.022880936695155
2.100000000000001,66.0,66000.0,1.0000000000000002e-10,1.3778186246570518e-21,0.8646117227091848,142979.6320608125,8247605571.691529,3.448028468165602e-10,2.843797880539363
2.100000000000001,67.0,67000.0,1.0000000000000002e-10,1.3778186246570518e-21,0.8646117227091848,142979.6320608125,8247605571.691529,3.2467389731780517e-10,2.6777822445011332
2.100000000000001,68.0,68000.0,1.0000000000000002e-10,1.3778186246570518e-21,0.8646117227091848,142979.6320608125,8247605571.691529,3.059926073229651e-10,2.523706333053305
2.100000000000001,69.0,69000.0,1.0000000000000002e-10,1.3778186246570518e-21,0.8646117227091848,142979.6320608125,8247605571.691529,2.8863581706704925e-10,2.3805543730319325
2.100000000000001,70.0,70000.0,1.0000000000000002e-10,1.3778186246570518e-21,0.8646117227091848,142979.6320608125,8247605571.691529,2.724924194249341e-10,2.2474099966927916
2.100000000000001,71.0,71000.0,1.0000000000000002e-10,1.3778186246570518e-21,0.8646117227091848,142979.6320608125,8247605571.691529,2.5746203056746503e-10,2.1234452778072392
2.100000000000001,72.0,72000.0,1.0000000000000002e-10,1.3778186246570518e-21,0.8646117227091848,142979.6320608125,8247605571.691529,2.4345382331410386e-10,2.007911109615008
2.100000000000001,73.0,73000.0,1.0000000000000002e-10,1.3778186246570518e-21,0.8646117227091848,142979.6320608125,8247605571.691529,2.303855013552659e-10,1.9001287446146375
2.100000000000001,74.0,74000.0,1.0000000000000002e-10,1.3778186246570518e-21,0.8646117227091848,142979.6320608125,8247605571.691529,2.1818239569574966e-10,1.7994823423852708
2.100000000000001,75.0,75000.0,1.0000000000000002e-10,1.3778186246570518e-21,0.8646117227091848,142979.6320608125,8247605571.691529,2.0677666735068188e-10,1.7054123937372898
2.100000000000001,76.0,76000.0,1.0000000000000002e-10,1.3778186246570518e-21,0.8646117227091848,142979.6320608125,8247605571.691529,1.9610660259069037e-10,1.6174099081724744
2.100000000000001,77.0,77000.0,1.0000000000000002e-10,1.3778186246570518e-21,0.8646117227091848,142979.6320608125,8247605571.691529,1.861159889522123e-10,1.5350112674631453
2.100000000000001,78.0,78000.0,1.0000000000000002e-10,1.3778186246570518e-21,0.8646117227091848,142979.6320608125,8247605571.691529,1.7675356185852232e-10,1.4577936616006721
2.100000000000001,79.0,79000.0,1.0000000000000002e-10,1.3778186246570518e-21,0.8646117227091848,142979.6320608125,8247605571.691529,1.6797251308393095e-10,1.3853710348020571
2.100000000000001,80.0,80000.0,1.0000000000000002e-10,1.3778186246570518e-21,0.8646117227091848,142979.6320608125,8247605571.691529,1.5973005347638352e-10,1.3173904790184068
2.100000000000001,81.0,81000.0,1.0000000000000002e-10,1.3778186246570518e-21,0.8646117227091848,142979.6320608125,8247605571.691529,1.5198702336451288e-10,1.253529020725967
2.100000000000001,82.0,82000.0,1.0000000000000002e-10,1.3778186246570518e-21,0.8646117227091848,142979.6320608125,8247605571.691529,1.4470754494082896e-10,1.1934907539197832
2.100000000000001,83.0,83000.0,1.0000000000000002e-10,1.3778186246570518e-21,0.8646117227091848,142979.6320608125,8247605571.691529,1.3785871165548965e-10,1.1370042783560323
2.100000000000001,84.0,84000.0,1.0000000000000002e-10,1.3778186246570518e-21,0.8646117227091848,142979.6320608125,8247605571.691529,1.3141031029366036e-10,1.0838204073557058
2.100000000000001,85.0,85000.0,1.0000000000000002e-10,1.3778186246570518e-21,0.8646117227091848,142979.6320608125,8247605571.691529,1.2533457195948648e-10,1.0337101140186336
2.100000000000001,86.0,86000.0,1.0000000000000002e-10,1.3778186246570518e-21,0.8646117227091848,142979.6320608125,8247605571.691529,1.1960594866432465e-10,0.986462688611335
2.100000000000001,87.0,87000.0,1.0000000000000002e-10,1.3778186246570518e-21,0.8646117227091848,142979.6320608125,8247605571.691529,1.142009126271738e-10,0.9418840832761362
2.100000000000001,88.0,88000.0,1.0000000000000002e-10,1.3778186246570518e-21,0.8646117227091848,142979.6320608125,8247605571.691529,1.0909777575055222e-10,0.8997954231394075
2.100000000000001,89.0,89000.0,1.0000000000000002e-10,1.3778186246570518e-21,0.8646117227091848,142979.6320608125,8247605571.691529,1.0427652704328283e-10,0.8600316654388218
2.100000000000001,90.0,90000.0,1.0000000000000002e-10,1.3778186246570518e-21,0.8646117227091848,142979.6320608125,8247605571.691529,9.971868602945692e-11,0.8224403904983072
2.100000000000001,91.0,91000.0,1.0000000000000002e-10,1.3778186246570518e-21,0.8646117227091848,142979.6320608125,8247605571.691529,9.540717041592876e-11,0.7868807103017373
2.100000000000001,92.0,92000.0,1.0000000000000002e-10,1.3778186246570518e-21,0.8646117227091848,142979.6320608125,8247605571.691529,9.132617649387101e-11,0.7532222820921346
2.100000000000001,93.0,93000.0,1.0000000000000002e-10,1.3778186246570518e-21,0.8646117227091848,142979.6320608125,8247605571.691529,8.746107092730985e-11,0.7213444158861888
2.100000000000001,94.0,94000.0,1.0000000000000002e-10,1.3778186246570518e-21,0.8646117227091848,142979.6320608125,8247605571.691529,8.379829273666492e-11,0.6911352660731555
2.100000000000001,95.0,95000.0,1.0000000000000002e-10,1.3778186246570518e-21,0.8646117227091848,142979.6320608125,8247605571.691529,8.032526442114677e-11,0.6624910983874455
2.100000000000001,96.0,96000.0,1.0000000000000002e-10,1.3778186246570518e-21,0.8646117227091848,142979.6320608125,8247605571.691529,7.703031128297817e-11,0.6353156245266237
2.100000000000001,97.0,97000.0,1.0000000000000002e-10,1.3778186246570518e-21,0.8646117227091848,142979.6320608125,8247605571.691529,7.390258812101578e-11,0.609519397549314
2.100000000000001,98.0,98000.0,1.0000000000000002e-10,1.3778186246570518e-21,0.8646117227091848,142979.6320608125,8247605571.691529,7.093201255334604e-11,0.5850192619462703
2.100000000000001,99.0,99000.0,1.0000000000000002e-10,1.3778186246570518e-21,0.8646117227091848,142979.6320608125,8247605571.691529,6.810920430944398e-11,0.5617378529460468
2.100000000000001,100.0,100000.0,1.0000000000000002e-10,1.3778186246570518e-21,0.8646117227091848,142979.6320608125,8247605571.691529,6.54254299039267e-11,0.5396031402059395
2.150000000000001,1.0,1000.0,1.0000000000000002e-10,1.5566287823604094e-21,0.8652018708031195,126555.54248539405,9783924230.201824,0.004773634583798546,46704879.07055599
2.150000000000001,2.0,2000.0,1.0000000000000002e-10,1.5566287823604094e-21,0.8652018708031195,126555.54248539405,9783924230.201824,0.0002983521614874091,2919054.9419097495
2.150000000000001,3.0,3000.0,1.0000000000000002e-10,1.5566287823604094e-21,0.8652018708031195,126555.54248539405,9783924230.201824,5.893376029380921e-05,576603.4453155061
2.150000000000001,4.0,4000.0,1.0000000000000002e-10,1.5566287823604094e-21,0.8652018708031195,126555.54248539405,9783924230.201824,1.864701009296307e-05,182440.93386935935
2.150000000000001,5.0,5000.0,1.0000000000000002e-10,1.5566287823604094e-21,0.8652018708031195,126555.54248539405,9783924230.201824,7.637815334077673e-06,74727.80651288958
2.150000000000001,6.0,6000.0,1.0000000000000002e-10,1.5566287823604094e-21,0.8652018708031195,126555.54248539405,9783924230.201824,3.6833600183630758e-06,36037.71533221913
2.150000000000001,7.0,7000.0,1.0000000000000002e-10,1.5566287823604094e-21,0.8652018708031195,126555.54248539405,9783924230.201824,1.9881859990831096e-06,19452.261170577258
2.150000000000001,8.0,8000.0,1.0000000000000002e-10,1.5566287823604094e-21,0.8652018708031195,126555.54248539405,9783924230.201824,1.1654381308101918e-06,11402.558366834959
2.150000000000001,9.0,9000.0,1.0000000000000002e-10,1.5566287823604094e-21,0.8652018708031195,126555.54248539405,9783924230.201824,7.275772875778915e-07,7118.561053277854
2.150000000000001,10.0,10000.0,1.0000000000000002e-10,1.5566287823604094e-21,0.8652018708031195,126555.54248539405,9783924230.201824,4.773634583798546e-07,4670.487907055599
2.150000000000001,11.0,11000.0,1.0000000000000002e-10,1.5566287823604094e-21,0.8652018708031195,126555.54248539405,9783924230.201824,3.260456651730445e-07,3190.0060836388216
2.150000000000001,12.0,12000.0,1.0000000000000002e-10,1.5566287823604094e-21,0.8652018708031195,126555.54248539405,9783924230.201824,2.3021000114769224e-07,2252.3572082636956
2.150000000000001,13.0,13000.0,1.0000000000000002e-10,1.5566287823604094e-21,0.8652018708031195,126555.54248539405,9783924230.201824,1.6713821588174598e-07,1635.267640158118
2.150000000000001,14.0,14000.0,1.0000000000000002e-10,1.5566287823604094e-21,0.8652018708031195,126555.54248539405,9783924230.201824,1.2426162494269435e-07,1215.7663231610786
2.150000000000001,15.0,15000.0,1.0000000000000002e-10,1.5566287823604094e-21,0.8652018708031195,126555.54248539405,9783924230.201824,9.429401647009471e-08,922.5655125048096
2.150000000000001,16.0,16000.0,1.0000000000000002e-10,1.5566287823604094e-21,0.8652018708031195,126555.54248539405,9783924230.201824,7.283988317563699e-08,712.6598979271849
2.150000000000001,17.0,17000.0,1.0000000000000002e-10,1.5566287823604094e-21,0.8652018708031195,126555.54248539405,9783924230.201824,5.7154902165904935e-08,559.199232175812
2.150000000000001,18.0,18000.0,1.0000000000000002e-10,1.5566287823604094e-21,0.8652018708031195,126555.54248539405,9783924230.201824,4.547358047361822e-08,444.91006582986586
2.150000000000001,19.0,19000.0,1.0000000000000002e-10,1.5566287823604094e-21,0.8652018708031195,126555.54248539405,9783924230.201824,3.662981855417426e-08,358.38336930008194
2.150000000000001,20.0,20000.0,1.0000000000000002e-10,1.5566287823604094e-21,0.8652018708031195,126555.54248539405,9783924230.201824,2.983521614874091e-08,291.90549419097493
2.150000000000001,21.0,21000.0,1.0000000000000002e-10,1.5566287823604094e-21,0.8652018708031195,126555.54248539405,9783924230.201824,2.4545506161519864e-08,240.15137247626237
2.150000000000001,22.0,22000.0,1.0000000000000002e-10,1.5566287823604094e-21,0.8652018708031195,126555.54248539405,9783924230.201824,2.0377854073315283e-08,199.37538022742635
2.150000000000001,23.0,23000.0,1.0000000000000002e-10,1.5566287823604094e-21,0.8652018708031195,126555.54248539405,9783924230.201824,1.7058381666012287e-08,166.8979137101282
2.150000000000001,24.0,24000.0,1.0000000000000002e-10,1.5566287823604094e-21,0.8652018708031195,126555.54248539405,9783924230.201824,1.4388125071730765e-08,140.77232551648098
2.150000000000001,25.0,25000.0,1.0000000000000002e-10,1.5566287823604094e-21,0.8652018708031195,126555.54248539405,9783924230.201824,1.2220504534524279e-08,119.56449042062336
2.150000000000001,26.0,26000.0,1.0000000000000002e-10,1.5566287823604094e-21,0.8652018708031195,126555.54248539405,9783924230.201824,1.0446138492609124e-08,102.20422750988237
2.150000000000001,27.0,27000.0,1.0000000000000002e-10,1.5566287823604094e-21,0.8652018708031195,126555.54248539405,9783924230.201824,8.982435649109768e-09,87.88346979355372
2.150000000000001,28.0,28000.0,1.0000000000000002e-10,1.5566287823604094e-21,0.8652018708031195,126555.54248539405,9783924230.201824,7.766351558918397e-09,75.98539519756741
2.150000000000001,29.0,29000.0,1.0000000000000002e-10,1.5566287823604094e-21,0.8652018708031195,126555.54248539405,9783924230.201824,6.749275866025733e-09,66.03440368192557
2.150000000000001,30.0,30000.0,1.0000000000000002e-10,1.5566287823604094e-21,0.8652018708031195,126555.54248539405,9783924230.201824,5.8933760293809195e-09,57.6603445315506
2.150000000000001,31.0,31000.0,1.0000000000000002e-10,1.5566287823604094e-21,0.8652018708031195,126555.54248539405,9783924230.201824,5.168950769715626e-09,50.57262268054109
2.150000000000001,32.0,32000.0,1.0000000000000002e-10,1.5566287823604094e-21,0.8652018708031195,126555.54248539405,9783924230.201824,4.552492698477312e-09,44.54124362044906
2.150000000000001,33.0,33000.0,1.0000000000000002e-10,1.5566287823604094e-21,0.8652018708031195,126555.54248539405,9783924230.201824,4.0252551255931434e-09,39.38279115603484
2.150000000000001,34.0,34000.0,1.0000000000000002e-10,1.5566287823604094e-21,0.8652018708031195,126555.54248539405,9783924230.201824,3.5721813853690584e-09,34.94995201098825
2.150000000000001,35.0,35000.0,1.0000000000000002e-10,1.5566287823604094e-21,0.8652018708031195,126555.54248539405,9783924230.201824,3.1810975985329743e-09,31.123617872923603
2.150000000000001,36.0,36000.0,1.0000000000000002e-10,1.5566287823604094e-21,0.8652018708031195,126555.54248539405,9783924230.201824,2.8420987796011388e-09,27.806879114366616
2.150000000000001,37.0,37000.0,1.0000000000000002e-10,1.5566287823604094e-21,0.8652018708031195,126555.54248539405,9783924230.201824,2.5470781772742823e-09,24.92041989485215
2.150000000000001,38.0,38000.0,1.0000000000000002e-10,1.5566287823604094e-21,0.8652018708031195,126555.54248539405,9783924230.201824,2.2893636596358914e-09,22.39896058125512
2.150000000000001,39.0,39000.0,1.0000000000000002e-10,1.5566287823604094e-21,0.8652018708031195,126555.54248539405,9783924230.201824,2.0634347639721712e-09,20.18848938466811
2.150000000000001,40.0,40000.0,1.0000000000000002e-10,1.5566287823604094e-21,0.8652018708031195,126555.54248539405,9783924230.201824,1.864701009296307e-09,18.244093386935933
2.150000000000001,41.0,41000.0,1.0000000000000002e-10,1.5566287823604094e-21,0.8652018708031195,126555.54248539405,9783924230.201824,1.6893270817307427e-09,16.52824816768155
2.150000000000001,42.0,42000.0,1.0000000000000002e-10,1.5566287823604094e-21,0.8652018708031195,126555.54248539405,9783924230.201824,1.5340941350949915e-09,15.009460779766398
2.150000000000001,43.0,43000.0,1.0000000000000002e-10,1.5566287823604094e-21,0.8652018708031195,126555.54248539405,9783924230.201824,1.3962891036356154e-09,13.661186793427284
2.150000000000001,44.0,44000.0,1.0000000000000002e-10,1.5566287823604094e-21,0.8652018708031195,126555.54248539405,9783924230.201824,1.2736158795822052e-09,12.460961264214147
2.150000000000001,45.0,45000.0,1.0000000000000002e-10,1.5566287823604094e-21,0.8652018708031195,126555.54248539405,9783924230.201824,1.164123660124626e-09,11.389697685244561
2.150000000000001,46.0,46000.0,1.0000000000000002e-10,1.5566287823604094e-21,0.8652018708031195,126555.54248539405,9783924230.201824,1.066148854125768e-09,10.431119606883012
2.150000000000001,47.0,47000.0,1.0000000000000002e-10,1.5566287823604094e-21,0.8652018708031195,126555.54248539405,9783924230.201824,9.782677563960728e-10,9.571297605428713
2.150000000000001,48.0,48000.0,1.0000000000000002e-10,1.5566287823604094e-21,0.8652018708031195,126555.54248539405,9783924230.201824,8.992578169831728e-10,8.798270344780061
2.150000000000001,49.0,49000.0,1.0000000000000002e-10,1.5566287823604094e-21,0.8652018708031195,126555.54248539405,9783924230.201824,8.280658055323238e-10,8.101733098949294
2.150000000000001,50.0,50000.0,1.0000000000000002e-10,1.5566287823604094e-21,0.8652018708031195,126555.54248539405,9783924230.201824,7.637815334077674e-10,7.47278065128896
2.150000000000001,51.0,51000.0,1.0000000000000002e-10,1.5566287823604094e-21,0.8652018708031195,126555.54248539405,9783924230.201824,7.05616076122283e-10,6.903694224392739
2.150000000000001,52.0,52000.0,1.0000000000000002e-10,1.5566287823604094e-21,0.8652018708031195,126555.54248539405,9783924230.201824,6.528836557880702e-10,6.387764219367648
2.150000000000001,53.0,53000.0,1.0000000000000002e-10,1.5566287823604094e-21,0.8652018708031195,126555.54248539405,9783924230.201824,6.049865127105112e-10,5.919142200653674
2.150000000000001,54.0,54000.0,1.0000000000000002e-10,1.5566287823604094e-21,0.8652018708031195,126555.54248539405,9783924230.201824,5.614022280693605e-10,5.492716862097107
2.150000000000001,55.0,55000.0,1.0000000000000002e-10,1.5566287823604094e-21,0.8652018708031195,126555.54248539405,9783924230.201824,5.216730642768714e-10,5.1040097338221155
2.150000000000001,56.0,56000.0,1.0000000000000002e-10,1.5566287823604094e-21,0.8652018708031195,126555.54248539405,9783924230.201824,4.853969724323998e-10,4.749087199847963
2.150000000000001,57.0,57000.0,1.0000000000000002e-10,1.5566287823604094e-21,0.8652018708031195,126555.54248539405,9783924230.201824,4.5221998215029956e-10,4.424486040741752
2.150000000000001,58.0,58000.0,1.0000000000000002e-10,1.5566287823604094e-21,0.8652018708031195,126555.54248539405,9783924230.201824,4.218297416266083e-10,4.127150230120348
2.150000000000001,59.0,59000.0,1.0000000000000002e-10,1.5566287823604094e-21,0.8652018708031195,126555.54248539405,9783924230.201824,3.9395001797821694e-10,3.854377126385521
2.150000000000001,60.0,60000.0,1.0000000000000002e-10,1.5566287823604094e-21,0.8652018708031195,126555.54248539405,9783924230.201824,3.6833600183630747e-10,3.6037715332219125
2.150000000000001,61.0,61000.0,1.0000000000000002e-10,1.5566287823604094e-21,0.8652018708031195,126555.54248539405,9783924230.201824,3.4477028761189327e-10,3.3732063708196542
2.150000000000001,62.0,62000.0,1.0000000000000002e-10,1.5566287823604094e-21,0.8652018708031195,126555.54248539405,9783924230.201824,3.2305942310722665e-10,3.160788917533818
2.150000000000001,63.0,63000.0,1.0000000000000002e-10,1.5566287823604094e-21,0.8652018708031195,126555.54248539405,9783924230.201824,3.030309402656773e-10,2.964831758966202
2.150000000000001,64.0,64000.0,1.0000000000000002e-10,1.5566287823604094e-21,0.8652018708031195,126555.54248539405,9783924230.201824,2.84530793654832e-10,2.783827726278066
2.150000000000001,65.0,65000.0,1.0000000000000002e-10,1.5566287823604094e-21,0.8652018708031195,126555.54248539405,9783924230.201824,2.6742114541079353e-10,2.616428224252988
2.150000000000001,66.0,66000.0,1.0000000000000002e-10,1.5566287823604094e-21,0.8652018708031195,126555.54248539405,9783924230.201824,2.5157844534957146e-10,2.4614244472521776
2.150000000000001,67.0,67000.0,1.0000000000000002e-10,1.5566287823604094e-21,0.8652018708031195,126555.54248539405,9783924230.201824,2.368917631827303e-10,2.3177310617387477
2.150000000000001,68.0,68000.0,1.0000000000000002e-10,1.5566287823604094e-21,0.8652018708031195,126555.54248539405,9783924230.201824,2.2326133658556615e-10,2.1843720006867655
2.150000000000001,69.0,69000.0,1.0000000000000002e-10,1.5566287823604094e-21,0.8652018708031195,126555.54248539405,9783924230.201824,2.1059730451867029e-10,2.06046807049541
2.150000000000001,70.0,70000.0,1.0000000000000002e-10,1.5566287823604094e-21,0.8652018708031195,126555.54248539405,9783924230.201824,1.988185999083109e-10,1.9452261170577252
2.150000000000001,71.0,71000.0,1.0000000000000002e-10,1.5566287823604094e-21,0.8652018708031195,126555.54248539405,9783924230.201824,1.8785197971745933e-10,1.837929536049032
2.150000000000001,72.0,72000.0,1.0000000000000002e-10,1.5566287823604094e-21,0.8652018708031195,126555.54248539405,9783924230.201824,1.7763117372507117e-10,1.7379299446479135
2.150000000000001,73.0,73000.0,1.0000000000000002e-10,1.5566287823604094e-21,0.8652018708031195,126555.54248539405,9783924230.201824,1.6809613608809588e-10,1.6446398588756246
2.150000000000001,74.0,74000.0,1.0000000000000002e-10,1.5566287823604094e-21,0.8652018708031195,126555.54248539405,9783924230.201824,1.5919238607964265e-10,1.5575262434282593
2.150000000000001,75.0,75000.0,1.0000000000000002e-10,1.5566287823604094e-21,0.8652018708031195,126555.54248539405,9783924230.201824,1.5087042635215156e-10,1.4761048200076954
2.150000000000001,76.0,76000.0,1.0000000000000002e-10,1.5566287823604094e-21,0.8652018708031195,126555.54248539405,9783924230.201824,1.4308522872724322e-10,1.399935036328445
2.150000000000001,77.0,77000.0,1.0000000000000002e-10,1.5566287823604094e-21,0.8652018708031195,126555.54248539405,9783924230.201824,1.3579577891422092e-10,1.328615611677976
2.150000000000001,78.0,78000.0,1.0000000000000002e-10,1.5566287823604094e-21,0.8652018708031195,126555.54248539405,9783924230.201824,1.289646727482607e-10,1.2617805865417568
2.150000000000001,79.0,79000.0,1.0000000000000002e-10,1.5566287823604094e-21,0.8652018708031195,126555.54248539405,9783924230.201824,1.2255775755122427e-10,1.1990958137046237
2.150000000000001,80.0,80000.0,1.0000000000000002e-10,1.5566287823604094e-21,0.8652018708031195,126555.54248539405,9783924230.201824,1.1654381308101918e-10,1.1402558366834958
2.150000000000001,81.0,81000.0,1.0000000000000002e-10,1.5566287823604094e-21,0.8652018708031195,126555.54248539405,9783924230.201824,1.108942672729601e-10,1.0849811085623915
2.150000000000001,82.0,82000.0,1.0000000000000002e-10,1.5566287823604094e-21,0.8652018708031195,126555.54248539405,9783924230.201824,1.0558294260817142e-10,1.0330155104800969
2.150000000000001,83.0,83000.0,1.0000000000000002e-10,1.5566287823604094e-21,0.8652018708031195,126555.54248539405,9783924230.201824,1.0058582948601458e-10,0.9841241343231671
2.150000000000001,84.0,84000.0,1.0000000000000002e-10,1.5566287823604094e-21,0.8652018708031195,126555.54248539405,9783924230.201824,9.588088344343697e-11,0.9380912987353999
2.150000000000001,85.0,85000.0,1.0000000000000002e-10,1.5566287823604094e-21,0.8652018708031195,126555.54248539405,9783924230.201824,9.144784346544788e-11,0.8947187714812991
2.150000000000001,86.0,86000.0,1.0000000000000002e-10,1.5566287823604094e-21,0.8652018708031195,126555.54248539405,9783924230.201824,8.726806897722596e-11,0.8538241745892052
2.150000000000001,87.0,87000.0,1.0000000000000002e-10,1.5566287823604094e-21,0.8652018708031195,126555.54248539405,9783924230.201824,8.332439340772508e-11,0.8152395516287105
2.150000000000001,88.0,88000.0,1.0000000000000002e-10,1.5566287823604094e-21,0.8652018708031195,126555.54248539405,9783924230.201824,7.960099247388782e-11,0.7788100790133842
2.150000000000001,89.0,89000.0,1.0000000000000002e-10,1.5566287823604094e-21,0.8652018708031195,126555.54248539405,9783924230.201824,7.60832655594585e-11,0.744392905420066
2.150000000000001,90.0,90000.0,1.0000000000000002e-10,1.5566287823604094e-21,0.8652018708031195,126555.54248539405,9783924230.201824,7.275772875778913e-11,0.7118561053277851
2.150000000000001,91.0,91000.0,1.0000000000000002e-10,1.5566287823604094e-21,0.8652018708031195,126555.54248539405,9783924230.201824,6.961191831809493e-11,0.6810777343432391
2.150000000000001,92.0,92000.0,1.0000000000000002e-10,1.5566287823604094e-21,0.8652018708031195,126555.54248539405,9783924230.201824,6.66343033828605e-11,0.6519449754301883
2.150000000000001,93.0,93000.0,1.0000000000000002e-10,1.5566287823604094e-21,0.8652018708031195,126555.54248539405,9783924230.201824,6.381420703352627e-11,0.6243533664264334
2.150000000000001,94.0,94000.0,1.0000000000000002e-10,1.5566287823604094e-21,0.8652018708031195,126555.54248539405,9783924230.201824,6.114173477475455e-11,0.5982061003392946
2.150000000000001,95.0,95000.0,1.0000000000000002e-10,1.5566287823604094e-21,0.8652018708031195,126555.54248539405,9783924230.201824,5.860770968667882e-11,0.5734133908801311
2.150000000000001,96.0,96000.0,1.0000000000000002e-10,1.5566287823604094e-21,0.8652018708031195,126555.54248539405,9783924230.201824,5.62036135614483e-11,0.5498918965487538
2.150000000000001,97.0,97000.0,1.0000000000000002e-10,1.5566287823604094e-21,0.8652018708031195,126555.54248539405,9783924230.201824,5.3921533416707e-11,0.527564197325357
2.150000000000001,98.0,98000.0,1.0000000000000002e-10,1.5566287823604094e-21,0.8652018708031195,126555.54248539405,9783924230.201824,5.1754112845770234e-11,0.5063583186843309
2.150000000000001,99.0,99000.0,1.0000000000000002e-10,1.5566287823604094e-21,0.8652018708031195,126555.54248539405,9783924230.201824,4.969450772337213e-11,0.4862072982226523
2.150000000000001,100.0,100000.0,1.0000000000000002e-10,1.5566287823604094e-21,0.8652018708031195,126555.54248539405,9783924230.201824,4.7736345837985464e-11,0.46704879070556
2.2000000000000006,1.0,1000.0,1.0000000000000002e-10,1.7542714332166116e-21,0.8658183222737647,112297.33111413842,11608916729.243694,0.003175268793404604,36861431.015600145
2.2000000000000006,2.0,2000.0,1.0000000000000002e-10,1.7542714332166116e-21,0.8658183222737647,112297.33111413842,11608916729.243694,0.00019845429958778775,2303839.438475009
2.2000000000000006,3.0,3000.0,1.0000000000000002e-10,1.7542714332166116e-21,0.8658183222737647,112297.33111413842,11608916729.243694,3.9200849301291415e-05,455079.3952543229
2.2000000000000006,4.0,4000.0,1.0000000000000002e-10,1.7542714332166116e-21,0.8658183222737647,112297.33111413842,11608916729.243694,1.2403393724236734e-05,143989.96490468807
2.2000000000000006,5.0,5000.0,1.0000000000000002e-10,1.7542714332166116e-21,0.8658183222737647,112297.33111413842,11608916729.243694,5.080430069447367e-06,58978.289624960235
2.2000000000000006,6.0,6000.0,1.0000000000000002e-10,1.7542714332166116e-21,0.8658183222737647,112297.33111413842,11608916729.243694,2.4500530813307134e-06,28442.462203395182
2.2000000000000006,7.0,7000.0,1.0000000000000002e-10,1.7542714332166116e-21,0.8658183222737647,112297.33111413842,11608916729.243694,1.3224776315720967e-06,15352.532701207892
2.2000000000000006,8.0,8000.0,1.0000000000000002e-10,1.7542714332166116e-21,0.8658183222737647,112297.33111413842,11608916729.243694,7.752121077647959e-07,8999.372806543004
2.2000000000000006,9.0,9000.0,1.0000000000000002e-10,1.7542714332166116e-21,0.8658183222737647,112297.33111413842,11608916729.243694,4.839611024850792e-07,5618.264138942258
2.2000000000000006,10.0,10000.0,1.0000000000000002e-10,1.7542714332166116e-21,0.8658183222737647,112297.33111413842,11608916729.243694,3.175268793404604e-07,3686.1431015600147
2.2000000000000006,11.0,11000.0,1.0000000000000002e-10,1.7542714332166116e-21,0.8658183222737647,112297.33111413842,11608916729.243694,2.1687513102961573e-07,2517.6853367666245
2.2000000000000006,12.0,12000.0,1.0000000000000002e-10,1.7542714332166116e-21,0.8658183222737647,112297.33111413842,11608916729.243694,1.531283175831696e-07,1777.6538877121989
2.2000000000000006,13.0,13000.0,1.0000000000000002e-10,1.7542714332166116e-21,0.8658183222737647,112297.33111413842,11608916729.243694,1.1117498663928451e-07,1290.6211622702342
2.2000000000000006,14.0,14000.0,1.0000000000000002e-10,1.7542714332166116e-21,0.8658183222737647,112297.33111413842,11608916729.243694,8.265485197325605e-08,959.5332938254933
2.2000000000000006,15.0,15000.0,1.0000000000000002e-10,1.7542714332166116e-21,0.8658183222737647,112297.33111413842,11608916729.243694,6.272135888206624e-08,728.1270324069163
2.2000000000000006,16.0,16000.0,1.0000000000000002e-10,1.7542714332166116e-21,0.8658183222737647,112297.33111413842,11608916729.243694,4.845075673529974e-08,562.4608004089378
2.2000000000000006,17.0,17000.0,1.0000000000000002e-10,1.7542714332166116e-21,0.8658183222737647,112297.33111413842,11608916729.243694,3.801760986344278e-08,441.343267149581
2.2000000000000006,18.0,18000.0,1.0000000000000002e-10,1.7542714332166116e-21,0.8658183222737647,112297.33111413842,11608916729.243694,3.024756890531745e-08,351.1415086838911
2.2000000000000006,19.0,19000.0,1.0000000000000002e-10,1.7542714332166116e-21,0.8658183222737647,112297.33111413842,11608916729.243694,2.436498180189381e-08,282.85104484772324
2.2000000000000006,20.0,20000.0,1.0000000000000002e-10,1.7542714332166116e-21,0.8658183222737647,112297.33111413842,11608916729.243694,1.9845429958778776e-08,230.38394384750092
2.2000000000000006,21.0,21000.0,1.0000000000000002e-10,1.7542714332166116e-21,0.8658183222737647,112297.33111413842,11608916729.243694,1.6326884340396254e-08,189.53744075565297
2.2000000000000006,22.0,22000.0,1.0000000000000002e-10,1.7542714332166116e-21,0.8658183222737647,112297.33111413842,11608916729.243694,1.3554695689350983e-08,157.35533354791403
2.2000000000000006,23.0,23000.0,1.0000000000000002e-10,1.7542714332166116e-21,0.8658183222737647,112297.33111413842,11608916729.243694,1.1346688989120978e-08,131.72276762733173
2.2000000000000006,24.0,24000.0,1.0000000000000002e-10,1.7542714332166116e-21,0.8658183222737647,112297.33111413842,11608916729.243694,9.5705198489481e-09,111.10336798201243
2.2000000000000006,25.0,25000.0,1.0000000000000002e-10,1.7542714332166116e-21,0.8658183222737647,112297.33111413842,11608916729.243694,8.128688111115788e-09,94.3652633999364
2.2000000000000006,26.0,26000.0,1.0000000000000002e-10,1.7542714332166116e-21,0.8658183222737647,112297.33111413842,11608916729.243694,6.948436664955282e-09,80.66382264188964
2.2000000000000006,27.0,27000.0,1.0000000000000002e-10,1.7542714332166116e-21,0.8658183222737647,112297.33111413842,11608916729.243694,5.974828425741716e-09,69.36128566595377
2.2000000000000006,28.0,28000.0,1.0000000000000002e-10,1.7542714332166116e-21,0.8658183222737647,112297.33111413842,11608916729.243694,5.165928248328503e-09,59.97083086409333
2.2000000000000006,29.0,29000.0,1.0000000000000002e-10,1.7542714332166116e-21,0.8658183222737647,112297.33111413842,11608916729.243694,4.4894020812161e-09,52.117094924931045
2.2000000000000006,30.0,30000.0,1.0000000000000002e-10,1.7542714332166116e-21,0.8658183222737647,112297.33111413842,11608916729.243694,3.92008493012914e-09,45.50793952543227
2.2000000000000006,31.0,31000.0,1.0000000000000002e-10,1.7542714332166116e-21,0.8658183222737647,112297.33111413842,11608916729.243694,3.438220455630791e-09,39.91401496620017
2.2000000000000006,32.0,32000.0,1.0000000000000002e-10,1.7542714332166116e-21,0.8658183222737647,112297.33111413842,11608916729.243694,3.028172295956234e-09,35.15380002555861
2.2000000000000006,33.0,33000.0,1.0000000000000002e-10,1.7542714332166116e-21,0.8658183222737647,112297.33111413842,11608916729.243694,2.677470753452047e-09,31.082535021810187
2.2000000000000006,34.0,34000.0,1.0000000000000002e-10,1.7542714332166116e-21,0.8658183222737647,112297.33111413842,11608916729.243694,2.376100616465174e-09,27.58395419684881
2.2000000000000006,35.0,35000.0,1.0000000000000002e-10,1.7542714332166116e-21,0.8658183222737647,112297.33111413842,11608916729.243694,2.1159642105153543e-09,24.564052321932625
2.2000000000000006,36.0,36000.0,1.0000000000000002e-10,1.7542714332166116e-21,0.8658183222737647,112297.33111413842,11608916729.243694,1.8904730565823407e-09,21.946344292743195
2.2000000000000006,37.0,37000.0,1.0000000000000002e-10,1.7542714332166116e-21,0.8658183222737647,112297.33111413842,11608916729.243694,1.6942348034158243e-09,19.668230752640863
2.2000000000000006,38.0,38000.0,1.0000000000000002e-10,1.7542714332166116e-21,0.8658183222737647,112297.33111413842,11608916729.243694,1.5228113626183632e-09,17.678190302982703
2.2000000000000006,39.0,39000.0,1.0000000000000002e-10,1.7542714332166116e-21,0.8658183222737647,112297.33111413842,11608916729.243694,1.3725306992504253e-09,15.933594595928808
2.2000000000000006,40.0,40000.0,1.0000000000000002e-10,1.7542714332166116e-21,0.8658183222737647,112297.33111413842,11608916729.243694,1.2403393724236735e-09,14.398996490468807
2.2000000000000006,41.0,41000.0,1.0000000000000002e-10,1.7542714332166116e-21,0.8658183222737647,112297.33111413842,11608916729.243694,1.12368625421775e-09,13.04478015500962
2.2000000000000006,42.0,42000.0,1.0000000000000002e-10,1.7542714332166116e-21,0.8658183222737647,112297.33111413842,11608916729.243694,1.0204302712747659e-09,11.84609004722831
2.2000000000000006,43.0,43000.0,1.0000000000000002e-10,1.7542714332166116e-21,0.8658183222737647,112297.33111413842,11608916729.243694,9.287667791733429e-10,10.781976200311204
2.2000000000000006,44.0,44000.0,1.0000000000000002e-10,1.7542714332166116e-21,0.8658183222737647,112297.33111413842,11608916729.243694,8.471684805844364e-10,9.834708346744627
2.2000000000000006,45.0,45000.0,1.0000000000000002e-10,1.7542714332166116e-21,0.8658183222737647,112297.33111413842,11608916729.243694,7.743377639761265e-10,8.98922262230761
2.2000000000000006,46.0,46000.0,1.0000000000000002e-10,1.7542714332166116e-21,0.8658183222737647,112297.33111413842,11608916729.243694,7.091680618200611e-10,8.232672976708233
2.2000000000000006,47.0,47000.0,1.0000000000000002e-10,1.7542714332166116e-21,0.8658183222737647,112297.33111413842,11608916729.243694,6.507123710350337e-10,7.5540657300344325
2.2000000000000006,48.0,48000.0,1.0000000000000002e-10,1.7542714332166116e-21,0.8658183222737647,112297.33111413842,11608916729.243694,5.981574905592562e-10,6.943960498875777
2.2000000000000006,49.0,49000.0,1.0000000000000002e-10,1.7542714332166116e-21,0.8658183222737647,112297.33111413842,11608916729.243694,5.508028453028308e-10,6.394224365351059
2.2000000000000006,50.0,50000.0,1.0000000000000002e-10,1.7542714332166116e-21,0.8658183222737647,112297.33111413842,11608916729.243694,5.080430069447368e-10,5.897828962496025
2.2000000000000006,51.0,51000.0,1.0000000000000002e-10,1.7542714332166116e-21,0.8658183222737647,112297.33111413842,11608916729.243694,4.693532081906515e-10,5.448682310488652
2.2000000000000006,52.0,52000.0,1.0000000000000002e-10,1.7542714332166116e-21,0.8658183222737647,112297.33111413842,11608916729.243694,4.3427729155970514e-10,5.041488915118102
2.2000000000000006,53.0,53000.0,1.0000000000000002e-10,1.7542714332166116e-21,0.8658183222737647,112297.33111413842,11608916729.243694,4.024176464533157e-10,4.671632948054771
2.2000000000000006,54.0,54000.0,1.0000000000000002e-10,1.7542714332166116e-21,0.8658183222737647,112297.33111413842,11608916729.243694,3.7342677660885727e-10,4.335080354122111
2.2000000000000006,55.0,55000.0,1.0000000000000002e-10,1.7542714332166116e-21,0.8658183222737647,112297.33111413842,11608916729.243694,3.470002096473852e-10,4.028296538826599
2.2000000000000006,56.0,56000.0,1.0000000000000002e-10,1.7542714332166116e-21,0.8658183222737647,112297.33111413842,11608916729.243694,3.2287051552053143e-10,3.748176929005833
2.2000000000000006,57.0,57000.0,1.0000000000000002e-10,1.7542714332166116e-21,0.8658183222737647,112297.33111413842,11608916729.243694,3.0080224446782483e-10,3.491988207996583
2.2000000000000006,58.0,58000.0,1.0000000000000002e-10,1.7542714332166116e-21,0.8658183222737647,112297.33111413842,11608916729.243694,2.8058763007600627e-10,3.2573184328081903
2.2000000000000006,59.0,59000.0,1.0000000000000002e-10,1.7542714332166116e-21,0.8658183222737647,112297.33111413842,11608916729.243694,2.620429310808355e-10,3.0420345664043635
2.2000000000000006,60.0,60000.0,1.0000000000000002e-10,1.7542714332166116e-21,0.8658183222737647,112297.33111413842,11608916729.243694,2.4500530813307125e-10,2.844246220339517
2.2000000000000006,61.0,61000.0,1.0000000000000002e-10,1.7542714332166116e-21,0.8658183222737647,112297.33111413842,11608916729.243694,2.2933014999988827e-10,2.662274614853669
2.2000000000000006,62.0,62000.0,1.0000000000000002e-10,1.7542714332166116e-21,0.8658183222737647,112297.33111413842,11608916729.243694,2.1488877847692445e-10,2.4946259353875107
2.2000000000000006,63.0,63000.0,1.0000000000000002e-10,1.7542714332166116e-21,0.8658183222737647,112297.33111413842,11608916729.243694,2.0156647333822535e-10,2.339968404390777
2.2000000000000006,64.0,64000.0,1.0000000000000002e-10,1.7542714332166116e-21,0.8658183222737647,112297.33111413842,11608916729.243694,1.8926076849726462e-10,2.197112501597413
2.2000000000000006,65.0,65000.0,1.0000000000000002e-10,1.7542714332166116e-21,0.8658183222737647,112297.33111413842,11608916729.243694,1.7787997862285522e-10,2.064993859632375
2.2000000000000006,66.0,66000.0,1.0000000000000002e-10,1.7542714332166116e-21,0.8658183222737647,112297.33111413842,11608916729.243694,1.6734192209075293e-10,1.9426584388631367
2.2000000000000006,67.0,67000.0,1.0000000000000002e-10,1.7542714332166116e-21,0.8658183222737647,112297.33111413842,11608916729.243694,1.5757281162693645e-10,1.829249648969908
2.2000000000000006,68.0,68000.0,1.0000000000000002e-10,1.7542714332166116e-21,0.8658183222737647,112297.33111413842,11608916729.243694,1.4850628852907337e-10,1.7239971373030507
2.2000000000000006,69.0,69000.0,1.0000000000000002e-10,1.7542714332166116e-21,0.8658183222737647,112297.33111413842,11608916729.243694,1.400825801126047e-10,1.6262070077448367
2.2000000000000006,70.0,70000.0,1.0000000000000002e-10,1.7542714332166116e-21,0.8658183222737647,112297.33111413842,11608916729.243694,1.3224776315720965e-10,1.535253270120789
2.2000000000000006,71.0,71000.0,1.0000000000000002e-10,1.7542714332166116e-21,0.8658183222737647,112297.33111413842,11608916729.243694,1.2495311874112557e-10,1.4505703505250265
2.2000000000000006,72.0,72000.0,1.0000000000000002e-10,1.7542714332166116e-21,0.8658183222737647,112297.33111413842,11608916729.243694,1.181545660363963e-10,1.3716465182964497
2.2000000000000006,73.0,73000.0,1.0000000000000002e-10,1.7542714332166116e-21,0.8658183222737647,112297.33111413842,11608916729.243694,1.1181216447189822e-10,1.2980181066707668
2.2000000000000006,74.0,74000.0,1.0000000000000002e-10,1.7542714332166116e-21,0.8658183222737647,112297.33111413842,11608916729.243694,1.0588967521348902e-10,1.229264422040054
2.2000000000000006,75.0,75000.0,1.0000000000000002e-10,1.7542714332166116e-21,0.8658183222737647,112297.33111413842,11608916729.243694,1.00354174211306e-10,1.1650032518510665
2.2000000000000006,76.0,76000.0,1.0000000000000002e-10,1.7542714332166116e-21,0.8658183222737647,112297.33111413842,11608916729.243694,9.51757101636477e-11,1.104886893936419
2.2000000000000006,77.0,77000.0,1.0000000000000002e-10,1.7542714332166116e-21,0.8658183222737647,112297.33111413842,11608916729.243694,9.032700167830722e-11,1.048598640885724
2.2000000000000006,78.0,78000.0,1.0000000000000002e-10,1.7542714332166116e-21,0.8658183222737647,112297.33111413842,11608916729.243694,8.578316870315158e-11,0.9958496622455505
2.2000000000000006,79.0,79000.0,1.0000000000000002e-10,1.7542714332166116e-21,0.8658183222737647,112297.33111413842,11608916729.243694,8.152149397082396e-11,0.9463762351508372
2.2000000000000006,80.0,80000.0,1.0000000000000002e-10,1.7542714332166116e-21,0.8658183222737647,112297.33111413842,11608916729.243694,7.752121077647959e-11,0.8999372806543005
2.2000000000000006,81.0,81000.0,1.0000000000000002e-10,1.7542714332166116e-21,0.8658183222737647,112297.33111413842,11608916729.243694,7.376331389804588e-11,0.8563121687154787
2.2000000000000006,82.0,82000.0,1.0000000000000002e-10,1.7542714332166116e-21,0.8658183222737647,112297.33111413842,11608916729.243694,7.023039088860938e-11,0.8152987596881013
2.2000000000000006,83.0,83000.0,1.0000000000000002e-10,1.7542714332166116e-21,0.8658183222737647,112297.33111413842,11608916729.243694,6.690647133101494e-11,0.7767116543292829
2.2000000000000006,84.0,84000.0,1.0000000000000002e-10,1.7542714332166116e-21,0.8658183222737647,112297.33111413842,11608916729.243694,6.377689195467287e-11,0.7403806279517694
2.2000000000000006,85.0,85000.0,1.0000000000000002e-10,1.7542714332166116e-21,0.8658183222737647,112297.33111413842,11608916729.243694,6.082817578150844e-11,0.7061492274393295
2.2000000000000006,86.0,86000.0,1.0000000000000002e-10,1.7542714332166116e-21,0.8658183222737647,112297.33111413842,11608916729.243694,5.804792369833393e-11,0.6738735125194503
2.2000000000000006,87.0,87000.0,1.0000000000000002e-10,1.7542714332166116e-21,0.8658183222737647,112297.33111413842,11608916729.243694,5.542471705205061e-11,0.6434209249991486
2.2000000000000006,88.0,88000.0,1.0000000000000002e-10,1.7542714332166116e-21,0.8658183222737647,112297.33111413842,11608916729.243694,5.294803003652728e-11,0.6146692716715392
2.2000000000000006,89.0,89000.0,1.0000000000000002e-10,1.7542714332166116e-21,0.8658183222737647,112297.33111413842,11608916729.243694,5.060815078958694e-11,0.5875058083373232
2.2000000000000006,90.0,90000.0,1.0000000000000002e-10,1.7542714332166116e-21,0.8658183222737647,112297.33111413842,11608916729.243694,4.8396110248507906e-11,0.5618264138942256
2.2000000000000006,91.0,91000.0,1.0000000000000002e-10,1.7542714332166116e-21,0.8658183222737647,112297.33111413842,11608916729.243694,4.6303617925566216e-11,0.5375348447606139
2.2000000000000006,92.0,92000.0,1.0000000000000002e-10,1.7542714332166116e-21,0.8658183222737647,112297.33111413842,11608916729.243694,4.432300386375382e-11,0.5145420610442646
2.2000000000000006,93.0,93000.0,1.0000000000000002e-10,1.7542714332166116e-21,0.8658183222737647,112297.33111413842,11608916729.243694,4.244716611889866e-11,0.4927656168666688
2.2000000000000006,94.0,94000.0,1.0000000000000002e-10,1.7542714332166116e-21,0.8658183222737647,112297.33111413842,11608916729.243694,4.0669523189689604e-11,0.47212910812715203
2.2000000000000006,95.0,95000.0,1.0000000000000002e-10,1.7542714332166116e-21,0.8658183222737647,112297.33111413842,11608916729.243694,3.89839708830301e-11,0.4525616717563572
2.2000000000000006,96.0,96000.0,1.0000000000000002e-10,1.7542714332166116e-21,0.8658183222737647,112297.33111413842,11608916729.243694,3.738484315995351e-11,0.43399753117973605
2.2000000000000006,97.0,97000.0,1.0000000000000002e-10,1.7542714332166116e-21,0.8658183222737647,112297.33111413842,11608916729.243694,3.586687655810289e-11,0.41637558330107916
2.2000000000000006,98.0,98000.0,1.0000000000000002e-10,1.7542714332166116e-21,0.8658183222737647,112297.33111413842,11608916729.243694,3.4425177831426924e-11,0.3996390228344412
2.2000000000000006,99.0,99000.0,1.0000000000000002e-10,1.7542714332166116e-21,0.8658183222737647,112297.33111413842,11608916729.243694,3.3055194487062296e-11,0.38373500026926144
2.2000000000000006,100.0,100000.0,1.0000000000000002e-10,1.7542714332166116e-21,0.8658183222737647,112297.33111413842,11608916729.243694,3.175268793404605e-11,0.36861431015600155
2.250000000000001,1.0,1000.0,1.0000000000000002e-10,1.9722904218617446e-21,0.8664578652982478,99883.86994955933,13797942072.455368,0.0019518606923788749,26931660.76694634
2.250000000000001,2.0,2000.0,1.0000000000000002e-10,1.9722904218617446e-21,0.8664578652982478,99883.86994955933,13797942072.455368,0.00012199129327367968,1683228.7979341464
2.250000000000001,3.0,3000.0,1.0000000000000002e-10,1.9722904218617446e-21,0.8664578652982478,99883.86994955933,13797942072.455368,2.4097045584924385e-05,332489.63909810304
2.250000000000001,4.0,4000.0,1.0000000000000002e-10,1.9722904218617446e-21,0.8664578652982478,99883.86994955933,13797942072.455368,7.62445582960498e-06,105201.79987088415
2.250000000000001,5.0,5000.0,1.0000000000000002e-10,1.9722904218617446e-21,0.8664578652982478,99883.86994955933,13797942072.455368,3.1229771078061997e-06,43090.65722711415
2.250000000000001,6.0,6000.0,1.0000000000000002e-10,1.9722904218617446e-21,0.8664578652982478,99883.86994955933,13797942072.455368,1.506065349057774e-06,20780.60244363144
2.250000000000001,7.0,7000.0,1.0000000000000002e-10,1.9722904218617446e-21,0.8664578652982478,99883.86994955933,13797942072.455368,8.129365649224801e-07,11216.851631381234
2.250000000000001,8.0,8000.0,1.0000000000000002e-10,1.9722904218617446e-21,0.8664578652982478,99883.86994955933,13797942072.455368,4.7652848935031125e-07,6575.112491930259
2.250000000000001,9.0,9000.0,1.0000000000000002e-10,1.9722904218617446e-21,0.8664578652982478,99883.86994955933,13797942072.455368,2.974943899373381e-07,4104.81035923584
2.250000000000001,10.0,10000.0,1.0000000000000002e-10,1.9722904218617446e-21,0.8664578652982478,99883.86994955933,13797942072.455368,1.9518606923788748e-07,2693.1660766946343
2.250000000000001,11.0,11000.0,1.0000000000000002e-10,1.9722904218617446e-21,0.8664578652982478,99883.86994955933,13797942072.455368,1.3331471158929544e-07,1839.4686679151928
2.250000000000001,12.0,12000.0,1.0000000000000002e-10,1.9722904218617446e-21,0.8664578652982478,99883.86994955933,13797942072.455368,9.412908431611088e-08,1298.787652726965
2.250000000000001,13.0,13000.0,1.0000000000000002e-10,1.9722904218617446e-21,0.8664578652982478,99883.86994955933,13797942072.455368,6.834006835821138e-08,942.9523044342407
2.250000000000001,14.0,14000.0,1.0000000000000002e-10,1.9722904218617446e-21,0.8664578652982478,99883.86994955933,13797942072.455368,5.080853530765501e-08,701.0532269613271
2.250000000000001,15.0,15000.0,1.0000000000000002e-10,1.9722904218617446e-21,0.8664578652982478,99883.86994955933,13797942072.455368,3.8555272935879e-08,531.9834225569647
2.250000000000001,16.0,16000.0,1.0000000000000002e-10,1.9722904218617446e-21,0.8664578652982478,99883.86994955933,13797942072.455368,2.9783030584394453e-08,410.9445307456412
2.250000000000001,17.0,17000.0,1.0000000000000002e-10,1.9722904218617446e-21,0.8664578652982478,99883.86994955933,13797942072.455368,2.336969974472139e-08,322.45376332834076
2.250000000000001,18.0,18000.0,1.0000000000000002e-10,1.9722904218617446e-21,0.8664578652982478,99883.86994955933,13797942072.455368,1.859339937108363e-08,256.55064745224
2.250000000000001,19.0,19000.0,1.0000000000000002e-10,1.9722904218617446e-21,0.8664578652982478,99883.86994955933,13797942072.455368,1.497733053290624e-08,206.6563390930574
2.250000000000001,20.0,20000.0,1.0000000000000002e-10,1.9722904218617446e-21,0.8664578652982478,99883.86994955933,13797942072.455368,1.2199129327367967e-08,168.32287979341464
2.250000000000001,21.0,21000.0,1.0000000000000002e-10,1.9722904218617446e-21,0.8664578652982478,99883.86994955933,13797942072.455368,1.0036253887931851e-08,138.47964977013865
2.250000000000001,22.0,22000.0,1.0000000000000002e-10,1.9722904218617446e-21,0.8664578652982478,99883.86994955933,13797942072.455368,8.332169474330965e-09,114.96679174469955
2.250000000000001,23.0,23000.0,1.0000000000000002e-10,1.9722904218617446e-21,0.8664578652982478,99883.86994955933,13797942072.455368,6.97489178633179e-09,96.23915282945077
2.250000000000001,24.0,24000.0,1.0000000000000002e-10,1.9722904218617446e-21,0.8664578652982478,99883.86994955933,13797942072.455368,5.88306776975693e-09,81.17422829543531
2.250000000000001,25.0,25000.0,1.0000000000000002e-10,1.9722904218617446e-21,0.8664578652982478,99883.86994955933,13797942072.455368,4.996763372489921e-09,68.94505156338265
2.250000000000001,26.0,26000.0,1.0000000000000002e-10,1.9722904218617446e-21,0.8664578652982478,99883.86994955933,13797942072.455368,4.271254272388211e-09,58.93451902714004
2.250000000000001,27.0,27000.0,1.0000000000000002e-10,1.9722904218617446e-21,0.8664578652982478,99883.86994955933,13797942072.455368,3.6727702461399745e-09,50.67667110167701
2.250000000000001,28.0,28000.0,1.0000000000000002e-10,1.9722904218617446e-21,0.8664578652982478,99883.86994955933,13797942072.455368,3.175533456728438e-09,43.815826685082946
2.250000000000001,29.0,29000.0,1.0000000000000002e-10,1.9722904218617446e-21,0.8664578652982478,99883.86994955933,13797942072.455368,2.7596679288414015e-09,38.07773822136654
2.250000000000001,30.0,30000.0,1.0000000000000002e-10,1.9722904218617446e-21,0.8664578652982478,99883.86994955933,13797942072.455368,2.4097045584924374e-09,33.24896390981029
2.250000000000001,31.0,31000.0,1.0000000000000002e-10,1.9722904218617446e-21,0.8664578652982478,99883.86994955933,13797942072.455368,2.1134989809423657e-09,29.161936509236213
2.250000000000001,32.0,32000.0,1.0000000000000002e-10,1.9722904218617446e-21,0.8664578652982478,99883.86994955933,13797942072.455368,1.8614394115246533e-09,25.684033171602575
2.250000000000001,33.0,33000.0,1.0000000000000002e-10,1.9722904218617446e-21,0.8664578652982478,99883.86994955933,13797942072.455368,1.6458606369048826e-09,22.709489727348068
2.250000000000001,34.0,34000.0,1.0000000000000002e-10,1.9722904218617446e-21,0.8664578652982478,99883.86994955933,13797942072.455368,1.4606062340450868e-09,20.153360208021297
2.250000000000001,35.0,35000.0,1.0000000000000002e-10,1.9722904218617446e-21,0.8664578652982478,99883.86994955933,13797942072.455368,1.300698503875968e-09,17.94696261020997
2.250000000000001,36.0,36000.0,1.0000000000000002e-10,1.9722904218617446e-21,0.8664578652982478,99883.86994955933,13797942072.455368,1.1620874606927269e-09,16.034415465765
2.250000000000001,37.0,37000.0,1.0000000000000002e-10,1.9722904218617446e-21,0.8664578652982478,99883.86994955933,13797942072.455368,1.0414583871817176e-09,14.369982497206134
2.250000000000001,38.0,38000.0,1.0000000000000002e-10,1.9722904218617446e-21,0.8664578652982478,99883.86994955933,13797942072.455368,9.3608315830664e-10,12.916021193316087
2.250000000000001,39.0,39000.0,1.0000000000000002e-10,1.9722904218617446e-21,0.8664578652982478,99883.86994955933,13797942072.455368,8.437045476322388e-10,11.641386474496793
2.250000000000001,40.0,40000.0,1.0000000000000002e-10,1.9722904218617446e-21,0.8664578652982478,99883.86994955933,13797942072.455368,7.62445582960498e-10,10.520179987088415
2.250000000000001,41.0,41000.0,1.0000000000000002e-10,1.9722904218617446e-21,0.8664578652982478,99883.86994955933,13797942072.455368,6.907380675077881e-10,9.530763842712226
2.250000000000001,42.0,42000.0,1.0000000000000002e-10,1.9722904218617446e-21,0.8664578652982478,99883.86994955933,13797942072.455368,6.272658679957407e-10,8.654978110633666
2.250000000000001,43.0,43000.0,1.0000000000000002e-10,1.9722904218617446e-21,0.8664578652982478,99883.86994955933,13797942072.455368,5.709196564464778e-10,7.87751634767462
2.250000000000001,44.0,44000.0,1.0000000000000002e-10,1.9722904218617446e-21,0.8664578652982478,99883.86994955933,13797942072.455368,5.207605921456853e-10,7.185424484043722
2.250000000000001,45.0,45000.0,1.0000000000000002e-10,1.9722904218617446e-21,0.8664578652982478,99883.86994955933,13797942072.455368,4.759910238997407e-10,6.567696574777341
2.250000000000001,46.0,46000.0,1.0000000000000002e-10,1.9722904218617446e-21,0.8664578652982478,99883.86994955933,13797942072.455368,4.3593073664573686e-10,6.014947051840673
2.250000000000001,47.0,47000.0,1.0000000000000002e-10,1.9722904218617446e-21,0.8664578652982478,99883.86994955933,13797942072.455368,3.9999760074047355e-10,5.519143724138185
2.250000000000001,48.0,48000.0,1.0000000000000002e-10,1.9722904218617446e-21,0.8664578652982478,99883.86994955933,13797942072.455368,3.676917356098081e-10,5.073389268464707
2.250000000000001,49.0,49000.0,1.0000000000000002e-10,1.9722904218617446e-21,0.8664578652982478,99883.86994955933,13797942072.455368,3.385824926790838e-10,4.671741620733542
2.250000000000001,50.0,50000.0,1.0000000000000002e-10,1.9722904218617446e-21,0.8664578652982478,99883.86994955933,13797942072.455368,3.1229771078062004e-10,4.3090657227114155
2.250000000000001,51.0,51000.0,1.0000000000000002e-10,1.9722904218617446e-21,0.8664578652982478,99883.86994955933,13797942072.455368,2.8851481166322694e-10,3.980910658374576
2.250000000000001,52.0,52000.0,1.0000000000000002e-10,1.9722904218617446e-21,0.8664578652982478,99883.86994955933,13797942072.455368,2.669533920242632e-10,3.6834074391962526
2.250000000000001,53.0,53000.0,1.0000000000000002e-10,1.9722904218617446e-21,0.8664578652982478,99883.86994955933,13797942072.455368,2.4736903775306924e-10,3.4131836534358744
2.250000000000001,54.0,54000.0,1.0000000000000002e-10,1.9722904218617446e-21,0.8664578652982478,99883.86994955933,13797942072.455368,2.295481403837484e-10,3.167291943854813
2.250000000000001,55.0,55000.0,1.0000000000000002e-10,1.9722904218617446e-21,0.8664578652982478,99883.86994955933,13797942072.455368,2.1330353854287276e-10,2.9431498686643094
2.250000000000001,56.0,56000.0,1.0000000000000002e-10,1.9722904218617446e-21,0.8664578652982478,99883.86994955933,13797942072.455368,1.9847084104552738e-10,2.738489167817684
2.250000000000001,57.0,57000.0,1.0000000000000002e-10,1.9722904218617446e-21,0.8664578652982478,99883.86994955933,13797942072.455368,1.8490531522106472e-10,2.5513128283093507
2.250000000000001,58.0,58000.0,1.0000000000000002e-10,1.9722904218617446e-21,0.8664578652982478,99883.86994955933,13797942072.455368,1.724792455525876e-10,2.3798586388354086
2.250000000000001,59.0,59000.0,1.0000000000000002e-10,1.9722904218617446e-21,0.8664578652982478,99883.86994955933,13797942072.455368,1.6107968495606218e-10,2.2225681620731064
2.250000000000001,60.0,60000.0,1.0000000000000002e-10,1.9722904218617446e-21,0.8664578652982478,99883.86994955933,13797942072.455368,1.5060653490577734e-10,2.0780602443631433
2.250000000000001,61.0,61000.0,1.0000000000000002e-10,1.9722904218617446e-21,0.8664578652982478,99883.86994955933,13797942072.455368,1.4097090183101729e-10,1.9451083373661688
2.250000000000001,62.0,62000.0,1.0000000000000002e-10,1.9722904218617446e-21,0.8664578652982478,99883.86994955933,13797942072.455368,1.3209368630889786e-10,1.8226210318272633
2.250000000000001,63.0,63000.0,1.0000000000000002e-10,1.9722904218617446e-21,0.8664578652982478,99883.86994955933,13797942072.455368,1.2390436898681297e-10,1.7096253058041808
2.250000000000001,64.0,64000.0,1.0000000000000002e-10,1.9722904218617446e-21,0.8664578652982478,99883.86994955933,13797942072.455368,1.1633996322029083e-10,1.605252073225161
2.250000000000001,65.0,65000.0,1.0000000000000002e-10,1.9722904218617446e-21,0.8664578652982478,99883.86994955933,13797942072.455368,1.0934410937313821e-10,1.508723687094785
2.250000000000001,66.0,66000.0,1.0000000000000002e-10,1.9722904218617446e-21,0.8664578652982478,99883.86994955933,13797942072.455368,1.0286628980655516e-10,1.4193431079592542
2.250000000000001,67.0,67000.0,1.0000000000000002e-10,1.9722904218617446e-21,0.8664578652982478,99883.86994955933,13797942072.455368,9.686114694953567e-11,1.3364844946812802
2.250000000000001,68.0,68000.0,1.0000000000000002e-10,1.9722904218617446e-21,0.8664578652982478,99883.86994955933,13797942072.455368,9.128788962781793e-11,1.259585013001331
2.250000000000001,69.0,69000.0,1.0000000000000002e-10,1.9722904218617446e-21,0.8664578652982478,99883.86994955933,13797942072.455368,8.610977513989867e-11,1.1881376892524793
2.250000000000001,70.0,70000.0,1.0000000000000002e-10,1.9722904218617446e-21,0.8664578652982478,99883.86994955933,13797942072.455368,8.1293656492248e-11,1.121685163138123
2.250000000000001,71.0,71000.0,1.0000000000000002e-10,1.9722904218617446e-21,0.8664578652982478,99883.86994955933,13797942072.455368,7.680958581129974e-11,1.0598142156336037
2.250000000000001,72.0,72000.0,1.0000000000000002e-10,1.9722904218617446e-21,0.8664578652982478,99883.86994955933,13797942072.455368,7.263046629329543e-11,1.0021509666103126
2.250000000000001,73.0,73000.0,1.0000000000000002e-10,1.9722904218617446e-21,0.8664578652982478,99883.86994955933,13797942072.455368,6.873174618029597e-11,0.9483566523344293
2.250000000000001,74.0,74000.0,1.0000000000000002e-10,1.9722904218617446e-21,0.8664578652982478,99883.86994955933,13797942072.455368,6.509114919885735e-11,0.8981239060753834
2.250000000000001,75.0,75000.0,1.0000000000000002e-10,1.9722904218617446e-21,0.8664578652982478,99883.86994955933,13797942072.455368,6.168843669740642e-11,0.8511734760911437
2.250000000000001,76.0,76000.0,1.0000000000000002e-10,1.9722904218617446e-21,0.8664578652982478,99883.86994955933,13797942072.455368,5.8505197394165e-11,0.8072513245822555
2.250000000000001,77.0,77000.0,1.0000000000000002e-10,1.9722904218617446e-21,0.8664578652982478,99883.86994955933,13797942072.455368,5.55246612200314e-11,0.7661260591067023
2.250000000000001,78.0,78000.0,1.0000000000000002e-10,1.9722904218617446e-21,0.8664578652982478,99883.86994955933,13797942072.455368,5.2731534227014926e-11,0.7275866546560495
2.250000000000001,79.0,79000.0,1.0000000000000002e-10,1.9722904218617446e-21,0.8664578652982478,99883.86994955933,13797942072.455368,5.011185194656913e-11,0.6914404303022207
2.250000000000001,80.0,80000.0,1.0000000000000002e-10,1.9722904218617446e-21,0.8664578652982478,99883.86994955933,13797942072.455368,4.765284893503112e-11,0.657511249193026
2.250000000000001,81.0,81000.0,1.0000000000000002e-10,1.9722904218617446e-21,0.8664578652982478,99883.86994955933,13797942072.455368,4.534284254493796e-11,0.6256379148355188
2.250000000000001,82.0,82000.0,1.0000000000000002e-10,1.9722904218617446e-21,0.8664578652982478,99883.86994955933,13797942072.455368,4.3171129219236754e-11,0.5956727401695141
2.250000000000001,83.0,83000.0,1.0000000000000002e-10,1.9722904218617446e-21,0.8664578652982478,99883.86994955933,13797942072.455368,4.112789182699646e-11,0.5674802689911078
2.250000000000001,84.0,84000.0,1.0000000000000002e-10,1.9722904218617446e-21,0.8664578652982478,99883.86994955933,13797942072.455368,3.9204116749733794e-11,0.5409361319146041
2.250000000000001,85.0,85000.0,1.0000000000000002e-10,1.9722904218617446e-21,0.8664578652982478,99883.86994955933,13797942072.455368,3.739151959155421e-11,0.515926021325345
2.250000000000001,86.0,86000.0,1.0000000000000002e-10,1.9722904218617446e-21,0.8664578652982478,99883.86994955933,13797942072.455368,3.568247852790486e-11,0.49234477172966373
2.250000000000001,87.0,87000.0,1.0000000000000002e-10,1.9722904218617446e-21,0.8664578652982478,99883.86994955933,13797942072.455368,3.406997443014075e-11,0.4700955335971177
2.250000000000001,88.0,88000.0,1.0000000000000002e-10,1.9722904218617446e-21,0.8664578652982478,99883.86994955933,13797942072.455368,3.254753700910533e-11,0.4490890302527326
2.250000000000001,89.0,89000.0,1.0000000000000002e-10,1.9722904218617446e-21,0.8664578652982478,99883.86994955933,13797942072.455368,3.110919631287755e-11,0.4292428886457265
2.250000000000001,90.0,90000.0,1.0000000000000002e-10,1.9722904218617446e-21,0.8664578652982478,99883.86994955933,13797942072.455368,2.9749438993733797e-11,0.4104810359235838
2.250000000000001,91.0,91000.0,1.0000000000000002e-10,1.9722904218617446e-21,0.8664578652982478,99883.86994955933,13797942072.455368,2.8463168828909356e-11,0.3927331546998086
2.250000000000001,92.0,92000.0,1.0000000000000002e-10,1.9722904218617446e-21,0.8664578652982478,99883.86994955933,13797942072.455368,2.7245671040358554e-11,0.3759341907400421
2.250000000000001,93.0,93000.0,1.0000000000000002e-10,1.9722904218617446e-21,0.8664578652982478,99883.86994955933,13797942072.455368,2.609258001163415e-11,0.3600239075214348
2.250000000000001,94.0,94000.0,1.0000000000000002e-10,1.9722904218617446e-21,0.8664578652982478,99883.86994955933,13797942072.455368,2.4999850046279597e-11,0.34494648275863654
2.250000000000001,95.0,95000.0,1.0000000000000002e-10,1.9722904218617446e-21,0.8664578652982478,99883.86994955933,13797942072.455368,2.396372885264999e-11,0.3306501425488919
2.250000000000001,96.0,96000.0,1.0000000000000002e-10,1.9722904218617446e-21,0.8664578652982478,99883.86994955933,13797942072.455368,2.2980733475613007e-11,0.3170868292790442
2.250000000000001,97.0,97000.0,1.0000000000000002e-10,1.9722904218617446e-21,0.8664578652982478,99883.86994955933,13797942072.455368,2.204762842678994e-11,0.30421189986786784
2.250000000000001,98.0,98000.0,1.0000000000000002e-10,1.9722904218617446e-21,0.8664578652982478,99883.86994955933,13797942072.455368,2.1161405792442737e-11,0.29198385129584636
2.250000000000001,99.0,99000.0,1.0000000000000002e-10,1.9722904218617446e-21,0.8664578652982478,99883.86994955933,13797942072.455368,2.0319267122282495e-11,0.28036407070800073
2.250000000000001,100.0,100000.0,1.0000000000000002e-10,1.9722904218617446e-21,0.8664578652982478,99883.86994955933,13797942072.455368,1.9518606923788753e-11,0.26931660766946347
2.3000000000000007,1.0,1000.0,1.0000000000000002e-10,2.2123169937115907e-21,0.8671173135696384,89046.91351192593,16473086757.183313,0.0009050408813657986,14908816.95753645
2.3000000000000007,2.0,2000.0,1.0000000000000002e-10,2.2123169937115907e-21,0.8671173135696384,89046.91351192593,16473086757.183313,5.656505508536241e-05,931801.0598460281
2.3000000000000007,3.0,3000.0,1.0000000000000002e-10,2.2123169937115907e-21,0.8671173135696384,89046.91351192593,16473086757.183313,1.1173344214392578e-05,184059.46861156117
2.3000000000000007,4.0,4000.0,1.0000000000000002e-10,2.2123169937115907e-21,0.8671173135696384,89046.91351192593,16473086757.183313,3.5353159428351506e-06,58237.56624037676
2.3000000000000007,5.0,5000.0,1.0000000000000002e-10,2.2123169937115907e-21,0.8671173135696384,89046.91351192593,16473086757.183313,1.4480654101852777e-06,23854.10713205832
2.3000000000000007,6.0,6000.0,1.0000000000000002e-10,2.2123169937115907e-21,0.8671173135696384,89046.91351192593,16473086757.183313,6.983340133995361e-07,11503.716788222573
2.3000000000000007,7.0,7000.0,1.0000000000000002e-10,2.2123169937115907e-21,0.8671173135696384,89046.91351192593,16473086757.183313,3.7694330752428096e-07,6209.41980738711
2.3000000000000007,8.0,8000.0,1.0000000000000002e-10,2.2123169937115907e-21,0.8671173135696384,89046.91351192593,16473086757.183313,2.2095724642719691e-07,3639.8478900235473
2.3000000000000007,9.0,9000.0,1.0000000000000002e-10,2.2123169937115907e-21,0.8671173135696384,89046.91351192593,16473086757.183313,1.3794252116534045e-07,2272.339118661249
2.3000000000000007,10.0,10000.0,1.0000000000000002e-10,2.2123169937115907e-21,0.8671173135696384,89046.91351192593,16473086757.183313,9.050408813657986e-08,1490.881695753645
2.3000000000000007,11.0,11000.0,1.0000000000000002e-10,2.2123169937115907e-21,0.8671173135696384,89046.91351192593,16473086757.183313,6.18155099628303e-08,1018.292258557233
2.3000000000000007,12.0,12000.0,1.0000000000000002e-10,2.2123169937115907e-21,0.8671173135696384,89046.91351192593,16473086757.183313,4.3645875837471006e-08,718.9822992639108
2.3000000000000007,13.0,13000.0,1.0000000000000002e-10,2.2123169937115907e-21,0.8671173135696384,89046.91351192593,16473086757.183313,3.1687996966695804e-08,521.9991231937416
2.3000000000000007,14.0,14000.0,1.0000000000000002e-10,2.2123169937115907e-21,0.8671173135696384,89046.91351192593,16473086757.183313,2.355895672026756e-08,388.0887379616944
2.3000000000000007,15.0,15000.0,1.0000000000000002e-10,2.2123169937115907e-21,0.8671173135696384,89046.91351192593,16473086757.183313,1.7877350743028115e-08,294.4951497784977
2.3000000000000007,16.0,16000.0,1.0000000000000002e-10,2.2123169937115907e-21,0.8671173135696384,89046.91351192593,16473086757.183313,1.3809827901699807e-08,227.4904931264717
2.3000000000000007,17.0,17000.0,1.0000000000000002e-10,2.2123169937115907e-21,0.8671173135696384,89046.91351192593,16473086757.183313,1.0836087706873706e-08,178.50381290377814
2.3000000000000007,18.0,18000.0,1.0000000000000002e-10,2.2123169937115907e-21,0.8671173135696384,89046.91351192593,16473086757.183313,8.621407572833778e-09,142.02119491632806
2.3000000000000007,19.0,19000.0,1.0000000000000002e-10,2.2123169937115907e-21,0.8671173135696384,89046.91351192593,16473086757.183313,6.94470485467268e-09,114.40072557405519
2.3000000000000007,20.0,20000.0,1.0000000000000002e-10,2.2123169937115907e-21,0.8671173135696384,89046.91351192593,16473086757.183313,5.656505508536241e-09,93.18010598460282
2.3000000000000007,21.0,21000.0,1.0000000000000002e-10,2.2123169937115907e-21,0.8671173135696384,89046.91351192593,16473086757.183313,4.653621080546678e-09,76.65950379490258
2.3000000000000007,22.0,22000.0,1.0000000000000002e-10,2.2123169937115907e-21,0.8671173135696384,89046.91351192593,16473086757.183313,3.863469372676894e-09,63.643266159827064
2.3000000000000007,23.0,23000.0,1.0000000000000002e-10,2.2123169937115907e-21,0.8671173135696384,89046.91351192593,16473086757.183313,3.234125383220466e-09,53.27602802139947
2.3000000000000007,24.0,24000.0,1.0000000000000002e-10,2.2123169937115907e-21,0.8671173135696384,89046.91351192593,16473086757.183313,2.727867239841938e-09,44.936393703994426
2.3000000000000007,25.0,25000.0,1.0000000000000002e-10,2.2123169937115907e-21,0.8671173135696384,89046.91351192593,16473086757.183313,2.3169046562964446e-09,38.16657141129332
2.3000000000000007,26.0,26000.0,1.0000000000000002e-10,2.2123169937115907e-21,0.8671173135696384,89046.91351192593,16473086757.183313,1.9804998104184878e-09,32.62494519960885
2.3000000000000007,27.0,27000.0,1.0000000000000002e-10,2.2123169937115907e-21,0.8671173135696384,89046.91351192593,16473086757.183313,1.7029940884609926e-09,28.053569366188245
2.3000000000000007,28.0,28000.0,1.0000000000000002e-10,2.2123169937115907e-21,0.8671173135696384,89046.91351192593,16473086757.183313,1.4724347950167225e-09,24.2555461226059
2.3000000000000007,29.0,29000.0,1.0000000000000002e-10,2.2123169937115907e-21,0.8671173135696384,89046.91351192593,16473086757.183313,1.2796058163103473e-09,21.079057627076725
2.3000000000000007,30.0,30000.0,1.0000000000000002e-10,2.2123169937115907e-21,0.8671173135696384,89046.91351192593,16473086757.183313,1.1173344214392572e-09,18.405946861156107
2.3000000000000007,31.0,31000.0,1.0000000000000002e-10,2.2123169937115907e-21,0.8671173135696384,89046.91351192593,16473086757.183313,9.799894981985233e-10,16.143452024952815
2.3000000000000007,32.0,32000.0,1.0000000000000002e-10,2.2123169937115907e-21,0.8671173135696384,89046.91351192593,16473086757.183313,8.631142438562379e-10,14.218155820404482
2.3000000000000007,33.0,33000.0,1.0000000000000002e-10,2.2123169937115907e-21,0.8671173135696384,89046.91351192593,16473086757.183313,7.631544439855595e-10,12.571509364904115
2.3000000000000007,34.0,34000.0,1.0000000000000002e-10,2.2123169937115907e-21,0.8671173135696384,89046.91351192593,16473086757.183313,6.772554816796066e-10,11.156488306486134
2.3000000000000007,35.0,35000.0,1.0000000000000002e-10,2.2123169937115907e-21,0.8671173135696384,89046.91351192593,16473086757.183313,6.031092920388494e-10,9.935071691819374
2.3000000000000007,36.0,36000.0,1.0000000000000002e-10,2.2123169937115907e-21,0.8671173135696384,89046.91351192593,16473086757.183313,5.388379733021111e-10,8.876324682270504
2.3000000000000007,37.0,37000.0,1.0000000000000002e-10,2.2123169937115907e-21,0.8671173135696384,89046.91351192593,16473086757.183313,4.829045537527452e-10,7.954928609407864
2.3000000000000007,38.0,38000.0,1.0000000000000002e-10,2.2123169937115907e-21,0.8671173135696384,89046.91351192593,16473086757.183313,4.340440534170425e-10,7.150045348378449
2.3000000000000007,39.0,39000.0,1.0000000000000002e-10,2.2123169937115907e-21,0.8671173135696384,89046.91351192593,16473086757.183313,3.912098390950097e-10,6.444433619675819
2.3000000000000007,40.0,40000.0,1.0000000000000002e-10,2.2123169937115907e-21,0.8671173135696384,89046.91351192593,16473086757.183313,3.5353159428351506e-10,5.823756624037676
2.3000000000000007,41.0,41000.0,1.0000000000000002e-10,2.2123169937115907e-21,0.8671173135696384,89046.91351192593,16473086757.183313,3.202821757982358e-10,5.2760360687037755
2.3000000000000007,42.0,42000.0,1.0000000000000002e-10,2.2123169937115907e-21,0.8671173135696384,89046.91351192593,16473086757.183313,2.908513175341674e-10,4.791218987181411
2.3000000000000007,43.0,43000.0,1.0000000000000002e-10,2.2123169937115907e-21,0.8671173135696384,89046.91351192593,16473086757.183313,2.6472464509218246e-10,4.360832045368084
2.3000000000000007,44.0,44000.0,1.0000000000000002e-10,2.2123169937115907e-21,0.8671173135696384,89046.91351192593,16473086757.183313,2.4146683579230586e-10,3.9777041349891915
2.3000000000000007,45.0,45000.0,1.0000000000000002e-10,2.2123169937115907e-21,0.8671173135696384,89046.91351192593,16473086757.183313,2.2070803386454465e-10,3.6357425898579967
2.3000000000000007,46.0,46000.0,1.0000000000000002e-10,2.2123169937115907e-21,0.8671173135696384,89046.91351192593,16473086757.183313,2.0213283645127912e-10,3.329751751337467
2.3000000000000007,47.0,47000.0,1.0000000000000002e-10,2.2123169937115907e-21,0.8671173135696384,89046.91351192593,16473086757.183313,1.8547132104860923e-10,3.0552851626031394
2.3000000000000007,48.0,48000.0,1.0000000000000002e-10,2.2123169937115907e-21,0.8671173135696384,89046.91351192593,16473086757.183313,1.7049170249012112e-10,2.8085246064996516
2.3000000000000007,49.0,49000.0,1.0000000000000002e-10,2.2123169937115907e-21,0.8671173135696384,89046.91351192593,16473086757.183313,1.569942971779596e-10,2.586180677795548
2.3000000000000007,50.0,50000.0,1.0000000000000002e-10,2.2123169937115907e-21,0.8671173135696384,89046.91351192593,16473086757.183313,1.448065410185278e-10,2.3854107132058324
2.3000000000000007,51.0,51000.0,1.0000000000000002e-10,2.2123169937115907e-21,0.8671173135696384,89046.91351192593,16473086757.183313,1.337788605786877e-10,2.203750776589853
2.3000000000000007,52.0,52000.0,1.0000000000000002e-10,2.2123169937115907e-21,0.8671173135696384,89046.91351192593,16473086757.183313,1.2378123815115548e-10,2.0390590749755533
2.3000000000000007,53.0,53000.0,1.0000000000000002e-10,2.2123169937115907e-21,0.8671173135696384,89046.91351192593,16473086757.183313,1.1470034353619238e-10,1.8894687101504273
2.3000000000000007,54.0,54000.0,1.0000000000000002e-10,2.2123169937115907e-21,0.8671173135696384,89046.91351192593,16473086757.183313,1.0643713052881204e-10,1.7533480853867653
2.3000000000000007,55.0,55000.0,1.0000000000000002e-10,2.2123169937115907e-21,0.8671173135696384,89046.91351192593,16473086757.183313,9.890481594052851e-11,1.6292676136915734
2.3000000000000007,56.0,56000.0,1.0000000000000002e-10,2.2123169937115907e-21,0.8671173135696384,89046.91351192593,16473086757.183313,9.202717468854516e-11,1.5159716326628687
2.3000000000000007,57.0,57000.0,1.0000000000000002e-10,2.2123169937115907e-21,0.8671173135696384,89046.91351192593,16473086757.183313,8.573709697126767e-11,1.412354636716731
2.3000000000000007,58.0,58000.0,1.0000000000000002e-10,2.2123169937115907e-21,0.8671173135696384,89046.91351192593,16473086757.183313,7.997536351939671e-11,1.3174411016922953
2.3000000000000007,59.0,59000.0,1.0000000000000002e-10,2.2123169937115907e-21,0.8671173135696384,89046.91351192593,16473086757.183313,7.468960290658984e-11,1.2303683085398254
2.3000000000000007,60.0,60000.0,1.0000000000000002e-10,2.2123169937115907e-21,0.8671173135696384,89046.91351192593,16473086757.183313,6.983340133995357e-11,1.1503716788222567
2.3000000000000007,61.0,61000.0,1.0000000000000002e-10,2.2123169937115907e-21,0.8671173135696384,89046.91351192593,16473086757.183313,6.536554055227113e-11,1.0767722204477463
2.3000000000000007,62.0,62000.0,1.0000000000000002e-10,2.2123169937115907e-21,0.8671173135696384,89046.91351192593,16473086757.183313,6.124934363740771e-11,1.008965751559551
2.3000000000000007,63.0,63000.0,1.0000000000000002e-10,2.2123169937115907e-21,0.8671173135696384,89046.91351192593,16473086757.183313,5.7452112105514536e-11,0.9464136270975626
2.3000000000000007,64.0,64000.0,1.0000000000000002e-10,2.2123169937115907e-21,0.8671173135696384,89046.91351192593,16473086757.183313,5.394464024101487e-11,0.8886347387752801
2.3000000000000007,65.0,65000.0,1.0000000000000002e-10,2.2123169937115907e-21,0.8671173135696384,89046.91351192593,16473086757.183313,5.070079514671328e-11,0.8351985971099866
2.3000000000000007,66.0,66000.0,1.0000000000000002e-10,2.2123169937115907e-21,0.8671173135696384,89046.91351192593,16473086757.183313,4.769715274909747e-11,0.7857193353065072
2.3000000000000007,67.0,67000.0,1.0000000000000002e-10,2.2123169937115907e-21,0.8671173135696384,89046.91351192593,16473086757.183313,4.491268160048259e-11,0.7398505005025003
2.3000000000000007,68.0,68000.0,1.0000000000000002e-10,2.2123169937115907e-21,0.8671173135696384,89046.91351192593,16473086757.183313,4.232846760497541e-11,0.6972805191553834
2.3000000000000007,69.0,69000.0,1.0000000000000002e-10,2.2123169937115907e-21,0.8671173135696384,89046.91351192593,16473086757.183313,3.9927473866919345e-11,0.6577287410049318
2.3000000000000007,70.0,70000.0,1.0000000000000002e-10,2.2123169937115907e-21,0.8671173135696384,89046.91351192593,16473086757.183313,3.769433075242809e-11,0.6209419807387109
2.3000000000000007,71.0,71000.0,1.0000000000000002e-10,2.2123169937115907e-21,0.8671173135696384,89046.91351192593,16473086757.183313,3.561515199902749e-11,0.5866914887502506
2.3000000000000007,72.0,72000.0,1.0000000000000002e-10,2.2123169937115907e-21,0.8671173135696384,89046.91351192593,16473086757.183313,3.3677373331381946e-11,0.5547702926419065
2.3000000000000007,73.0,73000.0,1.0000000000000002e-10,2.2123169937115907e-21,0.8671173135696384,89046.91351192593,16473086757.183313,3.186961056375986e-11,0.5249908597344619
2.3000000000000007,74.0,74000.0,1.0000000000000002e-10,2.2123169937115907e-21,0.8671173135696384,89046.91351192593,16473086757.183313,3.0181534609546575e-11,0.4971830380879915
2.3000000000000007,75.0,75000.0,1.0000000000000002e-10,2.2123169937115907e-21,0.8671173135696384,89046.91351192593,16473086757.183313,2.860376118884499e-11,0.4711922396455965
2.3000000000000007,76.0,76000.0,1.0000000000000002e-10,2.2123169937115907e-21,0.8671173135696384,89046.91351192593,16473086757.183313,2.7127753338565157e-11,0.4468778342736531
2.3000000000000007,77.0,77000.0,1.0000000000000002e-10,2.2123169937115907e-21,0.8671173135696384,89046.91351192593,16473086757.183313,2.5745735094889748e-11,0.424111727845578
2.3000000000000007,78.0,78000.0,1.0000000000000002e-10,2.2123169937115907e-21,0.8671173135696384,89046.91351192593,16473086757.183313,2.4450614943438107e-11,0.4027771012297387
2.3000000000000007,79.0,79000.0,1.0000000000000002e-10,2.2123169937115907e-21,0.8671173135696384,89046.91351192593,16473086757.183313,2.323591782429923e-11,0.38276729020246336
2.3000000000000007,80.0,80000.0,1.0000000000000002e-10,2.2123169937115907e-21,0.8671173135696384,89046.91351192593,16473086757.183313,2.209572464271969e-11,0.36398478900235476
2.3000000000000007,81.0,81000.0,1.0000000000000002e-10,2.2123169937115907e-21,0.8671173135696384,89046.91351192593,16473086757.183313,2.1024618376061638e-11,0.3463403625455339
2.3000000000000007,82.0,82000.0,1.0000000000000002e-10,2.2123169937115907e-21,0.8671173135696384,89046.91351192593,16473086757.183313,2.0017635987389736e-11,0.32975225429398597
2.3000000000000007,83.0,83000.0,1.0000000000000002e-10,2.2123169937115907e-21,0.8671173135696384,89046.91351192593,16473086757.183313,1.907022545879359e-11,0.3141454784617528
2.3000000000000007,84.0,84000.0,1.0000000000000002e-10,2.2123169937115907e-21,0.8671173135696384,89046.91351192593,16473086757.183313,1.817820734588546e-11,0.2994511866988382
2.3000000000000007,85.0,85000.0,1.0000000000000002e-10,2.2123169937115907e-21,0.8671173135696384,89046.91351192593,16473086757.183313,1.7337740330997924e-11,0.2856061006460449
2.3000000000000007,86.0,86000.0,1.0000000000000002e-10,2.2123169937115907e-21,0.8671173135696384,89046.91351192593,16473086757.183313,1.6545290318261404e-11,0.27255200283550524
2.3000000000000007,87.0,87000.0,1.0000000000000002e-10,2.2123169937115907e-21,0.8671173135696384,89046.91351192593,16473086757.183313,1.579760267049811e-11,0.26023527934662616
2.3000000000000007,88.0,88000.0,1.0000000000000002e-10,2.2123169937115907e-21,0.8671173135696384,89046.91351192593,16473086757.183313,1.5091677237019116e-11,0.24860650843682447
2.3000000000000007,89.0,89000.0,1.0000000000000002e-10,2.2123169937115907e-21,0.8671173135696384,89046.91351192593,16473086757.183313,1.4424745864047134e-11,0.2376200900687696
2.3000000000000007,90.0,90000.0,1.0000000000000002e-10,2.2123169937115907e-21,0.8671173135696384,89046.91351192593,16473086757.183313,1.379425211653404e-11,0.2272339118661248
2.3000000000000007,91.0,91000.0,1.0000000000000002e-10,2.2123169937115907e-21,0.8671173135696384,89046.91351192593,16473086757.183313,1.3197832972384753e-11,0.21740904756090856
2.3000000000000007,92.0,92000.0,1.0000000000000002e-10,2.2123169937115907e-21,0.8671173135696384,89046.91351192593,16473086757.183313,1.2633302278204945e-11,0.20810948445859168
2.3000000000000007,93.0,93000.0,1.0000000000000002e-10,2.2123169937115907e-21,0.8671173135696384,89046.91351192593,16473086757.183313,1.2098635780228685e-11,0.19930187685126935
2.3000000000000007,94.0,94000.0,1.0000000000000002e-10,2.2123169937115907e-21,0.8671173135696384,89046.91351192593,16473086757.183313,1.1591957565538077e-11,0.19095532266269621
2.3000000000000007,95.0,95000.0,1.0000000000000002e-10,2.2123169937115907e-21,0.8671173135696384,89046.91351192593,16473086757.183313,1.1111527767476288e-11,0.18304116091848832
2.3000000000000007,96.0,96000.0,1.0000000000000002e-10,2.2123169937115907e-21,0.8671173135696384,89046.91351192593,16473086757.183313,1.065573140563257e-11,0.17553278790622823
2.3000000000000007,97.0,97000.0,1.0000000000000002e-10,2.2123169937115907e-21,0.8671173135696384,89046.91351192593,16473086757.183313,1.0223068245248691e-11,0.16840549012858747
2.3000000000000007,98.0,98000.0,1.0000000000000002e-10,2.2123169937115907e-21,0.8671173135696384,89046.91351192593,16473086757.183313,9.812143573622475e-12,0.16163629236222174
2.3000000000000007,99.0,99000.0,1.0000000000000002e-10,2.2123169937115907e-21,0.8671173135696384,89046.91351192593,16473086757.183313,9.421659802290856e-12,0.15520381931980384
2.3000000000000007,100.0,100000.0,1.0000000000000002e-10,2.2123169937115907e-21,0.8671173135696384,89046.91351192593,16473086757.183313,9.050408813657987e-12,0.14908816957536453
2.350000000000001,1.0,1000.0,1.0000000000000002e-10,2.47607180207507e-21,0.8677935517354709,79561.50537916724,19884654921.90459,0.00019443315218986335,3866236.1366735906
2.350000000000001,2.0,2000.0,1.0000000000000002e-10,2.47607180207507e-21,0.8677935517354709,79561.50537916724,19884654921.90459,1.2152072011866459e-05,241639.75854209941
2.350000000000001,3.0,3000.0,1.0000000000000002e-10,2.47607180207507e-21,0.8677935517354709,79561.50537916724,19884654921.90459,2.40040928629461e-06,47731.3103293036
2.350000000000001,4.0,4000.0,1.0000000000000002e-10,2.47607180207507e-21,0.8677935517354709,79561.50537916724,19884654921.90459,7.595045007416537e-07,15102.484908881213
2.350000000000001,5.0,5000.0,1.0000000000000002e-10,2.47607180207507e-21,0.8677935517354709,79561.50537916724,19884654921.90459,3.1109304350378136e-07,6185.977818677745
2.350000000000001,6.0,6000.0,1.0000000000000002e-10,2.47607180207507e-21,0.8677935517354709,79561.50537916724,19884654921.90459,1.5002558039341312e-07,2983.206895581475
2.350000000000001,7.0,7000.0,1.0000000000000002e-10,2.47607180207507e-21,0.8677935517354709,79561.50537916724,19884654921.90459,8.098007171589477e-08,1610.2607816216537
2.350000000000001,8.0,8000.0,1.0000000000000002e-10,2.47607180207507e-21,0.8677935517354709,79561.50537916724,19884654921.90459,4.7469031296353356e-08,943.9053068050758
2.350000000000001,9.0,9000.0,1.0000000000000002e-10,2.47607180207507e-21,0.8677935517354709,79561.50537916724,19884654921.90459,2.963468254684703e-08,589.2754361642419
2.350000000000001,10.0,10000.0,1.0000000000000002e-10,2.47607180207507e-21,0.8677935517354709,79561.50537916724,19884654921.90459,1.9443315218986335e-08,386.62361366735905
2.350000000000001,11.0,11000.0,1.0000000000000002e-10,2.47607180207507e-21,0.8677935517354709,79561.50537916724,19884654921.90459,1.3280045911472122e-08,264.06913029667305
2.350000000000001,12.0,12000.0,1.0000000000000002e-10,2.47607180207507e-21,0.8677935517354709,79561.50537916724,19884654921.90459,9.37659877458832e-09,186.45043097384217
2.350000000000001,13.0,13000.0,1.0000000000000002e-10,2.47607180207507e-21,0.8677935517354709,79561.50537916724,19884654921.90459,6.8076451171129655e-09,135.36767398458008
2.350000000000001,14.0,14000.0,1.0000000000000002e-10,2.47607180207507e-21,0.8677935517354709,79561.50537916724,19884654921.90459,5.061254482243423e-09,100.64129885135335
2.350000000000001,15.0,15000.0,1.0000000000000002e-10,2.47607180207507e-21,0.8677935517354709,79561.50537916724,19884654921.90459,3.840654858071374e-09,76.37009652688572
2.350000000000001,16.0,16000.0,1.0000000000000002e-10,2.47607180207507e-21,0.8677935517354709,79561.50537916724,19884654921.90459,2.9668144560220847e-09,58.99408167531724
2.350000000000001,17.0,17000.0,1.0000000000000002e-10,2.47607180207507e-21,0.8677935517354709,79561.50537916724,19884654921.90459,2.3279552710080504e-09,46.29058723762397
2.350000000000001,18.0,18000.0,1.0000000000000002e-10,2.47607180207507e-21,0.8677935517354709,79561.50537916724,19884654921.90459,1.8521676591779394e-09,36.82971476026512
2.350000000000001,19.0,19000.0,1.0000000000000002e-10,2.47607180207507e-21,0.8677935517354709,79561.50537916724,19884654921.90459,1.491955649433808e-09,29.66702324777733
2.350000000000001,20.0,20000.0,1.0000000000000002e-10,2.47607180207507e-21,0.8677935517354709,79561.50537916724,19884654921.90459,1.215207201186646e-09,24.16397585420994
2.350000000000001,21.0,21000.0,1.0000000000000002e-10,2.47607180207507e-21,0.8677935517354709,79561.50537916724,19884654921.90459,9.9975397180117e-10,19.879762736069797
2.350000000000001,22.0,22000.0,1.0000000000000002e-10,2.47607180207507e-21,0.8677935517354709,79561.50537916724,19884654921.90459,8.300028694670076e-10,16.504320643542066
2.350000000000001,23.0,23000.0,1.0000000000000002e-10,2.47607180207507e-21,0.8677935517354709,79561.50537916724,19884654921.90459,6.947986613464907e-10,13.815831621076217
2.350000000000001,24.0,24000.0,1.0000000000000002e-10,2.47607180207507e-21,0.8677935517354709,79561.50537916724,19884654921.90459,5.8603742341177e-10,11.653151935865136
2.350000000000001,25.0,25000.0,1.0000000000000002e-10,2.47607180207507e-21,0.8677935517354709,79561.50537916724,19884654921.90459,4.977488696060503e-10,9.897564509884393
2.350000000000001,26.0,26000.0,1.0000000000000002e-10,2.47607180207507e-21,0.8677935517354709,79561.50537916724,19884654921.90459,4.2547781981956034e-10,8.460479624036255
2.350000000000001,27.0,27000.0,1.0000000000000002e-10,2.47607180207507e-21,0.8677935517354709,79561.50537916724,19884654921.90459,3.6586027835613603e-10,7.275005384743724
2.350000000000001,28.0,28000.0,1.0000000000000002e-10,2.47607180207507e-21,0.8677935517354709,79561.50537916724,19884654921.90459,3.1632840514021395e-10,6.290081178209585
2.350000000000001,29.0,29000.0,1.0000000000000002e-10,2.47607180207507e-21,0.8677935517354709,79561.50537916724,19884654921.90459,2.749022696634907e-10,5.466336769506873
2.350000000000001,30.0,30000.0,1.0000000000000002e-10,2.47607180207507e-21,0.8677935517354709,79561.50537916724,19884654921.90459,2.4004092862946087e-10,4.773131032930357
2.350000000000001,31.0,31000.0,1.0000000000000002e-10,2.47607180207507e-21,0.8677935517354709,79561.50537916724,19884654921.90459,2.1053463017068734e-10,4.1864084700549204
2.350000000000001,32.0,32000.0,1.0000000000000002e-10,2.47607180207507e-21,0.8677935517354709,79561.50537916724,19884654921.90459,1.854259035013803e-10,3.6871301047073275
2.350000000000001,33.0,33000.0,1.0000000000000002e-10,2.47607180207507e-21,0.8677935517354709,79561.50537916724,19884654921.90459,1.6395118409224847e-10,3.2601127197120143
2.350000000000001,34.0,34000.0,1.0000000000000002e-10,2.47607180207507e-21,0.8677935517354709,79561.50537916724,19884654921.90459,1.4549720443800315e-10,2.893161702351498
2.350000000000001,35.0,35000.0,1.0000000000000002e-10,2.47607180207507e-21,0.8677935517354709,79561.50537916724,19884654921.90459,1.295681147454316e-10,2.576417250594645
2.350000000000001,36.0,36000.0,1.0000000000000002e-10,2.47607180207507e-21,0.8677935517354709,79561.50537916724,19884654921.90459,1.1576047869862121e-10,2.30185717251657
2.350000000000001,37.0,37000.0,1.0000000000000002e-10,2.47607180207507e-21,0.8677935517354709,79561.50537916724,19884654921.90459,1.0374410319597056e-10,2.0629156922343337
2.350000000000001,38.0,38000.0,1.0000000000000002e-10,2.47607180207507e-21,0.8677935517354709,79561.50537916724,19884654921.90459,9.3247228089613e-11,1.854188952986083
2.350000000000001,39.0,39000.0,1.0000000000000002e-10,2.47607180207507e-21,0.8677935517354709,79561.50537916724,19884654921.90459,8.404500144583903e-11,1.6712058516614814
2.350000000000001,40.0,40000.0,1.0000000000000002e-10,2.47607180207507e-21,0.8677935517354709,79561.50537916724,19884654921.90459,7.595045007416537e-11,1.5102484908881213
2.350000000000001,41.0,41000.0,1.0000000000000002e-10,2.47607180207507e-21,0.8677935517354709,79561.50537916724,19884654921.90459,6.88073592175217e-11,1.3682105941279499
2.350000000000001,42.0,42000.0,1.0000000000000002e-10,2.47607180207507e-21,0.8677935517354709,79561.50537916724,19884654921.90459,6.248462323757312e-11,1.2424851710043623
2.350000000000001,43.0,43000.0,1.0000000000000002e-10,2.47607180207507e-21,0.8677935517354709,79561.50537916724,19884654921.90459,5.687173725228913e-11,1.1308748700709956
2.350000000000001,44.0,44000.0,1.0000000000000002e-10,2.47607180207507e-21,0.8677935517354709,79561.50537916724,19884654921.90459,5.1875179341687976e-11,1.031520040221379
2.350000000000001,45.0,45000.0,1.0000000000000002e-10,2.47607180207507e-21,0.8677935517354709,79561.50537916724,19884654921.90459,4.7415492074955234e-11,0.9428406978627867
2.350000000000001,46.0,46000.0,1.0000000000000002e-10,2.47607180207507e-21,0.8677935517354709,79561.50537916724,19884654921.90459,4.342491633415567e-11,0.8634894763172636
2.350000000000001,47.0,47000.0,1.0000000000000002e-10,2.47607180207507e-21,0.8677935517354709,79561.50537916724,19884654921.90459,3.984546370753812e-11,0.7923132960276686
2.350000000000001,48.0,48000.0,1.0000000000000002e-10,2.47607180207507e-21,0.8677935517354709,79561.50537916724,19884654921.90459,3.6627338963235624e-11,0.728321995991571
2.350000000000001,49.0,49000.0,1.0000000000000002e-10,2.47607180207507e-21,0.8677935517354709,79561.50537916724,19884654921.90459,3.3727643363554674e-11,0.6706625496133501
2.350000000000001,50.0,50000.0,1.0000000000000002e-10,2.47607180207507e-21,0.8677935517354709,79561.50537916724,19884654921.90459,3.110930435037814e-11,0.6185977818677746
2.350000000000001,51.0,51000.0,1.0000000000000002e-10,2.47607180207507e-21,0.8677935517354709,79561.50537916724,19884654921.90459,2.874018853096358e-11,0.5714887313286908
2.350000000000001,52.0,52000.0,1.0000000000000002e-10,2.47607180207507e-21,0.8677935517354709,79561.50537916724,19884654921.90459,2.659236373872252e-11,0.5287799765022659
2.350000000000001,53.0,53000.0,1.0000000000000002e-10,2.47607180207507e-21,0.8677935517354709,79561.50537916724,19884654921.90459,2.4641482843677516e-11,0.4899873831105596
2.350000000000001,54.0,54000.0,1.0000000000000002e-10,2.47607180207507e-21,0.8677935517354709,79561.50537916724,19884654921.90459,2.2866267397258502e-11,0.45468783654648276
2.350000000000001,55.0,55000.0,1.0000000000000002e-10,2.47607180207507e-21,0.8677935517354709,79561.50537916724,19884654921.90459,2.12480734583554e-11,0.422510608474677
2.350000000000001,56.0,56000.0,1.0000000000000002e-10,2.47607180207507e-21,0.8677935517354709,79561.50537916724,19884654921.90459,1.9770525321263372e-11,0.39313007363809904
2.350000000000001,57.0,57000.0,1.0000000000000002e-10,2.47607180207507e-21,0.8677935517354709,79561.50537916724,19884654921.90459,1.841920554856553e-11,0.36625954626885593
2.350000000000001,58.0,58000.0,1.0000000000000002e-10,2.47607180207507e-21,0.8677935517354709,79561.50537916724,19884654921.90459,1.718139185396817e-11,0.3416460480941796
2.350000000000001,59.0,59000.0,1.0000000000000002e-10,2.47607180207507e-21,0.8677935517354709,79561.50537916724,19884654921.90459,1.6045833097640924e-11,0.3190658540810652
2.350000000000001,60.0,60000.0,1.0000000000000002e-10,2.47607180207507e-21,0.8677935517354709,79561.50537916724,19884654921.90459,1.5002558039341304e-11,0.29832068955814733
2.350000000000001,61.0,61000.0,1.0000000000000002e-10,2.47607180207507e-21,0.8677935517354709,79561.50537916724,19884654921.90459,1.4042711612090828e-11,0.27923447457424866
2.350000000000001,62.0,62000.0,1.0000000000000002e-10,2.47607180207507e-21,0.8677935517354709,79561.50537916724,19884654921.90459,1.3158414385667959e-11,0.26165052937843253
2.350000000000001,63.0,63000.0,1.0000000000000002e-10,2.47607180207507e-21,0.8677935517354709,79561.50537916724,19884654921.90459,1.2342641627174936e-11,0.24542916958110858
2.350000000000001,64.0,64000.0,1.0000000000000002e-10,2.47607180207507e-21,0.8677935517354709,79561.50537916724,19884654921.90459,1.1589118968836269e-11,0.23044563154420797
2.350000000000001,65.0,65000.0,1.0000000000000002e-10,2.47607180207507e-21,0.8677935517354709,79561.50537916724,19884654921.90459,1.0892232187380744e-11,0.21658827837532812
2.350000000000001,66.0,66000.0,1.0000000000000002e-10,2.47607180207507e-21,0.8677935517354709,79561.50537916724,19884654921.90459,1.024694900576553e-11,0.2037570449820009
2.350000000000001,67.0,67000.0,1.0000000000000002e-10,2.47607180207507e-21,0.8677935517354709,79561.50537916724,19884654921.90459,9.648751163265969e-12,0.19186208730886928
2.350000000000001,68.0,68000.0,1.0000000000000002e-10,2.47607180207507e-21,0.8677935517354709,79561.50537916724,19884654921.90459,9.093575277375197e-12,0.18082260639696862
2.350000000000001,69.0,69000.0,1.0000000000000002e-10,2.47607180207507e-21,0.8677935517354709,79561.50537916724,19884654921.90459,8.577761251191246e-12,0.1705658224824225
2.350000000000001,70.0,70000.0,1.0000000000000002e-10,2.47607180207507e-21,0.8677935517354709,79561.50537916724,19884654921.90459,8.098007171589475e-12,0.16102607816216533
2.350000000000001,71.0,71000.0,1.0000000000000002e-10,2.47607180207507e-21,0.8677935517354709,79561.50537916724,19884654921.90459,7.65132980340275e-12,0.1521440528343478
2.350000000000001,72.0,72000.0,1.0000000000000002e-10,2.47607180207507e-21,0.8677935517354709,79561.50537916724,19884654921.90459,7.235029918663826e-12,0.14386607328228562
2.350000000000001,73.0,73000.0,1.0000000000000002e-10,2.47607180207507e-21,0.8677935517354709,79561.50537916724,19884654921.90459,6.846661812253206e-12,0.13614350750363693
2.350000000000001,74.0,74000.0,1.0000000000000002e-10,2.47607180207507e-21,0.8677935517354709,79561.50537916724,19884654921.90459,6.48400644974816e-12,0.12893223076464586
2.350000000000001,75.0,75000.0,1.0000000000000002e-10,2.47607180207507e-21,0.8677935517354709,79561.50537916724,19884654921.90459,6.1450477729142e-12,0.12219215444301719
2.350000000000001,76.0,76000.0,1.0000000000000002e-10,2.47607180207507e-21,0.8677935517354709,79561.50537916724,19884654921.90459,5.827951755600813e-12,0.1158868095616302
2.350000000000001,77.0,77000.0,1.0000000000000002e-10,2.47607180207507e-21,0.8677935517354709,79561.50537916724,19884654921.90459,5.53104785983845e-12,0.10998297804942649
2.350000000000001,78.0,78000.0,1.0000000000000002e-10,2.47607180207507e-21,0.8677935517354709,79561.50537916724,19884654921.90459,5.252812590364939e-12,0.10445036572884259
2.350000000000001,79.0,79000.0,1.0000000000000002e-10,2.47607180207507e-21,0.8677935517354709,79561.50537916724,19884654921.90459,4.991854887024841e-12,0.09926131184871198
2.350000000000001,80.0,80000.0,1.0000000000000002e-10,2.47607180207507e-21,0.8677935517354709,79561.50537916724,19884654921.90459,4.746903129635336e-12,0.09439053068050758
2.350000000000001,81.0,81000.0,1.0000000000000002e-10,2.47607180207507e-21,0.8677935517354709,79561.50537916724,19884654921.90459,4.516793559952297e-12,0.08981488129313239
2.350000000000001,82.0,82000.0,1.0000000000000002e-10,2.47607180207507e-21,0.8677935517354709,79561.50537916724,19884654921.90459,4.300459951095106e-12,0.08551316213299687
2.350000000000001,83.0,83000.0,1.0000000000000002e-10,2.47607180207507e-21,0.8677935517354709,79561.50537916724,19884654921.90459,4.0969243768624545e-12,0.0814659274750489
2.350000000000001,84.0,84000.0,1.0000000000000002e-10,2.47607180207507e-21,0.8677935517354709,79561.50537916724,19884654921.90459,3.90528895234832e-12,0.07765532318777264
2.350000000000001,85.0,85000.0,1.0000000000000002e-10,2.47607180207507e-21,0.8677935517354709,79561.50537916724,19884654921.90459,3.72472843361288e-12,0.07406493958019833
2.350000000000001,86.0,86000.0,1.0000000000000002e-10,2.47607180207507e-21,0.8677935517354709,79561.50537916724,19884654921.90459,3.5544835782680707e-12,0.07067967937943723
2.350000000000001,87.0,87000.0,1.0000000000000002e-10,2.47607180207507e-21,0.8677935517354709,79561.50537916724,19884654921.90459,3.393855181030749e-12,0.06748563912971448
2.350000000000001,88.0,88000.0,1.0000000000000002e-10,2.47607180207507e-21,0.8677935517354709,79561.50537916724,19884654921.90459,3.2421987088554985e-12,0.0644700025138362
2.350000000000001,89.0,89000.0,1.0000000000000002e-10,2.47607180207507e-21,0.8677935517354709,79561.50537916724,19884654921.90459,3.09891946941875e-12,0.06162094428016351
2.350000000000001,90.0,90000.0,1.0000000000000002e-10,2.47607180207507e-21,0.8677935517354709,79561.50537916724,19884654921.90459,2.963468254684702e-12,0.05892754361642417
2.350000000000001,91.0,91000.0,1.0000000000000002e-10,2.47607180207507e-21,0.8677935517354709,79561.50537916724,19884654921.90459,2.8353374082103137e-12,0.05637970594942942
2.350000000000001,92.0,92000.0,1.0000000000000002e-10,2.47607180207507e-21,0.8677935517354709,79561.50537916724,19884654921.90459,2.7140572708847295e-12,0.053968092269828974
2.350000000000001,93.0,93000.0,1.0000000000000002e-10,2.47607180207507e-21,0.8677935517354709,79561.50537916724,19884654921.90459,2.5991929650702146e-12,0.05168405518586323
2.350000000000001,94.0,94000.0,1.0000000000000002e-10,2.47607180207507e-21,0.8677935517354709,79561.50537916724,19884654921.90459,2.4903414817211326e-12,0.04951958100172929
2.350000000000001,95.0,95000.0,1.0000000000000002e-10,2.47607180207507e-21,0.8677935517354709,79561.50537916724,19884654921.90459,2.387129039094093e-12,0.04746723719644373
2.350000000000001,96.0,96000.0,1.0000000000000002e-10,2.47607180207507e-21,0.8677935517354709,79561.50537916724,19884654921.90459,2.2892086852022265e-12,0.04552012474947319
2.350000000000001,97.0,97000.0,1.0000000000000002e-10,2.47607180207507e-21,0.8677935517354709,79561.50537916724,19884654921.90459,2.1962581192753987e-12,0.04367183482122248
2.350000000000001,98.0,98000.0,1.0000000000000002e-10,2.47607180207507e-21,0.8677935517354709,79561.50537916724,19884654921.90459,2.107977710222167e-12,0.041916409350834384
2.350000000000001,99.0,99000.0,1.0000000000000002e-10,2.47607180207507e-21,0.8677935517354709,79561.50537916724,19884654921.90459,2.024088692496894e-12,0.04024830518162979
2.350000000000001,100.0,100000.0,1.0000000000000002e-10,2.47607180207507e-21,0.8677935517354709,79561.50537916724,19884654921.90459,1.944331521898634e-12,0.03866236136673591
2.400000000000001,1.0,1000.0,1.0000000000000002e-10,2.7653668732994434e-21,0.8684835732641775,71238.28736870392,25063308482.771336,0.0,0.0
2.400000000000001,2.0,2000.0,1.0000000000000002e-10,2.7653668732994434e-21,0.8684835732641775,71238.28736870392,25063308482.771336,0.0,0.0
2.400000000000001,3.0,3000.0,1.0000000000000002e-10,2.7653668732994434e-21,0.8684835732641775,71238.28736870392,25063308482.771336,0.0,0.0
2.400000000000001,4.0,4000.0,1.0000000000000002e-10,2.7653668732994434e-21,0.8684835732641775,71238.28736870392,25063308482.771336,0.0,0.0
2.400000000000001,5.0,5000.0,1.0000000000000002e-10,2.7653668732994434e-21,0.8684835732641775,71238.28736870392,25063308482.771336,0.0,0.0
2.400000000000001,6.0,6000.0,1.0000000000000002e-10,2.7653668732994434e-21,0.8684835732641775,71238.28736870392,25063308482.771336,0.0,0.0
2.400000000000001,7.0,7000.0,1.0000000000000002e-10,2.7653668732994434e-21,0.8684835732641775,71238.28736870392,25063308482.771336,0.0,0.0
2.400000000000001,8.0,8000.0,1.0000000000000002e-10,2.7653668732994434e-21,0.8684835732641775,71238.28736870392,25063308482.771336,0.0,0.0
2.400000000000001,9.0,9000.0,1.0000000000000002e-10,2.7653668732994434e-21,0.8684835732641775,71238.28736870392,25063308482.771336,0.0,0.0
2.400000000000001,10.0,10000.0,1.0000000000000002e-10,2.7653668732994434e-21,0.8684835732641775,71238.28736870392,25063308482.771336,0.0,0.0
2.400000000000001,11.0,11000.0,1.0000000000000002e-10,2.7653668732994434e-21,0.8684835732641775,71238.28736870392,25063308482.771336,0.0,0.0
2.400000000000001,12.0,12000.0,1.0000000000000002e-10,2.7653668732994434e-21,0.8684835732641775,71238.28736870392,25063308482.771336,0.0,0.0
2.400000000000001,13.0,13000.0,1.0000000000000002e-10,2.7653668732994434e-21,0.8684835732641775,71238.28736870392,25063308482.771336,0.0,0.0
2.400000000000001,14.0,14000.0,1.0000000000000002e-10,2.7653668732994434e-21,0.8684835732641775,71238.28736870392,25063308482.771336,0.0,0.0
2.400000000000001,15.0,15000.0,1.0000000000000002e-10,2.7653668732994434e-21,0.8684835732641775,71238.28736870392,25063308482.771336,0.0,0.0
2.400000000000001,16.0,16000.0,1.0000000000000002e-10,2.7653668732994434e-21,0.8684835732641775,71238.28736870392,25063308482.771336,0.0,0.0
2.400000000000001,17.0,17000.0,1.0000000000000002e-10,2.7653668732994434e-21,0.8684835732641775,71238.28736870392,25063308482.771336,0.0,0.0
2.400000000000001,18.0,18000.0,1.0000000000000002e-10,2.7653668732994434e-21,0.8684835732641775,71238.28736870392,25063308482.771336,0.0,0.0
2.400000000000001,19.0,19000.0,1.0000000000000002e-10,2.7653668732994434e-21,0.8684835732641775,71238.28736870392,25063308482.771336,0.0,0.0
2.400000000000001,20.0,20000.0,1.0000000000000002e-10,2.7653668732994434e-21,0.8684835732641775,71238.28736870392,25063308482.771336,0.0,0.0
2.400000000000001,21.0,21000.0,1.0000000000000002e-10,2.7653668732994434e-21,0.8684835732641775,71238.28736870392,25063308482.771336,0.0,0.0
2.400000000000001,22.0,22000.0,1.0000000000000002e-10,2.7653668732994434e-21,0.8684835732641775,71238.28736870392,25063308482.771336,0.0,0.0
2.400000000000001,23.0,23000.0,1.0000000000000002e-10,2.7653668732994434e-21,0.8684835732641775,71238.28736870392,25063308482.771336,0.0,0.0
2.400000000000001,24.0,24000.0,1.0000000000000002e-10,2.7653668732994434e-21,0.8684835732641775,71238.28736870392,25063308482.771336,0.0,0.0
2.400000000000001,25.0,25000.0,1.0000000000000002e-10,2.7653668732994434e-21,0.8684835732641775,71238.28736870392,25063308482.771336,0.0,0.0
2.400000000000001,26.0,26000.0,1.0000000000000002e-10,2.7653668732994434e-21,0.8684835732641775,71238.28736870392,25063308482.771336,0.0,0.0
2.400000000000001,27.0,27000.0,1.0000000000000002e-10,2.7653668732994434e-21,0.8684835732641775,71238.28736870392,25063308482.771336,0.0,0.0
2.400000000000001,28.0,28000.0,1.0000000000000002e-10,2.7653668732994434e-21,0.8684835732641775,71238.28736870392,25063308482.771336,0.0,0.0
2.400000000000001,29.0,29000.0,1.0000000000000002e-10,2.7653668732994434e-21,0.8684835732641775,71238.28736870392,25063308482.771336,0.0,0.0
2.400000000000001,30.0,30000.0,1.0000000000000002e-10,2.7653668732994434e-21,0.8684835732641775,71238.28736870392,25063308482.771336,0.0,0.0
2.400000000000001,31.0,31000.0,1.0000000000000002e-10,2.7653668732994434e-21,0.8684835732641775,71238.28736870392,25063308482.771336,0.0,0.0
2.400000000000001,32.0,32000.0,1.0000000000000002e-10,2.7653668732994434e-21,0.8684835732641775,71238.28736870392,25063308482.771336,0.0,0.0
2.400000000000001,33.0,33000.0,1.0000000000000002e-10,2.7653668732994434e-21,0.8684835732641775,71238.28736870392,25063308482.771336,0.0,0.0
2.400000000000001,34.0,34000.0,1.0000000000000002e-10,2.7653668732994434e-21,0.8684835732641775,71238.28736870392,25063308482.771336,0.0,0.0
2.400000000000001,35.0,35000.0,1.0000000000000002e-10,2.7653668732994434e-21,0.8684835732641775,71238.28736870392,25063308482.771336,0.0,0.0
2.400000000000001,36.0,36000.0,1.0000000000000002e-10,2.7653668732994434e-21,0.8684835732641775,71238.28736870392,25063308482.771336,0.0,0.0
2.400000000000001,37.0,37000.0,1.0000000000000002e-10,2.7653668732994434e-21,0.8684835732641775,71238.28736870392,25063308482.771336,0.0,0.0
2.400000000000001,38.0,38000.0,1.0000000000000002e-10,2.7653668732994434e-21,0.8684835732641775,71238.28736870392,25063308482.771336,0.0,0.0
2.400000000000001,39.0,39000.0,1.0000000000000002e-10,2.7653668732994434e-21,0.8684835732641775,71238.28736870392,25063308482.771336,0.0,0.0
2.400000000000001,40.0,40000.0,1.0000000000000002e-10,2.7653668732994434e-21,0.8684835732641775,71238.28736870392,25063308482.771336,0.0,0.0
2.400000000000001,41.0,41000.0,1.0000000000000002e-10,2.7653668732994434e-21,0.8684835732641775,71238.28736870392,25063308482.771336,0.0,0.0
2.400000000000001,42.0,42000.0,1.0000000000000002e-10,2.7653668732994434e-21,0.8684835732641775,71238.28736870392,25063308482.771336,0.0,0.0
2.400000000000001,43.0,43000.0,1.0000000000000002e-10,2.7653668732994434e-21,0.8684835732641775,71238.28736870392,25063308482.771336,0.0,0.0
2.400000000000001,44.0,44000.0,1.0000000000000002e-10,2.7653668732994434e-21,0.8684835732641775,71238.28736870392,25063308482.771336,0.0,0.0
2.400000000000001,45.0,45000.0,1.0000000000000002e-10,2.7653668732994434e-21,0.8684835732641775,71238.28736870392,25063308482.771336,0.0,0.0
2.400000000000001,46.0,46000.0,1.0000000000000002e-10,2.7653668732994434e-21,0.8684835732641775,71238.28736870392,25063308482.771336,0.0,0.0
2.400000000000001,47.0,47000.0,1.0000000000000002e-10,2.7653668732994434e-21,0.8684835732641775,71238.28736870392,25063308482.771336,0.0,0.0
2.400000000000001,48.0,48000.0,1.0000000000000002e-10,2.7653668732994434e-21,0.8684835732641775,71238.28736870392,25063308482.771336,0.0,0.0
2.400000000000001,49.0,49000.0,1.0000000000000002e-10,2.7653668732994434e-21,0.8684835732641775,71238.28736870392,25063308482.771336,0.0,0.0
2.400000000000001,50.0,50000.0,1.0000000000000002e-10,2.7653668732994434e-21,0.8684835732641775,71238.28736870392,25063308482.771336,0.0,0.0
2.400000000000001,51.0,51000.0,1.0000000000000002e-10,2.7653668732994434e-21,0.8684835732641775,71238.28736870392,25063308482.771336,0.0,0.0
2.400000000000001,52.0,52000.0,1.0000000000000002e-10,2.7653668732994434e-21,0.8684835732641775,71238.28736870392,25063308482.771336,0.0,0.0
2.400000000000001,53.0,53000.0,1.0000000000000002e-10,2.7653668732994434e-21,0.8684835732641775,71238.28736870392,25063308482.771336,0.0,0.0
2.400000000000001,54.0,54000.0,1.0000000000000002e-10,2.7653668732994434e-21,0.8684835732641775,71238.28736870392,25063308482.771336,0.0,0.0
2.400000000000001,55.0,55000.0,1.0000000000000002e-10,2.7653668732994434e-21,0.8684835732641775,71238.28736870392,25063308482.771336,0.0,0.0
2.400000000000001,56.0,56000.0,1.0000000000000002e-10,2.7653668732994434e-21,0.8684835732641775,71238.28736870392,25063308482.771336,0.0,0.0
2.400000000000001,57.0,57000.0,1.0000000000000002e-10,2.7653668732994434e-21,0.8684835732641775,71238.28736870392,25063308482.771336,0.0,0.0
2.400000000000001,58.0,58000.0,1.0000000000000002e-10,2.7653668732994434e-21,0.8684835732641775,71238.28736870392,25063308482.771336,0.0,0.0
2.400000000000001,59.0,59000.0,1.0000000000000002e-10,2.7653668732994434e-21,0.8684835732641775,71238.28736870392,25063308482.771336,0.0,0.0
2.400000000000001,60.0,60000.0,1.0000000000000002e-10,2.7653668732994434e-21,0.8684835732641775,71238.28736870392,25063308482.771336,0.0,0.0
2.400000000000001,61.0,61000.0,1.0000000000000002e-10,2.7653668732994434e-21,0.8684835732641775,71238.28736870392,25063308482.771336,0.0,0.0
2.400000000000001,62.0,62000.0,1.0000000000000002e-10,2.7653668732994434e-21,0.8684835732641775,71238.28736870392,25063308482.771336,0.0,0.0
2.400000000000001,63.0,63000.0,1.0000000000000002e-10,2.7653668732994434e-21,0.8684835732641775,71238.28736870392,25063308482.771336,0.0,0.0
2.400000000000001,64.0,64000.0,1.0000000000000002e-10,2.7653668732994434e-21,0.8684835732641775,71238.28736870392,25063308482.771336,0.0,0.0
2.400000000000001,65.0,65000.0,1.0000000000000002e-10,2.7653668732994434e-21,0.8684835732641775,71238.28736870392,25063308482.771336,0.0,0.0
2.400000000000001,66.0,66000.0,1.0000000000000002e-10,2.7653668732994434e-21,0.8684835732641775,71238.28736870392,25063308482.771336,0.0,0.0
2.400000000000001,67.0,67000.0,1.0000000000000002e-10,2.7653668732994434e-21,0.8684835732641775,71238.28736870392,25063308482.771336,0.0,0.0
2.400000000000001,68.0,68000.0,1.0000000000000002e-10,2.7653668732994434e-21,0.8684835732641775,71238.28736870392,25063308482.771336,0.0,0.0
2.400000000000001,69.0,69000.0,1.0000000000000002e-10,2.7653668732994434e-21,0.8684835732641775,71238.28736870392,25063308482.771336,0.0,0.0
2.400000000000001,70.0,70000.0,1.0000000000000002e-10,2.7653668732994434e-21,0.8684835732641775,71238.28736870392,25063308482.771336,0.0,0.0
2.400000000000001,71.0,71000.0,1.0000000000000002e-10,2.7653668732994434e-21,0.8684835732641775,71238.28736870392,25063308482.771336,0.0,0.0
2.400000000000001,72.0,72000.0,1.0000000000000002e-10,2.7653668732994434e-21,0.8684835732641775,71238.28736870392,25063308482.771336,0.0,0.0
2.400000000000001,73.0,73000.0,1.0000000000000002e-10,2.7653668732994434e-21,0.8684835732641775,71238.28736870392,25063308482.771336,0.0,0.0
2.400000000000001,74.0,74000.0,1.0000000000000002e-10,2.7653668732994434e-21,0.8684835732641775,71238.28736870392,25063308482.771336,0.0,0.0
2.400000000000001,75.0,75000.0,1.0000000000000002e-10,2.7653668732994434e-21,0.8684835732641775,71238.28736870392,25063308482.771336,0.0,0.0
2.400000000000001,76.0,76000.0,1.0000000000000002e-10,2.7653668732994434e-21,0.8684835732641775,71238.28736870392,25063308482.771336,0.0,0.0
2.400000000000001,77.0,77000.0,1.0000000000000002e-10,2.7653668732994434e-21,0.8684835732641775,71238.28736870392,25063308482.771336,0.0,0.0
2.400000000000001,78.0,78000.0,1.0000000000000002e-10,2.7653668732994434e-21,0.8684835732641775,71238.28736870392,25063308482.771336,0.0,0.0
2.400000000000001,79.0,79000.0,1.0000000000000002e-10,2.7653668732994434e-21,0.8684835732641775,71238.28736870392,25063308482.771336,0.0,0.0
2.400000000000001,80.0,80000.0,1.0000000000000002e-10,2.7653668732994434e-21,0.8684835732641775,71238.28736870392,25063308482.771336,0.0,0.0
2.400000000000001,81.0,81000.0,1.0000000000000002e-10,2.7653668732994434e-21,0.8684835732641775,71238.28736870392,25063308482.771336,0.0,0.0
2.400000000000001,82.0,82000.0,1.0000000000000002e-10,2.7653668732994434e-21,0.8684835732641775,71238.28736870392,25063308482.771336,0.0,0.0
2.400000000000001,83.0,83000.0,1.0000000000000002e-10,2.7653668732994434e-21,0.8684835732641775,71238.28736870392,25063308482.771336,0.0,0.0
2.400000000000001,84.0,84000.0,1.0000000000000002e-10,2.7653668732994434e-21,0.8684835732641775,71238.28736870392,25063308482.771336,0.0,0.0
2.400000000000001,85.0,85000.0,1.0000000000000002e-10,2.7653668732994434e-21,0.8684835732641775,71238.28736870392,25063308482.771336,0.0,0.0
2.400000000000001,86.0,86000.0,1.0000000000000002e-10,2.7653668732994434e-21,0.8684835732641775,71238.28736870392,25063308482.771336,0.0,0.0
2.400000000000001,87.0,87000.0,1.0000000000000002e-10,2.7653668732994434e-21,0.8684835732641775,71238.28736870392,25063308482.771336,0.0,0.0
2.400000000000001,88.0,88000.0,1.0000000000000002e-10,2.7653668732994434e-21,0.8684835732641775,71238.28736870392,25063308482.771336,0.0,0.0
2.400000000000001,89.0,89000.0,1.0000000000000002e-10,2.7653668732994434e-21,0.8684835732641775,71238.28736870392,25063308482.771336,0.0,0.0
2.400000000000001,90.0,90000.0,1.0000000000000002e-10,2.7653668732994434e-21,0.8684835732641775,71238.28736870392,25063308482.771336,0.0,0.0
2.400000000000001,91.0,91000.0,1.0000000000000002e-10,2.7653668732994434e-21,0.8684835732641775,71238.28736870392,25063308482.771336,0.0,0.0
2.400000000000001,92.0,92000.0,1.0000000000000002e-10,2.7653668732994434e-21,0.8684835732641775,71238.28736870392,25063308482.771336,0.0,0.0
2.400000000000001,93.0,93000.0,1.0000000000000002e-10,2.7653668732994434e-21,0.8684835732641775,71238.28736870392,25063308482.771336,0.0,0.0
2.400000000000001,94.0,94000.0,1.0000000000000002e-10,2.7653668732994434e-21,0.8684835732641775,71238.28736870392,25063308482.771336,0.0,0.0
2.400000000000001,95.0,95000.0,1.0000000000000002e-10,2.7653668732994434e-21,0.8684835732641775,71238.28736870392,25063308482.771336,0.0,0.0
2.400000000000001,96.0,96000.0,1.0000000000000002e-10,2.7653668732994434e-21,0.8684835732641775,71238.28736870392,25063308482.771336,0.0,0.0
2.400000000000001,97.0,97000.0,1.0000000000000002e-10,2.7653668732994434e-21,0.8684835732641775,71238.28736870392,25063308482.771336,0.0,0.0
2.400000000000001,98.0,98000.0,1.0000000000000002e-10,2.7653668732994434e-21,0.8684835732641775,71238.28736870392,25063308482.771336,0.0,0.0
2.400000000000001,99.0,99000.0,1.0000000000000002e-10,2.7653668732994434e-21,0.8684835732641775,71238.28736870392,25063308482.771336,0.0,0.0
2.400000000000001,100.0,100000.0,1.0000000000000002e-10,2.7653668732994434e-21,0.8684835732641775,71238.28736870392,25063308482.771336,0.0,0.0
