mN (GeV),Ve^2,Total Width,BR Visible,ctau (m),N_events,Br(Mto3),N3_events
0.1,1e-18,7.252729552928345e-37,0.36999113758490804,2.716218749952695e+20,1.0724307744606272e-09,6.084771880421034e-06,6.525496620136176e-15
0.1,1.0000000000000001e-16,7.252729552928346e-35,0.369991137584908,2.716218749952695e+18,1.0724307744606203e-07,6.084771880421034e-06,6.525496620136134e-13
0.1,9.999999999999998e-15,7.252729552928342e-33,0.3699911375849081,2.7162187499526964e+16,1.0724307744606224e-05,6.084771880421034e-06,6.525496620136147e-11
0.1,1e-12,7.252729552928343e-31,0.3699911375849081,271621874995269.62,0.0010724307744606212,6.084771880421034e-06,6.5254966201361396e-09
0.1,1.0000000000000002e-10,7.252729552928345e-29,0.36999113758490804,2716218749952.6953,0.10724307744605639,6.084771880421034e-06,6.525496620135792e-07
0.1,1e-08,7.252729552928343e-27,0.36999113758490815,27162187499.52696,10.724307744545587,6.084771880421034e-06,6.525496620099251e-05
0.1,1e-06,7.252729552928344e-25,0.3699911375849081,271621874.99526954,1072.430773854149,6.084771880421034e-06,0.006525496616445895
0.1,1e-05,7.252729552928345e-24,0.36999113758490804,27162187.499526955,10724.307683959047,6.084771880421034e-06,0.06525496583233724
0.1,0.0001,7.252729552928344e-23,0.36999113758490804,2716218.749952696,107243.0713813469,6.084771880421034e-06,0.6525496251112054
0.1,0.000562,4.0760340087457297e-22,0.36999113758490804,483312.94483144046,602705.9036965449,6.084771880421034e-06,3.6673279349764845
0.1,0.000316,2.291862538725357e-22,0.36999113758490804,859562.8955546503,338888.0641697446,6.084771880421034e-06,2.062056563470381
0.1,0.0001778,1.2895353145106597e-22,0.369991137584908,1527682.0865875678,190678.17252681195,6.084771880421034e-06,1.160233182401216
0.1,0.0009999999999999998,7.252729552928343e-22,0.3699911375849081,271621.87499526964,1072430.1679895162,6.084771880421034e-06,6.525492929897814
0.1,0.005620000000000001,4.076034008745729e-21,0.3699911375849081,48331.294483144055,6027041.7975128535,6.084771880421034e-06,36.673174451628455
0.1,0.0031600000000000005,2.291862538725357e-21,0.36999113758490804,85956.28955546505,3388875.191328072,6.084771880421034e-06,20.620532470449504
0.1,0.001778,1.2895353145106594e-21,0.3699911375849081,152768.2086587568,1906779.999764766,6.084771880421034e-06,11.602321324717874
0.1,0.010000000000000002,7.252729552928346e-21,0.369991137584908,27162.18749952695,10724247.09792835,6.084771880421034e-06,65.25459718016131
0.15000000000000002,1e-18,1.690174340666826e-35,0.7947527032655685,1.1655602339950174e+19,8.076914144930019e-08,6.017741942056311e-06,4.860478501233326e-13
0.15000000000000002,1.0000000000000001e-16,1.690174340666826e-33,0.7947527032655683,1.1655602339950174e+17,8.076914144930006e-06,6.017741942056311e-06,4.860478501233318e-11
0.15000000000000002,9.999999999999998e-15,1.6901743406668253e-31,0.7947527032655685,1165560233995018.0,0.0008076914144929963,6.017741942056311e-06,4.860478501233292e-09
0.15000000000000002,1e-12,1.6901743406668257e-29,0.7947527032655683,11655602339950.176,0.08076914144929848,6.017741942056311e-06,4.860478501233223e-07
0.15000000000000002,1.0000000000000002e-10,1.6901743406668257e-27,0.7947527032655683,116556023399.50175,8.076914144914006,6.017741942056311e-06,4.86047850122369e-05
0.15000000000000002,1e-08,1.6901743406668256e-25,0.7947527032655685,1165560233.9950178,807.6914143329559,6.017741942056311e-06,0.00486047850027021
0.15000000000000002,1e-06,1.6901743406668253e-23,0.7947527032655686,11655602.339950178,80769.13984882763,6.017741942056311e-06,0.48604784049210176
0.15000000000000002,1e-05,1.6901743406668256e-22,0.7947527032655685,1165560.2339950176,807691.2544457939,6.017741942056311e-06,4.86047753811053
0.15000000000000002,0.0001,1.6901743406668256e-21,0.7947527032655686,116556.02339950176,8076898.140249172,6.017741942056311e-06,48.604688700294055
0.15000000000000002,0.000562,9.498779794547561e-21,0.7947527032655683,20739.505942971842,45391752.00274318,6.017741942056311e-06,273.15584985032615
0.15000000000000002,0.000316,5.340950916507169e-21,0.7947527032655683,36884.8175314879,25522888.88259547,6.017741942056311e-06,153.59015891123747
0.15000000000000002,0.0001778,3.0051299777056157e-21,0.7947527032655686,65554.56884111461,14360702.754453285,6.017741942056311e-06,86.41900328287711
0.15000000000000002,0.0009999999999999998,1.6901743406668254e-20,0.7947527032655683,11655.602339950177,80767541.02116871,6.017741942056311e-06,486.03821915984054
0.15000000000000002,0.005620000000000001,9.49877979454756e-20,0.7947527032655685,2073.950594297184,453872032.85889244,6.017741942056311e-06,2731.284768461317
0.15000000000000002,0.0031600000000000005,5.3409509165071694e-20,0.7947527032655686,3688.4817531487897,255214506.7019723,6.017741942056311e-06,1535.81504120167
0.15000000000000002,0.001778,3.005129977705616e-20,0.7947527032655686,6555.456884111461,143602474.19817978,6.017741942056311e-06,864.1626319654456
0.15000000000000002,0.010000000000000002,1.6901743406668257e-19,0.7947527032655686,1165.5602339950176,807531411.6170038,6.017741942056311e-06,4859.5156452155825
0.20000000000000004,1e-18,3.2609610480801935e-34,0.9551746595942718,6.041163850024479e+17,2.506569885134514e-06,5.970974180916453e-06,1.4966664066800904e-11
0.20000000000000004,1.0000000000000001e-16,3.2609610480801935e-32,0.9551746595942717,6041163850024478.0,0.00025065698851345206,5.970974180916453e-06,1.4966664066800942e-09
0.20000000000000004,9.999999999999998e-15,3.260961048080193e-30,0.9551746595942718,60411638500244.8,0.02506569885134501,5.970974180916453e-06,1.4966664066800825e-07
0.20000000000000004,1e-12,3.260961048080194e-28,0.9551746595942716,604116385002.4478,2.506569885133226,5.970974180916453e-06,1.4966664066793213e-05
0.20000000000000004,1.0000000000000002e-10,3.260961048080194e-26,0.9551746595942716,6041163850.024477,250.65698850063362,5.970974180916453e-06,0.0014966664066035557
0.20000000000000004,1e-08,3.2609610480801933e-24,0.9551746595942718,60411638.50024479,25065.698723165377,5.970974180916453e-06,0.14966663990265097
0.20000000000000004,1e-06,3.2609610480801936e-22,0.9551746595942718,604116.3850024479,2506568.603338386,5.970974180916453e-06,14.966656413229318
0.20000000000000004,1e-05,3.2609610480801937e-21,0.9551746595942718,60411.63850024478,25065570.67255702,5.970974180916453e-06,149.66587531577463
0.20000000000000004,0.0001,3.260961048080194e-20,0.9551746595942716,6041.163850024477,250644171.45932117,5.970974180916453e-06,1496.5898763808034
0.20000000000000004,0.000562,1.832660109021069e-19,0.9551746595942717,1074.9401868370956,1408287590.1242745,5.970974180916453e-06,8408.848839937096
0.20000000000000004,0.000316,1.030463691193341e-19,0.9551746595942718,1911.7607120330629,791948117.4852648,5.970974180916453e-06,4728.701762129906
0.20000000000000004,0.0001778,5.797988743486585e-20,0.9551746595942717,3397.729949395094,445627609.4820797,5.970974180916453e-06,2660.8309505210177
0.20000000000000004,0.0009999999999999998,3.2609610480801925e-19,0.9551746595942717,604.116385002448,2505289003.685083,5.970974180916453e-06,14959.015956737536
0.20000000000000004,0.005620000000000001,1.832660109021069e-18,0.9551746595942717,107.49401868370956,14046599831.306934,5.970974180916453e-06,83871.88492239911
0.20000000000000004,0.0031600000000000005,1.0304636911933413e-18,0.9551746595942718,191.17607120330624,7907990161.076565,5.970974180916453e-06,47218.40507472951
0.20000000000000004,0.001778,5.797988743486584e-19,0.9551746595942717,339.77299493950943,4452634274.121987,5.970974180916453e-06,26586.56428784606
0.20000000000000004,0.010000000000000002,3.2609610480801943e-18,0.9551746595942718,60.41163850024477,24938427583.539696,5.970974180916453e-06,148906.70721397022
0.25000000000000006,1e-18,1.117069989195558e-33,0.9600677835904456,1.7635421406483827e+17,1.0835399778286657e-05,5.9345343793774734e-06,6.430305249854122e-11
0.25000000000000006,1.0000000000000001e-16,1.117069989195558e-31,0.9600677835904458,1763542140648382.8,0.0010835399778286688,5.9345343793774734e-06,6.430305249854141e-09
0.25000000000000006,9.999999999999998e-15,1.1170699891955577e-29,0.9600677835904456,17635421406483.832,0.10835399778286446,5.9345343793774734e-06,6.430305249853997e-07
0.25000000000000006,1e-12,1.1170699891955577e-27,0.9600677835904458,176354214064.83832,10.835399778262818,5.9345343793774734e-06,6.430305249839975e-05
0.25000000000000006,1.0000000000000002e-10,1.117069989195558e-25,0.9600677835904459,1763542140.6483827,1083.5399775904784,5.9345343793774734e-06,0.006430305248440592
0.25000000000000006,1e-08,1.1170699891955579e-23,0.9600677835904456,17635421.40648383,108353.9954010031,5.9345343793774734e-06,0.6430305108501616
0.25000000000000006,1e-06,1.1170699891955577e-21,0.9600677835904459,176354.2140648383,10835375.959722618,5.9345343793774734e-06,64.30291114645406
0.25000000000000006,1e-05,1.1170699891955579e-20,0.9600677835904456,17635.421406483827,108351615.99226597,5.9345343793774734e-06,643.0163901672084
0.25000000000000006,0.0001,1.1170699891955578e-19,0.9600677835904456,1763.5421406483829,1083301864.5487237,5.9345343793774734e-06,6428.89215840812
0.25000000000000006,0.000562,6.277933339279036e-19,0.9600677835904455,313.79753392319975,6081984653.357875,5.9345343793774734e-06,36093.74702019849
0.25000000000000006,0.000316,3.5299411658579624e-19,0.9600677835904458,558.082955901387,3421610200.6073675,5.9345343793774734e-06,20305.663368333077
0.25000000000000006,0.0001778,1.986150440789702e-19,0.9600677835904456,991.8684705558958,1925781516.5248542,5.9345343793774734e-06,11428.616616986435
0.25000000000000006,0.0009999999999999998,1.1170699891955575e-18,0.9600677835904459,176.35421406483835,10811653986.252478,5.9345343793774734e-06,64162.132279348836
0.25000000000000006,0.005620000000000001,6.2779333392790355e-18,0.9600677835904458,31.379753392319977,60155359383.764,5.9345343793774734e-06,356994.0483667548
0.25000000000000006,0.0031600000000000005,3.529941165857964e-18,0.9600677835904456,55.808295590138684,34004300032.87865,5.9345343793774734e-06,201799.6875917849
0.25000000000000006,0.001778,1.986150440789702e-18,0.9600677835904456,99.18684705558958,19190451583.1991,5.9345343793774734e-06,113886.39467627392
0.25000000000000006,0.010000000000000002,1.1170699891955581e-17,0.9600677835904456,17.635421406483825,106042598473.89972,5.9345343793774734e-06,629313.446321879
0.30000000000000004,1e-18,2.5184685683500376e-33,0.9559277634058264,7.822213962712411e+16,2.9332155033788765e-05,5.898094577838493e-06,1.7300382456110756e-10
0.30000000000000004,1.0000000000000001e-16,2.5184685683500376e-31,0.9559277634058264,782221396271241.1,0.002933215503378875,5.898094577838493e-06,1.7300382456110747e-08
0.30000000000000004,9.999999999999998e-15,2.518468568350037e-29,0.9559277634058265,7822213962712.412,0.29332155033787055,5.898094577838493e-06,1.730038245610975e-06
0.30000000000000004,1e-12,2.5184685683500375e-27,0.9559277634058263,78222139627.12411,29.332155033613525,5.898094577838493e-06,0.00017300382456007397
0.30000000000000004,1.0000000000000002e-10,2.5184685683500377e-25,0.9559277634058263,782221396.2712411,2933.2155016265415,5.898094577838493e-06,0.01730038244577532
0.30000000000000004,1e-08,2.5184685683500374e-23,0.9559277634058265,7822213.962712412,293321.5328146037,5.898094577838493e-06,1.7300381422570896
0.30000000000000004,1e-06,2.5184685683500373e-21,0.9559277634058265,78222.13962712411,29331979.80239434,5.898094577838493e-06,173.00279102977026
0.30000000000000004,1e-05,2.5184685683500378e-20,0.9559277634058263,7822.21396271241,293304028.512799,5.898094577838493e-06,1729.9349002295266
0.30000000000000004,0.0001,2.5184685683500376e-19,0.9559277634058265,782.2213962712411,2931464633.89084,5.898094577838493e-06,17290.055662276867
0.30000000000000004,0.000562,1.4153793354127211e-18,0.9559277634058263,139.18530182762296,16429582656.26937,5.898094577838493e-06,96903.2323810917
0.30000000000000004,0.000316,7.9583606759861165e-19,0.9559277634058265,247.53841654153206,9251508877.299849,5.898094577838493e-06,54566.27434602692
0.30000000000000004,0.0001778,4.4778371145263665e-19,0.9559277634058265,439.9445423347813,5209725751.327418,5.898094577838493e-06,30727.455205929815
0.30000000000000004,0.0009999999999999998,2.5184685683500366e-18,0.9559277634058265,78.22213962712414,29158367945.95766,5.898094577838493e-06,171978.81188067258
0.30000000000000004,0.005620000000000001,1.415379335412721e-17,0.9559277634058264,13.918530182762296,159557233017.10623,5.898094577838493e-06,941083.6509131072
0.30000000000000004,0.0031600000000000005,7.958360675986119e-18,0.9559277634058265,24.7538416541532,90984448027.41208,5.898094577838493e-06,536634.8795781074
0.30000000000000004,0.001778,4.477837114526366e-18,0.9559277634058265,43.99445423347813,51606673605.13568,5.898094577838493e-06,304381.0417707316
0.30000000000000004,0.010000000000000002,2.518468568350038e-17,0.9559277634058265,7.82221396271241,277123040576.2919,5.898094577838493e-06,1634497.9030171437
0.3500000000000001,1e-18,4.6920590629635654e-33,0.9488710309593953,4.198583124304754e+16,6.36281662497382e-05,5.896603329430327e-06,3.7519005695375264e-10
0.3500000000000001,1.0000000000000001e-16,4.692059062963565e-31,0.9488710309593953,419858312430475.4,0.006362816624973801,5.896603329430327e-06,3.751900569537515e-08
0.3500000000000001,9.999999999999998e-15,4.692059062963564e-29,0.9488710309593954,4198583124304.7544,0.6362816624972981,5.896603329430327e-06,3.7519005695370315e-06
0.3500000000000001,1e-12,4.692059062963564e-27,0.9488710309593955,41985831243.04755,63.62816624890783,5.896603329430327e-06,0.00037519005694885624
0.3500000000000001,1.0000000000000002e-10,4.692059062963565e-25,0.9488710309593954,419858312.43047535,6362.816616669431,5.896603329430327e-06,0.037519005646407574
0.3500000000000001,1e-08,4.692059062963566e-23,0.9488710309593951,4198583.124304753,636281.5794535141,5.896603329430327e-06,3.751900079860778
0.3500000000000001,1e-06,4.692059062963564e-21,0.9488710309593953,41985.83124304754,63627335.826028004,5.896603329430327e-06,375.18516027453825
0.3500000000000001,1e-05,4.6920590629635654e-20,0.9488710309593953,4198.583124304753,636198633.7221786,5.896603329430327e-06,3751.410981785223
0.3500000000000001,0.0001,4.692059062963566e-19,0.9488710309593953,419.8583124304753,6354527313.269621,5.896603329430327e-06,37470.126912381595
0.3500000000000001,0.000562,2.6369371933855233e-18,0.9488710309593953,74.70788477410595,35499389174.6403,5.896603329430327e-06,209325.81639992687
0.3500000000000001,0.000316,1.4826906638964865e-18,0.9488710309593953,132.86655456660614,20024049687.854324,5.896603329430327e-06,118073.87805808011
0.3500000000000001,0.0001778,8.342481013949219e-19,0.9488710309593953,236.14078314424935,11286920024.380678,5.896603329430327e-06,66554.49019477692
0.3500000000000001,0.0009999999999999998,4.692059062963563e-18,0.9488710309593954,41.985831243047556,62812507293.49332,5.896603329430327e-06,370380.43963667937
0.3500000000000001,0.005620000000000001,2.6369371933855236e-17,0.9488710309593954,7.4707884774105935,333743681408.03705,5.896603329430327e-06,1967954.1029669654
0.3500000000000001,0.0031600000000000005,1.4826906638964868e-17,0.9488710309593953,13.286655456660611,193217884227.85468,5.896603329430327e-06,1139329.2194434514
0.3500000000000001,0.001778,8.34248101394922e-18,0.9488710309593953,23.614078314424933,110587310068.14154,5.896603329430327e-06,652089.5007405473
0.3500000000000001,0.010000000000000002,4.692059062963566e-17,0.9488710309593952,4.1985831243047524,565582258866.5653,5.896603329430327e-06,3335014.230699314
0.40000000000000013,1e-18,7.831254349959086e-33,0.9402750737614135,2.5155612523430452e+16,0.00012097522851480723,5.8822285276229995e-06,7.116039403055105e-10
0.40000000000000013,1.0000000000000001e-16,7.831254349959088e-31,0.9402750737614134,251556125234304.47,0.012097522851480727,5.8822285276229995e-06,7.116039403055107e-08
0.40000000000000013,9.999999999999998e-15,7.831254349959084e-29,0.9402750737614135,2515561252343.046,1.2097522851477693,5.8822285276229995e-06,7.1160394030533224e-06
0.40000000000000013,1e-12,7.831254349959086e-27,0.9402750737614135,25155612523.430454,120.97522851177813,5.8822285276229995e-06,0.0007116039402876925
0.40000000000000013,1.0000000000000002e-10,7.831254349959088e-25,0.9402750737614135,251556125.2343045,12097.522821193592,5.8822285276229995e-06,0.07116039385239521
0.40000000000000013,1e-08,7.831254349959087e-23,0.9402750737614135,2515561.252343045,1209751.9822771037,5.8822285276229995e-06,7.116037621498853
0.40000000000000013,1e-06,7.831254349959084e-21,0.9402750737614135,25155.612523430456,120972199.9097208,5.8822285276229995e-06,711.586125358272
0.40000000000000013,1e-05,7.831254349959088e-20,0.9402750737614134,2515.5612523430445,1209449519.6845086,5.8822285276229995e-06,7114.258467408151
0.40000000000000013,0.0001,7.831254349959088e-19,0.9402750737614134,251.5561252343045,12067340948.662653,5.8822285276229995e-06,70982.85718077664
0.40000000000000013,0.000562,4.401164944677007e-18,0.9402750737614133,44.76087637621077,67049791282.49116,5.8822285276229995e-06,394402.1950530374
0.40000000000000013,0.000316,2.4746763745870716e-18,0.9402750737614135,79.60636874503307,37929026616.6439,5.8822285276229995e-06,223107.2023893948
0.40000000000000013,0.0001778,1.3923970234227258e-18,0.9402750737614135,141.4826351149069,21414238854.714138,5.8822285276229995e-06,125963.44668853238
0.40000000000000013,0.0009999999999999998,7.831254349959085e-18,0.9402750737614134,25.155612523430456,118047826880.80144,5.8822285276229995e-06,694384.2949021513
0.40000000000000013,0.005620000000000001,4.4011649446770076e-17,0.9402750737614135,4.476087637621076,599326517127.5312,5.8822285276229995e-06,3525375.5364084984
0.40000000000000013,0.0031600000000000005,2.4746763745870722e-17,0.9402750737614133,7.9606368745033045,354973580615.8667,5.8822285276229995e-06,2088035.7224511337
0.40000000000000013,0.001778,1.3923970234227255e-17,0.9402750737614135,14.148263511490693,206071088908.45795,5.8822285276229995e-06,1212157.2378956669
0.40000000000000013,0.010000000000000002,7.831254349959088e-17,0.9402750737614134,2.5155612523430446,980831523023.4397,5.8822285276229995e-06,5769475.165520391
0.45000000000000007,1e-18,1.216368386214245e-32,0.9307081455378221,1.619575140497785e+16,0.00021054898413528912,5.797230615632801e-06,1.2206010169194831e-09
0.45000000000000007,1.0000000000000001e-16,1.2163683862142451e-30,0.9307081455378219,161957514049778.5,0.021054898413528766,5.797230615632801e-06,1.2206010169194745e-07
0.45000000000000007,9.999999999999998e-15,1.216368386214245e-28,0.9307081455378219,1619575140497.7852,2.1054898413519627,5.797230615632801e-06,1.2206010169189448e-05
0.45000000000000007,1e-12,1.216368386214245e-26,0.930708145537822,16195751404.977852,210.54898412602176,5.797230615632801e-06,0.0012206010168657581
0.45000000000000007,1.0000000000000002e-10,1.2163683862142452e-24,0.930708145537822,161957514.0497785,21054.89832085524,5.797230615632801e-06,0.12206010115469766
0.45000000000000007,1e-08,1.216368386214245e-22,0.930708145537822,1619575.140497785,2105488.9146168767,5.797230615632801e-06,12.206004796692435
0.45000000000000007,1e-06,1.2163683862142449e-20,0.9307081455378222,16195.751404977853,210539717.33765355,5.797230615632801e-06,1220.5472951565212
0.45000000000000007,1e-05,1.216368386214245e-19,0.9307081455378222,1619.575140497785,2104563672.5458548,5.797230615632801e-06,12200.640955031435
0.45000000000000007,0.0001,1.2163683862142451e-18,0.9307081455378219,161.9575140497785,20962788703.960125,5.797230615632801e-06,121526.12046363909
0.45000000000000007,0.000562,6.8359903305240564e-18,0.9307081455378222,28.818062998181233,115498241742.74414,5.797230615632801e-06,669569.9430827948
0.45000000000000007,0.000316,3.8437241004370136e-18,0.9307081455378221,51.252377863853965,65625588774.09198,5.797230615632801e-06,380446.6724100943
0.45000000000000007,0.0001778,2.1627029906889277e-18,0.930708145537822,91.08971543857058,37145793092.98464,5.797230615632801e-06,215342.728960612
0.45000000000000007,0.0009999999999999998,1.2163683862142447e-17,0.9307081455378221,16.195751404977855,201809923035.13947,5.797230615632801e-06,1169938.6643578098
0.45000000000000007,0.005620000000000001,6.835990330524057e-17,0.9307081455378221,2.881806299818123,961419618787.1442,5.797230615632801e-06,5573571.248502849
0.45000000000000007,0.0031600000000000005,3.843724100437014e-17,0.9307081455378222,5.125237786385396,587266940361.1375,5.797230615632801e-06,3404521.8862105883
0.45000000000000007,0.001778,2.1627029906889273e-17,0.9307081455378221,9.108971543857061,347874725156.0471,5.797230615632801e-06,2016710.0070794825
0.45000000000000007,0.010000000000000002,1.2163683862142452e-16,0.930708145537822,1.619575140497785,1503991884679.1194,5.797230615632801e-06,8718987.79952507
0.5000000000000001,1e-18,1.7955806540182052e-32,0.9205071201416326,1.0971381294354414e+16,0.0003438217923575269,5.712232703642602e-06,1.9639900865296814e-09
0.5000000000000001,1.0000000000000001e-16,1.7955806540182053e-30,0.9205071201416326,109713812943544.12,0.03438217923575244,5.712232703642602e-06,1.9639900865296667e-07
0.5000000000000001,9.999999999999998e-15,1.7955806540182047e-28,0.9205071201416328,1097138129435.4417,3.4382179235727808,5.712232703642602e-06,1.96399008652826e-05
0.5000000000000001,1e-12,1.795580654018205e-26,0.9205071201416326,10971381294.354414,343.8217923325408,5.712232703642602e-06,0.0019639900863869545
0.5000000000000001,1.0000000000000002e-10,1.7955806540182054e-24,0.9205071201416326,109713812.94354412,34382.17898589931,5.712232703642602e-06,0.19639900722574746
0.5000000000000001,1e-08,1.795580654018205e-22,0.9205071201416326,1097138.1294354415,3438215.4250449934,5.712232703642602e-06,19.63988659311046
0.5000000000000001,1e-06,1.795580654018205e-20,0.9205071201416326,10971.381294354414,343796809.5581268,5.712232703642602e-06,1963.8473789659195
0.5000000000000001,1e-05,1.795580654018205e-19,0.9205071201416328,1097.1381294354414,3435721916.616977,5.712232703642602e-06,19625.64309272114
0.5000000000000001,0.0001,1.7955806540182056e-18,0.9205071201416325,109.71381294354411,34134823826.328896,5.712232703642602e-06,194986.05699383462
0.5000000000000001,0.000562,1.0091163275582313e-17,0.9205071201416326,19.522030772872622,185755873633.97183,5.712232703642602e-06,1061080.7762656766
0.5000000000000001,0.000316,5.674034866697528e-18,0.9205071201416326,34.719561058083585,106229527480.15498,5.712232703642602e-06,606807.7809646418
0.5000000000000001,0.0001778,3.192542402844369e-18,0.9205071201416326,61.70630649243201,60355564207.74345,5.712232703642602e-06,344765.027714273
0.5000000000000001,0.0009999999999999998,1.7955806540182046e-17,0.9205071201416326,10.971381294354416,321084730708.4233,5.712232703642602e-06,1834110.6993929336
0.5000000000000001,0.005620000000000001,1.0091163275582314e-16,0.9205071201416328,1.9522030772872618,1408020988508.4507,5.712232703642602e-06,8042943.537973156
0.5000000000000001,0.0031600000000000005,5.67403486669753e-17,0.9205071201416328,3.4719561058083577,894234456314.8735,5.712232703642602e-06,5108075.306085883
0.5000000000000001,0.001778,3.1925424028443685e-17,0.9205071201416328,6.170630649243202,543961225715.8915,5.712232703642602e-06,3107233.1030478305
0.5000000000000001,0.010000000000000002,1.7955806540182053e-16,0.9205071201416326,1.0971381294354412,2082906278776.4536,5.712232703642602e-06,11898045.364249373
0.5500000000000002,1e-18,2.5741732457461994e-32,0.9106987355130296,7652942564201571.0,0.0005401582195945966,5.664187576947249e-06,3.0595574770136584e-09
0.5500000000000002,1.0000000000000001e-16,2.574173245746199e-30,0.9106987355130296,76529425642015.72,0.05401582195945897,5.664187576947249e-06,3.059557477013619e-07
0.5500000000000002,9.999999999999998e-15,2.5741732457461987e-28,0.9106987355130297,765294256420.1573,5.4015821959397305,5.664187576947249e-06,3.0595574770101266e-05
0.5500000000000002,1e-12,2.5741732457461984e-26,0.9106987355130298,7652942564.201573,540.1582195322613,5.664187576947249e-06,0.0030595574766605796
0.5500000000000002,1.0000000000000002e-10,2.5741732457461996e-24,0.9106987355130296,76529425.64201571,54015.82133611219,5.664187576947249e-06,0.30595574417060883
0.5500000000000002,1e-08,2.574173245746199e-22,0.9106987355130296,765294.2564201572,5401575.962482133,5.664187576947249e-06,30.595539462628178
0.5500000000000002,1e-06,2.5741732457461985e-20,0.9106987355130296,7652.942564201573,540095894.8753076,5.664187576947249e-06,3059.204458112925
0.5500000000000002,1e-05,2.574173245746199e-19,0.9106987355130298,765.2942564201572,5395358723.445175,5.664187576947249e-06,30560.32385451213
0.5500000000000002,0.0001,2.5741732457461986e-18,0.9106987355130298,76.52942564201574,53402301010.618484,5.664187576947249e-06,302480.64996474277
0.5500000000000002,0.000562,1.4466853641093635e-17,0.9106987355130298,13.617335523490345,285481150898.7695,5.664187576947249e-06,1617018.788373413
0.5500000000000002,0.000316,8.134387456557989e-18,0.9106987355130296,24.218172671523963,164763061649.4065,5.664187576947249e-06,933248.886934362
0.5500000000000002,0.0001778,4.576880030936742e-18,0.9106987355130296,43.04242162093122,94123962171.98686,5.664187576947249e-06,533135.7772276208
0.5500000000000002,0.0009999999999999998,2.5741732457461985e-17,0.9106987355130296,7.652942564201574,486184412940.00183,5.664187576947249e-06,2753839.71188015
0.5500000000000002,0.005620000000000001,1.4466853641093639e-16,0.9106987355130298,1.3617335523490341,1918889991902.6692,5.664187576947249e-06,10868952.853663506
0.5500000000000002,0.0031600000000000005,8.134387456557988e-17,0.9106987355130298,2.4218172671523965,1279366990238.727,5.664187576947249e-06,7246574.6124665905
0.5500000000000002,0.001778,4.576880030936741e-17,0.9106987355130298,4.304242162093123,804988367534.3188,5.664187576947249e-06,4559605.110974935
0.5500000000000002,0.010000000000000002,2.5741732457461996e-16,0.9106987355130298,0.765294256420157,2649099702990.498,5.664187576947249e-06,15004997.627773426
0.6000000000000002,1e-18,3.62109553552245e-32,0.901916197455013,5440342516994016.0,0.0008268988830683971,5.625118642852695e-06,4.651404322902111e-09
0.6000000000000002,1.0000000000000001e-16,3.62109553552245e-30,0.901916197455013,54403425169940.16,0.08268988830683813,5.625118642852695e-06,4.651404322902022e-07
0.6000000000000002,9.999999999999998e-15,3.6210955355224494e-28,0.901916197455013,544034251699.4017,8.268988830669187,5.625118642852695e-06,4.651404322893795e-05
0.6000000000000002,1e-12,3.6210955355224493e-26,0.901916197455013,5440342516.994017,826.8988829208726,5.625118642852695e-06,0.004651404322072268
0.6000000000000002,1.0000000000000002e-10,3.62109553552245e-24,0.901916197455013,54403425.16994016,82689.886831638,5.625118642852695e-06,0.46514042399202643
0.6000000000000002,1e-08,3.62109553552245e-22,0.901916197455013,544034.2516994015,8268974.078703639,5.625118642852695e-06,46.513960247381526
0.6000000000000002,1e-06,3.6210955355224494e-20,0.901916197455013,5440.3425169940165,826751399.5638009,5.625118642852695e-06,4650.574710690894
0.6000000000000002,1e-05,3.6210955355224497e-19,0.901916197455013,544.0342516994016,8254273378.090379,5.625118642852695e-06,46431.26706229888
0.6000000000000002,0.0001,3.62109553552245e-18,0.901916197455013,54.40342516994016,81250271094.20105,5.625118642852695e-06,457042.41466882575
0.6000000000000002,0.000562,2.0350556909636166e-17,0.901916197455013,9.68032476333455,423675017521.1914,5.625118642852695e-06,2383222.239569396
0.6000000000000002,0.000316,1.144266189225094e-17,0.901916197455013,17.21627378795575,247624162185.83313,5.625118642852695e-06,1392915.2911323092
0.6000000000000002,0.0001778,6.4383078621589165e-18,0.901916197455013,30.598101895354418,142554568305.62354,5.625118642852695e-06,801886.3597997809
0.6000000000000002,0.0009999999999999998,3.621095535522449e-17,0.901916197455013,5.440342516994017,707437281639.1538,5.625118642852695e-06,3979418.6415974363
0.6000000000000002,0.005620000000000001,2.0350556909636172e-16,0.901916197455013,0.9680324763334547,2447286433216.652,5.625118642852695e-06,13766276.539887466
0.6000000000000002,0.0031600000000000005,1.1442661892250944e-16,0.9019161974550128,1.7216273787955743,1732946937240.0115,5.625118642852695e-06,9748032.123743268
0.6000000000000002,0.001778,6.438307862158916e-17,0.901916197455013,3.059810189535442,1137455851365.1062,5.625118642852695e-06,6398324.114935743
0.6000000000000002,0.010000000000000002,3.6210955355224506e-16,0.901916197455013,0.5440342516994016,3103509739903.8896,5.625118642852695e-06,17457610.496208288
0.6500000000000001,1e-18,4.990867413845239e-32,0.893813068887204,3947209646433391.5,0.0012328387636198334,5.5614489714509244e-06,6.856369873898351e-09
0.6500000000000001,1.0000000000000001e-16,4.990867413845237e-30,0.8938130688872041,39472096464333.92,0.12328387636197996,5.5614489714509244e-06,6.856369873898164e-07
0.6500000000000001,9.999999999999998e-15,4.990867413845237e-28,0.893813068887204,394720964643.3393,12.328387636165242,5.5614489714509244e-06,6.856369873879949e-05
0.6500000000000001,1e-12,4.990867413845238e-26,0.893813068887204,3947209646.433392,1232.8387632888848,5.5614489714509244e-06,0.0068563698720577985
0.6500000000000001,1.0000000000000002e-10,4.990867413845238e-24,0.8938130688872042,39472096.46433392,123283.87305252157,5.5614489714509244e-06,0.6856369689844324
0.6500000000000001,1e-08,4.9908674138452365e-22,0.8938130688872044,394720.96464333934,12328354.541708011,5.5614489714509244e-06,68.56351468566436
0.6500000000000001,1e-06,4.990867413845237e-20,0.8938130688872042,3947.209646433393,1232507941.2978027,5.5614489714509244e-06,6854.530022435762
0.6500000000000001,1e-05,4.990867413845237e-19,0.8938130688872041,394.72096464333924,12295416329.115646,5.5614489714509244e-06,68380.33049712112
0.6500000000000001,0.0001,4.990867413845237e-18,0.8938130688872042,39.47209646433393,120092813105.99097,5.5614489714509244e-06,667890.0519269615
0.6500000000000001,0.000562,2.804867486581023e-17,0.8938130688872044,7.0235047089562155,605775312674.4642,5.5614489714509244e-06,3368988.489603761
0.6500000000000001,0.000316,1.577114102775095e-17,0.893813068887204,12.49116976719428,359939772938.3842,5.5614489714509244e-06,2001786.6799924562
0.6500000000000001,0.0001778,8.873762261816833e-18,0.8938130688872041,22.200279226284547,209379904829.5705,5.5614489714509244e-06,1164455.6563569072
0.6500000000000001,0.0009999999999999998,4.990867413845235e-17,0.8938130688872042,3.9472096464333943,986655092736.2499,5.5614489714509244e-06,5487231.950674834
0.6500000000000001,0.005620000000000001,2.8048674865810233e-16,0.8938130688872042,0.7023504708956215,2908304630402.239,5.5614489714509244e-06,16174387.795416491
0.6500000000000001,0.0031600000000000005,1.5771141027750953e-16,0.8938130688872041,1.249116976719428,2214569096865.7104,5.5614489714509244e-06,12316213.025970807
0.6500000000000001,0.001778,8.873762261816833e-17,0.893813068887204,2.2200279226284545,1530236239503.9126,5.5614489714509244e-06,8510330.760265965
0.6500000000000001,0.010000000000000002,4.990867413845238e-16,0.8938130688872041,0.39472096464333917,3331704288991.233,5.5614489714509244e-06,18529103.391188927
0.7000000000000002,1e-18,6.732242557357889e-32,0.8859723422313637,2926216610907642.5,0.0017891310726481165,5.451014376964604e-06,9.752579199278986e-09
0.7000000000000002,1.0000000000000001e-16,6.732242557357889e-30,0.8859723422313637,29262166109076.42,0.1789131072648047,5.451014376964604e-06,9.752579199278608e-07
0.7000000000000002,9.999999999999998e-15,6.732242557357889e-28,0.8859723422313636,292621661090.7642,17.891310726410904,5.451014376964604e-06,9.752579199240688e-05
0.7000000000000002,1e-12,6.73224255735789e-26,0.8859723422313636,2926216610.907642,1789.131071944787,5.451014376964604e-06,0.009752579195445128
0.7000000000000002,1.0000000000000002e-10,6.73224255735789e-24,0.8859723422313637,29262166.109076418,178913.1002315099,5.451014376964604e-06,0.9752578815892696
0.7000000000000002,1e-08,6.732242557357889e-22,0.8859723422313637,292621.6610907642,17891240.393843826,5.451014376964604e-06,97.52540860857256
0.7000000000000002,1e-06,6.732242557357888e-20,0.8859723422313637,2926.2166109076425,1788428127.9731703,5.451014376964604e-06,9748.747437749644
0.7000000000000002,1e-05,6.732242557357889e-19,0.8859723422313637,292.62166109076423,17821360921.389614,5.451014376964604e-06,97144.49459956995
0.7000000000000002,0.0001,6.7322425573578895e-18,0.8859723422313637,29.262166109076418,172241080712.00385,5.451014376964604e-06,938888.6072650538
0.7000000000000002,0.000562,3.7835203172351336e-17,0.8859723422313637,5.206791122611463,832932920691.8008,5.451014376964604e-06,4540329.325738125
0.7000000000000002,0.000316,2.1273886481250927e-17,0.8859723422313637,9.260179148441907,505155213502.82764,5.451014376964604e-06,2753608.3314025374
0.7000000000000002,0.0001778,1.1969927266982326e-17,0.8859723422313638,16.457911197455807,297808001880.19366,5.451014376964604e-06,1623355.6998240375
0.7000000000000002,0.0009999999999999998,6.732242557357888e-17,0.8859723422313637,2.926216610907643,1316481949650.1,5.451014376964604e-06,7176162.034557087
0.7000000000000002,0.005620000000000001,3.783520317235134e-16,0.8859723422313637,0.5206791122611462,3211577922125.3086,5.451014376964604e-06,17506357.42624717
0.7000000000000002,0.0031600000000000005,2.1273886481250932e-16,0.8859723422313637,0.9260179148441904,2663465406586.086,5.451014376964604e-06,14518588.22384863
0.7000000000000002,0.001778,1.1969927266982325e-16,0.8859723422313637,1.6457911197455808,1955864450250.778,5.451014376964604e-06,10661445.237710964
0.7000000000000002,0.010000000000000002,6.7322425573578905e-16,0.8859723422313636,0.29262166109076415,3270329345923.85,5.451014376964604e-06,17826612.282040156
0.7500000000000002,1e-18,8.900653241063568e-32,0.8782234288868787,2213320693037804.8,0.002532557371394523,5.340579782478285e-06,1.3525324695635939e-08
0.7500000000000002,1.0000000000000001e-16,8.900653241063567e-30,0.8782234288868788,22133206930378.05,0.25325573713943783,5.340579782478285e-06,1.3525324695635165e-06
0.7500000000000002,9.999999999999998e-15,8.900653241063567e-28,0.8782234288868787,221332069303.78052,25.325573713803067,5.340579782478285e-06,0.00013525324695560015
0.7500000000000002,1e-12,8.900653241063568e-26,0.8782234288868785,2213320693.0378046,2532.5573699724114,5.340579782478285e-06,0.013525324688041037
0.7500000000000002,1.0000000000000002e-10,8.900653241063567e-24,0.8782234288868788,22133206.93037805,253255.7229183444,5.340579782478285e-06,1.3525323936146325
0.7500000000000002,1e-08,8.900653241063568e-22,0.8782234288868787,221332.06930378047,25325431.50396248,5.340579782478285e-06,135.25248747260065
0.7500000000000002,1e-06,8.900653241063566e-20,0.8782234288868787,2213.320693037805,2531136374.67048,5.340579782478285e-06,13517.735749260544
0.7500000000000002,1e-05,8.900653241063569e-19,0.8782234288868787,221.33206930378046,25184467223.80202,5.340579782478285e-06,134499.65648792408
0.7500000000000002,0.0001,8.900653241063567e-18,0.8782234288868787,22.13320693037805,240051074582.31195,5.340579782478285e-06,1282011.915676482
0.7500000000000002,0.000562,5.0021671214777254e-17,0.8782234288868787,3.9382930481099727,1102417564044.3733,5.340579782478285e-06,5887548.95438434
0.7500000000000002,0.000316,2.812606424176087e-17,0.8782234288868787,7.004179408347484,685204917979.7294,5.340579782478285e-06,3659391.531817234
0.7500000000000002,0.0001778,1.582536146261102e-17,0.8782234288868787,12.448372851731188,410675993171.52606,5.340579782478285e-06,2193247.9062810424
0.7500000000000002,0.0009999999999999998,8.900653241063565e-17,0.8782234288868787,2.2133206930378053,1681809496517.5354,5.340579782478285e-06,8981837.795081533
0.7500000000000002,0.005620000000000001,5.002167121477726e-16,0.8782234288868784,0.39382930481099726,3295037275090.813,5.340579782478285e-06,17597409.453862336
0.7500000000000002,0.0031600000000000005,2.812606424176087e-16,0.8782234288868787,0.7004179408347485,3015025848490.7383,5.340579782478285e-06,16101986.090099072
0.7500000000000002,0.001778,1.5825361462611023e-16,0.8782234288868787,1.2448372851731186,2376089310609.744,5.340579782478285e-06,12689694.533605164
0.7500000000000002,0.010000000000000002,8.900653241063568e-16,0.8782234288868787,0.22133206930378047,2941553120983.6685,5.340579782478285e-06,15709599.127011279
0.8000000000000002,1e-18,1.171683707219825e-31,0.8722624800115935,1681341122916544.2,0.003561507629105835,5.224209806627357e-06,1.860606308235285e-08
0.8000000000000002,1.0000000000000001e-16,1.171683707219825e-29,0.8722624800115937,16813411229165.443,0.3561507629105541,5.224209806627357e-06,1.8606063082351313e-06
0.8000000000000002,9.999999999999998e-15,1.1716837072198248e-27,0.8722624800115935,168134112291.65445,35.615076290774994,5.224209806627357e-06,0.00018606063082204818
0.8000000000000002,1e-12,1.1716837072198248e-25,0.8722624800115935,1681341122.9165444,3561.50762627324,5.224209806627357e-06,0.01860606306755478
0.8000000000000002,1.0000000000000002e-10,1.1716837072198252e-23,0.8722624800115933,16813411.22916544,356150.73458476155,5.224209806627357e-06,1.8606061602552482
0.8000000000000002,1e-08,1.1716837072198249e-21,0.8722624800115935,168134.11229165443,35614793.03595961,5.224209806627357e-06,186.05915103946387
0.8000000000000002,1e-06,1.1716837072198251e-19,0.8722624800115932,1681.341122916544,3558678192.088909,5.224209806627357e-06,18591.28150974179
0.8000000000000002,1e-05,1.171683707219825e-18,0.8722624800115935,168.13411229165442,35334924990.41253,5.224209806627357e-06,184597.06165135518
0.8000000000000002,0.0001,1.1716837072198249e-17,0.8722624800115935,16.813411229165443,330592367405.76294,5.224209806627357e-06,1727083.887797341
0.8000000000000002,0.000562,6.584862434575415e-17,0.8722624800115935,2.991710183125524,1423680712568.0073,5.224209806627357e-06,7437606.740104007
0.8000000000000002,0.000316,3.7025205148146465e-17,0.8722624800115935,5.320699756065014,911851030647.9224,5.224209806627357e-06,4763701.096494138
0.8000000000000002,0.0001778,2.0832536314368486e-17,0.8722624800115935,9.456361771184165,557903839289.6865,5.224209806627357e-06,2914606.708372233
0.8000000000000002,0.0009999999999999998,1.1716837072198247e-16,0.8722624800115935,1.6813411229165447,2080668562506.1167,5.224209806627357e-06,10869849.1085857
0.8000000000000002,0.005620000000000001,6.584862434575416e-16,0.8722624800115935,0.2991710183125524,3141591998659.238,5.224209806627357e-06,16412335.727817629
0.8000000000000002,0.0031600000000000005,3.7025205148146473e-16,0.8722624800115935,0.5320699756065013,3226486949299.4873,5.224209806627357e-06,16855844.761485565
0.8000000000000002,0.001778,2.0832536314368488e-16,0.8722624800115935,0.9456361771184163,2766967174261.602,5.224209806627357e-06,14455217.046393448
0.8000000000000002,0.010000000000000002,1.171683707219825e-15,0.8722624800115935,0.1681341122916544,2419371488584.561,5.224209806627357e-06,12639304.25653809
0.8500000000000002,1e-18,1.6112197545505096e-31,0.8742180046414788,1222676170917220.0,0.005260168210081256,5.105703463978461e-06,2.6856859051321248e-08
0.8500000000000002,1.0000000000000001e-16,1.6112197545505094e-29,0.8742180046414789,12226761709172.2,0.5260168210080626,5.105703463978461e-06,2.685685905131803e-06
0.8500000000000002,9.999999999999998e-15,1.6112197545505088e-27,0.8742180046414791,122267617091.72205,52.60168210019591,5.105703463978461e-06,0.00026856859051006403
0.8500000000000002,1e-12,1.6112197545505092e-25,0.874218004641479,1222676170.91722,5260.168203913926,5.105703463978461e-06,0.02685685901983269
0.8500000000000002,1.0000000000000002e-10,1.6112197545505095e-23,0.8742180046414789,12226761.709172199,526016.759334838,5.105703463978461e-06,2.6856855902466066
0.8500000000000002,1e-08,1.6112197545505096e-21,0.8742180046414788,122267.61709172199,52601065.37796507,5.105703463978461e-06,268.56544170923377
0.8500000000000002,1e-06,1.6112197545505094e-19,0.8742180046414788,1222.67617091722,5254010981.486743,5.105703463978461e-06,26825.422067957737
0.8500000000000002,1e-05,1.6112197545505094e-18,0.874218004641479,122.267617091722,51994868543.26017,5.105703463978461e-06,265470.38043042814
0.8500000000000002,0.0001,1.6112197545505096e-17,0.8742180046414789,12.226761709172198,472748927923.8146,5.105703463978461e-06,2413715.838892724
0.8500000000000002,0.000562,9.055055020573863e-17,0.8742180046414789,2.1755803752975442,1858119631025.3713,5.105703463978461e-06,9487007.836612618
0.8500000000000002,0.000316,5.09145442437961e-17,0.8742180046414789,3.869228388978544,1241285943091.6768,5.105703463978461e-06,6337637.939430945
0.8500000000000002,0.0001778,2.864748723590806e-17,0.8742180046414789,6.876693874675028,782054261287.9556,5.105703463978461e-06,3992937.150877031
0.8500000000000002,0.0009999999999999998,1.6112197545505092e-16,0.8742180046414788,1.2226761709172203,2558068680359.0513,5.105703463978461e-06,13060740.122404018
0.8500000000000002,0.005620000000000001,9.055055020573863e-16,0.8742180046414791,0.21755803752975444,2718581678569.8643,5.105703463978461e-06,13880271.893382534
0.8500000000000002,0.0031600000000000005,5.091454424379611e-16,0.874218004641479,0.3869228388978544,3250293722884.1274,5.105703463978461e-06,16595035.919876937
0.8500000000000002,0.001778,2.864748723590806e-16,0.8742180046414788,0.6876693874675027,3128752182239.7437,5.105703463978461e-06,15974480.854791628
0.8500000000000002,0.010000000000000002,1.6112197545505094e-15,0.8742180046414789,0.122267617091722,1739931089620.2688,5.105703463978461e-06,8883572.191358024
0.9000000000000002,1e-18,2.2114876184439656e-31,0.878043091386365,890803088188266.8,0.007745885596314775,4.994324254391541e-06,3.868546430541697e-08
0.9000000000000002,1.0000000000000001e-16,2.211487618443965e-29,0.8780430913863654,8908030881882.67,0.7745885596313441,4.994324254391541e-06,3.86854643054103e-06
0.9000000000000002,9.999999999999998e-15,2.211487618443965e-27,0.878043091386365,89080308818.8267,77.45885596181579,4.994324254391541e-06,0.00038685464304751737
0.9000000000000002,1e-12,2.2114876184439647e-25,0.8780430913863654,890803088.1882671,7745.885582994624,4.994324254391541e-06,0.03868546423889181
0.9000000000000002,1.0000000000000002e-10,2.2114876184439654e-23,0.8780430913863652,8908030.88188267,774588.426429845,4.994324254391541e-06,3.8685457652895527
0.9000000000000002,1e-08,2.211487618443965e-21,0.8780430913863654,89080.3088188267,77457523.9785913,4.994324254391541e-06,386.84799069139285
0.9000000000000002,1e-06,2.2114876184439646e-19,0.8780430913863654,890.8030881882672,7732597437.472867,4.994324254391541e-06,38619.098931416615
0.9000000000000002,1e-05,2.2114876184439652e-18,0.8780430913863654,89.0803088188267,76158008043.77078,4.994324254391541e-06,380357.78673915047
0.9000000000000002,0.0001,2.211487618443965e-17,0.8780430913863653,8.90803088188267,666083158906.5167,4.994324254391541e-06,3326635.275968551
0.9000000000000002,0.000562,1.2428560415655083e-16,0.8780430913863653,1.5850588757798345,2333525445950.781,4.994324254391541e-06,11654382.732951822
0.9000000000000002,0.000316,6.988300874282929e-17,0.8780430913863654,2.8189971145198323,1643000718643.883,4.994324254391541e-06,8205678.339105877
0.9000000000000002,0.0001778,3.9320249855933693e-17,0.8780430913863654,5.010141103421075,1074053146163.9392,4.994324254391541e-06,5364169.678392104
0.9000000000000002,0.0009999999999999998,2.2114876184439644e-16,0.8780430913863654,0.8908030881882673,2983429699646.862,4.994324254391541e-06,14900215.310218392
0.9000000000000002,0.005620000000000001,1.2428560415655084e-15,0.8780430913863653,0.15850588757798345,2098042838062.2773,4.994324254391541e-06,10478306.232886896
0.9000000000000002,0.0031600000000000005,6.988300874282931e-16,0.878043091386365,0.28189971145198317,2979557236790.5645,4.994324254391541e-06,14880874.975050956
0.9000000000000002,0.001778,3.93202498559337e-16,0.8780430913863653,0.5010141103421074,3292431671979.841,4.994324254391541e-06,16443471.355295813
0.9000000000000002,0.010000000000000002,2.2114876184439656e-15,0.8780430913863653,0.08908030881882668,1095333544213.3762,4.994324254391541e-06,5470450.886513514
0.9500000000000003,1e-18,2.979527765020399e-31,0.8813825060547101,661178601229283.2,0.011158000523312497,4.8926241359638265e-06,5.459190266945573e-08
0.9500000000000003,1.0000000000000001e-16,2.9795277650203994e-29,0.88138250605471,6611786012292.832,1.1158000523309786,4.8926241359638265e-06,5.459190266944246e-06
0.9500000000000003,9.999999999999998e-15,2.9795277650203984e-27,0.8813825060547102,66117860122.92834,111.58000523037063,4.8926241359638265e-06,0.0005459190266810814
0.9500000000000003,1e-12,2.979527765020399e-25,0.8813825060547099,661178601.2292832,11158.00049576616,4.8926241359638265e-06,0.05459190253468186
0.9500000000000003,1.0000000000000002e-10,2.9795277650204e-23,0.8813825060547099,6611786.012292831,1115799.776867858,4.8926241359638265e-06,5.459188919206734
0.9500000000000003,1e-08,2.9795277650203992e-21,0.88138250605471,66117.86012292832,111577250.69364236,4.8926241359638265e-06,545.9055497682012
0.9500000000000003,1e-06,2.9795277650203987e-19,0.88138250605471,661.1786012292833,11130549204.310469,4.8926241359638265e-06,54457.59368354236
0.9500000000000003,1e-05,2.979527765020399e-18,0.8813825060547102,66.11786012292832,108916858669.86128,4.8926241359638265e-06,532889.2515415243
0.9500000000000003,0.0001,2.9795277650203996e-17,0.8813825060547099,6.611786012292831,907054834025.7161,4.8926241359638265e-06,4437878.3735968815
0.9500000000000003,0.000562,1.6744946039414645e-16,0.8813825060547099,1.1764743794115358,2772582331481.3877,4.8926241359638265e-06,13565203.233952696
0.9500000000000003,0.000316,9.415307737464459e-17,0.8813825060547102,2.092337345662289,2076805542970.1462,4.8926241359638265e-06,10161028.925239198
0.9500000000000003,0.0001778,5.29760036620627e-17,0.8813825060547101,3.718664798814866,1418431667339.806,4.8926241359638265e-06,6939853.010842147
0.9500000000000003,0.0009999999999999998,2.979527765020398e-16,0.8813825060547101,0.6611786012292834,3250719743443.84,4.8926241359638265e-06,15904549.876027469
0.9500000000000003,0.005620000000000001,1.6744946039414645e-15,0.88138250605471,0.11764743794115358,1456472726716.9504,4.8926241359638265e-06,7125973.616108398
0.9500000000000003,0.0031600000000000005,9.415307737464464e-16,0.8813825060547099,0.20923373456622882,2479114343016.5312,4.8926241359638265e-06,12129374.670456786
0.9500000000000003,0.001778,5.29760036620627e-16,0.88138250605471,0.3718664798814866,3187402276793.989,4.8926241359638265e-06,15594761.310468322
0.9500000000000003,0.010000000000000002,2.9795277650203997e-15,0.88138250605471,0.06611786012292831,611692881679.4727,4.8926241359638265e-06,2992783.356702253
1.0000000000000004,1e-18,3.2239520510029115e-31,0.8583262482252811,611051271493684.1,0.012491500691591606,4.747533417640684e-06,5.930381696981287e-08
1.0000000000000004,1.0000000000000001e-16,3.2239520510029117e-29,0.8583262482252811,6110512714936.841,1.249150069158809,4.747533417640684e-06,5.930381696979618e-06
1.0000000000000004,9.999999999999998e-15,3.2239520510029113e-27,0.8583262482252809,61105127149.36842,124.91500691236936,4.747533417640684e-06,0.0005930381696812907
1.0000000000000004,1e-12,3.2239520510029115e-25,0.858326248225281,611051271.4936842,12491.500656125867,4.747533417640684e-06,0.059303816801438085
1.0000000000000004,1.0000000000000002e-10,3.223952051002912e-23,0.858326248225281,6110512.71493684,1249149.7145022866,4.747533417640684e-06,5.930380013235926
1.0000000000000004,1e-08,3.223952051002912e-21,0.858326248225281,61105.12714936841,124911460.48721863,4.747533417640684e-06,593.0213329093743
1.0000000000000004,1e-06,3.223952051002911e-19,0.8583262482252811,611.0512714936842,12456175803.580862,4.747533417640684e-06,59136.11088350745
1.0000000000000004,1e-05,3.223952051002912e-18,0.858326248225281,61.10512714936841,121503235131.08401,4.747533417640684e-06,576840.669136275
1.0000000000000004,0.0001,3.223952051002912e-17,0.858326248225281,6.11051271493684,989122380227.4215,4.747533417640684e-06,4695891.554265979
1.0000000000000004,0.000562,1.8118610526636362e-16,0.8583262482252811,1.0872798425154522,2844119090255.6055,4.747533417640684e-06,13502550.424738308
1.0000000000000004,0.000316,1.0187688481169201e-16,0.8583262482252809,1.9337065553597599,2190106467190.0256,4.747533417640684e-06,10397603.641175628
1.0000000000000004,0.0001778,5.732186746683177e-17,0.858326248225281,3.43673381042567,1525516707533.782,4.747533417640684e-06,7242441.54818582
1.0000000000000004,0.0009999999999999998,3.2239520510029114e-16,0.8583262482252809,0.6110512714936842,3208836012321.3237,4.747533417640684e-06,15234056.200224359
1.0000000000000004,0.005620000000000001,1.8118610526636366e-15,0.858326248225281,0.1087279842515452,1189404111094.5254,4.747533417640684e-06,5646735.764500472
1.0000000000000004,0.0031600000000000005,1.0187688481169202e-15,0.858326248225281,0.19337065553597596,2181872403004.838,4.747533417640684e-06,10358512.14629345
1.0000000000000004,0.001778,5.732186746683177e-16,0.858326248225281,0.343673381042567,2988935982279.9546,4.747533417640684e-06,14190073.459062768
1.0000000000000004,0.010000000000000002,3.2239520510029123e-15,0.8583262482252811,0.0611051271493684,455175590224.9144,4.747533417640684e-06,2160961.325487104
1.0500000000000003,1e-18,4.124480852527086e-31,0.8586632786041497,477635869928447.6,0.01694643230480071,4.584662129604224e-06,7.769366641972144e-08
1.0500000000000003,1.0000000000000001e-16,4.124480852527086e-29,0.8586632786041497,4776358699284.477,1.694643230479428,4.584662129604224e-06,7.769366641969196e-06
1.0500000000000003,9.999999999999998e-15,4.1244808525270856e-27,0.8586632786041496,47763586992.844765,169.46432304148044,4.584662129604224e-06,0.0007769366641672919
1.0500000000000003,1e-12,4.1244808525270857e-25,0.8586632786041496,477635869.92844766,16946.432239526464,4.584662129604224e-06,0.07769366612046108
1.0500000000000003,1.0000000000000002e-10,4.124480852527086e-23,0.8586632786041497,4776358.699284476,1694642.5777375365,4.584662129604224e-06,7.769363649368166
1.0500000000000003,1e-08,4.1244808525270855e-21,0.8586632786041497,47763.586992844765,169457795.97286445,4.584662129604224e-06,776.9067397629908
1.0500000000000003,1e-06,4.1244808525270853e-19,0.8586632786041497,477.6358699284477,16881509496.60123,4.584662129604224e-06,77396.01727962172
1.0500000000000003,1e-05,4.124480852527086e-18,0.8586632786041496,47.763586992844765,163268284434.60468,4.584662129604224e-06,748529.9206127828
1.0500000000000003,0.0001,4.1244808525270855e-17,0.8586632786041497,4.776358699284477,1253819622707.9043,4.584662129604224e-06,5748339.341583585
1.0500000000000003,0.000562,2.317958239120222e-16,0.8586632786041497,0.849885889552398,3095379950589.81,4.584662129604224e-06,14191271.236205297
1.0500000000000003,0.000316,1.303335949398559e-16,0.8586632786041497,1.5115059174950876,2553121647645.575,4.584662129604224e-06,11705200.130233407
1.0500000000000003,0.0001778,7.333326955793158e-17,0.8586632786041497,2.686365972600943,1867793232561.365,4.584662129604224e-06,8563200.899255145
1.0500000000000003,0.0009999999999999998,4.1244808525270846e-16,0.8586632786041497,0.47763586992844775,3176968068076.968,4.584662129604224e-06,14565325.188674368
1.0500000000000003,0.005620000000000001,2.3179582391202223e-15,0.8586632786041498,0.0849885889552398,752955100230.8931,4.584662129604224e-06,3452044.733320928
1.0500000000000003,0.0031600000000000005,1.3033359493985594e-15,0.8586632786041496,0.1511505917495087,1647478825512.694,4.584662129604224e-06,7553133.780652894
1.0500000000000003,0.001778,7.333326955793158e-16,0.8586632786041497,0.2686365972600943,2616970922736.8945,4.584662129604224e-06,11997927.48374726
1.0500000000000003,0.010000000000000002,4.124480852527087e-15,0.8586632786041496,0.04776358699284475,229400438504.56854,4.584662129604224e-06,1051723.502926498
1.1000000000000005,1e-18,5.215447612582135e-31,0.8589576585886392,377724050999462.6,0.022676586638025447,4.42322473499461e-06,1.0030363892256243e-07
1.1000000000000005,1.0000000000000001e-16,5.215447612582135e-29,0.8589576585886392,3777240509994.6265,2.2676586638013947,4.42322473499461e-06,1.0030363892251156e-05
1.1000000000000005,9.999999999999998e-15,5.2154476125821346e-27,0.8589576585886392,37772405099.946266,226.76586636856703,4.42322473499461e-06,0.001003036389173928
1.1000000000000005,1e-12,5.215447612582135e-25,0.8589576585886392,377724050.9994626,22676.586521138404,4.42322473499461e-06,0.10030363840554476
1.1000000000000005,1.0000000000000002e-10,5.2154476125821357e-23,0.8589576585886392,3777240.5099946256,2267657.4949312694,4.42322473499461e-06,10.030358722075906
1.1000000000000005,1e-08,5.215447612582135e-21,0.8589576585886392,37772.40509994626,226754178.5081289,4.42322473499461e-06,1002.9846911405391
1.1000000000000005,1e-06,5.215447612582135e-19,0.8589576585886392,377.72405099946263,22560541001.992615,4.42322473499461e-06,99790.34299487382
1.1000000000000005,1e-05,5.215447612582135e-18,0.8589576585886392,37.77240509994626,215855518142.00284,4.42322473499461e-06,954777.4670307848
1.1000000000000005,0.0001,5.215447612582135e-17,0.8589576585886392,3.777240509994626,1548001255637.788,4.42322473499461e-06,6847157.443739779
1.1000000000000005,0.000562,2.9310815582711596e-16,0.8589576585886393,0.6721068523122111,3213807553267.109,4.42322473499461e-06,14215393.063123584
1.1000000000000005,0.000316,1.6480814455759546e-16,0.8589576585886392,1.195329275314755,2864961783705.1763,4.42322473499461e-06,12672369.826499013
1.1000000000000005,0.0001778,9.273065855171037e-17,0.8589576585886392,2.1244322328428717,2216196301313.5234,4.42322473499461e-06,9802734.297573546
1.1000000000000005,0.0009999999999999998,5.215447612582133e-16,0.8589576585886393,0.3777240509994627,2971095318482.158,4.42322473499461e-06,13141822.302736972
1.1000000000000005,0.005620000000000001,2.93108155827116e-15,0.8589576585886392,0.0672106852312211,438507186697.8702,4.42322473499461e-06,1939615.8346749188
1.1000000000000005,0.0031600000000000005,1.6480814455759551e-15,0.858957658588639,0.11953292753147549,1159749131484.0884,4.42322473499461e-06,5129831.044768936
1.1000000000000005,0.001778,9.273065855171037e-16,0.8589576585886392,0.21244322328428716,2148541135851.4268,4.42322473499461e-06,9503480.296251446
1.1000000000000005,0.010000000000000002,5.215447612582136e-15,0.8589576585886392,0.037772405099946255,103337135691.80263,4.42322473499461e-06,457083.37463547575
1.1500000000000004,1e-18,6.525505996992259e-31,0.8592162405258095,301892297839893.75,0.02996849753117013,4.268593747119913e-06,1.2792334117213136e-07
1.1500000000000004,1.0000000000000001e-16,6.525505996992258e-29,0.8592162405258097,3018922978398.9385,2.9968497531149896,4.268593747119913e-06,1.27923341172045e-05
1.1500000000000004,9.999999999999998e-15,6.525505996992257e-27,0.8592162405258096,30189229783.989384,299.68497529128604,4.268593747119913e-06,0.0012792334116341693
1.1500000000000004,1e-12,6.525505996992258e-25,0.8592162405258097,301892297.8398938,29968.497327005145,4.268593747119913e-06,0.127923340300634
1.1500000000000004,1.0000000000000002e-10,6.525505996992258e-23,0.8592162405258097,3018922.978398938,2996847.7114678603,4.268593747119913e-06,12.79232540224233
1.1500000000000004,1e-08,6.5255059969922585e-21,0.8592162405258096,30189.22978398938,299664560.7634681,4.268593747119913e-06,1279.146270308375
1.1500000000000004,1e-06,6.525505996992258e-19,0.8592162405258096,301.8922978398938,29766272441.918644,4.268593747119913e-06,127060.12442064172
1.1500000000000004,1e-05,6.525505996992259e-18,0.8592162405258095,30.189229783989376,281020449886.0318,4.268593747119913e-06,1199562.1351963403
1.1500000000000004,0.0001,6.525505996992258e-17,0.8592162405258096,3.0189229783989378,1861800425165.3333,4.268593747119913e-06,7947269.653245937
1.1500000000000004,0.000562,3.667334370309649e-16,0.8592162405258096,0.5371749071884231,3181231121684.557,4.268593747119913e-06,13579383.274165967
1.1500000000000004,0.000316,2.0620598950495535e-16,0.8592162405258096,0.9553553729110563,3092783582819.3857,4.268593747119913e-06,13201836.662817951
1.1500000000000004,0.0001778,1.1602349662652235e-16,0.8592162405258097,1.6979319338576706,2547959935853.497,4.268593747119913e-06,10876205.850096293
1.1500000000000004,0.0009999999999999998,6.525505996992258e-16,0.8592162405258095,0.3018922978398938,2627373625906.2925,4.268593747119913e-06,11215190.630891373
1.1500000000000004,0.005620000000000001,3.6673343703096496e-15,0.8592162405258096,0.053717490718842305,233845630197.78656,4.268593747119913e-06,998191.9948535872
1.1500000000000004,0.0031600000000000005,2.0620598950495537e-15,0.8592162405258096,0.09553553729110563,762123793409.175,4.268593747119913e-06,3253196.859077713
1.1500000000000004,0.001778,1.1602349662652235e-15,0.8592162405258096,0.16979319338576704,1658993960990.8862,4.268593747119913e-06,7081571.2483953945
1.1500000000000004,0.010000000000000002,6.525505996992259e-15,0.8592162405258095,0.030189229783989375,41244863364.72643,4.268593747119913e-06,176057.56585948644
1.2000000000000004,1e-18,8.086042626404158e-31,0.8594445637418007,243629682777971.4,0.03915809842232158,4.113962759245215e-06,1.610949586322898e-07
1.2000000000000004,1.0000000000000001e-16,8.086042626404157e-29,0.8594445637418008,2436296827779.715,3.9158098422287013,4.113962759245215e-06,1.6109495863214758e-05
1.2000000000000004,9.999999999999998e-15,8.086042626404157e-27,0.8594445637418007,24362968277.797146,391.5809841883578,4.113962759245215e-06,0.0016109495861794934
1.2000000000000004,1e-12,8.086042626404157e-25,0.8594445637418006,243629682.77797145,39158.09807370883,4.113962759245215e-06,0.16109495719810993
1.2000000000000004,1.0000000000000002e-10,8.086042626404159e-23,0.8594445637418007,2436296.827779714,3915806.356105632,4.113962759245215e-06,16.10948152143428
1.2000000000000004,1e-08,8.086042626404158e-21,0.8594445637418007,24362.968277797143,391546127.3006764,4.113962759245215e-06,1610.806186241669
1.2000000000000004,1e-06,8.086042626404157e-19,0.8594445637418007,243.62968277797145,38813804629.59966,4.113962759245215e-06,159678.54679079255
1.2000000000000004,1e-05,8.086042626404158e-18,0.8594445637418008,24.362968277797144,360508116119.9386,4.113962759245215e-06,1483116.964123077
1.2000000000000004,0.0001,8.086042626404157e-17,0.8594445637418007,2.4362968277797146,2181314569763.4963,4.113962759245215e-06,8973846.906206023
1.2000000000000004,0.000562,4.544355956039137e-16,0.8594445637418007,0.43350477362628365,3002006054858.4863,4.113962759245215e-06,12350141.11271646
1.2000000000000004,0.000316,2.5551894699437137e-16,0.8594445637418007,0.7709800087910489,3209666528019.6553,4.113962759245215e-06,13204448.56586875
1.2000000000000004,0.0001778,1.4376983789746594e-16,0.8594445637418007,1.3702456849154747,2837511321176.4805,4.113962759245215e-06,11673415.90425673
1.2000000000000004,0.0009999999999999998,8.086042626404156e-16,0.8594445637418007,0.2436296827779715,2201178496559.4175,4.113962759245215e-06,9055566.361296816
1.2000000000000004,0.005620000000000001,4.5443559560391376e-15,0.8594445637418006,0.04335047736262836,113485366705.6727,4.113962759245215e-06,466874.57234642433
1.2000000000000004,0.0031600000000000005,2.555189469943714e-15,0.8594445637418007,0.07709800087910487,466909208063.92896,4.113962759245215e-06,1920847.0939236796
1.2000000000000004,0.001778,1.4376983789746589e-15,0.8594445637418008,0.13702456849154754,1207630887105.2793,4.113962759245215e-06,4968148.496465382
1.2000000000000004,0.010000000000000002,8.08604262640416e-15,0.8594445637418007,0.024362968277797138,14410294268.333658,4.113962759245215e-06,59283.41396968945
1.2500000000000004,1e-18,9.931301296167207e-31,0.8596471430414528,198362726217991.5,0.05063727386189942,3.960026422385133e-06,2.0052494245067378e-07
1.2500000000000004,1.0000000000000001e-16,9.931301296167207e-29,0.859647143041453,1983627262179.915,5.063727386184176,3.960026422385133e-06,2.0052494245044543e-05
1.2500000000000004,9.999999999999998e-15,9.931301296167204e-27,0.859647143041453,19836272621.799156,506.3727385606964,3.960026422385133e-06,0.0020052494242758768
1.2500000000000004,1e-12,9.931301296167205e-25,0.8596471430414531,198362726.21799156,50637.27327886491,3.960026422385133e-06,0.2005249401418417
1.2500000000000004,1.0000000000000002e-10,9.931301296167207e-23,0.859647143041453,1983627.2621799153,5063721.555847469,3.960026422385133e-06,20.052471156757132
1.2500000000000004,1e-08,9.931301296167207e-21,0.859647143041453,19836.27262179915,506314444.60077196,3.960026422385133e-06,2005.0185786543107
1.2500000000000004,1e-06,9.931301296167207e-19,0.8596471430414528,198.3627262179915,50063551877.23112,3.960026422385133e-06,198252.98823228406
1.2500000000000004,1e-05,9.931301296167205e-18,0.859647143041453,19.836272621799157,455956303342.0926,3.960026422385133e-06,1805599.0086877374
1.2500000000000004,0.0001,9.931301296167207e-17,0.859647143041453,1.9836272621799151,2489220591969.389,3.960026422385133e-06,9857379.315343942
1.2500000000000004,0.000562,5.581391328445969e-16,0.859647143041453,0.35295858757649745,2702461784510.28,3.960026422385133e-06,10701820.072146785
1.2500000000000004,0.000316,3.138291209588837e-16,0.859647143041453,0.627730146259467,3200357028902.4634,3.960026422385133e-06,12673498.395519735
1.2500000000000004,0.0001778,1.765785370458529e-16,0.859647143041453,1.1156508786163755,3059311396181.455,3.960026422385133e-06,12114953.963182513
1.2500000000000004,0.0009999999999999998,9.931301296167203e-16,0.859647143041453,0.1983627262179916,1750902332254.1504,3.960026422385133e-06,6933619.498742188
1.2500000000000004,0.005620000000000001,5.58139132844597e-15,0.859647143041453,0.035295858757649734,49783434214.686676,3.960026422385133e-06,197143.7148872313
1.2500000000000004,0.0031600000000000005,3.1382912095888376e-15,0.859647143041453,0.06277301462594669,265707177909.53574,3.960026422385133e-06,1052207.4451391487
1.2500000000000004,0.001778,1.7657853704585292e-15,0.859647143041453,0.11156508786163753,829540251452.6797,3.960026422385133e-06,3285001.3141846186
1.2500000000000004,0.010000000000000002,9.931301296167207e-15,0.859647143041453,0.019836272621799152,4322352924.405185,3.960026422385133e-06,17116.63178751818
1.3000000000000005,1e-18,1.2098507215289212e-30,0.8598276866759434,162830005796951.34,0.06486118139729928,3.808009012530977e-06,2.469919633243222e-07
1.3000000000000005,1.0000000000000001e-16,1.209850721528921e-28,0.8598276866759434,1628300057969.5137,6.486118139720448,3.808009012530977e-06,2.469919633239612e-05
1.3000000000000005,9.999999999999998e-15,1.2098507215289208e-26,0.8598276866759434,16283000579.695139,648.6118138773334,3.808009012530977e-06,0.00246991963287895
1.3000000000000005,1e-12,1.209850721528921e-24,0.8598276866759434,162830005.79695135,64861.180440594144,3.808009012530977e-06,0.24699195968118043
1.3000000000000005,1.0000000000000002e-10,1.2098507215289211e-22,0.8598276866759436,1628300.0579695136,6486108.572687885,3.808009012530977e-06,24.699159901049896
1.3000000000000005,1e-08,1.2098507215289211e-20,0.8598276866759434,16283.000579695135,648516163.3532679,3.808009012530977e-06,2469.5553948212555
1.3000000000000005,1e-06,1.2098507215289208e-18,0.8598276866759436,162.83000579695138,63923969097.865944,3.808009012530977e-06,243423.05044142518
1.3000000000000005,1e-05,1.2098507215289212e-17,0.8598276866759434,16.283000579695134,568780572186.1998,3.808009012530977e-06,2165921.5450375746
1.3000000000000005,0.0001,1.209850721528921e-16,0.8598276866759434,1.6283000579695137,2765957592358.309,3.808009012530977e-06,10532791.439978924
1.3000000000000005,0.000562,6.799361054992537e-16,0.8598276866759434,0.2897331064002693,2323793356962.1943,3.808009012530977e-06,8849026.04657165
1.3000000000000005,0.000316,3.8231282800313906e-16,0.8598276866759434,0.515284828471365,3065280351426.2476,3.808009012530977e-06,11672615.20416527
1.3000000000000005,0.0001778,2.1511145828784218e-16,0.8598276866759434,0.9158043070694676,3191454557619.3457,3.808009012530977e-06,12153087.71849753
1.3000000000000005,0.0009999999999999998,1.2098507215289209e-15,0.8598276866759434,0.16283000579695137,1324735944943.4546,3.808009012530977e-06,5044606.417568415
1.3000000000000005,0.005620000000000001,6.799361054992537e-15,0.8598276866759434,0.028973310640026926,19567581129.522755,3.808009012530977e-06,74513.52529465372
1.3000000000000005,0.0031600000000000005,3.823128280031391e-15,0.8598276866759434,0.0515284828471365,139772688696.7219,3.808009012530977e-06,532255.6582628036
1.3000000000000005,0.001778,2.1511145828784216e-15,0.8598276866759434,0.09158043070694677,537254302627.1376,3.808009012530977e-06,2045869.2264251849
1.3000000000000005,0.010000000000000002,1.2098507215289214e-14,0.8598276866759433,0.01628300057969513,1082462984.2901485,3.808009012530977e-06,4122.028799908063
1.3500000000000005,1e-18,1.4627993747370424e-30,0.8599892862643458,134673286988117.12,0.08235648367429617,3.655070563106988e-06,3.0101875915892115e-07
1.3500000000000005,1.0000000000000001e-16,1.4627993747370421e-28,0.8599892862643459,1346732869881.1714,8.235648367414335,3.655070563106988e-06,3.0101875915836257e-05
1.3500000000000005,9.999999999999998e-15,1.462799374737042e-26,0.8599892862643459,13467328698.811716,823.5648365887192,3.655070563106988e-06,0.0030101875910254444
1.3500000000000005,1e-12,1.4627993747370419e-24,0.859989286264346,134673286.9881172,82356.48213168395,3.655070563106988e-06,0.3010187535205647
1.3500000000000005,1.0000000000000002e-10,1.462799374737042e-22,0.859989286264346,1346732.8698811715,8235632.941333311,3.655070563106988e-06,30.101819532421604
1.3500000000000005,1e-08,1.462799374737042e-20,0.859989286264346,13467.328698811716,823410616.3771932,3.655070563106988e-06,3009.6239052700594
1.3500000000000005,1e-06,1.462799374737042e-18,0.859989286264346,134.67328698811716,80853562807.28516,3.655070563106988e-06,295525.47733922995
1.3500000000000005,1e-05,1.4627993747370422e-17,0.8599892862643459,13.467328698811714,700044330223.4733,3.655070563106988e-06,2558711.4242697647
1.3500000000000005,0.0001,1.4627993747370423e-16,0.8599892862643459,1.3467328698811714,2991462049882.2607,3.655070563106988e-06,10934004.87917634
1.3500000000000005,0.000562,8.220932486022177e-16,0.8599892862643459,0.2396321832528775,1911615336167.9753,3.655070563106988e-06,6987088.943211435
1.3500000000000005,0.000316,4.622446024169053e-16,0.8599892862643458,0.4261812879370796,2820974314849.415,3.655070563106988e-06,10310860.177487
1.3500000000000005,0.0001778,2.600857288282461e-16,0.8599892862643459,0.7574425589882854,3219496199278.252,3.655070563106988e-06,11767485.786016768
1.3500000000000005,0.0009999999999999998,1.4627993747370418e-15,0.8599892862643459,0.13467328698811717,954232567809.3586,3.655070563106988e-06,3487787.3689579796
1.3500000000000005,0.005620000000000001,8.220932486022178e-15,0.8599892862643459,0.023963218325287746,6797563757.285316,3.655070563106988e-06,24845.575190096493
1.3500000000000005,0.0031600000000000005,4.622446024169054e-15,0.8599892862643459,0.04261812879370795,67609887162.14733,3.655070563106988e-06,247118.90834134974
1.3500000000000005,0.001778,2.6008572882824608e-15,0.8599892862643461,0.07574425589882855,327200877238.0295,3.655070563106988e-06,1195942.2946155048
1.3500000000000005,0.010000000000000002,1.4627993747370423e-14,0.8599892862643459,0.013467328698811712,218728203.074389,3.655070563106988e-06,799.4670163784866
1.4000000000000006,1e-18,1.756337295961674e-30,0.8601348931062257,112165243232583.97,0.10373093597490646,3.470848533716435e-06,3.6003436702953746e-07
1.4000000000000006,1.0000000000000001e-16,1.756337295961674e-28,0.8601348931062256,1121652432325.8398,10.373093597466402,3.470848533716435e-06,3.60034367028696e-05
1.4000000000000006,9.999999999999998e-15,1.7563372959616735e-26,0.8601348931062257,11216524323.2584,1037.3093595043376,3.470848533716435e-06,0.0036003436694459646
1.4000000000000006,1e-12,1.756337295961674e-24,0.8601348931062255,112165243.23258397,103730.93352739039,3.470848533716435e-06,0.3600343585345799
1.4000000000000006,1.0000000000000002e-10,1.7563372959616743e-22,0.8601348931062256,1121652.4323258395,10373069.12238601,3.470848533716435e-06,36.00335175357271
1.4000000000000006,1e-08,1.756337295961674e-20,0.8601348931062257,11216.524323258398,1037064689.9432936,3.470848533716435e-06,3599.4944584587697
1.4000000000000006,1e-06,1.7563372959616737e-18,0.8601348931062257,112.165243232584,101362182170.25316,3.470848533716435e-06,351812.7813599213
1.4000000000000006,1e-05,1.756337295961674e-17,0.8601348931062256,11.216524323258398,850318934140.204,3.470848533716435e-06,2951328.225751849
1.4000000000000006,0.0001,1.7563372959616739e-16,0.8601348931062257,1.1216524323258399,3147411113575.132,3.470848533716435e-06,10924187.248555059
1.4000000000000006,0.000562,9.870615603304606e-16,0.8601348931062258,0.199582283332,1506535829418.7476,3.470848533716435e-06,5228957.674529333
1.4000000000000006,0.000316,5.550025855238889e-16,0.8601348931062256,0.35495330136893666,2496395177763.332,3.470848533716435e-06,8664609.54231664
1.4000000000000006,0.0001778,3.1227677122198563e-16,0.8601348931062256,0.6308506368536781,3139526809130.805,3.470848533716435e-06,10896822.022035092
1.4000000000000006,0.0009999999999999998,1.7563372959616735e-15,0.8601348931062257,0.112165243232584,654157435575.9347,3.470848533716435e-06,2270481.376088436
1.4000000000000006,0.005620000000000001,9.870615603304609e-15,0.8601348931062257,0.019958228333199993,2045918141.853787,3.470848533716435e-06,7101.071982757069
1.4000000000000006,0.0031600000000000005,5.550025855238891e-15,0.8601348931062256,0.03549533013689366,29884117957.467003,3.470848533716435e-06,103723.24699408333
1.4000000000000006,0.001778,3.1227677122198562e-15,0.8601348931062256,0.06308506368536781,186676288267.18106,3.470848533716435e-06,647925.1214117719
1.4000000000000006,0.010000000000000002,1.756337295961674e-14,0.8601348931062256,0.011216524323258396,34372975.577283785,3.470848533716435e-06,119.30339188188626
1.4500000000000006,1e-18,2.0952235059080924e-30,0.8602709453154703,94023381965934.03,0.12968812022268392,3.286361062511849e-06,4.2620198857018394e-07
1.4500000000000006,1.0000000000000001e-16,2.0952235059080924e-28,0.8602709453154704,940233819659.3402,12.968812022230571,3.286361062511849e-06,4.26201988568941e-05
1.4500000000000006,9.999999999999998e-15,2.0952235059080918e-26,0.8602709453154704,9402338196.593405,1296.8812018442768,3.286361062511849e-06,0.0042620198844446015
1.4500000000000006,1e-12,2.095223505908092e-24,0.8602709453154704,94023381.96593404,129688.11639665968,3.286361062511849e-06,0.42620197599648685
1.4500000000000006,1.0000000000000002e-10,2.0952235059080924e-22,0.8602709453154704,940233.8196593403,12968773.762141572,3.286361062511849e-06,42.620073120427364
1.4500000000000006,1e-08,2.0952235059080923e-20,0.8602709453154703,9402.338196593402,1296498759.935077,3.286361062511849e-06,4260.763042245534
1.4500000000000006,1e-06,2.0952235059080924e-18,0.8602709453154704,94.02338196593402,126014669504.62941,3.286361062511849e-06,414129.7031653134
1.4500000000000006,1e-05,2.0952235059080922e-17,0.8602709453154705,9.402338196593403,1019559360792.8761,3.286361062511849e-06,3350640.184229178
1.4500000000000006,0.0001,2.095223505908092e-16,0.8602709453154704,0.9402338196593404,3219762207597.926,3.286361062511849e-06,10581301.149597015
1.4500000000000006,0.000562,1.1775156103203476e-15,0.8602709453154707,0.16730139139845918,1138422706055.8496,3.286361062511849e-06,3741268.0538613163
1.4500000000000006,0.000316,6.620906278669572e-16,0.8602709453154702,0.29754234799346213,2126441565893.2583,3.286361062511849e-06,6988254.763858328
1.4500000000000006,0.0001778,3.725307393504588e-16,0.8602709453154704,0.5288154216306751,2959358651643.3765,3.286361062511849e-06,9725521.04276836
1.4500000000000006,0.0009999999999999998,2.0952235059080916e-15,0.8602709453154704,0.09402338196593406,426030645499.7766,3.286361062511849e-06,1400090.5248072548
1.4500000000000006,0.005620000000000001,1.177515610320348e-14,0.8602709453154705,0.01673013913984591,520043194.183222,3.286361062511849e-06,1709.0497041880292
1.4500000000000006,0.0031600000000000005,6.620906278669572e-15,0.8602709453154704,0.029754234799346208,11958510426.391037,3.286361062511849e-06,39299.98303093347
1.4500000000000006,0.001778,3.7253073935045874e-15,0.8602709453154705,0.05288154216306752,99341548758.57968,3.286361062511849e-06,326472.1977298186
1.4500000000000006,0.010000000000000002,2.0952235059080927e-14,0.8602709453154704,0.009402338196593401,4051389.572479694,3.286361062511849e-06,13.314328940063794
1.5000000000000004,1e-18,2.48469775424731e-30,0.8604082532730151,79285297241183.86,0.1610458382027944,3.084180451878721e-06,4.966944260414818e-07
1.5000000000000004,1.0000000000000001e-16,2.484697754247311e-28,0.8604082532730148,792852972411.8384,16.104583820221034,3.084180451878721e-06,4.9669442603968045e-05
1.5000000000000004,9.999999999999998e-15,2.48469775424731e-26,0.8604082532730148,7928529724.118386,1610.4583814379735,3.084180451878721e-06,0.0049669442585952425
1.5000000000000004,1e-12,2.4846977542473102e-24,0.8604082532730148,79285297.24118386,161045.8323025653,3.084180451878721e-06,0.49669440784411056
1.5000000000000004,1.0000000000000002e-10,2.484697754247311e-22,0.8604082532730148,792852.9724118384,16104524.818238515,3.084180451878721e-06,49.66926063120694
1.5000000000000004,1e-08,2.48469775424731e-20,0.8604082532730151,7928.529724118387,1609868666.401392,3.084180451878721e-06,4965.125471007239
1.5000000000000004,1e-06,2.4846977542473102e-18,0.8604082532730148,79.28529724118386,155434595309.02536,3.084180451878721e-06,479388.34039777593
1.5000000000000004,1e-05,2.4846977542473104e-17,0.860408253273015,7.928529724118385,1206976629244.196,3.084180451878721e-06,3722533.72578942
1.5000000000000004,0.0001,2.48469775424731e-16,0.860408253273015,0.7928529724118386,3201042129134.9463,3.084180451878721e-06,9872591.56031824
1.5000000000000004,0.000562,1.3964001378869883e-15,0.860408253273015,0.14107704135441967,824806684118.5569,3.084180451878721e-06,2543852.6517373603
1.5000000000000004,0.000316,7.8516449034215e-16,0.8604082532730148,0.250902839370835,1745192191820.0933,3.084180451878721e-06,5382487.642782911
1.5000000000000004,0.0001778,4.417792607051718e-16,0.8604082532730148,0.4459240564745998,2697156530335.978,3.084180451878721e-06,8318517.446519259
1.5000000000000004,0.0009999999999999998,2.48469775424731e-15,0.860408253273015,0.07928529724118387,262798234710.29218,3.084180451878721e-06,810517.1782817191
1.5000000000000004,0.005620000000000001,1.3964001378869886e-14,0.860408253273015,0.014107704135441965,108396283.29333407,3.084180451878721e-06,334.3136979896089
1.5000000000000004,0.0031600000000000005,7.851644903421503e-15,0.8604082532730148,0.025090283937083492,4272390745.902408,3.084180451878721e-06,13176.824021299753
1.5000000000000004,0.001778,4.4177926070517174e-15,0.860408253273015,0.04459240564745999,49069872920.58472,3.084180451878721e-06,151340.34283784038
1.5000000000000004,0.010000000000000002,2.4846977542473105e-14,0.8604082532730151,0.007928529724118385,344885.56784040644,3.084180451878721e-06,1.063689326468474
1.5500000000000005,1e-18,2.930508186354603e-30,0.8605583486600716,67223835414381.69,0.19875356907501696,2.8819998412455915e-06,5.728077545211936e-07
1.5500000000000005,1.0000000000000001e-16,2.9305081863546027e-28,0.8605583486600717,672238354143.8169,19.875356907412677,2.8819998412455915e-06,5.7280775451862804e-05
1.5500000000000005,9.999999999999998e-15,2.930508186354602e-26,0.8605583486600716,6722383541.43817,1987.5356898515738,2.8819998412455915e-06,0.005728077542622183
1.5500000000000005,1e-12,2.930508186354603e-24,0.8605583486600716,67223835.41438168,198753.56008833455,2.8819998412455915e-06,0.5728077286215763
1.5500000000000005,1.0000000000000002e-10,2.9305081863546033e-22,0.8605583486600719,672238.3541438167,19875267.041164853,2.8819998412455915e-06,57.28051645735084
1.5500000000000005,1e-08,2.930508186354603e-20,0.8605583486600716,6722.383541438168,1986637600.8443878,2.8819998412455915e-06,5725.489250246048
1.5500000000000005,1e-06,2.9305081863546025e-18,0.8605583486600717,67.2238354143817,190302855068.37543,2.8819998412455915e-06,548452.7980956408
1.5500000000000005,1e-05,2.930508186354603e-17,0.8605583486600716,6.722383541438169,1410882609051.4644,2.8819998412455915e-06,4066163.455302486
1.5500000000000005,0.0001,2.9305081863546026e-16,0.8605583486600719,0.6722383541438169,3091811267735.243,2.8819998412455915e-06,8910599.582774302
1.5500000000000005,0.000562,1.6469456007312868e-15,0.8605583486600716,0.11961536550601724,572313940623.5876,2.8819998412455915e-06,1649408.6860198185
1.5500000000000005,0.000316,9.260405868880544e-16,0.8605583486600716,0.2127336563746256,1380929165849.2307,2.8819998412455915e-06,3979837.63674889
1.5500000000000005,0.0001778,5.210443555338484e-16,0.8605583486600716,0.3780868133542277,2377948511186.9043,2.8819998412455915e-06,6853247.231730849
1.5500000000000005,0.0009999999999999998,2.930508186354602e-15,0.8605583486600719,0.0672238354143817,152968646463.54935,2.8819998412455915e-06,440855.61482350226
1.5500000000000005,0.005620000000000001,1.646945600731287e-14,0.8605583486600715,0.01196153655060172,17963871.58369747,2.8819998412455915e-06,51.77187505237231
1.5500000000000005,0.0031600000000000005,9.260405868880544e-15,0.8605583486600717,0.02127336563746256,1337397181.540964,2.8819998412455915e-06,3854.3784648833594
1.5500000000000005,0.001778,5.210443555338483e-15,0.8605583486600717,0.03780868133542278,22352590081.450653,2.8819998412455915e-06,64420.16106616856
1.5500000000000005,0.010000000000000002,2.930508186354603e-14,0.8605583486600714,0.006722383541438168,20155.327124428648,2.8819998412455915e-06,0.05808764957285633
1.6000000000000005,1e-18,3.438938214783889e-30,0.8607316400180637,57285123400328.37,0.24391272894772426,2.6787270777370103e-06,6.533756316369969e-07
1.6000000000000005,1.0000000000000001e-16,3.438938214783889e-28,0.8607316400180636,572851234003.2836,24.391272894638483,2.6787270777370103e-06,6.533756316334089e-05
1.6000000000000005,9.999999999999998e-15,3.4389382147838876e-26,0.8607316400180637,5728512340.032838,2439.127288124036,2.6787270777370103e-06,0.006533756312745098
1.6000000000000005,1e-12,3.4389382147838886e-24,0.8607316400180636,57285123.40032837,243912.7154142525,2.6787270777370103e-06,0.6533755953845196
1.6000000000000005,1.0000000000000002e-10,3.438938214783889e-22,0.8607316400180637,572851.2340032835,24391137.56098725,2.6787270777370103e-06,65.3372006414248
1.6000000000000005,1e-08,3.4389382147838886e-20,0.8607316400180636,5728.512340032837,2437775012.2702894,2.6787270777370103e-06,6530.133934799097
1.6000000000000005,1e-06,3.4389382147838884e-18,0.8607316400180637,57.285123400328374,231353867995.1205,2.6787270777370103e-06,619733.8707377232
1.6000000000000005,1e-05,3.438938214783889e-17,0.8607316400180637,5.728512340032837,1628552719368.1604,2.6787270777370103e-06,4362448.266893733
1.6000000000000005,0.0001,3.438938214783889e-16,0.8607316400180637,0.5728512340032836,2900855546376.144,2.6787270777370103e-06,7770600.300681367
1.6000000000000005,0.000562,1.9326832767085452e-15,0.8607316400180637,0.10193082455574444,379480809865.96466,2.6787270777370103e-06,1016525.5208695296
1.6000000000000005,0.000316,1.0867044758717087e-15,0.8607316400180637,0.1812820360769885,1053637180996.9865,2.6787270777370103e-06,2822406.446847119
1.6000000000000005,0.0001778,6.114432145885755e-16,0.8607316400180636,0.3221885455586522,2029202731752.2244,2.6787270777370103e-06,5435680.303762594
1.6000000000000005,0.0009999999999999998,3.438938214783888e-15,0.8607316400180636,0.057285123400328375,83672920279.49466,2.6787270777370103e-06,224136.91722601256
1.6000000000000005,0.005620000000000001,1.9326832767085458e-14,0.8607316400180636,0.01019308245557444,2294161.948499641,2.6787270777370103e-06,6.145433732159889
1.6000000000000005,0.0031600000000000005,1.086704475871709e-14,0.8607316400180636,0.018128203607698845,358498025.2681004,2.6787270777370103e-06,960.3183676009074
1.6000000000000005,0.001778,6.114432145885754e-15,0.8607316400180637,0.03221885455586522,9302109499.209265,2.6787270777370103e-06,24917.81259560652
1.6000000000000005,0.010000000000000002,3.438938214783889e-14,0.8607316400180636,0.005728512340032836,746.3861079070412,2.6787270777370103e-06,0.0019993646776973292
1.6500000000000006,1e-18,4.0168313211461065e-30,0.8609365474389254,49043632716892.57,0.2978003157665469,2.4752637327186088e-06,7.371343212090833e-07
1.6500000000000006,1.0000000000000001e-16,4.0168313211461063e-28,0.8609365474389256,490436327168.9257,29.780031576454995,2.4752637327186088e-06,7.371343212041403e-05
1.6500000000000006,9.999999999999998e-15,4.0168313211461054e-26,0.8609365474389257,4904363271.689259,2978.003155648559,2.4752637327186088e-06,0.0073713432070984485
1.6500000000000006,1e-12,4.016831321146106e-24,0.8609365474389256,49043632.71689258,297800.2955955463,2.4752637327186088e-06,0.737134271280537
1.6500000000000006,1.0000000000000002e-10,4.016831321146107e-22,0.8609365474389254,490436.32716892567,29779829.868398502,2.4752637327186088e-06,73.7129328397772
1.6500000000000006,1e-08,4.016831321146107e-20,0.8609365474389254,4904.363271689257,2975988006.280303,2.4752637327186088e-06,7366.355180951194
1.6500000000000006,1e-06,4.016831321146106e-18,0.8609365474389256,49.043632716892574,279368911154.47534,2.4752637327186088e-06,691511.73382976
1.6500000000000006,1e-05,4.016831321146107e-17,0.8609365474389254,4.904363271689257,1856128200967.6536,2.4752637327186088e-06,4594406.81913147
1.6500000000000006,0.0001,4.0168313211461066e-16,0.8609365474389256,0.4904363271689257,2643907304087.2466,2.4752637327186088e-06,6544367.8624769915
1.6500000000000006,0.000562,2.2574592024841115e-15,0.8609365474389256,0.08726625038592986,239709816306.0749,2.4752637327186088e-06,593345.014679067
1.6500000000000006,0.000316,1.2693186974821693e-15,0.8609365474389256,0.155201369357255,774709934289.993,2.4752637327186088e-06,1917611.4037248362
1.6500000000000006,0.0001778,7.141926088997778e-16,0.8609365474389254,0.2758359545382034,1676737141671.753,2.4752637327186088e-06,4150366.636082354
1.6500000000000006,0.0009999999999999998,4.016831321146105e-15,0.8609365474389256,0.049043632716892584,42803991201.316216,2.4752637327186088e-06,105951.16703622446
1.6500000000000006,0.005620000000000001,2.257459202484112e-14,0.8609365474389254,0.008726625038592983,217944.56582786207,2.4752637327186088e-06,0.5394702795368104
1.6500000000000006,0.0031600000000000005,1.2693186974821696e-14,0.8609365474389256,0.015520136935725497,80199147.67600301,2.4752637327186088e-06,198.51404163735415
1.6500000000000006,0.001778,7.141926088997778e-15,0.8609365474389254,0.02758359545382034,3490244729.996754,2.4752637327186088e-06,8639.276198473219
1.6500000000000006,0.010000000000000002,4.016831321146107e-14,0.8609365474389256,0.004904363271689256,15.620451349264922,2.4752637327186088e-06,3.866473671353092e-05
1.7000000000000006,1e-18,4.671613456883274e-30,0.8611791974752434,42169584837918.3,0.3618968400986727,2.266864337648943e-06,8.20371040727523e-07
1.7000000000000006,1.0000000000000001e-16,4.671613456883274e-28,0.8611791974752434,421695848379.183,36.18968400957231,2.266864337648943e-06,8.203710407208367e-05
1.7000000000000006,9.999999999999998e-15,4.6716134568832725e-26,0.8611791974752434,4216958483.791831,3618.9683980088685,2.266864337648943e-06,0.00820371040052483
1.7000000000000006,1e-12,4.671613456883273e-24,0.8611791974752434,42169584.837918304,361896.81031722674,2.266864337648943e-06,0.8203709732170253
1.7000000000000006,1.0000000000000002e-10,4.6716134568832745e-22,0.8611791974752434,421695.8483791829,36189386.19858749,2.266864337648943e-06,82.03642897498283
1.7000000000000006,1e-08,4.6716134568832734e-20,0.8611791974752434,4216.95848379183,3615993754.280598,2.266864337648943e-06,8196.967286740002
1.7000000000000006,1e-06,4.6716134568832736e-18,0.8611791974752434,42.1695848379183,335166276425.2998,2.266864337648943e-06,759776.4792110997
1.7000000000000006,1e-05,4.6716134568832736e-17,0.8611791974752435,4.21695848379183,2088575978181.4624,2.266864337648943e-06,4734518.401409813
1.7000000000000006,0.0001,4.671613456883274e-16,0.8611791974752434,0.42169584837918295,2341198841348.959,2.266864337648943e-06,5307180.16079898
1.7000000000000006,0.000562,2.6254467627684e-15,0.8611791974752433,0.0750348484660468,143733440068.3053,2.266864337648943e-06,325824.2094184429
1.7000000000000006,0.000316,1.4762298523751146e-15,0.8611791974752433,0.13344805328455156,548132169581.6304,2.266864337648943e-06,1242541.2675427406
1.7000000000000006,0.0001778,8.306128726338461e-16,0.8611791974752434,0.2371742679297992,1341802830141.0925,2.266864337648943e-06,3041684.983803265
1.7000000000000006,0.0009999999999999998,4.671613456883273e-15,0.8611791974752434,0.04216958483791831,20349176806.16908,2.266864337648943e-06,46128.8232024177
1.7000000000000006,0.005620000000000001,2.6254467627684003e-14,0.8611791974752434,0.007503484846604678,14659.541662009873,2.266864337648943e-06,0.03323119219988909
1.7000000000000006,0.0031600000000000005,1.4762298523751148e-14,0.8611791974752433,0.013344805328455155,14572304.501678983,2.266864337648943e-06,33.03343739221724
1.7000000000000006,0.001778,8.306128726338462e-15,0.8611791974752432,0.023717426792979918,1160805082.00818,2.266864337648943e-06,2631.3876433659993
1.7000000000000006,0.010000000000000002,4.6716134568832747e-14,0.8611791974752434,0.004216958483791829,0.16087653482897268,2.266864337648943e-06,3.6468527956833623e-07
1.7500000000000007,1e-18,5.4113136296326634e-30,0.8614634561040728,36405208325242.266,0.4379199216870518,2.058521915620018e-06,9.01467756079398e-07
1.7500000000000007,1.0000000000000001e-16,5.411313629632664e-28,0.8614634561040727,364052083252.4226,43.79199216827347,2.058521915620018e-06,9.014677560705112e-05
1.7500000000000007,9.999999999999998e-15,5.411313629632663e-26,0.8614634561040728,3640520832.524227,4379.199212511571,2.058521915620018e-06,0.009014677551820992
1.7500000000000007,1e-12,5.411313629632663e-24,0.8614634561040728,36405208.325242266,437919.87809328554,2.058521915620018e-06,0.9014676663406749
1.7500000000000007,1.0000000000000002e-10,5.411313629632665e-22,0.8614634561040727,364052.08325242257,43791556.236769475,2.058521915620018e-06,90.14587823249644
1.7500000000000007,1e-08,5.411313629632664e-20,0.8614634561040727,3640.5208325242265,4374846037.339934,2.058521915620018e-06,9005.716445327645
1.7500000000000007,1e-06,5.411313629632664e-18,0.8614634561040727,36.40520832524226,399588151919.9084,2.058521915620018e-06,822560.9679492326
1.7500000000000007,1e-05,5.411313629632665e-17,0.8614634561040727,3.640520832524226,2319717117185.862,2.058521915620018e-06,4775188.523765986
1.7500000000000007,0.0001,5.411313629632665e-16,0.8614634561040726,0.3640520832524226,2014519414454.8647,2.058521915620018e-06,4146932.3640973447
1.7500000000000007,0.000562,3.0411582598535573e-15,0.8614634561040727,0.06477795075665883,81483530639.30603,2.058521915620018e-06,167735.63358310665
1.7500000000000007,0.000316,1.7099751069639216e-15,0.8614634561040727,0.11520635545962743,372332892910.5026,2.058521915620018e-06,766455.4199624708
1.7500000000000007,0.0001778,9.621315633486878e-16,0.8614634561040727,0.20475370261666065,1039614015778.9193,2.058521915620018e-06,2140068.2352666403
1.7500000000000007,0.0009999999999999998,5.411313629632663e-15,0.8614634561040727,0.03640520832524227,8910962584.423044,2.058521915620018e-06,18343.41176930483
1.7500000000000007,0.005620000000000001,3.041158259853557e-14,0.8614634561040728,0.006477795075665884,648.1724116339722,2.058521915620018e-06,0.0013342771144488111
1.7500000000000007,0.0031600000000000005,1.7099751069639222e-14,0.8614634561040727,0.01152063554596274,2090121.4177459988,2.058521915620018e-06,4.302560744736921
1.7500000000000007,0.001778,9.621315633486878e-15,0.8614634561040727,0.020475370261666063,335275435.72865677,2.058521915620018e-06,690.1718322164907
1.7500000000000007,0.010000000000000002,5.4113136296326643e-14,0.8614634561040728,0.003640520832524226,0.0007003231163240007,2.058521915620018e-06,1.4416304829682623e-09
1.8000000000000007,1e-18,6.244583195667736e-30,0.8617911511078107,31547341724371.836,0.5278655681198793,1.8527939545829496e-06,9.780261334450066e-07
1.8000000000000007,1.0000000000000001e-16,6.244583195667735e-28,0.8617911511078109,315473417243.71844,52.7865568113611,1.8527939545829496e-06,9.780261334333928e-05
1.8000000000000007,9.999999999999998e-15,6.244583195667733e-26,0.8617911511078109,3154734172.4371853,5278.655674868017,1.8527939545829496e-06,0.009780261322720443
1.8000000000000007,1e-12,6.2445831956677345e-24,0.8617911511078108,31547341.724371847,527865.5048060408,1.8527939545829496e-06,0.9780260161375093
1.8000000000000007,1.0000000000000002e-10,6.244583195667735e-22,0.8617911511078109,315473.4172437184,52785923.68373913,1.8527939545829496e-06,97.80144028830881
1.8000000000000007,1e-08,6.244583195667735e-20,0.8617911511078109,3154.734172437184,5272335145.162769,1.8527939545829496e-06,9768.550683492796
1.8000000000000007,1e-06,6.244583195667734e-18,0.8617911511078108,31.547341724371847,473484307923.1421,1.8527939545829496e-06,877268.8633098894
1.8000000000000007,1e-05,6.244583195667735e-17,0.8617911511078109,3.1547341724371845,2542332236608.664,1.8527939545829496e-06,4710417.798529882
1.8000000000000007,0.0001,6.244583195667736e-16,0.8617911511078108,0.3154734172437184,1684481036420.4836,1.8527939545829496e-06,3120996.2808894934
1.8000000000000007,0.000562,3.509455755965267e-15,0.8617911511078109,0.056134060007779076,43469507360.26636,1.8527939545829496e-06,80540.04044580054
1.8000000000000007,0.000316,1.973288289831004e-15,0.8617911511078108,0.09983335988725268,242084864532.32187,1.8527939545829496e-06,448533.3735015183
1.8000000000000007,0.0001778,1.1102868921897234e-15,0.8617911511078109,0.17743161824731069,779173183213.3275,1.8527939545829496e-06,1443647.3634308062
1.8000000000000007,0.0009999999999999998,6.244583195667733e-15,0.8617911511078109,0.031547341724371854,3551370311.66839,1.8527939545829496e-06,6579.957443944559
1.8000000000000007,0.005620000000000001,3.509455755965268e-14,0.8617911511078107,0.005613406000777907,17.02393603940358,1.8527939545829496e-06,3.1541845777013755e-05
1.8000000000000007,0.0031600000000000005,1.9732882898310045e-14,0.8617911511078108,0.009983335988725266,228846.97761226213,1.8527939545829496e-06,0.4240062966445789
1.8000000000000007,0.001778,1.1102868921897232e-14,0.8617911511078109,0.017743161824731072,82171490.1146726,1.8527939545829496e-06,152.246840123538
1.8000000000000007,0.010000000000000002,6.244583195667737e-14,0.8617911511078107,0.003154734172437183,1.0916970382854913e-06,1.8527939545829496e-06,2.022689672771469e-12
1.8500000000000008,1e-18,7.180715372732439e-30,0.8621624067282858,27434592484764.74,0.6340602704676594,1.6468585550122307e-06,1.0442075808130337e-06
1.8500000000000008,1.0000000000000001e-16,7.18071537273244e-28,0.8621624067282858,274345924847.64734,63.406027045862125,1.6468585550122307e-06,0.00010442075807981491
1.8500000000000008,9.999999999999998e-15,7.180715372732438e-26,0.8621624067282858,2743459248.4764743,6340.602695547129,1.6468585550122307e-06,0.010442075793095399
1.8500000000000008,1e-12,7.18071537273244e-24,0.8621624067282858,27434592.484764736,634060.1791640947,1.6468585550122307e-06,1.0442074304489772
1.8500000000000008,1.0000000000000002e-10,7.180715372732441e-22,0.8621624067282858,274345.9248476473,63405114.02889411,1.6468585550122307e-06,104.41925447001027
1.8500000000000008,1e-08,7.180715372732439e-20,0.8621624067282858,2743.459248476474,6331491131.281678,1.6468585550122307e-06,10427.070335535298
1.8500000000000008,1e-06,7.180715372732438e-18,0.8621624067282859,27.43459248476474,557692950687.2532,1.6468585550122307e-06,918441.406909317
1.8500000000000008,1e-05,7.18071537273244e-17,0.8621624067282858,2.7434592484764733,2748356483260.2295,1.6468585550122307e-06,4526154.386680437
1.8500000000000008,0.0001,7.18071537273244e-16,0.8621624067282858,0.27434592484764736,1368475828600.046,1.6468585550122307e-06,2253686.125657437
1.8500000000000008,0.000562,4.035562039475631e-15,0.8621624067282858,0.04881600086257071,21689858979.771786,1.6468585550122307e-06,35720.12981784602
1.8500000000000008,0.000316,2.2691060577834506e-15,0.8621624067282859,0.08681833064798969,150123917545.74298,1.6468585550122307e-06,247232.85792215756
1.8500000000000008,0.0001778,1.2767311932718277e-15,0.8621624067282858,0.1543002951899029,564007655484.0092,1.6468585550122307e-06,928840.8325262313
1.8500000000000008,0.0009999999999999998,7.180715372732437e-15,0.8621624067282858,0.027434592484764746,1268402553.7768588,1.6468585550122307e-06,2088.8795968867807
1.8500000000000008,0.005620000000000001,4.035562039475631e-14,0.8621624067282858,0.00488160008625707,0.2351535448957466,1.6468585550122307e-06,3.87264627153013e-07
1.8500000000000008,0.0031600000000000005,2.269106057783451e-14,0.8621624067282858,0.008681833064798966,18264.282186975488,1.6468585550122307e-06,0.030078689370778077
1.8500000000000008,0.001778,1.2767311932718279e-14,0.8621624067282857,0.015430029518990288,16664281.192587873,1.6468585550122307e-06,27.443714045142755
1.8500000000000008,0.010000000000000002,7.180715372732442e-14,0.8621624067282858,0.0027434592484764726,5.059086731617987e-10,1.6468585550122307e-06,8.331600264513946e-16
1.9000000000000008,1e-18,8.229672258485122e-30,0.8625761248985917,23937769793552.242,0.7592293769165968,1.4391604618218491e-06,1.0926529007120042e-06
1.9000000000000008,1.0000000000000001e-16,8.229672258485122e-28,0.8625761248985918,239377697935.5224,75.92293769036466,1.4391604618218491e-06,0.00010926529006933668
1.9000000000000008,9.999999999999998e-15,8.229672258485121e-26,0.8625761248985917,2393776979.355224,7592.293756084354,1.4391604618218491e-06,0.0109265289882935
1.9000000000000008,1e-12,8.22967225848512e-24,0.8625761248985918,23937769.793552246,759229.2460872774,1.4391604618218491e-06,1.0926527124276206
1.9000000000000008,1.0000000000000002e-10,8.229672258485123e-22,0.8625761248985917,239377.69793552236,75921629.42916001,1.4391604618218491e-06,109.26340727153722
1.9000000000000008,1e-08,8.229672258485123e-20,0.8625761248985917,2393.776979355224,7579243039.920627,1.4391604618218491e-06,10907.746913592206
1.9000000000000008,1e-06,8.229672258485122e-18,0.8625761248985916,23.93776979355224,653019823708.8171,1.4391604618218491e-06,939800.3110676038
1.9000000000000008,1e-05,8.229672258485122e-17,0.8625761248985917,2.393776979355224,2929180876696.8584,1.4391604618218491e-06,4215561.3032667795
1.9000000000000008,0.0001,8.229672258485122e-16,0.8625761248985917,0.23937769793552238,1079521452603.5427,1.4391604618218491e-06,1553604.592275508
1.9000000000000008,0.000562,4.625075809268638e-15,0.8625761248985917,0.04259389642980826,10038472860.557634,1.4391604618218491e-06,14446.973237986223
1.9000000000000008,0.000316,2.6005764336812983e-15,0.8625761248985918,0.07575243605554507,88432956296.85025,1.4391604618218491e-06,127269.2142244464
1.9000000000000008,0.0001778,1.4632357275586548e-15,0.8625761248985917,0.13463312594798785,393370602562.0454,1.4391604618218491e-06,566123.4180503323
1.9000000000000008,0.0009999999999999998,8.229672258485121e-15,0.8625761248985917,0.023937769793552242,398402801.65887403,1.4391604618218491e-06,573.3655600265038
1.9000000000000008,0.005620000000000001,4.625075809268639e-14,0.8625761248985917,0.004259389642980825,0.001489668292675423,1.4391604618218491e-06,2.143871708048127e-09
1.9000000000000008,0.0031600000000000005,2.600576433681299e-14,0.8625761248985918,0.007575243605554506,993.636711800502,1.4391604618218491e-06,0.001430002669037954
1.9000000000000008,0.001778,1.4632357275586546e-14,0.8625761248985918,0.013463312594798786,2720142.3444707617,1.4391604618218491e-06,3.914721312689709
1.9000000000000008,0.010000000000000002,8.229672258485124e-14,0.8625761248985917,0.0023937769793552235,5.619988878480784e-14,1.4391604618218491e-06,8.088065789788062e-20
1.9500000000000006,1e-18,9.402118010483835e-30,0.8630304399641402,20952725734811.566,0.9065893770155004,1.209145839536739e-06,1.0961987733864963e-06
1.9500000000000006,1.0000000000000001e-16,9.402118010483835e-28,0.8630304399641402,209527257348.1157,90.6589376997046,1.209145839536739e-06,0.00010961987733641823
1.9500000000000006,9.999999999999998e-15,9.40211801048383e-26,0.8630304399641404,2095272573.481158,9065.893751515767,1.209145839536739e-06,0.01096198771132741
1.9500000000000006,1e-12,9.402118010483834e-24,0.8630304399641402,20952725.73481157,906589.1906046765,1.209145839536739e-06,1.0961985479886243
1.9500000000000006,1.0000000000000002e-10,9.402118010483834e-22,0.8630304399641404,209527.2573481157,90657073.64589255,1.209145839536739e-06,109.61762342350673
1.9500000000000006,1e-08,9.402118010483833e-20,0.8630304399641403,2095.2725734811575,9047307416.394144,1.209145839536739e-06,10939.514121542863
1.9500000000000006,1e-06,9.402118010483833e-18,0.8630304399641403,20.952725734811573,760216301073.6991,1.209145839536739e-06,919212.3775912724
1.9500000000000006,1e-05,9.402118010483834e-17,0.8630304399641403,2.0952725734811573,3076068630859.427,1.209145839536739e-06,3719415.587133149
1.9500000000000006,0.0001,9.402118010483833e-16,0.8630304399641403,0.20952725734811573,825959913551.865,1.209145839536739e-06,998705.9930953622
1.9500000000000006,0.000562,5.283990321891913e-15,0.8630304399641404,0.03728243013311668,4261049451.3000274,1.209145839536739e-06,5152.230216099733
1.9500000000000006,0.000316,2.971069291312891e-15,0.8630304399641403,0.06630609409750499,49243566577.93109,1.209145839536739e-06,59542.6536516558
1.9500000000000006,0.0001778,1.6716965822640256e-15,0.8630304399641404,0.1178443517143508,263531173932.36075,1.209145839536739e-06,318647.62254854676
1.9500000000000006,0.0009999999999999998,9.40211801048383e-15,0.8630304399641403,0.020952725734811578,107644119.52922316,1.209145839536739e-06,130.15743927935563
1.9500000000000006,0.005620000000000001,5.283990321891915e-14,0.8630304399641403,0.0037282430133116673,3.7100768295876392e-06,1.209145839536739e-06,4.486023962857549e-12
1.9500000000000006,0.0031600000000000005,2.9710692913128916e-14,0.8630304399641403,0.006630609409750497,33.639146169151054,1.209145839536739e-06,4.067463363599723e-05
1.9500000000000006,0.001778,1.6716965822640258e-14,0.8630304399641402,0.011784435171435079,345729.0291027701,1.209145839536739e-06,0.41803681714669066
1.9500000000000006,0.010000000000000002,9.402118010483835e-14,0.8630304399641403,0.0020952725734811567,1.1603285849106777e-18,1.209145839536739e-06,1.403006480940298e-24
2.0000000000000004,1e-18,1.0709449600705861e-29,0.8635229877092705,18394969615153.305,1.0799760440315251,9.991925842284858e-07,1.0791040543407165e-06
2.0000000000000004,1.0000000000000001e-16,1.070944960070586e-27,0.8635229877092705,183949696151.53305,107.9976044005362,9.991925842284858e-07,0.00010791040543145745
2.0000000000000004,9.999999999999998e-15,1.070944960070586e-25,0.8635229877092705,1839496961.5153308,10799.76041388603,9.991925842284858e-07,0.010791040516999284
2.0000000000000004,1e-12,1.0709449600705859e-23,0.8635229877092705,18394969.61515331,1079975.7797126577,9.991925842284858e-07,1.0791037902352643
2.0000000000000004,1.0000000000000002e-10,1.0709449600705863e-21,0.8635229877092705,183949.696151533,107994961.30363816,9.991925842284858e-07,107.90776446863754
2.0000000000000004,1e-08,1.070944960070586e-19,0.8635229877092706,1839.4969615153307,10773420857.473423,9.991925842284858e-07,10764.722227559938
2.0000000000000004,1e-06,1.0709449600705857e-17,0.8635229877092707,18.39496961515331,879957317601.4125,9.991925842284858e-07,879246.8261849218
2.0000000000000004,1e-05,1.070944960070586e-16,0.8635229877092706,1.8394969615153307,3180679074544.28,9.991925842284858e-07,3178110.9440953676
2.0000000000000004,0.0001,1.070944960070586e-15,0.8635229877092706,0.18394969615153306,611818473537.8612,9.991925842284858e-07,611324.4816530229
2.0000000000000004,0.000562,6.018710675596694e-15,0.8635229877092705,0.03273126266041513,1634452995.243409,9.991925842284858e-07,1633.1333121172506
2.0000000000000004,0.000316,3.3841860738230517e-15,0.8635229877092705,0.05821192916187755,25758280620.100025,9.991925842284858e-07,25737.48297808027
2.0000000000000004,0.0001778,1.904140139005502e-15,0.8635229877092704,0.10345877173876998,168929071382.15784,9.991925842284858e-07,168792.67538565662
2.0000000000000004,0.0009999999999999998,1.0709449600705858e-14,0.8635229877092705,0.01839496961515331,24391371.19988791,9.991925842284858e-07,24.371677222092263
2.0000000000000004,0.005620000000000001,6.018710675596694e-14,0.8635229877092705,0.003273126266041513,3.0382377819366297e-09,9.991925842284858e-07,3.0357846608338837e-15
2.0000000000000004,0.0031600000000000005,3.384186073823052e-14,0.8635229877092705,0.005821192916187754,0.6328842904025165,9.991925842284858e-07,6.323732896449019e-07
2.0000000000000004,0.001778,1.904140139005502e-14,0.8635229877092705,0.010345877173877,32715.845184072197,9.991925842284858e-07,0.03268942989469216
2.0000000000000004,0.010000000000000002,1.070944960070586e-13,0.8635229877092706,0.0018394969615153306,3.2773811593603803e-24,9.991925842284858e-07,3.274734950123049e-30
2.0500000000000007,1e-18,1.2163824530324991e-29,0.8640510625676554,16195564109698.365,1.284030925301142,8.107634484187529e-07,1.0410453408734758e-06
2.0500000000000007,1.0000000000000001e-16,1.216382453032499e-27,0.8640510625676554,161955641096.98367,128.40309252641848,8.107634484187529e-07,0.00010410453408435124
2.0500000000000007,9.999999999999998e-15,1.2163824530324988e-25,0.8640510625676554,1619556410.969837,12840.30921568482,8.107634484187529e-07,0.010410453378471716
2.0500000000000007,1e-12,1.216382453032499e-23,0.8640510625676554,16195564.109698366,1284030.5519981969,8.107634484187529e-07,1.041045038213093
2.0500000000000007,1.0000000000000002e-10,1.2163824530324992e-21,0.8640510625676554,161955.64109698363,128399359.65093441,8.107634484187529e-07,104.10150760535126
2.0500000000000007,1e-08,1.216382453032499e-19,0.8640510625676554,1619.5564109698366,12803133655.837524,8.107634484187529e-07,10380.312793373025
2.0500000000000007,1e-06,1.216382453032499e-17,0.8640510625676554,16.195564109698367,1012822285912.4836,8.107634484187529e-07,821159.2891617693
2.0500000000000007,1e-05,1.216382453032499e-16,0.8640510625676554,1.6195564109698366,3235667520083.425,8.107634484187529e-07,2623360.956519392
2.0500000000000007,0.0001,1.216382453032499e-15,0.8640510625676554,0.16195564109698365,437566375233.53735,8.107634484187529e-07,354762.82329643675
2.0500000000000007,0.000562,6.8360693860426445e-15,0.8640510625676554,0.02881772973255937,555941942.6024153,8.107634484187529e-07,450.7374065049546
2.0500000000000007,0.000316,3.843768551582697e-15,0.8640510625676552,0.05125178515727331,12547611355.831015,8.107634484187529e-07,10173.144652271856
2.0500000000000007,0.0001778,2.1627280014917832e-15,0.8640510625676555,0.09108866203429902,103130098869.92987,8.107634484187529e-07,83614.11459555128
2.0500000000000007,0.0009999999999999998,1.2163824530324985e-14,0.8640510625676556,0.016195564109698374,4499459.862451042,8.107634484187529e-07,3.6479975941025744
2.0500000000000007,0.005620000000000001,6.836069386042645e-14,0.8640510625676554,0.0028817729732559367,6.599559033654955e-13,8.107634484187529e-07,5.350681240169224e-19
2.0500000000000007,0.0031600000000000005,3.8437685515826975e-14,0.8640510625676555,0.00512517851572733,0.0057868674289957385,8.107634484187529e-07,4.691780592274747e-09
2.0500000000000007,0.001778,2.1627280014917832e-14,0.8640510625676554,0.009108866203429902,2161.6127136995974,8.107634484187529e-07,0.001752556577904904
2.0500000000000007,0.010000000000000002,1.2163824530324993e-13,0.8640510625676554,0.0016195564109698364,8.693829908820215e-31,8.107634484187529e-07,7.048639516841169e-37
2.100000000000001,1e-18,1.3778186246570517e-29,0.8646117227091848,14297963206081.252,1.5244890635578632,6.542542990392669e-07,9.97403523671078e-07
2.100000000000001,1.0000000000000001e-16,1.3778186246570517e-27,0.864611722709185,142979632060.81253,152.44890635058104,6.542542990392669e-07,9.974035236370224e-05
2.100000000000001,9.999999999999998e-15,1.3778186246570513e-25,0.864611722709185,1429796320.6081257,15244.890583014509,6.542542990392669e-07,0.009974035202320479
2.100000000000001,1e-12,1.3778186246570515e-23,0.864611722709185,14297963.206081253,1524488.537865602,6.542542990392669e-07,0.9974031797346563
2.100000000000001,1.0000000000000002e-10,1.3778186246570518e-21,0.8646117227091848,142979.6320608125,152443649.68513608,6.542542990392669e-07,99.73691316773626
2.100000000000001,1e-08,1.377818624657052e-19,0.8646117227091848,1429.796320608125,15192579440.150063,6.542542990392669e-07,9939.810412213757
2.100000000000001,1e-06,1.3778186246570516e-17,0.864611722709185,14.297963206081253,1159286003469.2534,6.542542990392669e-07,758467.8515858095
2.100000000000001,1e-05,1.3778186246570519e-16,0.8646117227091848,1.429796320608125,3235291457510.628,6.542542990392669e-07,2116703.3447213443
2.100000000000001,0.0001,1.3778186246570518e-15,0.8646117227091847,0.14297963206081252,301011688610.07367,6.542542990392669e-07,196938.19133420984
2.100000000000001,0.000562,7.74334067057263e-15,0.864611722709185,0.025441215669183725,163749678.96473172,6.542542990392669e-07,107.13393142897554
2.100000000000001,0.000316,4.353906853916282e-15,0.864611722709185,0.04524671900658625,5624086130.084302,6.542542990392669e-07,3679.5825287747684
2.100000000000001,0.0001778,2.4497615146402383e-15,0.8646117227091847,0.08041599103532761,59606850808.12544,6.542542990392669e-07,38998.03839340827
2.100000000000001,0.0009999999999999998,1.3778186246570513e-14,0.8646117227091848,0.014297963206081257,650969.4995700035,6.542542990392669e-07,0.425899593637115
2.100000000000001,0.005620000000000001,7.743340670572631e-14,0.864611722709185,0.002544121566918372,2.9107236092292036e-17,6.542542990392669e-07,1.9043534346532975e-23
2.100000000000001,0.0031600000000000005,4.353906853916283e-14,0.864611722709185,0.004524671900658624,2.190480656249046e-05,6.542542990392669e-07,1.433131386313293e-11
2.100000000000001,0.001778,2.4497615146402376e-14,0.864611722709185,0.008041599103532764,91.13779193418382,6.542542990392669e-07,5.9627292177885995e-05
2.100000000000001,0.010000000000000002,1.3778186246570518e-13,0.8646117227091848,0.001429796320608125,1.3498549896168027e-38,6.542542990392669e-07,8.831484300363982e-45
2.150000000000001,1e-18,1.5566287823604096e-29,0.8652018708031195,12655554248539.402,1.8086561100709175,4.773634583798546e-07,8.633863357233081e-07
2.150000000000001,1.0000000000000001e-16,1.5566287823604095e-27,0.8652018708031195,126555542485.39404,180.8656109997748,4.773634583798546e-07,8.633863356883795e-05
2.150000000000001,9.999999999999998e-15,1.5566287823604092e-25,0.8652018708031195,1265555424.8539407,18086.561026801643,4.773634583798546e-07,0.008633863321952324
2.150000000000001,1e-12,1.556628782360409e-23,0.8652018708031194,12655554.248539407,1808655.3709230442,4.773634583798546e-07,0.863385982881123
2.150000000000001,1.0000000000000002e-10,1.5566287823604094e-21,0.8652018708031195,126555.54248539405,180858219.9491888,4.773634583798546e-07,86.33510535136917
2.150000000000001,1e-08,1.5566287823604094e-19,0.8652018708031195,1265.5554248539404,18013075499.55854,4.773634583798546e-07,8598.784016526692
2.150000000000001,1e-06,1.5566287823604092e-17,0.8652018708031195,12.655554248539406,1319735002456.581,4.773634583798546e-07,629993.2649176194
2.150000000000001,1e-05,1.5566287823604092e-16,0.8652018708031196,1.2655554248539407,3175909280266.028,4.773634583798546e-07,1516063.0375284657
2.150000000000001,0.0001,1.5566287823604091e-15,0.8652018708031196,0.12655554248539408,198157490999.28946,4.773634583798546e-07,94593.14520729572
2.150000000000001,0.000562,8.7482537568655e-15,0.8652018708031195,0.02251877980167154,40531390.35094456,4.773634583798546e-07,19.34820467087076
2.150000000000001,0.000316,4.918946952258892e-15,0.8652018708031197,0.04004922230550446,2280831700.1931477,4.773634583798546e-07,1088.7857083866045
2.150000000000001,0.0001778,2.7676859750368076e-15,0.8652018708031196,0.07117859532361871,32353008264.432186,4.773634583798546e-07,15444.143914101363
2.150000000000001,0.0009999999999999998,1.556628782360409e-14,0.8652018708031195,0.012655554248539407,70145.25775887263,4.773634583798546e-07,0.033484782832721764
2.150000000000001,0.005620000000000001,8.748253756865502e-14,0.8652018708031195,0.002251877980167154,1.845191497525314e-22,4.773634583798546e-07,8.808269946317866e-29
2.150000000000001,0.0031600000000000005,4.9189469522588944e-14,0.8652018708031194,0.004004922230550444,2.8081117256939477e-08,4.773634583798546e-07,1.3404899248942843e-14
2.150000000000001,0.001778,2.7676859750368077e-14,0.8652018708031195,0.0071178595323618706,2.172851798684414,4.773634583798546e-07,1.0372400491668794e-06
2.150000000000001,0.010000000000000002,1.5566287823604098e-13,0.8652018708031194,0.0012655554248539402,6.638844597752432e-48,4.773634583798546e-07,3.169141816829515e-54
2.2000000000000006,1e-18,1.7542714332166117e-29,0.8658183222737647,11229733111413.842,2.14627623894572,3.175268793404604e-07,6.815003963550148e-07
2.2000000000000006,1.0000000000000001e-16,1.754271433216611e-27,0.8658183222737649,112297331114.13844,214.62762388427936,3.175268793404604e-07,6.815003963223329e-05
2.2000000000000006,9.999999999999998e-15,1.754271433216611e-25,0.8658183222737648,1122973311.1413846,21462.76228550089,3.175268793404604e-07,0.006815003930541225
2.2000000000000006,1e-12,1.7542714332166112e-23,0.8658183222737647,11229733.111413844,2146275.199280865,3.175268793404604e-07,0.6815000662334778
2.2000000000000006,1.0000000000000002e-10,1.7542714332166116e-21,0.8658183222737647,112297.33111413842,214617227.94876772,3.175268793404604e-07,68.14673864327246
2.2000000000000006,1e-08,1.7542714332166112e-19,0.8658183222737649,1122.9733111413846,21359509779.9883,3.175268793404604e-07,6782.218484681729
2.2000000000000006,1e-06,1.7542714332166115e-17,0.8658183222737647,11.229733111413843,1494545854853.3538,3.175268793404604e-07,474558.4813228061
2.2000000000000006,1e-05,1.7542714332166114e-16,0.8658183222737648,1.1229733111413842,3056209937003.751,3.175268793404604e-07,970428.8039061062
2.2000000000000006,0.0001,1.7542714332166114e-15,0.8658183222737647,0.11229733111413844,123941330331.06235,3.175268793404604e-07,39354.703841327384
2.2000000000000006,0.000562,9.859005454677356e-15,0.8658183222737648,0.019981731514971252,8102188.099991031,3.175268793404604e-07,2.5726625032195662
2.2000000000000006,0.000316,5.543497728964492e-15,0.8658183222737647,0.035537130099410896,817291796.8564582,3.175268793404604e-07,259.51211376638867
2.2000000000000006,0.0001778,3.1190946082591354e-15,0.8658183222737647,0.0631593538324738,16295199899.395403,3.175268793404604e-07,5174.163972284006
2.2000000000000006,0.0009999999999999998,1.7542714332166107e-14,0.8658183222737648,0.011229733111413847,5210.315859685548,3.175268793404604e-07,0.0016544153353040604
2.2000000000000006,0.005620000000000001,9.859005454677358e-14,0.8658183222737647,0.0019981731514971245,1.051133202203509e-28,3.175268793404604e-07,3.3376304546682534e-35
2.2000000000000006,0.0031600000000000005,5.543497728964492e-14,0.8658183222737648,0.0035537130099410896,9.328198357204315e-12,3.175268793404604e-07,2.9619537142318956e-18
2.2000000000000006,0.001778,3.119094608259135e-14,0.8658183222737648,0.006315935383247381,0.024933037950145676,3.175268793404604e-07,7.916909732787026e-09
2.2000000000000006,0.010000000000000002,1.7542714332166113e-13,0.8658183222737648,0.0011229733111413843,4.482213116129771e-59,3.175268793404604e-07,1.4232231433035668e-65
2.250000000000001,1e-18,1.9722904218617449e-29,0.8664578652982475,9988386994955.932,2.5513219273898002,1.9518606923788748e-07,4.97982498367646e-07
2.250000000000001,1.0000000000000001e-16,1.9722904218617447e-27,0.8664578652982478,99883869949.55933,255.132192724454,1.9518606923788748e-07,4.979824983392933e-05
2.250000000000001,9.999999999999998e-15,1.9722904218617442e-25,0.8664578652982478,998838699.4955934,25513.219127180142,1.9518606923788748e-07,0.004979824955039179
2.250000000000001,1e-12,1.9722904218617443e-23,0.8664578652982478,9988386.994955935,2551320.460067117,1.9518606923788748e-07,0.4979822119666993
2.250000000000001,1.0000000000000002e-10,1.9722904218617446e-21,0.8664578652982478,99883.86994955933,255117520.69065675,1.9518606923788748e-07,49.79538605732472
2.250000000000001,1e-08,1.9722904218617443e-19,0.8664578652982478,998.8386994955933,25367679648.24019,1.9518606923788748e-07,4951.4176762259585
2.250000000000001,1e-06,1.972290421861744e-17,0.8664578652982478,9.988386994955935,1684324025650.5828,1.9518606923788748e-07,328756.585889672
2.250000000000001,1e-05,1.9722904218617447e-16,0.8664578652982478,0.9988386994955932,2876929346021.6567,1.9518606923788748e-07,561536.5305250934
2.250000000000001,0.0001,1.9722904218617447e-15,0.8664578652982478,0.09988386994955932,72861795906.26414,1.9518606923788748e-07,14221.607540556899
2.250000000000001,0.000562,1.1084272170863004e-14,0.8664578652982478,0.017772930596007,1234305.656619054,1.9518606923788748e-07,0.24091926935356284
2.250000000000001,0.000316,6.232437733083112e-15,0.8664578652982479,0.03160881960429093,249871207.9459376,1.9518606923788748e-07,48.77137889469036
2.250000000000001,0.0001778,3.506732370070182e-15,0.8664578652982479,0.056177654639797146,7474032444.608242,1.9518606923788748e-07,1458.8270142195217
2.250000000000001,0.0009999999999999998,1.9722904218617443e-14,0.8664578652982475,0.009988386994955934,236.18903082720615,1.9518606923788748e-07,4.61008085242686e-05
2.250000000000001,0.005620000000000001,1.1084272170863006e-13,0.8664578652982478,0.0017772930596006995,2.704835481512741e-36,1.9518606923788748e-07,5.279462055716406e-43
2.250000000000001,0.0031600000000000005,6.232437733083113e-14,0.8664578652982478,0.0031608819604290925,5.446222778790803e-16,1.9518606923788748e-07,1.0630268163860216e-22
2.250000000000001,0.001778,3.5067323700701816e-14,0.8664578652982478,0.005617765463979715,0.00010967701635553299,1.9518606923788748e-07,2.140742570817598e-11
2.250000000000001,0.010000000000000002,1.9722904218617447e-13,0.8664578652982478,0.0009988386994955931,1.220185627347608e-72,1.9518606923788748e-07,2.3816323634254538e-79
2.3000000000000007,1e-18,2.2123169937115906e-29,0.8671173135696385,8904691351192.594,3.0464337440796303,9.050408813657986e-08,2.757147080764338e-07
2.3000000000000007,1.0000000000000001e-16,2.2123169937115902e-27,0.8671173135696386,89046913511.92595,304.64337438727875,9.050408813657986e-08,2.757147080577137e-05
2.3000000000000007,9.999999999999998e-15,2.21231699371159e-25,0.8671173135696385,890469135.1192595,30464.33723187354,9.050408813657986e-08,0.002757147061855974
2.3000000000000007,1e-12,2.2123169937115904e-23,0.8671173135696384,8904691.351192594,3046431.6546471277,9.050408813657986e-08,0.2757145189742505
2.3000000000000007,1.0000000000000002e-10,2.2123169937115907e-21,0.8671173135696384,89046.91351192593,304622482.08416104,9.050408813657986e-08,27.56957996692863
2.3000000000000007,1e-08,2.2123169937115904e-19,0.8671173135696385,890.4691351192594,30257411702.287586,9.050408813657986e-08,2738.4194554886185
2.3000000000000007,1e-06,2.2123169937115902e-17,0.8671173135696385,8.904691351192595,1890635094199.3557,9.050408813657986e-08,171110.20519952945
2.3000000000000007,1e-05,2.2123169937115905e-16,0.8671173135696384,0.8904691351192594,2639494045125.444,9.050408813657986e-08,238885.00169601085
2.3000000000000007,0.0001,2.2123169937115903e-15,0.8671173135696385,0.08904691351192594,39506558689.61675,9.050408813657986e-08,3575.505069618039
2.3000000000000007,0.000562,1.243322150465914e-14,0.8671173135696384,0.01584464653237116,129893.27735950549,9.050408813657986e-08,0.011755872622493897
2.3000000000000007,0.000316,6.990921700128625e-15,0.8671173135696385,0.02817940301010315,61572697.78084445,9.050408813657986e-08,5.572580866764541
2.3000000000000007,0.0001778,3.933499614819209e-15,0.8671173135696384,0.050082628521893095,3021023562.0757647,9.050408813657986e-08,273.4149827247894
2.3000000000000007,0.0009999999999999998,2.21231699371159e-14,0.8671173135696385,0.008904691351192595,5.320203291354271,9.050408813657986e-08,4.815001475852491e-07
2.3000000000000007,0.005620000000000001,1.243322150465914e-13,0.8671173135696384,0.001584464653237116,1.0076832407898945e-45,9.050408813657986e-08,9.119945283820304e-53
2.3000000000000007,0.0031600000000000005,6.990921700128627e-14,0.8671173135696384,0.002817940301010314,2.9485652459028963e-21,9.050408813657986e-08,2.66857208891652e-28
2.3000000000000007,0.001778,3.933499614819208e-14,0.8671173135696384,0.00500826285218931,1.2831810170613208e-07,9.050408813657986e-08,1.1613312786330396e-14
2.3000000000000007,0.010000000000000002,2.2123169937115907e-13,0.8671173135696384,0.0008904691351192593,1.763989588706464e-89,9.050408813657986e-08,1.5964826920829906e-96
2.350000000000001,1e-18,2.4760718020750698e-29,0.8677935517354708,7956150537916.725,3.6780349264230385,1.9443315218986335e-08,7.151319246088435e-08
2.350000000000001,1.0000000000000001e-16,2.4760718020750698e-27,0.8677935517354709,79561505379.16725,367.80349261219277,1.9443315218986335e-08,7.151319245502976e-06
2.350000000000001,9.999999999999998e-15,2.476071802075069e-25,0.8677935517354709,795615053.7916727,36780.348960088806,1.9443315218986335e-08,0.0007151319186953229
2.350000000000001,1e-12,2.4760718020750697e-23,0.8677935517354709,7956150.537916725,3678031.884708863,1.9443315218986335e-08,0.07151313331987683
2.350000000000001,1.0000000000000002e-10,2.47607180207507e-21,0.8677935517354709,79561.50537916724,367773079.0094938,1.9443315218986335e-08,7.150727904238755
2.350000000000001,1e-08,2.47607180207507e-19,0.8677935517354708,795.6150537916724,36479700841.65849,1.9443315218986335e-08,709.2863225586872
2.350000000000001,1e-06,2.4760718020750692e-17,0.8677935517354709,7.956150537916726,2118844082727.5613,1.9443315218986335e-08,41197.35340035593
2.350000000000001,1e-05,2.4760718020750696e-16,0.8677935517354709,0.7956150537916725,2341116723644.1646,1.9443315218986335e-08,45519.07042225401
2.350000000000001,0.0001,2.47607180207507e-15,0.8677935517354709,0.07956150537916724,18946274935.362762,1.9443315218986335e-08,368.37839579383814
2.350000000000001,0.000562,1.3915523527661892e-14,0.8677935517354708,0.014156851490955025,7658.916224588001,1.9443315218986335e-08,0.00014891472239047322
2.350000000000001,0.000316,7.82438689455722e-15,0.8677935517354707,0.025177691575685838,10890687.682526002,1.9443315218986335e-08,0.21175107356288483
2.350000000000001,0.0001778,4.402455664089474e-15,0.8677935517354709,0.044747753306618246,1003185737.8231189,1.9443315218986335e-08,19.505256523686285
2.350000000000001,0.0009999999999999998,2.4760718020750693e-14,0.8677935517354708,0.007956150537916725,0.03918344511278356,1.9443315218986335e-08,7.618560746937003e-10
2.350000000000001,0.005620000000000001,1.3915523527661893e-13,0.8677935517354708,0.0014156851490955025,5.056089871386223e-58,1.9443315218986335e-08,9.830714914488641e-66
2.350000000000001,0.0031600000000000005,7.824386894557221e-14,0.8677935517354708,0.002517769157568583,3.9059729983628675e-28,1.9443315218986335e-08,7.594506424401842e-36
2.350000000000001,0.001778,4.4024556640894743e-14,0.8677935517354708,0.004474775330661825,1.886518618515203e-11,1.9443315218986335e-08,3.668017616627772e-19
2.350000000000001,0.010000000000000002,2.4760718020750704e-13,0.8677935517354707,0.0007956150537916722,1.967244322128539e-111,1.9443315218986335e-08,3.824975146790627e-119
2.400000000000001,1e-18,2.765366873299443e-29,0.8684835732641775,7123828736870.393,4.637276256346443,0.0,0.0
2.400000000000001,1.0000000000000001e-16,2.7653668732994432e-27,0.8684835732641775,71238287368.70393,463.7276255868311,0.0,0.0
2.400000000000001,9.999999999999998e-15,2.765366873299443e-25,0.8684835732641774,712382873.6870394,46372.76208054205,0.0,0.0
2.400000000000001,1e-12,2.765366873299443e-23,0.8684835732641775,7123828.736870393,4637271.426650083,0.0,0.0
2.400000000000001,1.0000000000000002e-10,2.7653668732994434e-21,0.8684835732641775,71238.28736870392,463679335.6629503,0.0,0.0
2.400000000000001,1e-08,2.765366873299443e-19,0.8684835732641776,712.3828736870393,45896776554.408745,0.0,0.0
2.400000000000001,1e-06,2.7653668732994432e-17,0.8684835732641774,7.123828736870393,2403544367734.1816,0.0,0.0
2.400000000000001,1e-05,2.7653668732994437e-16,0.8684835732641774,0.7123828736870391,1935031508466.5225,0.0,0.0
2.400000000000001,0.0001,2.7653668732994435e-15,0.8684835732641774,0.07123828736870393,6679401966.032531,0.0,0.0
2.400000000000001,0.000562,1.5541361827942873e-14,0.8684835732641772,0.01267585184496511,109.66612743599457,0.0,0.0
2.400000000000001,0.000316,8.738559319626239e-15,0.8684835732641776,0.02254376182553922,865759.6392723108,0.0,0.0
2.400000000000001,0.0001778,4.9168223007264104e-15,0.8684835732641775,0.04006652832885485,204121123.48314878,0.0,0.0
2.400000000000001,0.0009999999999999998,2.765366873299443e-14,0.8684835732641774,0.007123828736870393,1.8693060770385372e-05,0.0,0.0
2.400000000000001,0.005620000000000001,1.5541361827942873e-13,0.8684835732641775,0.001267585184496511,1.7400789772741597e-77,0.0,0.0
2.400000000000001,0.0031600000000000005,8.738559319626242e-14,0.8684835732641774,0.0022543761825539214,4.998644695902729e-39,0.0,0.0
2.400000000000001,0.001778,4.91682230072641e-14,0.8684835732641775,0.004006652832885485,1.6493015346298345e-17,0.0,0.0
2.400000000000001,0.010000000000000002,2.765366873299444e-13,0.8684835732641772,0.0007123828736870391,3.77289250652713e-146,0.0,0.0
