E,p,N_M
5258.6336266,5258.630888033701,40485332190.0
3006.5074645,3006.5026744976803,40485332190.0
3816.0901911,3816.086417327796,40485332190.0
5619.2642283,5619.261665483988,40485332190.0
1071.9458091,1071.9323744348637,40485332190.0
2438.5198753,2438.513969587967,40485332190.0
4092.7021399,4092.6986211051085,40485332190.0
2118.1358132,2118.129014228184,40485332190.0
7543.9756346,7543.973725578108,40485332190.0
2888.2037492,2888.198763007178,40485332190.0
2596.0191266,2596.013579161614,40485332190.0
1242.8295554,1242.8179679862947,40485332190.0
2813.7981553,2813.7930372019605,40485332190.0
4293.7385442,4293.735190236555,40485332190.0
8984.2936874,8984.292084472409,40485332190.0
3163.2156721,3163.211119428722,40485332190.0
2185.2812334,2185.274643324406,40485332190.0
6809.6375927,6809.635477821873,40485332190.0
10131.49439,10131.492968546136,40485332190.0
3672.1370774,3672.1331556878354,40485332190.0
2980.7445824,2980.7397510118985,40485332190.0
1341.5687389,1341.5580043367602,40485332190.0
1960.3990845,1960.3917384360934,40485332190.0
2044.4988821,2044.4918382957417,40485332190.0
2328.8133756,2328.8071916630684,40485332190.0
18659.848259,18659.84748773835,40485332190.0
11838.536688,11838.535470829405,40485332190.0
867.91740244,867.9008095631435,40485332190.0
2834.0354605,2834.030378983035,40485332190.0
4050.1881492,4050.1845935808424,40485332190.0
2899.3067055,2899.3017384151863,40485332190.0
4376.1416867,4376.138395874073,40485332190.0
9109.8434585,9109.841877720602,40485332190.0
1521.5675922,1521.5581275255686,40485332190.0
2936.4220508,2936.4171464537403,40485332190.0
3520.2356097,3520.2315187204003,40485332190.0
2024.5838707,2024.5767576136607,40485332190.0
4961.4377317,4961.43482913536,40485332190.0
3612.324672,3612.32068538745,40485332190.0
1704.56264,1704.554191397759,40485332190.0
3098.899689,3098.8950418702866,40485332190.0
2853.636391,2853.6313444461703,40485332190.0
5023.5261712,5023.523304433006,40485332190.0
7522.9660873,7522.964173049462,40485332190.0
4434.7587738,4434.755526468375,40485332190.0
6015.1251805,6015.12278631109,40485332190.0
3796.7276199,3796.7238268398196,40485332190.0
4574.8279847,4574.824836730718,40485332190.0
4569.1933969,4569.19024515478,40485332190.0
3077.6038401,3077.599160692522,40485332190.0
13519.413623,13519.412557632351,40485332190.0
3258.0068849,3258.0024646555544,40485332190.0
2575.8740939,2575.868503155339,40485332190.0
4240.2040099,4240.200613650404,40485332190.0
3276.4462192,3276.4418238815083,40485332190.0
5308.7111467,5308.7084340029405,40485332190.0
5420.0789191,5420.076262141968,40485332190.0
680.31704724,680.295878679503,40485332190.0
2281.8897672,2281.883456126472,40485332190.0
8160.8292927,8160.827528034025,40485332190.0
5611.4036899,5611.401123502289,40485332190.0
7561.7992603,7561.797355796901,40485332190.0
2897.8049582,2897.7999885579347,40485332190.0
2325.3270574,2325.320864270006,40485332190.0
2984.3712469,2984.366421312451,40485332190.0
3250.4808671,3250.4764366983873,40485332190.0
3294.0038459,3293.9994739710337,40485332190.0
10934.505058,10934.503741143259,40485332190.0
1822.43458,1822.4266778640376,40485332190.0
7353.2616912,7353.259732789944,40485332190.0
762.84065351,762.8217750053614,40485332190.0
9102.7107671,9102.70918502003,40485332190.0
6537.4374525,6537.435249720984,40485332190.0
2977.0187132,2977.0138758459198,40485332190.0
2621.6491785,2621.643685331908,40485332190.0
1331.2305044,1331.2196864195391,40485332190.0
25984.864347,25984.863792582753,40485332190.0
1802.1550344,1802.1470433502732,40485332190.0
3198.3146439,3198.310141140158,40485332190.0
3943.9535793,3943.949927906102,40485332190.0
4645.3863325,4645.383232370537,40485332190.0
3659.2061527,3659.2022171545113,40485332190.0
4162.9117607,4162.908301288994,40485332190.0
3258.9392373,3258.9348183640964,40485332190.0
5754.7079515,5754.7054490351275,40485332190.0
15635.433897,15635.432975598182,40485332190.0
6769.358692,6769.35656459478,40485332190.0
6740.861683,6740.859546628455,40485332190.0
1652.1499946,1652.1412779966115,40485332190.0
9826.0726481,9826.071182530155,40485332190.0
8063.5997392,8063.597953212636,40485332190.0
1841.2289882,1841.2211667474303,40485332190.0
11300.748869,11300.747595336654,40485332190.0
7604.4781462,7604.476252489348,40485332190.0
1161.8521106,1161.8397155066402,40485332190.0
6158.7622732,6158.759934873106,40485332190.0
2616.6069053,2616.6014015328406,40485332190.0
7400.9916462,7400.989700360808,40485332190.0
11304.80525,11304.803976097397,40485332190.0
5427.1537773,5427.151123776615,40485332190.0
425.11011825,425.07624071851967,40485332190.0
1027.3954062,1027.3813890035028,40485332190.0
3495.3321076,3495.327987439566,40485332190.0
3992.9869025,3992.9832959670734,40485332190.0
7630.0821777,7630.0802903135045,40485332190.0
3909.4537985,3909.4501147845235,40485332190.0
5978.9932323,5978.990823670453,40485332190.0
307.27102838,307.2241570288769,40485332190.0
2473.4825366,2473.4767144223083,40485332190.0
6516.8269237,6516.824713922019,40485332190.0
5715.671022,5715.668502358033,40485332190.0
2692.9983447,2692.992997139669,40485332190.0
1568.7707368,1568.7615569667564,40485332190.0
3058.224681,3058.219971999787,40485332190.0
765.72151846,765.7027109859539,40485332190.0
1696.4804478,1696.471958912522,40485332190.0
1624.3379261,1624.3290603276776,40485332190.0
8541.05376,8541.052073879384,40485332190.0
8994.1643018,8994.162700583067,40485332190.0
7090.5643722,7090.562341203601,40485332190.0
1602.8843733,1602.8753888061055,40485332190.0
1373.8240765,1373.8135939229333,40485332190.0
977.17011971,977.1553820274924,40485332190.0
544.97627353,544.9498476861145,40485332190.0
898.11587295,898.0998380053543,40485332190.0
2224.2947218,2224.2882473224217,40485332190.0
5713.6869233,5713.684402937131,40485332190.0
2368.0362366,2368.030155132559,40485332190.0
6886.499999,6886.497907746015,40485332190.0
2969.0844962,2969.079645875286,40485332190.0
6312.4126776,6312.410396206403,40485332190.0
2806.5852476,2806.5801163976707,40485332190.0
5389.8399555,5389.837283632388,40485332190.0
7259.850507,7259.848523337105,40485332190.0
552.11690734,552.0908232816189,40485332190.0
4686.9749067,4686.97183411977,40485332190.0
4279.5005041,4279.49713903549,40485332190.0
5458.9552262,5458.952588104918,40485332190.0
3595.1252809,3595.1212752024176,40485332190.0
2671.124325,2671.1189335290087,40485332190.0
1114.8824813,1114.8695640265692,40485332190.0
769.82994991,769.8112428116823,40485332190.0
7575.8406428,7575.838741962419,40485332190.0
3979.5027356,3979.4991167400294,40485332190.0
4281.5564243,4281.553060729513,40485332190.0
986.14951065,986.1349071606672,40485332190.0
709.32460155,709.3042986887475,40485332190.0
6107.6824427,6107.68008480185,40485332190.0
7961.7597749,7961.757966068046,40485332190.0
4830.3984624,4830.3954810644855,40485332190.0
1094.3015677,1094.2884075388479,40485332190.0
11086.175418,11086.174119001054,40485332190.0
2324.7030776,2324.6968827323803,40485332190.0
1365.605374,1365.5948283848195,40485332190.0
5281.6716336,5281.668906983629,40485332190.0
975.30043415,975.2856682147286,40485332190.0
3274.5610961,3274.5566982724354,40485332190.0
16774.101275,16774.100416794645,40485332190.0
9500.0245232,9500.02300724331,40485332190.0
3523.8055784,3523.8014915631557,40485332190.0
12663.738097,12663.736959101705,40485332190.0
2222.4772819,2222.470802143664,40485332190.0
3751.5656348,3751.561796105888,40485332190.0
345.38905445,345.3473566093553,40485332190.0
3507.8350228,3507.830917384672,40485332190.0
3773.5294621,3773.5256457568526,40485332190.0
6259.9588704,6259.956569889079,40485332190.0
3432.5985937,3432.5943982763633,40485332190.0
4831.0369448,4831.033963846478,40485332190.0
521.08574526,521.0581077919182,40485332190.0
2307.1074711,2307.1012290056938,40485332190.0
5309.526718,5309.524005681462,40485332190.0
29412.536618,29412.53612858217,40485332190.0
11576.229765,11576.22852060602,40485332190.0
1090.2126063,1090.199396790376,40485332190.0
5117.0947866,5117.091972232572,40485332190.0
809.91386513,809.896083891229,40485332190.0
1236.5189277,1236.5072811604118,40485332190.0
2570.7242172,2570.7186151957653,40485332190.0
5672.8937517,5672.891213111939,40485332190.0
3061.0531107,3061.0484060552785,40485332190.0
3246.071832,3246.067395472639,40485332190.0
8385.9404236,8385.938706368986,40485332190.0
2081.6449111,2081.6379930425237,40485332190.0
2411.0081423,2411.002169254775,40485332190.0
6246.6148881,6246.612582718061,40485332190.0
2166.2142494,2166.207601291463,40485332190.0
4465.0824835,4465.0792582569375,40485332190.0
4212.4633817,4212.459963043508,40485332190.0
3343.1444239,3343.1401161837966,40485332190.0
5404.2650314,5404.262366678838,40485332190.0
1806.073543,1806.065569328502,40485332190.0
1995.7296074,1995.7223914356014,40485332190.0
2885.7689464,2885.7639559900927,40485332190.0
2071.6198736,2071.61292194408,40485332190.0
5636.4075182,5636.404963151289,40485332190.0
4043.4158675,4043.4123059048584,40485332190.0
8530.5432989,8530.541610756336,40485332190.0
5390.3697473,5390.367075700107,40485332190.0
3117.9063723,3117.901753414169,40485332190.0
7535.5457522,7535.543841060991,40485332190.0
2895.9761877,2895.9712149180646,40485332190.0
13550.4057,13550.404637007843,40485332190.0
4187.411532,4187.4080928723515,40485332190.0
10561.676694,10561.675330106262,40485332190.0
4914.3523288,4914.349398323434,40485332190.0
14788.195287,14788.194313461876,40485332190.0
4366.7594694,4366.756171576438,40485332190.0
366.68744829,366.648172657386,40485332190.0
590.87303673,590.8486636370596,40485332190.0
1404.5104032,1404.500149745974,40485332190.0
1677.5872453,1677.5786608579285,40485332190.0
4932.0219698,4932.019049909363,40485332190.0
913.0467523,913.0309795782806,40485332190.0
5184.3640026,5184.361224752565,40485332190.0
2427.5672374,2427.5613050984975,40485332190.0
2773.0063469,2773.0011535728354,40485332190.0
956.11818939,956.1031272032405,40485332190.0
1783.6080129,1783.599938784772,40485332190.0
4045.7246942,4045.721134614936,40485332190.0
3889.7801535,3889.776451199386,40485332190.0
10263.454171,10263.452767705021,40485332190.0
2519.1252458,2519.1195290705546,40485332190.0
5117.6852414,5117.682427388077,40485332190.0
2936.904009,2936.899105509279,40485332190.0
1360.6578461,1360.6472621181556,40485332190.0
5403.7474343,5403.744769283908,40485332190.0
3992.0878315,3992.0842240718944,40485332190.0
6821.2491168,6821.247005572093,40485332190.0
2729.252243,2729.2469664604264,40485332190.0
1527.8800366,1527.8706110401465,40485332190.0
5483.147776,5483.145149596621,40485332190.0
1389.9202732,1389.909912060293,40485332190.0
11105.005752,11105.004455022698,40485332190.0
3923.6297139,3923.626043609708,40485332190.0
809.01268167,808.9948806187082,40485332190.0
4937.182257,4937.179340078363,40485332190.0
4323.122908,4323.119576764354,40485332190.0
3620.3187552,3620.3147773629157,40485332190.0
3525.8107081,3525.8066235412184,40485332190.0
1874.7382594,1874.7305777355314,40485332190.0
2634.1970321,2634.1915651148565,40485332190.0
9583.0437624,9583.042259592683,40485332190.0
6168.5291743,6168.526839725793,40485332190.0
6484.1700888,6484.167867850987,40485332190.0
14757.356453,14757.355477304684,40485332190.0
3312.1196056,3312.11525752845,40485332190.0
9657.3143878,9657.312896632124,40485332190.0
6005.7640832,6005.761685310016,40485332190.0
1683.649572,1683.641018460605,40485332190.0
1570.9374075,1570.9282403482307,40485332190.0
6880.4799243,6880.477831191291,40485332190.0
3837.3517178,3837.347964945555,40485332190.0
9387.9238341,9387.9223000964,40485332190.0
7921.7880866,7921.786268695088,40485332190.0
15247.920026,15247.919081422575,40485332190.0
9574.7438301,9574.742326077614,40485332190.0
10840.845542,10840.844214102513,40485332190.0
13362.54915,13362.548072024996,40485332190.0
2431.6769447,2431.671022356485,40485332190.0
1641.810097,1641.8013254278178,40485332190.0
2373.5376644,2373.5315970808842,40485332190.0
5310.0063233,5310.003611177727,40485332190.0
1913.7251932,1913.7176679972968,40485332190.0
1698.6127782,1698.6043000051918,40485332190.0
2862.518692,2862.5136610897375,40485332190.0
3932.6273776,3932.6237156041857,40485332190.0
9554.6723647,9554.670857404382,40485332190.0
860.64164342,860.6249102649921,40485332190.0
8759.7155617,8759.71391774717,40485332190.0
5019.594169,5019.5912999855655,40485332190.0
8249.850973,8249.849227319199,40485332190.0
3951.0412862,3951.037641279462,40485332190.0
3693.2766899,3693.272790675027,40485332190.0
871.9307416,871.9142250961198,40485332190.0
2279.3651212,2279.3588032198577,40485332190.0
448.84479095,448.81270497436986,40485332190.0
5594.1505996,5594.1480253598875,40485332190.0
1250.8453483,1250.8338350756776,40485332190.0
9551.9922056,9551.990697961632,40485332190.0
1894.7348803,1894.7272796328245,40485332190.0
3250.3024842,3250.2980534889443,40485332190.0
5669.4984398,5669.495899760738,40485332190.0
8501.7922519,8501.790557983128,40485332190.0
6060.2231749,6060.2207985338155,40485332190.0
11378.802188,11378.800922487508,40485332190.0
2829.0457074,2829.040616931602,40485332190.0
1655.9456617,1655.9369650725741,40485332190.0
11202.26392,11202.262634428747,40485332190.0
2969.6274157,2969.62256623673,40485332190.0
4056.1813705,4056.1778200279423,40485332190.0
1902.5168421,1902.5092725181883,40485332190.0
9866.9033854,9866.901925904243,40485332190.0
3308.3752325,3308.370879627889,40485332190.0
1673.6694151,1673.6608105793214,40485332190.0
10062.845702,10062.844270814554,40485332190.0
463.8940116,463.8629665920341,40485332190.0
853.71990274,853.7030339167735,40485332190.0
4867.036702,4867.033743114159,40485332190.0
2130.5917754,2130.5850161313565,40485332190.0
570.05470128,570.0294380441377,40485332190.0
6685.8166047,6685.814450744092,40485332190.0
15369.981735,15369.980798263405,40485332190.0
2416.5953697,2416.589410430833,40485332190.0
4849.9094382,4849.906468873374,40485332190.0
3995.9576228,3995.9540189223208,40485332190.0
2472.237078,2472.231252783798,40485332190.0
5669.7184973,5669.71595731324,40485332190.0
9203.0478277,9203.046262875181,40485332190.0
1511.7698703,1511.7603442198088,40485332190.0
8604.1855932,8604.183919436697,40485332190.0
6930.5919728,6930.589894903775,40485332190.0
2517.7300597,2517.7243398671153,40485332190.0
1699.7127148,1699.70424208421,40485332190.0
5711.9448393,5711.942317987986,40485332190.0
11963.067325,11963.066120556843,40485332190.0
2051.192225,2051.185204118072,40485332190.0
7391.1334188,7391.1314703602575,40485332190.0
6324.602359,6324.600081950927,40485332190.0
4536.6675205,4536.6643461163385,40485332190.0
4614.0760982,4614.072977099795,40485332190.0
2410.0355812,2410.029605705422,40485332190.0
8522.7005451,8522.698855394903,40485332190.0
482.16346068,482.13359206131,40485332190.0
4086.0222702,4086.0187457124994,40485332190.0
1290.0653447,1290.054181548841,40485332190.0
1114.1978184,1114.1848932084756,40485332190.0
4371.5875396,4371.58424535158,40485332190.0
12445.233261,12445.232103731267,40485332190.0
8066.6309287,8066.629143497113,40485332190.0
3948.6173797,3948.6137325317636,40485332190.0
5936.5464613,5936.5440355167375,40485332190.0
8792.1939083,8792.19227039918,40485332190.0
2939.5693439,2939.564444889432,40485332190.0
3284.3226979,3284.318313084484,40485332190.0
2491.794734,2491.788954554162,40485332190.0
2848.3269427,2848.3218866986176,40485332190.0
3669.9598659,3669.9559419161865,40485332190.0
1914.223997,1914.216473761381,40485332190.0
2301.9601399,2301.953883921604,40485332190.0
2041.0177754,2041.010719506502,40485332190.0
15112.25754,15112.256587090094,40485332190.0
11828.917551,11828.916334430347,40485332190.0
5674.4773739,5674.474836028863,40485332190.0
5354.2974039,5354.294714272908,40485332190.0
6370.81136,6370.809099459122,40485332190.0
973.53757619,973.5227835229485,40485332190.0
3816.7175074,3816.713734255838,40485332190.0
4452.9372713,4452.934037230244,40485332190.0
1691.9017281,1691.893216296637,40485332190.0
1950.3088787,1950.3014947252166,40485332190.0
6442.4882906,6442.486055250435,40485332190.0
2578.4252631,2578.4196778583255,40485332190.0
1083.0990378,1083.085741536435,40485332190.0
8669.855822,8669.854160904586,40485332190.0
5334.0948418,5334.092141951832,40485332190.0
16404.945418,16404.944540013053,40485332190.0
1921.5849576,1921.5774631927745,40485332190.0
4648.6460061,4648.642908195608,40485332190.0
12096.956744,12096.955552996602,40485332190.0
2938.3699411,2938.365040039032,40485332190.0
2058.8106912,2058.8036963196896,40485332190.0
2584.7812023,2584.7756308185676,40485332190.0
8365.383763,8365.38204150656,40485332190.0
3277.8879708,3277.88357746525,40485332190.0
2485.6318585,2485.6260647633976,40485332190.0
9101.5618432,9101.56026098784,40485332190.0
7638.9978527,7638.9959674821885,40485332190.0
1683.0002283,1682.9916713845591,40485332190.0
3058.5686866,3058.5639782234243,40485332190.0
679.07582415,679.0546168921733,40485332190.0
2012.7330722,2012.7259171595902,40485332190.0
3833.3904141,3833.386657324327,40485332190.0
1715.7035673,1715.6951735864934,40485332190.0
1920.3584239,1920.350924678281,40485332190.0
693.46098363,693.4402163034658,40485332190.0
1342.8643024,1342.8535782428362,40485332190.0
5154.5962919,5154.5934980875345,40485332190.0
3903.2778966,3903.2742070524864,40485332190.0
774.23537968,774.2167790316604,40485332190.0
6820.5312527,6820.529141284974,40485332190.0
10014.82842,10014.82698160885,40485332190.0
2073.1031932,2073.0962465704274,40485332190.0
1486.7776149,1486.7679287359667,40485332190.0
4210.6981526,4210.69473248323,40485332190.0
3300.7002581,3300.6958950326625,40485332190.0
7496.453714,7496.451792989242,40485332190.0
2064.492886,2064.4859103552153,40485332190.0
5427.7727852,5427.770131923815,40485332190.0
2412.1687651,2412.1627948635282,40485332190.0
1027.1574043,1027.1433838307148,40485332190.0
2998.3894603,2998.3846573525752,40485332190.0
1224.6274546,1224.6156949618137,40485332190.0
3662.0681069,3662.0641743315336,40485332190.0
6047.7458539,6047.74347274608,40485332190.0
5342.1223342,5342.119638478573,40485332190.0
3529.4305446,3529.426464306341,40485332190.0
6674.9704678,6674.968310237246,40485332190.0
2031.0242728,2031.0171821675701,40485332190.0
3327.5823192,3327.5779913886777,40485332190.0
13656.799052,13656.797997276073,40485332190.0
1006.2724175,1006.258106112823,40485332190.0
7067.4544602,7067.4524225302275,40485332190.0
3686.5109648,3686.5070583214524,40485332190.0
1718.2402415,1718.231860230674,40485332190.0
3257.2801751,3257.2757538964374,40485332190.0
3688.1641479,3688.160243161279,40485332190.0
2652.8808588,2652.8754303235933,40485332190.0
3139.1239428,3139.1193551286347,40485332190.0
3249.6553038,3249.6508722064314,40485332190.0
11936.316659,11936.315452021718,40485332190.0
2854.7681116,2854.7630670790054,40485332190.0
4269.5529013,4269.549528309063,40485332190.0
2949.3596196,2949.3547367610913,40485332190.0
3882.1406721,3882.13696254735,40485332190.0
2213.5225692,2213.516063168448,40485332190.0
2924.5275359,2924.5226117194034,40485332190.0
4145.5349093,4145.531435458758,40485332190.0
4311.267318,4311.26397763381,40485332190.0
2076.3108433,2076.3039073958707,40485332190.0
1166.9087463,1166.8964050123204,40485332190.0
10832.692252,10832.690922968197,40485332190.0
18590.489833,18590.489058289088,40485332190.0
3081.3671196,3081.3624459944394,40485332190.0
1260.3460179,1260.3345915752366,40485332190.0
1557.663171,1557.6539257268753,40485332190.0
2261.5070697,2261.5007017235584,40485332190.0
6981.1315593,6981.129496499521,40485332190.0
11893.589977,11893.588766044157,40485332190.0
7136.775898,7136.7738800759535,40485332190.0
3697.333385,3697.3294900396763,40485332190.0
2097.7151064,2097.708241178797,40485332190.0
15186.216566,15186.215617370945,40485332190.0
2408.8320514,2408.826072874383,40485332190.0
9204.9454469,9204.943882403779,40485332190.0
7699.6025055,7699.600635065697,40485332190.0
6589.4582298,6589.456044350193,40485332190.0
4954.485845,4954.482938332819,40485332190.0
1333.7955598,1333.7847627244707,40485332190.0
6948.2140873,6948.212014579079,40485332190.0
4959.2701876,4959.267283729721,40485332190.0
4086.3734983,4086.3699741342493,40485332190.0
3121.7205486,3121.7159353270667,40485332190.0
4653.9047112,4653.9016167498285,40485332190.0
6629.8443511,6629.842178918288,40485332190.0
3166.6950989,3166.6905511956647,40485332190.0
5129.8151838,5129.812376464866,40485332190.0
2399.4180855,2399.41208355884,40485332190.0
3672.4128834,3672.4089619549554,40485332190.0
1727.9086124,1727.9002779637738,40485332190.0
4792.5638768,4792.560871889051,40485332190.0
2022.6140155,2022.6068954660043,40485332190.0
5777.3727413,5777.370248604708,40485332190.0
5277.8117298,5277.809001108313,40485332190.0
2977.6593757,2977.6545393053743,40485332190.0
517.80353017,517.7757175022679,40485332190.0
2744.5898013,2744.5845542581364,40485332190.0
3898.1723718,3898.168677493042,40485332190.0
7019.3550651,7019.353013483501,40485332190.0
6251.0921446,6251.089840846553,40485332190.0
3563.0874292,3563.0833874377035,40485332190.0
7256.4118352,7256.4098505108395,40485332190.0
6376.8054683,6376.803209864863,40485332190.0
1446.4625595,1446.4526034266632,40485332190.0
6852.504609,6852.502507368366,40485332190.0
7048.3920837,7048.3900404847145,40485332190.0
2200.3418515,2200.335306568382,40485332190.0
4297.1789138,4297.175562478173,40485332190.0
7347.6762865,7347.674326522058,40485332190.0
2108.3907788,2108.383948482063,40485332190.0
5861.8121033,5861.809646509906,40485332190.0
5377.0133548,5377.010676461942,40485332190.0
11804.982711,11804.981490885639,40485332190.0
7727.7898298,7727.787966222432,40485332190.0
11491.399009,11491.397755960123,40485332190.0
3973.1304487,3973.126824085757,40485332190.0
3271.5881741,3271.583772303406,40485332190.0
416.50622859,416.47165117713064,40485332190.0
1546.8677639,1546.858454030425,40485332190.0
10292.281258,10292.279858241436,40485332190.0
3121.4892521,3121.4846385305896,40485332190.0
4125.9018118,4125.898321391627,40485332190.0
11219.443021,11219.441737603458,40485332190.0
1911.1190517,1911.1115162612898,40485332190.0
4504.9068672,4504.903670425507,40485332190.0
3164.9305211,3164.925970895724,40485332190.0
2996.947976,2996.9431707360836,40485332190.0
4602.1421227,4602.138993518811,40485332190.0
1441.4893598,1441.4793694001546,40485332190.0
2031.5316054,2031.5245166067634,40485332190.0
1829.3292566,1829.321384216886,40485332190.0
1373.4368103,1373.4263248600446,40485332190.0
6615.6332961,6615.631119356158,40485332190.0
8104.7713511,8104.769574247525,40485332190.0
1176.1424394,1176.130194977496,40485332190.0
4839.1191915,4839.116215580026,40485332190.0
3126.994435,3126.9898295580965,40485332190.0
2424.1348287,2424.128888012627,40485332190.0
4768.4821674,4768.479147371386,40485332190.0
2610.0110177,2610.005500030318,40485332190.0
3055.3304567,3055.3257432667815,40485332190.0
4500.7744037,4500.771204024722,40485332190.0
2934.5351648,2934.530257400952,40485332190.0
11007.710106,11007.708796946496,40485332190.0
12230.866469,12230.865291614702,40485332190.0
2679.0514821,2679.0461066704465,40485332190.0
11552.238828,11552.237581982547,40485332190.0
1517.6716249,1517.6621358677796,40485332190.0
3142.8802496,3142.875667487108,40485332190.0
1431.6664965,1431.65643754047,40485332190.0
6599.419892,6599.417709760614,40485332190.0
4116.4634773,4116.459978891193,40485332190.0
18095.254786,18095.253989864206,40485332190.0
2405.3027887,2405.296801436491,40485332190.0
10601.018567,10601.017208496063,40485332190.0
9366.3227571,9366.321219496496,40485332190.0
2305.425061,2305.418814379205,40485332190.0
4175.837607,4175.834158358817,40485332190.0
6214.5178753,6214.515557974538,40485332190.0
1832.9128092,1832.9049522495131,40485332190.0
3694.5479658,3694.5440679159474,40485332190.0
11758.286731,11758.285506295884,40485332190.0
2636.6246384,2636.619176413358,40485332190.0
1148.7303011,1148.717764459496,40485332190.0
3585.2395201,3585.2355033400354,40485332190.0
1238.0121651,1238.0005326084847,40485332190.0
4574.2930464,4574.289898054503,40485332190.0
4600.0992562,4600.096125510992,40485332190.0
10938.123368,10938.122050556562,40485332190.0
8551.5111327,8551.509448695944,40485332190.0
4766.5235911,4766.520569840467,40485332190.0
3420.14448,3420.140269333752,40485332190.0
3432.4141673,3432.409971638365,40485332190.0
6282.1259285,6282.123636179251,40485332190.0
1543.7384984,1543.729169622506,40485332190.0
7827.7084744,7827.7066346747015,40485332190.0
4946.6041871,4946.601275745303,40485332190.0
7596.0083844,7596.006488499622,40485332190.0
11889.909852,11889.90864033526,40485332190.0
2442.6059739,2442.600078124191,40485332190.0
1987.3851234,1987.3778771410966,40485332190.0
1092.839815,1092.8266372282492,40485332190.0
1499.8991682,1499.8895668479524,40485332190.0
1964.1416946,1964.1343625744478,40485332190.0
6554.9379814,6554.935784376039,40485332190.0
4390.1935528,4390.190272497787,40485332190.0
1464.1819151,1464.1720794394305,40485332190.0
7766.2681751,7766.266320831551,40485332190.0
1676.1305268,1676.1219348696357,40485332190.0
14595.442761,14595.441774487468,40485332190.0
2574.6997443,2574.6941509163726,40485332190.0
4716.1320784,4716.129024745732,40485332190.0
2055.8206982,2055.813693063334,40485332190.0
1541.2340125,1541.2246686282308,40485332190.0
1049.7084033,1049.6946840767127,40485332190.0
4915.7595884,4915.75665884646,40485332190.0
2720.3007658,2720.295471829794,40485332190.0
3652.3185965,3652.3146535110805,40485332190.0
13186.470857,13186.469764887004,40485332190.0
2531.8721748,2531.866486902209,40485332190.0
3002.3773892,3002.3725925622325,40485332190.0
9234.7406707,9234.739111198436,40485332190.0
229.8659596,229.8033010333708,40485332190.0
4212.7100861,4212.706667602609,40485332190.0
8537.2745971,8537.27291020597,40485332190.0
5911.1845005,5911.182064228532,40485332190.0
14995.101634,14995.1006733803,40485332190.0
4773.6808745,4773.677857692045,40485332190.0
800.88201768,800.864035915707,40485332190.0
4195.5730418,4195.569609274615,40485332190.0
17444.351125,17444.350299807353,40485332190.0
864.19582682,864.17916248727,40485332190.0
2056.817315,2056.8103132795713,40485332190.0
3210.0892449,3210.084758772722,40485332190.0
12913.573228,12913.57211187137,40485332190.0
2427.5790121,2427.573079792897,40485332190.0
3373.0132507,3373.008981197021,40485332190.0
5484.6550194,5484.652393684683,40485332190.0
6607.4292339,6607.427054348288,40485332190.0
2977.6090805,2977.604244025727,40485332190.0
2968.6572741,2968.652423096937,40485332190.0
5800.6901916,5800.687708988328,40485332190.0
3725.3973025,3725.393436774894,40485332190.0
4322.2068069,4322.203475026684,40485332190.0
9892.4849058,9892.48345013226,40485332190.0
4129.899611,4129.896123896927,40485332190.0
8636.1677833,8636.166115759797,40485332190.0
1410.7623882,1410.7521801690623,40485332190.0
4758.7102637,4758.707237419944,40485332190.0
2814.1553855,2814.1502681319234,40485332190.0
5656.0336159,5656.031069746455,40485332190.0
1347.3208239,1347.310135158469,40485332190.0
14135.36951,14135.368491348265,40485332190.0
4773.822422,4773.819405393089,40485332190.0
1643.8210651,1643.8123043120113,40485332190.0
3359.061425,3359.0571376946214,40485332190.0
1161.6818645,1161.6694676306881,40485332190.0
5204.6137975,5204.6110304739295,40485332190.0
4973.5067283,4973.503832796235,40485332190.0
897.86597546,897.8499360529256,40485332190.0
5858.9939624,5858.991504408357,40485332190.0
4097.1996186,4097.1961036912,40485332190.0
3544.0453699,3544.041306453702,40485332190.0
10417.537552,10417.536169710847,40485332190.0
5856.6846591,5856.682200183972,40485332190.0
4111.487128,4111.48362538709,40485332190.0
4093.8096213,4093.80610352774,40485332190.0
5715.60083,5715.59831038431,40485332190.0
8862.9710854,8862.969460622808,40485332190.0
2338.0700957,2338.0639362948796,40485332190.0
8514.0597123,8514.058020863638,40485332190.0
1856.5286647,1856.5209076755377,40485332190.0
2769.682346,2769.6771464438007,40485332190.0
11961.446695,11961.44549030369,40485332190.0
2571.2760102,2571.270409448483,40485332190.0
2159.9430753,2159.936407951023,40485332190.0
6317.9557803,6317.9535009811225,40485332190.0
5999.5762092,5999.573808833161,40485332190.0
12011.620506,12011.619306544777,40485332190.0
5175.275978,5175.273195349891,40485332190.0
189.2000333,189.1239021942219,40485332190.0
6388.8811529,6388.878898839659,40485332190.0
3245.197958,3245.193520327531,40485332190.0
4650.6092745,4650.606177948488,40485332190.0
2613.6356345,2613.630124470913,40485332190.0
8158.7233081,8158.721542949435,40485332190.0
2640.577059,2640.5716051919794,40485332190.0
3305.6926404,3305.6882839364534,40485332190.0
2827.4126932,2827.407599775513,40485332190.0
5811.1899119,5811.18743365644,40485332190.0
4036.7392349,4036.735667378201,40485332190.0
1233.727631,1233.7159581165106,40485332190.0
1546.430327,1546.4210145011068,40485332190.0
2216.1126951,2216.106196665595,40485332190.0
2752.0105436,2752.005310598291,40485332190.0
10621.842822,10621.84146598441,40485332190.0
3067.714303,3067.709608637775,40485332190.0
3102.6428874,3102.6382458050607,40485332190.0
614.36237491,614.3389337212301,40485332190.0
4883.2115258,4883.208576655656,40485332190.0
1908.6682941,1908.6607490250697,40485332190.0
1204.2937097,1204.281751574946,40485332190.0
1446.8672697,1446.8573163876101,40485332190.0
6067.46147,6067.459096547388,40485332190.0
15711.610266,15711.609350003857,40485332190.0
16388.903069,16388.902190119436,40485332190.0
2584.1132635,2584.107690567258,40485332190.0
4025.0931344,4025.089556553058,40485332190.0
7034.1159543,7034.113906997587,40485332190.0
4592.9723634,4592.969227890861,40485332190.0
12238.734451,12238.733273927024,40485332190.0
2819.5022763,2819.4971686152367,40485332190.0
9117.8015672,9117.799987756616,40485332190.0
4087.2391487,4087.2356252345858,40485332190.0
7422.9016337,7422.899693618057,40485332190.0
6979.1545208,6979.152457331418,40485332190.0
5841.8633957,5841.860930533945,40485332190.0
8539.4785765,8539.476890053764,40485332190.0
2772.0583184,2772.0531233129386,40485332190.0
7975.188422,7975.186616302609,40485332190.0
764.44059236,764.4217533695256,40485332190.0
4272.7614149,4272.758044502591,40485332190.0
2072.0968681,2072.089918090199,40485332190.0
6660.7887863,6660.786624319681,40485332190.0
4713.6324695,4713.629414245582,40485332190.0
2669.0711208,2669.06572516006,40485332190.0
2201.8754887,2201.8689483756175,40485332190.0
4338.5055504,4338.502230993839,40485332190.0
13509.38712,13509.3860539731,40485332190.0
3861.2397739,3861.236044239414,40485332190.0
4416.305134,4416.301873147046,40485332190.0
3620.1299853,3620.126007225367,40485332190.0
4975.5048439,4975.501949469482,40485332190.0
1391.0023438,1390.9919906633384,40485332190.0
2874.0951063,2874.0900956962655,40485332190.0
4008.9338186,4008.930226333249,40485332190.0
7124.6267676,7124.624746308269,40485332190.0
6855.7938098,6855.791709166424,40485332190.0
2516.0848144,2516.0790907931637,40485332190.0
2612.5740214,2612.568509221626,40485332190.0
2165.2574267,2165.2507756731925,40485332190.0
3402.4216954,3402.41746283556,40485332190.0
7030.7385312,7030.736482816293,40485332190.0
1933.9857963,1933.9783499330954,40485332190.0
8056.4848762,8056.483088620265,40485332190.0
112.9870732,112.85954319348366,40485332190.0
6583.0768578,6583.074670204304,40485332190.0
2573.8138417,2573.8082465241982,40485332190.0
5665.4969998,5665.494457865145,40485332190.0
4284.5562109,4284.552849784015,40485332190.0
1010.9303345,1010.9160889432593,40485332190.0
2287.2416527,2287.235356488926,40485332190.0
4884.5252901,4884.522341769504,40485332190.0
8037.9772566,8037.975465003827,40485332190.0
5859.7208992,5859.718441525541,40485332190.0
1874.4970703,1874.4893876320427,40485332190.0
1229.6378779,1229.626166157805,40485332190.0
5337.215094,5337.212395734918,40485332190.0
3271.2260867,3271.2216843326046,40485332190.0
5864.3981553,5864.395699634636,40485332190.0
12069.845573,12069.844380254788,40485332190.0
3559.7626416,3559.7585960616275,40485332190.0
5420.6096357,5420.606978939661,40485332190.0
2232.3026822,2232.296230959324,40485332190.0
10802.078798,10802.07746560806,40485332190.0
3653.6188913,3653.6149497041,40485332190.0
3485.4625056,3485.4583738532824,40485332190.0
1732.4444541,1732.4361415627632,40485332190.0
3920.215712,3920.2120384621844,40485332190.0
1769.7486686,1769.7405311569578,40485332190.0
3839.686563,3839.682812433989,40485332190.0
6290.8322461,6290.829956904653,40485332190.0
1565.4494466,1565.4402471862684,40485332190.0
3957.9060286,3957.9023900162024,40485332190.0
6228.8689546,6228.866642627102,40485332190.0
2248.5736076,2248.567202984483,40485332190.0
4341.2081667,4341.2048494787305,40485332190.0
2235.5278099,2235.52136795822,40485332190.0
4150.9425091,4150.939039768952,40485332190.0
5723.0342182,5723.031701937071,40485332190.0
2453.0677126,2453.0618419211887,40485332190.0
6081.2389296,6081.236561455954,40485332190.0
1803.3178413,1803.3098553512152,40485332190.0
4373.3025662,4373.299273217919,40485332190.0
11379.2345,11379.23323438664,40485332190.0
13821.053935,13821.052893224312,40485332190.0
4985.1049071,4985.102018186932,40485332190.0
2285.8595225,2285.853222380719,40485332190.0
4099.9790672,4099.975554720185,40485332190.0
11532.963962,11532.96271276598,40485332190.0
12255.718662,12255.717487310452,40485332190.0
7798.5576077,7798.555761070357,40485332190.0
2372.9107391,2372.904670050015,40485332190.0
3839.7663054,3839.762554866313,40485332190.0
6573.4359126,6573.433721812491,40485332190.0
5421.1573602,5421.154703796087,40485332190.0
2992.8653704,2992.8605585137007,40485332190.0
345.78427859,345.7426284098102,40485332190.0
3182.1886248,3182.18409919498,40485332190.0
1047.5487565,1047.5350089695062,40485332190.0
2051.4419789,2051.4349588269006,40485332190.0
534.77194222,534.7450120998134,40485332190.0
16987.039282,16987.03843439429,40485332190.0
571.89290887,571.8677268375424,40485332190.0
2359.3562694,2359.3501655476985,40485332190.0
3092.7637354,3092.75907903466,40485332190.0
4649.3554834,4649.352385885394,40485332190.0
5067.0357985,5067.032956455662,40485332190.0
3835.6912784,3835.687523860813,40485332190.0
2273.890934,2273.8846006881,40485332190.0
2206.4253232,2206.418796351633,40485332190.0
8443.9933232,8443.991617673879,40485332190.0
1033.1620777,1033.1481387097751,40485332190.0
3301.2381339,3301.2337715888816,40485332190.0
14748.57936,14748.578383812863,40485332190.0
1455.8881103,1455.8782186191977,40485332190.0
4753.2369167,4753.233886928928,40485332190.0
3534.849888,3534.845813899251,40485332190.0
5356.592292,5356.589603522079,40485332190.0
686.09800323,686.0770130356226,40485332190.0
2421.5001657,2421.4942184386737,40485332190.0
191.47442319,191.39919674966762,40485332190.0
2245.7626626,2245.7562499449264,40485332190.0
10199.193092,10199.191680145123,40485332190.0
1855.4795675,1855.471806172769,40485332190.0
4182.9797342,4182.976291382614,40485332190.0
9226.4151751,9226.413614287401,40485332190.0
3351.7233634,3351.719066820164,40485332190.0
2600.4483325,2600.4427945591874,40485332190.0
12598.986042,12598.984898820156,40485332190.0
5173.6523353,5173.649551786415,40485332190.0
5432.1974694,5432.194818353573,40485332190.0
2713.955958,2713.950651719225,40485332190.0
1896.3790968,1896.371502826284,40485332190.0
1388.0342304,1388.0238552295866,40485332190.0
1186.7778923,1186.7657576381653,40485332190.0
1904.1969309,1904.189368030291,40485332190.0
4671.321406,4671.318323133074,40485332190.0
7610.8484117,7610.846519589515,40485332190.0
6382.0030371,6382.000780579717,40485332190.0
3237.3207833,3237.3163347944273,40485332190.0
9663.224995,9663.22350471709,40485332190.0
6974.5056144,6974.503549487938,40485332190.0
4557.7918875,4557.788727858304,40485332190.0
1418.4264257,1418.4162728043173,40485332190.0
2356.7769106,2356.7708000363723,40485332190.0
3185.918419,3185.913898734991,40485332190.0
4808.7941598,4808.791165001847,40485332190.0
4202.4644795,4202.461052743411,40485332190.0
1740.8019885,1740.7937158037541,40485332190.0
693.18240003,693.1616243596377,40485332190.0
4180.652499,4180.649054281255,40485332190.0
5670.4071158,5670.40457604453,40485332190.0
4906.2859098,4906.282974603287,40485332190.0
4240.1858022,4240.182405789562,40485332190.0
4435.6945389,4435.691292216555,40485332190.0
6354.4024196,6354.400153306908,40485332190.0
7927.3002297,7927.298413126097,40485332190.0
1782.0535268,1782.0454456031725,40485332190.0
15778.730292,15778.729379120423,40485332190.0
12362.574374,12362.573208502128,40485332190.0
14182.961226,14182.960211109184,40485332190.0
3441.8983978,3441.8942136916057,40485332190.0
3678.9423376,3678.938423084309,40485332190.0
2627.9938214,2627.988341472833,40485332190.0
7045.4300639,7045.428019884669,40485332190.0
749.0501689,749.0309428225852,40485332190.0
2731.1130973,2731.107824348789,40485332190.0
4702.3598029,4702.356740361235,40485332190.0
4067.0119672,4067.008426201302,40485332190.0
1899.497428,1899.4898463680804,40485332190.0
3822.3565105,3822.3527428896386,40485332190.0
10369.415981,10369.414591500996,40485332190.0
6523.4567106,6523.454503049439,40485332190.0
2055.0040809,2054.99707310062,40485332190.0
1181.1803425,1181.1681502982042,40485332190.0
5795.457078,5795.454593121338,40485332190.0
10440.552938,10440.551558680558,40485332190.0
5559.7464154,5559.743825099855,40485332190.0
3342.1309288,3342.126619836696,40485332190.0
3431.2319764,3431.2277793729745,40485332190.0
2218.5590706,2218.552579339334,40485332190.0
4856.4745214,4856.471556066159,40485332190.0
3248.4118562,3248.4074228926715,40485332190.0
4000.1561961,4000.1525960077893,40485332190.0
3997.9096647,3997.9060625466323,40485332190.0
2503.7217194,2503.7159675147077,40485332190.0
5769.9425727,5769.940076850258,40485332190.0
666.96482822,666.943235861499,40485332190.0
4252.1575734,4252.154186612768,40485332190.0
3994.4847126,3994.4811072679486,40485332190.0
20164.925249,20164.924534769434,40485332190.0
7654.8303193,7654.828438052587,40485332190.0
5334.2424316,5334.23973186054,40485332190.0
1187.8305562,1187.8184323065075,40485332190.0
3960.0941385,3960.090502034178,40485332190.0
1950.1057935,1950.0984087257928,40485332190.0
4775.5637975,4775.560781952235,40485332190.0
24594.417394,24594.41680773619,40485332190.0
1526.6443064,1526.634873161801,40485332190.0
1505.9082616,1505.898698504437,40485332190.0
3429.1880737,3429.183874112979,40485332190.0
4630.7292401,4630.726130186442,40485332190.0
7032.0608578,7032.058809884113,40485332190.0
2281.5370396,2281.530727546481,40485332190.0
8285.812769,8285.811030917888,40485332190.0
1303.237646,1303.2265957431289,40485332190.0
3745.8916096,3745.887765102463,40485332190.0
5334.5569364,5334.554236810954,40485332190.0
874.26060847,874.2441359812726,40485332190.0
1786.6028294,1786.5947687785876,40485332190.0
5971.4026782,5971.400266592958,40485332190.0
8222.1559958,8222.154244250896,40485332190.0
653.3909516,653.3689106565974,40485332190.0
2687.2345911,2687.2292319624803,40485332190.0
3611.1258655,3611.121877597817,40485332190.0
7829.4545467,7829.452707356434,40485332190.0
3899.8213023,3899.8176095603894,40485332190.0
2112.9300527,2112.9232369774777,40485332190.0
4606.0652195,4606.062093005734,40485332190.0
2348.5950842,2348.588952382308,40485332190.0
7866.8489152,7866.847084566952,40485332190.0
2620.698171,2620.6926758413747,40485332190.0
7206.1651142,7206.163115798356,40485332190.0
4645.7186984,4645.7155985296795,40485332190.0
4123.1682834,4123.164790672942,40485332190.0
2663.2762271,2663.270819774531,40485332190.0
2843.806995,2843.8019309510883,40485332190.0
2909.9871227,2909.9821738195255,40485332190.0
3390.0260935,3390.021845384663,40485332190.0
2837.3183948,2837.3133191601764,40485332190.0
6697.4657964,6697.463646196606,40485332190.0
734.70588858,734.6862871323527,40485332190.0
13740.537948,13740.536900109704,40485332190.0
2844.4827471,2844.477684282522,40485332190.0
4991.6941261,4991.691241084675,40485332190.0
2208.0830455,2208.0765235906997,40485332190.0
4944.1984425,4944.195529760486,40485332190.0
6308.505522,6308.503239173808,40485332190.0
830.73405892,830.7167233274678,40485332190.0
2625.2035418,2625.1980560994302,40485332190.0
1599.3757043,1599.3667000848084,40485332190.0
6005.8335395,6005.83114161676,40485332190.0
11709.634125,11709.632894787994,40485332190.0
1988.3273663,1988.320123428002,40485332190.0
2450.8649785,2450.8591025188043,40485332190.0
9375.0970437,9375.095507657865,40485332190.0
7243.5762333,7243.574245085102,40485332190.0
8224.6878366,8224.686085610829,40485332190.0
2316.2270303,2316.220812867367,40485332190.0
5905.248274,5905.245835295889,40485332190.0
3999.1832568,3999.1796557656444,40485332190.0
6424.0921766,6424.089934940533,40485332190.0
3380.3374955,3380.333235206122,40485332190.0
3984.5394067,3984.535792475116,40485332190.0
1551.054428,1551.0451432620914,40485332190.0
6679.1900175,6679.187861373513,40485332190.0
3493.2177115,3493.2135888922294,40485332190.0
7233.3151631,7233.313172196432,40485332190.0
7714.280577,7714.278710173267,40485332190.0
7275.0150423,7275.013062744837,40485332190.0
1146.8848431,1146.8722862619907,40485332190.0
5281.2087994,5281.2060725349575,40485332190.0
8802.8407884,8802.839152383773,40485332190.0
5166.1697498,5166.166962240337,40485332190.0
3941.3986385,3941.3949846860387,40485332190.0
1787.5046243,1787.496567752765,40485332190.0
2598.9958815,2598.99034050884,40485332190.0
3790.8533588,3790.849559835063,40485332190.0
5014.6481377,5014.645265845606,40485332190.0
518.28665562,518.258868876531,40485332190.0
1840.5388684,1840.5310439688408,40485332190.0
8704.0890759,8704.087421403192,40485332190.0
1158.3668494,1158.3544170531507,40485332190.0
15884.946549,15884.945641439164,40485332190.0
5929.1014009,5929.098971968998,40485332190.0
3456.7000601,3456.6958939477568,40485332190.0
2207.4174766,2207.4109526961133,40485332190.0
2108.8430107,2108.836181775826,40485332190.0
2907.7285364,2907.723583649439,40485332190.0
3445.490283,3445.486103276277,40485332190.0
3337.8686398,3337.864325369507,40485332190.0
13065.079309,13065.078206498438,40485332190.0
2767.7305258,2767.7253225686413,40485332190.0
4922.6525638,4922.649638222959,40485332190.0
478.04773397,478.01760819256697,40485332190.0
1011.0352747,1011.0210307137831,40485332190.0
2867.0712327,2867.0662097301474,40485332190.0
1779.0876435,1779.0795488949996,40485332190.0
3742.6393585,3742.6355105908847,40485332190.0
6202.3583224,6202.356000519651,40485332190.0
13360.810053,13360.808975252567,40485332190.0
5521.3230437,5521.320435405985,40485332190.0
29398.728854,29398.72836410866,40485332190.0
6175.384351,6175.382018914647,40485332190.0
3629.945312,3629.9413446900367,40485332190.0
2768.8910088,2768.8858077862765,40485332190.0
543.0391101,543.0125899775708,40485332190.0
4851.7090005,4851.706032274799,40485332190.0
1745.7920325,1745.783783437542,40485332190.0
3240.5551779,3240.5507338167363,40485332190.0
2373.2961746,2373.290106582508,40485332190.0
1426.6570938,1426.6469994072097,40485332190.0
5704.023873,5704.021348230867,40485332190.0
2067.9516354,2067.9446714658425,40485332190.0
2217.5822068,2217.575712691981,40485332190.0
6549.2821038,6549.279904863446,40485332190.0
2332.8574063,2332.851233098083,40485332190.0
6200.9785667,6200.976244305787,40485332190.0
8831.0422235,8831.040592854577,40485332190.0
6754.4105483,6754.408416148404,40485332190.0
4386.8224017,4386.819118872293,40485332190.0
7318.4331811,7318.431213321807,40485332190.0
7305.7800052,7305.778034053185,40485332190.0
4217.8915455,4217.888131222775,40485332190.0
1489.6538192,1489.6441517083229,40485332190.0
4093.4809441,4093.477426043189,40485332190.0
3009.3791621,3009.374376675858,40485332190.0
7420.3251581,7420.323217283824,40485332190.0
556.8695823,556.8437208783645,40485332190.0
1153.9575094,1153.9450295768268,40485332190.0
3209.7926355,3209.7881488638827,40485332190.0
3416.3418869,3416.3376716223906,40485332190.0
2890.1035799,2890.0985970266906,40485332190.0
2436.1597113,2436.1537998969357,40485332190.0
4405.7456296,4405.74236086573,40485332190.0
2658.1385593,2658.13314148056,40485332190.0
2240.6357547,2240.629327448811,40485332190.0
5393.9778126,5393.975142732981,40485332190.0
1765.2416976,1765.2335394494073,40485332190.0
7666.0959661,7666.094087536933,40485332190.0
2815.6342904,2815.629175676808,40485332190.0
3403.6916159,3403.6873848946243,40485332190.0
12289.651703,12289.6505313296,40485332190.0
14597.448974,14597.447988310603,40485332190.0
1607.7024473,1607.6934896396483,40485332190.0
7439.0890124,7439.08707645245,40485332190.0
8172.2625922,8172.260830074142,40485332190.0
8283.2934253,8283.291686786422,40485332190.0
10810.207005,10810.205672385322,40485332190.0
4532.5995146,4532.596337366271,40485332190.0
4932.2443936,4932.241473842091,40485332190.0
9342.522602,9342.521060572473,40485332190.0
1865.1911174,1865.183396355015,40485332190.0
3445.9198602,3445.9156809862598,40485332190.0
990.79575855,990.7812235450148,40485332190.0
2201.0298237,2201.023280792274,40485332190.0
4071.4478847,4071.444347675738,40485332190.0
9664.3201163,9664.318626178818,40485332190.0
3449.148641,3449.144465789736,40485332190.0
4967.044327,4967.041427623181,40485332190.0
2859.7368259,2859.7317900917055,40485332190.0
1842.4001885,1842.39237198371,40485332190.0
8387.7362746,8387.734557682486,40485332190.0
5063.2111084,5063.208264107672,40485332190.0
525.31771655,525.2903017446927,40485332190.0
14646.278812,14646.27782853541,40485332190.0
4904.2363706,4904.233434134542,40485332190.0
11670.706457,11670.705222749652,40485332190.0
8250.0733722,8250.071626631896,40485332190.0
6097.9437183,6097.941356635212,40485332190.0
10881.693846,10881.692522162522,40485332190.0
1588.7417919,1588.7327274014046,40485332190.0
7773.1237382,7773.121885440094,40485332190.0
3859.0138443,3859.010112458544,40485332190.0
3522.5083379,3522.5042495964303,40485332190.0
4448.6605185,4448.6572813632165,40485332190.0
6515.8286235,6515.826413353519,40485332190.0
4982.9862816,4982.983391614858,40485332190.0
5414.6727899,5414.670130232277,40485332190.0
7197.8031391,7197.801138351796,40485332190.0
6211.5902458,6211.58792741511,40485332190.0
4840.2814985,4840.278523275927,40485332190.0
3179.4885647,3179.4840352625943,40485332190.0
3759.4841951,3759.480364551568,40485332190.0
19976.332242,19976.331521003674,40485332190.0
1461.1174628,1461.107606596492,40485332190.0
2311.301361,2311.2951301717944,40485332190.0
2596.024698,2596.0191506633487,40485332190.0
1295.8730563,1295.8619431377933,40485332190.0
2710.7602471,2710.7549345533553,40485332190.0
2438.4385038,2438.4325979120185,40485332190.0
6229.8375457,6229.835234025882,40485332190.0
9325.3741505,9325.372606218722,40485332190.0
1985.1551523,1985.147897842016,40485332190.0
4588.7314211,4588.728282654521,40485332190.0
1029.0646095,1029.0506150763163,40485332190.0
8536.9341789,8536.932492026066,40485332190.0
6701.1331909,6701.131041902529,40485332190.0
4837.0568544,4837.053877186453,40485332190.0
1611.5182362,1611.50929980816,40485332190.0
2636.6798213,2636.6743594878367,40485332190.0
1729.0284167,1729.0200877153459,40485332190.0
3216.7108059,3216.706328847034,40485332190.0
4386.4542469,4386.4509638184745,40485332190.0
3581.9543406,3581.950320154218,40485332190.0
1496.4113613,1496.4017374677603,40485332190.0
19274.81492,19274.814172937677,40485332190.0
8234.9463269,8234.944578067529,40485332190.0
1988.9765014,1988.9692609210742,40485332190.0
1462.170154,1462.1603047444148,40485332190.0
1218.4103965,1218.3985768919292,40485332190.0
5830.0228699,5830.020399653119,40485332190.0
4161.7055208,4161.702060425333,40485332190.0
4802.9036303,4802.900631820909,40485332190.0
8313.1086938,8313.106961528438,40485332190.0
4139.6937799,4139.690301067731,40485332190.0
2349.5688711,2349.5627417939854,40485332190.0
1775.6856317,1775.6775214615377,40485332190.0
5487.7370131,5487.734388835976,40485332190.0
3375.5613291,3375.557062748976,40485332190.0
5979.3049855,5979.30257701812,40485332190.0
3481.1317261,3481.1275891813225,40485332190.0
2359.1393993,2359.1332948411823,40485332190.0
1335.7611133,1335.7503320542216,40485332190.0
9689.3596505,9689.358164221258,40485332190.0
2183.2024951,2183.1958986941527,40485332190.0
7059.5577439,7059.555703928842,40485332190.0
8544.4695703,8544.467884860898,40485332190.0
4655.8106257,4655.807532577809,40485332190.0
6950.6364405,6950.634368582583,40485332190.0
2930.5167218,2930.5118076272893,40485332190.0
5374.4093542,5374.406674646391,40485332190.0
9477.0351227,9477.033603113356,40485332190.0
14583.577322,14583.576335049374,40485332190.0
1486.4571728,1486.4474846030437,40485332190.0
10713.35533,10713.35398511325,40485332190.0
4492.5010523,4492.497846683173,40485332190.0
3502.0674104,3502.0632982043217,40485332190.0
1808.9946383,1808.9866774805766,40485332190.0
3729.5406149,3729.5367535405535,40485332190.0
5382.9547829,5382.952107569854,40485332190.0
2254.9297219,2254.923335394604,40485332190.0
1885.0091793,1885.0015394560767,40485332190.0
6216.6401401,6216.637823570781,40485332190.0
845.33240184,845.3153656445427,40485332190.0
3280.3519529,3280.3475627145567,40485332190.0
2087.719229,2087.7123308977802,40485332190.0
5569.1170789,5569.114492952815,40485332190.0
1898.2897598,1898.2821734512024,40485332190.0
1985.0943346,1985.0870799561624,40485332190.0
358.97671721,358.93659784405855,40485332190.0
4679.2799216,4679.276843944222,40485332190.0
6346.1885087,6346.186239451564,40485332190.0
5279.6151442,5279.612416576622,40485332190.0
6407.618868,6407.616620553725,40485332190.0
5754.0926449,5754.090142121083,40485332190.0
6857.0721785,6857.070078301707,40485332190.0
2902.9632314,2902.9582705448997,40485332190.0
13304.250069,13304.248986497541,40485332190.0
2142.4397202,2142.4329983662988,40485332190.0
13455.89285,13455.891780051192,40485332190.0
4124.1461438,4124.142651883463,40485332190.0
2303.9085059,2303.9022551226517,40485332190.0
9466.2710617,9466.269540398107,40485332190.0
2206.9787027,2206.9721774337904,40485332190.0
6406.3537935,6406.351545559581,40485332190.0
2798.6148296,2798.6096837110167,40485332190.0
12627.241213,12627.240073291407,40485332190.0
6275.3492708,6275.346975920345,40485332190.0
2403.8298422,2403.8238512959792,40485332190.0
9836.3973807,9836.395916695164,40485332190.0
3314.9804284,3314.9760842064265,40485332190.0
4232.5534459,4232.550043511101,40485332190.0
11065.227387,11065.226085562446,40485332190.0
3051.377,3051.3722803952073,40485332190.0
2032.454052,2032.4469664010553,40485332190.0
1367.8491658,1367.838637449006,40485332190.0
1629.4656725,1629.4568344944678,40485332190.0
14556.386135,14556.385145671362,40485332190.0
3715.7498965,3715.7460207982845,40485332190.0
10007.163172,10007.161732040953,40485332190.0
9191.8046053,9191.803038529299,40485332190.0
2569.8009322,2569.7953282284675,40485332190.0
4827.8880294,4827.88504650384,40485332190.0
4451.1352506,4451.132015163484,40485332190.0
1053.2871677,1053.2734950160252,40485332190.0
1688.5432523,1688.5347235996442,40485332190.0
7406.478707,7406.4767626226485,40485332190.0
3272.3783462,3272.373945361355,40485332190.0
5085.7419399,5085.7391082394115,40485332190.0
8932.4679792,8932.466366940671,40485332190.0
13004.737047,13004.735939678334,40485332190.0
2210.2703561,2210.263840452342,40485332190.0
1792.4814569,1792.4734226111977,40485332190.0
6115.2613625,6115.259007606073,40485332190.0
4511.1032972,4511.10010485759,40485332190.0
4469.7862158,4469.782993892801,40485332190.0
5646.1351055,5646.132554880807,40485332190.0
2446.8134586,2446.8075729734755,40485332190.0
8257.8405315,8257.838787567365,40485332190.0
5391.718454,5391.715783052081,40485332190.0
6829.7244571,6829.722348520901,40485332190.0
7880.0812406,7880.079413122496,40485332190.0
2689.412725,2689.4073702331366,40485332190.0
3341.1824561,3341.1781459449576,40485332190.0
8888.2352748,8888.233654512971,40485332190.0
5710.3100197,5710.307497716208,40485332190.0
4948.9819074,4948.978997501894,40485332190.0
3937.1143039,3937.1106461525724,40485332190.0
3701.0180868,3701.0141957468654,40485332190.0
16466.163354,16466.162479304065,40485332190.0
1216.6428898,1216.6310529819905,40485332190.0
1831.9035813,1831.8957200268585,40485332190.0
5310.0168755,5310.014163393093,40485332190.0
10881.7648,10881.763477000422,40485332190.0
1168.8823248,1168.8700043227484,40485332190.0
10203.967127,10203.965715991953,40485332190.0
13062.703757,13062.702654271265,40485332190.0
7533.520313,7533.518401433125,40485332190.0
3916.2654917,3916.261814439826,40485332190.0
1062.2815996,1062.268042703857,40485332190.0
954.34796726,954.3328771388047,40485332190.0
6800.4317011,6800.429583478957,40485332190.0
5659.627166,5659.624621437909,40485332190.0
3866.2321524,3866.2284275976212,40485332190.0
2321.445579,2321.4393754577336,40485332190.0
1354.7326811,1354.7220507916752,40485332190.0
3786.4965046,3786.492701341518,40485332190.0
8061.722083,8061.720296645413,40485332190.0
6083.6595295,6083.65716230845,40485332190.0
1652.0866585,1652.077941556087,40485332190.0
3768.559796,3768.5559745722576,40485332190.0
2834.3143104,2834.3092294011753,40485332190.0
3738.6420893,3738.6382373173665,40485332190.0
5465.9034293,5465.9007945736075,40485332190.0
3317.4720356,3317.4676945878737,40485332190.0
21841.128631,21841.127971114805,40485332190.0
5192.1305395,5192.127765885858,40485332190.0
2334.5368263,2334.530657595279,40485332190.0
2383.7582723,2383.752230943933,40485332190.0
1188.3757515,1188.3636330997556,40485332190.0
1553.3960365,1553.386765781746,40485332190.0
3321.3715554,3321.367219512305,40485332190.0
2503.9014456,2503.895694063888,40485332190.0
2310.1966372,2310.1904035237517,40485332190.0
11943.480985,11943.479779222313,40485332190.0
3415.7339781,3415.729761988392,40485332190.0
2894.0206915,2894.0157154100348,40485332190.0
22571.356131,22571.3554921758,40485332190.0
8799.672605,8799.67096853597,40485332190.0
12810.61899,12810.617865953269,40485332190.0
1950.797963,1950.7905808087323,40485332190.0
9821.5445775,9821.54311120809,40485332190.0
7839.2339684,7839.232131433578,40485332190.0
5441.9550501,5441.95240383305,40485332190.0
1193.3438282,1193.3317602750378,40485332190.0
605.54703259,605.5232501327121,40485332190.0
1710.2715706,1710.2631501976962,40485332190.0
1361.1188132,1361.1082328085674,40485332190.0
2877.7940641,2877.789059836567,40485332190.0
7233.2654615,7233.263470486772,40485332190.0
2796.2601968,2796.255046603631,40485332190.0
11346.824952,11346.823682865555,40485332190.0
679.67774666,679.6565581819126,40485332190.0
2045.6412005,2045.6341605119171,40485332190.0
4495.0242661,4495.021062297812,40485332190.0
3821.2545707,3821.250801972511,40485332190.0
20812.476558,20812.47586653203,40485332190.0
3535.2968143,3535.2927407955467,40485332190.0
2547.6690572,2547.663404464887,40485332190.0
9576.4483078,9576.446804021314,40485332190.0
6581.5792189,6581.577030849476,40485332190.0
3257.253541,3257.249119757955,40485332190.0
1457.5554122,1457.5455318203267,40485332190.0
2450.8852822,2450.8794062986726,40485332190.0
1159.1373856,1159.1249615473744,40485332190.0
3078.8950955,3078.8904181253038,40485332190.0
7574.1336661,7574.131764720879,40485332190.0
1813.61159,1813.6036494571767,40485332190.0
4552.9979199,4552.994756900979,40485332190.0
2250.564474,2250.558075042063,40485332190.0
126.99007594,126.87662182802937,40485332190.0
1828.9001397,1828.8922654441014,40485332190.0
3211.8275414,3211.8230576097853,40485332190.0
3609.6823641,3609.6783744729414,40485332190.0
2315.6773418,2315.6711228474683,40485332190.0
5200.0010576,5199.9982881617,40485332190.0
1525.6960655,1525.6866264069765,40485332190.0
3024.1483025,3024.1435404603753,40485332190.0
4487.6725089,4487.669299862286,40485332190.0
2950.5554852,2950.550604392458,40485332190.0
3220.0786674,3220.0741950960432,40485332190.0
6347.9865541,6347.984285493764,40485332190.0
9348.2720593,9348.270518801746,40485332190.0
8847.1328285,8847.131200639747,40485332190.0
3584.4777755,3584.4737578264935,40485332190.0
444.62938147,444.5969912736291,40485332190.0
982.91420439,982.8995528448995,40485332190.0
7109.9052585,7109.903232963316,40485332190.0
3672.6137017,3672.6097804987894,40485332190.0
846.74327717,846.7262693596018,40485332190.0
3855.6978635,3855.6941284481327,40485332190.0
1672.3343892,1672.325777759653,40485332190.0
2575.2484936,2575.242901503092,40485332190.0
2123.5843069,2123.5775253653924,40485332190.0
3355.1504601,3355.146167863563,40485332190.0
3688.7480646,3688.7441605854406,40485332190.0
6355.4789638,6355.476697872121,40485332190.0
5032.7698469,5032.766985511107,40485332190.0
9927.7454183,9927.743967692722,40485332190.0
1876.7468238,1876.7391503499196,40485332190.0
2850.4623372,2850.4572850019845,40485332190.0
2922.2931663,2922.2882383032456,40485332190.0
2555.556277,2555.5506417393576,40485332190.0
6587.8251504,6587.82296432895,40485332190.0
7529.3895112,7529.387598562905,40485332190.0
2663.9683864,2663.96298048897,40485332190.0
1775.8415711,1775.8334616418306,40485332190.0
2790.1591685,2790.1540070547053,40485332190.0
3749.521251,3749.5174102706897,40485332190.0
2643.6148309,2643.6093833569553,40485332190.0
3144.6799601,3144.675380615472,40485332190.0
2600.4666527,2600.4611148271106,40485332190.0
2872.7703147,2872.7653017541193,40485332190.0
4029.119602,4029.1160277135173,40485332190.0
3830.9911044,3830.987345258375,40485332190.0
2860.6172191,2860.612184761991,40485332190.0
2102.1064489,2102.0995980957127,40485332190.0
4957.8479513,4957.845046672811,40485332190.0
12176.095719,12176.094536527593,40485332190.0
3809.0099467,3809.0061658217624,40485332190.0
6572.6878324,6572.685641392952,40485332190.0
4729.0134191,4729.01037381926,40485332190.0
15062.98278,15062.981823724644,40485332190.0
1613.84305,1613.834126422463,40485332190.0
6070.925989,6070.923616858396,40485332190.0
4495.6665067,4495.66330330599,40485332190.0
4742.4363864,4742.4333497336,40485332190.0
1518.161178,1518.1516921691384,40485332190.0
7380.6102725,7380.6083213001,40485332190.0
3993.2867971,3993.283190782812,40485332190.0
18195.082964,18195.08217199861,40485332190.0
3975.2993083,3975.2956856087626,40485332190.0
2687.1755972,2687.170237914777,40485332190.0
4890.496785,4890.493840319124,40485332190.0
1221.1782796,1221.1664867223506,40485332190.0
3541.6334289,3541.6293626552847,40485332190.0
3024.99034,3024.9855792784156,40485332190.0
2908.2979882,2908.293036409089,40485332190.0
1213.6513062,1213.6394401878335,40485332190.0
3195.1639397,3195.159432586023,40485332190.0
1331.750012,1331.7391982773604,40485332190.0
2636.2953168,2636.2898541634063,40485332190.0
7463.1336358,7463.131706111273,40485332190.0
6351.4655917,6351.463324283556,40485332190.0
8570.1083519,8570.106671444408,40485332190.0
4113.4533622,4113.449861172892,40485332190.0
9417.4021533,9417.400624117314,40485332190.0
5095.6042188,5095.601392698661,40485332190.0
6414.6689422,6414.666697125492,40485332190.0
1349.9355048,1349.924836727193,40485332190.0
3143.5407785,3143.5361973116865,40485332190.0
4563.0697037,4563.066547704063,40485332190.0
3446.5257816,3446.5216031613086,40485332190.0
4258.4341958,4258.430814074403,40485332190.0
1814.2177749,1814.2098369211324,40485332190.0
6535.2489507,6535.246747035985,40485332190.0
2289.6997599,2289.6934703068046,40485332190.0
4661.842525,4661.839435870728,40485332190.0
4675.2628414,4675.259761164695,40485332190.0
2530.0378916,2530.0321995418353,40485332190.0
1847.349627,1847.3418314920168,40485332190.0
10544.962448,10544.96108259627,40485332190.0
1223.6335637,1223.6217944811783,40485332190.0
2850.8787791,2850.8737276997476,40485332190.0
3546.1598004,3546.155739371226,40485332190.0
2262.6958997,2262.689535108995,40485332190.0
2733.193219,2733.1879500400446,40485332190.0
3435.7657053,3435.761513830949,40485332190.0
7652.5824122,7652.5805303467105,40485332190.0
1797.1789622,1797.1709490237786,40485332190.0
2094.8113385,2094.8044638075316,40485332190.0
7812.0083108,7812.006467323184,40485332190.0
2729.3317558,2729.3264793844805,40485332190.0
13341.364159,13341.363079704548,40485332190.0
6256.7942418,6256.791940158098,40485332190.0
2214.1568102,2214.1503061088997,40485332190.0
5065.9489591,5065.946116380678,40485332190.0
9318.0938155,9318.092269990713,40485332190.0
7983.8500764,7983.8482725610465,40485332190.0
4683.9492263,4683.946151749843,40485332190.0
1789.965821,1789.9577754439879,40485332190.0
2791.9529156,2791.9477574438006,40485332190.0
8416.4034855,8416.401774457145,40485332190.0
3015.7292324,3015.724457080871,40485332190.0
2560.2944893,2560.288864567181,40485332190.0
2783.8700866,2783.864913481104,40485332190.0
4138.4521556,4138.448675805706,40485332190.0
3291.9716112,3291.96723652288,40485332190.0
2981.0138388,2981.0090078032,40485332190.0
1657.9613984,1657.9527122743928,40485332190.0
10508.59499,10508.593619721072,40485332190.0
7878.5337569,7878.531929070419,40485332190.0
3719.8820913,3719.878219857791,40485332190.0
2502.5808739,2502.575119349322,40485332190.0
1910.1510865,1910.1435472464445,40485332190.0
807.0757367,807.0578929379059,40485332190.0
5341.6123244,5341.609628402829,40485332190.0
1812.5097631,1812.5018177182121,40485332190.0
3087.070979,3087.066314059409,40485332190.0
1445.4095123,1445.3995489922918,40485332190.0
6947.4644449,6947.46237209177,40485332190.0
6035.9740352,6035.971649300747,40485332190.0
2647.5315772,2647.5261376800836,40485332190.0
11431.67738,11431.676120394,40485332190.0
18363.86278,18363.861996270287,40485332190.0
22757.302302,22757.30166977434,40485332190.0
9554.8421847,9554.840677523927,40485332190.0
6269.6226492,6269.620352281694,40485332190.0
3402.7517558,3402.747523664431,40485332190.0
12161.217013,12161.215829517048,40485332190.0
7465.7400485,7465.73811949823,40485332190.0
5193.6910561,5193.688283212048,40485332190.0
10237.409237,10237.407829965074,40485332190.0
4328.9836949,4328.980368164446,40485332190.0
8745.853333,8745.851686356227,40485332190.0
1414.3256959,1414.3155135220497,40485332190.0
8057.9565177,8057.954730452032,40485332190.0
1866.4712991,1866.4635834715357,40485332190.0
6331.9576716,6331.955397194067,40485332190.0
1898.9893188,1898.9817352783102,40485332190.0
1721.5439016,1721.5355364122086,40485332190.0
10853.782146,10853.780819216088,40485332190.0
5938.785699,5938.783274126048,40485332190.0
2592.0638211,2592.0582652644207,40485332190.0
5207.7508518,5207.748086458005,40485332190.0
3127.839984,3127.8353798948715,40485332190.0
2492.8945275,2492.888750658725,40485332190.0
3215.4954623,3215.4909835810813,40485332190.0
5208.3750293,5208.372264301722,40485332190.0
5434.4265725,5434.423922512191,40485332190.0
7959.3339487,7959.332139400095,40485332190.0
6293.7907569,6293.788468741935,40485332190.0
3130.5639804,3130.5593801620475,40485332190.0
5533.6066483,5533.604045839459,40485332190.0
6563.9948488,6563.992654902198,40485332190.0
2970.7666212,2970.761773568748,40485332190.0
4764.6304363,4764.627413812612,40485332190.0
4666.1425501,4666.139463833617,40485332190.0
9673.0902089,9673.088720089841,40485332190.0
2255.3937783,2255.38739315422,40485332190.0
7183.0343962,7183.032391344747,40485332190.0
834.05275276,834.035486151701,40485332190.0
1031.6758315,1031.6618725289013,40485332190.0
8108.5493177,8108.547541624876,40485332190.0
5420.9326587,5420.930002128811,40485332190.0
3551.6592147,3551.6551599425566,40485332190.0
4799.3983761,4799.395375481615,40485332190.0
6873.1127274,6873.1106321071675,40485332190.0
4084.3860043,4084.3824784297485,40485332190.0
4349.9694126,4349.966102056299,40485332190.0
1096.9789992,1096.965871117271,40485332190.0
3098.0644654,3098.059817019585,40485332190.0
5244.4202372,5244.417491175742,40485332190.0
1078.6790648,1078.6657140792272,40485332190.0
4702.629958,4702.626895666445,40485332190.0
934.1134391,934.0980220986744,40485332190.0
3585.521289,3585.517272588526,40485332190.0
8429.7805805,8429.778872080773,40485332190.0
4099.4738341,4099.470321134708,40485332190.0
1421.5997443,1421.5896140446716,40485332190.0
6944.0362305,6944.034156679409,40485332190.0
9294.2596067,9294.25805721885,40485332190.0
1195.8793573,1195.8673149827378,40485332190.0
1197.7898694,1197.7778463099828,40485332190.0
1171.119499,1171.1072020934462,40485332190.0
8844.6721752,8844.670546924739,40485332190.0
2773.5792423,2773.5740500506463,40485332190.0
5169.396152,5169.393366188371,40485332190.0
2210.9755743,2210.969060806719,40485332190.0
1188.1750261,1188.162905639446,40485332190.0
1913.4374234,1913.4298971112594,40485332190.0
3555.8379869,3555.833936906853,40485332190.0
1219.9444328,1219.9326280151017,40485332190.0
19938.837232,19938.836509811168,40485332190.0
2422.1296628,2422.1237171285206,40485332190.0
904.71095669,904.6950386372803,40485332190.0
2708.5309389,2708.5256220249266,40485332190.0
2704.5325044,2704.5271795290555,40485332190.0
2595.9867317,2595.981184241988,40485332190.0
7358.881157,7358.879199987047,40485332190.0
1452.6572766,1452.6473629740024,40485332190.0
2553.0713961,2553.065755452047,40485332190.0
2455.434516,2455.4286509583326,40485332190.0
1232.6698449,1232.6581620459738,40485332190.0
19514.861011,19514.86027292562,40485332190.0
13281.669977,13281.66889244555,40485332190.0
2023.9210835,2023.913968048754,40485332190.0
8617.7343736,8617.732702559659,40485332190.0
6676.7624212,6676.7602642587,40485332190.0
10851.697953,10851.696626774004,40485332190.0
4022.3863567,4022.3827764484763,40485332190.0
3882.4634901,3882.4597808968524,40485332190.0
1978.2237209,1978.2164410787962,40485332190.0
2293.9120785,2293.905800525252,40485332190.0
6347.0666541,6347.064385171337,40485332190.0
1829.538361,1829.5304895723998,40485332190.0
5198.7385364,5198.7357663280345,40485332190.0
2354.8165105,2354.810394947372,40485332190.0
975.31900953,975.3042438762569,40485332190.0
4367.245824,4367.24252647334,40485332190.0
7108.0219501,7108.019924090297,40485332190.0
2421.9259368,2421.9199906238264,40485332190.0
9381.2375321,9381.235997013357,40485332190.0
3656.5033349,3656.499396468031,40485332190.0
2426.0710594,2426.06512340414,40485332190.0
5258.7620773,5258.75933878205,40485332190.0
1225.7209469,1225.7091977291586,40485332190.0
1902.0957149,1902.0881437356607,40485332190.0
1510.6195936,1510.610060241703,40485332190.0
14854.21782,14854.216850259361,40485332190.0
4462.2325194,4462.229292098942,40485332190.0
2051.5383089,2051.5312892937095,40485332190.0
1502.8702459,1502.8606634649807,40485332190.0
7407.7506581,7407.748714041933,40485332190.0
626.02658077,626.0035763494448,40485332190.0
1721.6277508,1721.6193860042538,40485332190.0
5299.5863362,5299.583618791225,40485332190.0
4677.8933061,4677.890227511695,40485332190.0
10790.52267,10790.521334884874,40485332190.0
7751.9491427,7751.947284906059,40485332190.0
3737.2068978,3737.2030444276647,40485332190.0
1306.427256,1306.4162326786713,40485332190.0
1164.6675963,1164.6552312864087,40485332190.0
383.85094349,383.8134242002157,40485332190.0
2107.6835513,2107.6767186152583,40485332190.0
6114.9976854,6114.995330332259,40485332190.0
2116.1553756,2116.1485703480703,40485332190.0
1055.4271725,1055.4135276629715,40485332190.0
3393.1190836,3393.114839455399,40485332190.0
6136.46505,6136.46270315088,40485332190.0
9356.463146,9356.461606901574,40485332190.0
1701.8454367,1701.8369746979683,40485332190.0
4860.0453738,4860.042410627734,40485332190.0
3374.7638586,3374.7595913054174,40485332190.0
3322.7461115,3322.741777396678,40485332190.0
9382.9540946,9382.952559748994,40485332190.0
2710.7170245,2710.7117118108295,40485332190.0
6060.8867534,6060.884377318896,40485332190.0
4531.7051052,4531.701927372764,40485332190.0
8083.28243,8083.280648425244,40485332190.0
1341.9559015,1341.9451700209831,40485332190.0
5877.4039447,5877.401494439953,40485332190.0
10241.200324,10241.198918249016,40485332190.0
712.3646503,712.3444340882082,40485332190.0
767.62599663,767.607235817454,40485332190.0
3024.7369605,3024.732199336869,40485332190.0
3644.8119824,3644.8080313005235,40485332190.0
2709.1918167,2709.1865010611696,40485332190.0
3103.3340889,3103.3294483832333,40485332190.0
9473.8629873,9473.861467166445,40485332190.0
9178.4311512,9178.42958220011,40485332190.0
2048.0752377,2048.068206170811,40485332190.0
5553.0511206,5553.048527228128,40485332190.0
9063.5533647,9063.551775780676,40485332190.0
6301.9645997,6301.962314486414,40485332190.0
3801.8032717,3801.7994837008164,40485332190.0
7034.1654988,7034.163451499429,40485332190.0
2684.5848095,2684.5794450853336,40485332190.0
5762.5803624,5762.577863318185,40485332190.0
3395.5161304,3395.511889253748,40485332190.0
1621.5747311,1621.5658501261375,40485332190.0
10365.014058,10365.012668278383,40485332190.0
6039.8221218,6039.819737362094,40485332190.0
706.32812429,706.3077353014377,40485332190.0
5133.8875667,5133.884761593728,40485332190.0
17042.482159,17042.481314047054,40485332190.0
4625.3921195,4625.38900608644,40485332190.0
10131.016238,10131.014816529918,40485332190.0
4639.3060317,4639.302927570351,40485332190.0
15569.778047,15569.77712232121,40485332190.0
2884.3938121,2884.3888192588815,40485332190.0
1144.7868581,1144.7742782816933,40485332190.0
6500.3328549,6500.330639530376,40485332190.0
1347.7686003,1347.7579150938918,40485332190.0
5809.7022122,5809.69973340192,40485332190.0
8081.6123658,8081.610583824714,40485332190.0
8076.9786729,8076.97688993739,40485332190.0
3363.4586086,3363.454327013979,40485332190.0
1259.1129634,1259.1015258494504,40485332190.0
605.36560138,605.3418118058753,40485332190.0
16555.340296,16555.339426301893,40485332190.0
2258.2561307,2258.2497536167357,40485332190.0
5588.6490997,5588.646522854282,40485332190.0
3494.3188622,3494.3147408669165,40485332190.0
1850.454283,1850.4465005559518,40485332190.0
12231.742212,12231.74103475473,40485332190.0
8676.0239888,8676.022328976365,40485332190.0
5293.3040138,5293.301293198104,40485332190.0
4929.1818839,4929.178962306449,40485332190.0
2337.0492967,2337.043134595182,40485332190.0
203.64823094,203.57750303912857,40485332190.0
1763.0742149,1763.0660466949064,40485332190.0
4427.5711371,4427.56788451283,40485332190.0
6375.161878,6375.159619090674,40485332190.0
3321.0396703,3321.0353339241556,40485332190.0
12348.859847,12348.858680665016,40485332190.0
4630.4643108,4630.4612007171745,40485332190.0
4556.2617865,4556.258625845059,40485332190.0
1308.8585489,1308.8475460326472,40485332190.0
2786.0127363,2786.0075672015478,40485332190.0
7388.3637977,7388.361848536246,40485332190.0
3864.5337668,3864.5300403139404,40485332190.0
6274.033123,6274.03082759768,40485332190.0
3301.5045972,3301.500235146575,40485332190.0
7692.8093504,7692.807478436609,40485332190.0
843.40012642,843.3830511810387,40485332190.0
1916.6096797,1916.6021658815566,40485332190.0
4811.1136573,4811.110664004788,40485332190.0
3223.6615435,3223.657076090449,40485332190.0
10274.511456,10274.510054940152,40485332190.0
7393.4997292,7393.497781421271,40485332190.0
3401.505661,3401.501427211236,40485332190.0
7195.928008,7195.926006716922,40485332190.0
3144.6716447,3144.6670651400577,40485332190.0
3295.732914,3295.7285443610167,40485332190.0
2625.4617415,2625.4562563649642,40485332190.0
3270.3388202,3270.3344166737393,40485332190.0
3300.8377146,3300.8333517289534,40485332190.0
2927.6857509,2927.6808319584998,40485332190.0
5269.3908413,5269.388108359575,40485332190.0
4936.3495302,4936.346612849943,40485332190.0
12576.6829,12576.68175499687,40485332190.0
10217.677825,10217.676415126238,40485332190.0
6620.9499872,6620.947812094722,40485332190.0
2707.8941031,2707.8887849523076,40485332190.0
3100.7826461,3100.7780017442656,40485332190.0
2145.9688089,2145.9620980859486,40485332190.0
3341.0829681,3341.078657814701,40485332190.0
7833.8858233,7833.883985014625,40485332190.0
3569.6862501,3569.682215844219,40485332190.0
10972.997213,10972.995901238894,40485332190.0
747.03812865,747.0188507920418,40485332190.0
7293.1554927,7293.153518085146,40485332190.0
1729.8130398,1729.8047145512282,40485332190.0
7300.5363329,7300.534360284131,40485332190.0
4169.0145473,4169.0110930126075,40485332190.0
11390.759041,11390.757776738423,40485332190.0
2364.2567616,2364.250670446419,40485332190.0
6526.2770228,6526.27481617332,40485332190.0
10797.620276,10797.618942168887,40485332190.0
6590.9318275,6590.92964245344,40485332190.0
6688.8103378,6688.808184778789,40485332190.0
18689.718631,18689.717860450226,40485332190.0
5670.9219643,5670.919424747627,40485332190.0
5774.6402158,5774.637721922034,40485332190.0
3955.5886225,3955.584981818901,40485332190.0
18397.481924,18397.481141645567,40485332190.0
2616.3436303,2616.33812605789,40485332190.0
635.11680367,635.0941285247487,40485332190.0
3165.970782,3165.966233250919,40485332190.0
1566.4733331,1566.4641397336006,40485332190.0
8625.0627818,8625.061112094852,40485332190.0
5703.0329386,5703.030413432889,40485332190.0
8180.901442,8180.89968166665,40485332190.0
9245.2070899,9245.20553217259,40485332190.0
6491.4448707,6491.4426522116655,40485332190.0
6120.7187816,6120.716428715649,40485332190.0
9085.3025935,9085.301008331142,40485332190.0
6978.9654313,6978.963367755832,40485332190.0
24054.204137,24054.203538701382,40485332190.0
5525.688191,5525.685584718057,40485332190.0
9446.9519572,9446.950432733762,40485332190.0
3809.7247566,3809.7209764445784,40485332190.0
3415.1372377,3415.1330208050267,40485332190.0
4481.0628776,4481.059663815821,40485332190.0
3462.7289315,3462.7247726294922,40485332190.0
11404.484214,11404.482951490772,40485332190.0
2107.1151555,2107.1083210027036,40485332190.0
1668.0931706,1668.0845373135394,40485332190.0
1688.907476,1688.898949118003,40485332190.0
2337.9052677,2337.899107836753,40485332190.0
6433.3357722,6433.333533619374,40485332190.0
2429.3282289,2429.3223008420678,40485332190.0
8935.2402398,8935.238628083118,40485332190.0
3307.4426962,3307.4383420429817,40485332190.0
23506.472697,23506.472083864643,40485332190.0
1520.0811785,1520.0717046116176,40485332190.0
5658.9135266,5658.910981728865,40485332190.0
1989.6114635,1989.6042253340718,40485332190.0
2459.1214661,2459.1156098432784,40485332190.0
9014.1666577,9014.165060140014,40485332190.0
1989.6798536,1989.6726157061998,40485332190.0
2599.9139396,2599.908400523914,40485332190.0
9275.8798237,9275.878271128058,40485332190.0
2027.5985594,2027.5914568585572,40485332190.0
1896.6827376,1896.675144793288,40485332190.0
5537.9686765,5537.966076139809,40485332190.0
2717.1696653,2717.1643653174374,40485332190.0
15508.21304,15508.212111171655,40485332190.0
2503.3827218,2503.3769691351763,40485332190.0
1817.5297043,1817.5217808847192,40485332190.0
5726.3841442,5726.381629367304,40485332190.0
6389.8337247,6389.831470871716,40485332190.0
3473.4416664,3473.437520261398,40485332190.0
13365.814398,13365.81332015262,40485332190.0
403.906262,403.87060584247155,40485332190.0
1645.2081101,1645.199356684106,40485332190.0
934.54299947,934.5275895595312,40485332190.0
3044.0845086,3044.0797778241435,40485332190.0
4242.9175557,4242.914161490464,40485332190.0
12040.324545,12040.323348289254,40485332190.0
1651.8583082,1651.8495900478817,40485332190.0
7160.4445788,7160.442567585199,40485332190.0
7480.7383459,7480.736420798641,40485332190.0
1555.718303,1555.7090460253057,40485332190.0
3057.8330264,3057.828316892218,40485332190.0
13493.717968,13493.716900945732,40485332190.0
1986.1932926,1986.1860419125137,40485332190.0
8437.8265456,8437.824838794179,40485332190.0
3283.9859809,3283.981595704556,40485332190.0
8159.9938399,8159.992075026787,40485332190.0
4884.3873953,4884.384446909796,40485332190.0
4877.099939,4877.096986188705,40485332190.0
4362.8399936,4362.836692692642,40485332190.0
8876.5920176,8876.590395186624,40485332190.0
2469.7212086,2469.7153774482226,40485332190.0
12221.506095,12221.504916628139,40485332190.0
5241.317863,5241.31511536999,40485332190.0
6730.8810769,6730.878937286829,40485332190.0
2634.8345826,2634.8291168852625,40485332190.0
4663.7112181,4663.7081302007955,40485332190.0
8079.4335337,8079.431751243143,40485332190.0
2297.5712891,2297.56502117684,40485332190.0
12127.637282,12127.636093984396,40485332190.0
4934.27013,4934.267211383346,40485332190.0
13166.778522,13166.777428088017,40485332190.0
9104.299327,9104.297745162023,40485332190.0
7621.2425373,7621.24064772646,40485332190.0
4496.8673612,4496.864158698706,40485332190.0
12602.145793,12602.144650406919,40485332190.0
5885.1051159,5885.102668901692,40485332190.0
3058.7114966,3058.706788388808,40485332190.0
1021.5520058,1021.5379083891265,40485332190.0
592.056582,592.0322576225827,40485332190.0
4842.7637093,4842.760735626979,40485332190.0
3531.2952496,3531.291171453379,40485332190.0
7109.2026084,7109.200582763898,40485332190.0
3479.2151699,3479.211030748763,40485332190.0
3724.3063631,3724.3024962383683,40485332190.0
1841.3139961,1841.3061750593172,40485332190.0
1537.1086661,1537.0992971871785,40485332190.0
2870.4318342,2870.4268170627365,40485332190.0
4670.3274906,4670.324407060603,40485332190.0
4620.347673,4620.344556103061,40485332190.0
2553.7062994,2553.700660106797,40485332190.0
6667.7471112,6667.744951327822,40485332190.0
7814.2358741,7814.234031094739,40485332190.0
2456.3179658,2456.3121028936825,40485332190.0
7606.9258988,7606.924005677241,40485332190.0
11683.136185,11683.13495324951,40485332190.0
4364.7247156,4364.721416193876,40485332190.0
9924.3518718,9924.350420687617,40485332190.0
5105.349486,5105.3466652708485,40485332190.0
10711.821619,10711.820274840342,40485332190.0
1519.9225672,1519.913092272817,40485332190.0
1062.0090599,1061.995499616715,40485332190.0
3026.6743705,3026.6696124167174,40485332190.0
4260.9326588,4260.929278978176,40485332190.0
2507.527299,2507.521555842954,40485332190.0
1331.1273993,1331.1165805394294,40485332190.0
6531.230527,6531.228322065057,40485332190.0
1091.5789823,1091.5657893781688,40485332190.0
3644.2740581,3644.270106319553,40485332190.0
4186.9108668,4186.907427325988,40485332190.0
763.00938605,762.9905117235567,40485332190.0
769.4772989,769.4585832279569,40485332190.0
4359.0732272,4359.069923467802,40485332190.0
3460.1962689,3460.192106997712,40485332190.0
3006.9279652,3006.9231758858277,40485332190.0
1657.4224262,1657.4137373002031,40485332190.0
2370.8098898,2370.80381544307,40485332190.0
1371.5747275,1371.5642278129328,40485332190.0
3982.521454,3982.517837899549,40485332190.0
1867.0192741,1867.0115606107113,40485332190.0
6014.9695249,6014.967130669035,40485332190.0
2848.3735898,2848.3685338803325,40485332190.0
13854.021683,13854.020643496408,40485332190.0
11702.920055,11702.918825108387,40485332190.0
4149.6433271,4149.639856734882,40485332190.0
8058.2282642,8058.226477067175,40485332190.0
4832.1831456,4832.1801653285365,40485332190.0
5818.9758054,5818.973330545745,40485332190.0
2981.3874321,2981.3826016706535,40485332190.0
5386.4972824,5386.494608811996,40485332190.0
1016.7212485,1016.707084147312,40485332190.0
10682.668107,10682.666758858051,40485332190.0
3360.8513742,3360.8470892080463,40485332190.0
4845.2762251,4845.273252967647,40485332190.0
2664.1914434,2664.1860380002445,40485332190.0
6884.9676379,6884.965546272558,40485332190.0
1290.9083387,1290.8971828506624,40485332190.0
3714.6401518,3714.6362749551295,40485332190.0
4471.6737061,4471.670485568234,40485332190.0
2064.7950868,2064.788112177453,40485332190.0
9229.0773642,9229.075803777121,40485332190.0
2491.6639991,2491.6582194126013,40485332190.0
14740.459576,14740.45859873496,40485332190.0
8403.770768,8403.769054336517,40485332190.0
1977.9656138,1977.9583329708712,40485332190.0
4195.0685598,4195.065126948672,40485332190.0
1949.7349231,1949.7275368520536,40485332190.0
1946.8947508,1946.8873537339987,40485332190.0
1874.6570799,1874.6493978500903,40485332190.0
1895.8746313,1895.8670352754589,40485332190.0
1923.3524907,1923.3450031704576,40485332190.0
2145.0264188,2145.019704995682,40485332190.0
4292.8008774,4292.797522674959,40485332190.0
2441.4369413,2441.431042676663,40485332190.0
4279.8595996,4279.8562347298375,40485332190.0
1462.4283778,1462.4185303705788,40485332190.0
12776.576882,12776.575754523943,40485332190.0
2627.0240195,2627.0185375511255,40485332190.0
1491.1049453,1491.0952872262117,40485332190.0
5952.1293672,5952.126947765793,40485332190.0
9850.5837564,9850.582294524193,40485332190.0
3512.4975921,3512.4934921039367,40485332190.0
1224.7558143,1224.744055847467,40485332190.0
1380.967454,1380.9570257334703,40485332190.0
2759.4513074,2759.4460884939595,40485332190.0
4150.2330556,4150.2295856627825,40485332190.0
7431.2562628,7431.254324892888,40485332190.0
18425.145613,18425.144831359197,40485332190.0
2006.6813634,2006.6741867843482,40485332190.0
1464.9531525,1464.943322058154,40485332190.0
2361.5496033,2361.543505152587,40485332190.0
7214.8543263,7214.852330174781,40485332190.0
3126.973576,3126.968970531698,40485332190.0
2969.6565935,2969.651744016406,40485332190.0
7349.2020225,7349.200062979357,40485332190.0
4764.6273528,4764.624330306667,40485332190.0
4267.1856276,4267.182252756874,40485332190.0
3151.8518137,3151.847244630365,40485332190.0
4200.0210543,4200.017625531224,40485332190.0
3989.3830708,3989.3794609162755,40485332190.0
8684.3393718,8684.337713495683,40485332190.0
2552.3523013,2552.3466590054722,40485332190.0
4009.1656577,4009.162065651101,40485332190.0
10228.493632,10228.492224165966,40485332190.0
3941.9597528,3941.956099534234,40485332190.0
1180.0003549,1179.988150501917,40485332190.0
3959.4327582,3959.4291210413235,40485332190.0
5448.6454137,5448.642770645629,40485332190.0
11720.069105,11720.067876152083,40485332190.0
4214.6171364,4214.613719406036,40485332190.0
2699.159314,2699.153978649422,40485332190.0
3328.5123119,3328.5079852876743,40485332190.0
6217.1409139,6217.138597532264,40485332190.0
2029.3993029,2029.3922067094386,40485332190.0
5714.9570702,5714.954550327698,40485332190.0
2734.4153814,2734.4101147839915,40485332190.0
1278.207326,1278.1960593238584,40485332190.0
2826.6740524,2826.668957712664,40485332190.0
4329.3869225,4329.383596179369,40485332190.0
6441.0919438,6441.089707977616,40485332190.0
6950.9124735,6950.910401695711,40485332190.0
289.20514992,289.1553501501505,40485332190.0
4461.7199741,4461.716746448487,40485332190.0
2397.5322708,2397.5262641017243,40485332190.0
3474.1006045,3474.0964592340974,40485332190.0
1149.1408629,1149.1283308018283,40485332190.0
5872.8051155,5872.802663407927,40485332190.0
2580.0567776,2580.0511958456123,40485332190.0
6039.2978387,6039.295454144321,40485332190.0
2298.1698824,2298.163616022052,40485332190.0
4230.3459764,4230.342572249406,40485332190.0
759.20009444,759.1811254047021,40485332190.0
7645.2688477,7645.266964090843,40485332190.0
7089.380166,7089.378134668031,40485332190.0
2956.7331511,2956.7282805721193,40485332190.0
2501.4025547,2501.396797494578,40485332190.0
3711.7012685,3711.6973885422967,40485332190.0
7461.1693475,7461.167417448873,40485332190.0
23831.254037,23831.25343294735,40485332190.0
3032.7988864,3032.7941378941196,40485332190.0
2978.1620693,2978.157233690603,40485332190.0
2381.28811,2381.2820623260486,40485332190.0
1588.5626196,1588.5535541347563,40485332190.0
1973.3949401,1973.3876424293423,40485332190.0
1570.0998157,1570.0906435915372,40485332190.0
3788.1434561,3788.1396545460157,40485332190.0
1327.1697535,1327.1589025030037,40485332190.0
15569.540088,15569.539162988902,40485332190.0
866.7556476,866.7390324774668,40485332190.0
1679.705597,1679.6970233855864,40485332190.0
4785.352222,4785.34921256654,40485332190.0
1758.4696061,1758.461416576174,40485332190.0
2245.8371745,2245.830762094442,40485332190.0
3280.1674791,3280.1630886657426,40485332190.0
2293.0572806,2293.05100027539,40485332190.0
3697.2720468,3697.268151732935,40485332190.0
4403.5817551,4403.57848479736,40485332190.0
1960.2920616,1960.2847152079648,40485332190.0
4198.2764033,4198.272973020737,40485332190.0
8623.7598844,8623.758214512563,40485332190.0
1978.8014982,1978.7942205808345,40485332190.0
5822.9430418,5822.94056858415,40485332190.0
3308.5320734,3308.52772069471,40485332190.0
8262.4782279,8262.476484985049,40485332190.0
357.7330716,357.69281275674103,40485332190.0
19427.278581,19427.277839529797,40485332190.0
2851.2172443,2851.2121934274296,40485332190.0
3811.464626,3811.4608476000653,40485332190.0
2878.7259107,2878.720908091871,40485332190.0
4709.8599359,4709.856878241891,40485332190.0
19521.707903,19521.707165590953,40485332190.0
4815.5484086,4815.545418083949,40485332190.0
3596.8930053,3596.889001579428,40485332190.0
3562.1368128,3562.132769889883,40485332190.0
9285.3586203,9285.357069426971,40485332190.0
1361.6037397,1361.5931630245639,40485332190.0
1712.1559556,1712.147544437751,40485332190.0
5221.7410269,5221.738269001057,40485332190.0
8054.0549094,8054.053121413449,40485332190.0
5298.6381681,5298.635450258434,40485332190.0
2103.5216371,2103.5147908926842,40485332190.0
5699.3524954,5699.349968627906,40485332190.0
5382.1082645,5382.105588772793,40485332190.0
4418.8366785,4418.833419451412,40485332190.0
2847.6154629,2847.6104056160534,40485332190.0
3978.1309191,3978.1272990294333,40485332190.0
1764.0366213,1764.0284575611715,40485332190.0
9439.0826602,9439.081134476135,40485332190.0
3992.3649607,3992.361353518261,40485332190.0
1131.7633203,1131.7505956845284,40485332190.0
2808.5880295,2808.5829019145845,40485332190.0
2606.4480897,2606.4425645442916,40485332190.0
9829.3507903,9829.34932522317,40485332190.0
631.49456248,631.4717572617886,40485332190.0
4830.6803466,4830.677365422056,40485332190.0
6196.7142492,6196.711925219262,40485332190.0
3994.4469208,3994.443315485381,40485332190.0
1237.3593483,1237.347709714071,40485332190.0
2502.4884386,2502.482683848119,40485332190.0
1235.9558429,1235.9441910511064,40485332190.0
9002.0906768,9002.089077012199,40485332190.0
3481.8741754,3481.870039330877,40485332190.0
5579.4709426,5579.468361590014,40485332190.0
5427.802079,5427.79942582191,40485332190.0
1514.9408515,1514.9313453692882,40485332190.0
7186.6459232,7186.643919352754,40485332190.0
4844.338244,4844.335271269369,40485332190.0
3395.5948267,3395.5905854951316,40485332190.0
4231.6448514,4231.641448239801,40485332190.0
4562.8458841,4562.842727867397,40485332190.0
2492.7925218,2492.786744726769,40485332190.0
2807.6937864,2807.688657226432,40485332190.0
2137.6486977,2137.6419608379824,40485332190.0
7407.153711,7407.151766817983,40485332190.0
6838.2537804,6838.251674461358,40485332190.0
4701.7600809,4701.757017965822,40485332190.0
5192.6955885,5192.692815066434,40485332190.0
3619.1637449,3619.159765746452,40485332190.0
1409.6693118,1409.659095781658,40485332190.0
4395.7435809,4395.740304763335,40485332190.0
10659.773647,10659.772296561638,40485332190.0
4271.959168,4271.955796910802,40485332190.0
4729.1970496,4729.194004451837,40485332190.0
2442.6564776,2442.6505819187746,40485332190.0
7052.9502669,7052.9482250880155,40485332190.0
3863.0129234,3863.009195403359,40485332190.0
138.55561092,138.451634504159,40485332190.0
4976.0840746,4976.081180510154,40485332190.0
4319.9155364,4319.91220281962,40485332190.0
908.22007849,908.2042219447505,40485332190.0
2365.8529888,2365.8469017983084,40485332190.0
5932.8886357,5932.886208283399,40485332190.0
4840.5270502,4840.524075165198,40485332190.0
2729.942576,2729.937300783328,40485332190.0
6729.8838504,6729.881710474728,40485332190.0
555.33110231,555.3051692304382,40485332190.0
2211.3563855,2211.3498731918003,40485332190.0
2698.122546,2698.1172086006886,40485332190.0
2315.8101509,2315.8039322914237,40485332190.0
10324.314006,10324.312611430709,40485332190.0
4523.2757902,4523.272606424359,40485332190.0
6046.8149758,6046.81259427185,40485332190.0
5322.4278187,5322.425113020115,40485332190.0
2420.7921736,2420.7862246373493,40485332190.0
3090.6274828,3090.6228231862137,40485332190.0
1478.445773,1478.436032213396,40485332190.0
3542.8026134,3542.798548511809,40485332190.0
4844.641664,4844.638691451046,40485332190.0
5145.0889401,5145.086141135524,40485332190.0
8094.2095198,8094.20774066187,40485332190.0
4276.592307,4276.588939539958,40485332190.0
9770.8123925,9770.810918549478,40485332190.0
3565.8892917,3565.885253172881,40485332190.0
7645.3179819,7645.316098211374,40485332190.0
480.59095112,480.5609847622331,40485332190.0
5014.4341696,5014.431297692188,40485332190.0
8759.1279614,8759.126317214183,40485332190.0
2422.0060404,2422.0000944556455,40485332190.0
651.94946999,651.9273803076187,40485332190.0
17886.493371,17886.49256563308,40485332190.0
1033.5993963,1033.5854631988816,40485332190.0
1792.8118916,1792.8038588943778,40485332190.0
2969.4912175,2969.4863677846447,40485332190.0
4310.0330668,4310.029725478374,40485332190.0
3942.5707775,3942.5671247253817,40485332190.0
4360.5343756,4360.5310730590245,40485332190.0
3350.3895167,3350.3852183479703,40485332190.0
3041.5059386,3041.5012037596425,40485332190.0
10334.391925,10334.390531387595,40485332190.0
5445.2952782,5445.292633525492,40485332190.0
2509.4629894,2509.4572506874415,40485332190.0
6284.2291502,6284.226858493659,40485332190.0
1612.7793925,1612.770463106631,40485332190.0
4722.4359196,4722.432870106953,40485332190.0
1651.878612,1651.8698939880956,40485332190.0
3148.8349975,3148.8304240408465,40485332190.0
1249.3210098,1249.3094826052268,40485332190.0
1415.1302749,1415.1200983854862,40485332190.0
2988.0308304,2988.0260108513776,40485332190.0
4300.5845574,4300.581208812439,40485332190.0
5788.773148,5788.770660296336,40485332190.0
8273.3385204,8273.336779678139,40485332190.0
4074.0986249,4074.095090050163,40485332190.0
3472.1361989,3472.1320513247765,40485332190.0
3627.8593324,3627.8553627679867,40485332190.0
1240.196449,1240.18483693269,40485332190.0
4524.7375194,4524.734336697618,40485332190.0
2720.5100575,2720.5047639618942,40485332190.0
3708.8641679,3708.8602849603567,40485332190.0
3768.9730955,3768.9692745451407,40485332190.0
3683.8665377,3683.8626284146976,40485332190.0
3279.4715549,3279.4671635481795,40485332190.0
11401.671295,11401.670031765361,40485332190.0
3753.5194498,3753.515613072724,40485332190.0
8826.1400122,8826.138380618084,40485332190.0
3565.6289151,3565.62487617755,40485332190.0
1912.1536805,1912.1461491029618,40485332190.0
4615.3602003,4615.357080043764,40485332190.0
7404.7280171,7404.726072245716,40485332190.0
5011.7139597,5011.711086159203,40485332190.0
1104.051318,1104.0382741100045,40485332190.0
4717.4614365,4717.458383726122,40485332190.0
13990.126143,13990.125113789018,40485332190.0
6735.9784991,6735.976361171687,40485332190.0
5677.1959108,5677.1933741646335,40485332190.0
1124.8300152,1124.8172122516828,40485332190.0
1307.969993,1307.9589826448212,40485332190.0
2039.7839651,2039.7769049141843,40485332190.0
2428.4891787,2428.483248561309,40485332190.0
2335.4954039,2335.489237620972,40485332190.0
1133.0443335,1133.0316232933471,40485332190.0
1978.7905852,1978.7833074509772,40485332190.0
3588.7527072,3588.748694393271,40485332190.0
15257.840183,15257.839239642755,40485332190.0
11443.377406,11443.376146766324,40485332190.0
694.44720812,694.4264702951273,40485332190.0
4604.2832656,4604.280137905038,40485332190.0
3823.6964782,3823.6927119262045,40485332190.0
7036.4582945,7036.45624791465,40485332190.0
476.70539573,476.6751851034721,40485332190.0
7979.8308371,7979.829032457361,40485332190.0
1392.8375672,1392.8272277407164,40485332190.0
1912.3371413,1912.3296106558,40485332190.0
2654.9202244,2654.9148001524527,40485332190.0
4658.5086919,4658.505600561108,40485332190.0
863.55146987,863.5347930986165,40485332190.0
3570.8510287,3570.8469957010375,40485332190.0
1344.1576969,1344.1469829893163,40485332190.0
10332.136807,10332.135413393518,40485332190.0
3182.0191001,3182.0145743480307,40485332190.0
1681.6760105,1681.6674469361237,40485332190.0
2513.6990279,2513.693298807137,40485332190.0
402.90932772,402.87358331949355,40485332190.0
9270.0646884,9270.063134902704,40485332190.0
7695.8994924,7695.897621078292,40485332190.0
7328.565685,7328.563719954061,40485332190.0
3980.6722072,3980.6685895017786,40485332190.0
3906.1303956,3906.1267087726696,40485332190.0
3051.052833,3051.0481129471277,40485332190.0
8259.6685044,8259.666760858463,40485332190.0
889.25123538,889.2350405775109,40485332190.0
10434.935192,10434.933812072431,40485332190.0
6518.1503202,6518.148110832574,40485332190.0
1445.8322731,1445.8223126757384,40485332190.0
2090.1843724,2090.17748252227,40485332190.0
1913.5575706,1913.5500447588624,40485332190.0
14543.738888,14543.73789754099,40485332190.0
10613.947514,10613.946157325228,40485332190.0
9615.5674724,9615.565974708281,40485332190.0
2427.8142666,2427.808334853249,40485332190.0
2589.4516445,2589.446083069752,40485332190.0
2278.3678399,2278.361519102781,40485332190.0
1191.2152499,1191.2031603577018,40485332190.0
8167.1931353,8167.191371974191,40485332190.0
1052.9977154,1052.9840390171491,40485332190.0
11943.245489,11943.24428296945,40485332190.0
1528.2640746,1528.254651377482,40485332190.0
2278.5994326,2278.593112451527,40485332190.0
10382.91149,10382.910102770595,40485332190.0
11582.983537,11582.982292816412,40485332190.0
1532.212662,1532.203263027905,40485332190.0
2695.5986408,2695.593298345751,40485332190.0
21373.414049,21373.413375524426,40485332190.0
2775.0830798,2775.0778903442874,40485332190.0
3743.6104828,3743.6066359250826,40485332190.0
430.7393708,430.70593604141527,40485332190.0
3867.7596693,3867.755945951486,40485332190.0
4838.5567867,4838.553810413841,40485332190.0
6782.6715909,6782.669467722798,40485332190.0
4113.2630395,4113.259538279525,40485332190.0
5047.736509,5047.7336559962905,40485332190.0
4840.9545846,4840.951609773379,40485332190.0
1325.1268896,1325.1160218586492,40485332190.0
9695.4202066,9695.418721295078,40485332190.0
1968.1528298,1968.1455127190948,40485332190.0
2638.8227822,2638.817324845292,40485332190.0
2563.6385798,2563.6329622948865,40485332190.0
1839.9279869,1839.920159918722,40485332190.0
1938.7578112,1938.7503831360518,40485332190.0
418.43848994,418.4040722117011,40485332190.0
6835.9520903,6835.94998364697,40485332190.0
8051.7914758,8051.789687242837,40485332190.0
5014.9366733,5014.933801698712,40485332190.0
7601.5940541,7601.592159638955,40485332190.0
2480.6368319,2480.6310264712497,40485332190.0
4064.1207216,4064.1171781189178,40485332190.0
6288.9136127,6288.91132278116,40485332190.0
10072.802379,10072.800949433746,40485332190.0
6938.1330726,6938.130996926318,40485332190.0
6916.6407373,6916.638655263128,40485332190.0
8295.6192649,8295.617528932085,40485332190.0
1164.105549,1164.0931779917369,40485332190.0
4916.9907602,4916.987831393491,40485332190.0
2595.5730962,2595.567547916785,40485332190.0
2590.2046558,2590.199096001348,40485332190.0
1935.8126795,1935.8052401696607,40485332190.0
2719.2553835,2719.2500875743704,40485332190.0
1873.4963496,1873.4886628850109,40485332190.0
363.92017195,363.88059762610663,40485332190.0
5037.827918,5037.825059391628,40485332190.0
1068.7119625,1068.6984872446496,40485332190.0
3602.6751728,3602.6711754830453,40485332190.0
2080.8530155,2080.846094757704,40485332190.0
2411.2371262,2411.2311536496404,40485332190.0
3098.175731,3098.1710827054058,40485332190.0
5091.0158713,5091.013042619539,40485332190.0
1635.2220447,1635.2132378338922,40485332190.0
3158.8612476,3158.85668862775,40485332190.0
1676.4468569,1676.4382665879543,40485332190.0
5084.2800785,5084.277246022951,40485332190.0
8489.9873285,8489.985632278864,40485332190.0
7185.469571,7185.467566816507,40485332190.0
2869.6478184,2869.6427999791213,40485332190.0
5028.650956,5028.648092132388,40485332190.0
3935.0521318,3935.04847206517,40485332190.0
10565.721077,10565.71971387249,40485332190.0
10897.45498,10897.45365807643,40485332190.0
7041.5788965,7041.576851355624,40485332190.0
10188.399149,10188.397735207276,40485332190.0
2629.7946158,2629.7891397045196,40485332190.0
2767.1814727,2767.1762684056725,40485332190.0
2236.8157534,2236.809315144371,40485332190.0
1430.6427664,1430.6327001984746,40485332190.0
2039.701377,2039.6943165439586,40485332190.0
2591.4916074,2591.486050286334,40485332190.0
3179.0380402,3179.0335102190634,40485332190.0
3243.4210071,3243.416567062295,40485332190.0
14484.08575,14484.08475556831,40485332190.0
10188.788394,10188.786979964269,40485332190.0
10976.338769,10976.33745720559,40485332190.0
8747.1471296,8747.145483261142,40485332190.0
10848.346407,10848.345079947925,40485332190.0
7710.9326546,7710.93078696083,40485332190.0
6875.8230373,6875.820942770218,40485332190.0
2792.6614906,2792.656333797022,40485332190.0
3971.5078863,3971.504260165273,40485332190.0
1710.2489588,1710.240538248317,40485332190.0
3520.7372139,3520.733123557402,40485332190.0
2279.268006,2279.2616876521242,40485332190.0
11225.999661,11225.998377323833,40485332190.0
4035.3275743,4035.324005487338,40485332190.0
5084.8842566,5084.881424467689,40485332190.0
6662.9929555,6662.990794125477,40485332190.0
3943.1273075,3943.123655325735,40485332190.0
6968.4754923,6968.4734256736465,40485332190.0
4474.8306024,4474.827384129545,40485332190.0
5552.7349894,5552.7323959102405,40485332190.0
2280.2702234,2280.263907915497,40485332190.0
2345.0858299,2345.079688951421,40485332190.0
8507.5725587,8507.570866034153,40485332190.0
10313.8675,10313.866103869083,40485332190.0
14323.179875,14323.178869773257,40485332190.0
4795.4662083,4795.463205264874,40485332190.0
7126.6606054,7126.658584685139,40485332190.0
3380.5606932,3380.5564332385757,40485332190.0
4235.2555729,4235.252172538294,40485332190.0
8181.449021,8181.447260759453,40485332190.0
1003.760198,1003.7458507357111,40485332190.0
9974.6803111,9974.678867336568,40485332190.0
2826.4544576,2826.44936246222,40485332190.0
4493.1757547,4493.1725496137915,40485332190.0
1772.4508411,1772.442716169297,40485332190.0
11022.70407,11022.702762743478,40485332190.0
1988.964524,1988.9572835068197,40485332190.0
4524.2382646,4524.2350815245645,40485332190.0
8251.2641859,8251.26244061613,40485332190.0
4152.4137853,4152.410317121025,40485332190.0
3500.1717923,3500.1676778987608,40485332190.0
8776.9755843,8776.9739435737,40485332190.0
2695.6541474,2695.648804959796,40485332190.0
7532.9893275,7532.987415680567,40485332190.0
982.23484676,982.2201850716524,40485332190.0
2524.3875238,2524.381819012477,40485332190.0
10390.751944,10390.750557622196,40485332190.0
2046.5554127,2046.5483758929622,40485332190.0
3596.0487776,3596.0447728408785,40485332190.0
1415.1976331,1415.1874570765049,40485332190.0
822.06021286,822.042694365311,40485332190.0
415.23842186,415.20373887242727,40485332190.0
7132.7791342,7132.777115162239,40485332190.0
16082.345225,16082.344329860282,40485332190.0
4378.3594338,4378.356144716956,40485332190.0
12511.756905,12511.7557538405,40485332190.0
1663.3968116,1663.3881539391168,40485332190.0
10038.261462,10038.260027400991,40485332190.0
5009.4656859,5009.462811077889,40485332190.0
22324.557083,22324.556437535324,40485332190.0
879.30036842,879.2839903517133,40485332190.0
4565.217118,4565.213963489338,40485332190.0
1956.6788456,1956.6714856120886,40485332190.0
4030.5922377,4030.588664724625,40485332190.0
2502.1921075,2502.1863521163473,40485332190.0
2106.893764,2106.8869287899665,40485332190.0
2054.0096426,2054.002631295334,40485332190.0
5748.7076979,5748.705192765629,40485332190.0
1071.7671716,1071.7537346853946,40485332190.0
2139.215627,2139.208895013451,40485332190.0
1279.9135506,1279.9022989201567,40485332190.0
2180.0324872,2180.0258812534885,40485332190.0
4759.9770336,4759.974008212307,40485332190.0
2834.6486998,2834.6436194101134,40485332190.0
5213.4949555,5213.49219329127,40485332190.0
13680.109656,13680.108603217383,40485332190.0
1423.9599606,1423.9498470958624,40485332190.0
17018.23174,17018.2308939683,40485332190.0
1869.9626078,1869.9549064429357,40485332190.0
300.62952495,300.58161795146697,40485332190.0
1336.6612551,1336.6504811667742,40485332190.0
7391.6736787,7391.671730471502,40485332190.0
3848.0460882,3848.0423457515694,40485332190.0
3625.3978444,3625.3938721046743,40485332190.0
1549.1174239,1549.1081275198753,40485332190.0
5203.6393344,5203.636566895226,40485332190.0
10790.575863,10790.574527717094,40485332190.0
12658.597817,12658.59667905439,40485332190.0
3128.1036429,3128.0990391553264,40485332190.0
1822.338956,1822.3310533725655,40485332190.0
4091.8409588,4091.837439350216,40485332190.0
7554.7113565,7554.709450289822,40485332190.0
4711.3064609,4711.3034042057,40485332190.0
3184.0323066,3184.0277836884193,40485332190.0
4129.5218375,4129.518350168917,40485332190.0
11906.928781,11906.927571121827,40485332190.0
4626.7321866,4626.729074006192,40485332190.0
4254.9920061,4254.988621581536,40485332190.0
6756.1500829,6756.147951392599,40485332190.0
3946.8958981,3946.8922494204317,40485332190.0
4824.6546604,4824.65167551543,40485332190.0
5950.0541601,5950.051739755155,40485332190.0
5070.6683966,5070.66555651721,40485332190.0
14699.329441,14699.328460739389,40485332190.0
3679.9972124,3679.993299114674,40485332190.0
2668.3739083,2668.3685113837846,40485332190.0
3964.1769587,3964.1733259012535,40485332190.0
1633.9705949,1633.961781242497,40485332190.0
1914.6930702,1914.6855488655654,40485332190.0
1524.5789248,1524.569478849697,40485332190.0
19334.335534,19334.33478964048,40485332190.0
2272.5152333,2272.508896232011,40485332190.0
6258.9457546,6258.943453747915,40485332190.0
2047.0380832,2047.031048150475,40485332190.0
1960.6043406,1960.5969953633294,40485332190.0
6477.7122369,6477.710013723746,40485332190.0
758.33039268,758.3114018932743,40485332190.0
947.32667083,947.3114688597765,40485332190.0
3890.6745154,3890.6708139381403,40485332190.0
3154.365927,3154.361361588994,40485332190.0
4765.7679994,4765.764977607461,40485332190.0
2580.0942862,2580.0887046324897,40485332190.0
3395.7511785,3395.746937615614,40485332190.0
3826.9585025,3826.954739455792,40485332190.0
2742.5230121,2742.5177610869314,40485332190.0
1375.4024736,1375.3920031518346,40485332190.0
2655.7818388,2655.7764162987332,40485332190.0
2185.3205378,2185.313947863995,40485332190.0
8478.8338318,8478.832133351241,40485332190.0
5790.2155445,5790.213057341066,40485332190.0
5171.6282818,5171.62549716136,40485332190.0
4029.8969731,4029.893399501216,40485332190.0
15386.328412,15386.327476352897,40485332190.0
17340.123787,17340.12295637675,40485332190.0
3261.3250648,3261.3206490572315,40485332190.0
14632.418022,14632.41703772932,40485332190.0
6467.2649307,6467.262703916478,40485332190.0
1273.4012246,1273.3899153168009,40485332190.0
1224.3003068,1224.2885439351485,40485332190.0
5988.8683103,5988.865905599896,40485332190.0
5940.8417842,5940.83936013629,40485332190.0
2556.0806546,2556.075020557974,40485332190.0
6458.1524728,6458.150242906921,40485332190.0
8962.5745263,8962.572919571885,40485332190.0
3267.7259987,3267.7215915340666,40485332190.0
7432.6288557,7432.626918217431,40485332190.0
8237.5744476,8237.57269937109,40485332190.0
7640.9874185,7640.985533771013,40485332190.0
3626.0074478,3626.00347613414,40485332190.0
1368.163843,1368.1533171176734,40485332190.0
21051.238386,21051.23770147608,40485332190.0
6224.5394617,6224.53714812505,40485332190.0
3855.8457591,3855.842024191114,40485332190.0
2297.2253327,2297.2190636963287,40485332190.0
17582.091797,17582.090977244647,40485332190.0
9734.2430275,9734.241548074764,40485332190.0
2099.2771709,2099.270310827547,40485332190.0
5612.4111433,5612.4085773568695,40485332190.0
3461.796892,3461.792731976215,40485332190.0
4186.6902546,4186.68681479369,40485332190.0
5243.2788365,5243.276089989295,40485332190.0
2266.5781313,2266.5717776168444,40485332190.0
989.09411655,989.0795565407685,40485332190.0
13985.417474,13985.416444579272,40485332190.0
13081.130641,13081.129539728969,40485332190.0
8471.5680955,8471.56639557267,40485332190.0
2701.1769071,2701.171575710763,40485332190.0
2917.5507538,2917.54581767812,40485332190.0
10438.825719,10438.824340088111,40485332190.0
14278.217273,14278.216263659242,40485332190.0
5519.9426507,5519.940041770966,40485332190.0
3685.1252996,3685.1213917487516,40485332190.0
7596.0405074,7596.038611603885,40485332190.0
2647.6220447,2647.616605422607,40485332190.0
311.40021123,311.35396149430665,40485332190.0
5631.113746,5631.111188612945,40485332190.0
7480.200656,7480.198730729788,40485332190.0
4778.7778196,4778.774806054222,40485332190.0
3550.6050996,3550.601043710039,40485332190.0
2162.0461902,2162.039529306822,40485332190.0
2867.876313,2867.8712914732264,40485332190.0
2296.3927193,2296.3864481034293,40485332190.0
4440.8251524,4440.821909437564,40485332190.0
2726.4965199,2726.4912380137184,40485332190.0
6091.115332,6091.112967723607,40485332190.0
6287.9983428,6287.996052533882,40485332190.0
2559.7943162,2559.788690335933,40485332190.0
2284.3752817,2284.368977523175,40485332190.0
12157.250401,12157.249216518203,40485332190.0
5945.0144864,5945.012064023925,40485332190.0
5822.7349801,5822.7325068329865,40485332190.0
829.64510216,829.6277438236781,40485332190.0
2656.5721816,2656.5667605866965,40485332190.0
5319.9549549,5319.952247820082,40485332190.0
2708.8211118,2708.815795395789,40485332190.0
4474.3901146,4474.386896065168,40485332190.0
3999.1481542,3999.1445530957058,40485332190.0
3635.9332494,3635.929288566306,40485332190.0
3068.6687914,3068.664098522841,40485332190.0
8156.4010376,8156.399271947174,40485332190.0
1862.2975345,1862.2898015004819,40485332190.0
5796.9473221,5796.944837830856,40485332190.0
13128.601845,13128.600748055114,40485332190.0
2311.7456366,2311.7394069732,40485332190.0
3401.7876714,3401.783437992298,40485332190.0
3047.3244903,3047.3197644631855,40485332190.0
4177.6097877,4177.606340502053,40485332190.0
2126.8530205,2126.846249382642,40485332190.0
4690.7221389,4690.719068716803,40485332190.0
4607.1350816,4607.13195581196,40485332190.0
2356.6286925,2356.622581652935,40485332190.0
3826.6333657,3826.6296023458663,40485332190.0
19524.281817,19524.28107929073,40485332190.0
9095.7359472,9095.73436389263,40485332190.0
8433.1127775,8433.11106978357,40485332190.0
904.33184935,904.315924617427,40485332190.0
2399.9236732,2399.917672625472,40485332190.0
1407.626941,1407.6167101935814,40485332190.0
4750.5907317,4750.587700280103,40485332190.0
7170.5913361,7170.589327770263,40485332190.0
5239.3143284,5239.3115797574255,40485332190.0
1927.1024524,1927.0949793823813,40485332190.0
2693.4575258,2693.45217911628,40485332190.0
2263.7989683,2263.7926068483703,40485332190.0
4513.9096087,4513.90641836759,40485332190.0
5235.431732,5235.428981205365,40485332190.0
4308.4158312,4308.412488639438,40485332190.0
9714.14953,9714.148047487659,40485332190.0
4900.8503653,4900.847426796525,40485332190.0
308.50084155,308.4541570806541,40485332190.0
4039.2755793,4039.272014025178,40485332190.0
3882.3588407,3882.355131356539,40485332190.0
3411.5381031,3411.5338818783957,40485332190.0
1557.0873278,1557.078078938554,40485332190.0
10085.208655,10085.20722679477,40485332190.0
7011.9761457,7011.974091913584,40485332190.0
1559.315532,1559.306296494317,40485332190.0
2328.1015739,2328.0953880957723,40485332190.0
6096.2679276,6096.265565252141,40485332190.0
2996.6064828,2996.6016769796984,40485332190.0
1837.8062232,1837.7983871690187,40485332190.0
9103.2947732,9103.293191168568,40485332190.0
4245.3000016,4245.296609330053,40485332190.0
2524.9522084,2524.9465048491884,40485332190.0
4990.2023771,4990.199491266185,40485332190.0
5831.0049856,5831.0025157971795,40485332190.0
4755.1649437,4755.161915218466,40485332190.0
3658.8763008,3658.872364832014,40485332190.0
3912.9868852,3912.9832049054003,40485332190.0
10592.256284,10592.25492451776,40485332190.0
5447.3177197,5447.315075931897,40485332190.0
8798.7970004,8798.79536367083,40485332190.0
5042.4716403,5042.4687843031015,40485332190.0
4954.5918349,4954.588928308181,40485332190.0
3358.6103573,3358.60606945849,40485332190.0
2388.4163122,2388.410282629005,40485332190.0
6829.0191838,6829.01707500978,40485332190.0
6642.64403,6642.64186203501,40485332190.0
2463.8342549,2463.828409921931,40485332190.0
6736.7109971,6736.708859426796,40485332190.0
15401.840727,15401.83979118842,40485332190.0
1792.770159,1792.7621260602025,40485332190.0
8404.2263362,8404.224622599691,40485332190.0
14113.121082,14113.120062025735,40485332190.0
7354.7975933,7354.795635224145,40485332190.0
2075.0920112,2075.085071119019,40485332190.0
2162.7316701,2162.725011275931,40485332190.0
5104.7119369,5104.709115725666,40485332190.0
1659.5054095,1659.4967314690643,40485332190.0
1971.0210239,1971.0137174078686,40485332190.0
3583.3257789,3583.321759958705,40485332190.0
10426.139558,10426.138176774435,40485332190.0
2941.6090774,2941.6041817620953,40485332190.0
3701.990118,3701.9862279083377,40485332190.0
1984.390398,1984.3831408062467,40485332190.0
6745.8451413,6745.843006441067,40485332190.0
2350.5448614,2350.5387346364137,40485332190.0
2598.1320826,2598.126539691891,40485332190.0
1939.5023336,1939.4949084386005,40485332190.0
4956.4206492,4956.417743631711,40485332190.0
4131.6872738,4131.6837882432455,40485332190.0
10544.794218,10544.79285243208,40485332190.0
4530.9602282,4530.957049841944,40485332190.0
3996.6916666,3996.688063350291,40485332190.0
20879.661221,20879.66053161028,40485332190.0
3240.7700083,3240.765564494576,40485332190.0
4759.449669,4759.446643198947,40485332190.0
2606.6835683,2606.678043592064,40485332190.0
643.73819858,643.7158271313835,40485332190.0
2829.360344,2829.355254179903,40485332190.0
2183.3230731,2183.3164771831935,40485332190.0
5325.8781075,5325.8754035385045,40485332190.0
13804.706371,13804.705327077252,40485332190.0
3899.4054574,3899.4017641983896,40485332190.0
3040.0548696,3040.0501325042314,40485332190.0
2596.5480117,2596.542465464492,40485332190.0
3628.3104045,3628.306435438521,40485332190.0
1844.5286095,1844.5208019779425,40485332190.0
9769.1423311,9769.140856999706,40485332190.0
9624.9858392,9624.98434293911,40485332190.0
8979.3597351,8979.358131309611,40485332190.0
2260.40038,2260.394009007329,40485332190.0
3727.8295317,3727.825668578414,40485332190.0
3651.1128181,3651.1088737817445,40485332190.0
11983.81823,11983.817028700974,40485332190.0
2623.4525063,2623.4470170055065,40485332190.0
4439.9195507,4439.916307146906,40485332190.0
3429.9034084,3429.899209643529,40485332190.0
3179.1889998,3179.184469963716,40485332190.0
1706.7740276,1706.7655899261451,40485332190.0
10756.3708,10756.36946117176,40485332190.0
2693.1825797,2693.1772324224485,40485332190.0
7569.923006,7569.921103577799,40485332190.0
4233.5034322,4233.500030552132,40485332190.0
7777.0748089,7777.072957144188,40485332190.0
13722.876652,13722.875602724267,40485332190.0
8337.7795106,8337.777783433527,40485332190.0
3142.4828483,3142.478265609112,40485332190.0
3707.3775709,3707.373686482757,40485332190.0
3851.5791381,3851.575399031739,40485332190.0
2772.7691239,2772.7639301276013,40485332190.0
9775.7009488,9775.699475637359,40485332190.0
5709.9262776,5709.92375551744,40485332190.0
768.36903419,768.350291522873,40485332190.0
3336.8771268,3336.872810996748,40485332190.0
9190.0006449,9189.999077908278,40485332190.0
1368.1921796,1368.1816538995924,40485332190.0
2708.0784753,2708.073157540891,40485332190.0
2073.5699479,2073.563002794644,40485332190.0
1941.935358,1941.92794213705,40485332190.0
1916.0853364,1916.0778204450442,40485332190.0
10640.506386,10640.50503289224,40485332190.0
3230.9225736,3230.9181163508233,40485332190.0
8954.8844541,8954.882845909078,40485332190.0
4424.0924192,4424.089164030051,40485332190.0
8205.1728907,8205.171135646826,40485332190.0
1320.779862,1320.768958382812,40485332190.0
3126.6424178,3126.637811921625,40485332190.0
3898.041085,3898.037390538348,40485332190.0
9300.7845419,9300.782993440867,40485332190.0
7730.0972396,7730.095376652928,40485332190.0
3010.7323896,3010.7276062902943,40485332190.0
3098.740976,3098.7363285630067,40485332190.0
3735.4187111,3735.414855833286,40485332190.0
1430.4588788,1430.448811308723,40485332190.0
7746.4270797,7746.425220613447,40485332190.0
11733.810009,11733.808781915108,40485332190.0
8142.9332684,8142.931499878593,40485332190.0
3546.930369,3546.9263088366997,40485332190.0
1500.8078282,1500.7982325775704,40485332190.0
1467.5558871,1467.5460740493775,40485332190.0
1452.0239197,1452.0140016892976,40485332190.0
11455.172608,11455.17135122255,40485332190.0
2481.1615671,2481.1557629778536,40485332190.0
4177.9240436,4177.9205966747295,40485332190.0
4342.3551498,4342.3518334552045,40485332190.0
2529.1873021,2529.1816081235834,40485332190.0
7636.7384337,7636.736547933104,40485332190.0
3564.5266275,3564.5225873795243,40485332190.0
8878.1379599,8878.13633776836,40485332190.0
4164.9983261,4164.994868457238,40485332190.0
10600.968161,10600.966802926616,40485332190.0
7532.4814166,7532.47950471754,40485332190.0
1336.4717144,1336.4609389317013,40485332190.0
1675.454887,1675.4462915803203,40485332190.0
2494.9320404,2494.9262682886547,40485332190.0
2913.2446445,2913.2397011652324,40485332190.0
4930.4547513,4930.4518305277425,40485332190.0
3219.6241528,3219.619679869791,40485332190.0
5850.8326333,5850.830171943524,40485332190.0
3736.7839338,3736.780079832067,40485332190.0
5424.007765,5424.0051100237915,40485332190.0
794.04238567,794.0242490114791,40485332190.0
10669.389305,10669.38795495922,40485332190.0
2443.2890177,2443.2831236121356,40485332190.0
2137.3752778,2137.368540044816,40485332190.0
5760.9007233,5760.898223442073,40485332190.0
2679.7516315,2679.7462573956686,40485332190.0
2500.1095785,2500.103818347437,40485332190.0
1466.0076188,1465.9977953831487,40485332190.0
8979.0048635,8979.003259654419,40485332190.0
2479.8637658,2479.857958525238,40485332190.0
1690.4536419,1690.4451227843672,40485332190.0
10334.184226,10334.182831988359,40485332190.0
3083.8858617,3083.8811919129143,40485332190.0
3918.8814745,3918.877799688921,40485332190.0
1825.3703145,1825.3624250900216,40485332190.0
6783.4573329,6783.455209898779,40485332190.0
3444.1374097,3444.1332283894826,40485332190.0
3844.6886666,3844.684920917562,40485332190.0
13890.736091,13890.735053765266,40485332190.0
2326.6980364,2326.691846817765,40485332190.0
4363.2709996,4363.267699097222,40485332190.0
3271.8507298,3271.8463283159713,40485332190.0
3529.3364855,3529.332405058336,40485332190.0
4896.4830251,4896.480083963966,40485332190.0
1987.2426093,1987.2353625695687,40485332190.0
1835.4219576,1835.4141113920111,40485332190.0
8175.1713535,8175.169591919949,40485332190.0
3482.811913,3482.807778051434,40485332190.0
2949.4489796,2949.4440968988506,40485332190.0
12770.301631,12770.300502575245,40485332190.0
6716.9476831,6716.9455390997755,40485332190.0
1044.5814026,1044.5676159465056,40485332190.0
7674.510029,7674.508152489366,40485332190.0
5501.0107423,5501.008124361415,40485332190.0
1798.8760779,1798.868072317769,40485332190.0
5610.3286234,5610.326056478701,40485332190.0
6308.0220895,6308.019806515951,40485332190.0
7345.8087543,7345.806793824309,40485332190.0
5978.9298495,5978.927440877636,40485332190.0
3627.1890825,3627.185112178347,40485332190.0
1505.7085301,1505.6989658095301,40485332190.0
946.63855595,946.6233429326513,40485332190.0
4002.5720395,4002.56844152681,40485332190.0
1870.7527754,1870.7450773082514,40485332190.0
1918.8711076,1918.8636026212596,40485332190.0
8135.7560274,8135.754257280822,40485332190.0
3019.3764893,3019.3717198013073,40485332190.0
3263.5874272,3263.583014445084,40485332190.0
4253.2046441,4253.201258160636,40485332190.0
11357.989425,11357.988157270793,40485332190.0
3266.0487614,3266.0443520559547,40485332190.0
13113.857837,13113.856737990716,40485332190.0
18323.110299,18323.10951396855,40485332190.0
12046.502221,12046.501024816602,40485332190.0
3578.7533495,3578.749325411229,40485332190.0
3867.435933,3867.432209327292,40485332190.0
818.44607458,818.4284787190232,40485332190.0
12612.733752,12612.73261041285,40485332190.0
3100.3364103,3100.3317653403406,40485332190.0
1676.9707867,1676.9621991673225,40485332190.0
3761.8664331,3761.862604907669,40485332190.0
3581.9024397,3581.898419213482,40485332190.0
4678.7083614,4678.705283457888,40485332190.0
13996.033356,13996.032327073837,40485332190.0
1739.6672813,1739.659003202421,40485332190.0
9717.0815683,9717.080086273681,40485332190.0
1583.4667082,1583.4576134431015,40485332190.0
12324.758939,12324.757770851638,40485332190.0
12589.694306,12589.693161705241,40485332190.0
5668.5639773,5668.56143687044,40485332190.0
4749.4328359,4749.429803666632,40485332190.0
1926.9433246,1926.9358509792548,40485332190.0
3112.84367,3112.8390436685,40485332190.0
9064.7505329,9064.748944202825,40485332190.0
2565.2959971,2565.2903833163646,40485332190.0
21808.735293,21808.734633032564,40485332190.0
1006.5391884,1006.5248807394295,40485332190.0
1060.5136718,1060.5000923155737,40485332190.0
3738.3969693,3738.3931170783817,40485332190.0
16803.516405,16803.515547630705,40485332190.0
3368.9492557,3368.9449809464995,40485332190.0
5023.9092394,5023.9063728404435,40485332190.0
9456.9079166,9456.906393722555,40485332190.0
9671.0668994,9671.065410316854,40485332190.0
2856.6028249,2856.597783545934,40485332190.0
958.52525016,958.5102258067587,40485332190.0
2523.8839066,2523.878200673441,40485332190.0
3328.815805,3328.8114788185917,40485332190.0
10149.166269,10149.164850004221,40485332190.0
5117.8357915,5117.832977614364,40485332190.0
1453.9202334,1453.9103284086132,40485332190.0
1174.413259,1174.4009964523432,40485332190.0
5498.7893731,5498.786754095515,40485332190.0
3378.1188101,3378.1145470651604,40485332190.0
2708.2751251,2708.2698076531037,40485332190.0
16563.052529,16563.05165972028,40485332190.0
2855.1956156,2855.1905717114064,40485332190.0
5111.614973,5111.612155698497,40485332190.0
1359.7949904,1359.7843997053742,40485332190.0
2164.7433295,2164.7366769189252,40485332190.0
2976.8945544,2976.889716718931,40485332190.0
5316.6602326,5316.657523974113,40485332190.0
4225.602388,4225.598979905278,40485332190.0
5478.6683836,5478.665754965626,40485332190.0
3757.431184,3757.427351343885,40485332190.0
921.48319012,921.4675618029808,40485332190.0
2691.3104445,2691.3050935557135,40485332190.0
4211.8208533,4211.817434026285,40485332190.0
1343.2766035,1343.265882618566,40485332190.0
3241.5463961,3241.5419534090047,40485332190.0
2031.1616881,2031.1545980342567,40485332190.0
1096.8773095,1096.8641801957701,40485332190.0
7548.6206002,7548.618692401208,40485332190.0
6456.9396473,6456.937417017943,40485332190.0
2024.3941055,2024.3869917825627,40485332190.0
2252.7058909,2252.699498154341,40485332190.0
6096.1652886,6096.162926190612,40485332190.0
1996.7879693,1996.7807571132014,40485332190.0
7032.7892904,7032.787242716249,40485332190.0
2348.9894577,2348.983326854659,40485332190.0
9059.5424224,9059.540832807697,40485332190.0
1342.3051748,1342.2944460726249,40485332190.0
5705.7759385,5705.773414532022,40485332190.0
6139.7184739,6139.716128328466,40485332190.0
4277.7041726,4277.7008060696035,40485332190.0
5156.2538133,5156.251020404948,40485332190.0
6941.0417831,6941.0397082900645,40485332190.0
1889.2812523,1889.2736296985693,40485332190.0
13349.075399,13349.074320429967,40485332190.0
4041.5879016,4041.5843383956176,40485332190.0
4808.2537064,4808.250711318509,40485332190.0
3486.0766296,3486.0724985294482,40485332190.0
1942.4161872,1942.408773084229,40485332190.0
3776.1457427,3776.14192898259,40485332190.0
5754.0913476,5754.088844849863,40485332190.0
3543.6951402,3543.6910763229766,40485332190.0
920.91059678,920.8949587368206,40485332190.0
3340.4432668,3340.4389556628953,40485332190.0
3028.862391,3028.857636385908,40485332190.0
2912.7187946,2912.71385040001,40485332190.0
2175.1713692,2175.164748523941,40485332190.0
4030.5354518,4030.531878816305,40485332190.0
13898.925625,13898.924588515367,40485332190.0
6387.02108,6387.0188252044245,40485332190.0
12208.353092,12208.351912720402,40485332190.0
6064.6623356,6064.659961074564,40485332190.0
1398.9403148,1398.9300204383435,40485332190.0
2698.2726971,2698.267359931447,40485332190.0
3500.8896443,3500.885530726289,40485332190.0
2119.3452461,2119.3384510523874,40485332190.0
5664.1840223,5664.181479790795,40485332190.0
1936.8701641,1936.862728849158,40485332190.0
1803.5531818,1803.5451969874618,40485332190.0
3065.0237237,3065.019025124235,40485332190.0
9775.5644992,9775.563025990532,40485332190.0
4328.4844575,4328.481130471403,40485332190.0
953.7212625,953.7061624675688,40485332190.0
1915.4561342,1915.448615848976,40485332190.0
3129.9067149,3129.902113752665,40485332190.0
8732.7090816,8732.707432536981,40485332190.0
10413.932059,10413.93067647003,40485332190.0
3817.9747399,3817.9709680559886,40485332190.0
5209.1094845,5209.106719924471,40485332190.0
11241.650382,11241.649100938981,40485332190.0
1876.2791795,1876.2715040864898,40485332190.0
6685.7777277,6685.775573709565,40485332190.0
4923.0019917,4922.999066413992,40485332190.0
3591.444501,3591.440491237769,40485332190.0
14174.741612,14174.74059640573,40485332190.0
5469.5930362,5469.590403288575,40485332190.0
8810.143829,8810.142194320093,40485332190.0
10023.498766,10023.497328434196,40485332190.0
4954.6937931,4954.690886540283,40485332190.0
1658.20511,1658.196425243521,40485332190.0
9521.2190981,9521.217585605053,40485332190.0
15229.567119,15229.566173967645,40485332190.0
10750.622956,10750.621617227103,40485332190.0
4305.7423745,4305.739029946306,40485332190.0
7599.5493314,7599.54743634894,40485332190.0
7755.8796386,7755.877781866213,40485332190.0
3277.525477,3277.5210831235404,40485332190.0
6896.7199886,6896.717900441822,40485332190.0
5628.1956686,5628.193109870386,40485332190.0
2149.7306544,2149.7239553214413,40485332190.0
7387.206322,7387.204372527781,40485332190.0
3229.4974247,3229.492965437908,40485332190.0
3299.0877862,3299.083421044105,40485332190.0
2237.7284133,2237.721977729345,40485332190.0
1222.8191005,1222.807323433524,40485332190.0
2779.8585486,2779.853368122528,40485332190.0
7691.8698362,7691.867963971359,40485332190.0
6675.3660783,6675.363921028957,40485332190.0
1312.9834209,1312.9724525786146,40485332190.0
9170.582049,9170.580478627217,40485332190.0
2521.4852023,2521.4794909405464,40485332190.0
4213.0710287,4213.067610542447,40485332190.0
2472.7651889,2472.7593650294384,40485332190.0
2958.0437156,2958.0388470931643,40485332190.0
1816.500028,1816.492100055274,40485332190.0
326.77832463,326.73425169121396,40485332190.0
3163.6881272,3163.683575275043,40485332190.0
1414.3419569,1414.3317747168367,40485332190.0
4745.4277444,4745.424709698071,40485332190.0
5173.2677657,5173.264981963998,40485332190.0
7370.2216962,7370.219742243282,40485332190.0
12425.051966,12425.050806833868,40485332190.0
5911.2799465,5911.277510281016,40485332190.0
5534.8915809,5534.888979081627,40485332190.0
6496.9538938,6496.951677197373,40485332190.0
4690.5138745,4690.510804275456,40485332190.0
4151.0875383,4151.084069069395,40485332190.0
3770.9589496,3770.9551305832515,40485332190.0
2122.0011643,2121.9943776799855,40485332190.0
3996.993222,3996.989618970896,40485332190.0
6481.6047485,6481.602526716902,40485332190.0
5932.0208177,5932.01838995693,40485332190.0
6142.6602073,6142.657862826978,40485332190.0
4232.4448082,4232.441405643238,40485332190.0
6303.5819665,6303.57968200384,40485332190.0
4019.9670666,4019.963484144882,40485332190.0
12244.104303,12244.10312676794,40485332190.0
3729.4861887,3729.482327311788,40485332190.0
3254.2363224,3254.2318970586,40485332190.0
581.3644914,581.339719650157,40485332190.0
4175.062571,4175.059121682207,40485332190.0
5895.1278591,5895.125416265556,40485332190.0
1353.6906507,1353.6800122848827,40485332190.0
2817.7241964,2817.7190854316964,40485332190.0
4937.4891007,4937.486184044338,40485332190.0
2601.6418925,2601.636357118892,40485332190.0
2794.4339576,2794.4288041032632,40485332190.0
11227.11349,11227.112207270106,40485332190.0
979.74767656,979.7329776574503,40485332190.0
2614.4220319,2614.416523553227,40485332190.0
7932.4161494,7932.41433385078,40485332190.0
1409.5209039,1409.5106868991895,40485332190.0
3466.1969596,3466.192804834008,40485332190.0
7506.2999913,7506.298072704996,40485332190.0
1515.8466529,1515.8371524239296,40485332190.0
673.16245149,673.1410579350659,40485332190.0
13903.447406,13903.446370261996,40485332190.0
958.60150768,958.5864845202889,40485332190.0
9941.6476896,9941.646241030854,40485332190.0
393.81299597,393.7764258777937,40485332190.0
3557.2319631,3557.2279146085552,40485332190.0
797.17163547,797.1535700096272,40485332190.0
2274.9584009,2274.9520706655985,40485332190.0
5169.2440172,5169.2412312563265,40485332190.0
4162.6229165,4162.619456789414,40485332190.0
1751.2666123,1751.2583890877231,40485332190.0
2512.9042256,2512.8984947351423,40485332190.0
3816.3747479,3816.370974389489,40485332190.0
11990.013181,11990.01197948728,40485332190.0
263.10063744,263.0458956140231,40485332190.0
7901.0629107,7901.061087953704,40485332190.0
1884.5012424,1884.493600580661,40485332190.0
8160.6225803,8160.620815601302,40485332190.0
2304.5574115,2304.55116250347,40485332190.0
1646.9701481,1646.9614040125534,40485332190.0
2359.409658,2359.403554215297,40485332190.0
2157.9933928,2157.9867193683717,40485332190.0
8161.3950912,8161.393326599966,40485332190.0
2542.2878544,2542.2821897318804,40485332190.0
2023.8631994,2023.8560837206091,40485332190.0
2904.0193161,2904.0143570609393,40485332190.0
8511.8411294,8511.839437540433,40485332190.0
6397.3075804,6397.305329279751,40485332190.0
2168.1761576,2168.1695156234327,40485332190.0
3005.1810434,3005.176251354725,40485332190.0
7319.2681701,7319.2662025791105,40485332190.0
1641.7709203,1641.7621486299581,40485332190.0
871.69630786,871.679786907921,40485332190.0
3705.6496439,3705.645757677085,40485332190.0
6013.195277,6013.1928821033825,40485332190.0
4576.5047378,4576.501591052088,40485332190.0
12079.163528,12079.162335843232,40485332190.0
13281.015418,13281.01433406188,40485332190.0
3674.604235,3674.600315911489,40485332190.0
2276.9035429,2276.897217990307,40485332190.0
4430.2062615,4430.203010870628,40485332190.0
4125.960509,4125.957018611962,40485332190.0
6725.9281701,6725.926028974154,40485332190.0
2642.1764793,2642.171028891184,40485332190.0
8577.4973041,8577.49562516516,40485332190.0
449.11305205,449.08098524554316,40485332190.0
4559.84631,4559.843151754862,40485332190.0
5413.4194395,5413.416779264921,40485332190.0
4873.8724567,4873.86950199935,40485332190.0
1657.8832863,1657.8745998741265,40485332190.0
5745.0707183,5745.068211556949,40485332190.0
4870.6892492,4870.686292539332,40485332190.0
2258.9175172,2258.911142021116,40485332190.0
2785.0347543,2785.029583391984,40485332190.0
2278.835492,2278.829172458515,40485332190.0
3294.0567485,3294.0523766652254,40485332190.0
9693.8164355,9693.814949897065,40485332190.0
1930.5347596,1930.5272999303647,40485332190.0
1921.0663339,1921.0588375014622,40485332190.0
9117.6977541,9117.696174689227,40485332190.0
4859.2636583,4859.2606946784135,40485332190.0
2409.603222,2409.5972454920475,40485332190.0
3020.8339757,3020.8292083926044,40485332190.0
2937.4598984,2937.4549957834847,40485332190.0
1205.4559311,1205.443984394339,40485332190.0
604.85836721,604.8345576807994,40485332190.0
1723.8928538,1723.8844999613789,40485332190.0
3937.1941105,3937.1904528141035,40485332190.0
2225.7637905,2225.7573202851704,40485332190.0
1725.1147493,1725.106401349789,40485332190.0
8912.8952754,8912.893659625166,40485332190.0
1738.515117,1738.5068333767504,40485332190.0
1927.3845144,1927.3770425908663,40485332190.0
2083.2957168,2083.2888041705046,40485332190.0
1326.0074098,1325.996549207885,40485332190.0
12695.403947,12695.40281346219,40485332190.0
4243.4236103,4243.420216503832,40485332190.0
11505.484767,11505.483514851565,40485332190.0
6543.6891635,6543.686962767672,40485332190.0
3547.9404003,3547.9363412676908,40485332190.0
6145.223925,6145.221581487596,40485332190.0
4707.5339859,4707.530926741749,40485332190.0
1499.0936945,1499.0840879376735,40485332190.0
717.72920642,717.7091413142663,40485332190.0
6624.4953494,6624.49317550486,40485332190.0
4948.0998309,4948.096920454766,40485332190.0
2918.9904211,2918.98548746126,40485332190.0
3507.7355827,3507.7314771377573,40485332190.0
2365.2545617,2365.2484731164063,40485332190.0
4266.6004422,4266.597066943112,40485332190.0
1624.3922016,1624.3833360660908,40485332190.0
13473.169638,13473.168569799573,40485332190.0
4952.6399605,4952.637052712185,40485332190.0
3826.9264306,3826.9226674471183,40485332190.0
3950.2940029,3950.29035725616,40485332190.0
6436.5567629,6436.554525500069,40485332190.0
11438.673225,11438.671965478678,40485332190.0
4075.8411893,4075.8376560612146,40485332190.0
1747.5189252,1747.510684221096,40485332190.0
6934.23367,6934.231593191113,40485332190.0
4687.1360187,4687.132946215139,40485332190.0
2539.7325693,2539.7268990120147,40485332190.0
622.63582515,622.6126954556192,40485332190.0
2274.8522617,2274.845931147104,40485332190.0
4554.5159738,4554.512811918228,40485332190.0
2193.5920037,2193.5854385679254,40485332190.0
5871.9293659,5871.926913379455,40485332190.0
2726.4165393,2726.4112572820395,40485332190.0
4033.129472,4033.1259013515155,40485332190.0
4038.6349558,4038.6313899820675,40485332190.0
4587.769307,4587.766167900655,40485332190.0
4760.0630013,4760.059975957797,40485332190.0
9576.8926522,9576.89114842071,40485332190.0
5378.5650999,5378.562422386284,40485332190.0
2655.8585196,2655.853097225074,40485332190.0
18087.168847,18087.168050944845,40485332190.0
3751.6795201,3751.6756814547684,40485332190.0
2360.0016305,2359.995528291954,40485332190.0
2889.7567093,2889.7517258805874,40485332190.0
3012.9199958,3012.9152160032468,40485332190.0
3272.1629156,3272.1585145312647,40485332190.0
2811.2338273,2811.228704546372,40485332190.0
3233.0471445,3233.042690110968,40485332190.0
937.56394371,937.5485834517879,40485332190.0
3819.3797604,3819.37598981584,40485332190.0
7631.0916091,7631.089721947289,40485332190.0
551.77982241,551.7537224159698,40485332190.0
2413.9860477,2413.9800819329553,40485332190.0
1422.4497371,1422.4396129425172,40485332190.0
4273.7890653,4273.785695638319,40485332190.0
3262.356594,3262.3521795976885,40485332190.0
4321.5529043,4321.549571916756,40485332190.0
3024.0187778,3024.014015506573,40485332190.0
1500.9116687,1500.9020737453818,40485332190.0
3212.576373,3212.571890286178,40485332190.0
4855.7814067,4855.778440926866,40485332190.0
2846.5073744,2846.5023152211925,40485332190.0
1326.2455333,1326.2346746565684,40485332190.0
7149.5647854,7149.562771199215,40485332190.0
3649.5923494,3649.588403455211,40485332190.0
613.03710613,613.0136142614622,40485332190.0
2570.5846762,2570.5790739298163,40485332190.0
852.39313843,852.3762433412187,40485332190.0
1391.4122686,1391.4019185623074,40485332190.0
240.92810605,240.8683251632104,40485332190.0
3632.6960429,3632.692078605035,40485332190.0
5172.5260258,5172.523241694013,40485332190.0
3956.8900147,3956.886375176974,40485332190.0
9138.1331124,9138.13153643359,40485332190.0
25430.200399,25430.199832956543,40485332190.0
3278.4942784,3278.489885831144,40485332190.0
2430.9404167,2430.9344926403073,40485332190.0
973.62735332,973.6125620183482,40485332190.0
3834.0275739,3834.023817844595,40485332190.0
2088.7656186,2088.758724095335,40485332190.0
1154.0554841,1154.0430053738814,40485332190.0
2121.3217845,2121.3149956985585,40485332190.0
8350.0671517,8350.065426978932,40485332190.0
3114.9761954,3114.9715721938487,40485332190.0
6706.1930525,6706.190905064621,40485332190.0
6639.1259053,6639.123736226269,40485332190.0
1412.248037,1412.2378397565567,40485332190.0
15812.752283,15812.751371438124,40485332190.0
1027.6030466,1027.5890322929101,40485332190.0
2061.4296994,2061.422713372596,40485332190.0
2203.5378615,2203.5313260242897,40485332190.0
2206.138912,2206.132384251081,40485332190.0
1814.3034067,1814.2954691496875,40485332190.0
1821.1105457,1821.1026378163835,40485332190.0
8223.7922881,8223.790536955088,40485332190.0
6160.7783945,6160.776056945646,40485332190.0
689.59053088,689.5696469983543,40485332190.0
1537.3323277,1537.3229600032175,40485332190.0
3437.9310399,3437.926850988002,40485332190.0
1563.098309,1563.089095821804,40485332190.0
8873.1644088,8873.162785869568,40485332190.0
3431.8217855,3431.817589148443,40485332190.0
3171.4687236,3171.464182774008,40485332190.0
3152.0351739,3152.030605086293,40485332190.0
2257.3864837,2257.3801041531265,40485332190.0
1418.2570044,1418.246850245807,40485332190.0
15399.059392,15399.058456699708,40485332190.0
4984.65334,4984.650450870833,40485332190.0
5340.9350661,5340.932369812808,40485332190.0
1785.9838767,1785.9758132573334,40485332190.0
1796.8603882,1796.852373540431,40485332190.0
5662.0325025,5662.029959042461,40485332190.0
1936.4353937,1936.4279567418625,40485332190.0
5563.535936,5563.533347474145,40485332190.0
6074.9449537,6074.942583155468,40485332190.0
1255.0106336,1254.999158600163,40485332190.0
3040.8040581,3040.7993221501883,40485332190.0
1969.031192,1969.0238781406397,40485332190.0
6470.0665513,6470.064325516568,40485332190.0
1324.0917291,1324.0808528039609,40485332190.0
5160.756397,5160.753606473248,40485332190.0
2732.4788395,2732.4735691751944,40485332190.0
5719.7833179,5719.780800171205,40485332190.0
5242.9270125,5242.924265748958,40485332190.0
11978.682961,11978.681758351358,40485332190.0
1296.7026763,1296.6915702716603,40485332190.0
3703.8273403,3703.823452105844,40485332190.0
591.28020365,591.255847330594,40485332190.0
1561.6870564,1561.6778348854862,40485332190.0
4120.9261742,4120.922679631994,40485332190.0
5547.2379848,5547.23538870467,40485332190.0
2411.6161289,2411.610157321818,40485332190.0
5543.836619,5543.834021315549,40485332190.0
1949.3363629,1949.3289751647649,40485332190.0
2210.0499454,2210.0434292525983,40485332190.0
2668.7612544,2668.755858216248,40485332190.0
3410.3101497,3410.3059268412567,40485332190.0
3896.9190454,3896.9153498397436,40485332190.0
6482.8640064,6482.861785004909,40485332190.0
6050.432824,6050.430443871351,40485332190.0
3450.0382591,3450.0340849390764,40485332190.0
18972.167197,18972.166437481555,40485332190.0
3510.7423157,3510.738213740118,40485332190.0
1375.1257582,1375.1152855328298,40485332190.0
2246.9297332,2246.9233239814134,40485332190.0
6019.9949213,6019.992529140272,40485332190.0
3075.2298636,3075.2251806067034,40485332190.0
3108.4678134,3108.4631804460487,40485332190.0
1129.0042724,1128.9915167270321,40485332190.0
2456.3159892,2456.3101263109447,40485332190.0
2128.0318654,2128.02509798329,40485332190.0
5854.3852753,5854.382815388737,40485332190.0
1509.5544834,1509.5449433846402,40485332190.0
4427.3528362,4427.349583417405,40485332190.0
4719.1639838,4719.160932134664,40485332190.0
4149.2131001,4149.2096292117485,40485332190.0
1559.867895,1559.8586627604425,40485332190.0
3065.5128376,3065.50813985388,40485332190.0
6112.738942,6112.736586057639,40485332190.0
1638.2478023,1638.2390116647146,40485332190.0
1172.4992333,1172.4869508869115,40485332190.0
7958.0541533,7958.052343603672,40485332190.0
5083.8237082,5083.820875523086,40485332190.0
7347.5758204,7347.573860419203,40485332190.0
10482.432822,10482.43144840094,40485332190.0
6356.2429158,6356.240650154269,40485332190.0
4648.1046191,4648.101520846616,40485332190.0
951.58849363,951.5733597569508,40485332190.0
1247.9346286,1247.9230885339493,40485332190.0
2537.0698176,2537.0641413157787,40485332190.0
4266.2467207,4266.243345106928,40485332190.0
2266.9364401,2266.9300873793736,40485332190.0
5572.8659676,5572.863383455327,40485332190.0
3426.1142642,3426.110060909161,40485332190.0
3632.6320368,3632.6280724545763,40485332190.0
2488.3863319,2488.380544559721,40485332190.0
1370.3906622,1370.3801534111362,40485332190.0
13201.779895,13201.778803846822,40485332190.0
1735.3305059,1735.3222071270302,40485332190.0
3107.8602851,3107.855651304613,40485332190.0
847.0462803,847.0292785659949,40485332190.0
5086.464258,5086.461426765212,40485332190.0
5894.9195768,5894.9171338972355,40485332190.0
4838.0529194,4838.0499428346875,40485332190.0
2200.4727817,2200.4662371963545,40485332190.0
6795.4476522,6795.445532915804,40485332190.0
2244.6485783,2244.6421626026768,40485332190.0
4173.251453,4173.248002194213,40485332190.0
7148.3903321,7148.388317511663,40485332190.0
308.17178615,308.1250518131906,40485332190.0
5903.677058,5903.674618610575,40485332190.0
6034.8839045,6034.881518192724,40485332190.0
4762.6585274,4762.655503570387,40485332190.0
3694.2598203,3694.255922031229,40485332190.0
3073.3677124,3073.3630265337024,40485332190.0
3442.0664161,3442.0622322664485,40485332190.0
6954.4829545,6954.480883817373,40485332190.0
8847.1999695,8847.198341765261,40485332190.0
2879.9556059,2879.950605436782,40485332190.0
5952.6605425,5952.658123289346,40485332190.0
2838.6927438,2838.687670579933,40485332190.0
8147.5491127,8147.547345210044,40485332190.0
5001.9376903,5001.934811144098,40485332190.0
16825.830914,16825.830058888347,40485332190.0
5933.0856609,5933.083233660717,40485332190.0
4086.1281562,4086.124631740275,40485332190.0
10893.858983,10893.857660590584,40485332190.0
3409.5705267,3409.5663029813863,40485332190.0
2661.6210195,2661.6156089088895,40485332190.0
2147.3771124,2147.3704059758843,40485332190.0
4419.4299235,4419.426664863805,40485332190.0
2462.9344494,2462.9286022319247,40485332190.0
1549.7112173,1549.7019245573683,40485332190.0
7667.7894154,7667.787537199507,40485332190.0
3958.7139795,3958.7103417100175,40485332190.0
7244.4848699,7244.482882028678,40485332190.0
462.68887429,462.65774842168577,40485332190.0
6953.7426688,6953.740597744643,40485332190.0
3894.073088,3894.0693898557342,40485332190.0
6187.4979844,6187.495656959521,40485332190.0
8276.233958,8276.232217946752,40485332190.0
3859.6451193,3859.6413880431073,40485332190.0
2380.2942914,2380.2882413338207,40485332190.0
3868.9530022,3868.9492799781674,40485332190.0
9223.1586532,9223.157091728632,40485332190.0
3813.4577409,3813.4539645115015,40485332190.0
1565.1401463,1565.130945197033,40485332190.0
10681.441864,10681.440515741513,40485332190.0
3946.5657826,3946.562133504814,40485332190.0
3715.7801551,3715.7762794305336,40485332190.0
9278.2468393,9278.245287120455,40485332190.0
6380.1397308,6380.137473633543,40485332190.0
6193.4021837,6193.399858451486,40485332190.0
1353.2821141,1353.2714724004566,40485332190.0
12226.562568,12226.561390649878,40485332190.0
17858.231347,17858.230540716104,40485332190.0
3818.4684246,3818.464653178759,40485332190.0
1930.5888121,1930.581352602465,40485332190.0
2033.6234662,2033.6163847078567,40485332190.0
3472.9182336,3472.914086923878,40485332190.0
8879.7313701,8879.729748284968,40485332190.0
2330.8885598,2330.8823814260045,40485332190.0
3689.3864532,3689.3825498089036,40485332190.0
11561.325397,11561.324151894745,40485332190.0
5563.541729,5563.539140571046,40485332190.0
6068.0117181,6068.009344838862,40485332190.0
6356.9530395,6356.950774124279,40485332190.0
8281.5080459,8281.506306958405,40485332190.0
1839.0470929,1839.039262066717,40485332190.0
2483.9419055,2483.9361078018446,40485332190.0
2409.12174,2409.1157622471696,40485332190.0
6747.9057146,6747.903580483541,40485332190.0
10200.130003,10200.128591981018,40485332190.0
6928.738013,6928.735934550715,40485332190.0
9411.398211,9411.396680758178,40485332190.0
17755.182993,17755.182182382418,40485332190.0
9428.5520757,9428.550548285219,40485332190.0
3222.9371318,3222.9326634525055,40485332190.0
3168.9374511,3168.9329066751216,40485332190.0
2732.9162467,2732.9109771571225,40485332190.0
3257.0096904,3257.0052688286282,40485332190.0
3464.6378977,3464.6337410705974,40485332190.0
691.48399879,691.4631720919245,40485332190.0
3624.109093,3624.1051192934005,40485332190.0
3819.5385032,3819.5347328362204,40485332190.0
1837.2286676,1837.2208291020902,40485332190.0
7745.3523477,7745.350488384903,40485332190.0
2968.5807531,2968.575902003554,40485332190.0
1057.0158299,1057.002205475808,40485332190.0
2208.0313475,2208.0248253950067,40485332190.0
1271.0612108,1271.0498807600757,40485332190.0
6935.0027486,6935.000672030234,40485332190.0
2561.1381132,2561.1324902745737,40485332190.0
2533.9254903,2533.919807047577,40485332190.0
4324.6781625,4324.674832514222,40485332190.0
5712.1870228,5712.1845016587995,40485332190.0
14912.672908,14912.671941727416,40485332190.0
3575.0175002,3575.013471917333,40485332190.0
7069.1633936,7069.161356462174,40485332190.0
4185.7534277,4185.74998719375,40485332190.0
3660.6109748,3660.6070407061006,40485332190.0
5078.1513206,5078.148484633375,40485332190.0
3773.4796293,3773.4758129348816,40485332190.0
5651.2226913,5651.220142986662,40485332190.0
1615.9986747,1615.9897631024655,40485332190.0
1383.1208538,1383.1104417272124,40485332190.0
6654.9047589,6654.902594879554,40485332190.0
3794.720578,3794.716782931751,40485332190.0
6816.6538937,6816.651781144934,40485332190.0
348.14042361,348.09905534437286,40485332190.0
627.94069877,627.917764478843,40485332190.0
2412.3477434,2412.3417736613064,40485332190.0
2365.7042119,2365.6981245238026,40485332190.0
2056.558713,2056.5517104622268,40485332190.0
8282.7171404,8282.715401763058,40485332190.0
5266.8425189,5266.83978458159,40485332190.0
5531.4440018,5531.441398324406,40485332190.0
1992.6325723,1992.6253450672857,40485332190.0
4923.208768,4923.20584284599,40485332190.0
1925.9587739,1925.951296497323,40485332190.0
2716.7785643,2716.7732635456805,40485332190.0
2198.2124973,2198.2059460765927,40485332190.0
4072.9756496,4072.9721138410873,40485332190.0
16943.379781,16943.378931370764,40485332190.0
3609.6545519,3609.6505622475006,40485332190.0
8022.350109,8022.348313863671,40485332190.0
4450.5651196,4450.561883772967,40485332190.0
2891.3610464,2891.356065683056,40485332190.0
2302.1373363,2302.1310807327104,40485332190.0
4660.2197878,4660.216697616196,40485332190.0
1994.5786088,1994.571388690662,40485332190.0
9463.0596656,9463.05814386009,40485332190.0
1893.1148123,1893.1072051452513,40485332190.0
4541.4623904,4541.459219332105,40485332190.0
5141.7223058,5141.719504905265,40485332190.0
2080.8334316,2080.8265107966768,40485332190.0
3221.1505971,3221.14612622303,40485332190.0
1657.4952153,1657.4865267965042,40485332190.0
2321.3017823,2321.2955783935613,40485332190.0
3487.3335397,3487.3294101112247,40485332190.0
2526.2031539,2526.1974531859123,40485332190.0
4411.3974957,4411.39423127041,40485332190.0
5576.1259807,5576.12339805913,40485332190.0
5479.3242634,5479.321635186857,40485332190.0
2584.3674128,2584.361840468391,40485332190.0
3605.4124108,3605.408416438629,40485332190.0
12464.906771,12464.90561643311,40485332190.0
3620.0112504,3620.0072722220116,40485332190.0
7667.4948204,7667.492942249626,40485332190.0
2476.9514977,2476.9456836036265,40485332190.0
3057.3588414,3057.354131106033,40485332190.0
1777.9123476,1777.9042476201903,40485332190.0
19892.695775,19892.69505094033,40485332190.0
7318.1912025,7318.189234669946,40485332190.0
4068.7421602,4068.738620792459,40485332190.0
6524.4537803,6524.451573069383,40485332190.0
3110.193905,3110.1892747107436,40485332190.0
4256.8968963,4256.893513358541,40485332190.0
7144.1370291,7144.135013289423,40485332190.0
9032.192137,9032.190542530076,40485332190.0
11671.413112,11671.411878050918,40485332190.0
645.72989025,645.7075878020488,40485332190.0
4940.3233822,4940.320467182901,40485332190.0
3840.439926,3840.43617609677,40485332190.0
4833.8363484,4833.833369136005,40485332190.0
9496.3343651,9496.332848618666,40485332190.0
4892.3364407,4892.333497096977,40485332190.0
3916.4508983,3916.447221176189,40485332190.0
1384.4132937,1384.4028913076268,40485332190.0
6922.4114641,6922.40938378327,40485332190.0
2434.1711889,2434.1652726805596,40485332190.0
8311.4926863,8311.490953584791,40485332190.0
2565.793472,2565.7878592580705,40485332190.0
1355.0199879,1355.0093598534006,40485332190.0
2214.8320072,2214.8255050402895,40485332190.0
7857.1002468,7857.098413878578,40485332190.0
2714.9711667,2714.965862363409,40485332190.0
2976.0886846,2976.0838456352344,40485332190.0
11331.261969,11331.260697850686,40485332190.0
3149.4894503,3149.484877850864,40485332190.0
852.51271547,852.4958227503685,40485332190.0
2806.1189493,2806.113817198733,40485332190.0
7213.0465731,7213.0445765641,40485332190.0
3242.7126941,3242.7082529790046,40485332190.0
1537.3988036,1537.3894364216972,40485332190.0
5764.723797,5764.721298862876,40485332190.0
1146.0819386,1146.0693729537777,40485332190.0
4137.5047917,4137.501311087036,40485332190.0
9298.0879281,9298.08637926925,40485332190.0
884.92169021,884.9054161733919,40485332190.0
2675.7258433,2675.720461182238,40485332190.0
4309.286137,4309.2827951788195,40485332190.0
4714.8871579,4714.884103414258,40485332190.0
3792.3677682,3792.3639708545807,40485332190.0
8034.7399674,8034.738175015288,40485332190.0
1676.7950214,1676.7864329321462,40485332190.0
18377.347724,18377.346939673047,40485332190.0
265.05063451,264.9962955175545,40485332190.0
16198.82626,16198.825370936562,40485332190.0
5854.2103133,5854.207853288718,40485332190.0
4717.5476049,4717.5445522523605,40485332190.0
1114.9710129,1114.9580966741976,40485332190.0
1421.9840098,1421.9738823225002,40485332190.0
703.12232256,703.1018406032609,40485332190.0
2959.9516623,2959.9467969476036,40485332190.0
2883.5890526,2883.5840583952504,40485332190.0
2341.8960224,2341.889873045644,40485332190.0
543.07996536,543.0534472378682,40485332190.0
2228.2997037,2228.2932408196884,40485332190.0
3477.4001987,3477.396057365087,40485332190.0
7049.7307272,7049.728684465843,40485332190.0
3543.0958159,3543.0917513245836,40485332190.0
599.01993832,598.9958967092399,40485332190.0
2297.7392974,2297.73302990698,40485332190.0
7681.274986,7681.273111082628,40485332190.0
1371.7480107,1371.737512238975,40485332190.0
4048.0202912,4048.0167336154173,40485332190.0
3550.9119211,3550.907865480802,40485332190.0
3305.8651626,3305.860806380512,40485332190.0
5742.9348654,5742.932357797754,40485332190.0
3342.9030141,3342.89870616445,40485332190.0
10155.917604,10155.916185413387,40485332190.0
1091.7686407,1091.7554499718908,40485332190.0
2626.5160782,2626.5105952813738,40485332190.0
3793.8509005,3793.847104514129,40485332190.0
2357.1149494,2357.1088398023658,40485332190.0
8972.4967054,8972.495100359716,40485332190.0
3196.6243274,3196.6198223170563,40485332190.0
3743.8964453,3743.892598736707,40485332190.0
2083.3289386,2083.322026084353,40485332190.0
3781.1882429,3781.1844342988175,40485332190.0
6171.3991321,6171.3967986176285,40485332190.0
2642.7988486,2642.7933994458326,40485332190.0
14069.00982,14069.008796794209,40485332190.0
2752.3176152,2752.312382801869,40485332190.0
2353.9729113,2353.9667935437533,40485332190.0
2234.8856999,2234.879256165504,40485332190.0
7905.0340253,7905.032203509684,40485332190.0
1265.8888405,1265.877464119055,40485332190.0
7958.7706302,7958.76882069526,40485332190.0
3221.5375905,3221.5331202839398,40485332190.0
1595.5080096,1595.4989835563833,40485332190.0
13863.945115,13863.944076564736,40485332190.0
421.3595125,421.3253333844217,40485332190.0
2519.9797046,2519.9739898086023,40485332190.0
3024.6130956,3024.6083343465516,40485332190.0
1757.4104463,1757.4022517165986,40485332190.0
2280.9151055,2280.9087917305023,40485332190.0
3646.6986215,3646.694672372396,40485332190.0
1917.8787355,1917.871226654163,40485332190.0
4003.4807162,4003.477119066086,40485332190.0
1569.9753602,1569.966187364865,40485332190.0
2380.9588851,2380.9528366296017,40485332190.0
6975.9032968,6975.901232416456,40485332190.0
2775.349852,2775.3446631327697,40485332190.0
2749.2895101,2749.284271990366,40485332190.0
8874.1367828,8874.135159979234,40485332190.0
6807.249451,6807.247335458647,40485332190.0
2556.8235847,2556.817952202735,40485332190.0
1085.3365662,1085.3232973097176,40485332190.0
9457.5915596,9457.590036957708,40485332190.0
2106.2018911,2106.195053588314,40485332190.0
6734.6777872,6734.675648794587,40485332190.0
1023.4176667,1023.4035950027854,40485332190.0
3962.6745433,3962.6709091281905,40485332190.0
2722.8835628,2722.878273940415,40485332190.0
1344.3545909,1344.3438785774954,40485332190.0
2984.7149469,2984.710121967174,40485332190.0
2848.9374853,2848.9324304281854,40485332190.0
3170.5130554,3170.5085132337963,40485332190.0
8415.0298094,8415.028098071052,40485332190.0
8450.9306134,8450.928909329621,40485332190.0
2142.5624801,2142.5557586199197,40485332190.0
2708.9912775,2708.985961509965,40485332190.0
8356.9339453,8356.932222103507,40485332190.0
5787.1397327,5787.13724418888,40485332190.0
3591.3734469,3591.3694370463345,40485332190.0
4780.8057942,4780.802781896266,40485332190.0
2259.1437392,2259.137364633473,40485332190.0
2264.8083544,2264.801995788402,40485332190.0
2672.2196209,2672.2142317343114,40485332190.0
1996.7755798,1996.7683676482836,40485332190.0
5033.5799629,5033.577101818005,40485332190.0
1706.9327546,1706.9243178258364,40485332190.0
14552.185468,14552.184478551619,40485332190.0
8552.1895996,8552.18791567179,40485332190.0
14226.541138,14226.540125935475,40485332190.0
3009.8039647,3009.799180019664,40485332190.0
2648.9205957,2648.915159034783,40485332190.0
3913.3744169,3913.370736914252,40485332190.0
1377.4283244,1377.4178693007864,40485332190.0
13559.51608,13559.515017641159,40485332190.0
2000.4843437,2000.4771449046934,40485332190.0
4552.3792897,4552.376126237871,40485332190.0
6842.888705,6842.886600419379,40485332190.0
3052.4590824,3052.4543644631835,40485332190.0
8707.1653536,8707.163699698784,40485332190.0
3179.0031004,3178.998570297919,40485332190.0
1671.732378,1671.7237634981177,40485332190.0
10093.677752,10093.676325564478,40485332190.0
2709.8813592,2709.8760449320644,40485332190.0
7320.2957702,7320.29380294433,40485332190.0
3124.2274897,3124.2228802471095,40485332190.0
3834.0599661,3834.0562099724925,40485332190.0
6630.3783459,6630.376173848737,40485332190.0
1412.3216006,1412.3114038179644,40485332190.0
1975.8466555,1975.8393669306795,40485332190.0
2547.4243385,2547.4186852282724,40485332190.0
2548.3315994,2548.3259482147755,40485332190.0
2977.5952509,2977.590414356978,40485332190.0
9456.3425987,9456.341075813503,40485332190.0
11905.216444,11905.215234338717,40485332190.0
2613.9206114,2613.915101969349,40485332190.0
4636.3942408,4636.391134685201,40485332190.0
2868.9628601,2868.9578404762333,40485332190.0
3106.6993496,3106.6947140770744,40485332190.0
5953.5292733,5953.526854381306,40485332190.0
1256.5492903,1256.537829356073,40485332190.0
6569.2009793,6569.198787070047,40485332190.0
25082.417933,25082.41735893899,40485332190.0
3525.1864409,3525.182355723431,40485332190.0
328.39074135,328.3468848439302,40485332190.0
1937.4051441,1937.397710970942,40485332190.0
5968.8834606,5968.881047880964,40485332190.0
3144.7009965,3144.6964169862795,40485332190.0
7933.8448297,7933.8430146272585,40485332190.0
2349.7751612,2349.769032518344,40485332190.0
14726.017671,14726.01669342445,40485332190.0
1819.4303857,1819.4224705048757,40485332190.0
4111.3262903,4111.322787556388,40485332190.0
4000.0879731,4000.0843729243243,40485332190.0
4886.9682715,4886.965324603001,40485332190.0
2648.4110996,2648.405661959514,40485332190.0
2303.7272294,2303.7209782328305,40485332190.0
2163.0701063,2163.063448593142,40485332190.0
2864.8262366,2864.821209735383,40485332190.0
771.26385716,771.2451848385621,40485332190.0
11736.331518,11736.330290648284,40485332190.0
9315.7170319,9315.715486042287,40485332190.0
4288.8736586,4288.870300830394,40485332190.0
3987.5018299,3987.4982182830067,40485332190.0
3357.406644,3357.4023546772846,40485332190.0
1771.1470438,1771.1389128703656,40485332190.0
6257.9254605,6257.923159262279,40485332190.0
4127.9356245,4127.932135795819,40485332190.0
1035.0636795,1035.0497661126642,40485332190.0
1667.983586,1667.974952204803,40485332190.0
413.13237631,413.097516487902,40485332190.0
2669.9577094,2669.9523156089704,40485332190.0
2724.0417555,2724.036468871227,40485332190.0
3562.505194,3562.501151682141,40485332190.0
5969.6572314,5969.654819082006,40485332190.0
16266.030452,16266.02956690199,40485332190.0
1426.0608554,1426.0507567591103,40485332190.0
1695.2691152,1695.260620284011,40485332190.0
1504.5479047,1504.5383329235412,40485332190.0
1574.3413287,1574.3321813506905,40485332190.0
2008.749609,2008.742439840227,40485332190.0
4413.6651915,4413.661928640163,40485332190.0
7924.9461988,7924.944381651586,40485332190.0
5036.802255,5036.7993957684375,40485332190.0
7705.9069052,7705.905036381317,40485332190.0
3185.3564987,3185.3519776769394,40485332190.0
7562.4220559,7562.420151546715,40485332190.0
3518.1544241,3518.150330708003,40485332190.0
931.17172534,931.1562596398077,40485332190.0
4580.0012154,4579.998071125111,40485332190.0
1219.7002421,1219.6884349160605,40485332190.0
1574.7753787,1574.7662338135879,40485332190.0
15997.985017,15997.98411643452,40485332190.0
11315.208135,11315.206861912495,40485332190.0
2999.434222,2999.429420658412,40485332190.0
2644.4070926,2644.4016467555357,40485332190.0
3154.9758244,3154.971259826941,40485332190.0
3824.1447174,3824.140951558876,40485332190.0
6070.2686228,6070.266250412688,40485332190.0
9719.8936361,9719.892154507634,40485332190.0
2925.1392409,2925.1343176374276,40485332190.0
7616.4314987,7616.429607921524,40485332190.0
9573.1576912,9573.156186875169,40485332190.0
4415.4001856,4415.396924018423,40485332190.0
4051.0142114,4051.0106564864827,40485332190.0
4259.3598153,4259.3564343107755,40485332190.0
743.95505603,743.9356982804131,40485332190.0
1991.1247051,1991.1174724274454,40485332190.0
12901.633786,12901.632669560186,40485332190.0
5221.4754959,5221.472737881497,40485332190.0
6211.0785692,6211.0762505266575,40485332190.0
10147.005152,10147.003733267502,40485332190.0
4973.2490127,4973.246116997565,40485332190.0
2521.9075967,2521.9018863180704,40485332190.0
3513.5550458,3513.550947063255,40485332190.0
1484.5110458,1484.5013448845766,40485332190.0
4739.2432679,4739.240229240132,40485332190.0
2875.1351552,2875.1301463677796,40485332190.0
10584.022197,10584.020835986492,40485332190.0
2241.0272661,2241.020840002336,40485332190.0
4251.1202877,4251.116900097175,40485332190.0
5093.4565134,5093.453686016061,40485332190.0
1708.6231885,1708.6147600459897,40485332190.0
2523.68827,2523.682563582806,40485332190.0
5805.835722,5805.833241471935,40485332190.0
4569.4748983,4569.471746668596,40485332190.0
3904.9864934,3904.9828055960043,40485332190.0
4408.5192573,4408.5159906058125,40485332190.0
2150.6888895,2150.6821934503396,40485332190.0
2937.3196086,2937.3147057837527,40485332190.0
4950.7187818,4950.715872955886,40485332190.0
3104.6150897,3104.6104511108124,40485332190.0
2560.0837607,2560.078135435335,40485332190.0
4827.514729,4827.511745880555,40485332190.0
811.30127761,811.2835267818014,40485332190.0
5976.4510581,5976.448648479013,40485332190.0
8165.2589437,8165.257180041631,40485332190.0
20730.374969,20730.374275160073,40485332190.0
3847.6924685,3847.688725696349,40485332190.0
2886.8448696,2886.8398810184854,40485332190.0
1099.2885262,1099.2754256964495,40485332190.0
2733.198244,2733.192975039856,40485332190.0
5883.4801357,5883.4776879607825,40485332190.0
1173.5984263,1173.5861554122205,40485332190.0
5865.459467,5865.457011768042,40485332190.0
2416.3632772,2416.357317357373,40485332190.0
5530.3511493,5530.348545281245,40485332190.0
12024.080267,12024.079069875825,40485332190.0
6542.1859371,6542.183735833623,40485332190.0
3037.6821229,3037.677382004384,40485332190.0
2652.4301109,2652.4246815636207,40485332190.0
10144.702345,10144.700926260693,40485332190.0
5165.2155436,5165.212755503408,40485332190.0
4103.5850551,4103.581545712008,40485332190.0
11983.342446,11983.341243493353,40485332190.0
1460.3171853,1460.307323645141,40485332190.0
5462.9688915,5462.966255379877,40485332190.0
1342.5214341,1342.5107071314621,40485332190.0
2008.5411097,2008.5339397164291,40485332190.0
1723.3020247,1723.2936679336174,40485332190.0
11253.657357,11253.656077958141,40485332190.0
14578.016534,14578.015546138251,40485332190.0
1875.7156204,1875.7079426749272,40485332190.0
1679.4944542,1679.4858794905713,40485332190.0
6989.1141683,6989.11210780352,40485332190.0
3163.8074119,3163.802860071244,40485332190.0
9853.2143426,9853.212881018668,40485332190.0
1248.7927588,1248.7812266659657,40485332190.0
15049.836302,15049.835344912715,40485332190.0
4572.0032387,4572.000088850966,40485332190.0
3804.4388056,3804.4350203312424,40485332190.0
1745.453643,1745.4453923300453,40485332190.0
1333.705655,1333.6948571367534,40485332190.0
3232.9983372,3232.993882748921,40485332190.0
2462.0478609,2462.042011690815,40485332190.0
7255.5888654,7255.586880548764,40485332190.0
2857.3201106,2857.3150705070125,40485332190.0
1656.6162047,1656.6075115750536,40485332190.0
4860.7966172,4860.793654491422,40485332190.0
2935.9512423,2935.9463371137626,40485332190.0
5548.8759069,5548.873311560264,40485332190.0
3553.8230591,3553.819006741996,40485332190.0
4601.530895,4601.527765390941,40485332190.0
4791.7936848,4791.790679388784,40485332190.0
1552.9877718,1552.9784986331904,40485332190.0
3991.3154339,3991.3118258602535,40485332190.0
12714.678808,12714.677675316545,40485332190.0
2433.4515392,2433.445621190958,40485332190.0
1724.7049476,1724.6965976809952,40485332190.0
16731.244146,16731.243285313845,40485332190.0
2525.9083933,2525.9026920107103,40485332190.0
3654.2915917,3654.2876508914487,40485332190.0
5678.746477,5678.743941038825,40485332190.0
475.29289956,475.2625991537865,40485332190.0
838.05559483,838.0384106968869,40485332190.0
4815.6400962,4815.637105713742,40485332190.0
3125.2100088,3125.2054007634165,40485332190.0
2782.8785476,2782.8733726283217,40485332190.0
12557.38979,12557.388642914784,40485332190.0
4549.1275755,4549.124409788263,40485332190.0
5444.5288014,5444.52615638625,40485332190.0
5090.3709543,5090.3681252129745,40485332190.0
6780.6559044,6780.653780522641,40485332190.0
2020.0511302,2020.0440010966774,40485332190.0
583.32087589,583.2961872201155,40485332190.0
3569.1034026,3569.0993676757703,40485332190.0
3025.7235064,3025.718746832574,40485332190.0
982.63528604,982.6206303248842,40485332190.0
3386.4823761,3386.4781236400713,40485332190.0
4424.5224939,4424.519239044894,40485332190.0
3651.019874,3651.015929562307,40485332190.0
2187.5667913,2187.560208079219,40485332190.0
5748.8274142,5748.824909108344,40485332190.0
2617.7941597,2617.788658472631,40485332190.0
4206.7240143,4206.720590929749,40485332190.0
14272.931868,14272.93085853806,40485332190.0
6146.1642552,6146.161912115064,40485332190.0
6586.4213308,6586.419144314499,40485332190.0
2281.5311577,2281.5248457078765,40485332190.0
4998.0685792,4998.0656979268715,40485332190.0
6557.4938784,6557.4916822879095,40485332190.0
531.34505629,531.3179524794526,40485332190.0
1044.9432999,1044.9295180383995,40485332190.0
5115.5995085,5115.59669331627,40485332190.0
1252.7211624,1252.7096664674593,40485332190.0
5099.9017201,5099.898896377933,40485332190.0
17792.83886,17792.838050697617,40485332190.0
4683.2538301,4683.250755051112,40485332190.0
4344.065582,4344.0622668293045,40485332190.0
5674.8113028,5674.808765093056,40485332190.0
4061.5281514,4061.5246057005006,40485332190.0
8354.0994148,8354.09769099657,40485332190.0
637.89382237,637.8712459440408,40485332190.0
4305.6199312,4305.616586511008,40485332190.0
718.17688041,718.1568278191472,40485332190.0
11681.023797,11681.02256415786,40485332190.0
7107.7975349,7107.795508801587,40485332190.0
2596.7648783,2596.759332436477,40485332190.0
2411.8528608,2411.846889821889,40485332190.0
3013.3817634,3013.376984334656,40485332190.0
4210.6944606,4210.6910404317705,40485332190.0
1071.1217381,1071.108293141191,40485332190.0
5223.9331562,5223.930399506715,40485332190.0
2557.4547614,2557.449130325419,40485332190.0
3303.9107037,3303.9063449723567,40485332190.0
6425.6274259,6425.625184651834,40485332190.0
533.96953784,533.9425672547584,40485332190.0
2138.6670296,2138.6602959044567,40485332190.0
8026.1161697,8026.114375477095,40485332190.0
6911.5728517,6911.570768077066,40485332190.0
5325.7298171,5325.727113003318,40485332190.0
2424.3553817,2424.349441484184,40485332190.0
3223.6817431,3223.6772757902722,40485332190.0
3382.6186699,3382.614412442038,40485332190.0
5602.6701346,5602.667564231729,40485332190.0
2038.5944029,2038.5873386201033,40485332190.0
925.99105438,925.9755021408622,40485332190.0
3736.2403763,3736.236521856587,40485332190.0
14795.505751,14795.504778176548,40485332190.0
6952.567801,6952.565729628279,40485332190.0
3357.3616357,3357.357346248605,40485332190.0
5036.0886776,5036.0858179608185,40485332190.0
874.80283167,874.7863693882325,40485332190.0
2430.2965382,2430.290612539372,40485332190.0
4819.3695428,4819.366554688979,40485332190.0
7057.4746869,7057.472646293301,40485332190.0
5008.4169589,5008.414083468576,40485332190.0
10648.208557,10648.207204510465,40485332190.0
3115.334131,3115.329508322611,40485332190.0
2998.0675895,2998.0627859748997,40485332190.0
4745.421366,4745.418331256527,40485332190.0
701.62328518,701.6027594658317,40485332190.0
6017.2635,6017.261106775187,40485332190.0
3800.5200217,3800.5162325062793,40485332190.0
3487.4949132,3487.4907838367294,40485332190.0
5587.1187765,5587.116198851868,40485332190.0
14599.118795,14599.117808068415,40485332190.0
12122.799765,12122.798577182677,40485332190.0
5206.9868753,5206.984109607209,40485332190.0
6885.36459,6885.362498396909,40485332190.0
2917.7566843,2917.7517485525805,40485332190.0
6509.5439486,6509.541736336716,40485332190.0
5663.5146583,5663.51211552506,40485332190.0
17783.580973,17783.58016259321,40485332190.0
3275.2532861,3275.248889197633,40485332190.0
4925.7761651,4925.773241474396,40485332190.0
7399.0851573,7399.083210972711,40485332190.0
1343.9811725,1343.9704571689003,40485332190.0
5278.0975037,5278.094775201645,40485332190.0
2150.1816678,2150.1749701714866,40485332190.0
2047.3920068,2047.3849729139142,40485332190.0
3562.5623539,3562.5583115149902,40485332190.0
6843.535874,6843.533769713413,40485332190.0
11252.603009,11252.601728597112,40485332190.0
6287.6865616,6287.684271230362,40485332190.0
15857.20879,15857.207881751077,40485332190.0
3108.9312718,3108.9266396069515,40485332190.0
5432.660546,5432.657895115283,40485332190.0
1887.4305727,1887.4229427037749,40485332190.0
2140.7179893,2140.71126206739,40485332190.0
1886.0184519,1886.0108161747223,40485332190.0
2008.8171455,2008.8099765238796,40485332190.0
5137.9086679,5137.905864922425,40485332190.0
2328.4874366,2328.4812518327403,40485332190.0
15238.586271,15238.585326350752,40485332190.0
2304.5727142,2304.56646525144,40485332190.0
3210.0801528,3210.075666611583,40485332190.0
2405.2103067,2405.2043192111355,40485332190.0
8511.6153912,8511.613699333362,40485332190.0
829.40181246,829.3844490307229,40485332190.0
8885.9473541,8885.945733428765,40485332190.0
1267.3570794,1267.3457162308312,40485332190.0
2888.9093553,2888.9043702923695,40485332190.0
7197.1004438,7197.098442839851,40485332190.0
2721.1349535,2721.1296612336105,40485332190.0
1790.2038563,1790.1958118291664,40485332190.0
6245.2899169,6245.287611012892,40485332190.0
2647.2109174,2647.205477376744,40485332190.0
1313.847965,1313.8370039274694,40485332190.0
2433.6817388,2433.67582137437,40485332190.0
8814.1842955,8814.18266167508,40485332190.0
8784.8737395,8784.872100150666,40485332190.0
3178.4554552,3178.4509244039614,40485332190.0
3450.2506611,3450.2464871272473,40485332190.0
5391.4665533,5391.463882270902,40485332190.0
5724.3766396,5724.3741239054425,40485332190.0
19974.879144,19974.878422696605,40485332190.0
2836.9264301,2836.9213538244344,40485332190.0
7917.2652031,7917.263384151333,40485332190.0
2973.5964114,2973.5915683879507,40485332190.0
5917.1625254,5917.160091651936,40485332190.0
2587.5238294,2587.5182638080246,40485332190.0
3559.121129,3559.117082797596,40485332190.0
2685.88483,2685.8794682666035,40485332190.0
6523.4168384,6523.41463077149,40485332190.0
7912.5431399,7912.541319856144,40485332190.0
4421.4901657,4421.48690866051,40485332190.0
1577.6355417,1577.6264134051792,40485332190.0
3881.6594836,3881.655773528097,40485332190.0
2958.6852404,2958.680372937988,40485332190.0
5460.1473913,5460.1447537163485,40485332190.0
1074.2315787,1074.2181726849406,40485332190.0
5553.8109261,5553.80833307182,40485332190.0
1955.483084,1955.4757194491572,40485332190.0
2580.645387,2580.639806549016,40485332190.0
2327.5873868,2327.581199651737,40485332190.0
1901.127284,1901.1197089200828,40485332190.0
3184.9137286,3184.9092069452176,40485332190.0
17432.326471,17432.325645190936,40485332190.0
8507.1404411,8507.1387482577,40485332190.0
3610.4954993,3610.4915105849655,40485332190.0
2393.0335002,2393.0274822389138,40485332190.0
985.931945,985.9173382953296,40485332190.0
5699.8149229,5699.812396278164,40485332190.0
4737.9644394,4737.961399895245,40485332190.0
3643.0628317,3643.058878722881,40485332190.0
2871.4386549,2871.433639553905,40485332190.0
4783.6823703,4783.679359868454,40485332190.0
4599.0213704,4599.018239032899,40485332190.0
2416.6306526,2416.6246934719543,40485332190.0
690.07174719,690.0508778730442,40485332190.0
6726.1639317,6726.161790641954,40485332190.0
1212.9878324,1212.975959891464,40485332190.0
4383.2392712,4383.23598565578,40485332190.0
10365.659339,10365.657949999752,40485332190.0
4340.4375176,4340.434199734748,40485332190.0
1396.3539707,1396.3436573001281,40485332190.0
1984.6791721,1984.671915944267,40485332190.0
1987.1160134,1987.1087661024073,40485332190.0
3697.296714,3697.292818949286,40485332190.0
2706.8408418,2706.835521521889,40485332190.0
941.38351796,941.3682200161455,40485332190.0
6037.4748454,6037.472460109223,40485332190.0
779.28818741,779.2697073600478,40485332190.0
1849.4655455,1849.4577588020818,40485332190.0
4458.9372816,4458.934051801709,40485332190.0
5324.3979878,5324.395283103509,40485332190.0
2012.5783138,2012.571158281466,40485332190.0
2244.0180705,2244.0116529384513,40485332190.0
8067.3753805,8067.373595417509,40485332190.0
1594.6249878,1594.6159567468578,40485332190.0
3603.3361535,3603.332156893124,40485332190.0
4622.2650937,4622.261978079869,40485332190.0
7752.0214644,7752.0196066411845,40485332190.0
7139.3327798,7139.330762608137,40485332190.0
9091.6961126,9091.694528609636,40485332190.0
4191.2585169,4191.255080945575,40485332190.0
7580.8940939,7580.892194258758,40485332190.0
1790.4714937,1790.4634504486512,40485332190.0
10629.729667,10629.728312305986,40485332190.0
9720.7580207,9720.75653914936,40485332190.0
13507.946477,13507.945410482618,40485332190.0
7771.959939,7771.958086082457,40485332190.0
4406.9578302,4406.954562360545,40485332190.0
3754.6743006,3754.670465029926,40485332190.0
1271.5293429,1271.5180170261228,40485332190.0
5313.9154931,5313.912783028258,40485332190.0
8774.3095288,8774.307887546125,40485332190.0
9066.2803169,9066.278728487867,40485332190.0
16500.782074,16500.781200957386,40485332190.0
6083.595581,6083.593213727379,40485332190.0
2182.5217917,2182.5151933373636,40485332190.0
21796.293331,21796.29267021902,40485332190.0
1399.7305427,1399.7202541964161,40485332190.0
2998.932744,2998.927941925293,40485332190.0
18432.842452,18432.841670666305,40485332190.0
2444.207545,2444.201653003499,40485332190.0
2139.9249251,2139.91819539364,40485332190.0
3015.502854,3015.4980782369225,40485332190.0
14662.669536,14662.668553541163,40485332190.0
3733.1650727,3733.1612151226445,40485332190.0
3604.0922397,3604.088243920804,40485332190.0
11353.105697,11353.104428587147,40485332190.0
1242.9820939,1242.970507856689,40485332190.0
2431.5163111,2431.5103883752413,40485332190.0
175.4170783,175.33496267590192,40485332190.0
1588.0434176,1588.0343491301594,40485332190.0
3381.4418166,3381.4375577787987,40485332190.0
6410.9609005,6410.958654104514,40485332190.0
737.27348885,737.2539556677737,40485332190.0
2019.604348,2019.5972173124994,40485332190.0
1151.8465547,1151.8340519656585,40485332190.0
2379.4842656,2379.478213411393,40485332190.0
9878.4522042,9878.450746374125,40485332190.0
8900.128306,8900.126687973214,40485332190.0
8401.354063,8401.35234892551,40485332190.0
3475.6225552,3475.618411731406,40485332190.0
1862.2527217,1862.2449884631687,40485332190.0
7051.5533682,7051.551325895168,40485332190.0
3424.8453992,3424.8411943058004,40485332190.0
1210.1924569,1210.180556914386,40485332190.0
5639.0024029,5638.999849055789,40485332190.0
3429.3837043,3429.3795049799414,40485332190.0
4464.8672906,4464.864065219849,40485332190.0
5823.7129562,5823.710483353244,40485332190.0
15242.509651,15242.508706236904,40485332190.0
3676.7765102,3676.772593480689,40485332190.0
2551.2497318,2551.2440870449395,40485332190.0
3529.0456871,3529.0416063929683,40485332190.0
1951.6246281,1951.617249144508,40485332190.0
9460.2519502,9460.250427887428,40485332190.0
3722.2729142,3722.2690453343953,40485332190.0
5613.8260493,5613.823483964981,40485332190.0
1451.9764209,1451.9665025138902,40485332190.0
8280.131978,8280.130238843067,40485332190.0
5531.4734261,5531.470822620344,40485332190.0
2453.2918775,2453.286007366934,40485332190.0
2276.8643991,2276.8580741264354,40485332190.0
1502.8295642,1502.819981508718,40485332190.0
1908.5264935,1908.5189478311165,40485332190.0
4508.0200679,4508.016873395684,40485332190.0
1782.9386992,1782.9306220842047,40485332190.0
16727.647328,16727.64646615161,40485332190.0
1188.1593325,1188.147211931478,40485332190.0
3325.0092584,3325.0049271974135,40485332190.0
2027.1546366,2027.1475324731068,40485332190.0
17323.126337,17323.125505626926,40485332190.0
2882.6186228,2882.613626894876,40485332190.0
3859.599051,3859.595319724863,40485332190.0
11809.483525,11809.482305180143,40485332190.0
2509.0069352,2509.0011954322363,40485332190.0
6650.8014515,6650.79928627049,40485332190.0
12765.154575,12765.153446843215,40485332190.0
5280.8915775,5280.888850420596,40485332190.0
4390.2804138,4390.277133637512,40485332190.0
6249.3688413,6249.366536878876,40485332190.0
1901.3471619,1901.3395877437383,40485332190.0
3680.7630538,3680.7591413199884,40485332190.0
4141.957748,4141.954271164108,40485332190.0
1324.6119426,1324.601070534153,40485332190.0
2603.8475579,2603.842027191741,40485332190.0
1560.7244105,1560.7151832636775,40485332190.0
2615.4853773,2615.4798712296424,40485332190.0
3022.5739512,3022.5691867149644,40485332190.0
1207.7005375,1207.6886129819238,40485332190.0
1783.6859184,1783.6778446665041,40485332190.0
3552.5113245,3552.507270731617,40485332190.0
1649.1687181,1649.1599856969046,40485332190.0
3530.011231,3530.0071513568882,40485332190.0
1499.9779304,1499.9683294355198,40485332190.0
2100.9681469,2100.9612924151293,40485332190.0
4750.9274156,4750.924384455749,40485332190.0
11511.551714,11511.550462588275,40485332190.0
11513.536818,11513.535567701749,40485332190.0
7459.4133389,7459.411408262181,40485332190.0
3471.3918291,3471.38768051839,40485332190.0
2682.5416495,2682.5362810759107,40485332190.0
5398.1301344,5398.127466568157,40485332190.0
2233.030185,2233.023735865781,40485332190.0
4025.3574736,4025.3538959778757,40485332190.0
7387.9163204,7387.91437106368,40485332190.0
4347.0238327,4347.020519853832,40485332190.0
12667.078523,12667.07738556107,40485332190.0
5057.7408433,5057.7379959870495,40485332190.0
1314.5891648,1314.5782098822924,40485332190.0
2905.0460323,2905.041075061112,40485332190.0
5978.8318096,5978.829400930137,40485332190.0
5127.4313945,5127.428585836741,40485332190.0
2390.4221851,2390.4161606167163,40485332190.0
4292.2131714,4292.209816276922,40485332190.0
935.70149351,935.686102680182,40485332190.0
10416.38567,10416.384287732204,40485332190.0
8923.4939962,8923.492382326636,40485332190.0
895.03106173,895.0149715205432,40485332190.0
1865.7279298,1865.7202109934883,40485332190.0
6382.932562,6382.930305877269,40485332190.0
4558.128648,4558.125488587285,40485332190.0
3464.0309049,3464.0267475078317,40485332190.0
2159.8108899,2159.804222170713,40485332190.0
2595.9729091,2595.967361634525,40485332190.0
501.61476969,501.5860593651797,40485332190.0
3213.9253985,3213.920917590302,40485332190.0
5223.0919572,5223.0891999850155,40485332190.0
8968.1710434,8968.169437624278,40485332190.0
3584.3870164,3584.382998641128,40485332190.0
2375.3163483,2375.310285478299,40485332190.0
3005.4169088,3005.4121171625347,40485332190.0
2481.9996017,2481.9937994280886,40485332190.0
7754.1022383,7754.100381016928,40485332190.0
7837.680591,7837.67875351318,40485332190.0
1349.6745996,1349.6639294628485,40485332190.0
1231.8508998,1231.8392091008411,40485332190.0
2991.436533,2991.4317189466183,40485332190.0
5915.1104265,5915.107991894093,40485332190.0
13932.326088,13932.325053954048,40485332190.0
957.66572551,957.6506876794616,40485332190.0
5771.6142771,5771.611781890714,40485332190.0
3357.1731673,3357.1688776930146,40485332190.0
2568.3277834,2568.322176265003,40485332190.0
546.79666279,546.7703249272603,40485332190.0
1962.3282703,1962.3209314693618,40485332190.0
9209.8499002,9209.848336583998,40485332190.0
3562.1975996,3562.1935568204663,40485332190.0
8931.9967048,8931.995092498939,40485332190.0
2185.4028984,2185.3963087482775,40485332190.0
1373.4166652,1373.406179559921,40485332190.0
2534.9847978,2534.979116878854,40485332190.0
11223.438261,11223.436978710039,40485332190.0
742.40979672,742.3903986760339,40485332190.0
1614.4338559,1614.4249357199446,40485332190.0
3345.4493858,3345.4450810555354,40485332190.0
1992.3437582,1992.3365299512293,40485332190.0
1660.9188303,1660.9101597595673,40485332190.0
3686.5716201,3686.5677137503226,40485332190.0
14442.927151,14442.926153508899,40485332190.0
2201.6037715,2201.5972303227177,40485332190.0
3664.2191297,3664.215199497117,40485332190.0
8017.8350329,8017.8332367500325,40485332190.0
2183.9415877,2183.9349935613736,40485332190.0
1854.6006257,1854.5928606287384,40485332190.0
5575.5734325,5575.570849595781,40485332190.0
3786.6903844,3786.6865812994974,40485332190.0
2842.009456,2842.0043887753886,40485332190.0
5529.1348084,5529.132203770456,40485332190.0
4752.8310512,4752.828021124226,40485332190.0
3303.1952121,3303.190852290922,40485332190.0
8827.6405245,8827.638893137448,40485332190.0
1169.366061,1169.3537455912663,40485332190.0
2104.7981046,2104.791262563174,40485332190.0
6624.5745025,6624.572328565336,40485332190.0
2858.9258907,2858.9208534234726,40485332190.0
2385.7325404,2385.7265041270584,40485332190.0
4151.7652143,4151.761745711719,40485332190.0
12301.037462,12301.036291032018,40485332190.0
736.97502437,736.9554832746452,40485332190.0
11204.085298,11204.084013146141,40485332190.0
2540.7449669,2540.739298831343,40485332190.0
3919.6638881,3919.6602139671863,40485332190.0
2218.5818061,2218.5753148718136,40485332190.0
783.85744329,783.8390709678634,40485332190.0
7019.6590379,7019.6569863712975,40485332190.0
2323.652901,2323.646703322402,40485332190.0
4680.121726,4680.118648971845,40485332190.0
986.77154019,986.7569459111714,40485332190.0
6413.9767491,6413.974503798983,40485332190.0
11444.07793,11444.076672401046,40485332190.0
558.06036086,558.0345546156252,40485332190.0
2844.1642417,2844.1591783530216,40485332190.0
2710.6585337,2710.653220965134,40485332190.0
588.7195047,588.6950424440745,40485332190.0
4040.9306774,4040.9271136370576,40485332190.0
1540.4585471,1540.4491984374936,40485332190.0
3868.819433,3868.8157105578084,40485332190.0
2176.1079435,2176.101325666771,40485332190.0
1727.3143548,1727.3060175381709,40485332190.0
1283.8158536,1283.8046360930985,40485332190.0
2496.2061142,2496.2003449740687,40485332190.0
3146.734555,3146.7299785186065,40485332190.0
7313.1535255,7313.15155632443,40485332190.0
1163.390456,1163.3780773775857,40485332190.0
1816.0402806,1816.0323506023756,40485332190.0
1584.1373394,1584.128248592414,40485332190.0
5639.3525071,5639.349953430664,40485332190.0
4549.2405694,4549.237403864982,40485332190.0
3603.1266078,3603.122611005868,40485332190.0
1982.9685802,1982.961317752938,40485332190.0
4152.6303365,4152.626868573095,40485332190.0
1688.7999828,1688.7914553674213,40485332190.0
4174.4098463,4174.406396518923,40485332190.0
7548.7461034,7548.74419564034,40485332190.0
855.48254421,855.4657101481706,40485332190.0
3959.763412,3959.759775091201,40485332190.0
13317.551835,13317.550753089266,40485332190.0
2906.5714864,2906.5665316814598,40485332190.0
3302.3744361,3302.370075265361,40485332190.0
15327.131925,15327.130986037386,40485332190.0
22147.968126,22147.96747583753,40485332190.0
3457.0798704,3457.075704673541,40485332190.0
7802.1737991,7802.171953328946,40485332190.0
5540.610575,5540.607975812696,40485332190.0
4175.8813396,4175.87789101673,40485332190.0
1201.5403146,1201.5283289922772,40485332190.0
8724.6138036,8724.61215300653,40485332190.0
7470.5827918,7470.580864121106,40485332190.0
3335.6737431,3335.6694258304105,40485332190.0
1337.4351943,1337.4244265154214,40485332190.0
1495.9243608,1495.9147338538287,40485332190.0
3994.280489,3994.2768835958123,40485332190.0
2206.0885146,2206.08198676865,40485332190.0
2769.2871024,2769.2819021738133,40485332190.0
3035.5760861,3035.5713419676363,40485332190.0
11826.588783,11826.587565173366,40485332190.0
1620.0223358,1620.013446322668,40485332190.0
13626.305445,13626.304387528386,40485332190.0
1229.8728686,1229.8611590972787,40485332190.0
5997.1494175,5997.147016198861,40485332190.0
5120.0741618,5120.071349139328,40485332190.0
8850.2859631,8850.284335953458,40485332190.0
2913.9447886,2913.9398463926755,40485332190.0
3910.9857897,3910.9821075247346,40485332190.0
4712.1338882,4712.130832046447,40485332190.0
4068.3050274,4068.3014875091935,40485332190.0
1362.9028481,1362.892281603748,40485332190.0
7226.5766143,7226.574621538646,40485332190.0
2512.1672716,2512.161538993739,40485332190.0
5948.8232475,5948.820826681933,40485332190.0
4242.7975895,4242.794195177976,40485332190.0
4414.0562127,4414.0529500978455,40485332190.0
2251.9632834,2251.9568885099316,40485332190.0
8080.4089923,8080.407210166209,40485332190.0
2089.5247813,2089.5178892170516,40485332190.0
8462.3969555,8462.39525372017,40485332190.0
2751.980816,2751.975583009649,40485332190.0
626.00822388,625.9852187905618,40485332190.0
6650.6398861,6650.637720785948,40485332190.0
504.56411848,504.5355759871942,40485332190.0
17643.335675,17643.334858529757,40485332190.0
1603.3539571,1603.3449751756489,40485332190.0
2220.1030445,2220.096557752846,40485332190.0
3080.164236,3080.1595605585944,40485332190.0
1625.5206806,1625.511821167684,40485332190.0
1752.6778425,1752.669625843731,40485332190.0
236.49735207,236.43645090330804,40485332190.0
2384.0392181,2384.0331774561437,40485332190.0
2036.0855637,2036.0784907435357,40485332190.0
4033.9685835,4033.965013526299,40485332190.0
3490.0538689,3490.0497425717804,40485332190.0
8696.4271252,8696.425469193586,40485332190.0
2278.851828,2278.845508521221,40485332190.0
1937.9328994,1937.9254681488867,40485332190.0
5553.2815828,5553.278989510728,40485332190.0
2297.2542292,2297.247960356613,40485332190.0
3909.7047214,3909.7010379878484,40485332190.0
4566.8614185,4566.85826510278,40485332190.0
6364.5009539,6364.49869113911,40485332190.0
4748.2601684,4748.257135507622,40485332190.0
8024.6596759,8024.657881280823,40485332190.0
2052.4005274,2052.3935106657773,40485332190.0
1131.3276152,1131.314885788432,40485332190.0
1256.6982306,1256.686771089205,40485332190.0
1069.6121955,1069.5987315624125,40485332190.0
2361.4079796,2361.401881069374,40485332190.0
10573.745427,10573.74406415806,40485332190.0
3791.3745599,3791.370761458434,40485332190.0
771.72081114,771.7021498818949,40485332190.0
1387.7858443,1387.7754672111662,40485332190.0
12475.005249,12475.004094181137,40485332190.0
2526.0765054,2526.0708043620475,40485332190.0
3385.7934534,3385.7892000628644,40485332190.0
1792.3341951,1792.3261602660527,40485332190.0
2869.2283685,2869.2233492842515,40485332190.0
12249.712481,12249.711304973594,40485332190.0
9517.6595887,9517.65807553558,40485332190.0
1012.8212842,1012.8070652939905,40485332190.0
2654.1792576,2654.173831693349,40485332190.0
9983.9333567,9983.931914322517,40485332190.0
4573.2199326,4573.216783577543,40485332190.0
3547.2484743,3547.244414477885,40485332190.0
2835.5584237,2835.553344912612,40485332190.0
4822.4485908,4822.4456044858025,40485332190.0
3785.8137374,3785.8099334349918,40485332190.0
5112.6192951,5112.616478336184,40485332190.0
15766.398106,15766.397192485712,40485332190.0
2406.776816,2406.770832430233,40485332190.0
4589.9960999,4589.9929624477145,40485332190.0
19198.351202,19198.3504512481,40485332190.0
4052.2232929,4052.219739047339,40485332190.0
4424.5764798,4424.57322495464,40485332190.0
2440.2093914,2440.203489801013,40485332190.0
1508.9847377,1508.9751940647286,40485332190.0
2335.3169185,2335.310751839924,40485332190.0
1181.662639,1181.6504517851474,40485332190.0
1599.8470009,1599.8379992893422,40485332190.0
3873.1324222,3873.1287039683752,40485332190.0
2036.515378,2036.5083066047873,40485332190.0
1222.0350485,1222.0232639819278,40485332190.0
6109.202897,6109.20053973343,40485332190.0
2156.737314,2156.7306367342576,40485332190.0
4490.258771,4490.255563810436,40485332190.0
2159.6664883,2159.6598200778353,40485332190.0
5151.1975766,5151.194780925824,40485332190.0
9529.0690427,9529.067531334767,40485332190.0
4418.882789,4418.8795300269285,40485332190.0
1970.2087102,1970.201400763465,40485332190.0
3063.4673566,3063.4626556850208,40485332190.0
8462.3038198,8462.30211796181,40485332190.0
984.5724633,984.557836427774,40485332190.0
8181.5378968,8181.536136616755,40485332190.0
1467.3009914,1467.291176618017,40485332190.0
3916.5076495,3916.503972489804,40485332190.0
4681.0629193,4681.059842836792,40485332190.0
4263.6142215,4263.610843792165,40485332190.0
18649.27866,18649.27788796902,40485332190.0
6774.7714541,6774.769328443653,40485332190.0
3185.2611102,3185.2565890122783,40485332190.0
8443.6747218,8443.67301626075,40485332190.0
4657.4439852,4657.44089320018,40485332190.0
3375.993149,3375.988883249603,40485332190.0
3584.833962,3584.829944756014,40485332190.0
1689.4023706,1689.3938461695097,40485332190.0
3598.9512054,3598.9472039751836,40485332190.0
5488.4030897,5488.40046587974,40485332190.0
5354.2363249,5354.23363522916,40485332190.0
2648.8408972,2648.835460441861,40485332190.0
4819.5775224,4819.574534332734,40485332190.0
11246.660699,11246.659418880998,40485332190.0
8303.6694638,8303.667729450246,40485332190.0
1450.766066,1450.7561394131696,40485332190.0
3697.7278331,3697.723938475509,40485332190.0
1360.5179922,1360.5074071884915,40485332190.0
3361.2226662,3361.2183817068994,40485332190.0
1319.8234226,1319.8125111836675,40485332190.0
5313.8777368,5313.875026709032,40485332190.0
6189.7870348,6189.784708152336,40485332190.0
3746.6549843,3746.65114060736,40485332190.0
5999.6187661,5999.616365779519,40485332190.0
2294.7778939,2294.7716183015064,40485332190.0
2098.5411075,2098.5342450672856,40485332190.0
3581.4517994,3581.447778338963,40485332190.0
2349.0812541,2349.0751235443004,40485332190.0
22393.104813,22393.104170007504,40485332190.0
5300.5702626,5300.567545700264,40485332190.0
2207.6457704,2207.639247033646,40485332190.0
2816.9468283,2816.9417159991394,40485332190.0
7390.7423906,7390.740442112879,40485332190.0
11142.678301,11142.677008942732,40485332190.0
4794.223873,4794.220869152198,40485332190.0
3688.7594878,3688.755583767173,40485332190.0
3760.9605579,3760.9567288362778,40485332190.0
6064.8514051,6064.849030628596,40485332190.0
4497.8410709,4497.837869103422,40485332190.0
5468.1255756,5468.122941944851,40485332190.0
10481.206266,10481.204891864323,40485332190.0
2124.6077062,2124.600927907185,40485332190.0
2690.5082818,2690.5029292834956,40485332190.0
6937.2227794,6937.220703508887,40485332190.0
6631.9475777,6631.945406298193,40485332190.0
4435.5537768,4435.550530057785,40485332190.0
4376.2383659,4376.235075129953,40485332190.0
3853.3550636,3853.3513263171044,40485332190.0
2988.0854378,2988.0806183759673,40485332190.0
5907.5010681,5907.498630310926,40485332190.0
1798.5583091,1798.5503019625291,40485332190.0
2536.9124055,2536.9067288997758,40485332190.0
2487.6760852,2487.6702962208938,40485332190.0
5697.0550005,5697.052472713704,40485332190.0
1039.731654,1039.7178031395786,40485332190.0
3602.7046088,3602.7006115095282,40485332190.0
1281.3575158,1281.3462768113666,40485332190.0
1849.6361667,1849.6283807671239,40485332190.0
12436.260159,12436.259001300132,40485332190.0
8275.9536045,8275.951864413862,40485332190.0
2089.496806,2089.489913821152,40485332190.0
3056.0691131,3056.064400819015,40485332190.0
1695.6415595,1695.6330665450616,40485332190.0
9870.1993789,9870.197919785891,40485332190.0
5758.5143509,5758.511850139283,40485332190.0
318.40703068,318.3617988412355,40485332190.0
2176.0685972,2176.0619792993243,40485332190.0
748.93955503,748.9203261062027,40485332190.0
3164.114216,3164.10966464575,40485332190.0
3387.3638841,3387.359632694495,40485332190.0
3334.4368686,3334.432549716157,40485332190.0
2189.1834757,2189.176897372787,40485332190.0
4681.9713621,4681.968286307528,40485332190.0
5593.9549138,5593.9523394030075,40485332190.0
4370.9598796,4370.956584895526,40485332190.0
3392.3311249,3392.3268796602783,40485332190.0
9559.0702367,9559.068730091622,40485332190.0
3014.8784095,3014.8736327233196,40485332190.0
1336.1809031,1336.1701252550602,40485332190.0
14712.058824,14712.057844778406,40485332190.0
427.92378436,427.8901295965006,40485332190.0
639.52342746,639.5009085539544,40485332190.0
6112.3946869,6112.392330890614,40485332190.0
1679.4426882,1679.4341132435595,40485332190.0
3916.8419416,3916.8382649335913,40485332190.0
735.51907427,735.4994944937914,40485332190.0
2129.4540727,2129.4473099129964,40485332190.0
9407.3728991,9407.371368320744,40485332190.0
4956.4144224,4956.411516873699,40485332190.0
7938.8359777,7938.834163783621,40485332190.0
1489.7787262,1489.7690595397276,40485332190.0
3869.3327749,3869.329053091485,40485332190.0
2391.227251,2391.22122851415,40485332190.0
2135.0697276,2135.0629825047395,40485332190.0
5757.8879728,5757.885471619735,40485332190.0
727.18213517,727.1623309009236,40485332190.0
2267.163915,2267.1575629583285,40485332190.0
16567.0973,16567.096430653095,40485332190.0
2879.4565555,2879.4515541956766,40485332190.0
1908.4629234,1908.4553774489402,40485332190.0
2275.5836728,2275.5773442777877,40485332190.0
6460.6075903,6460.605361308745,40485332190.0
10820.003357,10820.002026129578,40485332190.0
10514.575633,10514.574263402954,40485332190.0
3092.0920861,3092.0874287140073,40485332190.0
3097.8078631,3097.80321428158,40485332190.0
3110.0111989,3110.00656832692,40485332190.0
646.46079069,646.4385134500468,40485332190.0
10099.057529,10099.05610349123,40485332190.0
2891.1603869,2891.1554058275865,40485332190.0
10961.7028,10961.701485697637,40485332190.0
7275.9963154,7275.994336201989,40485332190.0
3404.9530792,3404.948849780116,40485332190.0
3345.9143421,3345.9100380429018,40485332190.0
2894.4924129,2894.487437531048,40485332190.0
5233.2944087,5233.291656961952,40485332190.0
7024.9735056,7024.971455639687,40485332190.0
9593.8693332,9593.867832133903,40485332190.0
11136.732877,11136.731583637777,40485332190.0
9868.1050144,9868.10355502048,40485332190.0
2070.2777596,2070.2708034114094,40485332190.0
8091.777854,8091.77607423954,40485332190.0
16359.294538,16359.293657694157,40485332190.0
3489.4241313,3489.420004277455,40485332190.0
2091.6092088,2091.6023236254523,40485332190.0
3068.4539129,3068.4492196423353,40485332190.0
2922.1555647,2922.150636464179,40485332190.0
4243.5646029,4243.561209313492,40485332190.0
3736.2883723,3736.2845178947728,40485332190.0
3112.1002634,3112.095635931434,40485332190.0
4391.1064541,4391.103174498412,40485332190.0
13067.823981,13067.822879712347,40485332190.0
3944.6410637,3944.6374128321786,40485332190.0
6400.3768822,6400.374632134907,40485332190.0
3698.2355168,3698.2316227071474,40485332190.0
2605.7688731,2605.7633464316355,40485332190.0
2593.3096039,2593.3040506765246,40485332190.0
3554.5945542,3554.5905027716212,40485332190.0
4797.9738684,4797.970866870359,40485332190.0
1506.276042,1506.2664812344512,40485332190.0
5570.7300223,5570.727437154928,40485332190.0
2372.2329318,2372.2268611373443,40485332190.0
2689.0932572,2689.087901745637,40485332190.0
4902.8222992,4902.819361895566,40485332190.0
7285.5650418,7285.563065174079,40485332190.0
4918.1053838,4918.102455690141,40485332190.0
7303.3639284,7303.361956602102,40485332190.0
5754.6051391,5754.602636546304,40485332190.0
7791.9567698,7791.954921612528,40485332190.0
8835.7664473,8835.7648174314,40485332190.0
5400.8577301,5400.8550636323835,40485332190.0
3370.650449,3370.6461764964743,40485332190.0
4795.5488213,4795.545818266924,40485332190.0
3232.863851,3232.8593963872195,40485332190.0
1061.5738211,1061.5602551863758,40485332190.0
7560.4468577,7560.444952917574,40485332190.0
3204.3651794,3204.360685159929,40485332190.0
14035.541026,14035.540000535399,40485332190.0
1584.3405434,1584.3314537916217,40485332190.0
7557.0150515,7557.013145878955,40485332190.0
5728.1182433,5728.115729268577,40485332190.0
10544.85333,10544.851964489859,40485332190.0
5285.5328572,5285.530132576407,40485332190.0
5197.5710099,5197.568239136075,40485332190.0
3244.2739666,3244.2695276006607,40485332190.0
1319.3693873,1319.3584720565825,40485332190.0
6866.0425886,6866.040491186466,40485332190.0
3417.6467137,3417.642499977286,40485332190.0
5397.7216479,5397.718979943527,40485332190.0
3286.986744,3286.9823627007377,40485332190.0
2266.544135,2266.5377812450038,40485332190.0
5263.640389,5263.637653105257,40485332190.0
2487.4885155,2487.4827260892484,40485332190.0
3251.9565116,3251.9520831983473,40485332190.0
4952.7475686,4952.744660887042,40485332190.0
18904.474711,18904.473949407376,40485332190.0
2264.3630026,2264.356642781734,40485332190.0
7322.0681062,7322.066139410268,40485332190.0
9326.9896536,9326.988109501483,40485332190.0
3151.4394613,3151.4348916289173,40485332190.0
5892.6023201,5892.599876142811,40485332190.0
11774.227818,11774.226594858077,40485332190.0
6261.3888881,6261.3865880734,40485332190.0
3517.9526374,3517.9485437951153,40485332190.0
13061.586337,13061.585234487331,40485332190.0
5144.0830536,5144.080254069646,40485332190.0
7246.7151746,7246.713187406074,40485332190.0
14474.062152,14474.06115709795,40485332190.0
4479.3470175,4479.343802522109,40485332190.0
8524.0742319,8524.07254241566,40485332190.0
5468.829507,5468.826873622785,40485332190.0
3081.9235601,3081.9188873427834,40485332190.0
2966.4170868,2966.4122320570073,40485332190.0
3019.4395492,3019.4347797331448,40485332190.0
5504.5147446,5504.512128399809,40485332190.0
1653.0260188,1653.0173068061656,40485332190.0
1569.0181217,1569.0089431628185,40485332190.0
4419.4233183,4419.420059754316,40485332190.0
678.01065172,677.9894111437084,40485332190.0
6869.252494,6869.250397568613,40485332190.0
1124.3139987,1124.3011898030004,40485332190.0
579.69599792,579.6711548693298,40485332190.0
5330.8186646,5330.815963182604,40485332190.0
1752.9349784,1752.9267629793217,40485332190.0
9279.1293543,9279.127802389876,40485332190.0
563.89468277,563.8691435426026,40485332190.0
6304.3451762,6304.3428918727495,40485332190.0
1912.6228128,1912.6152833030867,40485332190.0
3140.0917979,3140.0872117273916,40485332190.0
4130.1014293,4130.097942490632,40485332190.0
6810.9365448,6810.934430387403,40485332190.0
4104.4267223,4104.423213639657,40485332190.0
12536.267858,12536.266708398656,40485332190.0
2046.618302,2046.611265453576,40485332190.0
2627.5981933,2627.5927125587145,40485332190.0
3864.2800293,3864.2763025372406,40485332190.0
12052.763868,12052.762672485793,40485332190.0
1711.2777425,1711.2693271291453,40485332190.0
7580.127777,7580.125877138166,40485332190.0
4581.6271326,4581.623989344845,40485332190.0
3856.0759243,3856.072189587434,40485332190.0
1197.8517358,1197.8397132564014,40485332190.0
2372.2667935,2372.26072283973,40485332190.0
3822.9492729,3822.945505864701,40485332190.0
431.14909295,431.1156899612103,40485332190.0
2165.2320928,2165.2254417567087,40485332190.0
1636.2524612,1636.2436599226512,40485332190.0
3390.0616626,3390.0574145403334,40485332190.0
1933.8119323,1933.8044852605424,40485332190.0
2317.9666934,2317.960480642491,40485332190.0
435.99360101,435.96056920063216,40485332190.0
9917.9339889,9917.93253688097,40485332190.0
5123.1132397,5123.110428633635,40485332190.0
2696.8511349,2696.845794964734,40485332190.0
5818.5623558,5818.559880752209,40485332190.0
9784.6674774,9784.666005596759,40485332190.0
6236.3925861,6236.390276940827,40485332190.0
9973.3952365,9973.3937925384,40485332190.0
20142.963583,20142.96286839168,40485332190.0
11508.087902,11508.086649911671,40485332190.0
2560.0857832,2560.0801580089774,40485332190.0
1952.225771,1952.2183941785831,40485332190.0
2698.3299511,2698.3246141221175,40485332190.0
679.16274239,679.1415378533544,40485332190.0
3252.4559373,3252.4515095450392,40485332190.0
6981.0688679,6981.066805034263,40485332190.0
3302.8851091,3302.880748969449,40485332190.0
12659.55758,12659.556442498908,40485332190.0
949.45300108,949.4378331605897,40485332190.0
1465.8403743,1465.8305497868523,40485332190.0
6446.0334239,6446.031189803053,40485332190.0
7896.0915796,7896.089755806952,40485332190.0
2987.7959749,2987.791154957088,40485332190.0
3195.462383,3195.457876205688,40485332190.0
8681.3086011,8681.306942317455,40485332190.0
1056.6103287,1056.5966991160137,40485332190.0
3795.5676628,3795.563868603662,40485332190.0
5354.433122,5354.430432427653,40485332190.0
143.00164061,142.90089921694099,40485332190.0
7553.6553675,7553.653460961632,40485332190.0
3322.0208413,3322.0165062708757,40485332190.0
2860.4171452,2860.4121106217904,40485332190.0
11659.190706,11659.189471107018,40485332190.0
3074.4599324,3074.4552482757726,40485332190.0
5199.5615965,5199.558826862933,40485332190.0
3344.5427987,3344.538492854482,40485332190.0
7970.5962931,7970.594486262857,40485332190.0
2281.3566315,2281.350318891135,40485332190.0
2580.1606034,2580.155021886581,40485332190.0
14108.292787,14108.291766746903,40485332190.0
2631.8164789,2631.8110069766262,40485332190.0
14884.392945,14884.391978220678,40485332190.0
2613.221281,2613.2157701796696,40485332190.0
6162.1043344,6162.101997410763,40485332190.0
2320.4266131,2320.420406812719,40485332190.0
4536.9399464,4536.936772191654,40485332190.0
6239.0672238,6239.064915591382,40485332190.0
6164.4513391,6164.449002974257,40485332190.0
4119.7620743,4119.758578646613,40485332190.0
2601.0772527,2601.0717160795853,40485332190.0
2021.3948132,2021.3876888134812,40485332190.0
2869.3472907,2869.3422717699264,40485332190.0
6012.1579898,6012.155594388517,40485332190.0
4623.3235245,4623.3204095688425,40485332190.0
13736.435518,13736.43446968841,40485332190.0
4586.0748347,4586.07169450566,40485332190.0
3419.8483001,3419.8440890558513,40485332190.0
5557.1340325,5557.1314410501245,40485332190.0
1887.6525247,1887.644895561104,40485332190.0
3861.1875877,3861.1838579451937,40485332190.0
6236.5053949,6236.503085748557,40485332190.0
4262.1704423,4262.167063465944,40485332190.0
4995.2246049,4995.221721872127,40485332190.0
8761.4145937,8761.412950060574,40485332190.0
4688.29096,4688.287888313449,40485332190.0
1330.4705378,1330.459713634369,40485332190.0
2685.7964779,2685.7911159405453,40485332190.0
656.40972491,656.3877853381704,40485332190.0
3543.3495597,3543.345495479456,40485332190.0
2641.3254492,2641.3199969255975,40485332190.0
1518.9398868,1518.9304057432041,40485332190.0
2517.349744,2517.344023223615,40485332190.0
873.23428314,873.2177912959999,40485332190.0
3321.9166341,3321.9122989449884,40485332190.0
1412.0913308,1412.0811322672191,40485332190.0
7521.7644962,7521.762581659137,40485332190.0
2142.1300494,2142.12332659341,40485332190.0
3512.3925529,3512.3884528813232,40485332190.0
3632.5520363,3632.548071798688,40485332190.0
5199.2747901,5199.272020194232,40485332190.0
5888.6670749,5888.664629288812,40485332190.0
7984.2677909,7984.265987301677,40485332190.0
1733.2227788,1733.2144699071937,40485332190.0
6426.1744417,6426.172200642333,40485332190.0
1825.8856853,1825.8777980839423,40485332190.0
4298.8433752,4298.840025127176,40485332190.0
4243.0605633,4243.057169345591,40485332190.0
2094.1946492,2094.1877724773253,40485332190.0
9800.7233328,9800.721863401479,40485332190.0
1872.3605675,1872.3528760349118,40485332190.0
11407.959991,11407.958729291664,40485332190.0
1853.2993723,1853.2916018124322,40485332190.0
3470.8154937,3470.811344502075,40485332190.0
3887.7172931,3887.713588921529,40485332190.0
3243.4671415,3243.462701532183,40485332190.0
1404.8091085,1404.7988571807025,40485332190.0
3210.6218096,3210.61732411475,40485332190.0
5180.3030358,5180.300255817849,40485332190.0
3967.6317386,3967.6281089447307,40485332190.0
3912.5231641,3912.5194833746614,40485332190.0
2752.4002749,2752.3950426891743,40485332190.0
1975.9879171,1975.9806289989751,40485332190.0
1264.9333862,1264.9220012153448,40485332190.0
11728.589643,11728.588415098202,40485332190.0
912.85122284,912.8354467365172,40485332190.0
1664.2714603,1664.2628071592073,40485332190.0
1316.7110893,1316.7001520414017,40485332190.0
3733.8864332,3733.8825763343793,40485332190.0
964.12821298,964.1132759368493,40485332190.0
4999.7193118,4999.716431463189,40485332190.0
3457.063229,3457.0590632694625,40485332190.0
6395.0358026,6395.033550655681,40485332190.0
3798.3207666,3798.3169751857226,40485332190.0
4601.9356202,4601.932490764223,40485332190.0
339.75546895,339.7130796175702,40485332190.0
3455.4776421,3455.4734744527477,40485332190.0
2338.4955173,2338.4893590057845,40485332190.0
2369.7534368,2369.74735972089,40485332190.0
2368.9717981,2368.9657190029466,40485332190.0
5103.0068496,5103.004027540105,40485332190.0
4728.6893388,4728.68629325387,40485332190.0
19167.579891,19167.579139220634,40485332190.0
6103.9192956,6103.916936264569,40485332190.0
6392.805412,6392.803159279107,40485332190.0
16748.814831,16748.81397077732,40485332190.0
5305.5091053,5305.506390908689,40485332190.0
5117.266771,5117.263956776019,40485332190.0
3971.7293937,3971.7257677958523,40485332190.0
4019.9981788,4019.994596370238,40485332190.0
5888.5829665,5888.580520933517,40485332190.0
3648.5532613,3648.549314244674,40485332190.0
2641.6958051,2641.6903536248833,40485332190.0
4943.1291052,4943.1261918905275,40485332190.0
4496.2423154,4496.239112566942,40485332190.0
4329.2164643,4329.2131378548065,40485332190.0
5756.6539263,5756.651424570637,40485332190.0
8544.2442249,8544.242539420391,40485332190.0
9009.5294424,9009.527844011243,40485332190.0
3286.7580182,3286.75363659559,40485332190.0
3718.9945993,3718.99072693783,40485332190.0
3643.20554,3643.2015871815142,40485332190.0
5577.7891133,5577.786531384392,40485332190.0
3976.2367748,3976.233152918099,40485332190.0
7969.0680557,7969.066248557228,40485332190.0
1958.8936934,1958.886341714681,40485332190.0
3520.4805622,3520.476471508908,40485332190.0
2331.4631606,2331.4569837442027,40485332190.0
5160.9535553,5160.950764841714,40485332190.0
5505.2496005,5505.246984633286,40485332190.0
3743.3669462,3743.363099168311,40485332190.0
2278.902325,2278.8960057381473,40485332190.0
1902.1817733,1902.174202491791,40485332190.0
5685.0089491,5685.00641590645,40485332190.0
2482.7347779,2482.72897739785,40485332190.0
4258.9096723,4258.906290822243,40485332190.0
943.21101181,943.1957435086782,40485332190.0
3778.5972064,3778.5933951647658,40485332190.0
4929.169195,4929.166273340247,40485332190.0
1774.6913948,1774.6832800449006,40485332190.0
3993.1451773,3993.141570921099,40485332190.0
22604.107911,22604.10727395869,40485332190.0
3362.7875116,3362.7832291563154,40485332190.0
10466.03597,10466.034594611137,40485332190.0
3597.8176921,3597.813689429233,40485332190.0
3083.0365428,3083.0318717528166,40485332190.0
2719.6350284,2719.629733151294,40485332190.0
2502.1170739,2502.111318328841,40485332190.0
3969.014704,3969.0110755232818,40485332190.0
3310.0182882,3310.0139374772834,40485332190.0
4323.145713,4323.142381863211,40485332190.0
6078.3108153,6078.308446032015,40485332190.0
1835.6931425,1835.6852974346898,40485332190.0
10596.184335,10596.182976439815,40485332190.0
3640.8473021,3640.8433467297746,40485332190.0
5484.3438849,5484.341258996296,40485332190.0
1832.9217123,1832.9138553322477,40485332190.0
2386.663108,2386.657073997516,40485332190.0
4015.3642334,4015.360646937645,40485332190.0
2888.5260805,2888.521094813233,40485332190.0
5961.0124994,5961.010083462327,40485332190.0
2746.6480047,2746.642761520543,40485332190.0
5579.2346957,5579.232114480927,40485332190.0
3340.3571754,3340.3528640857057,40485332190.0
5127.6992755,5127.696467045887,40485332190.0
2122.1484162,2122.1416301538056,40485332190.0
6239.7338889,6239.731580942903,40485332190.0
990.00017375,989.9856270706736,40485332190.0
14119.706227,14119.705206707155,40485332190.0
2218.8739344,2218.8674440569403,40485332190.0
3047.4920214,3047.487295856575,40485332190.0
5965.077855,5965.075440785887,40485332190.0
1007.5576472,1007.5433540019255,40485332190.0
3885.7097526,3885.706046491672,40485332190.0
590.82475153,590.8003764468292,40485332190.0
3805.5282819,3805.524497674063,40485332190.0
9321.9231793,9321.921634514409,40485332190.0
4052.5671158,4052.563562293019,40485332190.0
5826.2169033,5826.214431501465,40485332190.0
3148.7049553,3148.7003816674005,40485332190.0
2082.3273494,2082.3204334481943,40485332190.0
3522.2529233,3522.248834705858,40485332190.0
5254.0222106,5254.019469556968,40485332190.0
2115.1103244,2115.1035157205097,40485332190.0
221.33577593,221.27070182389738,40485332190.0
3024.8085719,3024.803810957752,40485332190.0
752.43334327,752.4142036432391,40485332190.0
13161.159323,13161.158228625822,40485332190.0
9006.3809376,9006.37933860705,40485332190.0
999.92966582,999.9152635882512,40485332190.0
1206.5775503,1206.5656148000962,40485332190.0
12760.283078,12760.281949704251,40485332190.0
1074.3755301,1074.3621258572214,40485332190.0
3052.8844964,3052.8797791414054,40485332190.0
2299.1377158,2299.1314520924343,40485332190.0
456.08629159,456.0547150917859,40485332190.0
8055.7548959,8055.7531082204,40485332190.0
2531.0769693,2531.071279623587,40485332190.0
10097.646015,10097.644588924251,40485332190.0
3964.0205553,3964.0169223931116,40485332190.0
4968.2647044,4968.26180576248,40485332190.0
21237.501025,21237.50034710889,40485332190.0
588.40265948,588.37818404077,40485332190.0
2958.1065693,2958.1017008944614,40485332190.0
4268.8942633,4268.890889762811,40485332190.0
3298.9417882,3298.9374228189695,40485332190.0
4821.4381097,4821.435122824495,40485332190.0
1501.2569113,1501.2473185096887,40485332190.0
2396.3710811,2396.3650715990707,40485332190.0
1651.4967732,1651.488053109859,40485332190.0
9419.4218742,9419.420345289931,40485332190.0
7090.752182,7090.750151068471,40485332190.0
11083.021312,11083.020013341365,40485332190.0
2286.6949744,2286.68867654882,40485332190.0
3245.1006415,3245.096203679406,40485332190.0
3867.8532478,3867.849524475394,40485332190.0
8539.9728323,8539.971146064318,40485332190.0
3997.6536141,3997.6500116572274,40485332190.0
7998.8402728,7998.838472381431,40485332190.0
3525.3908591,3525.3867740783803,40485332190.0
3020.3238343,3020.3190662115235,40485332190.0
2868.205953,2868.200932062517,40485332190.0
7378.4625632,7378.460611417523,40485332190.0
2952.1161312,2952.111252979285,40485332190.0
11134.07369,11134.072396687823,40485332190.0
7754.0407088,7754.038851537106,40485332190.0
11104.221916,11104.220619530966,40485332190.0
4061.4467063,4061.4431605449413,40485332190.0
8933.876649,8933.87503698122,40485332190.0
3430.112763,3430.108564564027,40485332190.0
1453.9507137,1453.940808844862,40485332190.0
4573.9335475,4573.930399021152,40485332190.0
2657.8413142,2657.8358958280432,40485332190.0
2675.9080307,2675.9026488717345,40485332190.0
6190.7512342,6190.7489079346615,40485332190.0
4922.8733207,4922.870395366145,40485332190.0
3223.6748529,3223.6703856452214,40485332190.0
5762.6411281,5762.638629045095,40485332190.0
4312.3341422,4312.330802684694,40485332190.0
2760.3301708,2760.324953638435,40485332190.0
3237.9283092,3237.923861594556,40485332190.0
7042.0320491,7042.030003990007,40485332190.0
15318.046219,15318.045278519985,40485332190.0
11154.85312,11154.851828720211,40485332190.0
2549.1204204,2549.1147709183565,40485332190.0
14456.26679,14456.265794308003,40485332190.0
6036.7928405,6036.790454897537,40485332190.0
4921.5480141,4921.545087950054,40485332190.0
5759.0381049,5759.035604298357,40485332190.0
2596.6410747,2596.6355286107437,40485332190.0
4707.9193457,4707.916286816323,40485332190.0
4789.8838112,4789.880804661395,40485332190.0
814.03873214,814.0210410020006,40485332190.0
4673.4696039,4673.466522440011,40485332190.0
6669.8185795,6669.816420344985,40485332190.0
3415.8401241,3415.835908051871,40485332190.0
3471.3391156,3471.3349670784337,40485332190.0
4378.0074904,4378.004200979906,40485332190.0
2906.6136867,2906.6087320941765,40485332190.0
6332.3109629,6332.308688699974,40485332190.0
3918.7464324,3918.742757461459,40485332190.0
2795.9349245,2795.9297737490456,40485332190.0
3081.9003104,3081.895637585078,40485332190.0
4665.3082375,4665.305150682918,40485332190.0
12732.551838,12732.550706772252,40485332190.0
6049.1930128,6049.1906321527995,40485332190.0
8716.4619212,8716.460269042522,40485332190.0
12676.500509,12676.499372273902,40485332190.0
5082.2084474,5082.205613808824,40485332190.0
1809.0230018,1809.0150410680615,40485332190.0
7033.8863714,7033.884323972274,40485332190.0
4374.6940238,4374.690731897184,40485332190.0
1726.022932,1726.014588493009,40485332190.0
6647.6887107,6647.686544364098,40485332190.0
3527.1654199,3527.16133695293,40485332190.0
6619.6405611,6619.638385635802,40485332190.0
3782.0354206,3782.0316128192994,40485332190.0
3382.5585804,3382.5543228592937,40485332190.0
4126.3347192,4126.331229160062,40485332190.0
7821.3907726,7821.388931262071,40485332190.0
6033.4237408,6033.421353941231,40485332190.0
4480.7263751,4480.723161047899,40485332190.0
2006.7144253,2006.7072488520005,40485332190.0
6285.5463122,6285.544021078578,40485332190.0
1988.3007287,1988.2934857468954,40485332190.0
2361.2702526,2361.2641536540436,40485332190.0
502.7650341,502.7363894628119,40485332190.0
882.00979066,881.9934628993408,40485332190.0
7397.7349113,7397.73296458321,40485332190.0
1137.6758655,1137.663207053389,40485332190.0
2420.1856487,2420.179698283993,40485332190.0
1853.2376899,1853.2299191911563,40485332190.0
1416.7300562,1416.7198911114756,40485332190.0
4369.4049199,4369.401624028948,40485332190.0
1043.3353357,1043.321532669025,40485332190.0
2810.1844122,2810.1792876074564,40485332190.0
581.68873564,581.6639776899984,40485332190.0
5850.5756773,5850.57321585766,40485332190.0
9306.4749824,9306.473435029287,40485332190.0
9897.2830705,9897.281615477212,40485332190.0
8251.6070148,8251.60526956961,40485332190.0
3636.696734,3636.6927740875567,40485332190.0
3471.9776318,3471.9734839567286,40485332190.0
4998.1054214,4998.102540009749,40485332190.0
3418.4298365,3418.4256236986807,40485332190.0
3257.9565366,3257.952116298078,40485332190.0
1957.8999816,1957.8926262304801,40485332190.0
3773.3180209,3773.314204382863,40485332190.0
1460.6601685,1460.6503091761463,40485332190.0
7006.4097551,7006.407699672209,40485332190.0
3749.1612258,3749.1573846721544,40485332190.0
9761.0625552,9761.06107978645,40485332190.0
3818.5478837,3818.5441123657006,40485332190.0
2423.7466983,2423.7407566259076,40485332190.0
6623.4232357,6623.421061483776,40485332190.0
2779.6874449,2779.682264029314,40485332190.0
9061.2767263,9061.275136991706,40485332190.0
1729.8661799,1729.8578548593619,40485332190.0
4736.899723,4736.896682804378,40485332190.0
4381.9729858,4381.969699327366,40485332190.0
4854.0032097,4854.000242878293,40485332190.0
4228.2506508,4228.247244878624,40485332190.0
3446.1321939,3446.1280149733007,40485332190.0
6032.1540389,6032.151651516179,40485332190.0
2455.2239307,2455.2180652522934,40485332190.0
6607.6817521,6607.6795726429245,40485332190.0
1644.9863412,1644.9775865735196,40485332190.0
8743.8470409,8743.8453939511,40485332190.0
613.15661726,613.133129972105,40485332190.0
3737.6439,3737.640046972604,40485332190.0
1979.3893211,1979.3820455610744,40485332190.0
6885.4716133,6885.469521704782,40485332190.0
3089.5844989,3089.5798377284173,40485332190.0
4654.1164484,4654.113354122782,40485332190.0
5973.5565534,5973.55414254165,40485332190.0
1154.2708962,1154.2584198108457,40485332190.0
2608.7920624,2608.7865421503407,40485332190.0
1398.2870993,1398.276800141228,40485332190.0
3699.7124723,3699.708579772807,40485332190.0
1604.8846766,1604.8757031877224,40485332190.0
1943.3778332,1943.3704228144325,40485332190.0
5300.9702827,5300.967566006764,40485332190.0
4033.8638471,4033.860277046097,40485332190.0
5914.3936862,5914.3912512514235,40485332190.0
6110.169054,6110.166697113165,40485332190.0
4238.6949327,4238.691535106426,40485332190.0
793.71416761,793.6960234520282,40485332190.0
6794.3238589,6794.321739366848,40485332190.0
12680.198409,12680.197274006723,40485332190.0
5953.9074667,5953.905047972131,40485332190.0
2532.0005468,2531.9948591777434,40485332190.0
2865.8709492,2865.8659241071487,40485332190.0
1854.3056885,1854.2979222191314,40485332190.0
2939.3831524,2939.3782530351464,40485332190.0
8619.2384529,8619.23678212904,40485332190.0
13572.786977,13572.785916228579,40485332190.0
4371.9556012,4371.952307258675,40485332190.0
1732.2299533,1732.2216396536326,40485332190.0
20502.014145,20502.013442718082,40485332190.0
1163.7688398,1163.7564651983052,40485332190.0
3637.5728382,3637.5688792651767,40485332190.0
3113.6971524,3113.6925272202207,40485332190.0
5936.0707377,5936.068311666986,40485332190.0
4658.3837774,4658.380685905126,40485332190.0
2888.3475312,2888.342545244364,40485332190.0
3603.3983989,3603.3944023529843,40485332190.0
6801.7575958,6801.755478585135,40485332190.0
2204.0600648,2204.053530902089,40485332190.0
9091.8296484,9091.828064436602,40485332190.0
2629.6949865,2629.6895102020567,40485332190.0
2574.4724091,2574.4668153516714,40485332190.0
493.64137474,493.61220065400965,40485332190.0
1334.3372621,1334.326469295248,40485332190.0
4544.9051433,4544.901974708532,40485332190.0
2572.5701802,2572.5645822368724,40485332190.0
3985.8688553,3985.8652422240434,40485332190.0
1159.3008209,1159.2883986487777,40485332190.0
5819.1228623,5819.120387575492,40485332190.0
4054.7274574,4054.723905710899,40485332190.0
13551.473349,13551.472286824335,40485332190.0
1087.8792221,1087.865984212503,40485332190.0
5874.1906965,5874.188244907506,40485332190.0
4474.5691003,4474.565881932501,40485332190.0
2354.4023942,2354.396277537176,40485332190.0
1597.0225498,1597.0135322752528,40485332190.0
975.62610568,975.6113446759815,40485332190.0
2699.9802602,2699.9749263582594,40485332190.0
1299.2406553,1299.2295709506227,40485332190.0
2486.9423152,2486.9365245144836,40485332190.0
7659.3006504,7659.298770145249,40485332190.0
4938.5299012,4938.526985143113,40485332190.0
13733.417169,13733.416120048209,40485332190.0
9041.3365128,9041.334919990662,40485332190.0
6577.9519628,6577.949773538336,40485332190.0
1425.2394361,1425.2293316830321,40485332190.0
4478.2915644,4478.288348631765,40485332190.0
3317.0654084,3317.061066922906,40485332190.0
1745.1026674,1745.0944151283268,40485332190.0
4095.1494823,4095.145965650782,40485332190.0
3164.3907139,3164.3861629181342,40485332190.0
3771.7049131,3771.701094977804,40485332190.0
2519.6323228,2519.6266072533035,40485332190.0
4544.2719881,4544.268819010501,40485332190.0
2780.4814776,2780.476298241168,40485332190.0
11987.972057,11987.970855877193,40485332190.0
4915.1487324,4915.145802464761,40485332190.0
1956.3291014,1956.3217400790427,40485332190.0
12985.874856,12985.873747111511,40485332190.0
3362.3703689,3362.366085918629,40485332190.0
3561.848069,3561.8440258840833,40485332190.0
5141.8132211,5141.810420278803,40485332190.0
5535.0520607,5535.049458919369,40485332190.0
3115.765905,3115.76128301088,40485332190.0
5956.5858347,5956.583417030499,40485332190.0
5581.0252279,5581.0226474782385,40485332190.0
1139.9102954,1139.8976617427816,40485332190.0
7234.2603375,7234.25834677596,40485332190.0
5378.9132737,5378.910596401012,40485332190.0
4647.8293037,4647.826205249108,40485332190.0
9220.9751662,9220.97360446191,40485332190.0
8476.71595,8476.71425103313,40485332190.0
6720.9302853,6720.928142556205,40485332190.0
1682.4123695,1682.4038097499952,40485332190.0
3851.0314707,3851.0277311918157,40485332190.0
5653.9672856,5653.964738567911,40485332190.0
11852.98275,11852.981535569648,40485332190.0
2916.389715,2916.384777031964,40485332190.0
2409.6537622,2409.647785707052,40485332190.0
12196.938143,12196.936961776952,40485332190.0
9210.6278989,9210.626335437848,40485332190.0
1059.2841849,1059.2705896128405,40485332190.0
3636.4192231,3636.4152628186625,40485332190.0
2644.2324443,2644.226998088331,40485332190.0
1375.2335975,1375.223125725518,40485332190.0
667.73680494,667.7152375432563,40485332190.0
2788.2868535,2788.281688644052,40485332190.0
11373.265604,11373.264338445279,40485332190.0
522.01568076,521.9880925240188,40485332190.0
3426.7837501,3426.7795475998983,40485332190.0
6460.543035,6460.540805885466,40485332190.0
1719.6680043,1719.6596299351431,40485332190.0
1554.6127219,1554.603458396283,40485332190.0
2089.227345,2089.2204519760508,40485332190.0
4762.5034747,4762.500450794124,40485332190.0
997.7964675,997.7820344860161,40485332190.0
3130.6754256,3130.6708255779395,40485332190.0
1651.3420919,1651.3333710287368,40485332190.0
1380.4647625,1380.4543304236443,40485332190.0
2086.7985079,2086.7916067968504,40485332190.0
2203.1614637,2203.1549271387635,40485332190.0
2705.5524127,2705.547089909588,40485332190.0
2382.6086193,2382.6025750617305,40485332190.0
7411.1726737,7411.170730550241,40485332190.0
4424.0910734,4424.0878183026525,40485332190.0
1747.1381596,1747.129916865372,40485332190.0
5210.6581219,5210.655358145513,40485332190.0
5007.9522351,5007.949359470233,40485332190.0
6236.4267572,6236.424448047774,40485332190.0
7005.4906161,7005.488560414588,40485332190.0
595.17638342,595.1521865537928,40485332190.0
4571.4253529,4571.4222026186335,40485332190.0
4070.2411323,4070.2375941941623,40485332190.0
2632.2073371,2632.2018659246464,40485332190.0
3454.8614282,3454.8572598901274,40485332190.0
2782.3785443,2782.373368483576,40485332190.0
2746.3347086,2746.3294649294635,40485332190.0
3657.9739619,3657.9700250469064,40485332190.0
1135.6497235,1135.6370425626424,40485332190.0
6982.06954,6982.067477493563,40485332190.0
7432.619713,7432.617775490351,40485332190.0
3765.6808185,3765.6769941921493,40485332190.0
3718.5804004,3718.576527574181,40485332190.0
8204.3323914,8204.330636043702,40485332190.0
512.32869226,512.3005823684341,40485332190.0
5319.5884617,5319.585754502725,40485332190.0
13874.240462,13874.239424462774,40485332190.0
3992.4718802,3992.468273061502,40485332190.0
2657.7133443,2657.7079257301107,40485332190.0
3519.7987101,3519.7946186373724,40485332190.0
4220.6738618,4220.6704497502105,40485332190.0
4855.1338434,4855.1308772601915,40485332190.0
4992.8746858,4992.871801456545,40485332190.0
15046.153883,15046.152925915016,40485332190.0
1844.6396833,1844.6318763121924,40485332190.0
2918.9504982,2918.9455645300636,40485332190.0
6516.7527185,6516.750508651707,40485332190.0
14797.704517,14797.703543906664,40485332190.0
8670.7470269,8670.745366069737,40485332190.0
4890.7404231,4890.737478514463,40485332190.0
9535.7180427,9535.716532444083,40485332190.0
1705.0266064,1705.0181601466659,40485332190.0
13861.610275,13861.609235564427,40485332190.0
1611.637528,1611.6285923129235,40485332190.0
1451.5910428,1451.5811217908272,40485332190.0
2991.3019179,2991.297103581793,40485332190.0
6141.8890889,6141.886744173857,40485332190.0
5289.6812552,5289.6785326489635,40485332190.0
8978.6836223,8978.682018408572,40485332190.0
8619.7916032,8619.78993250267,40485332190.0
2728.6302894,2728.625011602005,40485332190.0
4755.6883851,4755.6853569673385,40485332190.0
2776.8871331,2776.8819469909445,40485332190.0
5247.7221523,5247.719408009658,40485332190.0
2639.7979457,2639.792490319025,40485332190.0
6374.1716709,6374.169411597903,40485332190.0
3049.6005081,3049.5957857205135,40485332190.0
5763.5926371,5763.590138498449,40485332190.0
4124.6945885,4124.691097118449,40485332190.0
2056.4647562,2056.457753412442,40485332190.0
8850.7061297,8850.704502567514,40485332190.0
14666.866992,14666.866009939993,40485332190.0
684.60872476,684.5876888988931,40485332190.0
4804.0136502,4804.010652406959,40485332190.0
510.09247669,510.0642435547975,40485332190.0
3582.7150527,3582.711033088886,40485332190.0
14541.134387,14541.133396408313,40485332190.0
6692.9980226,6692.995870987474,40485332190.0
12272.543271,12272.542097124084,40485332190.0
2457.6845911,2457.678731494088,40485332190.0
7494.5151398,7494.513218280427,40485332190.0
876.73014021,876.7137141290428,40485332190.0
25473.565291,25473.56472596375,40485332190.0
2129.2567035,2129.249940053401,40485332190.0
9662.6517621,9662.650271630955,40485332190.0
369.52257748,369.4836032220513,40485332190.0
2002.3912213,2002.3840293279557,40485332190.0
3446.0341294,3446.029950385125,40485332190.0
1148.0308161,1148.0182718353856,40485332190.0
1630.612162,1630.6033301944724,40485332190.0
4481.8849045,4481.881691298486,40485332190.0
22052.289714,22052.289060010906,40485332190.0
6465.3343559,6465.332128439864,40485332190.0
5366.6728477,5366.670164226725,40485332190.0
9920.1255117,9920.124059972894,40485332190.0
4564.2842177,4564.281062549796,40485332190.0
3533.0930865,3533.0890104515343,40485332190.0
1344.3621818,1344.3514695277524,40485332190.0
2915.0126429,2915.0077025415935,40485332190.0
7508.9012327,7508.899314757732,40485332190.0
2617.8167529,2617.811251652724,40485332190.0
3584.6252272,3584.6212097200614,40485332190.0
4517.4007973,4517.397609360991,40485332190.0
3263.1386116,3263.1341982778995,40485332190.0
5452.5142543,5452.511613143477,40485332190.0
3319.8613239,3319.8569860044067,40485332190.0
1075.1257895,1075.1123946289479,40485332190.0
700.00104747,699.980474188815,40485332190.0
1856.9964659,1856.9887107811387,40485332190.0
1861.1533866,1861.1456488208657,40485332190.0
8721.6216775,8721.62002635752,40485332190.0
3766.292979,3766.28915526515,40485332190.0
3993.2524101,3993.2488037452604,40485332190.0
2191.7382125,2191.7316419174335,40485332190.0
5882.223985,5882.22153679189,40485332190.0
1621.9632374,1621.9543585881363,40485332190.0
4068.6337316,4068.6301920378623,40485332190.0
2040.3106693,2040.3036109736056,40485332190.0
6436.5737365,6436.571499105079,40485332190.0
12506.457477,12506.456325130472,40485332190.0
19976.819854,19976.81913310778,40485332190.0
1305.1528105,1305.1417763493166,40485332190.0
5708.5874961,5708.584973457743,40485332190.0
4605.4406246,4605.437497616207,40485332190.0
5621.1270075,5621.124445560985,40485332190.0
363.19024272,363.1505888554034,40485332190.0
5946.9503695,5946.947947906863,40485332190.0
7962.5921775,7962.590368935043,40485332190.0
8866.7565009,8866.754876695073,40485332190.0
2117.3991061,2117.392304751232,40485332190.0
5502.8874891,5502.884872138895,40485332190.0
19136.989291,19136.98853886885,40485332190.0
6278.8837371,6278.881443564869,40485332190.0
13234.650292,13234.649203460134,40485332190.0
5893.7322052,5893.729761798889,40485332190.0
3229.3049382,3229.3004786807946,40485332190.0
2399.7697357,2399.763734663045,40485332190.0
7755.4064349,7755.404578049622,40485332190.0
7386.142526,7386.140576324933,40485332190.0
2593.3038718,2593.298318639788,40485332190.0
532.31775643,532.2907021508388,40485332190.0
16742.488232,16742.48737227607,40485332190.0
1382.8074577,1382.7970432503835,40485332190.0
616.41467568,616.3913125389402,40485332190.0
6398.0365119,6398.034261086902,40485332190.0
2480.9970923,2480.9912877613997,40485332190.0
3124.1122473,3124.1076376864676,40485332190.0
4921.8343363,4921.831410269181,40485332190.0
6569.9000384,6569.897846339253,40485332190.0
6824.0695617,6824.067451317561,40485332190.0
3041.5413184,3041.536583673927,40485332190.0
5012.8110274,5012.808154587401,40485332190.0
2221.5659206,2221.5594381487895,40485332190.0
4141.4616385,4141.458161161011,40485332190.0
4796.1534947,4796.150492103566,40485332190.0
401.66654211,401.6306871096224,40485332190.0
2296.9256603,2296.9193906143337,40485332190.0
9776.9886025,9776.987129551464,40485332190.0
5190.8936968,5190.890922515909,40485332190.0
6361.9089681,6361.906704424657,40485332190.0
18126.889307,18126.888513052316,40485332190.0
4839.1029229,4839.099946899453,40485332190.0
1579.8848394,1579.8757240646146,40485332190.0
9479.3186574,9479.317138205723,40485332190.0
10399.34073,10399.339344799384,40485332190.0
12710.623381,12710.622247472407,40485332190.0
12335.27572,12335.274552251567,40485332190.0
2376.5393698,2376.533310045643,40485332190.0
5072.8405751,5072.837736193449,40485332190.0
309.05946341,309.01286332654604,40485332190.0
4528.3575092,4528.354329010803,40485332190.0
8960.968796,8960.967188904562,40485332190.0
2169.7823177,2169.77568051965,40485332190.0
2442.7834192,2442.777523838221,40485332190.0
949.85167623,949.836514680487,40485332190.0
9882.0320157,9882.030558369072,40485332190.0
5662.5999717,5662.597428447155,40485332190.0
4881.4878777,4881.48492763086,40485332190.0
2429.1032867,2429.097358111483,40485332190.0
8321.4643112,8321.462580553514,40485332190.0
4234.04857,4234.045168692705,40485332190.0
2478.973284,2478.9674747228582,40485332190.0
1258.1039396,1258.0924927761073,40485332190.0
12982.877835,12982.876725178117,40485332190.0
2566.3695475,2566.3639359427025,40485332190.0
2043.1529149,2043.1458663996802,40485332190.0
6873.0830984,6873.081003121424,40485332190.0
7055.0265571,7055.024515891151,40485332190.0
3165.6833698,3165.678820639548,40485332190.0
4007.4167109,4007.4131172825632,40485332190.0
3386.0538701,3386.049617119622,40485332190.0
10943.953069,10943.951752637222,40485332190.0
3107.739597,3107.7349630977074,40485332190.0
10478.050035,10478.048660385031,40485332190.0
6603.768037,6603.765856281726,40485332190.0
5120.4343021,5120.431489627863,40485332190.0
5958.7909569,5958.788540135382,40485332190.0
13958.234104,13958.233072334633,40485332190.0
3103.1240267,3103.119385859881,40485332190.0
5209.4273021,5209.424537678513,40485332190.0
4275.6309395,4275.627571303492,40485332190.0
1005.2593661,1005.2450401735155,40485332190.0
2970.5480962,2970.543248274676,40485332190.0
171.00667608,170.9224415994335,40485332190.0
15863.057375,15863.0564673206,40485332190.0
2890.2017713,2890.19678861798,40485332190.0
5184.2123901,5184.209612189701,40485332190.0
6726.0066492,6726.00450810046,40485332190.0
3395.6973954,3395.693154480471,40485332190.0
3596.2784332,3596.274428705684,40485332190.0
6383.3960264,6383.393770416533,40485332190.0
7557.68989,7557.687984423791,40485332190.0
8514.2810504,8514.279358915288,40485332190.0
344.12677832,344.0849275035533,40485332190.0
821.994266,821.9767460879702,40485332190.0
3260.5223729,3260.517956136631,40485332190.0
1880.9871466,1880.9794903998945,40485332190.0
4591.8086823,4591.805546080534,40485332190.0
2996.8021848,2996.797379374492,40485332190.0
6889.1196633,6889.117572910672,40485332190.0
6633.3293957,6633.327224694379,40485332190.0
2657.3628702,2657.3574508665774,40485332190.0
13959.864617,13959.8635853469,40485332190.0
3362.2031941,3362.1989108861126,40485332190.0
4669.8939782,4669.890894383468,40485332190.0
6655.6582094,6655.656045672728,40485332190.0
1509.3196614,1509.3101199570483,40485332190.0
1577.7135399,1577.7044120350733,40485332190.0
1760.9001588,1760.8919805042194,40485332190.0
6685.0919328,6685.089778591444,40485332190.0
4232.4660672,4232.462664661396,40485332190.0
10855.862132,10855.860805586408,40485332190.0
426.89206178,426.85832567211105,40485332190.0
8656.0920289,8656.09036523473,40485332190.0
3420.6340188,3420.6298087302657,40485332190.0
7550.5489383,7550.547031001935,40485332190.0
9646.6178083,9646.616315345309,40485332190.0
4488.4849376,4488.48172919206,40485332190.0
3327.1575147,3327.1531864394074,40485332190.0
2476.1704349,2476.164619053822,40485332190.0
3289.4143969,3289.410018836413,40485332190.0
2287.1776184,2287.1713219870303,40485332190.0
1193.9759847,1193.9639232214488,40485332190.0
4527.8011791,4527.797998506051,40485332190.0
2621.1595425,2621.154048355874,40485332190.0
3256.6911058,3256.686683760484,40485332190.0
11366.20495,11366.203683019163,40485332190.0
3190.7965568,3190.7920435526976,40485332190.0
865.93712419,865.9204933648487,40485332190.0
10638.377784,10638.37643035985,40485332190.0
839.73748208,839.7203323693334,40485332190.0
8465.6526059,8465.650904744605,40485332190.0
3508.6278628,3508.6237583227426,40485332190.0
837.2623779,837.2451774873356,40485332190.0
5394.9969718,5394.994302418179,40485332190.0
4853.1874148,4853.1844474255495,40485332190.0
1073.8842307,1073.8708202824591,40485332190.0
4898.1550814,4898.152141312043,40485332190.0
6001.1204719,6001.1180721818055,40485332190.0
7087.0892337,7087.087201649501,40485332190.0
10613.782701,10613.781344458144,40485332190.0
2747.3904347,2747.3851928974086,40485332190.0
1376.7345213,1376.7240609714363,40485332190.0
5641.5834895,5641.580936760038,40485332190.0
