mN (GeV),Ve^2,Total Width,BR Visible,ctau (m),N_events,Gamma_B0_NN_LNV,BR_B0_NN_LNV,Gamma_B0_NN_LNC,BR_B0_NN_LNC
0.1,1e-20,7.25e-39,0.369991138,2.72e+22,4.71e-11,1.2709700609921302e-21,2.9292944128305396e-09,3.788585590940895e-21,8.731820634240864e-09
0.1,1e-18,7.25e-37,0.369991138,2.72e+20,4.71e-09,1.2709700609921302e-21,2.9292944128305396e-09,3.788585590940895e-21,8.731820634240864e-09
0.1,1e-16,7.25e-35,0.369991138,2.72e+18,4.71e-07,1.2709700609921302e-21,2.9292944128305396e-09,3.788585590940895e-21,8.731820634240864e-09
0.1,1e-14,7.25e-33,0.369991138,2.72e+16,4.71e-05,1.2709700609921302e-21,2.9292944128305396e-09,3.788585590940895e-21,8.731820634240864e-09
0.1,1e-12,7.250000000000001e-31,0.369991138,271622000000000.0,0.00470668,1.2709700609921302e-21,2.9292944128305396e-09,3.788585590940895e-21,8.731820634240864e-09
0.1,1e-10,7.25e-29,0.369991138,2716220000000.0,0.470668011,1.2709700609921302e-21,2.9292944128305396e-09,3.788585590940895e-21,8.731820634240864e-09
0.1,1e-08,7.250000000000001e-27,0.369991138,27162187500.0,47.06680109,1.2709700609921302e-21,2.9292944128305396e-09,3.788585590940895e-21,8.731820634240864e-09
0.1,1e-06,7.25e-25,0.369991138,271621875.0,4706.680107,1.2709700609921302e-21,2.9292944128305396e-09,3.788585590940895e-21,8.731820634240864e-09
0.1,1e-05,7.249999999999999e-24,0.369991138,27162187.5,47066.80081,1.2709700609921302e-21,2.9292944128305396e-09,3.788585590940895e-21,8.731820634240864e-09
0.1,0.0001,7.249999999999999e-23,0.369991138,2716218.75,470667.9825,1.2709700609921302e-21,2.9292944128305396e-09,3.788585590940895e-21,8.731820634240864e-09
0.1,0.000562,4.08e-22,0.369991138,483312.9448,2645153.322,1.2709700609921302e-21,2.9292944128305396e-09,3.788585590940895e-21,8.731820634240864e-09
0.1,0.000316,2.29e-22,0.369991138,859562.8956,1487310.63,1.2709700609921302e-21,2.9292944128305396e-09,3.788585590940895e-21,8.731820634240864e-09
0.1,0.0001778,1.29e-22,0.369991138,1527682.087,836847.6334,1.2709700609921302e-21,2.9292944128305396e-09,3.788585590940895e-21,8.731820634240864e-09
0.1,0.001,7.25e-22,0.369991138,271621.875,4706677.262,1.2709700609921302e-21,2.9292944128305396e-09,3.788585590940895e-21,8.731820634240864e-09
0.1,0.00562,4.08e-21,0.369991138,48331.29448,26451452.29,1.2709700609921302e-21,2.9292944128305396e-09,3.788585590940895e-21,8.731820634240864e-09
0.1,0.00316,2.29e-21,0.369991138,85956.28956,14873080.72,1.2709700609921302e-21,2.9292944128305396e-09,3.788585590940895e-21,8.731820634240864e-09
0.1,0.001778,1.29e-21,0.369991138,152768.2087,8368468.234,1.2709700609921302e-21,2.9292944128305396e-09,3.788585590940895e-21,8.731820634240864e-09
0.1,0.01,7.25e-21,0.369991138,27162.1875,47066516.38,1.2709700609921302e-21,2.9292944128305396e-09,3.788585590940895e-21,8.731820634240864e-09
0.15,1e-20,1.69e-37,0.794752703,1.17e+21,3.54e-09,1.2698277324495965e-21,2.9266616076056482e-09,8.51665605274421e-21,1.962893836525823e-08
0.15,1e-18,1.6900000000000002e-35,0.794752703,1.17e+19,3.54e-07,1.2698277324495965e-21,2.9266616076056482e-09,8.51665605274421e-21,1.962893836525823e-08
0.15,1e-16,1.69e-33,0.794752703,1.17e+17,3.54e-05,1.2698277324495965e-21,2.9266616076056482e-09,8.51665605274421e-21,1.962893836525823e-08
0.15,1e-14,1.69e-31,0.794752703,1165560000000000.0,0.003535671,1.2698277324495965e-21,2.9266616076056482e-09,8.51665605274421e-21,1.962893836525823e-08
0.15,1e-12,1.6900000000000001e-29,0.794752703,11655600000000.0,0.353567064,1.2698277324495965e-21,2.9266616076056482e-09,8.51665605274421e-21,1.962893836525823e-08
0.15,1e-10,1.6900000000000003e-27,0.794752703,116556000000.0,35.35670639,1.2698277324495965e-21,2.9266616076056482e-09,8.51665605274421e-21,1.962893836525823e-08
0.15,1e-08,1.69e-25,0.794752703,1165560234.0,3535.670639,1.2698277324495965e-21,2.9266616076056482e-09,8.51665605274421e-21,1.962893836525823e-08
0.15,1e-06,1.69e-23,0.794752703,11655602.34,353567.0565,1.2698277324495965e-21,2.9266616076056482e-09,8.51665605274421e-21,1.962893836525823e-08
0.15,1e-05,1.69e-22,0.794752703,1165560.234,3535669.891,1.2698277324495965e-21,2.9266616076056482e-09,8.51665605274421e-21,1.962893836525823e-08
0.15,0.0001,1.6900000000000001e-21,0.794752703,116556.0234,35356631.6,1.2698277324495965e-21,2.9266616076056482e-09,8.51665605274421e-21,1.962893836525823e-08
0.15,0.000562,9.500000000000001e-21,0.794752703,20739.50594,198702327.6,1.2698277324495965e-21,2.9266616076056482e-09,8.51665605274421e-21,1.962893836525823e-08
0.15,0.000316,5.34e-21,0.794752703,36884.81753,111726445.3,1.2698277324495965e-21,2.9266616076056482e-09,8.51665605274421e-21,1.962893836525823e-08
0.15,0.0001778,3.01e-21,0.794752703,65554.56884,62863987.52,1.2698277324495965e-21,2.9266616076056482e-09,8.51665605274421e-21,1.962893836525823e-08
0.15,0.001,1.69e-20,0.794752703,11655.60234,353559584.5,1.2698277324495965e-21,2.9266616076056482e-09,8.51665605274421e-21,1.962893836525823e-08
0.15,0.00562,9.5e-20,0.794752703,2073.950594,1986810703.0,1.2698277324495965e-21,2.9266616076056482e-09,8.51665605274421e-21,1.962893836525823e-08
0.15,0.00316,5.34e-20,0.794752703,3688.481753,1117197241.0,1.2698277324495965e-21,2.9266616076056482e-09,8.51665605274421e-21,1.962893836525823e-08
0.15,0.001778,3.01e-20,0.794752703,6555.456884,628618595.8,1.2698277324495965e-21,2.9266616076056482e-09,8.51665605274421e-21,1.962893836525823e-08
0.15,0.01,1.69e-19,0.794752703,1165.560234,3534922924.0,1.2698277324495965e-21,2.9266616076056482e-09,8.51665605274421e-21,1.962893836525823e-08
0.2,1e-20,3.26e-36,0.95517466,6.04e+19,1.09e-07,1.2682267438915357e-21,2.92297169626779e-09,1.5121632571589306e-20,3.485189397007137e-08
0.2,1e-18,3.2599999999999997e-34,0.95517466,6.04e+17,1.09e-05,1.2682267438915357e-21,2.92297169626779e-09,1.5121632571589306e-20,3.485189397007137e-08
0.2,1e-16,3.2600000000000003e-32,0.95517466,6041160000000000.0,0.001093828,1.2682267438915357e-21,2.92297169626779e-09,1.5121632571589306e-20,3.485189397007137e-08
0.2,1e-14,3.26e-30,0.95517466,60411600000000.0,0.109382809,1.2682267438915357e-21,2.92297169626779e-09,1.5121632571589306e-20,3.485189397007137e-08
0.2,1e-12,3.26e-28,0.95517466,604116000000.0,10.93828094,1.2682267438915357e-21,2.92297169626779e-09,1.5121632571589306e-20,3.485189397007137e-08
0.2,1e-10,3.26e-26,0.95517466,6041163850.0,1093.828094,1.2682267438915357e-21,2.92297169626779e-09,1.5121632571589306e-20,3.485189397007137e-08
0.2,1e-08,3.26e-24,0.95517466,60411638.5,109382.8088,1.2682267438915357e-21,2.92297169626779e-09,1.5121632571589306e-20,3.485189397007137e-08
0.2,1e-06,3.26e-22,0.95517466,604116.385,10938274.99,1.2682267438915357e-21,2.92297169626779e-09,1.5121632571589306e-20,3.485189397007137e-08
0.2,1e-05,3.2600000000000002e-21,0.95517466,60411.6385,109382213.8,1.2682267438915357e-21,2.92297169626779e-09,1.5121632571589306e-20,3.485189397007137e-08
0.2,0.0001,3.26e-20,0.95517466,6041.16385,1093768535.0,1.2682267438915357e-21,2.92297169626779e-09,1.5121632571589306e-20,3.485189397007137e-08
0.2,0.000562,1.83e-19,0.95517466,1074.940187,6145433502.0,1.2682267438915357e-21,2.92297169626779e-09,1.5121632571589306e-20,3.485189397007137e-08
0.2,0.000316,1.03e-19,0.95517466,1911.760712,3455902156.0,1.2682267438915357e-21,2.92297169626779e-09,1.5121632571589306e-20,3.485189397007137e-08
0.2,0.0001778,5.8e-20,0.95517466,3397.729949,1944638081.0,1.2682267438915357e-21,2.92297169626779e-09,1.5121632571589306e-20,3.485189397007137e-08
0.2,0.001,3.26e-19,0.95517466,604.116385,10932329658.0,1.2682267438915357e-21,2.92297169626779e-09,1.5121632571589306e-20,3.485189397007137e-08
0.2,0.00562,1.83e-18,0.95517466,107.4940187,61285916560.0,1.2682267438915357e-21,2.92297169626779e-09,1.5121632571589306e-20,3.485189397007137e-08
0.2,0.00316,1.03e-18,0.95517466,191.1760712,34505651083.0,1.2682267438915357e-21,2.92297169626779e-09,1.5121632571589306e-20,3.485189397007137e-08
0.2,0.001778,5.8e-19,0.95517466,339.7729949,19429462426.0,1.2682267438915357e-21,2.92297169626779e-09,1.5121632571589306e-20,3.485189397007137e-08
0.2,0.01,3.26e-18,0.95517466,60.4116385,108792000000.0,1.2682267438915357e-21,2.92297169626779e-09,1.5121632571589306e-20,3.485189397007137e-08
0.25,1e-20,1.12e-35,0.960067784,1.76e+19,4.71e-07,1.2661653554766323e-21,2.918220668881876e-09,2.35891464359257e-20,5.4367570864933575e-08
0.25,1e-18,1.12e-33,0.960067784,1.76e+17,4.71e-05,1.2661653554766323e-21,2.918220668881876e-09,2.35891464359257e-20,5.4367570864933575e-08
0.25,1e-16,1.12e-31,0.960067784,1763540000000000.0,0.004711569,1.2661653554766323e-21,2.918220668881876e-09,2.35891464359257e-20,5.4367570864933575e-08
0.25,1e-14,1.1200000000000001e-29,0.960067784,17635400000000.0,0.471156907,1.2661653554766323e-21,2.918220668881876e-09,2.35891464359257e-20,5.4367570864933575e-08
0.25,1e-12,1.1200000000000001e-27,0.960067784,176354000000.0,47.11569068,1.2661653554766323e-21,2.918220668881876e-09,2.35891464359257e-20,5.4367570864933575e-08
0.25,1e-10,1.12e-25,0.960067784,1763542141.0,4711.569067,1.2661653554766323e-21,2.918220668881876e-09,2.35891464359257e-20,5.4367570864933575e-08
0.25,1e-08,1.1199999999999999e-23,0.960067784,17635421.41,471156.8958,1.2661653554766323e-21,2.918220668881876e-09,2.35891464359257e-20,5.4367570864933575e-08
0.25,1e-06,1.1200000000000002e-21,0.960067784,176354.2141,47115580.73,1.2661653554766323e-21,2.918220668881876e-09,2.35891464359257e-20,5.4367570864933575e-08
0.25,1e-05,1.12e-20,0.960067784,17635.42141,471145912.1,1.2661653554766323e-21,2.918220668881876e-09,2.35891464359257e-20,5.4367570864933575e-08
0.25,0.0001,1.12e-19,0.960067784,1763.542141,4710469964.0,1.2661653554766323e-21,2.918220668881876e-09,2.35891464359257e-20,5.4367570864933575e-08
0.25,0.000562,6.28e-19,0.960067784,313.7975339,26444362810.0,1.2661653554766323e-21,2.918220668881876e-09,2.35891464359257e-20,5.4367570864933575e-08
0.25,0.000316,3.53e-19,0.960067784,558.0829559,14877591799.0,1.2661653554766323e-21,2.918220668881876e-09,2.35891464359257e-20,5.4367570864933575e-08
0.25,0.0001778,1.99e-19,0.960067784,991.8684706,8373696221.0,1.2661653554766323e-21,2.918220668881876e-09,2.35891464359257e-20,5.4367570864933575e-08
0.25,0.001,1.12e-18,0.960067784,176.3542141,47006144670.0,1.2661653554766323e-21,2.918220668881876e-09,2.35891464359257e-20,5.4367570864933575e-08
0.25,0.00562,6.28e-18,0.960067784,31.37975339,261388000000.0,1.2661653554766323e-21,2.918220668881876e-09,2.35891464359257e-20,5.4367570864933575e-08
0.25,0.00316,3.53e-18,0.960067784,55.80829559,147800000000.0,1.2661653554766323e-21,2.918220668881876e-09,2.35891464359257e-20,5.4367570864933575e-08
0.25,0.001778,1.99e-18,0.960067784,99.18684706,83426380635.0,1.2661653554766323e-21,2.918220668881876e-09,2.35891464359257e-20,5.4367570864933575e-08
0.25,0.01,1.12e-17,0.960067784,17.63542141,460552000000.0,1.2661653554766323e-21,2.918220668881876e-09,2.35891464359257e-20,5.4367570864933575e-08
0.3,1e-20,2.5200000000000003e-35,0.955927763,7.82e+18,1.27e-06,1.2636413140447351e-21,2.9124033324306638e-09,3.3900656508725034e-20,7.81332359825826e-08
0.3,1e-18,2.52e-33,0.955927763,7.82e+16,0.000127045,1.2636413140447351e-21,2.9124033324306638e-09,3.3900656508725034e-20,7.81332359825826e-08
0.3,1e-16,2.5200000000000003e-31,0.955927763,782221000000000.0,0.01270452,1.2636413140447351e-21,2.9124033324306638e-09,3.3900656508725034e-20,7.81332359825826e-08
0.3,1e-14,2.5200000000000002e-29,0.955927763,7822210000000.0,1.270452,1.2636413140447351e-21,2.9124033324306638e-09,3.3900656508725034e-20,7.81332359825826e-08
0.3,1e-12,2.5200000000000003e-27,0.955927763,78222139627.0,127.0452,1.2636413140447351e-21,2.9124033324306638e-09,3.3900656508725034e-20,7.81332359825826e-08
0.3,1e-10,2.5199999999999998e-25,0.955927763,782221396.3,12704.51999,1.2636413140447351e-21,2.9124033324306638e-09,3.3900656508725034e-20,7.81332359825826e-08
0.3,1e-08,2.52e-23,0.955927763,7822213.963,1270451.92,1.2636413140447351e-21,2.9124033324306638e-09,3.3900656508725034e-20,7.81332359825826e-08
0.3,1e-06,2.5200000000000004e-21,0.955927763,78222.13963,127044397.1,1.2636413140447351e-21,2.9124033324306638e-09,3.3900656508725034e-20,7.81332359825826e-08
0.3,1e-05,2.52e-20,0.955927763,7822.213963,1270371718.0,1.2636413140447351e-21,2.9124033324306638e-09,3.3900656508725034e-20,7.81332359825826e-08
0.3,0.0001,2.52e-19,0.955927763,782.2213963,12696499029.0,1.2636413140447351e-21,2.9124033324306638e-09,3.3900656508725034e-20,7.81332359825826e-08
0.3,0.000562,1.42e-18,0.955927763,139.1853018,71147229762.0,1.2636413140447351e-21,2.9124033324306638e-09,3.3900656508725034e-20,7.81332359825826e-08
0.3,0.000316,7.96e-19,0.955927763,247.5384165,40066361679.0,1.2636413140447351e-21,2.9124033324306638e-09,3.3900656508725034e-20,7.81332359825826e-08
0.3,0.0001778,4.48e-19,0.955927763,439.9445423,22563299717.0,1.2636413140447351e-21,2.9124033324306638e-09,3.3900656508725034e-20,7.81332359825826e-08
0.3,0.001,2.52e-18,0.955927763,78.22213963,126250000000.0,1.2636413140447351e-21,2.9124033324306638e-09,3.3900656508725034e-20,7.81332359825826e-08
0.3,0.00562,1.42e-17,0.955927763,13.91853018,689974000000.0,1.2636413140447351e-21,2.9124033324306638e-09,3.3900656508725034e-20,7.81332359825826e-08
0.3,0.00316,7.96e-18,0.955927763,24.75384165,393690000000.0,1.2636413140447351e-21,2.9124033324306638e-09,3.3900656508725034e-20,7.81332359825826e-08
0.3,0.001778,4.48e-18,0.955927763,43.99445423,223392000000.0,1.2636413140447351e-21,2.9124033324306638e-09,3.3900656508725034e-20,7.81332359825826e-08
0.3,0.01,2.52e-17,0.955927763,7.822213963,1197360000000.0,1.2636413140447351e-21,2.9124033324306638e-09,3.3900656508725034e-20,7.81332359825826e-08
0.35,1e-20,4.6900000000000003e-35,0.948871031,4.2e+18,2.74e-06,1.2606518406665819e-21,2.905513282119727e-09,4.603339797707339e-20,1.0609642165180845e-07
0.35,1e-18,4.69e-33,0.948871031,4.2e+16,0.000274427,1.2606518406665819e-21,2.905513282119727e-09,4.603339797707339e-20,1.0609642165180845e-07
0.35,1e-16,4.6900000000000005e-31,0.948871031,419858000000000.0,0.027442676,1.2606518406665819e-21,2.905513282119727e-09,4.603339797707339e-20,1.0609642165180845e-07
0.35,1e-14,4.69e-29,0.948871031,4198580000000.0,2.744267631,1.2606518406665819e-21,2.905513282119727e-09,4.603339797707339e-20,1.0609642165180845e-07
0.35,1e-12,4.69e-27,0.948871031,41985831243.0,274.4267631,1.2606518406665819e-21,2.905513282119727e-09,4.603339797707339e-20,1.0609642165180845e-07
0.35,1e-10,4.69e-25,0.948871031,419858312.4,27442.67628,1.2606518406665819e-21,2.905513282119727e-09,4.603339797707339e-20,1.0609642165180845e-07
0.35,1e-08,4.6899999999999994e-23,0.948871031,4198583.124,2744267.254,1.2606518406665819e-21,2.905513282119727e-09,4.603339797707339e-20,1.0609642165180845e-07
0.35,1e-06,4.6900000000000004e-21,0.948871031,41985.83124,274422989.1,1.2606518406665819e-21,2.905513282119727e-09,4.603339797707339e-20,1.0609642165180845e-07
0.35,1e-05,4.69e-20,0.948871031,4198.583124,2743890301.0,1.2606518406665819e-21,2.905513282119727e-09,4.603339797707339e-20,1.0609642165180845e-07
0.35,0.0001,4.69e-19,0.948871031,419.8583124,27405017155.0,1.2606518406665819e-21,2.905513282119727e-09,4.603339797707339e-20,1.0609642165180845e-07
0.35,0.000562,2.64e-18,0.948871031,74.70788477,153050000000.0,1.2606518406665819e-21,2.905513282119727e-09,4.603339797707339e-20,1.0609642165180845e-07
0.35,0.000316,1.48e-18,0.948871031,132.8665546,86344564213.0,1.2606518406665819e-21,2.905513282119727e-09,4.603339797707339e-20,1.0609642165180845e-07
0.35,0.0001778,8.34e-19,0.948871031,236.1407831,48674228169.0,1.2606518406665819e-21,2.905513282119727e-09,4.603339797707339e-20,1.0609642165180845e-07
0.35,0.001,4.69e-18,0.948871031,41.98583124,270733000000.0,1.2606518406665819e-21,2.905513282119727e-09,4.603339797707339e-20,1.0609642165180845e-07
0.35,0.00562,2.64e-17,0.948871031,7.470788477,1435830000000.0,1.2606518406665819e-21,2.905513282119727e-09,4.603339797707339e-20,1.0609642165180845e-07
0.35,0.00316,1.48e-17,0.948871031,13.28665546,831904000000.0,1.2606518406665819e-21,2.905513282119727e-09,4.603339797707339e-20,1.0609642165180845e-07
0.35,0.001778,8.34e-18,0.948871031,23.61407831,476442000000.0,1.2606518406665819e-21,2.905513282119727e-09,4.603339797707339e-20,1.0609642165180845e-07
0.35,0.01,4.69e-17,0.948871031,4.198583124,2432200000000.0,1.2606518406665819e-21,2.905513282119727e-09,4.603339797707339e-20,1.0609642165180845e-07
0.4,1e-20,7.83e-35,0.940275074,2.52e+18,5.19e-06,1.257193615102811e-21,2.897542865559046e-09,5.99603186433314e-20,1.3819477876319314e-07
0.4,1e-18,7.83e-33,0.940275074,2.52e+16,0.000519431,1.257193615102811e-21,2.897542865559046e-09,5.99603186433314e-20,1.3819477876319314e-07
0.4,1e-16,7.83e-31,0.940275074,251556000000000.0,0.051943052,1.257193615102811e-21,2.897542865559046e-09,5.99603186433314e-20,1.3819477876319314e-07
0.4,1e-14,7.83e-29,0.940275074,2515560000000.0,5.194305197,1.257193615102811e-21,2.897542865559046e-09,5.99603186433314e-20,1.3819477876319314e-07
0.4,1e-12,7.83e-27,0.940275074,25155612523.0,519.4305197,1.257193615102811e-21,2.897542865559046e-09,5.99603186433314e-20,1.3819477876319314e-07
0.4,1e-10,7.83e-25,0.940275074,251556125.2,51943.05183,1.257193615102811e-21,2.897542865559046e-09,5.99603186433314e-20,1.3819477876319314e-07
0.4,1e-08,7.83e-23,0.940275074,2515561.252,5194303.832,1.257193615102811e-21,2.897542865559046e-09,5.99603186433314e-20,1.3819477876319314e-07
0.4,1e-06,7.83e-21,0.940275074,25155.61252,519416875.3,1.257193615102811e-21,2.897542865559046e-09,5.99603186433314e-20,1.3819477876319314e-07
0.4,1e-05,7.83e-20,0.940275074,2515.561252,5192941274.0,1.257193615102811e-21,2.897542865559046e-09,5.99603186433314e-20,1.3819477876319314e-07
0.4,0.0001,7.83e-19,0.940275074,251.5561252,51807168437.0,1.257193615102811e-21,2.897542865559046e-09,5.99603186433314e-20,1.3819477876319314e-07
0.4,0.000562,4.4e-18,0.940275074,44.76087638,287708000000.0,1.257193615102811e-21,2.897542865559046e-09,5.99603186433314e-20,1.3819477876319314e-07
0.4,0.000316,2.47e-18,0.940275074,79.60636875,162795000000.0,1.257193615102811e-21,2.897542865559046e-09,5.99603186433314e-20,1.3819477876319314e-07
0.4,0.0001778,1.39e-18,0.940275074,141.4826351,91926558987.0,1.257193615102811e-21,2.897542865559046e-09,5.99603186433314e-20,1.3819477876319314e-07
0.4,0.001,7.83e-18,0.940275074,25.15561252,506327000000.0,1.257193615102811e-21,2.897542865559046e-09,5.99603186433314e-20,1.3819477876319314e-07
0.4,0.00562,4.4e-17,0.940275074,4.476087638,2567120000000.0,1.257193615102811e-21,2.897542865559046e-09,5.99603186433314e-20,1.3819477876319314e-07
0.4,0.00316,2.47e-17,0.940275074,7.960636875,1520660000000.0,1.257193615102811e-21,2.897542865559046e-09,5.99603186433314e-20,1.3819477876319314e-07
0.4,0.001778,1.39e-17,0.940275074,14.14826351,883350000000.0,1.257193615102811e-21,2.897542865559046e-09,5.99603186433314e-20,1.3819477876319314e-07
0.4,0.01,7.83e-17,0.940275074,2.515561252,4208900000000.0,1.257193615102811e-21,2.897542865559046e-09,5.99603186433314e-20,1.3819477876319314e-07
0.45,1e-20,1.22e-34,0.930708146,1.62e+18,9e-06,1.2532627569661546e-21,2.888483139346181e-09,7.565000208165268e-20,1.7435589966251458e-07
0.45,1e-18,1.22e-32,0.930708146,1.62e+16,0.000899804,1.2532627569661546e-21,2.888483139346181e-09,7.565000208165268e-20,1.7435589966251458e-07
0.45,1e-16,1.22e-30,0.930708146,161958000000000.0,0.089980401,1.2532627569661546e-21,2.888483139346181e-09,7.565000208165268e-20,1.7435589966251458e-07
0.45,1e-14,1.22e-28,0.930708146,1619580000000.0,8.998040101,1.2532627569661546e-21,2.888483139346181e-09,7.565000208165268e-20,1.7435589966251458e-07
0.45,1e-12,1.22e-26,0.930708146,16195751405.0,899.8040101,1.2532627569661546e-21,2.888483139346181e-09,7.565000208165268e-20,1.7435589966251458e-07
0.45,1e-10,1.2199999999999999e-24,0.930708146,161957514.0,89980.4006,1.2532627569661546e-21,2.888483139346181e-09,7.565000208165268e-20,1.7435589966251458e-07
0.45,1e-08,1.22e-22,0.930708146,1619575.14,8998035.965,1.2532627569661546e-21,2.888483139346181e-09,7.565000208165268e-20,1.7435589966251458e-07
0.45,1e-06,1.22e-20,0.930708146,16195.7514,899762646.2,1.2532627569661546e-21,2.888483139346181e-09,7.565000208165268e-20,1.7435589966251458e-07
0.45,1e-05,1.22e-19,0.930708146,1619.57514,8993906423.0,1.2532627569661546e-21,2.888483139346181e-09,7.565000208165268e-20,1.7435589966251458e-07
0.45,0.0001,1.22e-18,0.930708146,161.957514,89569721673.0,1.2532627569661546e-21,2.888483139346181e-09,7.565000208165268e-20,1.7435589966251458e-07
0.45,0.000562,6.84e-18,0.930708146,28.818063,493135000000.0,1.2532627569661546e-21,2.888483139346181e-09,7.565000208165268e-20,1.7435589966251458e-07
0.45,0.000316,3.84e-18,0.930708146,51.25237786,280300000000.0,1.2532627569661546e-21,2.888483139346181e-09,7.565000208165268e-20,1.7435589966251458e-07
0.45,0.0001778,2.16e-18,0.930708146,91.08971544,158694000000.0,1.2532627569661546e-21,2.888483139346181e-09,7.565000208165268e-20,1.7435589966251458e-07
0.45,0.001,1.22e-17,0.930708146,16.1957514,861214000000.0,1.2532627569661546e-21,2.888483139346181e-09,7.565000208165268e-20,1.7435589966251458e-07
0.45,0.00562,6.84e-17,0.930708146,2.8818063,4109350000000.0,1.2532627569661546e-21,2.888483139346181e-09,7.565000208165268e-20,1.7435589966251458e-07
0.45,0.00316,3.84e-17,0.930708146,5.125237786,2504980000000.0,1.2532627569661546e-21,2.888483139346181e-09,7.565000208165268e-20,1.7435589966251458e-07
0.45,0.001778,2.16e-17,0.930708146,9.108971544,1483770000000.0,1.2532627569661546e-21,2.888483139346181e-09,7.565000208165268e-20,1.7435589966251458e-07
0.45,0.01,1.22e-16,0.930708146,1.61957514,6469100000000.0,1.2532627569661546e-21,2.888483139346181e-09,7.565000208165268e-20,1.7435589966251458e-07
0.5,1e-20,1.7999999999999998e-34,0.92050712,1.1e+18,1.46e-05,1.2488548033320114e-21,2.8783238174637816e-09,9.306657682769523e-20,2.1449710885386455e-07
0.5,1e-18,1.8e-32,0.92050712,1.1e+16,0.001462237,1.2488548033320114e-21,2.8783238174637816e-09,9.306657682769523e-20,2.1449710885386455e-07
0.5,1e-16,1.7999999999999998e-30,0.92050712,109714000000000.0,0.146223658,1.2488548033320114e-21,2.8783238174637816e-09,9.306657682769523e-20,2.1449710885386455e-07
0.5,1e-14,1.8e-28,0.92050712,1097140000000.0,14.62236575,1.2488548033320114e-21,2.8783238174637816e-09,9.306657682769523e-20,2.1449710885386455e-07
0.5,1e-12,1.8e-26,0.92050712,10971381294.0,1462.236575,1.2488548033320114e-21,2.8783238174637816e-09,9.306657682769523e-20,2.1449710885386455e-07
0.5,1e-10,1.8e-24,0.92050712,109713812.9,146223.6564,1.2488548033320114e-21,2.8783238174637816e-09,9.306657682769523e-20,2.1449710885386455e-07
0.5,1e-08,1.8000000000000001e-22,0.92050712,1097138.129,14622354.71,1.2488548033320114e-21,2.8783238174637816e-09,9.306657682769523e-20,2.1449710885386455e-07
0.5,1e-06,1.8e-20,0.92050712,10971.38129,1462126135.0,1.2488548033320114e-21,2.8783238174637816e-09,9.306657682769523e-20,2.1449710885386455e-07
0.5,1e-05,1.8e-19,0.92050712,1097.138129,14611333624.0,1.2488548033320114e-21,2.8783238174637816e-09,9.306657682769523e-20,2.1449710885386455e-07
0.5,0.0001,1.8e-18,0.92050712,109.7138129,145132000000.0,1.2488548033320114e-21,2.8783238174637816e-09,9.306657682769523e-20,2.1449710885386455e-07
0.5,0.000562,1.01e-17,0.92050712,19.52203077,789067000000.0,1.2488548033320114e-21,2.8783238174637816e-09,9.306657682769523e-20,2.1449710885386455e-07
0.5,0.000316,5.67e-18,0.92050712,34.71956106,451437000000.0,1.2488548033320114e-21,2.8783238174637816e-09,9.306657682769523e-20,2.1449710885386455e-07
0.5,0.0001778,3.19e-18,0.92050712,61.70630649,256566000000.0,1.2488548033320114e-21,2.8783238174637816e-09,9.306657682769523e-20,2.1449710885386455e-07
0.5,0.001,1.8e-17,0.92050712,10.97138129,1363370000000.0,1.2488548033320114e-21,2.8783238174637816e-09,9.306657682769523e-20,2.1449710885386455e-07
0.5,0.00562,1.01e-16,0.92050712,1.952203077,6027490000000.0,1.2488548033320114e-21,2.8783238174637816e-09,9.306657682769523e-20,2.1449710885386455e-07
0.5,0.00316,5.67e-17,0.92050712,3.471956106,3804980000000.0,1.2488548033320114e-21,2.8783238174637816e-09,9.306657682769523e-20,2.1449710885386455e-07
0.5,0.001778,3.19e-17,0.92050712,6.170630649,2310010000000.0,1.2488548033320114e-21,2.8783238174637816e-09,9.306657682769523e-20,2.1449710885386455e-07
0.5,0.01,1.8e-16,0.92050712,1.097138129,9024330000000.0,1.2488548033320114e-21,2.8783238174637816e-09,9.306657682769523e-20,2.1449710885386455e-07
0.55,1e-20,2.57e-34,0.910698736,7.65e+17,2.29e-05,1.2439646824875552e-21,2.8670532107773032e-09,1.121696105949125e-19,2.585252191924677e-07
0.55,1e-18,2.57e-32,0.910698736,7652940000000000.0,0.002285778,1.2439646824875552e-21,2.8670532107773032e-09,1.121696105949125e-19,2.585252191924677e-07
0.55,1e-16,2.5699999999999997e-30,0.910698736,76529400000000.0,0.228577836,1.2439646824875552e-21,2.8670532107773032e-09,1.121696105949125e-19,2.585252191924677e-07
0.55,1e-14,2.57e-28,0.910698736,765294000000.0,22.85778362,1.2439646824875552e-21,2.8670532107773032e-09,1.121696105949125e-19,2.585252191924677e-07
0.55,1e-12,2.5700000000000002e-26,0.910698736,7652942564.0,2285.778361,1.2439646824875552e-21,2.8670532107773032e-09,1.121696105949125e-19,2.585252191924677e-07
0.55,1e-10,2.5699999999999997e-24,0.910698736,76529425.64,228577.8334,1.2439646824875552e-21,2.8670532107773032e-09,1.121696105949125e-19,2.585252191924677e-07
0.55,1e-08,2.57e-22,0.910698736,765294.2564,22857756.34,1.2439646824875552e-21,2.8670532107773032e-09,1.121696105949125e-19,2.585252191924677e-07
0.55,1e-06,2.57e-20,0.910698736,7652.942564,2285505601.0,1.2439646824875552e-21,2.8670532107773032e-09,1.121696105949125e-19,2.585252191924677e-07
0.55,1e-05,2.57e-19,0.910698736,765.2942564,22830553853.0,1.2439646824875552e-21,2.8670532107773032e-09,1.121696105949125e-19,2.585252191924677e-07
0.55,0.0001,2.57e-18,0.910698736,76.52942564,225900000000.0,1.2439646824875552e-21,2.8670532107773032e-09,1.121696105949125e-19,2.585252191924677e-07
0.55,0.000562,1.45e-17,0.910698736,13.61733552,1206580000000.0,1.2439646824875552e-21,2.8670532107773032e-09,1.121696105949125e-19,2.585252191924677e-07
0.55,0.000316,8.13e-18,0.910698736,24.21817267,696586000000.0,1.2439646824875552e-21,2.8670532107773032e-09,1.121696105949125e-19,2.585252191924677e-07
0.55,0.0001778,4.58e-18,0.910698736,43.04242162,398066000000.0,1.2439646824875552e-21,2.8670532107773032e-09,1.121696105949125e-19,2.585252191924677e-07
0.55,0.001,2.57e-17,0.910698736,7.652942564,2055120000000.0,1.2439646824875552e-21,2.8670532107773032e-09,1.121696105949125e-19,2.585252191924677e-07
0.55,0.00562,1.45e-16,0.910698736,1.361733552,8263080000000.0,1.2439646824875552e-21,2.8670532107773032e-09,1.121696105949125e-19,2.585252191924677e-07
0.55,0.00316,8.13e-17,0.910698736,2.421817267,5446900000000.0,1.2439646824875552e-21,2.8670532107773032e-09,1.121696105949125e-19,2.585252191924677e-07
0.55,0.001778,4.58e-17,0.910698736,4.304242162,3408600000000.0,1.2439646824875552e-21,2.8670532107773032e-09,1.121696105949125e-19,2.585252191924677e-07
0.55,0.01,2.57e-16,0.910698736,0.765294256,11609800000000.0,1.2439646824875552e-21,2.8670532107773032e-09,1.121696105949125e-19,2.585252191924677e-07
0.6,1e-20,3.6199999999999997e-34,0.901916197,5.44e+17,3.48e-05,1.2385866834465764e-21,2.8546581567737105e-09,1.329139883133541e-19,3.063362507920968e-07
0.6,1e-18,3.62e-32,0.901916197,5440340000000000.0,0.003481334,1.2385866834465764e-21,2.8546581567737105e-09,1.329139883133541e-19,3.063362507920968e-07
0.6,1e-16,3.6199999999999995e-30,0.901916197,54403400000000.0,0.34813343,1.2385866834465764e-21,2.8546581567737105e-09,1.329139883133541e-19,3.063362507920968e-07
0.6,1e-14,3.6199999999999997e-28,0.901916197,544034000000.0,34.81334303,1.2385866834465764e-21,2.8546581567737105e-09,1.329139883133541e-19,3.063362507920968e-07
0.6,1e-12,3.62e-26,0.901916197,5440342517.0,3481.334302,1.2385866834465764e-21,2.8546581567737105e-09,1.329139883133541e-19,3.063362507920968e-07
0.6,1e-10,3.62e-24,0.901916197,54403425.17,348133.4239,1.2385866834465764e-21,2.8546581567737105e-09,1.329139883133541e-19,3.063362507920968e-07
0.6,1e-08,3.62e-22,0.901916197,544034.2517,34813279.13,1.2385866834465764e-21,2.8546581567737105e-09,1.329139883133541e-19,3.063362507920968e-07
0.6,1e-06,3.62e-20,0.901916197,5440.342517,3480695495.0,1.2385866834465764e-21,2.8546581567737105e-09,1.329139883133541e-19,3.063362507920968e-07
0.6,1e-05,3.62e-19,0.901916197,544.0342517,34749628970.0,1.2385866834465764e-21,2.8546581567737105e-09,1.329139883133541e-19,3.063362507920968e-07
0.6,0.0001,3.62e-18,0.901916197,54.40342517,341923000000.0,1.2385866834465764e-21,2.8546581567737105e-09,1.329139883133541e-19,3.063362507920968e-07
0.6,0.000562,2.04e-17,0.901916197,9.680324763,1782330000000.0,1.2385866834465764e-21,2.8546581567737105e-09,1.329139883133541e-19,3.063362507920968e-07
0.6,0.000316,1.14e-17,0.901916197,17.21627379,1041590000000.0,1.2385866834465764e-21,2.8546581567737105e-09,1.329139883133541e-19,3.063362507920968e-07
0.6,0.0001778,6.44e-18,0.901916197,30.5981019,599766000000.0,1.2385866834465764e-21,2.8546581567737105e-09,1.329139883133541e-19,3.063362507920968e-07
0.6,0.001,3.62e-17,0.901916197,5.440342517,2980350000000.0,1.2385866834465764e-21,2.8546581567737105e-09,1.329139883133541e-19,3.063362507920968e-07
0.6,0.00562,2.04e-16,0.901916197,0.968032476,10645400000000.0,1.2385866834465764e-21,2.8546581567737105e-09,1.329139883133541e-19,3.063362507920968e-07
0.6,0.00316,1.14e-16,0.901916197,1.721627379,7411320000000.0,1.2385866834465764e-21,2.8546581567737105e-09,1.329139883133541e-19,3.063362507920968e-07
0.6,0.001778,6.44e-17,0.901916197,3.05981019,4814510000000.0,1.2385866834465764e-21,2.8546581567737105e-09,1.329139883133541e-19,3.063362507920968e-07
0.6,0.01,3.62e-16,0.901916197,0.544034252,13806500000000.0,1.2385866834465764e-21,2.8546581567737105e-09,1.329139883133541e-19,3.063362507920968e-07
0.65,1e-20,4.99e-34,0.893813069,3.95e+17,5.16e-05,1.232714420784438e-21,2.8411239385141177e-09,1.552497725610241e-19,3.578151093513727e-07
0.65,1e-18,4.990000000000001e-32,0.893813069,3947210000000000.0,0.005163468,1.232714420784438e-21,2.8411239385141177e-09,1.552497725610241e-19,3.578151093513727e-07
0.65,1e-16,4.9899999999999994e-30,0.893813069,39472100000000.0,0.516346787,1.232714420784438e-21,2.8411239385141177e-09,1.552497725610241e-19,3.578151093513727e-07
0.65,1e-14,4.99e-28,0.893813069,394721000000.0,51.63467867,1.232714420784438e-21,2.8411239385141177e-09,1.552497725610241e-19,3.578151093513727e-07
0.65,1e-12,4.99e-26,0.893813069,3947209646.0,5163.467865,1.232714420784438e-21,2.8411239385141177e-09,1.552497725610241e-19,3.578151093513727e-07
0.65,1e-10,4.9899999999999995e-24,0.893813069,39472096.46,516346.7725,1.232714420784438e-21,2.8411239385141177e-09,1.552497725610241e-19,3.578151093513727e-07
0.65,1e-08,4.99e-22,0.893813069,394720.9646,51634536.82,1.232714420784438e-21,2.8411239385141177e-09,1.552497725610241e-19,3.578151093513727e-07
0.65,1e-06,4.99e-20,0.893813069,3947.209646,5162050054.0,1.232714420784438e-21,2.8411239385141177e-09,1.552497725610241e-19,3.578151093513727e-07
0.65,1e-05,4.99e-19,0.893813069,394.7209646,51493450332.0,1.232714420784438e-21,2.8411239385141177e-09,1.552497725610241e-19,3.578151093513727e-07
0.65,0.0001,4.99e-18,0.893813069,39.47209646,502750000000.0,1.232714420784438e-21,2.8411239385141177e-09,1.552497725610241e-19,3.578151093513727e-07
0.65,0.000562,2.8e-17,0.893813069,7.023504709,2538770000000.0,1.232714420784438e-21,2.8411239385141177e-09,1.552497725610241e-19,3.578151093513727e-07
0.65,0.000316,1.58e-17,0.893813069,12.49116977,1506780000000.0,1.232714420784438e-21,2.8411239385141177e-09,1.552497725610241e-19,3.578151093513727e-07
0.65,0.0001778,8.87e-18,0.893813069,22.20027923,876406000000.0,1.232714420784438e-21,2.8411239385141177e-09,1.552497725610241e-19,3.578151093513727e-07
0.65,0.001,4.99e-17,0.893813069,3.947209646,4150890000000.0,1.232714420784438e-21,2.8411239385141177e-09,1.552497725610241e-19,3.578151093513727e-07
0.65,0.00562,2.8e-16,0.893813069,0.702350471,12822200000000.0,1.232714420784438e-21,2.8411239385141177e-09,1.552497725610241e-19,3.578151093513727e-07
0.65,0.00316,1.58e-16,0.893813069,1.249116977,9550850000000.0,1.232714420784438e-21,2.8411239385141177e-09,1.552497725610241e-19,3.578151093513727e-07
0.65,0.001778,8.87e-17,0.893813069,2.220027923,6495960000000.0,1.232714420784438e-21,2.8411239385141177e-09,1.552497725610241e-19,3.578151093513727e-07
0.65,0.01,4.99e-16,0.893813069,0.394720965,15096300000000.0,1.232714420784438e-21,2.8411239385141177e-09,1.552497725610241e-19,3.578151093513727e-07
0.7,1e-20,6.73e-34,0.885972342,2.93e+17,7.45e-05,1.226340794262563e-21,2.826434191577496e-09,1.7912204469700044e-19,4.128352200020505e-07
0.7,1e-18,6.730000000000001e-32,0.885972342,2926220000000000.0,0.00745401,1.226340794262563e-21,2.826434191577496e-09,1.7912204469700044e-19,4.128352200020505e-07
0.7,1e-16,6.73e-30,0.885972342,29262200000000.0,0.745400992,1.226340794262563e-21,2.826434191577496e-09,1.7912204469700044e-19,4.128352200020505e-07
0.7,1e-14,6.73e-28,0.885972342,292622000000.0,74.54009925,1.226340794262563e-21,2.826434191577496e-09,1.7912204469700044e-19,4.128352200020505e-07
0.7,1e-12,6.73e-26,0.885972342,2926216611.0,7454.009922,1.226340794262563e-21,2.826434191577496e-09,1.7912204469700044e-19,4.128352200020505e-07
0.7,1e-10,6.729999999999999e-24,0.885972342,29262166.11,745400.9626,1.226340794262563e-21,2.826434191577496e-09,1.7912204469700044e-19,4.128352200020505e-07
0.7,1e-08,6.73e-22,0.885972342,292621.6611,74539801.03,1.226340794262563e-21,2.826434191577496e-09,1.7912204469700044e-19,4.128352200020505e-07
0.7,1e-06,6.73e-20,0.885972342,2926.216611,7451029650.0,1.226340794262563e-21,2.826434191577496e-09,1.7912204469700044e-19,4.128352200020505e-07
0.7,1e-05,6.73e-19,0.885972342,292.6216611,74243760468.0,1.226340794262563e-21,2.826434191577496e-09,1.7912204469700044e-19,4.128352200020505e-07
0.7,0.0001,6.73e-18,0.885972342,29.26216611,717340000000.0,1.226340794262563e-21,2.826434191577496e-09,1.7912204469700044e-19,4.128352200020505e-07
0.7,0.000562,3.78e-17,0.885972342,5.206791123,3482630000000.0,1.226340794262563e-21,2.826434191577496e-09,1.7912204469700044e-19,4.128352200020505e-07
0.7,0.000316,2.13e-17,0.885972342,9.260179148,2105890000000.0,1.226340794262563e-21,2.826434191577496e-09,1.7912204469700044e-19,4.128352200020505e-07
0.7,0.0001778,1.2e-17,0.885972342,16.4579112,1240430000000.0,1.226340794262563e-21,2.826434191577496e-09,1.7912204469700044e-19,4.128352200020505e-07
0.7,0.001,6.73e-17,0.885972342,2.926216611,5545420000000.0,1.226340794262563e-21,2.826434191577496e-09,1.7912204469700044e-19,4.128352200020505e-07
0.7,0.00562,3.78e-16,0.885972342,0.520679112,14392600000000.0,1.226340794262563e-21,2.826434191577496e-09,1.7912204469700044e-19,4.128352200020505e-07
0.7,0.00316,2.13e-16,0.885972342,0.926017915,11620700000000.0,1.226340794262563e-21,2.826434191577496e-09,1.7912204469700044e-19,4.128352200020505e-07
0.7,0.001778,1.2e-16,0.885972342,1.64579112,8355850000000.0,1.226340794262563e-21,2.826434191577496e-09,1.7912204469700044e-19,4.128352200020505e-07
0.7,0.01,6.73e-16,0.885972342,0.292621661,15153900000000.0,1.226340794262563e-21,2.826434191577496e-09,1.7912204469700044e-19,4.128352200020505e-07
0.75,1e-20,8.9e-34,0.878223429,2.21e+17,0.000104954,1.21945794261182e-21,2.8105707975419794e-09,2.044707247017107e-19,4.7125811208218637e-07
0.75,1e-18,8.900000000000001e-32,0.878223429,2213320000000000.0,0.010495385,1.21945794261182e-21,2.8105707975419794e-09,2.044707247017107e-19,4.7125811208218637e-07
0.75,1e-16,8.9e-30,0.878223429,22133200000000.0,1.049538511,1.21945794261182e-21,2.8105707975419794e-09,2.044707247017107e-19,4.7125811208218637e-07
0.75,1e-14,8.9e-28,0.878223429,221332000000.0,104.9538511,1.21945794261182e-21,2.8105707975419794e-09,2.044707247017107e-19,4.7125811208218637e-07
0.75,1e-12,8.9e-26,0.878223429,2213320693.0,10495.3851,1.21945794261182e-21,2.8105707975419794e-09,2.044707247017107e-19,4.7125811208218637e-07
0.75,1e-10,8.899999999999999e-24,0.878223429,22133206.93,1049538.451,1.21945794261182e-21,2.8105707975419794e-09,2.044707247017107e-19,4.7125811208218637e-07
0.75,1e-08,8.9e-22,0.878223429,221332.0693,104953254.6,1.21945794261182e-21,2.8105707975419794e-09,2.044707247017107e-19,4.7125811208218637e-07
0.75,1e-06,8.9e-20,0.878223429,2213.320693,10489426112.0,1.21945794261182e-21,2.8105707975419794e-09,2.044707247017107e-19,4.7125811208218637e-07
0.75,1e-05,8.9e-19,0.878223429,221.3320693,104363000000.0,1.21945794261182e-21,2.8105707975419794e-09,2.044707247017107e-19,4.7125811208218637e-07
0.75,0.0001,8.9e-18,0.878223429,22.13320693,994753000000.0,1.21945794261182e-21,2.8105707975419794e-09,2.044707247017107e-19,4.7125811208218637e-07
0.75,0.000562,5e-17,0.878223429,3.938293048,4607900000000.0,1.21945794261182e-21,2.8105707975419794e-09,2.044707247017107e-19,4.7125811208218637e-07
0.75,0.000316,2.81e-17,0.878223429,7.004179408,2847530000000.0,1.21945794261182e-21,2.8105707975419794e-09,2.044707247017107e-19,4.7125811208218637e-07
0.75,0.0001778,1.58e-17,0.878223429,12.44837285,1702910000000.0,1.21945794261182e-21,2.8105707975419794e-09,2.044707247017107e-19,4.7125811208218637e-07
0.75,0.001,8.9e-17,0.878223429,2.213320693,7114220000000.0,1.21945794261182e-21,2.8105707975419794e-09,2.044707247017107e-19,4.7125811208218637e-07
0.75,0.00562,5e-16,0.878223429,0.393829305,15058200000000.0,1.21945794261182e-21,2.8105707975419794e-09,2.044707247017107e-19,4.7125811208218637e-07
0.75,0.00316,2.81e-16,0.878223429,0.700417941,13343200000000.0,1.21945794261182e-21,2.8105707975419794e-09,2.044707247017107e-19,4.7125811208218637e-07
0.75,0.001778,1.58e-16,0.878223429,1.244837285,10247500000000.0,1.21945794261182e-21,2.8105707975419794e-09,2.044707247017107e-19,4.7125811208218637e-07
0.75,0.01,8.9e-16,0.878223429,0.221332069,14003100000000.0,1.21945794261182e-21,2.8105707975419794e-09,2.044707247017107e-19,4.7125811208218637e-07
0.8,1e-20,1.17e-33,0.87226248,1.68e+17,0.000146808,1.2120571907255324e-21,2.7935137622768647e-09,2.3123036737312976e-19,5.329329494151288e-07
0.8,1e-18,1.17e-31,0.87226248,1681340000000000.0,0.014680804,1.2120571907255324e-21,2.7935137622768647e-09,2.3123036737312976e-19,5.329329494151288e-07
0.8,1e-16,1.1700000000000001e-29,0.87226248,16813400000000.0,1.468080432,1.2120571907255324e-21,2.7935137622768647e-09,2.3123036737312976e-19,5.329329494151288e-07
0.8,1e-14,1.1700000000000001e-27,0.87226248,168134000000.0,146.8080432,1.2120571907255324e-21,2.7935137622768647e-09,2.3123036737312976e-19,5.329329494151288e-07
0.8,1e-12,1.17e-25,0.87226248,1681341123.0,14680.80431,1.2120571907255324e-21,2.7935137622768647e-09,2.3123036737312976e-19,5.329329494151288e-07
0.8,1e-10,1.1699999999999998e-23,0.87226248,16813411.23,1468080.315,1.2120571907255324e-21,2.7935137622768647e-09,2.3123036737312976e-19,5.329329494151288e-07
0.8,1e-08,1.1700000000000001e-21,0.87226248,168134.1123,146806868.3,1.2120571907255324e-21,2.7935137622768647e-09,2.3123036737312976e-19,5.329329494151288e-07
0.8,1e-06,1.17e-19,0.87226248,1681.341123,14669069559.0,1.2120571907255324e-21,2.7935137622768647e-09,2.3123036737312976e-19,5.329329494151288e-07
0.8,1e-05,1.17e-18,0.87226248,168.1341123,145648000000.0,1.2120571907255324e-21,2.7935137622768647e-09,2.3123036737312976e-19,5.329329494151288e-07
0.8,0.0001,1.17e-17,0.87226248,16.81341123,1363550000000.0,1.2120571907255324e-21,2.7935137622768647e-09,2.3123036737312976e-19,5.329329494151288e-07
0.8,0.000562,6.58e-17,0.87226248,2.991710183,5965030000000.0,1.2120571907255324e-21,2.7935137622768647e-09,2.3123036737312976e-19,5.329329494151288e-07
0.8,0.000316,3.7e-17,0.87226248,5.320699756,3783660000000.0,1.2120571907255324e-21,2.7935137622768647e-09,2.3123036737312976e-19,5.329329494151288e-07
0.8,0.0001778,2.08e-17,0.87226248,9.456361771,2304870000000.0,1.2120571907255324e-21,2.7935137622768647e-09,2.3123036737312976e-19,5.329329494151288e-07
0.8,0.001,1.17e-16,0.87226248,1.681341123,8868600000000.0,1.2120571907255324e-21,2.7935137622768647e-09,2.3123036737312976e-19,5.329329494151288e-07
0.8,0.00562,6.58e-16,0.87226248,0.299171018,14711800000000.0,1.2120571907255324e-21,2.7935137622768647e-09,2.3123036737312976e-19,5.329329494151288e-07
0.8,0.00316,3.7e-16,0.87226248,0.532069976,14534000000000.0,1.2120571907255324e-21,2.7935137622768647e-09,2.3123036737312976e-19,5.329329494151288e-07
0.8,0.001778,2.08e-16,0.87226248,0.945636177,12085700000000.0,1.2120571907255324e-21,2.7935137622768647e-09,2.3123036737312976e-19,5.329329494151288e-07
0.8,0.01,1.17e-15,0.87226248,0.168134112,11897400000000.0,1.2120571907255324e-21,2.7935137622768647e-09,2.3123036737312976e-19,5.329329494151288e-07
0.85,1e-20,1.6100000000000002e-33,0.874218005,1.22e+17,0.000215667,1.204128989371066e-21,2.7752410769916544e-09,2.5932993210596486e-19,5.976959997033556e-07
0.85,1e-18,1.6100000000000002e-31,0.874218005,1222680000000000.0,0.021566723,1.204128989371066e-21,2.7752410769916544e-09,2.5932993210596486e-19,5.976959997033556e-07
0.85,1e-16,1.61e-29,0.874218005,12226800000000.0,2.156672296,1.204128989371066e-21,2.7752410769916544e-09,2.5932993210596486e-19,5.976959997033556e-07
0.85,1e-14,1.6100000000000002e-27,0.874218005,122268000000.0,215.6672296,1.204128989371066e-21,2.7752410769916544e-09,2.5932993210596486e-19,5.976959997033556e-07
0.85,1e-12,1.61e-25,0.874218005,1222676171.0,21566.72293,1.204128989371066e-21,2.7752410769916544e-09,2.5932993210596486e-19,5.976959997033556e-07
0.85,1e-10,1.61e-23,0.874218005,12226761.71,2156672.043,1.204128989371066e-21,2.7752410769916544e-09,2.5932993210596486e-19,5.976959997033556e-07
0.85,1e-08,1.6100000000000001e-21,0.874218005,122267.6171,215664699.6,1.204128989371066e-21,2.7752410769916544e-09,2.5932993210596486e-19,5.976959997033556e-07
0.85,1e-06,1.61e-19,0.874218005,1222.676171,21541469857.0,1.204128989371066e-21,2.7752410769916544e-09,2.5932993210596486e-19,5.976959997033556e-07
0.85,1e-05,1.61e-18,0.874218005,122.2676171,213183000000.0,1.204128989371066e-21,2.7752410769916544e-09,2.5932993210596486e-19,5.976959997033556e-07
0.85,0.0001,1.61e-17,0.874218005,12.22676171,1942220000000.0,1.204128989371066e-21,2.7752410769916544e-09,2.5932993210596486e-19,5.976959997033556e-07
0.85,0.000562,9.06e-17,0.874218005,2.175580375,7841220000000.0,1.204128989371066e-21,2.7752410769916544e-09,2.5932993210596486e-19,5.976959997033556e-07
0.85,0.000316,5.09e-17,0.874218005,3.869228389,5159120000000.0,1.204128989371066e-21,2.7752410769916544e-09,2.5932993210596486e-19,5.976959997033556e-07
0.85,0.0001778,2.86e-17,0.874218005,6.876693875,3224310000000.0,1.204128989371066e-21,2.7752410769916544e-09,2.5932993210596486e-19,5.976959997033556e-07
0.85,0.001,1.61e-16,0.874218005,1.222676171,11047600000000.0,1.204128989371066e-21,2.7752410769916544e-09,2.5932993210596486e-19,5.976959997033556e-07
0.85,0.00562,9.06e-16,0.874218005,0.217558038,13173900000000.0,1.204128989371066e-21,2.7752410769916544e-09,2.5932993210596486e-19,5.976959997033556e-07
0.85,0.00316,5.09e-16,0.874218005,0.386922839,15017900000000.0,1.204128989371066e-21,2.7752410769916544e-09,2.5932993210596486e-19,5.976959997033556e-07
0.85,0.001778,2.86e-16,0.874218005,0.687669387,13923800000000.0,1.204128989371066e-21,2.7752410769916544e-09,2.5932993210596486e-19,5.976959997033556e-07
0.85,0.01,1.61e-15,0.874218005,0.122267617,8926820000000.0,1.204128989371066e-21,2.7752410769916544e-09,2.5932993210596486e-19,5.976959997033556e-07
0.9,1e-20,2.21e-33,0.878043091,8.91e+16,0.000315879,1.1956628463584528e-21,2.755728559595522e-09,2.8869252297876894e-19,6.653700354888976e-07
0.9,1e-18,2.21e-31,0.878043091,890803000000000.0,0.031587926,1.1956628463584528e-21,2.755728559595522e-09,2.8869252297876894e-19,6.653700354888976e-07
0.9,1e-16,2.2100000000000002e-29,0.878043091,8908030000000.0,3.158792617,1.1956628463584528e-21,2.755728559595522e-09,2.8869252297876894e-19,6.653700354888976e-07
0.9,1e-14,2.21e-27,0.878043091,89080308819.0,315.8792617,1.1956628463584528e-21,2.755728559595522e-09,2.8869252297876894e-19,6.653700354888976e-07
0.9,1e-12,2.21e-25,0.878043091,890803088.2,31587.92611,1.1956628463584528e-21,2.755728559595522e-09,2.8869252297876894e-19,6.653700354888976e-07
0.9,1e-10,2.2099999999999997e-23,0.878043091,8908030.882,3158792.076,1.1956628463584528e-21,2.755728559595522e-09,2.8869252297876894e-19,6.653700354888976e-07
0.9,1e-08,2.2100000000000003e-21,0.878043091,89080.30882,315873858.0,1.1956628463584528e-21,2.755728559595522e-09,2.8869252297876894e-19,6.653700354888976e-07
0.9,1e-06,2.21e-19,0.878043091,890.8030882,31534034226.0,1.1956628463584528e-21,2.755728559595522e-09,2.8869252297876894e-19,6.653700354888976e-07
0.9,1e-05,2.21e-18,0.878043091,89.08030882,310618000000.0,1.1956628463584528e-21,2.755728559595522e-09,2.8869252297876894e-19,6.653700354888976e-07
0.9,0.0001,2.21e-17,0.878043091,8.908030882,2729160000000.0,1.1956628463584528e-21,2.755728559595522e-09,2.8869252297876894e-19,6.653700354888976e-07
0.9,0.000562,1.24e-16,0.878043091,1.585058876,9961830000000.0,1.1956628463584528e-21,2.755728559595522e-09,2.8869252297876894e-19,6.653700354888976e-07
0.9,0.000316,6.99e-17,0.878043091,2.818997115,6866000000000.0,1.1956628463584528e-21,2.755728559595522e-09,2.8869252297876894e-19,6.653700354888976e-07
0.9,0.0001778,3.93e-17,0.878043091,5.010141103,4429890000000.0,1.1956628463584528e-21,2.755728559595522e-09,2.8869252297876894e-19,6.653700354888976e-07
0.9,0.001,2.21e-16,0.878043091,0.890803088,13110300000000.0,1.1956628463584528e-21,2.755728559595522e-09,2.8869252297876894e-19,6.653700354888976e-07
0.9,0.00562,1.24e-15,0.878043091,0.158505888,10591500000000.0,1.1956628463584528e-21,2.755728559595522e-09,2.8869252297876894e-19,6.653700354888976e-07
0.9,0.00316,6.99e-16,0.878043091,0.281899711,14215900000000.0,1.1956628463584528e-21,2.755728559595522e-09,2.8869252297876894e-19,6.653700354888976e-07
0.9,0.001778,3.93e-16,0.878043091,0.50101411,15002900000000.0,1.1956628463584528e-21,2.755728559595522e-09,2.8869252297876894e-19,6.653700354888976e-07
0.9,0.01,2.21e-15,0.878043091,0.089080309,5900220000000.0,1.1956628463584528e-21,2.755728559595522e-09,2.8869252297876894e-19,6.653700354888976e-07
0.95,1e-20,2.9800000000000002e-33,0.881382506,6.61e+16,0.000452588,1.1866472478980888e-21,2.7349496734448502e-09,3.192350952720155e-19,7.357636577448306e-07
0.95,1e-18,2.98e-31,0.881382506,661179000000000.0,0.045258843,1.1866472478980888e-21,2.7349496734448502e-09,3.192350952720155e-19,7.357636577448306e-07
0.95,1e-16,2.98e-29,0.881382506,6611790000000.0,4.525884314,1.1866472478980888e-21,2.7349496734448502e-09,3.192350952720155e-19,7.357636577448306e-07
0.95,1e-14,2.9800000000000003e-27,0.881382506,66117860123.0,452.5884314,1.1866472478980888e-21,2.7349496734448502e-09,3.192350952720155e-19,7.357636577448306e-07
0.95,1e-12,2.98e-25,0.881382506,661178601.2,45258.84303,1.1866472478980888e-21,2.7349496734448502e-09,3.192350952720155e-19,7.357636577448306e-07
0.95,1e-10,2.98e-23,0.881382506,6611786.012,4525883.209,1.1866472478980888e-21,2.7349496734448502e-09,3.192350952720155e-19,7.357636577448306e-07
0.95,1e-08,2.98e-21,0.881382506,66117.86012,452577380.4,1.1866472478980888e-21,2.7349496734448502e-09,3.192350952720155e-19,7.357636577448306e-07
0.95,1e-06,2.98e-19,0.881382506,661.1786012,45148755369.0,1.1866472478980888e-21,2.7349496734448502e-09,3.192350952720155e-19,7.357636577448306e-07
0.95,1e-05,2.98e-18,0.881382506,66.11786012,441946000000.0,1.1866472478980888e-21,2.7349496734448502e-09,3.192350952720155e-19,7.357636577448306e-07
0.95,0.0001,2.98e-17,0.881382506,6.611786012,3713070000000.0,1.1866472478980888e-21,2.7349496734448502e-09,3.192350952720155e-19,7.357636577448306e-07
0.95,0.000562,1.67e-16,0.881382506,1.176474379,12014900000000.0,1.1866472478980888e-21,2.7349496734448502e-09,3.192350952720155e-19,7.357636577448306e-07
0.95,0.000316,9.42e-17,0.881382506,2.092337346,8758160000000.0,1.1866472478980888e-21,2.7349496734448502e-09,3.192350952720155e-19,7.357636577448306e-07
0.95,0.0001778,5.3e-17,0.881382506,3.718664799,5869750000000.0,1.1866472478980888e-21,2.7349496734448502e-09,3.192350952720155e-19,7.357636577448306e-07
0.95,0.001,2.98e-16,0.881382506,0.661178601,14585800000000.0,1.1866472478980888e-21,2.7349496734448502e-09,3.192350952720155e-19,7.357636577448306e-07
0.95,0.00562,1.67e-15,0.881382506,0.117647438,7691900000000.0,1.1866472478980888e-21,2.7349496734448502e-09,3.192350952720155e-19,7.357636577448306e-07
0.95,0.00316,9.42e-16,0.881382506,0.209233735,12278400000000.0,1.1866472478980888e-21,2.7349496734448502e-09,3.192350952720155e-19,7.357636577448306e-07
0.95,0.001778,5.3e-16,0.881382506,0.37186648,14943000000000.0,1.1866472478980888e-21,2.7349496734448502e-09,3.192350952720155e-19,7.357636577448306e-07
0.95,0.01,2.98e-15,0.881382506,0.06611786,3482090000000.0,1.1866472478980888e-21,2.7349496734448502e-09,3.192350952720155e-19,7.357636577448306e-07
1.0,1e-20,3.2200000000000004e-33,0.858326248,6.11e+16,0.000503969,1.1770695686280042e-21,2.7128753199767278e-09,3.5086812381386886e-19,8.086705314883607e-07
1.0,1e-18,3.2200000000000003e-31,0.858326248,611051000000000.0,0.050396941,1.1770695686280042e-21,2.7128753199767278e-09,3.5086812381386886e-19,8.086705314883607e-07
1.0,1e-16,3.22e-29,0.858326248,6110510000000.0,5.039694104,1.1770695686280042e-21,2.7128753199767278e-09,3.5086812381386886e-19,8.086705314883607e-07
1.0,1e-14,3.2200000000000004e-27,0.858326248,61105127149.0,503.9694104,1.1770695686280042e-21,2.7128753199767278e-09,3.5086812381386886e-19,8.086705314883607e-07
1.0,1e-12,3.22e-25,0.858326248,611051271.5,50396.9409,1.1770695686280042e-21,2.7128753199767278e-09,3.5086812381386886e-19,8.086705314883607e-07
1.0,1e-10,3.22e-23,0.858326248,6110512.715,5039692.697,1.1770695686280042e-21,2.7128753199767278e-09,3.5086812381386886e-19,8.086705314883607e-07
1.0,1e-08,3.2200000000000003e-21,0.858326248,61105.12715,503955339.9,1.1770695686280042e-21,2.7128753199767278e-09,3.5086812381386886e-19,8.086705314883607e-07
1.0,1e-06,3.22e-19,0.858326248,611.0512715,50256849107.0,1.1770695686280042e-21,2.7128753199767278e-09,3.5086812381386886e-19,8.086705314883607e-07
1.0,1e-05,3.22e-18,0.858326248,61.10512715,490490000000.0,1.1770695686280042e-21,2.7128753199767278e-09,3.5086812381386886e-19,8.086705314883607e-07
1.0,0.0001,3.22e-17,0.858326248,6.110512715,4039490000000.0,1.1770695686280042e-21,2.7128753199767278e-09,3.5086812381386886e-19,8.086705314883607e-07
1.0,0.000562,1.81e-16,0.858326248,1.087279843,12394900000000.0,1.1770695686280042e-21,2.7128753199767278e-09,3.5086812381386886e-19,8.086705314883607e-07
1.0,0.000316,1.02e-16,0.858326248,1.933706555,9261330000000.0,1.1770695686280042e-21,2.7128753199767278e-09,3.5086812381386886e-19,8.086705314883607e-07
1.0,0.0001778,5.73e-17,0.858326248,3.43673381,6312440000000.0,1.1770695686280042e-21,2.7128753199767278e-09,3.5086812381386886e-19,8.086705314883607e-07
1.0,0.001,3.22e-16,0.858326248,0.611051271,14529400000000.0,1.1770695686280042e-21,2.7128753199767278e-09,3.5086812381386886e-19,8.086705314883607e-07
1.0,0.00562,1.81e-15,0.858326248,0.108727984,6427290000000.0,1.1770695686280042e-21,2.7128753199767278e-09,3.5086812381386886e-19,8.086705314883607e-07
1.0,0.00316,1.02e-15,0.858326248,0.193370656,11006200000000.0,1.1770695686280042e-21,2.7128753199767278e-09,3.5086812381386886e-19,8.086705314883607e-07
1.0,0.001778,5.73e-16,0.858326248,0.343673381,14204500000000.0,1.1770695686280042e-21,2.7128753199767278e-09,3.5086812381386886e-19,8.086705314883607e-07
1.0,0.01,3.22e-15,0.858326248,0.061105127,2670990000000.0,1.1770695686280042e-21,2.7128753199767278e-09,3.5086812381386886e-19,8.086705314883607e-07
1.05,1e-20,4.12e-33,0.858663279,4.78e+16,0.000680063,1.166915968482745e-21,2.6894736010153813e-09,3.8349522766815867e-19,8.838685207727083e-07
1.05,1e-18,4.12e-31,0.858663279,477636000000000.0,0.068006294,1.166915968482745e-21,2.6894736010153813e-09,3.8349522766815867e-19,8.838685207727083e-07
1.05,1e-16,4.1200000000000003e-29,0.858663279,4776360000000.0,6.800629435,1.166915968482745e-21,2.6894736010153813e-09,3.8349522766815867e-19,8.838685207727083e-07
1.05,1e-14,4.1200000000000004e-27,0.858663279,47763586993.0,680.0629435,1.166915968482745e-21,2.6894736010153813e-09,3.8349522766815867e-19,8.838685207727083e-07
1.05,1e-12,4.12e-25,0.858663279,477635869.9,68006.2941,1.166915968482745e-21,2.6894736010153813e-09,3.8349522766815867e-19,8.838685207727083e-07
1.05,1e-10,4.12e-23,0.858663279,4776358.699,6800626.874,1.166915968482745e-21,2.6894736010153813e-09,3.8349522766815867e-19,8.838685207727083e-07
1.05,1e-08,4.1200000000000005e-21,0.858663279,47763.58699,680037332.7,1.166915968482745e-21,2.6894736010153813e-09,3.8349522766815867e-19,8.838685207727083e-07
1.05,1e-06,4.12e-19,0.858663279,477.6358699,67751689409.0,1.166915968482745e-21,2.6894736010153813e-09,3.8349522766815867e-19,8.838685207727083e-07
1.05,1e-05,4.12e-18,0.858663279,47.76358699,655880000000.0,1.166915968482745e-21,2.6894736010153813e-09,3.8349522766815867e-19,8.838685207727083e-07
1.05,0.0001,4.12e-17,0.858663279,4.776358699,5129990000000.0,1.166915968482745e-21,2.6894736010153813e-09,3.8349522766815867e-19,8.838685207727083e-07
1.05,0.000562,2.32e-16,0.858663279,0.84988589,13731800000000.0,1.166915968482745e-21,2.6894736010153813e-09,3.8349522766815867e-19,8.838685207727083e-07
1.05,0.000316,1.3e-16,0.858663279,1.511505917,10930600000000.0,1.166915968482745e-21,2.6894736010153813e-09,3.8349522766815867e-19,8.838685207727083e-07
1.05,0.0001778,7.33e-17,0.858663279,2.686365973,7782140000000.0,1.166915968482745e-21,2.6894736010153813e-09,3.8349522766815867e-19,8.838685207727083e-07
1.05,0.001,4.12e-16,0.858663279,0.47763587,14741900000000.0,1.166915968482745e-21,2.6894736010153813e-09,3.8349522766815867e-19,8.838685207727083e-07
1.05,0.00562,2.32e-15,0.858663279,0.084988589,4271740000000.0,1.166915968482745e-21,2.6894736010153813e-09,3.8349522766815867e-19,8.838685207727083e-07
1.05,0.00316,1.3e-15,0.858663279,0.151150592,8650900000000.0,1.166915968482745e-21,2.6894736010153813e-09,3.8349522766815867e-19,8.838685207727083e-07
1.05,0.001778,7.33e-16,0.858663279,0.268636597,12850500000000.0,1.166915968482745e-21,2.6894736010153813e-09,3.8349522766815867e-19,8.838685207727083e-07
1.05,0.01,4.12e-15,0.858663279,0.047763587,1437320000000.0,1.166915968482745e-21,2.6894736010153813e-09,3.8349522766815867e-19,8.838685207727083e-07
1.1,1e-20,5.22e-33,0.858957659,3.78e+16,0.000905193,1.156171274195059e-21,2.664709545660748e-09,4.170127446002664e-19,9.611187079285992e-07
1.1,1e-18,5.2200000000000005e-31,0.858957659,377724000000000.0,0.090519329,1.156171274195059e-21,2.664709545660748e-09,4.170127446002664e-19,9.611187079285992e-07
1.1,1e-16,5.22e-29,0.858957659,3777240000000.0,9.051932856,1.156171274195059e-21,2.664709545660748e-09,4.170127446002664e-19,9.611187079285992e-07
1.1,1e-14,5.22e-27,0.858957659,37772405100.0,905.1932856,1.156171274195059e-21,2.664709545660748e-09,4.170127446002664e-19,9.611187079285992e-07
1.1,1e-12,5.22e-25,0.858957659,377724051.0,90519.32811,1.156171274195059e-21,2.664709545660748e-09,4.170127446002664e-19,9.611187079285992e-07
1.1,1e-10,5.2199999999999995e-23,0.858957659,3777240.51,9051928.32,1.156171274195059e-21,2.664709545660748e-09,4.170127446002664e-19,9.611187079285992e-07
1.1,1e-08,5.22e-21,0.858957659,37772.4051,905147927.9,1.156171274195059e-21,2.664709545660748e-09,4.170127446002664e-19,9.611187079285992e-07
1.1,1e-06,5.22e-19,0.858957659,377.724051,90069286125.0,1.156171274195059e-21,2.664709545660748e-09,4.170127446002664e-19,9.611187079285992e-07
1.1,1e-05,5.22e-18,0.858957659,37.7724051,863128000000.0,1.156171274195059e-21,2.664709545660748e-09,4.170127446002664e-19,9.611187079285992e-07
1.1,0.0001,5.22e-17,0.858957659,3.77724051,6360440000000.0,1.156171274195059e-21,2.664709545660748e-09,4.170127446002664e-19,9.611187079285992e-07
1.1,0.000562,2.93e-16,0.858957659,0.672106852,14556500000000.0,1.156171274195059e-21,2.664709545660748e-09,4.170127446002664e-19,9.611187079285992e-07
1.1,0.000316,1.65e-16,0.858957659,1.195329275,12449700000000.0,1.156171274195059e-21,2.664709545660748e-09,4.170127446002664e-19,9.611187079285992e-07
1.1,0.0001778,9.27e-17,0.858957659,2.124432233,9322440000000.0,1.156171274195059e-21,2.664709545660748e-09,4.170127446002664e-19,9.611187079285992e-07
1.1,0.001,5.22e-16,0.858957659,0.377724051,14184200000000.0,1.156171274195059e-21,2.664709545660748e-09,4.170127446002664e-19,9.611187079285992e-07
1.1,0.00562,2.93e-15,0.858957659,0.067210685,2630070000000.0,1.156171274195059e-21,2.664709545660748e-09,4.170127446002664e-19,9.611187079285992e-07
1.1,0.00316,1.65e-15,0.858957659,0.119532928,6361070000000.0,1.156171274195059e-21,2.664709545660748e-09,4.170127446002664e-19,9.611187079285992e-07
1.1,0.001778,9.27e-16,0.858957659,0.212443223,10941200000000.0,1.156171274195059e-21,2.664709545660748e-09,4.170127446002664e-19,9.611187079285992e-07
1.1,0.01,5.22e-15,0.858957659,0.037772405,698686000000.0,1.156171274195059e-21,2.664709545660748e-09,4.170127446002664e-19,9.611187079285992e-07
1.15,1e-20,6.53e-33,0.859216241,3.02e+16,0.001189968,1.1448188427482877e-21,2.6385447955775634e-09,4.513092474283394e-19,1.0401642788647688e-06
1.15,1e-18,6.5300000000000005e-31,0.859216241,301892000000000.0,0.118996772,1.1448188427482877e-21,2.6385447955775634e-09,4.513092474283394e-19,1.0401642788647688e-06
1.15,1e-16,6.53e-29,0.859216241,3018920000000.0,11.89967717,1.1448188427482877e-21,2.6385447955775634e-09,4.513092474283394e-19,1.0401642788647688e-06
1.15,1e-14,6.530000000000001e-27,0.859216241,30189229784.0,1189.967716,1.1448188427482877e-21,2.6385447955775634e-09,4.513092474283394e-19,1.0401642788647688e-06
1.15,1e-12,6.53e-25,0.859216241,301892297.8,118996.7709,1.1448188427482877e-21,2.6385447955775634e-09,4.513092474283394e-19,1.0401642788647688e-06
1.15,1e-10,6.53e-23,0.859216241,3018922.978,11899669.33,1.1448188427482877e-21,2.6385447955775634e-09,4.513092474283394e-19,1.0401642788647688e-06
1.15,1e-08,6.53e-21,0.859216241,30189.22978,1189889356.0,1.1448188427482877e-21,2.6385447955775634e-09,4.513092474283394e-19,1.0401642788647688e-06
1.15,1e-06,6.53e-19,0.859216241,301.8922978,118221000000.0,1.1448188427482877e-21,2.6385447955775634e-09,4.513092474283394e-19,1.0401642788647688e-06
1.15,1e-05,6.53e-18,0.859216241,30.18922978,1118880000000.0,1.1448188427482877e-21,2.6385447955775634e-09,4.513092474283394e-19,1.0401642788647688e-06
1.15,0.0001,6.53e-17,0.859216241,3.018922978,7701100000000.0,1.1448188427482877e-21,2.6385447955775634e-09,4.513092474283394e-19,1.0401642788647688e-06
1.15,0.000562,3.67e-16,0.859216241,0.537174907,14760900000000.0,1.1448188427482877e-21,2.6385447955775634e-09,4.513092474283394e-19,1.0401642788647688e-06
1.15,0.000316,2.06e-16,0.859216241,0.955355373,13676200000000.0,1.1448188427482877e-21,2.6385447955775634e-09,4.513092474283394e-19,1.0401642788647688e-06
1.15,0.0001778,1.16e-16,0.859216241,1.697931934,10847800000000.0,1.1448188427482877e-21,2.6385447955775634e-09,4.513092474283394e-19,1.0401642788647688e-06
1.15,0.001,6.53e-16,0.859216241,0.301892298,12953900000000.0,1.1448188427482877e-21,2.6385447955775634e-09,4.513092474283394e-19,1.0401642788647688e-06
1.15,0.00562,3.67e-15,0.859216241,0.053717491,1496380000000.0,1.1448188427482877e-21,2.6385447955775634e-09,4.513092474283394e-19,1.0401642788647688e-06
1.15,0.00316,2.06e-15,0.859216241,0.095535537,4385780000000.0,1.1448188427482877e-21,2.6385447955775634e-09,4.513092474283394e-19,1.0401642788647688e-06
1.15,0.001778,1.16e-15,0.859216241,0.169793193,8788630000000.0,1.1448188427482877e-21,2.6385447955775634e-09,4.513092474283394e-19,1.0401642788647688e-06
1.15,0.01,6.53e-15,0.859216241,0.03018923,303627000000.0,1.1448188427482877e-21,2.6385447955775634e-09,4.513092474283394e-19,1.0401642788647688e-06
1.2,1e-20,8.09e-33,0.859444564,2.44e+16,0.001546728,1.132840403504893e-21,2.6109372411378343e-09,4.862649927201132e-19,1.1207292524406131e-06
1.2,1e-18,8.09e-31,0.859444564,243630000000000.0,0.154672752,1.132840403504893e-21,2.6109372411378343e-09,4.862649927201132e-19,1.1207292524406131e-06
1.2,1e-16,8.09e-29,0.859444564,2436300000000.0,15.46727522,1.132840403504893e-21,2.6109372411378343e-09,4.862649927201132e-19,1.1207292524406131e-06
1.2,1e-14,8.090000000000001e-27,0.859444564,24362968278.0,1546.727521,1.132840403504893e-21,2.6109372411378343e-09,4.862649927201132e-19,1.1207292524406131e-06
1.2,1e-12,8.09e-25,0.859444564,243629682.8,154672.7508,1.132840403504893e-21,2.6109372411378343e-09,4.862649927201132e-19,1.1207292524406131e-06
1.2,1e-10,8.09e-23,0.859444564,2436296.828,15467261.98,1.132840403504893e-21,2.6109372411378343e-09,4.862649927201132e-19,1.1207292524406131e-06
1.2,1e-08,8.09e-21,0.859444564,24362.96828,1546595171.0,1.132840403504893e-21,2.6109372411378343e-09,4.862649927201132e-19,1.1207292524406131e-06
1.2,1e-06,8.09e-19,0.859444564,243.6296828,153367000000.0,1.132840403504893e-21,2.6109372411378343e-09,4.862649927201132e-19,1.1207292524406131e-06
1.2,1e-05,8.09e-18,0.859444564,24.36296828,1429830000000.0,1.132840403504893e-21,2.6109372411378343e-09,4.862649927201132e-19,1.1207292524406131e-06
1.2,0.0001,8.09e-17,0.859444564,2.436296828,9105060000000.0,1.132840403504893e-21,2.6109372411378343e-09,4.862649927201132e-19,1.1207292524406131e-06
1.2,0.000562,4.54e-16,0.859444564,0.433504774,14320400000000.0,1.132840403504893e-21,2.6109372411378343e-09,4.862649927201132e-19,1.1207292524406131e-06
1.2,0.000316,2.56e-16,0.859444564,0.770980009,14482600000000.0,1.132840403504893e-21,2.6109372411378343e-09,4.862649927201132e-19,1.1207292524406131e-06
1.2,0.0001778,1.44e-16,0.859444564,1.370245685,12255400000000.0,1.132840403504893e-21,2.6109372411378343e-09,4.862649927201132e-19,1.1207292524406131e-06
1.2,0.001,8.09e-16,0.859444564,0.243629683,11245200000000.0,1.132840403504893e-21,2.6109372411378343e-09,4.862649927201132e-19,1.1207292524406131e-06
1.2,0.00562,4.54e-15,0.859444564,0.043350477,782356000000.0,1.132840403504893e-21,2.6109372411378343e-09,4.862649927201132e-19,1.1207292524406131e-06
1.2,0.00316,2.56e-15,0.859444564,0.077098001,2836800000000.0,1.132840403504893e-21,2.6109372411378343e-09,4.862649927201132e-19,1.1207292524406131e-06
1.2,0.001778,1.44e-15,0.859444564,0.137024568,6676380000000.0,1.132840403504893e-21,2.6109372411378343e-09,4.862649927201132e-19,1.1207292524406131e-06
1.2,0.01,8.09e-15,0.859444564,0.024362968,116575000000.0,1.132840403504893e-21,2.6109372411378343e-09,4.862649927201132e-19,1.1207292524406131e-06
1.25,1e-20,9.93e-33,0.859647143,1.98e+16,0.001989762,1.1202158749895602e-21,2.5818405991479225e-09,5.21751290237878e-19,1.2025170271814963e-06
1.25,1e-18,9.93e-31,0.859647143,198363000000000.0,0.198976201,1.1202158749895602e-21,2.5818405991479225e-09,5.21751290237878e-19,1.2025170271814963e-06
1.25,1e-16,9.93e-29,0.859647143,1983630000000.0,19.89762007,1.1202158749895602e-21,2.5818405991479225e-09,5.21751290237878e-19,1.2025170271814963e-06
1.25,1e-14,9.930000000000001e-27,0.859647143,19836272622.0,1989.762007,1.1202158749895602e-21,2.5818405991479225e-09,5.21751290237878e-19,1.2025170271814963e-06
1.25,1e-12,9.93e-25,0.859647143,198362726.2,198976.1985,1.1202158749895602e-21,2.5818405991479225e-09,5.21751290237878e-19,1.2025170271814963e-06
1.25,1e-10,9.93e-23,0.859647143,1983627.262,19897598.17,1.1202158749895602e-21,2.5818405991479225e-09,5.21751290237878e-19,1.2025170271814963e-06
1.25,1e-08,9.930000000000001e-21,0.859647143,19836.27262,1989543038.0,1.1202158749895602e-21,2.5818405991479225e-09,5.21751290237878e-19,1.2025170271814963e-06
1.25,1e-06,9.93e-19,0.859647143,198.3627262,196824000000.0,1.1202158749895602e-21,2.5818405991479225e-09,5.21751290237878e-19,1.2025170271814963e-06
1.25,1e-05,9.93e-18,0.859647143,19.83627262,1802420000000.0,1.1202158749895602e-21,2.5818405991479225e-09,5.21751290237878e-19,1.2025170271814963e-06
1.25,0.0001,9.93e-17,0.859647143,1.983627262,10508900000000.0,1.1202158749895602e-21,2.5818405991479225e-09,5.21751290237878e-19,1.2025170271814963e-06
1.25,0.000562,5.58e-16,0.859647143,0.352958588,13299400000000.0,1.1202158749895602e-21,2.5818405991479225e-09,5.21751290237878e-19,1.2025170271814963e-06
1.25,0.000316,3.14e-16,0.859647143,0.627730146,14779900000000.0,1.1202158749895602e-21,2.5818405991479225e-09,5.21751290237878e-19,1.2025170271814963e-06
1.25,0.0001778,1.77e-16,0.859647143,1.115650879,13436100000000.0,1.1202158749895602e-21,2.5818405991479225e-09,5.21751290237878e-19,1.2025170271814963e-06
1.25,0.001,9.93e-16,0.859647143,0.198362726,9295390000000.0,1.1202158749895602e-21,2.5818405991479225e-09,5.21751290237878e-19,1.2025170271814963e-06
1.25,0.00562,5.58e-15,0.859647143,0.035295859,372911000000.0,1.1202158749895602e-21,2.5818405991479225e-09,5.21751290237878e-19,1.2025170271814963e-06
1.25,0.00316,3.14e-15,0.859647143,0.062773015,1718340000000.0,1.1202158749895602e-21,2.5818405991479225e-09,5.21751290237878e-19,1.2025170271814963e-06
1.25,0.001778,1.77e-15,0.859647143,0.111565088,4804950000000.0,1.1202158749895602e-21,2.5818405991479225e-09,5.21751290237878e-19,1.2025170271814963e-06
1.25,0.01,9.93e-15,0.859647143,0.019836273,39083491751.0,1.1202158749895602e-21,2.5818405991479225e-09,5.21751290237878e-19,1.2025170271814963e-06
1.3,1e-20,1.21e-32,0.859827687,1.63e+16,0.002535546,1.1069231513560559e-21,2.551203920703641e-09,5.576297789432956e-19,1.2852087126359454e-06
1.3,1e-18,1.2099999999999999e-30,0.859827687,162830000000000.0,0.253554572,1.1069231513560559e-21,2.551203920703641e-09,5.576297789432956e-19,1.2852087126359454e-06
1.3,1e-16,1.21e-28,0.859827687,1628300000000.0,25.35545725,1.1069231513560559e-21,2.551203920703641e-09,5.576297789432956e-19,1.2852087126359454e-06
1.3,1e-14,1.21e-26,0.859827687,16283000580.0,2535.545724,1.1069231513560559e-21,2.551203920703641e-09,5.576297789432956e-19,1.2852087126359454e-06
1.3,1e-12,1.2099999999999999e-24,0.859827687,162830005.8,253554.5689,1.1069231513560559e-21,2.551203920703641e-09,5.576297789432956e-19,1.2852087126359454e-06
1.3,1e-10,1.21e-22,0.859827687,1628300.058,25355421.69,1.1069231513560559e-21,2.551203920703641e-09,5.576297789432956e-19,1.2852087126359454e-06
1.3,1e-08,1.21e-20,0.859827687,16283.00058,2535190247.0,1.1069231513560559e-21,2.551203920703641e-09,5.576297789432956e-19,1.2852087126359454e-06
1.3,1e-06,1.21e-18,0.859827687,162.8300058,250076000000.0,1.1069231513560559e-21,2.551203920703641e-09,5.576297789432956e-19,1.2852087126359454e-06
1.3,1e-05,1.21e-17,0.859827687,16.28300058,2242500000000.0,1.1069231513560559e-21,2.551203920703641e-09,5.576297789432956e-19,1.2852087126359454e-06
1.3,0.0001,1.21e-16,0.859827687,1.628300058,11835900000000.0,1.1069231513560559e-21,2.551203920703641e-09,5.576297789432956e-19,1.2852087126359454e-06
1.3,0.000562,6.8e-16,0.859827687,0.289733106,11834500000000.0,1.1069231513560559e-21,2.551203920703641e-09,5.576297789432956e-19,1.2852087126359454e-06
1.3,0.000316,3.82e-16,0.859827687,0.515284828,14535400000000.0,1.1069231513560559e-21,2.551203920703641e-09,5.576297789432956e-19,1.2852087126359454e-06
1.3,0.0001778,2.15e-16,0.859827687,0.915804307,14288100000000.0,1.1069231513560559e-21,2.551203920703641e-09,5.576297789432956e-19,1.2852087126359454e-06
1.3,0.001,1.21e-15,0.859827687,0.162830006,7329630000000.0,1.1069231513560559e-21,2.551203920703641e-09,5.576297789432956e-19,1.2852087126359454e-06
1.3,0.00562,6.8e-15,0.859827687,0.028973311,160571000000.0,1.1069231513560559e-21,2.551203920703641e-09,5.576297789432956e-19,1.2852087126359454e-06
1.3,0.00316,3.82e-15,0.859827687,0.051528483,970840000000.0,1.1069231513560559e-21,2.551203920703641e-09,5.576297789432956e-19,1.2852087126359454e-06
1.3,0.001778,2.15e-15,0.859827687,0.091580431,3277980000000.0,1.1069231513560559e-21,2.551203920703641e-09,5.576297789432956e-19,1.2852087126359454e-06
1.3,0.01,1.21e-14,0.859827687,0.016283001,11312448800.0,1.1069231513560559e-21,2.551203920703641e-09,5.576297789432956e-19,1.2852087126359454e-06
1.35,1e-20,1.46e-32,0.859989286,1.35e+16,0.003203003,1.0929378523508621e-21,2.5189710149137918e-09,5.937515920847183e-19,1.3684612050934634e-06
1.35,1e-18,1.4599999999999999e-30,0.859989286,134673000000000.0,0.320300293,1.0929378523508621e-21,2.5189710149137918e-09,5.937515920847183e-19,1.3684612050934634e-06
1.35,1e-16,1.46e-28,0.859989286,1346730000000.0,32.03002929,1.0929378523508621e-21,2.5189710149137918e-09,5.937515920847183e-19,1.3684612050934634e-06
1.35,1e-14,1.4600000000000002e-26,0.859989286,13467328699.0,3203.002929,1.0929378523508621e-21,2.5189710149137918e-09,5.937515920847183e-19,1.3684612050934634e-06
1.35,1e-12,1.4599999999999999e-24,0.859989286,134673287.0,320300.2872,1.0929378523508621e-21,2.5189710149137918e-09,5.937515920847183e-19,1.3684612050934634e-06
1.35,1e-10,1.46e-22,0.859989286,1346732.87,32029972.56,1.0929378523508621e-21,2.5189710149137918e-09,5.937515920847183e-19,1.3684612050934634e-06
1.35,1e-08,1.46e-20,0.859989286,13467.3287,3202435806.0,1.0929378523508621e-21,2.5189710149137918e-09,5.937515920847183e-19,1.3684612050934634e-06
1.35,1e-06,1.46e-18,0.859989286,134.673287,314782000000.0,1.0929378523508621e-21,2.5189710149137918e-09,5.937515920847183e-19,1.3684612050934634e-06
1.35,1e-05,1.46e-17,0.859989286,13.4673287,2755040000000.0,1.0929378523508621e-21,2.5189710149137918e-09,5.937515920847183e-19,1.3684612050934634e-06
1.35,0.0001,1.46e-16,0.859989286,1.34673287,13002700000000.0,1.0929378523508621e-21,2.5189710149137918e-09,5.937515920847183e-19,1.3684612050934634e-06
1.35,0.000562,8.22e-16,0.859989286,0.239632183,10102600000000.0,1.0929378523508621e-21,2.5189710149137918e-09,5.937515920847183e-19,1.3684612050934634e-06
1.35,0.000316,4.62e-16,0.859989286,0.426181288,13779400000000.0,1.0929378523508621e-21,2.5189710149137918e-09,5.937515920847183e-19,1.3684612050934634e-06
1.35,0.0001778,2.6e-16,0.859989286,0.757442559,14732800000000.0,1.0929378523508621e-21,2.5189710149137918e-09,5.937515920847183e-19,1.3684612050934634e-06
1.35,0.001,1.46e-15,0.859989286,0.134673287,5521100000000.0,1.0929378523508621e-21,2.5189710149137918e-09,5.937515920847183e-19,1.3684612050934634e-06
1.35,0.00562,8.22e-15,0.859989286,0.023963218,61879275838.0,1.0929378523508621e-21,2.5189710149137918e-09,5.937515920847183e-19,1.3684612050934634e-06
1.35,0.00316,4.62e-15,0.859989286,0.042618129,508625000000.0,1.0929378523508621e-21,2.5189710149137918e-09,5.937515920847183e-19,1.3684612050934634e-06
1.35,0.001778,2.6e-15,0.859989286,0.075744256,2117680000000.0,1.0929378523508621e-21,2.5189710149137918e-09,5.937515920847183e-19,1.3684612050934634e-06
1.35,0.01,1.46e-14,0.859989286,0.013467329,2792157140.0,1.0929378523508621e-21,2.5189710149137918e-09,5.937515920847183e-19,1.3684612050934634e-06
1.4,1e-20,1.76e-32,0.860134893,1.12e+16,0.004013815,1.0782330290148352e-21,2.4850797706100042e-09,6.299563896775228e-19,1.4519049576736585e-06
1.4,1e-18,1.76e-30,0.860134893,112165000000000.0,0.401381457,1.0782330290148352e-21,2.4850797706100042e-09,6.299563896775228e-19,1.4519049576736585e-06
1.4,1e-16,1.76e-28,0.860134893,1121650000000.0,40.13814567,1.0782330290148352e-21,2.4850797706100042e-09,6.299563896775228e-19,1.4519049576736585e-06
1.4,1e-14,1.7600000000000002e-26,0.860134893,11216524323.0,4013.814566,1.0782330290148352e-21,2.4850797706100042e-09,6.299563896775228e-19,1.4519049576736585e-06
1.4,1e-12,1.7599999999999998e-24,0.860134893,112165243.2,401381.4477,1.0782330290148352e-21,2.4850797706100042e-09,6.299563896775228e-19,1.4519049576736585e-06
1.4,1e-10,1.76e-22,0.860134893,1121652.432,40138056.6,1.0782330290148352e-21,2.4850797706100042e-09,6.299563896775228e-19,1.4519049576736585e-06
1.4,1e-08,1.76e-20,0.860134893,11216.52432,4012924189.0,1.0782330290148352e-21,2.4850797706100042e-09,6.299563896775228e-19,1.4519049576736585e-06
1.4,1e-06,1.76e-18,0.860134893,112.1652432,392776000000.0,1.0782330290148352e-21,2.4850797706100042e-09,6.299563896775228e-19,1.4519049576736585e-06
1.4,1e-05,1.76e-17,0.860134893,11.21652432,3343670000000.0,1.0782330290148352e-21,2.4850797706100042e-09,6.299563896775228e-19,1.4519049576736585e-06
1.4,0.0001,1.76e-16,0.860134893,1.121652432,13927300000000.0,1.0782330290148352e-21,2.4850797706100042e-09,6.299563896775228e-19,1.4519049576736585e-06
1.4,0.000562,9.87e-16,0.860134893,0.199582283,8284100000000.0,1.0782330290148352e-21,2.4850797706100042e-09,6.299563896775228e-19,1.4519049576736585e-06
1.4,0.000316,5.55e-16,0.860134893,0.354953301,12598200000000.0,1.0782330290148352e-21,2.4850797706100042e-09,6.299563896775228e-19,1.4519049576736585e-06
1.4,0.0001778,3.12e-16,0.860134893,0.630850637,14727700000000.0,1.0782330290148352e-21,2.4850797706100042e-09,6.299563896775228e-19,1.4519049576736585e-06
1.4,0.001,1.76e-15,0.860134893,0.112165243,3975510000000.0,1.0782330290148352e-21,2.4850797706100042e-09,6.299563896775228e-19,1.4519049576736585e-06
1.4,0.00562,9.87e-15,0.860134893,0.019958228,21149611766.0,1.0782330290148352e-21,2.4850797706100042e-09,6.299563896775228e-19,1.4519049576736585e-06
1.4,0.00316,5.55e-15,0.860134893,0.03549533,245360000000.0,1.0782330290148352e-21,2.4850797706100042e-09,6.299563896775228e-19,1.4519049576736585e-06
1.4,0.001778,3.12e-15,0.860134893,0.063085064,1292120000000.0,1.0782330290148352e-21,2.4850797706100042e-09,6.299563896775228e-19,1.4519049576736585e-06
1.4,0.01,1.76e-14,0.860134893,0.011216524,579329973.7,1.0782330290148352e-21,2.4850797706100042e-09,6.299563896775228e-19,1.4519049576736585e-06
1.45,1e-20,2.1000000000000002e-32,0.860270945,9402340000000000.0,0.004992911,1.0627788153137017e-21,2.449461353434952e-09,6.660712312429898e-19,1.5351413822479722e-06
1.45,1e-18,2.0999999999999998e-30,0.860270945,94023400000000.0,0.499291073,1.0627788153137017e-21,2.449461353434952e-09,6.660712312429898e-19,1.5351413822479722e-06
1.45,1e-16,2.1e-28,0.860270945,940234000000.0,49.92910729,1.0627788153137017e-21,2.449461353434952e-09,6.660712312429898e-19,1.5351413822479722e-06
1.45,1e-14,2.1e-26,0.860270945,9402338197.0,4992.910728,1.0627788153137017e-21,2.449461353434952e-09,6.660712312429898e-19,1.5351413822479722e-06
1.45,1e-12,2.1e-24,0.860270945,94023381.97,499291.0591,1.0627788153137017e-21,2.449461353434952e-09,6.660712312429898e-19,1.5351413822479722e-06
1.45,1e-10,2.1e-22,0.860270945,940233.8197,49928969.49,1.0627788153137017e-21,2.449461353434952e-09,6.660712312429898e-19,1.5351413822479722e-06
1.45,1e-08,2.1e-20,0.860270945,9402.338197,4991533324.0,1.0627788153137017e-21,2.449461353434952e-09,6.660712312429898e-19,1.5351413822479722e-06
1.45,1e-06,2.1e-18,0.860270945,94.02338197,486085000000.0,1.0627788153137017e-21,2.449461353434952e-09,6.660712312429898e-19,1.5351413822479722e-06
1.45,1e-05,2.1e-17,0.860270945,9.402338197,4010410000000.0,1.0627788153137017e-21,2.449461353434952e-09,6.660712312429898e-19,1.5351413822479722e-06
1.45,0.0001,2.1e-16,0.860270945,0.94023382,14539300000000.0,1.0627788153137017e-21,2.449461353434952e-09,6.660712312429898e-19,1.5351413822479722e-06
1.45,0.000562,1.18e-15,0.860270945,0.167301391,6532330000000.0,1.0627788153137017e-21,2.449461353434952e-09,6.660712312429898e-19,1.5351413822479722e-06
1.45,0.000316,6.62e-16,0.860270945,0.297542348,11117100000000.0,1.0627788153137017e-21,2.449461353434952e-09,6.660712312429898e-19,1.5351413822479722e-06
1.45,0.0001778,3.73e-16,0.860270945,0.528815422,14273500000000.0,1.0627788153137017e-21,2.449461353434952e-09,6.660712312429898e-19,1.5351413822479722e-06
1.45,0.001,2.1e-15,0.860270945,0.094023382,2735330000000.0,1.0627788153137017e-21,2.449461353434952e-09,6.660712312429898e-19,1.5351413822479722e-06
1.45,0.00562,1.18e-14,0.860270945,0.016730139,6350287255.0,1.0627788153137017e-21,2.449461353434952e-09,6.660712312429898e-19,1.5351413822479722e-06
1.45,0.00316,6.62e-15,0.860270945,0.029754235,108163000000.0,1.0627788153137017e-21,2.449461353434952e-09,6.660712312429898e-19,1.5351413822479722e-06
1.45,0.001778,3.73e-15,0.860270945,0.052881542,741488000000.0,1.0627788153137017e-21,2.449461353434952e-09,6.660712312429898e-19,1.5351413822479722e-06
1.45,0.01,2.1e-14,0.860270945,0.009402338,99480547.87,1.0627788153137017e-21,2.449461353434952e-09,6.660712312429898e-19,1.5351413822479722e-06
1.5,1e-20,2.48e-32,0.860408253,7928530000000000.0,0.006169083,1.0465420131865621e-21,2.412039249474346e-09,7.019092545618373e-19,1.6177398042696855e-06
1.5,1e-18,2.48e-30,0.860408253,79285300000000.0,0.616908273,1.0465420131865621e-21,2.412039249474346e-09,7.019092545618373e-19,1.6177398042696855e-06
1.5,1e-16,2.4799999999999998e-28,0.860408253,792853000000.0,61.69082726,1.0465420131865621e-21,2.412039249474346e-09,7.019092545618373e-19,1.6177398042696855e-06
1.5,1e-14,2.4800000000000002e-26,0.860408253,7928529724.0,6169.082724,1.0465420131865621e-21,2.412039249474346e-09,7.019092545618373e-19,1.6177398042696855e-06
1.5,1e-12,2.48e-24,0.860408253,79285297.24,616908.2516,1.0465420131865621e-21,2.412039249474346e-09,7.019092545618373e-19,1.6177398042696855e-06
1.5,1e-10,2.48e-22,0.860408253,792852.9724,61690616.92,1.0465420131865621e-21,2.412039249474346e-09,7.019092545618373e-19,1.6177398042696855e-06
1.5,1e-08,2.48e-20,0.860408253,7928.529724,6166980487.0,1.0465420131865621e-21,2.412039249474346e-09,7.019092545618373e-19,1.6177398042696855e-06
1.5,1e-06,2.48e-18,0.860408253,79.28529724,596944000000.0,1.0465420131865621e-21,2.412039249474346e-09,7.019092545618373e-19,1.6177398042696855e-06
1.5,1e-05,2.48e-17,0.860408253,7.928529724,4755210000000.0,1.0465420131865621e-21,2.412039249474346e-09,7.019092545618373e-19,1.6177398042696855e-06
1.5,0.0001,2.48e-16,0.860408253,0.792852972,14789300000000.0,1.0465420131865621e-21,2.412039249474346e-09,7.019092545618373e-19,1.6177398042696855e-06
1.5,0.000562,1.4e-15,0.860408253,0.141077041,4956520000000.0,1.0465420131865621e-21,2.412039249474346e-09,7.019092545618373e-19,1.6177398042696855e-06
1.5,0.000316,7.85e-16,0.860408253,0.250902839,9476050000000.0,1.0465420131865621e-21,2.412039249474346e-09,7.019092545618373e-19,1.6177398042696855e-06
1.5,0.0001778,4.42e-16,0.860408253,0.445924056,13413800000000.0,1.0465420131865621e-21,2.412039249474346e-09,7.019092545618373e-19,1.6177398042696855e-06
1.5,0.001,2.48e-15,0.860408253,0.079285297,1795330000000.0,1.0465420131865621e-21,2.412039249474346e-09,7.019092545618373e-19,1.6177398042696855e-06
1.5,0.00562,1.4e-14,0.860408253,0.014107704,1656442306.0,1.0465420131865621e-21,2.412039249474346e-09,7.019092545618373e-19,1.6177398042696855e-06
1.5,0.00316,7.85e-15,0.860408253,0.025090284,43236862241.0,1.0465420131865621e-21,2.412039249474346e-09,7.019092545618373e-19,1.6177398042696855e-06
1.5,0.001778,4.42e-15,0.860408253,0.044592406,398005000000.0,1.0465420131865621e-21,2.412039249474346e-09,7.019092545618373e-19,1.6177398042696855e-06
1.5,0.01,2.48e-14,0.860408253,0.00792853,13927704.5,1.0465420131865621e-21,2.412039249474346e-09,7.019092545618373e-19,1.6177398042696855e-06
1.55,1e-20,2.93e-32,0.860558349,6722380000000000.0,0.007575532,1.0294855949033318e-21,2.3727281183050046e-09,7.37268116815389e-19,1.699233869961934e-06
1.55,1e-18,2.9299999999999997e-30,0.860558349,67223800000000.0,0.757553177,1.0294855949033318e-21,2.3727281183050046e-09,7.37268116815389e-19,1.699233869961934e-06
1.55,1e-16,2.9299999999999997e-28,0.860558349,672238000000.0,75.75531772,1.0294855949033318e-21,2.3727281183050046e-09,7.37268116815389e-19,1.699233869961934e-06
1.55,1e-14,2.9300000000000003e-26,0.860558349,6722383541.0,7575.531769,1.0294855949033318e-21,2.3727281183050046e-09,7.37268116815389e-19,1.699233869961934e-06
1.55,1e-12,2.9299999999999998e-24,0.860558349,67223835.41,757553.1455,1.0294855949033318e-21,2.3727281183050046e-09,7.37268116815389e-19,1.699233869961934e-06
1.55,1e-10,2.93e-22,0.860558349,672238.3541,75755000.6,1.0294855949033318e-21,2.3727281183050046e-09,7.37268116815389e-19,1.699233869961934e-06
1.55,1e-08,2.93e-20,0.860558349,6722.383541,7572362651.0,1.0294855949033318e-21,2.3727281183050046e-09,7.37268116815389e-19,1.699233869961934e-06
1.55,1e-06,2.93e-18,0.860558349,67.22383541,727793000000.0,1.0294855949033318e-21,2.3727281183050046e-09,7.37268116815389e-19,1.699233869961934e-06
1.55,1e-05,2.93e-17,0.860558349,6.722383541,5575390000000.0,1.0294855949033318e-21,2.3727281183050046e-09,7.37268116815389e-19,1.699233869961934e-06
1.55,0.0001,2.93e-16,0.860558349,0.672238354,14655500000000.0,1.0294855949033318e-21,2.3727281183050046e-09,7.37268116815389e-19,1.699233869961934e-06
1.55,0.000562,1.65e-15,0.860558349,0.119615366,3618610000000.0,1.0294855949033318e-21,2.3727281183050046e-09,7.37268116815389e-19,1.699233869961934e-06
1.55,0.000316,9.26e-16,0.860558349,0.212733656,7808000000000.0,1.0294855949033318e-21,2.3727281183050046e-09,7.37268116815389e-19,1.699233869961934e-06
1.55,0.0001778,5.21e-16,0.860558349,0.378086813,12227500000000.0,1.0294855949033318e-21,2.3727281183050046e-09,7.37268116815389e-19,1.699233869961934e-06
1.55,0.001,2.93e-15,0.860558349,0.067223835,1120750000000.0,1.0294855949033318e-21,2.3727281183050046e-09,7.37268116815389e-19,1.699233869961934e-06
1.55,0.00562,1.65e-14,0.860558349,0.011961537,370528589.4,1.0294855949033318e-21,2.3727281183050046e-09,7.37268116815389e-19,1.699233869961934e-06
1.55,0.00316,9.26e-15,0.860558349,0.021273366,15548399946.0,1.0294855949033318e-21,2.3727281183050046e-09,7.37268116815389e-19,1.699233869961934e-06
1.55,0.001778,5.21e-15,0.860558349,0.037808681,198576000000.0,1.0294855949033318e-21,2.3727281183050046e-09,7.37268116815389e-19,1.699233869961934e-06
1.55,0.01,2.93e-14,0.860558349,0.006722384,1564507.296,1.0294855949033318e-21,2.3727281183050046e-09,7.37268116815389e-19,1.699233869961934e-06
1.6,1e-20,3.44e-32,0.86073164,5728510000000000.0,0.009250492,1.0115681017738004e-21,2.3314324071571786e-09,7.719281419586501e-19,1.7791172764376664e-06
1.6,1e-18,3.44e-30,0.86073164,57285100000000.0,0.925049247,1.0115681017738004e-21,2.3314324071571786e-09,7.719281419586501e-19,1.7791172764376664e-06
1.6,1e-16,3.44e-28,0.86073164,572851000000.0,92.50492471,1.0115681017738004e-21,2.3314324071571786e-09,7.719281419586501e-19,1.7791172764376664e-06
1.6,1e-14,3.44e-26,0.86073164,5728512340.0,9250.492467,1.0115681017738004e-21,2.3314324071571786e-09,7.719281419586501e-19,1.7791172764376664e-06
1.6,1e-12,3.44e-24,0.86073164,57285123.4,925049.1999,1.0115681017738004e-21,2.3314324071571786e-09,7.719281419586501e-19,1.7791172764376664e-06
1.6,1e-10,3.44e-22,0.86073164,572851.234,92504451.95,1.0115681017738004e-21,2.3314324071571786e-09,7.719281419586501e-19,1.7791172764376664e-06
1.6,1e-08,3.44e-20,0.86073164,5728.51234,9245768664.0,1.0115681017738004e-21,2.3314324071571786e-09,7.719281419586501e-19,1.7791172764376664e-06
1.6,1e-06,3.44e-18,0.86073164,57.2851234,881270000000.0,1.0115681017738004e-21,2.3314324071571786e-09,7.719281419586501e-19,1.7791172764376664e-06
1.6,1e-05,3.44e-17,0.86073164,5.72851234,6464880000000.0,1.0115681017738004e-21,2.3314324071571786e-09,7.719281419586501e-19,1.7791172764376664e-06
1.6,0.0001,3.44e-16,0.86073164,0.572851234,14146600000000.0,1.0115681017738004e-21,2.3314324071571786e-09,7.719281419586501e-19,1.7791172764376664e-06
1.6,0.000562,1.93e-15,0.86073164,0.101930825,2539500000000.0,1.0115681017738004e-21,2.3314324071571786e-09,7.719281419586501e-19,1.7791172764376664e-06
1.6,0.000316,1.09e-15,0.86073164,0.181282036,6222310000000.0,1.0115681017738004e-21,2.3314324071571786e-09,7.719281419586501e-19,1.7791172764376664e-06
1.6,0.0001778,6.11e-16,0.86073164,0.322188546,10815900000000.0,1.0115681017738004e-21,2.3314324071571786e-09,7.719281419586501e-19,1.7791172764376664e-06
1.6,0.001,3.44e-15,0.86073164,0.057285123,662721000000.0,1.0115681017738004e-21,2.3314324071571786e-09,7.719281419586501e-19,1.7791172764376664e-06
1.6,0.00562,1.93e-14,0.86073164,0.010193082,70114104.12,1.0115681017738004e-21,2.3314324071571786e-09,7.719281419586501e-19,1.7791172764376664e-06
1.6,0.00316,1.09e-14,0.86073164,0.018128204,4986338308.0,1.0115681017738004e-21,2.3314324071571786e-09,7.719281419586501e-19,1.7791172764376664e-06
1.6,0.001778,6.11e-15,0.86073164,0.032218855,91480226516.0,1.0115681017738004e-21,2.3314324071571786e-09,7.719281419586501e-19,1.7791172764376664e-06
1.6,0.01,3.44e-14,0.86073164,0.005728512,136898.0547,1.0115681017738004e-21,2.3314324071571786e-09,7.719281419586501e-19,1.7791172764376664e-06
1.65,1e-20,4.0200000000000005e-32,0.860936547,4904360000000000.0,0.011237941,9.927429116357016e-22,2.2880446626425997e-09,8.056501012289411e-19,1.8568386562812268e-06
1.65,1e-18,4.0199999999999995e-30,0.860936547,49043600000000.0,1.123794142,9.927429116357016e-22,2.2880446626425997e-09,8.056501012289411e-19,1.8568386562812268e-06
1.65,1e-16,4.0199999999999998e-28,0.860936547,490436000000.0,112.3794142,9.927429116357016e-22,2.2880446626425997e-09,8.056501012289411e-19,1.8568386562812268e-06
1.65,1e-14,4.02e-26,0.860936547,4904363272.0,11237.94141,9.927429116357016e-22,2.2880446626425997e-09,8.056501012289411e-19,1.8568386562812268e-06
1.65,1e-12,4.02e-24,0.860936547,49043632.72,1123794.072,9.927429116357016e-22,2.2880446626425997e-09,8.056501012289411e-19,1.8568386562812268e-06
1.65,1e-10,4.02e-22,0.860936547,490436.3272,112378716.6,9.927429116357016e-22,2.2880446626425997e-09,8.056501012289411e-19,1.8568386562812268e-06
1.65,1e-08,4.02e-20,0.860936547,4904.363272,11230972616.0,9.927429116357016e-22,2.2880446626425997e-09,8.056501012289411e-19,1.8568386562812268e-06
1.65,1e-06,4.02e-18,0.860936547,49.04363272,1060190000000.0,9.927429116357016e-22,2.2880446626425997e-09,8.056501012289411e-19,1.8568386562812268e-06
1.65,1e-05,4.02e-17,0.860936547,4.904363272,7413530000000.0,9.927429116357016e-22,2.2880446626425997e-09,8.056501012289411e-19,1.8568386562812268e-06
1.65,0.0001,4.02e-16,0.860936547,0.490436327,13301400000000.0,9.927429116357016e-22,2.2880446626425997e-09,8.056501012289411e-19,1.8568386562812268e-06
1.65,0.000562,2.26e-15,0.860936547,0.08726625,1709910000000.0,9.927429116357016e-22,2.2880446626425997e-09,8.056501012289411e-19,1.8568386562812268e-06
1.65,0.000316,1.27e-15,0.860936547,0.155201369,4796360000000.0,9.927429116357016e-22,2.2880446626425997e-09,8.056501012289411e-19,1.8568386562812268e-06
1.65,0.0001778,7.14e-16,0.860936547,0.275835955,9287610000000.0,9.927429116357016e-22,2.2880446626425997e-09,8.056501012289411e-19,1.8568386562812268e-06
1.65,0.001,4.02e-15,0.860936547,0.049043633,369362000000.0,9.927429116357016e-22,2.2880446626425997e-09,8.056501012289411e-19,1.8568386562812268e-06
1.65,0.00562,2.26e-14,0.860936547,0.008726625,11078177.83,9.927429116357016e-22,2.2880446626425997e-09,8.056501012289411e-19,1.8568386562812268e-06
1.65,0.00316,1.27e-14,0.860936547,0.015520137,1411711296.0,9.927429116357016e-22,2.2880446626425997e-09,8.056501012289411e-19,1.8568386562812268e-06
1.65,0.001778,7.14e-15,0.860936547,0.027583595,38648948949.0,9.927429116357016e-22,2.2880446626425997e-09,8.056501012289411e-19,1.8568386562812268e-06
1.65,0.01,4.02e-14,0.860936547,0.004904363,8782.787526,9.927429116357016e-22,2.2880446626425997e-09,8.056501012289411e-19,1.8568386562812268e-06
1.7,1e-20,4.67e-32,0.861179197,4216960000000000.0,0.013588407,9.729573383985082e-22,2.242443455409506e-09,8.381725304717536e-19,1.9317953945998936e-06
1.7,1e-18,4.6699999999999995e-30,0.861179197,42169600000000.0,1.358840746,9.729573383985082e-22,2.242443455409506e-09,8.381725304717536e-19,1.9317953945998936e-06
1.7,1e-16,4.6699999999999995e-28,0.861179197,421696000000.0,135.8840746,9.729573383985082e-22,2.242443455409506e-09,8.381725304717536e-19,1.9317953945998936e-06
1.7,1e-14,4.67e-26,0.861179197,4216958484.0,13588.40745,9.729573383985082e-22,2.242443455409506e-09,8.381725304717536e-19,1.9317953945998936e-06
1.7,1e-12,4.67e-24,0.861179197,42169584.84,1358840.644,9.729573383985082e-22,2.242443455409506e-09,8.381725304717536e-19,1.9317953945998936e-06
1.7,1e-10,4.67e-22,0.861179197,421695.8484,135883055.1,9.729573383985082e-22,2.242443455409506e-09,8.381725304717536e-19,1.9317953945998936e-06
1.7,1e-08,4.67e-20,0.861179197,4216.958484,13578223630.0,9.729573383985082e-22,2.242443455409506e-09,8.381725304717536e-19,1.9317953945998936e-06
1.7,1e-06,4.67e-18,0.861179197,42.16958484,1267520000000.0,9.729573383985082e-22,2.242443455409506e-09,8.381725304717536e-19,1.9317953945998936e-06
1.7,1e-05,4.67e-17,0.861179197,4.216958484,8406600000000.0,9.729573383985082e-22,2.242443455409506e-09,8.381725304717536e-19,1.9317953945998936e-06
1.7,0.0001,4.67e-16,0.861179197,0.421695848,12183400000000.0,9.729573383985082e-22,2.242443455409506e-09,8.381725304717536e-19,1.9317953945998936e-06
1.7,0.000562,2.63e-15,0.861179197,0.075034848,1101500000000.0,9.729573383985082e-22,2.242443455409506e-09,8.381725304717536e-19,1.9317953945998936e-06
1.7,0.000316,1.48e-15,0.861179197,0.133448053,3574640000000.0,9.729573383985082e-22,2.242443455409506e-09,8.381725304717536e-19,1.9317953945998936e-06
1.7,0.0001778,8.31e-16,0.861179197,0.237174268,7744640000000.0,9.729573383985082e-22,2.242443455409506e-09,8.381725304717536e-19,1.9317953945998936e-06
1.7,0.001,4.67e-15,0.861179197,0.042169585,192959000000.0,9.729573383985082e-22,2.242443455409506e-09,8.381725304717536e-19,1.9317953945998936e-06
1.7,0.00562,2.63e-14,0.861179197,0.007503485,1440118.271,9.729573383985082e-22,2.242443455409506e-09,8.381725304717536e-19,1.9317953945998936e-06
1.7,0.00316,1.48e-14,0.861179197,0.013344805,348805240.4,9.729573383985082e-22,2.242443455409506e-09,8.381725304717536e-19,1.9317953945998936e-06
1.7,0.001778,8.31e-15,0.861179197,0.023717427,14869165645.0,9.729573383985082e-22,2.242443455409506e-09,8.381725304717536e-19,1.9317953945998936e-06
1.7,0.01,4.67e-14,0.861179197,0.004216958,375.9160357,9.729573383985082e-22,2.242443455409506e-09,8.381725304717536e-19,1.9317953945998936e-06
1.75,1e-20,5.410000000000001e-32,0.861463456,3640520000000000.0,0.016359909,9.521515140711509e-22,2.1944908034730106e-09,8.69208455653671e-19,2.0033260820823743e-06
1.75,1e-18,5.41e-30,0.861463456,36405200000000.0,1.635990881,9.521515140711509e-22,2.1944908034730106e-09,8.69208455653671e-19,2.0033260820823743e-06
1.75,1e-16,5.4099999999999995e-28,0.861463456,364052000000.0,163.5990881,9.521515140711509e-22,2.1944908034730106e-09,8.69208455653671e-19,2.0033260820823743e-06
1.75,1e-14,5.410000000000001e-26,0.861463456,3640520833.0,16359.9088,9.521515140711509e-22,2.1944908034730106e-09,8.69208455653671e-19,2.0033260820823743e-06
1.75,1e-12,5.41e-24,0.861463456,36405208.33,1635990.733,9.521515140711509e-22,2.1944908034730106e-09,8.69208455653671e-19,2.0033260820823743e-06
1.75,1e-10,5.41e-22,0.861463456,364052.0833,163597610.7,9.521515140711509e-22,2.1944908034730106e-09,8.69208455653671e-19,2.0033260820823743e-06
1.75,1e-08,5.41e-20,0.861463456,3640.520833,16345155527.0,9.521515140711509e-22,2.1944908034730106e-09,8.69208455653671e-19,2.0033260820823743e-06
1.75,1e-06,5.41e-18,0.861463456,36.40520833,1506340000000.0,9.521515140711509e-22,2.1944908034730106e-09,8.69208455653671e-19,2.0033260820823743e-06
1.75,1e-05,5.41e-17,0.861463456,3.640520833,9424370000000.0,9.521515140711509e-22,2.1944908034730106e-09,8.69208455653671e-19,2.0033260820823743e-06
1.75,0.0001,5.41e-16,0.861463456,0.364052083,10871900000000.0,9.521515140711509e-22,2.1944908034730106e-09,8.69208455653671e-19,2.0033260820823743e-06
1.75,0.000562,3.04e-15,0.861463456,0.064777951,676354000000.0,9.521515140711509e-22,2.1944908034730106e-09,8.69208455653671e-19,2.0033260820823743e-06
1.75,0.000316,1.71e-15,0.861463456,0.115206355,2572990000000.0,9.521515140711509e-22,2.1944908034730106e-09,8.69208455653671e-19,2.0033260820823743e-06
1.75,0.0001778,9.62e-16,0.861463456,0.204753703,6272210000000.0,9.521515140711509e-22,2.1944908034730106e-09,8.69208455653671e-19,2.0033260820823743e-06
1.75,0.001,5.41e-15,0.861463456,0.036405208,93933561483.0,9.521515140711509e-22,2.1944908034730106e-09,8.69208455653671e-19,2.0033260820823743e-06
1.75,0.00562,3.04e-14,0.861463456,0.006477795,150028.5254,9.521515140711509e-22,2.1944908034730106e-09,8.69208455653671e-19,2.0033260820823743e-06
1.75,0.00316,1.71e-14,0.861463456,0.011520636,74314881.16,9.521515140711509e-22,2.1944908034730106e-09,8.69208455653671e-19,2.0033260820823743e-06
1.75,0.001778,9.62e-15,0.861463456,0.02047537,5168756285.0,9.521515140711509e-22,2.1944908034730106e-09,8.69208455653671e-19,2.0033260820823743e-06
1.75,0.01,5.41e-14,0.861463456,0.003640521,9.585164813,9.521515140711509e-22,2.1944908034730106e-09,8.69208455653671e-19,2.0033260820823743e-06
1.8,1e-20,6.240000000000001e-32,0.861791151,3154730000000000.0,0.019619051,9.302569853628403e-22,2.1440289377019578e-09,8.984413522288536e-19,2.070701202265528e-06
1.8,1e-18,6.2399999999999995e-30,0.861791151,31547300000000.0,1.96190506,9.302569853628403e-22,2.1440289377019578e-09,8.984413522288536e-19,2.070701202265528e-06
1.8,1e-16,6.24e-28,0.861791151,315473000000.0,196.190506,9.302569853628403e-22,2.1440289377019578e-09,8.984413522288536e-19,2.070701202265528e-06
1.8,1e-14,6.240000000000001e-26,0.861791151,3154734172.0,19619.05058,9.302569853628403e-22,2.1440289377019578e-09,8.984413522288536e-19,2.070701202265528e-06
1.8,1e-12,6.24e-24,0.861791151,31547341.72,1961904.848,9.302569853628403e-22,2.1440289377019578e-09,8.984413522288536e-19,2.070701202265528e-06
1.8,1e-10,6.24e-22,0.861791151,315473.4172,196188382.1,9.302569853628403e-22,2.1440289377019578e-09,8.984413522288536e-19,2.070701202265528e-06
1.8,1e-08,6.24e-20,0.861791151,3154.734172,19597847682.0,9.302569853628403e-22,2.1440289377019578e-09,8.984413522288536e-19,2.070701202265528e-06
1.8,1e-06,6.24e-18,0.861791151,31.54734172,1779800000000.0,9.302569853628403e-22,2.1440289377019578e-09,8.984413522288536e-19,2.070701202265528e-06
1.8,1e-05,6.24e-17,0.861791151,3.154734172,10442200000000.0,9.302569853628403e-22,2.1440289377019578e-09,8.984413522288536e-19,2.070701202265528e-06
1.8,0.0001,6.24e-16,0.861791151,0.315473417,9452770000000.0,9.302569853628403e-22,2.1440289377019578e-09,8.984413522288536e-19,2.070701202265528e-06
1.8,0.000562,3.51e-15,0.861791151,0.05613406,394129000000.0,9.302569853628403e-22,2.1440289377019578e-09,8.984413522288536e-19,2.070701202265528e-06
1.8,0.000316,1.97e-15,0.861791151,0.09983336,1785420000000.0,9.302569853628403e-22,2.1440289377019578e-09,8.984413522288536e-19,2.070701202265528e-06
1.8,0.0001778,1.11e-15,0.861791151,0.177431618,4932830000000.0,9.302569853628403e-22,2.1440289377019578e-09,8.984413522288536e-19,2.070701202265528e-06
1.8,0.001,6.24e-15,0.861791151,0.031547342,42354080135.0,9.302569853628403e-22,2.1440289377019578e-09,8.984413522288536e-19,2.070701202265528e-06
1.8,0.00562,3.51e-14,0.861791151,0.005613406,11908.66441,9.302569853628403e-22,2.1440289377019578e-09,8.984413522288536e-19,2.070701202265528e-06
1.8,0.00316,1.97e-14,0.861791151,0.009983336,13494560.9,9.302569853628403e-22,2.1440289377019578e-09,8.984413522288536e-19,2.070701202265528e-06
1.8,0.001778,1.11e-14,0.861791151,0.017743162,1608922978.0,9.302569853628403e-22,2.1440289377019578e-09,8.984413522288536e-19,2.070701202265528e-06
1.8,0.01,6.24e-14,0.861791151,0.003154734,0.129349061,9.302569853628403e-22,2.1440289377019578e-09,8.984413522288536e-19,2.070701202265528e-06
1.85,1e-20,7.18e-32,0.862162407,2743460000000000.0,0.023442332,9.071949302926202e-22,2.090876191513073e-09,9.255200982010712e-19,2.1331114995001897e-06
1.85,1e-18,7.18e-30,0.862162407,27434600000000.0,2.34423324,9.071949302926202e-22,2.090876191513073e-09,9.255200982010712e-19,2.1331114995001897e-06
1.85,1e-16,7.18e-28,0.862162407,274346000000.0,234.423324,9.071949302926202e-22,2.090876191513073e-09,9.255200982010712e-19,2.1331114995001897e-06
1.85,1e-14,7.18e-26,0.862162407,2743459248.0,23442.33237,9.071949302926202e-22,2.090876191513073e-09,9.255200982010712e-19,2.1331114995001897e-06
1.85,1e-12,7.18e-24,0.862162407,27434592.48,2344232.937,9.071949302926202e-22,2.090876191513073e-09,9.255200982010712e-19,2.1331114995001897e-06
1.85,1e-10,7.18e-22,0.862162407,274345.9248,234420293.0,9.071949302926202e-22,2.090876191513073e-09,9.255200982010712e-19,2.1331114995001897e-06
1.85,1e-08,7.18e-20,0.862162407,2743.459248,23412083401.0,9.071949302926202e-22,2.090876191513073e-09,9.255200982010712e-19,2.1331114995001897e-06
1.85,1e-06,7.18e-18,0.862162407,27.43459248,2091090000000.0,9.071949302926202e-22,2.090876191513073e-09,9.255200982010712e-19,2.1331114995001897e-06
1.85,1e-05,7.18e-17,0.862162407,2.743459248,11431100000000.0,9.071949302926202e-22,2.090876191513073e-09,9.255200982010712e-19,2.1331114995001897e-06
1.85,0.0001,7.18e-16,0.862162407,0.274345925,8008560000000.0,9.071949302926202e-22,2.090876191513073e-09,9.255200982010712e-19,2.1331114995001897e-06
1.85,0.000562,4.04e-15,0.862162407,0.048816001,216891000000.0,9.071949302926202e-22,2.090876191513073e-09,9.255200982010712e-19,2.1331114995001897e-06
1.85,0.000316,2.27e-15,0.862162407,0.086818331,1191310000000.0,9.071949302926202e-22,2.090876191513073e-09,9.255200982010712e-19,2.1331114995001897e-06
1.85,0.0001778,1.28e-15,0.862162407,0.154300295,3765150000000.0,9.071949302926202e-22,2.090876191513073e-09,9.255200982010712e-19,2.1331114995001897e-06
1.85,0.001,7.18e-15,0.862162407,0.027434592,17576463983.0,9.071949302926202e-22,2.090876191513073e-09,9.255200982010712e-19,2.1331114995001897e-06
1.85,0.00562,4.04e-14,0.862162407,0.0048816,666.585054,9.071949302926202e-22,2.090876191513073e-09,9.255200982010712e-19,2.1331114995001897e-06
1.85,0.00316,2.27e-14,0.862162407,0.008681833,2061699.352,9.071949302926202e-22,2.090876191513073e-09,9.255200982010712e-19,2.1331114995001897e-06
1.85,0.001778,1.28e-14,0.862162407,0.01543003,443916431.5,9.071949302926202e-22,2.090876191513073e-09,9.255200982010712e-19,2.1331114995001897e-06
1.85,0.01,7.18e-14,0.862162407,0.002743459,0.000818646,9.071949302926202e-22,2.090876191513073e-09,9.255200982010712e-19,2.1331114995001897e-06
1.9,1e-20,8.23e-32,0.862576125,2393780000000000.0,0.027917756,8.828738607212253e-22,2.034821705733969e-09,9.500525839999853e-19,2.1896532511819773e-06
1.9,1e-18,8.23e-30,0.862576125,23937800000000.0,2.79177563,8.828738607212253e-22,2.034821705733969e-09,9.500525839999853e-19,2.1896532511819773e-06
1.9,1e-16,8.23e-28,0.862576125,239378000000.0,279.177563,8.828738607212253e-22,2.034821705733969e-09,9.500525839999853e-19,2.1896532511819773e-06
1.9,1e-14,8.230000000000001e-26,0.862576125,2393776979.0,27917.75626,8.828738607212253e-22,2.034821705733969e-09,9.500525839999853e-19,2.1896532511819773e-06
1.9,1e-12,8.23e-24,0.862576125,23937769.79,2791775.2,8.828738607212253e-22,2.034821705733969e-09,9.500525839999853e-19,2.1896532511819773e-06
1.9,1e-10,8.23e-22,0.862576125,239377.6979,279173266.2,8.828738607212253e-22,2.034821705733969e-09,9.500525839999853e-19,2.1896532511819773e-06
1.9,1e-08,8.23e-20,0.862576125,2393.776979,27874892130.0,8.828738607212253e-22,2.034821705733969e-09,9.500525839999853e-19,2.1896532511819773e-06
1.9,1e-06,8.23e-18,0.862576125,23.93776979,2443330000000.0,8.828738607212253e-22,2.034821705733969e-09,9.500525839999853e-19,2.1896532511819773e-06
1.9,1e-05,8.23e-17,0.862576125,2.393776979,12358300000000.0,8.828738607212253e-22,2.034821705733969e-09,9.500525839999853e-19,2.1896532511819773e-06
1.9,0.0001,8.23e-16,0.862576125,0.239377698,6610820000000.0,8.828738607212253e-22,2.034821705733969e-09,9.500525839999853e-19,2.1896532511819773e-06
1.9,0.000562,4.63e-15,0.862576125,0.042593896,112121000000.0,8.828738607212253e-22,2.034821705733969e-09,9.500525839999853e-19,2.1896532511819773e-06
1.9,0.000316,2.6e-15,0.862576125,0.075752436,761843000000.0,8.828738607212253e-22,2.034821705733969e-09,9.500525839999853e-19,2.1896532511819773e-06
1.9,0.0001778,1.46e-15,0.862576125,0.134633126,2786170000000.0,8.828738607212253e-22,2.034821705733969e-09,9.500525839999853e-19,2.1896532511819773e-06
1.9,0.001,8.23e-15,0.862576125,0.02393777,6666313240.0,8.828738607212253e-22,2.034821705733969e-09,9.500525839999853e-19,2.1896532511819773e-06
1.9,0.00562,4.63e-14,0.862576125,0.00425939,23.93891997,8.828738607212253e-22,2.034821705733969e-09,9.500525839999853e-19,2.1896532511819773e-06
1.9,0.00316,2.6e-14,0.862576125,0.007575244,259528.2302,8.828738607212253e-22,2.034821705733969e-09,9.500525839999853e-19,2.1896532511819773e-06
1.9,0.001778,1.46e-14,0.862576125,0.013463313,107385183.3,8.828738607212253e-22,2.034821705733969e-09,9.500525839999853e-19,2.1896532511819773e-06
1.9,0.01,8.23e-14,0.862576125,0.002393777,2.14e-06,8.828738607212253e-22,2.034821705733969e-09,9.500525839999853e-19,2.1896532511819773e-06
1.95,1e-20,9.4e-32,0.86303044,2095270000000000.0,0.033146825,8.571866167905735e-22,1.9756185014756912e-09,9.715974969528256e-19,2.239309332843264e-06
1.95,1e-18,9.4e-30,0.86303044,20952700000000.0,3.314682491,8.571866167905735e-22,1.9756185014756912e-09,9.715974969528256e-19,2.239309332843264e-06
1.95,1e-16,9.4e-28,0.86303044,209527000000.0,331.4682491,8.571866167905735e-22,1.9756185014756912e-09,9.715974969528256e-19,2.239309332843264e-06
1.95,1e-14,9.400000000000001e-26,0.86303044,2095272573.0,33146.82485,8.571866167905735e-22,1.9756185014756912e-09,9.715974969528256e-19,2.239309332843264e-06
1.95,1e-12,9.4e-24,0.86303044,20952725.73,3314681.885,8.571866167905735e-22,1.9756185014756912e-09,9.715974969528256e-19,2.239309332843264e-06
1.95,1e-10,9.4e-22,0.86303044,209527.2573,331462195.2,8.571866167905735e-22,1.9756185014756912e-09,9.715974969528256e-19,2.239309332843264e-06
1.95,1e-08,9.4e-20,0.86303044,2095.272573,33086458837.0,8.571866167905735e-22,1.9756185014756912e-09,9.715974969528256e-19,2.239309332843264e-06
1.95,1e-06,9.4e-18,0.86303044,20.95272573,2839560000000.0,8.571866167905735e-22,1.9756185014756912e-09,9.715974969528256e-19,2.239309332843264e-06
1.95,1e-05,9.4e-17,0.86303044,2.095272573,13188800000000.0,8.571866167905735e-22,1.9756185014756912e-09,9.715974969528256e-19,2.239309332843264e-06
1.95,0.0001,9.4e-16,0.86303044,0.209527257,5315270000000.0,8.571866167905735e-22,1.9756185014756912e-09,9.715974969528256e-19,2.239309332843264e-06
1.95,0.000562,5.28e-15,0.86303044,0.03728243,54144694878.0,8.571866167905735e-22,1.9756185014756912e-09,9.715974969528256e-19,2.239309332843264e-06
1.95,0.000316,2.97e-15,0.86303044,0.066306094,465102000000.0,8.571866167905735e-22,1.9756185014756912e-09,9.715974969528256e-19,2.239309332843264e-06
1.95,0.0001778,1.67e-15,0.86303044,0.117844352,1995440000000.0,8.571866167905735e-22,1.9756185014756912e-09,9.715974969528256e-19,2.239309332843264e-06
1.95,0.001,9.4e-15,0.86303044,0.020952726,2292163402.0,8.571866167905735e-22,1.9756185014756912e-09,9.715974969528256e-19,2.239309332843264e-06
1.95,0.00562,5.28e-14,0.86303044,0.003728243,0.49840251,8.571866167905735e-22,1.9756185014756912e-09,9.715974969528256e-19,2.239309332843264e-06
1.95,0.00316,2.97e-14,0.86303044,0.006630609,25890.09959,8.571866167905735e-22,1.9756185014756912e-09,9.715974969528256e-19,2.239309332843264e-06
1.95,0.001778,1.67e-14,0.86303044,0.011784435,22526826.71,8.571866167905735e-22,1.9756185014756912e-09,9.715974969528256e-19,2.239309332843264e-06
1.95,0.01,9.4e-14,0.86303044,0.002095273,2e-09,8.571866167905735e-22,1.9756185014756912e-09,9.715974969528256e-19,2.239309332843264e-06
2.0,1e-20,1.07e-31,0.863522988,1839500000000000.0,0.039247026,8.300063660772942e-22,1.912974259099446e-09,9.896535742014213e-19,2.2809244485924583e-06
2.0,1e-18,1.0700000000000001e-29,0.863522988,18395000000000.0,3.924702554,8.300063660772942e-22,1.912974259099446e-09,9.896535742014213e-19,2.2809244485924583e-06
2.0,1e-16,1.07e-27,0.863522988,183950000000.0,392.4702554,8.300063660772942e-22,1.912974259099446e-09,9.896535742014213e-19,2.2809244485924583e-06
2.0,1e-14,1.07e-25,0.863522988,1839496962.0,39247.02545,8.300063660772942e-22,1.912974259099446e-09,9.896535742014213e-19,2.2809244485924583e-06
2.0,1e-12,1.0699999999999998e-23,0.863522988,18394969.62,3924701.705,8.300063660772942e-22,1.912974259099446e-09,9.896535742014213e-19,2.2809244485924583e-06
2.0,1e-10,1.07e-21,0.863522988,183949.6962,392461773.0,8.300063660772942e-22,1.912974259099446e-09,9.896535742014213e-19,2.2809244485924583e-06
2.0,1e-08,1.07e-19,0.863522988,1839.496962,39162488560.0,8.300063660772942e-22,1.912974259099446e-09,9.896535742014213e-19,2.2809244485924583e-06
2.0,1e-06,1.07e-17,0.863522988,18.39496962,3282630000000.0,8.300063660772942e-22,1.912974259099446e-09,9.896535742014213e-19,2.2809244485924583e-06
2.0,1e-05,1.07e-16,0.863522988,1.839496962,13887300000000.0,8.300063660772942e-22,1.912974259099446e-09,9.896535742014213e-19,2.2809244485924583e-06
2.0,0.0001,1.07e-15,0.863522988,0.183949696,4159840000000.0,8.300063660772942e-22,1.912974259099446e-09,9.896535742014213e-19,2.2809244485924583e-06
2.0,0.000562,6.02e-15,0.863522988,0.032731263,24280614554.0,8.300063660772942e-22,1.912974259099446e-09,9.896535742014213e-19,2.2809244485924583e-06
2.0,0.000316,3.38e-15,0.863522988,0.058211929,269842000000.0,8.300063660772942e-22,1.912974259099446e-09,9.896535742014213e-19,2.2809244485924583e-06
2.0,0.0001778,1.9e-15,0.863522988,0.103458772,1379930000000.0,8.300063660772942e-22,1.912974259099446e-09,9.896535742014213e-19,2.2809244485924583e-06
2.0,0.001,1.07e-14,0.863522988,0.01839497,707849970.2,8.300063660772942e-22,1.912974259099446e-09,9.896535742014213e-19,2.2809244485924583e-06
2.0,0.00562,6.02e-14,0.863522988,0.003273126,0.005413644,8.300063660772942e-22,1.912974259099446e-09,9.896535742014213e-19,2.2809244485924583e-06
2.0,0.00316,3.38e-14,0.863522988,0.005821193,1924.291408,8.300063660772942e-22,1.912974259099446e-09,9.896535742014213e-19,2.2809244485924583e-06
2.0,0.001778,1.9e-14,0.863522988,0.010345877,4050355.96,8.300063660772942e-22,1.912974259099446e-09,9.896535742014213e-19,2.2809244485924583e-06
2.0,0.01,1.07e-13,0.863522988,0.001839497,5.74e-13,8.300063660772942e-22,1.912974259099446e-09,9.896535742014213e-19,2.2809244485924583e-06
2.05,1e-20,1.2200000000000001e-31,0.864051063,1619560000000000.0,0.046354982,8.011811712195306e-22,1.8465387978426432e-09,1.0036452629663059e-18,2.3131720813124975e-06
2.05,1e-18,1.2200000000000001e-29,0.864051063,16195600000000.0,4.635498171,8.011811712195306e-22,1.8465387978426432e-09,1.0036452629663059e-18,2.3131720813124975e-06
2.05,1e-16,1.2200000000000002e-27,0.864051063,161956000000.0,463.5498171,8.011811712195306e-22,1.8465387978426432e-09,1.0036452629663059e-18,2.3131720813124975e-06
2.05,1e-14,1.22e-25,0.864051063,1619556411.0,46354.9816,8.011811712195306e-22,1.8465387978426432e-09,1.0036452629663059e-18,2.3131720813124975e-06
2.05,1e-12,1.2199999999999999e-23,0.864051063,16195564.11,4635496.989,8.011811712195306e-22,1.8465387978426432e-09,1.0036452629663059e-18,2.3131720813124975e-06
2.05,1e-10,1.2200000000000001e-21,0.864051063,161955.6411,463537991.4,8.011811712195306e-22,1.8465387978426432e-09,1.0036452629663059e-18,2.3131720813124975e-06
2.05,1e-08,1.22e-19,0.864051063,1619.556411,46237195316.0,8.011811712195306e-22,1.8465387978426432e-09,1.0036452629663059e-18,2.3131720813124975e-06
2.05,1e-06,1.22e-17,0.864051063,16.19556411,3775100000000.0,8.011811712195306e-22,1.8465387978426432e-09,1.0036452629663059e-18,2.3131720813124975e-06
2.05,1e-05,1.22e-16,0.864051063,1.619556411,14420000000000.0,8.011811712195306e-22,1.8465387978426432e-09,1.0036452629663059e-18,2.3131720813124975e-06
2.05,0.0001,1.22e-15,0.864051063,0.161955641,3165400000000.0,8.011811712195306e-22,1.8465387978426432e-09,1.0036452629663059e-18,2.3131720813124975e-06
2.05,0.000562,6.84e-15,0.864051063,0.02881773,10044155372.0,8.011811712195306e-22,1.8465387978426432e-09,1.0036452629663059e-18,2.3131720813124975e-06
2.05,0.000316,3.84e-15,0.864051063,0.051251785,148036000000.0,8.011811712195306e-22,1.8465387978426432e-09,1.0036452629663059e-18,2.3131720813124975e-06
2.05,0.0001778,2.16e-15,0.864051063,0.091088662,918638000000.0,8.011811712195306e-22,1.8465387978426432e-09,1.0036452629663059e-18,2.3131720813124975e-06
2.05,0.001,1.22e-14,0.864051063,0.016195564,194276544.1,8.011811712195306e-22,1.8465387978426432e-09,1.0036452629663059e-18,2.3131720813124975e-06
2.05,0.00562,6.84e-14,0.864051063,0.002881773,2.74e-05,8.011811712195306e-22,1.8465387978426432e-09,1.0036452629663059e-18,2.3131720813124975e-06
2.05,0.00316,3.84e-14,0.864051063,0.005125179,98.38972795,8.011811712195306e-22,1.8465387978426432e-09,1.0036452629663059e-18,2.3131720813124975e-06
2.05,0.001778,2.16e-14,0.864051063,0.009108866,613990.7055,8.011811712195306e-22,1.8465387978426432e-09,1.0036452629663059e-18,2.3131720813124975e-06
2.05,0.01,1.22e-13,0.864051063,0.001619556,4.18e-17,8.011811712195306e-22,1.8465387978426432e-09,1.0036452629663059e-18,2.3131720813124975e-06
2.1,1e-20,1.38e-31,0.864611723,1429800000000000.0,0.054630555,7.705264435231667e-22,1.7758866831124942e-09,1.0129031459479007e-18,2.3345093777012538e-06
2.1,1e-18,1.38e-29,0.864611723,14298000000000.0,5.463055473,7.705264435231667e-22,1.7758866831124942e-09,1.0129031459479007e-18,2.3345093777012538e-06
2.1,1e-16,1.3800000000000002e-27,0.864611723,142980000000.0,546.3055472,7.705264435231667e-22,1.7758866831124942e-09,1.0129031459479007e-18,2.3345093777012538e-06
2.1,1e-14,1.38e-25,0.864611723,1429796321.0,54630.55456,7.705264435231667e-22,1.7758866831124942e-09,1.0129031459479007e-18,2.3345093777012538e-06
2.1,1e-12,1.3799999999999998e-23,0.864611723,14297963.21,5463053.831,7.705264435231667e-22,1.7758866831124942e-09,1.0129031459479007e-18,2.3345093777012538e-06
2.1,1e-10,1.38e-21,0.864611723,142979.6321,546289132.8,7.705264435231667e-22,1.7758866831124942e-09,1.0129031459479007e-18,2.3345093777012538e-06
2.1,1e-08,1.38e-19,0.864611723,1429.796321,54467180605.0,7.705264435231667e-22,1.7758866831124942e-09,1.0129031459479007e-18,2.3345093777012538e-06
2.1,1e-06,1.38e-17,0.864611723,14.29796321,4319160000000.0,7.705264435231667e-22,1.7758866831124942e-09,1.0129031459479007e-18,2.3345093777012538e-06
2.1,1e-05,1.38e-16,0.864611723,1.429796321,14757300000000.0,7.705264435231667e-22,1.7758866831124942e-09,1.0129031459479007e-18,2.3345093777012538e-06
2.1,0.0001,1.38e-15,0.864611723,0.142979632,2338070000000.0,7.705264435231667e-22,1.7758866831124942e-09,1.0129031459479007e-18,2.3345093777012538e-06
2.1,0.000562,7.74e-15,0.864611723,0.025441216,3803239779.0,7.705264435231667e-22,1.7758866831124942e-09,1.0129031459479007e-18,2.3345093777012538e-06
2.1,0.000316,4.35e-15,0.864611723,0.045246719,76370906540.0,7.705264435231667e-22,1.7758866831124942e-09,1.0129031459479007e-18,2.3345093777012538e-06
2.1,0.0001778,2.45e-15,0.864611723,0.080415991,586510000000.0,7.705264435231667e-22,1.7758866831124942e-09,1.0129031459479007e-18,2.3345093777012538e-06
2.1,0.001,1.38e-14,0.864611723,0.014297963,46862674.31,7.705264435231667e-22,1.7758866831124942e-09,1.0129031459479007e-18,2.3345093777012538e-06
2.1,0.00562,7.74e-14,0.864611723,0.002544122,5.71e-08,7.705264435231667e-22,1.7758866831124942e-09,1.0129031459479007e-18,2.3345093777012538e-06
2.1,0.00316,4.35e-14,0.864611723,0.004524672,3.162906277,7.705264435231667e-22,1.7758866831124942e-09,1.0129031459479007e-18,2.3345093777012538e-06
2.1,0.001778,2.45e-14,0.864611723,0.008041599,76223.91849,7.705264435231667e-22,1.7758866831124942e-09,1.0129031459479007e-18,2.3345093777012538e-06
2.1,0.01,1.38e-13,0.864611723,0.001429796,6.24e-22,7.705264435231667e-22,1.7758866831124942e-09,1.0129031459479007e-18,2.3345093777012538e-06
2.15,1e-20,1.56e-31,0.865201871,1265560000000000.0,0.064262339,7.378141777467545e-22,1.7004924151349536e-09,1.0166365021649056e-18,2.343113907298939e-06
2.15,1e-18,1.56e-29,0.865201871,12655600000000.0,6.426233933,7.378141777467545e-22,1.7004924151349536e-09,1.0166365021649056e-18,2.343113907298939e-06
2.15,1e-16,1.5600000000000002e-27,0.865201871,126556000000.0,642.6233933,7.378141777467545e-22,1.7004924151349536e-09,1.0166365021649056e-18,2.343113907298939e-06
2.15,1e-14,1.56e-25,0.865201871,1265555425.0,64262.33911,7.378141777467545e-22,1.7004924151349536e-09,1.0166365021649056e-18,2.343113907298939e-06
2.15,1e-12,1.56e-23,0.865201871,12655554.25,6426231.664,7.378141777467545e-22,1.7004924151349536e-09,1.0166365021649056e-18,2.343113907298939e-06
2.15,1e-10,1.5600000000000002e-21,0.865201871,126555.5425,642600696.3,7.378141777467545e-22,1.7004924151349536e-09,1.0166365021649056e-18,2.343113907298939e-06
2.15,1e-08,1.56e-19,0.865201871,1265.555425,64036619241.0,7.378141777467545e-22,1.7004924151349536e-09,1.0166365021649056e-18,2.343113907298939e-06
2.15,1e-06,1.56e-17,0.865201871,12.65555425,4916450000000.0,7.378141777467545e-22,1.7004924151349536e-09,1.0166365021649056e-18,2.343113907298939e-06
2.15,1e-05,1.56e-16,0.865201871,1.265555425,14875800000000.0,7.378141777467545e-22,1.7004924151349536e-09,1.0166365021649056e-18,2.343113907298939e-06
2.15,0.0001,1.56e-15,0.865201871,0.126555542,1672470000000.0,7.378141777467545e-22,1.7004924151349536e-09,1.0166365021649056e-18,2.343113907298939e-06
2.15,0.000562,8.75e-15,0.865201871,0.02251878,1306072090.0,7.378141777467545e-22,1.7004924151349536e-09,1.0166365021649056e-18,2.343113907298939e-06
2.15,0.000316,4.92e-15,0.865201871,0.040049222,36824731774.0,7.378141777467545e-22,1.7004924151349536e-09,1.0166365021649056e-18,2.343113907298939e-06
2.15,0.0001778,2.77e-15,0.865201871,0.071178595,357528000000.0,7.378141777467545e-22,1.7004924151349536e-09,1.0166365021649056e-18,2.343113907298939e-06
2.15,0.001,1.56e-14,0.865201871,0.012655554,9816626.679,7.378141777467545e-22,1.7004924151349536e-09,1.0166365021649056e-18,2.343113907298939e-06
2.15,0.00562,8.75e-14,0.865201871,0.002251878,4.23e-11,7.378141777467545e-22,1.7004924151349536e-09,1.0166365021649056e-18,2.343113907298939e-06
2.15,0.00316,4.92e-14,0.865201871,0.004004922,0.058026271,7.378141777467545e-22,1.7004924151349536e-09,1.0166365021649056e-18,2.343113907298939e-06
2.15,0.001778,2.77e-14,0.865201871,0.00711786,7382.843061,7.378141777467545e-22,1.7004924151349536e-09,1.0166365021649056e-18,2.343113907298939e-06
2.15,0.01,1.56e-13,0.865201871,0.001265555,1.48e-27,7.378141777467545e-22,1.7004924151349536e-09,1.0166365021649056e-18,2.343113907298939e-06
2.2,1e-20,1.7500000000000001e-31,0.865818322,1122970000000000.0,0.075475281,7.027571068752532e-22,1.6196939093432983e-09,1.0138936210101681e-18,2.3367921954913778e-06
2.2,1e-18,1.7500000000000001e-29,0.865818322,11229700000000.0,7.547528053,7.027571068752532e-22,1.6196939093432983e-09,1.0138936210101681e-18,2.3367921954913778e-06
2.2,1e-16,1.75e-27,0.865818322,112297000000.0,754.7528052,7.027571068752532e-22,1.6196939093432983e-09,1.0138936210101681e-18,2.3367921954913778e-06
2.2,1e-14,1.7499999999999999e-25,0.865818322,1122973311.0,75475.28021,7.027571068752532e-22,1.6196939093432983e-09,1.0138936210101681e-18,2.3367921954913778e-06
2.2,1e-12,1.75e-23,0.865818322,11229733.11,7547524.924,7.027571068752532e-22,1.6196939093432983e-09,1.0138936210101681e-18,2.3367921954913778e-06
2.2,1e-10,1.75e-21,0.865818322,112297.3311,754721518.9,7.027571068752532e-22,1.6196939093432983e-09,1.0138936210101681e-18,2.3367921954913778e-06
2.2,1e-08,1.75e-19,0.865818322,1122.973311,75164437835.0,7.027571068752532e-22,1.6196939093432983e-09,1.0138936210101681e-18,2.3367921954913778e-06
2.2,1e-06,1.75e-17,0.865818322,11.22973311,5567890000000.0,7.027571068752532e-22,1.6196939093432983e-09,1.0138936210101681e-18,2.3367921954913778e-06
2.2,1e-05,1.75e-16,0.865818322,1.122973311,14760600000000.0,7.027571068752532e-22,1.6196939093432983e-09,1.0138936210101681e-18,2.3367921954913778e-06
2.2,0.0001,1.75e-15,0.865818322,0.112297331,1155030000000.0,7.027571068752532e-22,1.6196939093432983e-09,1.0138936210101681e-18,2.3367921954913778e-06
2.2,0.000562,9.86e-15,0.865818322,0.019981732,402337393.5,7.027571068752532e-22,1.6196939093432983e-09,1.0138936210101681e-18,2.3367921954913778e-06
2.2,0.000316,5.54e-15,0.865818322,0.03553713,16479982488.0,7.027571068752532e-22,1.6196939093432983e-09,1.0138936210101681e-18,2.3367921954913778e-06
2.2,0.0001778,3.12e-15,0.865818322,0.063159354,207001000000.0,7.027571068752532e-22,1.6196939093432983e-09,1.0138936210101681e-18,2.3367921954913778e-06
2.2,0.001,1.75e-14,0.865818322,0.011229733,1759372.27,7.027571068752532e-22,1.6196939093432983e-09,1.0138936210101681e-18,2.3367921954913778e-06
2.2,0.00562,9.86e-14,0.865818322,0.001998173,9.42e-15,7.027571068752532e-22,1.6196939093432983e-09,1.0138936210101681e-18,2.3367921954913778e-06
2.2,0.00316,5.54e-14,0.865818322,0.003553713,0.000546438,7.027571068752532e-22,1.6196939093432983e-09,1.0138936210101681e-18,2.3367921954913778e-06
2.2,0.001778,3.12e-14,0.865818322,0.006315935,520.9483363,7.027571068752532e-22,1.6196939093432983e-09,1.0138936210101681e-18,2.3367921954913778e-06
2.2,0.01,1.75e-13,0.865818322,0.001122973,4.149999999999999e-34,7.027571068752532e-22,1.6196939093432983e-09,1.0138936210101681e-18,2.3367921954913778e-06
2.25,1e-20,1.9700000000000002e-31,0.866457865,998839000000000.0,0.088541659,6.649844895237266e-22,1.5326366918983486e-09,1.003502213265227e-18,2.312842384569051e-06
2.25,1e-18,1.9700000000000002e-29,0.866457865,9988390000000.0,8.854165925,6.649844895237266e-22,1.5326366918983486e-09,1.003502213265227e-18,2.312842384569051e-06
2.25,1e-16,1.97e-27,0.866457865,99883869950.0,885.4165924,6.649844895237266e-22,1.5326366918983486e-09,1.003502213265227e-18,2.312842384569051e-06
2.25,1e-14,1.97e-25,0.866457865,998838699.5,88541.65882,6.649844895237266e-22,1.5326366918983486e-09,1.003502213265227e-18,2.312842384569051e-06
2.25,1e-12,1.9699999999999998e-23,0.866457865,9988386.995,8854161.622,6.649844895237266e-22,1.5326366918983486e-09,1.003502213265227e-18,2.312842384569051e-06
2.25,1e-10,1.97e-21,0.866457865,99883.86995,885373567.8,6.649844895237266e-22,1.5326366918983486e-09,1.003502213265227e-18,2.312842384569051e-06
2.25,1e-08,1.97e-19,0.866457865,998.8386995,88114665694.0,6.649844895237266e-22,1.5326366918983486e-09,1.003502213265227e-18,2.312842384569051e-06
2.25,1e-06,1.97e-17,0.866457865,9.988386995,6273540000000.0,6.649844895237266e-22,1.5326366918983486e-09,1.003502213265227e-18,2.312842384569051e-06
2.25,1e-05,1.97e-16,0.866457865,0.998838699,14406400000000.0,6.649844895237266e-22,1.5326366918983486e-09,1.003502213265227e-18,2.312842384569051e-06
2.25,0.0001,1.97e-15,0.866457865,0.09988387,767055000000.0,6.649844895237266e-22,1.5326366918983486e-09,1.003502213265227e-18,2.312842384569051e-06
2.25,0.000562,1.11e-14,0.866457865,0.017772931,109768593.9,6.649844895237266e-22,1.5326366918983486e-09,1.003502213265227e-18,2.312842384569051e-06
2.25,0.000316,6.23e-15,0.866457865,0.03160882,6787491877.0,6.649844895237266e-22,1.5326366918983486e-09,1.003502213265227e-18,2.312842384569051e-06
2.25,0.0001778,3.51e-15,0.866457865,0.056177655,113136000000.0,6.649844895237266e-22,1.5326366918983486e-09,1.003502213265227e-18,2.312842384569051e-06
2.25,0.001,1.97e-14,0.866457865,0.009988387,263527.2365,6.649844895237266e-22,1.5326366918983486e-09,1.003502213265227e-18,2.312842384569051e-06
2.25,0.00562,1.11e-13,0.866457865,0.001777293,5.13e-19,6.649844895237266e-22,1.5326366918983486e-09,1.003502213265227e-18,2.312842384569051e-06
2.25,0.00316,6.23e-14,0.866457865,0.003160882,2.34e-06,6.649844895237266e-22,1.5326366918983486e-09,1.003502213265227e-18,2.312842384569051e-06
2.25,0.001778,3.51e-14,0.866457865,0.005617765,24.6147245,6.649844895237266e-22,1.5326366918983486e-09,1.003502213265227e-18,2.312842384569051e-06
2.25,0.01,1.97e-13,0.866457865,0.000998839,9.47e-42,6.649844895237266e-22,1.5326366918983486e-09,1.003502213265227e-18,2.312842384569051e-06
2.3,1e-20,2.21e-31,0.867117314,890469000000000.0,0.103797717,6.240033822139785e-22,1.4381846411707768e-09,9.839757568757933e-19,2.2678383822251263e-06
2.3,1e-18,2.2100000000000002e-29,0.867117314,8904690000000.0,10.3797717,6.240033822139785e-22,1.4381846411707768e-09,9.839757568757933e-19,2.2678383822251263e-06
2.3,1e-16,2.21e-27,0.867117314,89046913512.0,1037.97717,6.240033822139785e-22,1.4381846411707768e-09,9.839757568757933e-19,2.2678383822251263e-06
2.3,1e-14,2.21e-25,0.867117314,890469135.1,103797.7164,6.240033822139785e-22,1.4381846411707768e-09,9.839757568757933e-19,2.2678383822251263e-06
2.3,1e-12,2.2099999999999997e-23,0.867117314,8904691.351,10379765.79,6.240033822139785e-22,1.4381846411707768e-09,9.839757568757933e-19,2.2678383822251263e-06
2.3,1e-10,2.2100000000000003e-21,0.867117314,89046.91351,1037918087.0,6.240033822139785e-22,1.4381846411707768e-09,9.839757568757933e-19,2.2678383822251263e-06
2.3,1e-08,2.21e-19,0.867117314,890.4691351,103212000000.0,6.240033822139785e-22,1.4381846411707768e-09,9.839757568757933e-19,2.2678383822251263e-06
2.3,1e-06,2.21e-17,0.867117314,8.904691351,7032350000000.0,6.240033822139785e-22,1.4381846411707768e-09,9.839757568757933e-19,2.2678383822251263e-06
2.3,1e-05,2.21e-16,0.867117314,0.890469135,13818700000000.0,6.240033822139785e-22,1.4381846411707768e-09,9.839757568757933e-19,2.2678383822251263e-06
2.3,0.0001,2.21e-15,0.867117314,0.089046914,487345000000.0,6.240033822139785e-22,1.4381846411707768e-09,9.839757568757933e-19,2.2678383822251263e-06
2.3,0.000562,1.24e-14,0.867117314,0.015844647,26132581.93,6.240033822139785e-22,1.4381846411707768e-09,9.839757568757933e-19,2.2678383822251263e-06
2.3,0.000316,6.99e-15,0.867117314,0.028179403,2545517927.0,6.240033822139785e-22,1.4381846411707768e-09,9.839757568757933e-19,2.2678383822251263e-06
2.3,0.0001778,3.93e-15,0.867117314,0.050082629,57944298671.0,6.240033822139785e-22,1.4381846411707768e-09,9.839757568757933e-19,2.2678383822251263e-06
2.3,0.001,2.21e-14,0.867117314,0.008904691,31689.85092,6.240033822139785e-22,1.4381846411707768e-09,9.839757568757933e-19,2.2678383822251263e-06
2.3,0.00562,1.24e-13,0.867117314,0.001584465,5.3e-24,6.240033822139785e-22,1.4381846411707768e-09,9.839757568757933e-19,2.2678383822251263e-06
2.3,0.00316,6.99e-14,0.867117314,0.00281794,3.94e-09,6.240033822139785e-22,1.4381846411707768e-09,9.839757568757933e-19,2.2678383822251263e-06
2.3,0.001778,3.93e-14,0.867117314,0.005008263,0.706473945,6.240033822139785e-22,1.4381846411707768e-09,9.839757568757933e-19,2.2678383822251263e-06
2.3,0.01,2.21e-13,0.867117314,0.000890469,1.12e-50,6.240033822139785e-22,1.4381846411707768e-09,9.839757568757933e-19,2.2678383822251263e-06
2.35,1e-20,2.48e-31,0.867793552,795615000000000.0,0.121670351,5.791330593099782e-22,1.3347688407372178e-09,9.533576685741715e-19,2.1972707128942844e-06
2.35,1e-18,2.4800000000000002e-29,0.867793552,7956150000000.0,12.16703511,5.791330593099782e-22,1.3347688407372178e-09,9.533576685741715e-19,2.1972707128942844e-06
2.35,1e-16,2.4800000000000003e-27,0.867793552,79561505379.0,1216.703511,5.791330593099782e-22,1.3347688407372178e-09,9.533576685741715e-19,2.1972707128942844e-06
2.35,1e-14,2.48e-25,0.867793552,795615053.8,121670.3503,5.791330593099782e-22,1.3347688407372178e-09,9.533576685741715e-19,2.1972707128942844e-06
2.35,1e-12,2.4799999999999997e-23,0.867793552,7956150.538,12167027.0,5.791330593099782e-22,1.3347688407372178e-09,9.533576685741715e-19,2.1972707128942844e-06
2.35,1e-10,2.48e-21,0.867793552,79561.50538,1216622393.0,5.791330593099782e-22,1.3347688407372178e-09,9.533576685741715e-19,2.1972707128942844e-06
2.35,1e-08,2.48e-19,0.867793552,795.6150538,120868000000.0,5.791330593099782e-22,1.3347688407372178e-09,9.533576685741715e-19,2.1972707128942844e-06
2.35,1e-06,2.48e-17,0.867793552,7.956150538,7842060000000.0,5.791330593099782e-22,1.3347688407372178e-09,9.533576685741715e-19,2.1972707128942844e-06
2.35,1e-05,2.48e-16,0.867793552,0.795615054,13012600000000.0,5.791330593099782e-22,1.3347688407372178e-09,9.533576685741715e-19,2.1972707128942844e-06
2.35,0.0001,2.48e-15,0.867793552,0.079561505,294281000000.0,5.791330593099782e-22,1.3347688407372178e-09,9.533576685741715e-19,2.1972707128942844e-06
2.35,0.000562,1.39e-14,0.867793552,0.014156851,5329321.251,5.791330593099782e-22,1.3347688407372178e-09,9.533576685741715e-19,2.1972707128942844e-06
2.35,0.000316,7.82e-15,0.867793552,0.025177692,857345529.9,5.791330593099782e-22,1.3347688407372178e-09,9.533576685741715e-19,2.1972707128942844e-06
2.35,0.0001778,4.4e-15,0.867793552,0.044747753,27557447474.0,5.791330593099782e-22,1.3347688407372178e-09,9.533576685741715e-19,2.1972707128942844e-06
2.35,0.001,2.48e-14,0.867793552,0.007956151,2871.177597,5.791330593099782e-22,1.3347688407372178e-09,9.533576685741715e-19,2.1972707128942844e-06
2.35,0.00562,1.39e-13,0.867793552,0.001415685,7.52e-30,5.791330593099782e-22,1.3347688407372178e-09,9.533576685741715e-19,2.1972707128942844e-06
2.35,0.00316,7.82e-14,0.867793552,0.002517769,2.18e-12,5.791330593099782e-22,1.3347688407372178e-09,9.533576685741715e-19,2.1972707128942844e-06
2.35,0.001778,4.4e-14,0.867793552,0.004474775,0.010988439,5.791330593099782e-22,1.3347688407372178e-09,9.533576685741715e-19,2.1972707128942844e-06
2.35,0.01,2.48e-13,0.867793552,0.000795615,3.91e-61,5.791330593099782e-22,1.3347688407372178e-09,9.533576685741715e-19,2.1972707128942844e-06
2.4,1e-20,2.7700000000000004e-31,0.868483573,712383000000000.0,0.142723346,5.2938550171012755e-22,1.22011213323346e-09,9.089422882120812e-19,2.0949034506498433e-06
2.4,1e-18,2.77e-29,0.868483573,7123830000000.0,14.27233463,5.2938550171012755e-22,1.22011213323346e-09,9.089422882120812e-19,2.0949034506498433e-06
2.4,1e-16,2.7700000000000003e-27,0.868483573,71238287369.0,1427.233463,5.2938550171012755e-22,1.22011213323346e-09,9.089422882120812e-19,2.0949034506498433e-06
2.4,1e-14,2.77e-25,0.868483573,712382873.7,142723.3452,5.2938550171012755e-22,1.22011213323346e-09,9.089422882120812e-19,2.0949034506498433e-06
2.4,1e-12,2.7699999999999996e-23,0.868483573,7123828.737,14272323.48,5.2938550171012755e-22,1.22011213323346e-09,9.089422882120812e-19,2.0949034506498433e-06
2.4,1e-10,2.7700000000000004e-21,0.868483573,71238.28737,1427121934.0,5.2938550171012755e-22,1.22011213323346e-09,9.089422882120812e-19,2.0949034506498433e-06
2.4,1e-08,2.77e-19,0.868483573,712.3828737,141622000000.0,5.2938550171012755e-22,1.22011213323346e-09,9.089422882120812e-19,2.0949034506498433e-06
2.4,1e-06,2.77e-17,0.868483573,7.123828737,8699190000000.0,5.2938550171012755e-22,1.22011213323346e-09,9.089422882120812e-19,2.0949034506498433e-06
2.4,1e-05,2.77e-16,0.868483573,0.712382874,12011900000000.0,5.2938550171012755e-22,1.22011213323346e-09,9.089422882120812e-19,2.0949034506498433e-06
2.4,0.0001,2.77e-15,0.868483573,0.071238287,167421000000.0,5.2938550171012755e-22,1.22011213323346e-09,9.089422882120812e-19,2.0949034506498433e-06
2.4,0.000562,1.55e-14,0.868483573,0.012675852,906102.2176,5.2938550171012755e-22,1.22011213323346e-09,9.089422882120812e-19,2.0949034506498433e-06
2.4,0.000316,8.74e-15,0.868483573,0.022543762,254589137.3,5.2938550171012755e-22,1.22011213323346e-09,9.089422882120812e-19,2.0949034506498433e-06
2.4,0.0001778,4.92e-15,0.868483573,0.040066528,12022665147.0,5.2938550171012755e-22,1.22011213323346e-09,9.089422882120812e-19,2.0949034506498433e-06
2.4,0.001,2.77e-14,0.868483573,0.007123829,179.0983672,5.2938550171012755e-22,1.22011213323346e-09,9.089422882120812e-19,2.0949034506498433e-06
2.4,0.00562,1.55e-13,0.868483573,0.001267585,9.59e-37,5.2938550171012755e-22,1.22011213323346e-09,9.089422882120812e-19,2.0949034506498433e-06
2.4,0.00316,8.74e-14,0.868483573,0.002254376,3.1e-16,5.2938550171012755e-22,1.22011213323346e-09,9.089422882120812e-19,2.0949034506498433e-06
2.4,0.001778,4.92e-14,0.868483573,0.004006653,8.04e-05,5.2938550171012755e-22,1.22011213323346e-09,9.089422882120812e-19,2.0949034506498433e-06
2.4,0.01,2.77e-13,0.868483573,0.000712383,1.8600000000000003e-73,5.2938550171012755e-22,1.22011213323346e-09,9.089422882120812e-19,2.0949034506498433e-06
2.45,1e-20,3.0800000000000003e-31,0.869184511,639173000000000.0,0.167745902,4.732250501821832e-22,1.0906751764302217e-09,8.467236249428558e-19,1.9515037056188275e-06
2.45,1e-18,3.08e-29,0.869184511,6391730000000.0,16.77459017,4.732250501821832e-22,1.0906751764302217e-09,8.467236249428558e-19,1.9515037056188275e-06
2.45,1e-16,3.0800000000000004e-27,0.869184511,63917302493.0,1677.459017,4.732250501821832e-22,1.0906751764302217e-09,8.467236249428558e-19,1.9515037056188275e-06
2.45,1e-14,3.08e-25,0.869184511,639173024.9,167745.9002,4.732250501821832e-22,1.0906751764302217e-09,8.467236249428558e-19,1.9515037056188275e-06
2.45,1e-12,3.08e-23,0.869184511,6391730.249,16774574.78,4.732250501821832e-22,1.0906751764302217e-09,8.467236249428558e-19,1.9515037056188275e-06
2.45,1e-10,3.08e-21,0.869184511,63917.30249,1677305079.0,4.732250501821832e-22,1.0906751764302217e-09,8.467236249428558e-19,1.9515037056188275e-06
2.45,1e-08,3.08e-19,0.869184511,639.1730249,166228000000.0,4.732250501821832e-22,1.0906751764302217e-09,8.467236249428558e-19,1.9515037056188275e-06
2.45,1e-06,3.08e-17,0.869184511,6.391730249,9599260000000.0,4.732250501821832e-22,1.0906751764302217e-09,8.467236249428558e-19,1.9515037056188275e-06
2.45,1e-05,3.08e-16,0.869184511,0.639173025,10846200000000.0,4.732250501821832e-22,1.0906751764302217e-09,8.467236249428558e-19,1.9515037056188275e-06
2.45,0.0001,3.08e-15,0.869184511,0.063917302,88640155371.0,4.732250501821832e-22,1.0906751764302217e-09,8.467236249428558e-19,1.9515037056188275e-06
2.45,0.000562,1.73e-14,0.869184511,0.011373185,122577.2066,4.732250501821832e-22,1.0906751764302217e-09,8.467236249428558e-19,1.9515037056188275e-06
2.45,0.000316,9.74e-15,0.869184511,0.020226994,64957245.32,4.732250501821832e-22,1.0906751764302217e-09,8.467236249428558e-19,1.9515037056188275e-06
2.45,0.0001778,5.48e-15,0.869184511,0.035948989,4727726916.0,4.732250501821832e-22,1.0906751764302217e-09,8.467236249428558e-19,1.9515037056188275e-06
2.45,0.001,3.08e-14,0.869184511,0.00639173,6.805162026,4.732250501821832e-22,1.0906751764302217e-09,8.467236249428558e-19,1.9515037056188275e-06
2.45,0.00562,1.73e-13,0.869184511,0.001137319,6.059999999999999e-45,4.732250501821832e-22,1.0906751764302217e-09,8.467236249428558e-19,1.9515037056188275e-06
2.45,0.00316,9.74e-14,0.869184511,0.002022699,8.16e-21,4.732250501821832e-22,1.0906751764302217e-09,8.467236249428558e-19,1.9515037056188275e-06
2.45,0.001778,5.48e-14,0.869184511,0.003594899,2.28e-07,4.732250501821832e-22,1.0906751764302217e-09,8.467236249428558e-19,1.9515037056188275e-06
2.45,0.01,3.08e-13,0.869184511,0.000639173,4.22e-88,4.732250501821832e-22,1.0906751764302217e-09,8.467236249428558e-19,1.9515037056188275e-06
2.5,1e-20,3.43e-31,0.869893659,574630000000000.0,0.19794801,4.0801215237156115e-22,9.40374407699268e-10,7.601422964464939e-19,1.75195360636483e-06
2.5,1e-18,3.43e-29,0.869893659,5746300000000.0,19.79480098,4.0801215237156115e-22,9.40374407699268e-10,7.601422964464939e-19,1.75195360636483e-06
2.5,1e-16,3.4300000000000005e-27,0.869893659,57462977077.0,1979.480098,4.0801215237156115e-22,9.40374407699268e-10,7.601422964464939e-19,1.75195360636483e-06
2.5,1e-14,3.43e-25,0.869893659,574629770.8,197948.0076,4.0801215237156115e-22,9.40374407699268e-10,7.601422964464939e-19,1.75195360636483e-06
2.5,1e-12,3.4299999999999996e-23,0.869893659,5746297.708,19794779.56,4.0801215237156115e-22,9.40374407699268e-10,7.601422964464939e-19,1.75195360636483e-06
2.5,1e-10,3.4300000000000004e-21,0.869893659,57462.97708,1979265914.0,4.0801215237156115e-22,9.40374407699268e-10,7.601422964464939e-19,1.75195360636483e-06
2.5,1e-08,3.43e-19,0.869893659,574.6297708,195842000000.0,4.0801215237156115e-22,9.40374407699268e-10,7.601422964464939e-19,1.75195360636483e-06
2.5,1e-06,3.43e-17,0.869893659,5.746297708,10537900000000.0,4.0801215237156115e-22,9.40374407699268e-10,7.601422964464939e-19,1.75195360636483e-06
2.5,1e-05,3.43e-16,0.869893659,0.574629771,9545300000000.0,4.0801215237156115e-22,9.40374407699268e-10,7.601422964464939e-19,1.75195360636483e-06
2.5,0.0001,3.43e-15,0.869893659,0.057462977,42842017130.0,4.0801215237156115e-22,9.40374407699268e-10,7.601422964464939e-19,1.75195360636483e-06
2.5,0.000562,1.93e-14,0.869893659,0.010224729,12101.98177,4.0801215237156115e-22,9.40374407699268e-10,7.601422964464939e-19,1.75195360636483e-06
2.5,0.000316,1.08e-14,0.869893659,0.018184486,13682635.0,4.0801215237156115e-22,9.40374407699268e-10,7.601422964464939e-19,1.75195360636483e-06
2.5,0.0001778,6.1e-15,0.869893659,0.032318885,1629043119.0,4.0801215237156115e-22,9.40374407699268e-10,7.601422964464939e-19,1.75195360636483e-06
2.5,0.001,3.43e-14,0.869893659,0.005746298,0.132098771,4.0801215237156115e-22,9.40374407699268e-10,7.601422964464939e-19,1.75195360636483e-06
2.5,0.00562,1.93e-13,0.869893659,0.001022473,7.59e-55,4.0801215237156115e-22,9.40374407699268e-10,7.601422964464939e-19,1.75195360636483e-06
2.5,0.00316,1.08e-13,0.869893659,0.001818449,2.3700000000000002e-26,4.0801215237156115e-22,9.40374407699268e-10,7.601422964464939e-19,1.75195360636483e-06
2.5,0.001778,6.1e-14,0.869893659,0.003231888,1.88e-10,4.0801215237156115e-22,9.40374407699268e-10,7.601422964464939e-19,1.75195360636483e-06
2.5,0.01,3.43e-13,0.869893659,0.00057463,8.9e-106,4.0801215237156115e-22,9.40374407699268e-10,7.601422964464939e-19,1.75195360636483e-06
2.55,1e-20,3.8100000000000002e-31,0.87060849,517600000000000.0,0.235498695,3.2839749467637e-22,7.568808863932745e-10,6.365345463396461e-19,1.4670660996615665e-06
2.55,1e-18,3.81e-29,0.87060849,5176000000000.0,23.54986955,3.2839749467637e-22,7.568808863932745e-10,6.365345463396461e-19,1.4670660996615665e-06
2.55,1e-16,3.81e-27,0.87060849,51760038507.0,2354.986955,3.2839749467637e-22,7.568808863932745e-10,6.365345463396461e-19,1.4670660996615665e-06
2.55,1e-14,3.81e-25,0.87060849,517600385.1,235498.6925,3.2839749467637e-22,7.568808863932745e-10,6.365345463396461e-19,1.4670660996615665e-06
2.55,1e-12,3.8099999999999996e-23,0.87060849,5176003.851,23549839.25,3.2839749467637e-22,7.568808863932745e-10,6.365345463396461e-19,1.4670660996615665e-06
2.55,1e-10,3.8100000000000004e-21,0.87060849,51760.03851,2354684056.0,3.2839749467637e-22,7.568808863932745e-10,6.365345463396461e-19,1.4670660996615665e-06
2.55,1e-08,3.81e-19,0.87060849,517.6003851,232529000000.0,3.2839749467637e-22,7.568808863932745e-10,6.365345463396461e-19,1.4670660996615665e-06
2.55,1e-06,3.81e-17,0.87060849,5.176003851,11514600000000.0,3.2839749467637e-22,7.568808863932745e-10,6.365345463396461e-19,1.4670660996615665e-06
2.55,1e-05,3.81e-16,0.87060849,0.517600385,8129730000000.0,3.2839749467637e-22,7.568808863932745e-10,6.365345463396461e-19,1.4670660996615665e-06
2.55,0.0001,3.81e-15,0.87060849,0.051760039,18237583781.0,3.2839749467637e-22,7.568808863932745e-10,6.365345463396461e-19,1.4670660996615665e-06
2.55,0.000562,2.14e-14,0.87060849,0.009209971,737.0987279,3.2839749467637e-22,7.568808863932745e-10,6.365345463396461e-19,1.4670660996615665e-06
2.55,0.000316,1.2e-14,0.87060849,0.016379759,2206210.054,3.2839749467637e-22,7.568808863932745e-10,6.365345463396461e-19,1.4670660996615665e-06
2.55,0.0001778,6.77e-15,0.87060849,0.029111383,466455322.4,3.2839749467637e-22,7.568808863932745e-10,6.365345463396461e-19,1.4670660996615665e-06
2.55,0.001,3.81e-14,0.87060849,0.005176004,0.000971234,3.2839749467637e-22,7.568808863932745e-10,6.365345463396461e-19,1.4670660996615665e-06
2.55,0.00562,2.14e-13,0.87060849,0.000920997,3.6499999999999996e-67,3.2839749467637e-22,7.568808863932745e-10,6.365345463396461e-19,1.4670660996615665e-06
2.55,0.00316,1.2e-13,0.87060849,0.001637976,3.04e-33,3.2839749467637e-22,7.568808863932745e-10,6.365345463396461e-19,1.4670660996615665e-06
2.55,0.001778,6.77e-14,0.87060849,0.002911138,2.68e-14,3.2839749467637e-22,7.568808863932745e-10,6.365345463396461e-19,1.4670660996615665e-06
2.55,0.01,3.81e-13,0.87060849,0.0005176,9.39e-128,3.2839749467637e-22,7.568808863932745e-10,6.365345463396461e-19,1.4670660996615665e-06
2.6,1e-20,4.22e-31,0.87132675,467101000000000.0,0.285794984,2.192143749858943e-22,5.052388435940467e-10,4.417306235390382e-19,1.0180877482660601e-06
2.6,1e-18,4.2200000000000004e-29,0.87132675,4671010000000.0,28.57949842,2.192143749858943e-22,5.052388435940467e-10,4.417306235390382e-19,1.0180877482660601e-06
2.6,1e-16,4.22e-27,0.87132675,46710149008.0,2857.949842,2.192143749858943e-22,5.052388435940467e-10,4.417306235390382e-19,1.0180877482660601e-06
2.6,1e-14,4.22e-25,0.87132675,467101490.1,285794.9797,2.192143749858943e-22,5.052388435940467e-10,4.417306235390382e-19,1.0180877482660601e-06
2.6,1e-12,4.2199999999999997e-23,0.87132675,4671014.901,28579453.84,2.192143749858943e-22,5.052388435940467e-10,4.417306235390382e-19,1.0180877482660601e-06
2.6,1e-10,4.22e-21,0.87132675,46710.14901,2857504119.0,2.192143749858943e-22,5.052388435940467e-10,4.417306235390382e-19,1.0180877482660601e-06
2.6,1e-08,4.22e-19,0.87132675,467.1014901,281444000000.0,2.192143749858943e-22,5.052388435940467e-10,4.417306235390382e-19,1.0180877482660601e-06
2.6,1e-06,4.22e-17,0.87132675,4.671014901,12551900000000.0,2.192143749858943e-22,5.052388435940467e-10,4.417306235390382e-19,1.0180877482660601e-06
2.6,1e-05,4.22e-16,0.87132675,0.46710149,6572320000000.0,2.192143749858943e-22,5.052388435940467e-10,4.417306235390382e-19,1.0180877482660601e-06
2.6,0.0001,4.22e-15,0.87132675,0.046710149,6223375504.0,2.192143749858943e-22,5.052388435940467e-10,4.417306235390382e-19,1.0180877482660601e-06
2.6,0.000562,2.37e-14,0.87132675,0.008311414,18.30914386,2.192143749858943e-22,5.052388435940467e-10,4.417306235390382e-19,1.0180877482660601e-06
2.6,0.000316,1.33e-14,0.87132675,0.014781693,221387.1527,2.192143749858943e-22,5.052388435940467e-10,4.417306235390382e-19,1.0180877482660601e-06
2.6,0.0001778,7.5e-15,0.87132675,0.026271175,96653378.45,2.192143749858943e-22,5.052388435940467e-10,4.417306235390382e-19,1.0180877482660601e-06
2.6,0.001,4.22e-14,0.87132675,0.004671015,1.31e-06,2.192143749858943e-22,5.052388435940467e-10,4.417306235390382e-19,1.0180877482660601e-06
2.6,0.00562,2.37e-13,0.87132675,0.000831141,1.13e-83,2.192143749858943e-22,5.052388435940467e-10,4.417306235390382e-19,1.0180877482660601e-06
2.6,0.00316,1.33e-13,0.87132675,0.001478169,1.72e-42,2.192143749858943e-22,5.052388435940467e-10,4.417306235390382e-19,1.0180877482660601e-06
2.6,0.001778,7.5e-14,0.87132675,0.002627117,1.83e-19,2.192143749858943e-22,5.052388435940467e-10,4.417306235390382e-19,1.0180877482660601e-06
2.6,0.01,4.22e-13,0.87132675,0.000467101,3.3900000000000004e-157,2.192143749858943e-22,5.052388435940467e-10,4.417306235390382e-19,1.0180877482660601e-06
2.65,1e-20,4.67e-31,0.87204668,422291000000000.0,0.0,0.0,0.0,0.0,0.0
2.65,1e-18,4.67e-29,0.87204668,4222910000000.0,0.0,0.0,0.0,0.0,0.0
2.65,1e-16,4.67e-27,0.87204668,42229109229.0,0.0,0.0,0.0,0.0,0.0
2.65,1e-14,4.67e-25,0.87204668,422291092.3,0.0,0.0,0.0,0.0,0.0
2.65,1e-12,4.6699999999999993e-23,0.87204668,4222910.923,0.0,0.0,0.0,0.0,0.0
2.65,1e-10,4.670000000000001e-21,0.87204668,42229.10923,0.0,0.0,0.0,0.0,0.0
2.65,1e-08,4.67e-19,0.87204668,422.2910923,0.0,0.0,0.0,0.0,0.0
2.65,1e-06,4.67e-17,0.87204668,4.222910923,0.0,0.0,0.0,0.0,0.0
2.65,1e-05,4.67e-16,0.87204668,0.422291092,0.0,0.0,0.0,0.0,0.0
2.65,0.0001,4.67e-15,0.87204668,0.042229109,0.0,0.0,0.0,0.0,0.0
2.65,0.000562,2.62e-14,0.87204668,0.007514076,0.0,0.0,0.0,0.0,0.0
2.65,0.000316,1.47e-14,0.87204668,0.013363642,0.0,0.0,0.0,0.0,0.0
2.65,0.0001778,8.29e-15,0.87204668,0.023750905,0.0,0.0,0.0,0.0,0.0
2.65,0.001,4.67e-14,0.87204668,0.004222911,0.0,0.0,0.0,0.0,0.0
2.65,0.00562,2.62e-13,0.87204668,0.000751408,0.0,0.0,0.0,0.0,0.0
2.65,0.00316,1.47e-13,0.87204668,0.001336364,0.0,0.0,0.0,0.0,0.0
2.65,0.001778,8.29e-14,0.87204668,0.002375091,0.0,0.0,0.0,0.0,0.0
2.65,0.01,4.67e-13,0.87204668,0.000422291,0.0,0.0,0.0,0.0,0.0
2.7,1e-20,5.15e-31,0.872766822,382447000000000.0,0.0,0.0,0.0,0.0,0.0
2.7,1e-18,5.150000000000001e-29,0.872766822,3824470000000.0,0.0,0.0,0.0,0.0,0.0
2.7,1e-16,5.1500000000000005e-27,0.872766822,38244703119.0,0.0,0.0,0.0,0.0,0.0
2.7,1e-14,5.15e-25,0.872766822,382447031.2,0.0,0.0,0.0,0.0,0.0
2.7,1e-12,5.15e-23,0.872766822,3824470.312,0.0,0.0,0.0,0.0,0.0
2.7,1e-10,5.15e-21,0.872766822,38244.70312,0.0,0.0,0.0,0.0,0.0
2.7,1e-08,5.15e-19,0.872766822,382.4470312,0.0,0.0,0.0,0.0,0.0
2.7,1e-06,5.15e-17,0.872766822,3.824470312,0.0,0.0,0.0,0.0,0.0
2.7,1e-05,5.15e-16,0.872766822,0.382447031,0.0,0.0,0.0,0.0,0.0
2.7,0.0001,5.15e-15,0.872766822,0.038244703,0.0,0.0,0.0,0.0,0.0
2.7,0.000562,2.89e-14,0.872766822,0.006805107,0.0,0.0,0.0,0.0,0.0
2.7,0.000316,1.63e-14,0.872766822,0.012102754,0.0,0.0,0.0,0.0,0.0
2.7,0.0001778,9.16e-15,0.872766822,0.021509957,0.0,0.0,0.0,0.0,0.0
2.7,0.001,5.15e-14,0.872766822,0.00382447,0.0,0.0,0.0,0.0,0.0
2.7,0.00562,2.89e-13,0.872766822,0.000680511,0.0,0.0,0.0,0.0,0.0
2.7,0.00316,1.63e-13,0.872766822,0.001210275,0.0,0.0,0.0,0.0,0.0
2.7,0.001778,9.16e-14,0.872766822,0.002150996,0.0,0.0,0.0,0.0,0.0
2.7,0.01,5.15e-13,0.872766822,0.000382447,0.0,0.0,0.0,0.0,0.0
2.75,1e-20,5.68e-31,0.873485867,346949000000000.0,0.0,0.0,0.0,0.0,0.0
2.75,1e-18,5.68e-29,0.873485867,3469490000000.0,0.0,0.0,0.0,0.0,0.0
2.75,1e-16,5.6800000000000006e-27,0.873485867,34694874815.0,0.0,0.0,0.0,0.0,0.0
2.75,1e-14,5.6799999999999995e-25,0.873485867,346948748.2,0.0,0.0,0.0,0.0,0.0
2.75,1e-12,5.68e-23,0.873485867,3469487.482,0.0,0.0,0.0,0.0,0.0
2.75,1e-10,5.680000000000001e-21,0.873485867,34694.87482,0.0,0.0,0.0,0.0,0.0
2.75,1e-08,5.68e-19,0.873485867,346.9487482,0.0,0.0,0.0,0.0,0.0
2.75,1e-06,5.68e-17,0.873485867,3.469487482,0.0,0.0,0.0,0.0,0.0
2.75,1e-05,5.68e-16,0.873485867,0.346948748,0.0,0.0,0.0,0.0,0.0
2.75,0.0001,5.68e-15,0.873485867,0.034694875,0.0,0.0,0.0,0.0,0.0
2.75,0.000562,3.19e-14,0.873485867,0.006173465,0.0,0.0,0.0,0.0,0.0
2.75,0.000316,1.79e-14,0.873485867,0.010979391,0.0,0.0,0.0,0.0,0.0
2.75,0.0001778,1.01e-14,0.873485867,0.019513428,0.0,0.0,0.0,0.0,0.0
2.75,0.001,5.68e-14,0.873485867,0.003469487,0.0,0.0,0.0,0.0,0.0
2.75,0.00562,3.19e-13,0.873485867,0.000617347,0.0,0.0,0.0,0.0,0.0
2.75,0.00316,1.79e-13,0.873485867,0.001097939,0.0,0.0,0.0,0.0,0.0
2.75,0.001778,1.01e-13,0.873485867,0.001951343,0.0,0.0,0.0,0.0,0.0
2.75,0.01,5.68e-13,0.873485867,0.000346949,0.0,0.0,0.0,0.0,0.0
