p,theta,cross_section,N_M
18836.490894897714,1.6788040181226e-06,256.267,7688010.0
11885.022274369994,2.1134890398366347e-06,256.422,7692660.000000001
18836.490894897714,4.216965034285822e-06,255.725,7671750.0
10592.537251772746,5.308844442309999e-06,255.91,7677300.0
1333.521432163324,6.68343917568604e-06,256.654,7699620.0
14962.356560944603,6.68343917568604e-06,256.908,7707240.0
10592.537251772746,7.498942093324558e-06,256.714,7701420.0
14962.356560944603,7.498942093324558e-06,256.267,7688010.0
8413.951416452084,8.413951416452102e-06,256.654,7699620.0
3758.3740428843894,9.440608762859439e-06,255.725,7671750.0
6683.43917568604,9.440608762859439e-06,255.93599999999998,7678079.999999999
4731.51258961488,1.059253725177266e-05,256.135,7684050.0
10592.537251772746,1.059253725177266e-05,256.746,7702379.999999999
4216.965034285822,1.1885022274369971e-05,255.28,7658400.0
5308.844442309939,1.1885022274369971e-05,256.66200000000003,7699860.000000001
6683.43917568604,1.1885022274369971e-05,257.133,7713989.999999999
8413.951416452084,1.1885022274369971e-05,512.9390000000001,15388170.000000002
11885.022274369994,1.1885022274369971e-05,254.678,7640340.0
16788.040181225864,1.1885022274369971e-05,257.133,7713989.999999999
4216.965034285822,1.333521432163324e-05,256.883,7706489.999999999
6683.43917568604,1.333521432163324e-05,256.367,7691010.000000001
8413.951416452084,1.333521432163324e-05,256.501,7695029.999999999
13335.21432163324,1.333521432163324e-05,255.736,7672080.0
2371.373705661655,1.4962356560944604e-05,256.329,7689870.0
4216.965034285822,1.4962356560944604e-05,256.444,7693320.000000001
21134.89039836613,1.4962356560944604e-05,255.805,7674150.0
1059.2537251772887,1.6788040181225933e-05,256.199,7685970.0
1883.6490894897943,1.6788040181225933e-05,255.808,7674240.0
7498.942093324558,1.6788040181225933e-05,256.908,7707240.0
8413.951416452084,1.6788040181225933e-05,256.012,7680360.0
11885.022274369994,1.6788040181225933e-05,256.01099999999997,7680329.999999999
13335.21432163324,1.6788040181225933e-05,255.245,7657350.0
18836.490894897714,1.6788040181225933e-05,512.813,15384390.0
8413.951416452084,1.8836490894897676e-05,255.865,7675950.0
13335.21432163324,1.8836490894897676e-05,255.501,7665030.0
14962.356560944603,1.8836490894897676e-05,256.019,7680570.0
23713.737056616552,1.8836490894897676e-05,255.28099999999998,7658429.999999999
3758.3740428843894,2.1134890398366086e-05,255.28099999999998,7658429.999999999
4731.51258961488,2.1134890398366086e-05,255.87900000000002,7676370.000000001
5956.621435290042,2.1134890398366086e-05,768.444,23053320.0
8413.951416452084,2.1134890398366086e-05,256.569,7697070.000000001
9440.608762859361,2.1134890398366086e-05,255.49900000000002,7664970.000000001
11885.022274369994,2.1134890398366086e-05,511.60699999999997,15348210.0
13335.21432163324,2.1134890398366086e-05,254.678,7640340.0
14962.356560944603,2.1134890398366086e-05,512.562,15376860.0
21134.89039836613,2.1134890398366086e-05,255.93599999999998,7678079.999999999
33496.543915782175,2.1134890398366086e-05,256.357,7690710.000000001
2985.3826189179845,2.3713737056616554e-05,256.569,7697070.000000001
4216.965034285822,2.3713737056616554e-05,256.731,7701930.0
6683.43917568604,2.3713737056616554e-05,513.998,15419940.000000002
7498.942093324558,2.3713737056616554e-05,256.214,7686420.0
9440.608762859361,2.3713737056616554e-05,511.87,15356100.0
11885.022274369994,2.3713737056616554e-05,513.431,15402930.000000002
13335.21432163324,2.3713737056616554e-05,511.55300000000005,15346590.000000002
18836.490894897714,2.3713737056616554e-05,256.135,7684050.0
26607.250597988575,2.3713737056616554e-05,512.6,15378000.0
3349.6543915782518,2.6607250597988522e-05,255.674,7670220.0
3758.3740428843894,2.6607250597988522e-05,256.01099999999997,7680329.999999999
9440.608762859361,2.6607250597988522e-05,512.0269999999999,15360809.999999998
10592.537251772746,2.6607250597988522e-05,511.49800000000005,15344940.000000002
11885.022274369994,2.6607250597988522e-05,256.459,7693770.0
13335.21432163324,2.6607250597988522e-05,255.39200000000002,7661760.000000001
14962.356560944603,2.6607250597988522e-05,512.662,15379860.000000002
18836.490894897714,2.6607250597988522e-05,256.303,7689090.0
668.3439175686067,2.9853826189180123e-05,255.808,7674240.0
1059.2537251772887,2.9853826189180123e-05,255.725,7671750.0
1883.6490894897943,2.9853826189180123e-05,256.214,7686420.0
2371.373705661655,2.9853826189180123e-05,255.713,7671390.0
2985.3826189179845,2.9853826189180123e-05,257.068,7712039.999999999
3349.6543915782518,2.9853826189180123e-05,255.981,7679430.0
4216.965034285822,2.9853826189180123e-05,1024.987,30749610.000000004
5308.844442309939,2.9853826189180123e-05,256.525,7695749.999999999
7498.942093324558,2.9853826189180123e-05,512.0269999999999,15360809.999999998
9440.608762859361,2.9853826189180123e-05,255.732,7671960.0
10592.537251772746,2.9853826189180123e-05,255.808,7674240.0
11885.022274369994,2.9853826189180123e-05,256.252,7687560.0
13335.21432163324,2.9853826189180123e-05,768.0679999999999,23042039.999999996
14962.356560944603,2.9853826189180123e-05,767.7160000000001,23031480.000000004
16788.040181225864,2.9853826189180123e-05,513.2180000000001,15396540.000000002
23713.737056616552,2.9853826189180123e-05,511.105,15333150.0
595.6621435290127,3.349654391578218e-05,256.348,7690440.0
2660.7250597988495,3.349654391578218e-05,256.501,7695029.999999999
2985.3826189179845,3.349654391578218e-05,254.678,7640340.0
7498.942093324558,3.349654391578218e-05,256.024,7680720.0
8413.951416452084,3.349654391578218e-05,256.267,7688010.0
10592.537251772746,3.349654391578218e-05,255.805,7674150.0
11885.022274369994,3.349654391578218e-05,512.276,15368279.999999998
13335.21432163324,3.349654391578218e-05,1279.3830000000003,38381490.00000001
16788.040181225864,3.349654391578218e-05,513.408,15402240.0
18836.490894897714,3.349654391578218e-05,256.14,7684200.0
26607.250597988575,3.349654391578218e-05,255.245,7657350.0
1496.2356560944527,3.758374042884374e-05,256.14,7684200.0
2371.373705661655,3.758374042884374e-05,256.019,7680570.0
2985.3826189179845,3.758374042884374e-05,256.77,7703099.999999999
3349.6543915782518,3.758374042884374e-05,256.07599999999996,7682279.999999999
4216.965034285822,3.758374042884374e-05,257.047,7711410.000000001
5956.621435290042,3.758374042884374e-05,514.107,15423210.0
6683.43917568604,3.758374042884374e-05,256.97400000000005,7709220.000000001
7498.942093324558,3.758374042884374e-05,514.562,15436860.0
8413.951416452084,3.758374042884374e-05,256.941,7708229.999999999
9440.608762859361,3.758374042884374e-05,255.28099999999998,7658429.999999999
10592.537251772746,3.758374042884374e-05,256.941,7708229.999999999
11885.022274369994,3.758374042884374e-05,1279.5079999999998,38385239.99999999
13335.21432163324,3.758374042884374e-05,511.85600000000005,15355680.000000002
14962.356560944603,3.758374042884374e-05,512.016,15360479.999999998
18836.490894897714,3.758374042884374e-05,1024.265,30727950.000000004
21134.89039836613,3.758374042884374e-05,257.047,7711410.000000001
23713.737056616552,3.758374042884374e-05,256.214,7686420.0
1188.502227437003,4.216965034285822e-05,255.732,7671960.0
2113.4890398366174,4.216965034285822e-05,256.041,7681230.0
2371.373705661655,4.216965034285822e-05,256.801,7704030.0
2660.7250597988495,4.216965034285822e-05,256.329,7689870.0
2985.3826189179845,4.216965034285822e-05,256.21500000000003,7686450.000000001
3349.6543915782518,4.216965034285822e-05,256.14,7684200.0
4731.51258961488,4.216965034285822e-05,511.947,15358410.0
5308.844442309939,4.216965034285822e-05,256.731,7701930.0
5956.621435290042,4.216965034285822e-05,768.5780000000001,23057340.000000004
7498.942093324558,4.216965034285822e-05,1023.6510000000001,30709530.000000004
8413.951416452084,4.216965034285822e-05,256.801,7704030.0
9440.608762859361,4.216965034285822e-05,512.419,15372570.0
10592.537251772746,4.216965034285822e-05,1026.618,30798540.0
11885.022274369994,4.216965034285822e-05,511.85,15355500.0
13335.21432163324,4.216965034285822e-05,768.4350000000001,23053050.0
14962.356560944603,4.216965034285822e-05,1279.3129999999999,38379389.99999999
16788.040181225864,4.216965034285822e-05,1026.3070000000002,30789210.000000007
18836.490894897714,4.216965034285822e-05,255.981,7679430.0
21134.89039836613,4.216965034285822e-05,512.174,15365220.0
23713.737056616552,4.216965034285822e-05,256.941,7708229.999999999
26607.250597988575,4.216965034285822e-05,256.188,7685640.0
2113.4890398366174,4.73151258961488e-05,255.93099999999998,7677929.999999999
2371.373705661655,4.73151258961488e-05,255.713,7671390.0
2985.3826189179845,4.73151258961488e-05,256.135,7684050.0
4216.965034285822,4.73151258961488e-05,256.459,7693770.0
4731.51258961488,4.73151258961488e-05,512.002,15360059.999999998
5956.621435290042,4.73151258961488e-05,256.255,7687650.0
6683.43917568604,4.73151258961488e-05,1279.3749999999998,38381249.99999999
7498.942093324558,4.73151258961488e-05,512.398,15371940.0
8413.951416452084,4.73151258961488e-05,1024.767,30743010.0
9440.608762859361,4.73151258961488e-05,767.3789999999999,23021369.999999996
10592.537251772746,4.73151258961488e-05,767.635,23029050.0
11885.022274369994,4.73151258961488e-05,255.91,7677300.0
13335.21432163324,4.73151258961488e-05,1534.804,46044120.0
14962.356560944603,4.73151258961488e-05,768.0429999999999,23041289.999999996
16788.040181225864,4.73151258961488e-05,512.061,15361830.000000002
18836.490894897714,4.73151258961488e-05,768.0880000000001,23042640.000000004
23713.737056616552,4.73151258961488e-05,256.908,7707240.0
26607.250597988575,4.73151258961488e-05,511.261,15337830.0
29853.826189180123,4.73151258961488e-05,256.041,7681230.0
1188.502227437003,5.308844442309966e-05,255.096,7652880.0
2113.4890398366174,5.308844442309966e-05,256.303,7689090.0
2371.373705661655,5.308844442309966e-05,255.423,7662690.0
2985.3826189179845,5.308844442309966e-05,255.245,7657350.0
3349.6543915782518,5.308844442309966e-05,255.92200000000003,7677660.000000001
4216.965034285822,5.308844442309966e-05,255.245,7657350.0
4731.51258961488,5.308844442309966e-05,512.825,15384750.000000002
5308.844442309939,5.308844442309966e-05,256.444,7693320.000000001
5956.621435290042,5.308844442309966e-05,1025.703,30771090.0
6683.43917568604,5.308844442309966e-05,770.529,23115870.0
7498.942093324558,5.308844442309966e-05,770.1429999999999,23104289.999999996
8413.951416452084,5.308844442309966e-05,769.519,23085570.0
9440.608762859361,5.308844442309966e-05,1281.504,38445120.0
10592.537251772746,5.308844442309966e-05,1025.108,30753240.0
11885.022274369994,5.308844442309966e-05,2305.878,69176340.0
13335.21432163324,5.308844442309966e-05,1280.706,38421180.0
14962.356560944603,5.308844442309966e-05,1279.7250000000001,38391750.00000001
16788.040181225864,5.308844442309966e-05,510.843,15325290.0
18836.490894897714,5.308844442309966e-05,1788.38,53651400.0
21134.89039836613,5.308844442309966e-05,769.0930000000001,23072790.000000004
23713.737056616552,5.308844442309966e-05,256.801,7704030.0
595.6621435290127,5.956621435290012e-05,255.736,7672080.0
2371.373705661655,5.956621435290012e-05,256.801,7704030.0
2985.3826189179845,5.956621435290012e-05,768.442,23053260.0
3349.6543915782518,5.956621435290012e-05,255.674,7670220.0
4731.51258961488,5.956621435290012e-05,511.042,15331260.0
5308.844442309939,5.956621435290012e-05,512.533,15375990.0
5956.621435290042,5.956621435290012e-05,512.5980000000001,15377940.000000002
6683.43917568604,5.956621435290012e-05,1536.13,46083900.0
7498.942093324558,5.956621435290012e-05,769.5010000000001,23085030.000000004
8413.951416452084,5.956621435290012e-05,1535.661,46069830.0
9440.608762859361,5.956621435290012e-05,1026.3580000000002,30790740.000000004
10592.537251772746,5.956621435290012e-05,1793.877,53816310.0
11885.022274369994,5.956621435290012e-05,1024.34,30730199.999999996
13335.21432163324,5.956621435290012e-05,2049.944,61498320.0
14962.356560944603,5.956621435290012e-05,769.199,23075970.0
16788.040181225864,5.956621435290012e-05,1025.0220000000002,30750660.000000004
18836.490894897714,5.956621435290012e-05,1791.382,53741460.0
21134.89039836613,5.956621435290012e-05,768.3129999999999,23049389.999999996
23713.737056616552,5.956621435290012e-05,256.012,7680360.0
26607.250597988575,5.956621435290012e-05,256.269,7688070.0
29853.826189180123,5.956621435290012e-05,255.93099999999998,7677929.999999999
375.8374042884401,6.683439175686026e-05,256.61,7698300.0
1333.521432163324,6.683439175686026e-05,768.58,23057400.0
1678.8040181225674,6.683439175686026e-05,256.303,7689090.0
2371.373705661655,6.683439175686026e-05,767.803,23034090.0
2660.7250597988495,6.683439175686026e-05,769.2280000000001,23076840.000000004
2985.3826189179845,6.683439175686026e-05,511.026,15330780.0
3349.6543915782518,6.683439175686026e-05,255.501,7665030.0
4216.965034285822,6.683439175686026e-05,512.7210000000001,15381630.000000004
4731.51258961488,6.683439175686026e-05,769.248,23077440.0
5308.844442309939,6.683439175686026e-05,1280.778,38423340.0
5956.621435290042,6.683439175686026e-05,769.178,23075340.0
6683.43917568604,6.683439175686026e-05,768.033,23040990.0
7498.942093324558,6.683439175686026e-05,768.2950000000001,23048850.000000004
8413.951416452084,6.683439175686026e-05,2048.255,61447650.0
9440.608762859361,6.683439175686026e-05,2304.475,69134250.0
10592.537251772746,6.683439175686026e-05,1791.9609999999998,53758829.99999999
11885.022274369994,6.683439175686026e-05,1537.684,46130520.0
13335.21432163324,6.683439175686026e-05,2815.708,84471240.0
14962.356560944603,6.683439175686026e-05,1535.689,46070670.0
16788.040181225864,6.683439175686026e-05,1790.5929999999998,53717789.99999999
18836.490894897714,6.683439175686026e-05,769.0730000000001,23072190.000000004
21134.89039836613,6.683439175686026e-05,1025.8410000000001,30775230.000000004
23713.737056616552,6.683439175686026e-05,256.422,7692660.000000001
26607.250597988575,6.683439175686026e-05,256.07599999999996,7682279.999999999
421.6965034285823,7.498942093324559e-05,255.732,7671960.0
944.0608762859226,7.498942093324559e-05,255.28,7658400.0
1678.8040181225674,7.498942093324559e-05,256.746,7702379.999999999
1883.6490894897943,7.498942093324559e-05,256.019,7680570.0
2113.4890398366174,7.498942093324559e-05,255.28099999999998,7658429.999999999
2660.7250597988495,7.498942093324559e-05,255.28099999999998,7658429.999999999
3349.6543915782518,7.498942093324559e-05,256.77,7703099.999999999
3758.3740428843894,7.498942093324559e-05,256.185,7685550.0
4216.965034285822,7.498942093324559e-05,767.9810000000001,23039430.000000004
4731.51258961488,7.498942093324559e-05,512.2239999999999,15366719.999999998
5308.844442309939,7.498942093324559e-05,1023.6110000000001,30708330.000000004
5956.621435290042,7.498942093324559e-05,512.398,15371940.0
6683.43917568604,7.498942093324559e-05,1539.378,46181340.0
7498.942093324558,7.498942093324559e-05,1537.663,46129890.0
8413.951416452084,7.498942093324559e-05,3071.1740000000004,92135220.00000001
9440.608762859361,7.498942093324559e-05,255.762,7672860.0
10592.537251772746,7.498942093324559e-05,3333.214,99996420.0
11885.022274369994,7.498942093324559e-05,1537.5410000000002,46126230.00000001
13335.21432163324,7.498942093324559e-05,1023.0360000000001,30691080.0
14962.356560944603,7.498942093324559e-05,2821.725,84651750.0
16788.040181225864,7.498942093324559e-05,2050.196,61505880.0
18836.490894897714,7.498942093324559e-05,1023.3560000000001,30700680.000000004
21134.89039836613,7.498942093324559e-05,1023.274,30698220.0
23713.737056616552,7.498942093324559e-05,511.91300000000007,15357390.000000002
26607.250597988575,7.498942093324559e-05,512.389,15371670.0
33496.543915782175,7.498942093324559e-05,256.501,7695029.999999999
1188.502227437003,8.413951416452086e-05,255.736,7672080.0
1333.521432163324,8.413951416452086e-05,511.78000000000003,15353400.0
1496.2356560944527,8.413951416452086e-05,256.45,7693500.0
1883.6490894897943,8.413951416452086e-05,1024.048,30721440.0
2113.4890398366174,8.413951416452086e-05,512.7130000000001,15381390.000000002
2371.373705661655,8.413951416452086e-05,513.614,15408420.000000002
2660.7250597988495,8.413951416452086e-05,1024.6460000000002,30739380.000000004
2985.3826189179845,8.413951416452086e-05,256.188,7685640.0
3349.6543915782518,8.413951416452086e-05,255.87900000000002,7676370.000000001
3758.3740428843894,8.413951416452086e-05,256.14,7684200.0
4216.965034285822,8.413951416452086e-05,511.58,15347400.0
4731.51258961488,8.413951416452086e-05,1280.9460000000001,38428380.00000001
5308.844442309939,8.413951416452086e-05,510.865,15325950.0
5956.621435290042,8.413951416452086e-05,1281.983,38459490.0
6683.43917568604,8.413951416452086e-05,2049.706,61491180.00000001
7498.942093324558,8.413951416452086e-05,1278.605,38358150.0
8413.951416452084,8.413951416452086e-05,1792.275,53768250.0
9440.608762859361,8.413951416452086e-05,1538.111,46143330.0
10592.537251772746,8.413951416452086e-05,2049.6560000000004,61489680.000000015
11885.022274369994,8.413951416452086e-05,2559.85,76795500.0
13335.21432163324,8.413951416452086e-05,3327.0740000000005,99812220.00000001
14962.356560944603,8.413951416452086e-05,2303.076,69092280.0
16788.040181225864,8.413951416452086e-05,2818.232,84546960.0
18836.490894897714,8.413951416452086e-05,1791.6430000000003,53749290.00000001
21134.89039836613,8.413951416452086e-05,1794.0610000000001,53821830.00000001
23713.737056616552,8.413951416452086e-05,255.84099999999998,7675229.999999999
26607.250597988575,8.413951416452086e-05,512.746,15382380.0
29853.826189180123,8.413951416452086e-05,255.865,7675950.0
1059.2537251772887,9.440608762859361e-05,256.207,7686210.0
1333.521432163324,9.440608762859361e-05,255.808,7674240.0
1678.8040181225674,9.440608762859361e-05,512.1060000000001,15363180.000000004
2113.4890398366174,9.440608762859361e-05,512.659,15379770.0
2371.373705661655,9.440608762859361e-05,255.981,7679430.0
2660.7250597988495,9.440608762859361e-05,767.11,23013300.0
2985.3826189179845,9.440608762859361e-05,1024.904,30747120.0
3349.6543915782518,9.440608762859361e-05,769.389,23081670.0
3758.3740428843894,9.440608762859361e-05,2819.954,84598620.0
4216.965034285822,9.440608762859361e-05,1280.63,38418900.0
4731.51258961488,9.440608762859361e-05,1280.318,38409540.0
5308.844442309939,9.440608762859361e-05,1537.826,46134780.0
5956.621435290042,9.440608762859361e-05,1279.8170000000002,38394510.00000001
6683.43917568604,9.440608762859361e-05,1792.825,53784750.0
7498.942093324558,9.440608762859361e-05,3077.1270000000004,92313810.00000001
8413.951416452084,9.440608762859361e-05,3075.3140000000003,92259420.00000001
9440.608762859361,9.440608762859361e-05,3586.182,107585460.0
10592.537251772746,9.440608762859361e-05,2817.672,84530160.0
11885.022274369994,9.440608762859361e-05,2817.1730000000007,84515190.00000001
13335.21432163324,9.440608762859361e-05,2819.9390000000003,84598170.00000001
14962.356560944603,9.440608762859361e-05,3841.1710000000003,115235130.00000001
16788.040181225864,9.440608762859361e-05,2818.16,84544800.0
18836.490894897714,9.440608762859361e-05,2049.1949999999997,61475849.99999999
21134.89039836613,9.440608762859361e-05,767.166,23014980.0
23713.737056616552,9.440608762859361e-05,1023.676,30710280.0
26607.250597988575,9.440608762859361e-05,255.736,7672080.0
29853.826189180123,9.440608762859361e-05,256.659,7699770.0
1059.2537251772887,0.00010592537251772745,511.706,15351180.0
1188.502227437003,0.00010592537251772745,256.255,7687650.0
1496.2356560944527,0.00010592537251772745,256.214,7686420.0
1678.8040181225674,0.00010592537251772745,255.501,7665030.0
1883.6490894897943,0.00010592537251772745,509.57800000000003,15287340.000000002
2113.4890398366174,0.00010592537251772745,1024.058,30721740.0
2371.373705661655,0.00010592537251772745,512.161,15364829.999999998
2660.7250597988495,0.00010592537251772745,256.66200000000003,7699860.000000001
2985.3826189179845,0.00010592537251772745,512.169,15365070.0
3349.6543915782518,0.00010592537251772745,1025.0819999999999,30752459.999999996
3758.3740428843894,0.00010592537251772745,2048.9849999999997,61469549.99999999
4216.965034285822,0.00010592537251772745,1790.058,53701740.0
4731.51258961488,0.00010592537251772745,1535.721,46071630.0
5308.844442309939,0.00010592537251772745,2815.328,84459840.0
5956.621435290042,0.00010592537251772745,2565.3709999999996,76961129.99999999
6683.43917568604,0.00010592537251772745,2818.1700000000005,84545100.00000001
7498.942093324558,0.00010592537251772745,2049.3309999999997,61479929.99999999
8413.951416452084,0.00010592537251772745,4354.739,130642169.99999999
9440.608762859361,0.00010592537251772745,3328.3419999999996,99850259.99999999
10592.537251772746,0.00010592537251772745,3073.6150000000007,92208450.00000001
11885.022274369994,0.00010592537251772745,4866.774,146003220.0
13335.21432163324,0.00010592537251772745,2823.5750000000003,84707250.00000001
14962.356560944603,0.00010592537251772745,3327.951,99838530.0
16788.040181225864,0.00010592537251772745,2558.619,76758570.0
18836.490894897714,0.00010592537251772745,3331.6560000000004,99949680.00000001
21134.89039836613,0.00010592537251772745,511.124,15333720.0
23713.737056616552,0.00010592537251772745,255.732,7671960.0
26607.250597988575,0.00010592537251772745,1280.93,38427900.0
668.3439175686067,0.00011885022274369995,256.673,7700190.0
749.8942093324558,0.00011885022274369995,256.357,7690710.000000001
841.395141645206,0.00011885022274369995,256.199,7685970.0
1188.502227437003,0.00011885022274369995,512.2130000000001,15366390.000000002
1333.521432163324,0.00011885022274369995,255.84099999999998,7675229.999999999
1496.2356560944527,0.00011885022274369995,256.295,7688850.000000001
1678.8040181225674,0.00011885022274369995,255.805,7674150.0
1883.6490894897943,0.00011885022274369995,769.9679999999998,23099039.999999996
2113.4890398366174,0.00011885022274369995,513.2160000000001,15396480.000000004
2371.373705661655,0.00011885022274369995,513.02,15390600.0
2660.7250597988495,0.00011885022274369995,256.07599999999996,7682279.999999999
2985.3826189179845,0.00011885022274369995,2050.203,61506090.0
3758.3740428843894,0.00011885022274369995,768.445,23053350.0
4216.965034285822,0.00011885022274369995,2304.0080000000003,69120240.00000001
4731.51258961488,0.00011885022274369995,2307.197,69215910.0
5308.844442309939,0.00011885022274369995,3073.893,92216790.0
5956.621435290042,0.00011885022274369995,2304.0050000000006,69120150.00000001
6683.43917568604,0.00011885022274369995,4616.0470000000005,138481410.0
7498.942093324558,0.00011885022274369995,4352.201999999999,130566059.99999999
8413.951416452084,0.00011885022274369995,3585.0,107550000.0
9440.608762859361,0.00011885022274369995,3588.0940000000005,107642820.00000001
10592.537251772746,0.00011885022274369995,4606.489,138194670.0
11885.022274369994,0.00011885022274369995,3330.5120000000006,99915360.00000001
13335.21432163324,0.00011885022274369995,6658.711,199761330.0
14962.356560944603,0.00011885022274369995,2814.487,84434610.0
16788.040181225864,0.00011885022274369995,3844.3860000000004,115331580.00000001
18836.490894897714,0.00011885022274369995,2048.2459999999996,61447379.99999999
21134.89039836613,0.00011885022274369995,2307.1780000000003,69215340.00000001
23713.737056616552,0.00011885022274369995,2047.919,61437570.0
26607.250597988575,0.00011885022274369995,1025.645,30769350.0
421.6965034285823,0.0001333521432163324,255.829,7674870.0
473.15125896148606,0.0001333521432163324,510.83899999999994,15325169.999999998
749.8942093324558,0.0001333521432163324,511.637,15349110.0
841.395141645206,0.0001333521432163324,512.552,15376560.0
944.0608762859226,0.0001333521432163324,256.801,7704030.0
1333.521432163324,0.0001333521432163324,512.4839999999999,15374519.999999998
1678.8040181225674,0.0001333521432163324,511.98800000000006,15359640.000000002
1883.6490894897943,0.0001333521432163324,513.787,15413610.000000002
2113.4890398366174,0.0001333521432163324,1280.9610000000002,38428830.00000001
2371.373705661655,0.0001333521432163324,767.625,23028750.0
2660.7250597988495,0.0001333521432163324,1279.073,38372190.0
2985.3826189179845,0.0001333521432163324,1793.444,53803320.0
3349.6543915782518,0.0001333521432163324,1793.8960000000002,53816880.00000001
3758.3740428843894,0.0001333521432163324,1537.305,46119150.0
4216.965034285822,0.0001333521432163324,2818.2619999999997,84547859.99999999
4731.51258961488,0.0001333521432163324,3328.543,99856290.0
5308.844442309939,0.0001333521432163324,3073.3520000000003,92200560.00000001
5956.621435290042,0.0001333521432163324,6143.712,184311360.0
6683.43917568604,0.0001333521432163324,2817.1739999999995,84515219.99999999
7498.942093324558,0.0001333521432163324,3585.3340000000003,107560020.00000001
8413.951416452084,0.0001333521432163324,4862.295,145868850.0
9440.608762859361,0.0001333521432163324,4610.916,138327480.0
10592.537251772746,0.0001333521432163324,9219.514,276585420.0
11885.022274369994,0.0001333521432163324,4869.469,146084070.0
13335.21432163324,0.0001333521432163324,5886.42,176592600.0
14962.356560944603,0.0001333521432163324,4866.1990000000005,145985970.00000003
16788.040181225864,0.0001333521432163324,5119.441999999999,153583259.99999997
18836.490894897714,0.0001333521432163324,2305.8680000000004,69176040.00000001
21134.89039836613,0.0001333521432163324,3585.9719999999998,107579160.0
23713.737056616552,0.0001333521432163324,1278.555,38356650.0
26607.250597988575,0.0001333521432163324,1023.187,30695610.0
29853.826189180123,0.0001333521432163324,512.159,15364770.0
33496.543915782175,0.0001333521432163324,255.342,7660260.0
298.5382618917933,0.00014962356560944574,255.76,7672800.0
595.6621435290127,0.00014962356560944574,256.459,7693770.0
749.8942093324558,0.00014962356560944574,254.891,7646730.0
944.0608762859226,0.00014962356560944574,512.0930000000001,15362790.000000002
1059.2537251772887,0.00014962356560944574,768.077,23042310.0
1188.502227437003,0.00014962356560944574,512.753,15382590.000000002
1333.521432163324,0.00014962356560944574,512.5930000000001,15377790.000000002
1678.8040181225674,0.00014962356560944574,1794.869,53846070.0
2113.4890398366174,0.00014962356560944574,1536.446,46093380.0
2371.373705661655,0.00014962356560944574,2049.201,61476030.0
2660.7250597988495,0.00014962356560944574,1024.509,30735270.0
2985.3826189179845,0.00014962356560944574,1025.914,30777420.0
3349.6543915782518,0.00014962356560944574,1280.0439999999999,38401319.99999999
3758.3740428843894,0.00014962356560944574,3329.6939999999995,99890819.99999999
4216.965034285822,0.00014962356560944574,3585.322,107559660.0
4731.51258961488,0.00014962356560944574,4094.4149999999995,122832449.99999999
5308.844442309939,0.00014962356560944574,4354.380999999999,130631429.99999999
5956.621435290042,0.00014962356560944574,4606.987,138209610.0
6683.43917568604,0.00014962356560944574,6407.914000000001,192237420.00000003
7498.942093324558,0.00014962356560944574,4094.9869999999996,122849609.99999999
8413.951416452084,0.00014962356560944574,6912.831,207384930.0
9440.608762859361,0.00014962356560944574,7940.824,238224720.0
10592.537251772746,0.00014962356560944574,8707.701,261231029.99999997
11885.022274369994,0.00014962356560944574,5635.778,169073340.0
13335.21432163324,0.00014962356560944574,8704.533000000001,261135990.00000003
14962.356560944603,0.00014962356560944574,4351.626,130548780.0
16788.040181225864,0.00014962356560944574,5121.669999999999,153650099.99999997
18836.490894897714,0.00014962356560944574,7170.602999999999,215118089.99999997
21134.89039836613,0.00014962356560944574,1789.0629999999999,53671889.99999999
23713.737056616552,0.00014962356560944574,1282.402,38472060.0
29853.826189180123,0.00014962356560944574,766.195,22985850.0
334.9654391578307,0.00016788040181225778,256.93,7707900.0
473.15125896148606,0.00016788040181225778,256.348,7690440.0
530.8844442309858,0.00016788040181225778,255.87900000000002,7676370.000000001
668.3439175686067,0.00016788040181225778,512.354,15370620.000000002
749.8942093324558,0.00016788040181225778,512.969,15389070.000000002
841.395141645206,0.00016788040181225778,767.6030000000001,23028090.000000004
944.0608762859226,0.00016788040181225778,255.91,7677300.0
1059.2537251772887,0.00016788040181225778,255.865,7675950.0
1188.502227437003,0.00016788040181225778,255.28099999999998,7658429.999999999
1333.521432163324,0.00016788040181225778,255.981,7679430.0
1496.2356560944527,0.00016788040181225778,512.431,15372930.000000002
1678.8040181225674,0.00016788040181225778,512.237,15367109.999999998
1883.6490894897943,0.00016788040181225778,1794.3760000000004,53831280.000000015
2113.4890398366174,0.00016788040181225778,1278.713,38361390.0
2371.373705661655,0.00016788040181225778,1793.149,53794470.0
2660.7250597988495,0.00016788040181225778,1536.7910000000002,46103730.00000001
2985.3826189179845,0.00016788040181225778,1536.394,46091820.0
3349.6543915782518,0.00016788040181225778,2819.4190000000003,84582570.00000001
3758.3740428843894,0.00016788040181225778,3071.2670000000003,92138010.00000001
4216.965034285822,0.00016788040181225778,2049.871,61496130.0
4731.51258961488,0.00016788040181225778,4611.193,138335790.0
5308.844442309939,0.00016788040181225778,3069.0549999999994,92071649.99999999
5956.621435290042,0.00016788040181225778,5631.024,168930720.0
6683.43917568604,0.00016788040181225778,8191.509999999999,245745299.99999997
7498.942093324558,0.00016788040181225778,8708.819999999998,261264599.99999994
8413.951416452084,0.00016788040181225778,6147.3009999999995,184419029.99999997
9440.608762859361,0.00016788040181225778,6403.805,192114150.0
10592.537251772746,0.00016788040181225778,8704.597,261137910.0
11885.022274369994,0.00016788040181225778,9472.613000000001,284178390.00000006
13335.21432163324,0.00016788040181225778,6918.473000000001,207554190.00000003
14962.356560944603,0.00016788040181225778,5629.358,168880740.0
16788.040181225864,0.00016788040181225778,3326.9429999999993,99808289.99999999
18836.490894897714,0.00016788040181225778,3073.4060000000004,92202180.00000001
21134.89039836613,0.00016788040181225778,1538.195,46145850.0
23713.737056616552,0.00016788040181225778,767.9380000000001,23038140.000000004
26607.250597988575,0.00016788040181225778,512.693,15380790.0
595.6621435290127,0.0001883649089489781,513.322,15399660.0
668.3439175686067,0.0001883649089489781,766.7810000000001,23003430.000000004
749.8942093324558,0.0001883649089489781,255.92200000000003,7677660.000000001
944.0608762859226,0.0001883649089489781,769.23,23076900.0
1059.2537251772887,0.0001883649089489781,511.9310000000001,15357930.000000004
1188.502227437003,0.0001883649089489781,769.6289999999999,23088869.999999996
1333.521432163324,0.0001883649089489781,256.883,7706489.999999999
1496.2356560944527,0.0001883649089489781,256.267,7688010.0
1678.8040181225674,0.0001883649089489781,255.981,7679430.0
1883.6490894897943,0.0001883649089489781,1536.905,46107150.0
2113.4890398366174,0.0001883649089489781,1280.814,38424420.0
2371.373705661655,0.0001883649089489781,1535.9650000000001,46078950.00000001
2660.7250597988495,0.0001883649089489781,3076.663,92299890.0
2985.3826189179845,0.0001883649089489781,2562.1589999999997,76864769.99999999
3349.6543915782518,0.0001883649089489781,4098.606000000001,122958180.00000001
3758.3740428843894,0.0001883649089489781,3075.6659999999997,92269979.99999999
4216.965034285822,0.0001883649089489781,5376.703,161301090.0
4731.51258961488,0.0001883649089489781,4100.644000000001,123019320.00000003
5308.844442309939,0.0001883649089489781,6150.094000000002,184502820.00000006
5956.621435290042,0.0001883649089489781,8454.649,253639469.99999997
6683.43917568604,0.0001883649089489781,8451.961000000001,253558830.00000003
7498.942093324558,0.0001883649089489781,8962.744,268882320.0
8413.951416452084,0.0001883649089489781,9225.111,276753330.0
9440.608762859361,0.0001883649089489781,7682.549000000002,230476470.00000006
10592.537251772746,0.0001883649089489781,12805.294000000004,384158820.0000001
11885.022274369994,0.0001883649089489781,8193.909,245817270.0
13335.21432163324,0.0001883649089489781,7427.458999999999,222823769.99999997
14962.356560944603,0.0001883649089489781,8198.417,245952509.99999997
16788.040181225864,0.0001883649089489781,5888.67,176660100.0
18836.490894897714,0.0001883649089489781,3333.0900000000006,99992700.00000001
21134.89039836613,0.0001883649089489781,1281.976,38459280.0
23713.737056616552,0.0001883649089489781,768.6329999999999,23058989.999999996
26607.250597988575,0.0001883649089489781,512.496,15374880.0
29853.826189180123,0.0001883649089489781,255.72400000000002,7671720.000000001
421.6965034285823,0.00021134890398366132,511.542,15346260.0
749.8942093324558,0.00021134890398366132,254.36400000000003,7630920.000000001
841.395141645206,0.00021134890398366132,768.62,23058600.0
944.0608762859226,0.00021134890398366132,511.87899999999996,15356369.999999998
1059.2537251772887,0.00021134890398366132,1023.053,30691590.0
1188.502227437003,0.00021134890398366132,513.3100000000001,15399300.000000002
1333.521432163324,0.00021134890398366132,1025.955,30778649.999999996
1496.2356560944527,0.00021134890398366132,768.587,23057610.0
1678.8040181225674,0.00021134890398366132,1281.711,38451330.0
1883.6490894897943,0.00021134890398366132,2301.112,69033360.0
2113.4890398366174,0.00021134890398366132,1790.7999999999997,53723999.99999999
2371.373705661655,0.00021134890398366132,2564.5789999999997,76937369.99999999
2660.7250597988495,0.00021134890398366132,3583.6630000000005,107509890.00000001
2985.3826189179845,0.00021134890398366132,3585.734000000001,107572020.00000003
3349.6543915782518,0.00021134890398366132,4867.048999999999,146011469.99999997
3758.3740428843894,0.00021134890398366132,4608.394000000001,138251820.00000003
4216.965034285822,0.00021134890398366132,6147.591,184427730.0
4731.51258961488,0.00021134890398366132,6911.982,207359460.0
5308.844442309939,0.00021134890398366132,10504.071999999998,315122159.99999994
5956.621435290042,0.00021134890398366132,8969.400000000003,269082000.0000001
6683.43917568604,0.00021134890398366132,10243.895,307316850.0
7498.942093324558,0.00021134890398366132,11529.953999999996,345898619.9999999
8413.951416452084,0.00021134890398366132,10759.367,322781010.0
9440.608762859361,0.00021134890398366132,14862.671999999997,445880159.9999999
10592.537251772746,0.00021134890398366132,9738.136,292144080.0
11885.022274369994,0.00021134890398366132,11018.777,330563310.0
13335.21432163324,0.00021134890398366132,10755.902999999998,322677089.99999994
14962.356560944603,0.00021134890398366132,7681.663,230449890.0
16788.040181225864,0.00021134890398366132,5119.103000000001,153573090.00000003
18836.490894897714,0.00021134890398366132,3588.1839999999997,107645519.99999999
21134.89039836613,0.00021134890398366132,2817.809,84534270.0
23713.737056616552,0.00021134890398366132,513.187,15395610.0
26607.250597988575,0.00021134890398366132,257.047,7711410.000000001
473.15125896148606,0.00023713737056616554,255.501,7665030.0
530.8844442309858,0.00023713737056616554,255.92200000000003,7677660.000000001
595.6621435290127,0.00023713737056616554,256.348,7690440.0
749.8942093324558,0.00023713737056616554,256.851,7705530.0
841.395141645206,0.00023713737056616554,256.654,7699620.0
944.0608762859226,0.00023713737056616554,512.66,15379799.999999998
1059.2537251772887,0.00023713737056616554,512.781,15383429.999999998
1188.502227437003,0.00023713737056616554,1279.163,38374890.0
1333.521432163324,0.00023713737056616554,1278.08,38342400.0
1496.2356560944527,0.00023713737056616554,769.413,23082390.0
1678.8040181225674,0.00023713737056616554,2048.933,61467990.0
1883.6490894897943,0.00023713737056616554,1792.7300000000002,53781900.00000001
2113.4890398366174,0.00023713737056616554,2562.2830000000004,76868490.00000001
2371.373705661655,0.00023713737056616554,3328.9159999999997,99867479.99999999
2660.7250597988495,0.00023713737056616554,3587.9989999999993,107639969.99999999
2985.3826189179845,0.00023713737056616554,4860.7660000000005,145822980.00000003
3349.6543915782518,0.00023713737056616554,6914.226,207426780.0
3758.3740428843894,0.00023713737056616554,6657.826000000001,199734780.00000003
4216.965034285822,0.00023713737056616554,6145.593,184367790.0
4731.51258961488,0.00023713737056616554,10758.007,322740210.0
5308.844442309939,0.00023713737056616554,11521.103,345633090.0
5956.621435290042,0.00023713737056616554,11521.449000000002,345643470.00000006
6683.43917568604,0.00023713737056616554,13830.995,414929850.0
7498.942093324558,0.00023713737056616554,14337.392000000005,430121760.0000002
8413.951416452084,0.00023713737056616554,10502.332999999999,315069989.99999994
9440.608762859361,0.00023713737056616554,12802.141000000003,384064230.0000001
10592.537251772746,0.00023713737056616554,12809.938999999998,384298169.99999994
11885.022274369994,0.00023713737056616554,11270.739,338122170.0
13335.21432163324,0.00023713737056616554,9730.322,291909660.0
14962.356560944603,0.00023713737056616554,7169.549999999999,215086499.99999997
16788.040181225864,0.00023713737056616554,6402.955000000002,192088650.00000006
18836.490894897714,0.00023713737056616554,3586.4990000000003,107594970.00000001
21134.89039836613,0.00023713737056616554,2560.7540000000004,76822620.00000001
23713.737056616552,0.00023713737056616554,1279.311,38379330.0
94.40608762859158,0.0002660725059798847,255.725,7671750.0
334.9654391578307,0.0002660725059798847,256.422,7692660.000000001
421.6965034285823,0.0002660725059798847,513.1460000000001,15394380.000000002
530.8844442309858,0.0002660725059798847,512.6260000000001,15378780.000000002
668.3439175686067,0.0002660725059798847,256.303,7689090.0
749.8942093324558,0.0002660725059798847,767.0579999999999,23011739.999999996
841.395141645206,0.0002660725059798847,255.881,7676430.0
944.0608762859226,0.0002660725059798847,1536.878,46106340.0
1059.2537251772887,0.0002660725059798847,1537.849,46135470.0
1188.502227437003,0.0002660725059798847,2561.6540000000005,76849620.00000001
1333.521432163324,0.0002660725059798847,767.745,23032350.0
1496.2356560944527,0.0002660725059798847,1282.586,38477580.0
1678.8040181225674,0.0002660725059798847,1279.0490000000002,38371470.00000001
1883.6490894897943,0.0002660725059798847,2304.0200000000004,69120600.00000001
2113.4890398366174,0.0002660725059798847,2305.3430000000003,69160290.00000001
2371.373705661655,0.0002660725059798847,3330.85,99925500.0
2660.7250597988495,0.0002660725059798847,5890.157999999999,176704739.99999997
2985.3826189179845,0.0002660725059798847,4096.347,122890410.0
3349.6543915782518,0.0002660725059798847,6652.343000000001,199570290.00000003
3758.3740428843894,0.0002660725059798847,6915.553,207466590.0
4216.965034285822,0.0002660725059798847,11015.509000000002,330465270.00000006
4731.51258961488,0.0002660725059798847,11270.958,338128740.0
5308.844442309939,0.0002660725059798847,15110.511999999995,453315359.9999999
5956.621435290042,0.0002660725059798847,11527.179999999998,345815399.99999994
6683.43917568604,0.0002660725059798847,13572.142,407164260.0
7498.942093324558,0.0002660725059798847,11008.43,330252900.0
8413.951416452084,0.0002660725059798847,17162.546,514876379.99999994
9440.608762859361,0.0002660725059798847,13827.108000000006,414813240.0000002
10592.537251772746,0.0002660725059798847,9983.041,299491230.0
11885.022274369994,0.0002660725059798847,12547.571999999998,376427159.99999994
13335.21432163324,0.0002660725059798847,11261.885999999999,337856579.99999994
14962.356560944603,0.0002660725059798847,7683.771999999998,230513159.99999994
16788.040181225864,0.0002660725059798847,5894.64,176839200.0
18836.490894897714,0.0002660725059798847,3073.1110000000003,92193330.00000001
21134.89039836613,0.0002660725059798847,1024.9950000000001,30749850.000000004
105.92537251772973,0.00029853826189179817,255.743,7672290.0
211.3489039836628,0.00029853826189179817,256.303,7689090.0
266.0725059798836,0.00029853826189179817,256.502,7695060.0
298.5382618917933,0.00029853826189179817,256.019,7680570.0
375.8374042884401,0.00029853826189179817,512.067,15362010.0
473.15125896148606,0.00029853826189179817,255.805,7674150.0
530.8844442309858,0.00029853826189179817,769.071,23072130.0
841.395141645206,0.00029853826189179817,1280.09,38402700.0
944.0608762859226,0.00029853826189179817,1023.676,30710280.0
1059.2537251772887,0.00029853826189179817,1278.574,38357220.0
1188.502227437003,0.00029853826189179817,1537.88,46136400.0
1333.521432163324,0.00029853826189179817,2052.4100000000003,61572300.00000001
1496.2356560944527,0.00029853826189179817,1793.6970000000001,53810910.0
1678.8040181225674,0.00029853826189179817,3073.2519999999995,92197559.99999999
1883.6490894897943,0.00029853826189179817,4353.334999999999,130600049.99999997
2113.4890398366174,0.00029853826189179817,4356.637000000001,130699110.00000001
2371.373705661655,0.00029853826189179817,3589.793,107693790.0
2660.7250597988495,0.00029853826189179817,7941.832000000002,238254960.00000006
2985.3826189179845,0.00029853826189179817,5888.026,176640780.0
3349.6543915782518,0.00029853826189179817,9989.444000000001,299683320.00000006
3758.3740428843894,0.00029853826189179817,10758.222000000002,322746660.00000006
4216.965034285822,0.00029853826189179817,9473.73,284211900.0
4731.51258961488,0.00029853826189179817,12034.512000000002,361035360.00000006
5308.844442309939,0.00029853826189179817,12295.608000000004,368868240.0000001
5956.621435290042,0.00029853826189179817,13579.614999999998,407388449.99999994
6683.43917568604,0.00029853826189179817,11785.583999999999,353567519.99999994
7498.942093324558,0.00029853826189179817,16907.863000000005,507235890.0000001
8413.951416452084,0.00029853826189179817,17421.326000000005,522639780.0000001
9440.608762859361,0.00029853826189179817,16131.676000000001,483950280.00000006
10592.537251772746,0.00029853826189179817,15360.066,460801980.0
11885.022274369994,0.00029853826189179817,15107.650000000003,453229500.0000001
13335.21432163324,0.00029853826189179817,10246.982999999998,307409489.99999994
14962.356560944603,0.00029853826189179817,8704.285,261128550.0
16788.040181225864,0.00029853826189179817,5122.0779999999995,153662340.0
18836.490894897714,0.00029853826189179817,3329.7410000000004,99892230.00000001
21134.89039836613,0.00029853826189179817,768.6770000000001,23060310.000000004
23713.737056616552,0.00029853826189179817,256.659,7699770.0
26607.250597988575,0.00029853826189179817,511.46900000000005,15344070.000000002
118.85022274370104,0.00033496543915782485,256.01099999999997,7680329.999999999
167.8804018122547,0.00033496543915782485,256.21500000000003,7686450.000000001
237.13737056616552,0.00033496543915782485,257.047,7711410.000000001
421.6965034285823,0.00033496543915782485,255.805,7674150.0
473.15125896148606,0.00033496543915782485,510.38300000000004,15311490.000000002
530.8844442309858,0.00033496543915782485,769.5060000000001,23085180.000000004
668.3439175686067,0.00033496543915782485,1024.8139999999999,30744419.999999996
749.8942093324558,0.00033496543915782485,1278.58,38357400.0
841.395141645206,0.00033496543915782485,770.3860000000001,23111580.000000004
944.0608762859226,0.00033496543915782485,770.957,23128710.0
1059.2537251772887,0.00033496543915782485,1281.45,38443500.0
1188.502227437003,0.00033496543915782485,2303.2360000000003,69097080.00000001
1333.521432163324,0.00033496543915782485,2304.82,69144600.0
1496.2356560944527,0.00033496543915782485,3842.368,115271040.0
1678.8040181225674,0.00033496543915782485,3839.430999999999,115182929.99999997
1883.6490894897943,0.00033496543915782485,5890.508000000001,176715240.00000003
2113.4890398366174,0.00033496543915782485,5635.192000000001,169055760.00000003
2371.373705661655,0.00033496543915782485,7939.0909999999985,238172729.99999997
2660.7250597988495,0.00033496543915782485,6400.1,192003000.0
2985.3826189179845,0.00033496543915782485,9222.63,276678900.0
3349.6543915782518,0.00033496543915782485,11526.308,345789240.0
3758.3740428843894,0.00033496543915782485,9731.568999999998,291947069.99999994
4216.965034285822,0.00033496543915782485,14599.378999999999,437981369.99999994
4731.51258961488,0.00033496543915782485,15108.143,453244290.0
5308.844442309939,0.00033496543915782485,15873.715999999999,476211479.99999994
5956.621435290042,0.00033496543915782485,22281.715000000004,668451450.0000001
6683.43917568604,0.00033496543915782485,17671.260000000002,530137800.00000006
7498.942093324558,0.00033496543915782485,20233.553,607006590.0
8413.951416452084,0.00033496543915782485,23814.292999999994,714428789.9999999
9440.608762859361,0.00033496543915782485,13323.908000000003,399717240.0000001
10592.537251772746,0.00033496543915782485,17418.427999999996,522552839.9999999
11885.022274369994,0.00033496543915782485,14857.305,445719150.0
13335.21432163324,0.00033496543915782485,8964.603,268938090.0
14962.356560944603,0.00033496543915782485,6403.149,192094470.0
16788.040181225864,0.00033496543915782485,5638.829999999998,169164899.99999994
18836.490894897714,0.00033496543915782485,3073.635,92209050.0
21134.89039836613,0.00033496543915782485,256.459,7693770.0
23713.737056616552,0.00033496543915782485,767.2950000000001,23018850.000000004
26607.250597988575,0.00033496543915782485,256.45,7693500.0
47.315125896148174,0.00037583740428843857,256.207,7686210.0
266.0725059798836,0.00037583740428843857,255.92200000000003,7677660.000000001
334.9654391578307,0.00037583740428843857,767.1160000000001,23013480.000000004
421.6965034285823,0.00037583740428843857,256.07599999999996,7682279.999999999
473.15125896148606,0.00037583740428843857,255.39200000000002,7661760.000000001
530.8844442309858,0.00037583740428843857,1023.556,30706680.0
595.6621435290127,0.00037583740428843857,1281.173,38435190.0
668.3439175686067,0.00037583740428843857,513.071,15392130.0
749.8942093324558,0.00037583740428843857,512.535,15376049.999999998
841.395141645206,0.00037583740428843857,1279.494,38384820.0
944.0608762859226,0.00037583740428843857,1536.6000000000001,46098000.00000001
1059.2537251772887,0.00037583740428843857,2050.7059999999997,61521179.99999999
1188.502227437003,0.00037583740428843857,2304.672,69140160.0
1333.521432163324,0.00037583740428843857,2559.985,76799550.0
1496.2356560944527,0.00037583740428843857,3074.104,92223120.0
1678.8040181225674,0.00037583740428843857,3586.9000000000005,107607000.00000001
1883.6490894897943,0.00037583740428843857,4867.817,146034510.0
2113.4890398366174,0.00037583740428843857,6399.314,191979420.0
2371.373705661655,0.00037583740428843857,6656.246999999999,199687409.99999997
2660.7250597988495,0.00037583740428843857,10247.777,307433310.0
2985.3826189179845,0.00037583740428843857,10505.171,315155130.0
3349.6543915782518,0.00037583740428843857,10752.711,322581330.0
3758.3740428843894,0.00037583740428843857,13827.582,414827460.0
4216.965034285822,0.00037583740428843857,18693.434,560803020.0
4731.51258961488,0.00037583740428843857,16899.298,506978939.99999994
5308.844442309939,0.00037583740428843857,19207.972,576239160.0
5956.621435290042,0.00037583740428843857,19715.520000000004,591465600.0000001
6683.43917568604,0.00037583740428843857,17674.120999999996,530223629.9999999
7498.942093324558,0.00037583740428843857,23059.293999999994,691778819.9999999
8413.951416452084,0.00037583740428843857,20481.379999999997,614441399.9999999
9440.608762859361,0.00037583740428843857,18443.938000000002,553318140.0
10592.537251772746,0.00037583740428843857,15618.947000000002,468568410.00000006
11885.022274369994,0.00037583740428843857,12804.969,384149070.0
13335.21432163324,0.00037583740428843857,10495.866000000002,314875980.00000006
14962.356560944603,0.00037583740428843857,5377.003,161310090.0
16788.040181225864,0.00037583740428843857,4866.799,146003970.0
18836.490894897714,0.00037583740428843857,1281.002,38430060.0
21134.89039836613,0.00037583740428843857,255.865,7675950.0
23713.737056616552,0.00037583740428843857,513.204,15396119.999999998
47.315125896148174,0.00042169650342858224,256.214,7686420.0
105.92537251772973,0.00042169650342858224,255.93599999999998,7678079.999999999
149.62356560944465,0.00042169650342858224,256.367,7691010.000000001
188.36490894898174,0.00042169650342858224,256.851,7705530.0
237.13737056616552,0.00042169650342858224,256.041,7681230.0
298.5382618917933,0.00042169650342858224,256.21500000000003,7686450.000000001
334.9654391578307,0.00042169650342858224,512.4810000000001,15374430.000000004
473.15125896148606,0.00042169650342858224,1279.527,38385810.0
530.8844442309858,0.00042169650342858224,1281.028,38430840.0
595.6621435290127,0.00042169650342858224,1025.455,30763649.999999996
668.3439175686067,0.00042169650342858224,2561.257,76837710.0
749.8942093324558,0.00042169650342858224,770.0029999999999,23100089.999999996
841.395141645206,0.00042169650342858224,1280.664,38419920.0
944.0608762859226,0.00042169650342858224,2815.9500000000007,84478500.00000001
1059.2537251772887,0.00042169650342858224,1536.852,46105560.0
1188.502227437003,0.00042169650342858224,1796.089,53882670.0
1333.521432163324,0.00042169650342858224,3068.768,92063040.0
1496.2356560944527,0.00042169650342858224,4609.006,138270180.0
1678.8040181225674,0.00042169650342858224,6404.7519999999995,192142559.99999997
1883.6490894897943,0.00042169650342858224,6147.457000000001,184423710.00000003
2113.4890398366174,0.00042169650342858224,6408.597,192257910.0
2371.373705661655,0.00042169650342858224,7424.243999999999,222727319.99999997
2660.7250597988495,0.00042169650342858224,12805.565999999999,384166979.99999994
2985.3826189179845,0.00042169650342858224,14349.038,430471140.0
3349.6543915782518,0.00042169650342858224,17155.574999999997,514667249.99999994
3758.3740428843894,0.00042169650342858224,15110.686000000003,453320580.0000001
4216.965034285822,0.00042169650342858224,19714.794999999995,591443849.9999999
4731.51258961488,0.00042169650342858224,20748.093,622442790.0
5308.844442309939,0.00042169650342858224,27155.283000000007,814658490.0000002
5956.621435290042,0.00042169650342858224,20749.083000000002,622472490.0000001
6683.43917568604,0.00042169650342858224,25613.280999999995,768398429.9999999
7498.942093324558,0.00042169650342858224,24846.64800000001,745399440.0000002
8413.951416452084,0.00042169650342858224,26388.309999999998,791649299.9999999
9440.608762859361,0.00042169650342858224,20236.790000000005,607103700.0000001
10592.537251772746,0.00042169650342858224,12540.998000000005,376229940.0000002
11885.022274369994,0.00042169650342858224,12797.364000000001,383920920.00000006
13335.21432163324,0.00042169650342858224,8453.457999999999,253603739.99999997
14962.356560944603,0.00042169650342858224,4863.288,145898640.0
16788.040181225864,0.00042169650342858224,1792.2680000000003,53768040.00000001
18836.490894897714,0.00042169650342858224,1535.816,46074480.0
21134.89039836613,0.00042169650342858224,255.501,7665030.0
105.92537251772973,0.00047315125896148707,256.356,7690680.0
133.3521432163324,0.00047315125896148707,256.255,7687650.0
149.62356560944465,0.00047315125896148707,257.42900000000003,7722870.000000001
167.8804018122547,0.00047315125896148707,256.501,7695029.999999999
211.3489039836628,0.00047315125896148707,257.254,7717620.000000001
334.9654391578307,0.00047315125896148707,766.8389999999999,23005170.0
375.8374042884401,0.00047315125896148707,255.743,7672290.0
421.6965034285823,0.00047315125896148707,1025.5169999999998,30765509.999999996
473.15125896148606,0.00047315125896148707,1537.554,46126620.0
530.8844442309858,0.00047315125896148707,769.2360000000001,23077080.000000004
595.6621435290127,0.00047315125896148707,1024.344,30730320.0
668.3439175686067,0.00047315125896148707,1536.6329999999998,46098989.99999999
749.8942093324558,0.00047315125896148707,1023.8029999999999,30714089.999999996
841.395141645206,0.00047315125896148707,768.1419999999999,23044260.0
944.0608762859226,0.00047315125896148707,1793.275,53798250.0
1059.2537251772887,0.00047315125896148707,4356.536999999999,130696109.99999999
1188.502227437003,0.00047315125896148707,2819.02,84570600.0
1333.521432163324,0.00047315125896148707,3330.6460000000006,99919380.00000001
1496.2356560944527,0.00047315125896148707,5893.265,176797950.0
1678.8040181225674,0.00047315125896148707,8448.366999999998,253451009.99999994
1883.6490894897943,0.00047315125896148707,8968.166,269044980.0
2113.4890398366174,0.00047315125896148707,8194.945999999998,245848379.99999994
2371.373705661655,0.00047315125896148707,9995.74,299872200.0
2660.7250597988495,0.00047315125896148707,12809.693,384290790.0
2985.3826189179845,0.00047315125896148707,16397.085000000003,491912550.00000006
3349.6543915782518,0.00047315125896148707,18693.38100000001,560801430.0000002
3758.3740428843894,0.00047315125896148707,15872.7,476181000.0
4216.965034285822,0.00047315125896148707,26127.339000000014,783820170.0000005
4731.51258961488,0.00047315125896148707,22539.174000000003,676175220.0000001
5308.844442309939,0.00047315125896148707,29975.581000000002,899267430.0
5956.621435290042,0.00047315125896148707,29197.585000000006,875927550.0000002
6683.43917568604,0.00047315125896148707,27910.442,837313260.0
7498.942093324558,0.00047315125896148707,23053.464000000004,691603920.0000001
8413.951416452084,0.00047315125896148707,20998.663000000004,629959890.0000001
9440.608762859361,0.00047315125896148707,20232.335,606970050.0
10592.537251772746,0.00047315125896148707,12289.724999999999,368691749.99999994
11885.022274369994,0.00047315125896148707,10498.946000000002,314968380.00000006
13335.21432163324,0.00047315125896148707,6913.954000000001,207418620.00000003
14962.356560944603,0.00047315125896148707,3841.7699999999995,115253099.99999999
16788.040181225864,0.00047315125896148707,2303.962,69118860.0
18836.490894897714,0.00047315125896148707,512.245,15367350.0
21134.89039836613,0.00047315125896148707,257.254,7717620.000000001
26607.250597988575,0.00047315125896148707,511.81199999999995,15354359.999999998
105.92537251772973,0.0005308844442309901,255.096,7652880.0
133.3521432163324,0.0005308844442309901,254.36400000000003,7630920.000000001
149.62356560944465,0.0005308844442309901,255.808,7674240.0
167.8804018122547,0.0005308844442309901,256.714,7701420.0
211.3489039836628,0.0005308844442309901,768.64,23059200.0
237.13737056616552,0.0005308844442309901,512.868,15386040.000000002
266.0725059798836,0.0005308844442309901,1024.3529999999998,30730589.999999996
298.5382618917933,0.0005308844442309901,1280.585,38417550.0
334.9654391578307,0.0005308844442309901,1024.349,30730469.999999996
375.8374042884401,0.0005308844442309901,257.047,7711410.000000001
421.6965034285823,0.0005308844442309901,1025.3419999999999,30760259.999999996
473.15125896148606,0.0005308844442309901,767.307,23019210.0
530.8844442309858,0.0005308844442309901,1023.6179999999999,30708540.0
595.6621435290127,0.0005308844442309901,1023.5060000000001,30705180.000000004
668.3439175686067,0.0005308844442309901,2305.2320000000004,69156960.00000001
749.8942093324558,0.0005308844442309901,2305.982,69179460.0
841.395141645206,0.0005308844442309901,3327.3940000000002,99821820.0
944.0608762859226,0.0005308844442309901,5125.581,153767430.0
1059.2537251772887,0.0005308844442309901,3332.0950000000003,99962850.00000001
1188.502227437003,0.0005308844442309901,5380.185,161405550.0
1333.521432163324,0.0005308844442309901,5890.2919999999995,176708759.99999997
1496.2356560944527,0.0005308844442309901,6144.836999999999,184345109.99999997
1678.8040181225674,0.0005308844442309901,8453.427,253602810.0
1883.6490894897943,0.0005308844442309901,11777.797999999999,353333939.99999994
2113.4890398366174,0.0005308844442309901,8457.768999999998,253733069.99999994
2371.373705661655,0.0005308844442309901,16385.275,491558250.00000006
2660.7250597988495,0.0005308844442309901,17159.057999999997,514771739.99999994
2985.3826189179845,0.0005308844442309901,27928.097,837842910.0
3349.6543915782518,0.0005308844442309901,22787.181000000008,683615430.0000002
3758.3740428843894,0.0005308844442309901,22280.360000000004,668410800.0000001
4216.965034285822,0.0005308844442309901,29458.527,883755810.0
4731.51258961488,0.0005308844442309901,26637.09,799112700.0
5308.844442309939,0.0005308844442309901,28424.483000000007,852734490.0000002
5956.621435290042,0.0005308844442309901,25608.514000000003,768255420.0000001
6683.43917568604,0.0005308844442309901,27649.893,829496790.0
7498.942093324558,0.0005308844442309901,23820.769000000008,714623070.0000002
8413.951416452084,0.0005308844442309901,17665.968,529979040.0
9440.608762859361,0.0005308844442309901,15624.240000000005,468727200.0000002
10592.537251772746,0.0005308844442309901,11520.436999999998,345613109.99999994
11885.022274369994,0.0005308844442309901,9728.434,291853020.0
13335.21432163324,0.0005308844442309901,5891.7350000000015,176752050.00000006
14962.356560944603,0.0005308844442309901,2307.408,69222240.0
16788.040181225864,0.0005308844442309901,1278.914,38367420.0
18836.490894897714,0.0005308844442309901,1535.7160000000001,46071480.0
21134.89039836613,0.0005308844442309901,255.29500000000002,7658850.000000001
84.13951416452004,0.0005956621435290079,255.725,7671750.0
105.92537251772973,0.0005956621435290079,256.908,7707240.0
149.62356560944465,0.0005956621435290079,256.303,7689090.0
167.8804018122547,0.0005956621435290079,512.054,15361620.0
188.36490894898174,0.0005956621435290079,1024.7820000000002,30743460.000000004
211.3489039836628,0.0005956621435290079,768.009,23040270.0
237.13737056616552,0.0005956621435290079,256.13599999999997,7684079.999999999
266.0725059798836,0.0005956621435290079,1279.7630000000001,38392890.00000001
334.9654391578307,0.0005956621435290079,1281.005,38430150.0
375.8374042884401,0.0005956621435290079,767.801,23034030.0
421.6965034285823,0.0005956621435290079,256.941,7708229.999999999
473.15125896148606,0.0005956621435290079,1279.6200000000001,38388600.0
530.8844442309858,0.0005956621435290079,2303.3070000000002,69099210.0
595.6621435290127,0.0005956621435290079,1792.464,53773920.0
668.3439175686067,0.0005956621435290079,2303.263,69097890.0
749.8942093324558,0.0005956621435290079,2305.978,69179340.0
841.395141645206,0.0005956621435290079,3840.553,115216590.0
944.0608762859226,0.0005956621435290079,2818.5269999999996,84555809.99999999
1059.2537251772887,0.0005956621435290079,4608.382,138251460.0
1188.502227437003,0.0005956621435290079,4865.4400000000005,145963200.00000003
1333.521432163324,0.0005956621435290079,9995.952,299878560.0
1496.2356560944527,0.0005956621435290079,9474.978,284249340.0
1678.8040181225674,0.0005956621435290079,11521.028,345630840.0
1883.6490894897943,0.0005956621435290079,14086.360000000002,422590800.00000006
2113.4890398366174,0.0005956621435290079,15877.946000000002,476338380.00000006
2371.373705661655,0.0005956621435290079,14599.121000000001,437973630.00000006
2660.7250597988495,0.0005956621435290079,17933.148,537994440.0
2985.3826189179845,0.0005956621435290079,24840.38000000001,745211400.0000002
3349.6543915782518,0.0005956621435290079,30475.193000000003,914255790.0000001
3758.3740428843894,0.0005956621435290079,24584.043000000005,737521290.0000001
4216.965034285822,0.0005956621435290079,29713.808000000005,891414240.0000001
4731.51258961488,0.0005956621435290079,28681.537000000004,860446110.0000001
5308.844442309939,0.0005956621435290079,30483.164000000008,914494920.0000002
5956.621435290042,0.0005956621435290079,26642.06000000001,799261800.0000002
6683.43917568604,0.0005956621435290079,26124.656000000003,783739680.0000001
7498.942093324558,0.0005956621435290079,20486.899999999998,614606999.9999999
8413.951416452084,0.0005956621435290079,14345.130000000001,430353900.00000006
9440.608762859361,0.0005956621435290079,12302.948999999999,369088469.99999994
10592.537251772746,0.0005956621435290079,5632.336,168970080.0
11885.022274369994,0.0005956621435290079,7425.37,222761100.0
13335.21432163324,0.0005956621435290079,4351.593000000001,130547790.00000003
14962.356560944603,0.0005956621435290079,2301.3680000000004,69041040.00000001
16788.040181225864,0.0005956621435290079,2048.9530000000004,61468590.000000015
18836.490894897714,0.0005956621435290079,767.793,23033790.0
21134.89039836613,0.0005956621435290079,256.348,7690440.0
59.56621435290149,0.000668343917568606,255.865,7675950.0
188.36490894898174,0.000668343917568606,255.725,7671750.0
211.3489039836628,0.000668343917568606,511.99199999999996,15359759.999999998
266.0725059798836,0.000668343917568606,513.727,15411810.0
298.5382618917933,0.000668343917568606,513.235,15397050.0
334.9654391578307,0.000668343917568606,1538.173,46145190.0
421.6965034285823,0.000668343917568606,2047.707,61431210.0
473.15125896148606,0.000668343917568606,1280.409,38412270.0
530.8844442309858,0.000668343917568606,1791.946,53758380.0
595.6621435290127,0.000668343917568606,2561.0280000000002,76830840.0
668.3439175686067,0.000668343917568606,1536.5910000000001,46097730.0
749.8942093324558,0.000668343917568606,3068.445,92053350.0
841.395141645206,0.000668343917568606,4870.170000000001,146105100.00000003
944.0608762859226,0.000668343917568606,5889.825999999999,176694779.99999997
1059.2537251772887,0.000668343917568606,5123.428,153702840.0
1188.502227437003,0.000668343917568606,5119.860999999999,153595829.99999997
1333.521432163324,0.000668343917568606,8963.501,268905030.0
1496.2356560944527,0.000668343917568606,14858.258000000003,445747740.0000001
1678.8040181225674,0.000668343917568606,14852.023000000003,445560690.00000006
1883.6490894897943,0.000668343917568606,18952.381999999994,568571459.9999999
2113.4890398366174,0.000668343917568606,15876.390999999994,476291729.9999998
2371.373705661655,0.000668343917568606,23835.185999999998,715055579.9999999
2660.7250597988495,0.000668343917568606,22276.623,668298690.0
2985.3826189179845,0.000668343917568606,27662.819999999996,829884599.9999999
3349.6543915782518,0.000668343917568606,30735.617999999995,922068539.9999999
3758.3740428843894,0.000668343917568606,33041.217000000004,991236510.0000001
4216.965034285822,0.000668343917568606,34825.21200000001,1044756360.0000002
4731.51258961488,0.000668343917568606,30468.46700000001,914054010.0000004
5308.844442309939,0.000668343917568606,35339.25100000001,1060177530.0000004
5956.621435290042,0.000668343917568606,31765.205,952956150.0
6683.43917568604,0.000668343917568606,23051.007999999998,691530239.9999999
7498.942093324558,0.000668343917568606,20236.328000000005,607089840.0000001
8413.951416452084,0.000668343917568606,19460.97600000001,583829280.0000002
9440.608762859361,0.000668343917568606,15110.823000000004,453324690.0000001
10592.537251772746,0.000668343917568606,8971.440999999999,269143229.99999994
11885.022274369994,0.000668343917568606,6916.315999999999,207489479.99999997
13335.21432163324,0.000668343917568606,4099.107,122973210.0
14962.356560944603,0.000668343917568606,2049.764,61492920.0
16788.040181225864,0.000668343917568606,1024.626,30738780.0
18836.490894897714,0.000668343917568606,767.1880000000001,23015640.000000004
21134.89039836613,0.000668343917568606,511.22400000000005,15336720.000000002
16.788040181225522,0.0007498942093324559,256.422,7692660.000000001
74.98942093324558,0.0007498942093324559,255.89200000000002,7676760.000000001
105.92537251772973,0.0007498942093324559,256.267,7688010.0
149.62356560944465,0.0007498942093324559,512.77,15383100.0
188.36490894898174,0.0007498942093324559,767.537,23026110.0
211.3489039836628,0.0007498942093324559,1024.48,30734400.0
237.13737056616552,0.0007498942093324559,512.769,15383070.0
266.0725059798836,0.0007498942093324559,513.581,15407430.0
298.5382618917933,0.0007498942093324559,1025.0439999999999,30751319.999999996
334.9654391578307,0.0007498942093324559,1281.0880000000002,38432640.00000001
375.8374042884401,0.0007498942093324559,256.459,7693770.0
421.6965034285823,0.0007498942093324559,2047.474,61424220.0
473.15125896148606,0.0007498942093324559,2818.992,84569760.0
530.8844442309858,0.0007498942093324559,1792.2530000000002,53767590.00000001
595.6621435290127,0.0007498942093324559,2564.664,76939920.0
668.3439175686067,0.0007498942093324559,4098.8820000000005,122966460.00000001
749.8942093324558,0.0007498942093324559,4352.2660000000005,130567980.00000001
841.395141645206,0.0007498942093324559,4098.721,122961629.99999999
944.0608762859226,0.0007498942093324559,7170.490000000002,215114700.00000006
1059.2537251772887,0.0007498942093324559,9224.099,276722970.0
1188.502227437003,0.0007498942093324559,6661.102000000001,199833060.00000003
1333.521432163324,0.0007498942093324559,15109.689999999999,453290699.99999994
1496.2356560944527,0.0007498942093324559,13061.270000000002,391838100.00000006
1678.8040181225674,0.0007498942093324559,16656.049,499681470.0
1883.6490894897943,0.0007498942093324559,21260.426999999996,637812809.9999999
2113.4890398366174,0.0007498942093324559,24074.237,722227110.0
2371.373705661655,0.0007498942093324559,24847.978999999996,745439369.9999999
2660.7250597988495,0.0007498942093324559,30986.882999999998,929606489.9999999
2985.3826189179845,0.0007498942093324559,37662.468,1129874040.0
3349.6543915782518,0.0007498942093324559,33300.546999999984,999016409.9999995
3758.3740428843894,0.0007498942093324559,40465.56000000001,1213966800.0000005
4216.965034285822,0.0007498942093324559,32278.11399999999,968343419.9999998
4731.51258961488,0.0007498942093324559,34581.578000000016,1037447340.0000005
5308.844442309939,0.0007498942093324559,30222.59700000001,906677910.0000002
5956.621435290042,0.0007498942093324559,24331.037999999997,729931139.9999999
6683.43917568604,0.0007498942093324559,24340.210000000006,730206300.0000002
7498.942093324558,0.0007498942093324559,17665.222,529956660.00000006
8413.951416452084,0.0007498942093324559,15881.514999999994,476445449.9999998
9440.608762859361,0.0007498942093324559,12041.852000000004,361255560.0000001
10592.537251772746,0.0007498942093324559,6915.646999999998,207469409.99999994
11885.022274369994,0.0007498942093324559,3841.4159999999997,115242479.99999999
13335.21432163324,0.0007498942093324559,3074.6869999999994,92240609.99999999
14962.356560944603,0.0007498942093324559,1024.213,30726390.0
16788.040181225864,0.0007498942093324559,1023.9970000000002,30719910.000000004
21134.89039836613,0.0007498942093324559,256.329,7689870.0
42.169650342858226,0.000841395141645206,256.367,7691010.000000001
94.40608762859158,0.000841395141645206,511.96100000000007,15358830.000000002
118.85022274370104,0.000841395141645206,255.743,7672290.0
149.62356560944465,0.000841395141645206,513.123,15393690.000000002
167.8804018122547,0.000841395141645206,256.45,7693500.0
211.3489039836628,0.000841395141645206,768.894,23066820.0
237.13737056616552,0.000841395141645206,511.33500000000004,15340050.000000002
266.0725059798836,0.000841395141645206,255.725,7671750.0
298.5382618917933,0.000841395141645206,1280.073,38402190.0
334.9654391578307,0.000841395141645206,1023.7670000000002,30713010.000000004
375.8374042884401,0.000841395141645206,1023.174,30695220.0
421.6965034285823,0.000841395141645206,2050.608,61518240.00000001
473.15125896148606,0.000841395141645206,1536.18,46085400.0
530.8844442309858,0.000841395141645206,3328.438,99853140.0
595.6621435290127,0.000841395141645206,4353.608,130608240.0
668.3439175686067,0.000841395141645206,4611.686,138350580.0
749.8942093324558,0.000841395141645206,4096.967000000001,122909010.00000001
841.395141645206,0.000841395141645206,6145.360999999999,184360829.99999997
944.0608762859226,0.000841395141645206,6916.1050000000005,207483150.0
1059.2537251772887,0.000841395141645206,7426.289999999999,222788699.99999997
1188.502227437003,0.000841395141645206,11274.347,338230410.0
1333.521432163324,0.000841395141645206,13056.609000000002,391698270.00000006
1496.2356560944527,0.000841395141645206,19730.178,591905340.0
1678.8040181225674,0.000841395141645206,18691.647999999994,560749439.9999998
1883.6490894897943,0.000841395141645206,23816.413000000004,714492390.0000001
2113.4890398366174,0.000841395141645206,26120.20299999999,783606089.9999998
2371.373705661655,0.000841395141645206,27656.709000000003,829701270.0000001
2660.7250597988495,0.000841395141645206,36114.779,1083443370.0
2985.3826189179845,0.000841395141645206,38426.977000000006,1152809310.0000002
3349.6543915782518,0.000841395141645206,44572.772000000004,1337183160.0000002
3758.3740428843894,0.000841395141645206,38674.554000000004,1160236620.0
4216.965034285822,0.000841395141645206,40456.17500000001,1213685250.0000002
4731.51258961488,0.000841395141645206,38410.53600000001,1152316080.0000002
5308.844442309939,0.000841395141645206,31500.657000000007,945019710.0000002
5956.621435290042,0.000841395141645206,29199.406000000003,875982180.0000001
6683.43917568604,0.000841395141645206,24576.062999999995,737281889.9999999
7498.942093324558,0.000841395141645206,20483.109,614493270.0
8413.951416452084,0.000841395141645206,12036.093999999996,361082819.9999999
9440.608762859361,0.000841395141645206,8195.663999999999,245869919.99999997
10592.537251772746,0.000841395141645206,6660.540999999998,199816229.99999994
11885.022274369994,0.000841395141645206,2816.256,84487680.0
13335.21432163324,0.000841395141645206,1278.8799999999999,38366400.0
14962.356560944603,0.000841395141645206,1793.661,53809830.0
16788.040181225864,0.000841395141645206,768.436,23053080.0
74.98942093324558,0.0009440608762859235,255.72400000000002,7671720.000000001
84.13951416452004,0.0009440608762859235,255.881,7676430.0
118.85022274370104,0.0009440608762859235,1022.19,30665700.0
133.3521432163324,0.0009440608762859235,513.998,15419940.000000002
167.8804018122547,0.0009440608762859235,767.1360000000001,23014080.000000004
188.36490894898174,0.0009440608762859235,767.3170000000001,23019510.000000004
266.0725059798836,0.0009440608762859235,1025.1480000000001,30754440.000000004
298.5382618917933,0.0009440608762859235,1538.614,46158420.0
334.9654391578307,0.0009440608762859235,1280.035,38401050.0
375.8374042884401,0.0009440608762859235,1280.194,38405820.0
421.6965034285823,0.0009440608762859235,3840.583,115217490.0
473.15125896148606,0.0009440608762859235,2560.5980000000004,76817940.00000001
530.8844442309858,0.0009440608762859235,1791.128,53733840.0
595.6621435290127,0.0009440608762859235,5892.817,176784510.0
668.3439175686067,0.0009440608762859235,5124.091,153722730.0
749.8942093324558,0.0009440608762859235,6661.03,199830900.0
841.395141645206,0.0009440608762859235,8455.516999999998,253665509.99999994
944.0608762859226,0.0009440608762859235,10505.048999999999,315151470.0
1059.2537251772887,0.0009440608762859235,12298.814999999999,368964449.99999994
1188.502227437003,0.0009440608762859235,15099.708999999997,452991269.99999994
1333.521432163324,0.0009440608762859235,16391.360999999997,491740829.99999994
1496.2356560944527,0.0009440608762859235,23566.315999999995,706989479.9999999
1678.8040181225674,0.0009440608762859235,25617.031000000006,768510930.0000002
1883.6490894897943,0.0009440608762859235,27150.254000000004,814507620.0000001
2113.4890398366174,0.0009440608762859235,33292.47400000001,998774220.0000002
2371.373705661655,0.0009440608762859235,40465.073000000004,1213952190.0
2660.7250597988495,0.0009440608762859235,44808.32599999999,1344249779.9999995
2985.3826189179845,0.0009440608762859235,42771.179,1283135370.0
3349.6543915782518,0.0009440608762859235,41488.30200000001,1244649060.0000002
3758.3740428843894,0.0009440608762859235,37398.189999999995,1121945699.9999998
4216.965034285822,0.0009440608762859235,41749.318,1252479540.0
4731.51258961488,0.0009440608762859235,32763.88900000001,982916670.0000004
5308.844442309939,0.0009440608762859235,29199.13200000001,875973960.0000002
5956.621435290042,0.0009440608762859235,24333.94999999999,730018499.9999996
6683.43917568604,0.0009440608762859235,19215.796000000002,576473880.0000001
7498.942093324558,0.0009440608762859235,16392.088,491762640.0
8413.951416452084,0.0009440608762859235,12548.259,376447770.0
9440.608762859361,0.0009440608762859235,7934.906000000001,238047180.00000003
10592.537251772746,0.0009440608762859235,3839.4819999999995,115184459.99999999
11885.022274369994,0.0009440608762859235,1025.0480000000002,30751440.000000007
13335.21432163324,0.0009440608762859235,2049.7059999999997,61491179.99999999
14962.356560944603,0.0009440608762859235,511.833,15354990.0
16788.040181225864,0.0009440608762859235,255.39200000000002,7661760.000000001
8.413951416451917,0.0010592537251772898,256.255,7687650.0
74.98942093324558,0.0010592537251772898,511.625,15348750.0
105.92537251772973,0.0010592537251772898,513.294,15398820.0
118.85022274370104,0.0010592537251772898,255.766,7672980.0
167.8804018122547,0.0010592537251772898,767.309,23019270.0
188.36490894898174,0.0010592537251772898,256.13599999999997,7684079.999999999
211.3489039836628,0.0010592537251772898,512.123,15363690.000000002
237.13737056616552,0.0010592537251772898,512.269,15368070.0
266.0725059798836,0.0010592537251772898,1280.671,38420130.0
298.5382618917933,0.0010592537251772898,1023.4580000000001,30703740.000000004
334.9654391578307,0.0010592537251772898,1538.6360000000002,46159080.00000001
375.8374042884401,0.0010592537251772898,1796.036,53881080.0
421.6965034285823,0.0010592537251772898,2820.2030000000004,84606090.00000001
473.15125896148606,0.0010592537251772898,4098.187,122945610.0
530.8844442309858,0.0010592537251772898,3841.3350000000005,115240050.00000001
595.6621435290127,0.0010592537251772898,3843.0669999999996,115292009.99999999
668.3439175686067,0.0010592537251772898,9226.017999999998,276780539.99999994
749.8942093324558,0.0010592537251772898,5638.862999999999,169165889.99999997
841.395141645206,0.0010592537251772898,10245.242,307357260.0
944.0608762859226,0.0010592537251772898,11018.215000000002,330546450.00000006
1059.2537251772887,0.0010592537251772898,16387.575999999997,491627279.99999994
1188.502227437003,0.0010592537251772898,18185.238999999998,545557169.9999999
1333.521432163324,0.0010592537251772898,21006.503000000008,630195090.0000002
1496.2356560944527,0.0010592537251772898,21759.782,652793460.0
1678.8040181225674,0.0010592537251772898,23563.306999999997,706899209.9999999
1883.6490894897943,0.0010592537251772898,34335.336,1030060080.0000001
2113.4890398366174,0.0010592537251772898,42257.06000000002,1267711800.0000005
2371.373705661655,0.0010592537251772898,46109.367000000006,1383281010.0000002
2660.7250597988495,0.0010592537251772898,45327.77100000001,1359833130.0000002
2985.3826189179845,0.0010592537251772898,49164.975999999995,1474949279.9999998
3349.6543915782518,0.0010592537251772898,48150.56200000002,1444516860.0000007
3758.3740428843894,0.0010592537251772898,44056.719,1321701570.0
4216.965034285822,0.0010592537251772898,37903.452000000005,1137103560.0000002
4731.51258961488,0.0010592537251772898,34578.310999999994,1037349329.9999999
5308.844442309939,0.0010592537251772898,28184.895,845546850.0
5956.621435290042,0.0010592537251772898,19983.027000000002,599490810.0
6683.43917568604,0.0010592537251772898,11787.800999999996,353634029.9999999
7498.942093324558,0.0010592537251772898,12299.69,368990700.0
8413.951416452084,0.0010592537251772898,8199.633,245988990.0
9440.608762859361,0.0010592537251772898,7425.869000000001,222776070.00000003
10592.537251772746,0.0010592537251772898,5121.7,153651000.0
11885.022274369994,0.0010592537251772898,1534.7939999999996,46043819.99999999
13335.21432163324,0.0010592537251772898,769.025,23070750.0
14962.356560944603,0.0010592537251772898,256.444,7693320.000000001
16788.040181225864,0.0010592537251772898,256.525,7695749.999999999
21134.89039836613,0.0010592537251772898,512.711,15381330.0
84.13951416452004,0.0011885022274370032,768.164,23044920.0
94.40608762859158,0.0011885022274370032,512.536,15376079.999999998
105.92537251772973,0.0011885022274370032,511.725,15351750.0
133.3521432163324,0.0011885022274370032,512.154,15364620.0
149.62356560944465,0.0011885022274370032,511.514,15345420.0
188.36490894898174,0.0011885022274370032,768.11,23043300.0
211.3489039836628,0.0011885022274370032,1024.491,30734730.0
237.13737056616552,0.0011885022274370032,1536.4630000000002,46093890.00000001
266.0725059798836,0.0011885022274370032,1792.7810000000002,53783430.00000001
298.5382618917933,0.0011885022274370032,1024.2480000000003,30727440.000000007
334.9654391578307,0.0011885022274370032,4609.329000000001,138279870.00000003
375.8374042884401,0.0011885022274370032,4351.986000000001,130559580.00000003
421.6965034285823,0.0011885022274370032,2561.3070000000002,76839210.0
473.15125896148606,0.0011885022274370032,4611.5830000000005,138347490.00000003
530.8844442309858,0.0011885022274370032,6405.908,192177240.0
595.6621435290127,0.0011885022274370032,7678.701999999998,230361059.99999994
668.3439175686067,0.0011885022274370032,9479.407,284382210.0
749.8942093324558,0.0011885022274370032,11518.098,345542940.0
841.395141645206,0.0011885022274370032,13828.314999999999,414849449.99999994
944.0608762859226,0.0011885022274370032,16393.658000000003,491809740.0000001
1059.2537251772887,0.0011885022274370032,16899.107,506973210.0
1188.502227437003,0.0011885022274370032,21000.651999999995,630019559.9999999
1333.521432163324,0.0011885022274370032,23569.805000000004,707094150.0000001
1496.2356560944527,0.0011885022274370032,32001.523000000005,960045690.0000001
1678.8040181225674,0.0011885022274370032,40728.054,1221841620.0
1883.6490894897943,0.0011885022274370032,41746.307,1252389210.0
2113.4890398366174,0.0011885022274370032,49945.12199999998,1498353659.9999995
2371.373705661655,0.0011885022274370032,43285.98,1298579400.0
2660.7250597988495,0.0011885022274370032,48668.651,1460059530.0
2985.3826189179845,0.0011885022274370032,47884.93599999998,1436548079.9999993
3349.6543915782518,0.0011885022274370032,50202.15900000001,1506064770.0000002
3758.3740428843894,0.0011885022274370032,47379.71399999999,1421391419.9999998
4216.965034285822,0.0011885022274370032,37901.88100000001,1137056430.0000002
4731.51258961488,0.0011885022274370032,28944.391000000007,868331730.0000002
5308.844442309939,0.0011885022274370032,25615.922000000002,768477660.0000001
5956.621435290042,0.0011885022274370032,17929.001,537870030.0
6683.43917568604,0.0011885022274370032,12036.54,361096200.0
7498.942093324558,0.0011885022274370032,8711.41,261342300.0
8413.951416452084,0.0011885022274370032,6402.516000000001,192075480.00000003
9440.608762859361,0.0011885022274370032,4353.844,130615320.0
10592.537251772746,0.0011885022274370032,2303.185,69095550.0
11885.022274369994,0.0011885022274370032,2047.2680000000003,61418040.00000001
13335.21432163324,0.0011885022274370032,1024.644,30739320.0
14962.356560944603,0.0011885022274370032,1280.3429999999998,38410289.99999999
16788.040181225864,0.0011885022274370032,256.367,7691010.000000001
21134.89039836613,0.0011885022274370032,256.244,7687320.000000001
8.413951416451917,0.001333521432163324,255.981,7679430.0
74.98942093324558,0.001333521432163324,256.883,7706489.999999999
84.13951416452004,0.001333521432163324,256.422,7692660.000000001
94.40608762859158,0.001333521432163324,766.1419999999999,22984260.0
105.92537251772973,0.001333521432163324,768.3230000000001,23049690.000000004
118.85022274370104,0.001333521432163324,511.333,15339990.0
133.3521432163324,0.001333521432163324,1533.775,46013250.0
149.62356560944465,0.001333521432163324,767.4939999999999,23024819.999999996
167.8804018122547,0.001333521432163324,769.061,23071830.0
188.36490894898174,0.001333521432163324,1280.526,38415780.0
211.3489039836628,0.001333521432163324,1023.8710000000001,30716130.000000004
237.13737056616552,0.001333521432163324,1537.4720000000002,46124160.00000001
266.0725059798836,0.001333521432163324,1024.0430000000001,30721290.000000004
298.5382618917933,0.001333521432163324,2302.026,69060780.0
334.9654391578307,0.001333521432163324,1279.21,38376300.0
375.8374042884401,0.001333521432163324,3074.343,92230290.0
421.6965034285823,0.001333521432163324,6143.923,184317690.0
473.15125896148606,0.001333521432163324,6660.864000000001,199825920.00000003
530.8844442309858,0.001333521432163324,7939.618,238188540.0
595.6621435290127,0.001333521432163324,8706.339999999998,261190199.99999994
668.3439175686067,0.001333521432163324,12545.570999999998,376367129.99999994
749.8942093324558,0.001333521432163324,8452.521,253575630.00000003
841.395141645206,0.001333521432163324,15879.502000000002,476385060.00000006
944.0608762859226,0.001333521432163324,22024.441000000006,660733230.0000002
1059.2537251772887,0.001333521432163324,25092.241000000005,752767230.0000001
1188.502227437003,0.001333521432163324,23815.343000000004,714460290.0000001
1333.521432163324,0.001333521432163324,28174.209000000003,845226270.0000001
1496.2356560944527,0.001333521432163324,43533.376000000004,1306001280.0
1678.8040181225674,0.001333521432163324,42272.66200000001,1268179860.0000002
1883.6490894897943,0.001333521432163324,45332.13799999998,1359964139.9999993
2113.4890398366174,0.001333521432163324,52514.495999999985,1575434879.9999995
2371.373705661655,0.001333521432163324,52516.827000000005,1575504810.0000002
2660.7250597988495,0.001333521432163324,51974.76299999999,1559242889.9999998
2985.3826189179845,0.001333521432163324,51216.36599999999,1536490979.9999995
3349.6543915782518,0.001333521432163324,44569.541,1337086230.0
3758.3740428843894,0.001333521432163324,34844.310999999994,1045329329.9999999
4216.965034285822,0.001333521432163324,36365.67900000001,1090970370.0000002
4731.51258961488,0.001333521432163324,26894.68500000001,806840550.0000002
5308.844442309939,0.001333521432163324,19973.531000000003,599205930.0000001
5956.621435290042,0.001333521432163324,16899.461000000003,506983830.00000006
6683.43917568604,0.001333521432163324,7938.861000000001,238165830.00000003
7498.942093324558,0.001333521432163324,7175.661999999999,215269859.99999997
8413.951416452084,0.001333521432163324,3330.8089999999997,99924269.99999999
9440.608762859361,0.001333521432163324,2817.5580000000004,84526740.00000001
10592.537251772746,0.001333521432163324,1278.526,38355780.0
11885.022274369994,0.001333521432163324,1025.2440000000001,30757320.000000004
13335.21432163324,0.001333521432163324,768.532,23055960.0
29.853826189179404,0.0014962356560944512,511.54900000000004,15346470.000000002
59.56621435290149,0.0014962356560944512,511.51,15345300.0
66.83439175686115,0.0014962356560944512,256.66200000000003,7699860.000000001
84.13951416452004,0.0014962356560944512,512.335,15370050.000000002
105.92537251772973,0.0014962356560944512,512.581,15377430.0
118.85022274370104,0.0014962356560944512,1024.966,30748979.999999996
133.3521432163324,0.0014962356560944512,767.5060000000001,23025180.000000004
149.62356560944465,0.0014962356560944512,512.119,15363570.0
167.8804018122547,0.0014962356560944512,768.605,23058150.0
188.36490894898174,0.0014962356560944512,2049.179,61475370.0
211.3489039836628,0.0014962356560944512,1283.078,38492340.0
237.13737056616552,0.0014962356560944512,1537.461,46123830.0
266.0725059798836,0.0014962356560944512,2816.776,84503280.0
298.5382618917933,0.0014962356560944512,2560.665,76819950.0
334.9654391578307,0.0014962356560944512,5125.214,153756420.0
375.8374042884401,0.0014962356560944512,6915.197999999999,207455939.99999997
421.6965034285823,0.0014962356560944512,4352.579,130577369.99999999
473.15125896148606,0.0014962356560944512,6655.888999999999,199676669.99999997
530.8844442309858,0.0014962356560944512,8454.645,253639350.0
595.6621435290127,0.0014962356560944512,9477.751000000002,284332530.00000006
668.3439175686067,0.0014962356560944512,14860.592000000002,445817760.00000006
749.8942093324558,0.0014962356560944512,15359.722999999998,460791689.99999994
841.395141645206,0.0014962356560944512,22545.463999999996,676363919.9999999
944.0608762859226,0.0014962356560944512,25867.859999999997,776035799.9999999
1059.2537251772887,0.0014962356560944512,31757.872000000007,952736160.0000002
1188.502227437003,0.0014962356560944512,33297.00600000001,998910180.0000002
1333.521432163324,0.0014962356560944512,39951.64600000001,1198549380.0000002
1496.2356560944527,0.0014962356560944512,43026.75100000002,1290802530.0000005
1678.8040181225674,0.0014962356560944512,51213.501,1536405030.0
1883.6490894897943,0.0014962356560944512,48145.048999999985,1444351469.9999995
2113.4890398366174,0.0014962356560944512,58148.469000000005,1744454070.0000002
2371.373705661655,0.0014962356560944512,53785.295999999995,1613558879.9999998
2660.7250597988495,0.0014962356560944512,54560.92899999999,1636827869.9999998
2985.3826189179845,0.0014962356560944512,46868.47599999999,1406054279.9999995
3349.6543915782518,0.0014962356560944512,41743.085,1252292550.0
3758.3740428843894,0.0014962356560944512,40717.684000000016,1221530520.0000005
4216.965034285822,0.0014962356560944512,23049.077,691472310.0
4731.51258961488,0.0014962356560944512,22544.154,676324620.0
5308.844442309939,0.0014962356560944512,15368.377999999999,461051339.99999994
5956.621435290042,0.0014962356560944512,9471.304,284139120.0
6683.43917568604,0.0014962356560944512,8202.492999999999,246074789.99999997
7498.942093324558,0.0014962356560944512,5122.116999999999,153663509.99999997
8413.951416452084,0.0014962356560944512,3329.9769999999994,99899309.99999999
9440.608762859361,0.0014962356560944512,2560.0820000000003,76802460.00000001
10592.537251772746,0.0014962356560944512,1792.8470000000002,53785410.00000001
11885.022274369994,0.0014962356560944512,255.245,7657350.0
13335.21432163324,0.0014962356560944512,511.7510000000001,15352530.000000002
16788.040181225864,0.0014962356560944512,255.881,7676430.0
37.58374042884437,0.0016788040181225537,255.766,7672980.0
59.56621435290149,0.0016788040181225537,512.696,15380880.0
66.83439175686115,0.0016788040181225537,256.501,7695029.999999999
94.40608762859158,0.0016788040181225537,255.49900000000002,7664970.000000001
105.92537251772973,0.0016788040181225537,769.35,23080500.0
118.85022274370104,0.0016788040181225537,512.496,15374880.0
133.3521432163324,0.0016788040181225537,769.475,23084250.0
149.62356560944465,0.0016788040181225537,1023.6260000000001,30708780.000000004
167.8804018122547,0.0016788040181225537,1027.579,30827370.0
188.36490894898174,0.0016788040181225537,511.41,15342300.0
211.3489039836628,0.0016788040181225537,2050.5690000000004,61517070.000000015
237.13737056616552,0.0016788040181225537,2305.552,69166560.0
266.0725059798836,0.0016788040181225537,1537.7369999999999,46132109.99999999
298.5382618917933,0.0016788040181225537,2306.198,69185940.0
334.9654391578307,0.0016788040181225537,5126.595,153797850.0
375.8374042884401,0.0016788040181225537,6404.214999999999,192126449.99999997
421.6965034285823,0.0016788040181225537,7943.035,238291050.0
473.15125896148606,0.0016788040181225537,9478.273999999998,284348219.99999994
530.8844442309858,0.0016788040181225537,10505.752000000002,315172560.00000006
595.6621435290127,0.0016788040181225537,12288.289000000002,368648670.00000006
668.3439175686067,0.0016788040181225537,14604.11,438123300.0
749.8942093324558,0.0016788040181225537,19975.086000000003,599252580.0000001
841.395141645206,0.0016788040181225537,19717.893,591536790.0
944.0608762859226,0.0016788040181225537,30233.179000000004,906995370.0000001
1059.2537251772887,0.0016788040181225537,38935.259,1168057770.0
1188.502227437003,0.0016788040181225537,40461.282999999996,1213838489.9999998
1333.521432163324,0.0016788040181225537,55070.59299999999,1652117789.9999998
1496.2356560944527,0.0016788040181225537,48405.45799999998,1452163739.9999993
1678.8040181225674,0.0016788040181225537,57615.058999999994,1728451769.9999998
1883.6490894897943,0.0016788040181225537,54808.57899999998,1644257369.9999995
2113.4890398366174,0.0016788040181225537,57365.763999999996,1720972919.9999998
2371.373705661655,0.0016788040181225537,59682.541999999994,1790476259.9999998
2660.7250597988495,0.0016788040181225537,53522.515,1605675450.0
2985.3826189179845,0.0016788040181225537,43539.119000000006,1306173570.0000002
3349.6543915782518,0.0016788040181225537,37149.843000000015,1114495290.0000005
3758.3740428843894,0.0016788040181225537,29713.398000000005,891401940.0000001
4216.965034285822,0.0016788040181225537,23817.430000000004,714522900.0000001
4731.51258961488,0.0016788040181225537,15112.897999999994,453386939.9999998
5308.844442309939,0.0016788040181225537,11019.915000000003,330597450.00000006
5956.621435290042,0.0016788040181225537,7171.409999999999,215142299.99999997
6683.43917568604,0.0016788040181225537,4606.72,138201600.0
7498.942093324558,0.0016788040181225537,3583.6149999999993,107508449.99999999
8413.951416452084,0.0016788040181225537,2048.002,61440060.0
9440.608762859361,0.0016788040181225537,1792.31,53769300.0
10592.537251772746,0.0016788040181225537,1535.56,46066800.0
11885.022274369994,0.0016788040181225537,512.8530000000001,15385590.000000002
13335.21432163324,0.0016788040181225537,255.28,7658400.0
29.853826189179404,0.0018836490894898097,257.42900000000003,7722870.000000001
53.088444423098466,0.0018836490894898097,256.501,7695029.999999999
94.40608762859158,0.0018836490894898097,255.93599999999998,7678079.999999999
105.92537251772973,0.0018836490894898097,1024.882,30746460.0
118.85022274370104,0.0018836490894898097,511.055,15331650.0
133.3521432163324,0.0018836490894898097,1537.9379999999999,46138139.99999999
149.62356560944465,0.0018836490894898097,1026.241,30787230.0
167.8804018122547,0.0018836490894898097,2304.584,69137520.0
188.36490894898174,0.0018836490894898097,1279.836,38395080.0
211.3489039836628,0.0018836490894898097,2051.5980000000004,61547940.000000015
237.13737056616552,0.0018836490894898097,2049.3579999999997,61480739.99999999
266.0725059798836,0.0018836490894898097,4355.561999999999,130666859.99999997
298.5382618917933,0.0018836490894898097,4096.305,122889150.00000001
334.9654391578307,0.0018836490894898097,3841.6240000000007,115248720.00000001
375.8374042884401,0.0018836490894898097,9468.719000000001,284061570.0
421.6965034285823,0.0018836490894898097,8965.081999999999,268952459.99999994
473.15125896148606,0.0018836490894898097,11523.930999999999,345717929.99999994
530.8844442309858,0.0018836490894898097,13830.518999999997,414915569.9999999
595.6621435290127,0.0018836490894898097,18948.857000000004,568465710.0000001
668.3439175686067,0.0018836490894898097,23820.771999999997,714623159.9999999
749.8942093324558,0.0018836490894898097,22536.498,676094940.0
841.395141645206,0.0018836490894898097,29705.883,891176490.0
944.0608762859226,0.0018836490894898097,39445.28400000001,1183358520.0000002
1059.2537251772887,0.0018836490894898097,44828.74100000001,1344862230.0000002
1188.502227437003,0.0018836490894898097,49689.832,1490694960.0
1333.521432163324,0.0018836490894898097,61477.383999999984,1844321519.9999995
1496.2356560944527,0.0018836490894898097,59670.58700000002,1790117610.0000007
1678.8040181225674,0.0018836490894898097,61460.292000000016,1843808760.0000005
1883.6490894897943,0.0018836490894898097,53011.695999999996,1590350880.0
2113.4890398366174,0.0018836490894898097,58663.75499999999,1759912649.9999998
2371.373705661655,0.0018836490894898097,56360.734000000004,1690822020.0000002
2660.7250597988495,0.0018836490894898097,53270.386999999995,1598111609.9999998
2985.3826189179845,0.0018836490894898097,43534.362,1306030860.0
3349.6543915782518,0.0018836490894898097,36630.514,1098915420.0
3758.3740428843894,0.0018836490894898097,25356.408,760692240.0
4216.965034285822,0.0018836490894898097,20748.498000000003,622454940.0000001
4731.51258961488,0.0018836490894898097,14339.944999999998,430198349.99999994
5308.844442309939,0.0018836490894898097,12803.507000000001,384105210.00000006
5956.621435290042,0.0018836490894898097,8451.195,253535850.0
6683.43917568604,0.0018836490894898097,4608.719,138261570.0
7498.942093324558,0.0018836490894898097,3073.3250000000003,92199750.00000001
8413.951416452084,0.0018836490894898097,1280.3570000000002,38410710.00000001
9440.608762859361,0.0018836490894898097,256.501,7695029.999999999
10592.537251772746,0.0018836490894898097,514.0409999999999,15421229.999999998
23.71373705661655,0.002113489039836622,256.66200000000003,7699860.000000001
26.60725059798806,0.002113489039836622,254.36400000000003,7630920.000000001
33.49654391578298,0.002113489039836622,255.501,7665030.0
37.58374042884437,0.002113489039836622,256.012,7680360.0
53.088444423098466,0.002113489039836622,512.143,15364290.0
74.98942093324558,0.002113489039836622,769.6980000000001,23090940.000000004
84.13951416452004,0.002113489039836622,256.024,7680720.0
94.40608762859158,0.002113489039836622,768.865,23065950.0
105.92537251772973,0.002113489039836622,1280.179,38405370.0
118.85022274370104,0.002113489039836622,2052.099,61562970.00000001
133.3521432163324,0.002113489039836622,769.137,23074110.0
149.62356560944465,0.002113489039836622,1791.5010000000002,53745030.00000001
167.8804018122547,0.002113489039836622,2301.873,69056190.0
188.36490894898174,0.002113489039836622,1792.425,53772750.0
211.3489039836628,0.002113489039836622,4608.288,138248640.0
237.13737056616552,0.002113489039836622,3841.044,115231320.0
266.0725059798836,0.002113489039836622,3584.8,107544000.0
298.5382618917933,0.002113489039836622,6406.097999999999,192182939.99999997
334.9654391578307,0.002113489039836622,8705.269000000002,261158070.00000006
375.8374042884401,0.002113489039836622,6656.097999999999,199682939.99999997
421.6965034285823,0.002113489039836622,13321.048,399631440.0
473.15125896148606,0.002113489039836622,16642.797,499283909.99999994
530.8844442309858,0.002113489039836622,16649.243,499477289.99999994
595.6621435290127,0.002113489039836622,16130.977000000003,483929310.00000006
668.3439175686067,0.002113489039836622,24079.588000000003,722387640.0000001
749.8942093324558,0.002113489039836622,33820.13,1014603899.9999999
841.395141645206,0.002113489039836622,41232.33500000001,1236970050.0000002
944.0608762859226,0.002113489039836622,42000.85100000001,1260025530.0000002
1059.2537251772887,0.002113489039836622,45608.62699999999,1368258809.9999998
1188.502227437003,0.002113489039836622,60176.691,1805300730.0
1333.521432163324,0.002113489039836622,57623.978999999985,1728719369.9999995
1496.2356560944527,0.002113489039836622,63247.280999999995,1897418429.9999998
1678.8040181225674,0.002113489039836622,60973.21800000001,1829196540.0000002
1883.6490894897943,0.002113489039836622,68640.077,2059202310.0000002
2113.4890398366174,0.002113489039836622,61226.11399999999,1836783419.9999995
2371.373705661655,0.002113489039836622,59426.76500000002,1782802950.0000007
2660.7250597988495,0.002113489039836622,49431.881000000016,1482956430.0000005
2985.3826189179845,0.002113489039836622,34832.94799999999,1044988439.9999996
3349.6543915782518,0.002113489039836622,33818.83700000001,1014565110.0000002
3758.3740428843894,0.002113489039836622,20500.240999999998,615007230.0
4216.965034285822,0.002113489039836622,20232.689000000002,606980670.0000001
4731.51258961488,0.002113489039836622,10502.326,315069780.0
5308.844442309939,0.002113489039836622,6658.496,199754880.0
5956.621435290042,0.002113489039836622,6399.7390000000005,191992170.0
6683.43917568604,0.002113489039836622,2050.0600000000004,61501800.000000015
7498.942093324558,0.002113489039836622,2307.9559999999997,69238679.99999999
8413.951416452084,0.002113489039836622,1537.3429999999998,46120289.99999999
9440.608762859361,0.002113489039836622,768.9910000000001,23069730.000000004
14962.356560944603,0.002113489039836622,255.096,7652880.0
16788.040181225864,0.002113489039836622,255.805,7674150.0
21.13489039836654,0.0023713737056616554,255.49900000000002,7664970.000000001
26.60725059798806,0.0023713737056616554,256.207,7686210.0
37.58374042884437,0.0023713737056616554,256.21500000000003,7686450.000000001
59.56621435290149,0.0023713737056616554,769.399,23081970.0
66.83439175686115,0.0023713737056616554,513.2660000000001,15397980.000000002
74.98942093324558,0.0023713737056616554,768.3960000000001,23051880.000000004
84.13951416452004,0.0023713737056616554,255.28,7658400.0
94.40608762859158,0.0023713737056616554,1025.928,30777840.000000004
105.92537251772973,0.0023713737056616554,1536.3959999999997,46091879.99999999
118.85022274370104,0.0023713737056616554,2562.779,76883370.0
133.3521432163324,0.0023713737056616554,1279.7689999999998,38393069.99999999
149.62356560944465,0.0023713737056616554,1794.7839999999999,53843520.0
167.8804018122547,0.0023713737056616554,257.42900000000003,7722870.000000001
188.36490894898174,0.0023713737056616554,4095.5440000000003,122866320.00000001
211.3489039836628,0.0023713737056616554,3588.2940000000003,107648820.00000001
237.13737056616552,0.0023713737056616554,3072.458,92173740.0
266.0725059798836,0.0023713737056616554,4863.576999999999,145907309.99999997
298.5382618917933,0.0023713737056616554,8193.973999999998,245819219.99999994
334.9654391578307,0.0023713737056616554,9990.424,299712720.0
375.8374042884401,0.0023713737056616554,10745.447,322363410.0
421.6965034285823,0.0023713737056616554,15629.381,468881430.0
473.15125896148606,0.0023713737056616554,20997.150000000005,629914500.0000001
530.8844442309858,0.0023713737056616554,21000.181,630005430.0
595.6621435290127,0.0023713737056616554,29201.138000000006,876034140.0000002
668.3439175686067,0.0023713737056616554,32515.201999999997,975456059.9999999
749.8942093324558,0.0023713737056616554,43030.378,1290911340.0
841.395141645206,0.0023713737056616554,45596.179,1367885370.0
944.0608762859226,0.0023713737056616554,56082.28099999998,1682468429.9999995
1059.2537251772887,0.0023713737056616554,56336.00999999998,1690080299.9999995
1188.502227437003,0.0023713737056616554,72240.77600000003,2167223280.000001
1333.521432163324,0.0023713737056616554,70168.65699999999,2105059709.9999998
1496.2356560944527,0.0023713737056616554,71211.45000000001,2136343500.0000002
1678.8040181225674,0.0023713737056616554,74018.353,2220550590.0
1883.6490894897943,0.0023713737056616554,64292.923999999985,1928787719.9999995
2113.4890398366174,0.0023713737056616554,63268.93699999998,1898068109.9999995
2371.373705661655,0.0023713737056616554,49420.16500000001,1482604950.0000002
2660.7250597988495,0.0023713737056616554,38933.65,1168009500.0
2985.3826189179845,0.0023713737056616554,30221.206000000002,906636180.0
3349.6543915782518,0.0023713737056616554,24843.546000000006,745306380.0000001
3758.3740428843894,0.0023713737056616554,20229.612999999998,606888389.9999999
4216.965034285822,0.0023713737056616554,12805.794000000002,384173820.00000006
4731.51258961488,0.0023713737056616554,10508.298999999999,315248970.0
5308.844442309939,0.0023713737056616554,8196.226999999999,245886809.99999997
5956.621435290042,0.0023713737056616554,2561.462,76843860.0
6683.43917568604,0.0023713737056616554,2818.295,84548850.0
7498.942093324558,0.0023713737056616554,1281.1580000000001,38434740.00000001
8413.951416452084,0.0023713737056616554,769.542,23086260.0
9440.608762859361,0.0023713737056616554,512.3330000000001,15369990.000000002
21.13489039836654,0.0026607250597988383,257.047,7711410.000000001
23.71373705661655,0.0026607250597988383,256.024,7680720.0
47.315125896148174,0.0026607250597988383,255.981,7679430.0
53.088444423098466,0.0026607250597988383,512.1360000000001,15364080.000000002
66.83439175686115,0.0026607250597988383,1024.718,30741540.000000004
74.98942093324558,0.0026607250597988383,1280.918,38427540.0
84.13951416452004,0.0026607250597988383,1538.0470000000003,46141410.00000001
94.40608762859158,0.0026607250597988383,2043.45,61303500.0
105.92537251772973,0.0026607250597988383,1538.314,46149420.0
118.85022274370104,0.0026607250597988383,1278.889,38366670.0
133.3521432163324,0.0026607250597988383,2305.813,69174390.0
149.62356560944465,0.0026607250597988383,2821.797,84653910.0
167.8804018122547,0.0026607250597988383,4352.766,130582979.99999999
188.36490894898174,0.0026607250597988383,3840.0250000000005,115200750.00000001
211.3489039836628,0.0026607250597988383,4098.016,122940479.99999999
237.13737056616552,0.0026607250597988383,5889.991999999998,176699759.99999994
266.0725059798836,0.0026607250597988383,10506.051999999998,315181559.99999994
298.5382618917933,0.0026607250597988383,8197.396999999999,245921909.99999997
334.9654391578307,0.0026607250597988383,15618.320000000003,468549600.0000001
375.8374042884401,0.0026607250597988383,15364.789000000004,460943670.0000001
421.6965034285823,0.0026607250597988383,19716.406,591492180.0
473.15125896148606,0.0026607250597988383,23815.785,714473550.0
530.8844442309858,0.0026607250597988383,29461.819000000003,883854570.0000001
595.6621435290127,0.0026607250597988383,31502.416999999994,945072509.9999998
668.3439175686067,0.0026607250597988383,36112.011000000006,1083360330.0000002
749.8942093324558,0.0026607250597988383,43814.05100000001,1314421530.0000002
841.395141645206,0.0026607250597988383,49684.75799999998,1490542739.9999993
944.0608762859226,0.0026607250597988383,61707.234999999986,1851217049.9999995
1059.2537251772887,0.0026607250597988383,62240.445999999996,1867213380.0
1188.502227437003,0.0026607250597988383,76053.55399999999,2281606619.9999995
1333.521432163324,0.0026607250597988383,71974.96300000002,2159248890.0000005
1496.2356560944527,0.0026607250597988383,57882.50799999998,1736475239.9999993
1678.8040181225674,0.0026607250597988383,71725.33099999998,2151759929.9999995
1883.6490894897943,0.0026607250597988383,65827.86499999998,1974835949.9999993
2113.4890398366174,0.0026607250597988383,51722.22399999998,1551666719.9999995
2371.373705661655,0.0026607250597988383,45579.746999999996,1367392409.9999998
2660.7250597988495,0.0026607250597988383,35853.28,1075598400.0
2985.3826189179845,0.0026607250597988383,24829.21100000001,744876330.0000004
3349.6543915782518,0.0026607250597988383,20997.096000000005,629912880.0000001
3758.3740428843894,0.0026607250597988383,12038.486999999996,361154609.9999999
4216.965034285822,0.0026607250597988383,11013.716999999997,330411509.9999999
4731.51258961488,0.0026607250597988383,7425.926999999999,222777809.99999997
5308.844442309939,0.0026607250597988383,2563.726,76911780.0
5956.621435290042,0.0026607250597988383,2305.515,69165450.0
6683.43917568604,0.0026607250597988383,1535.32,46059600.0
7498.942093324558,0.0026607250597988383,1793.213,53796390.0
8413.951416452084,0.0026607250597988383,768.6289999999999,23058869.999999996
11885.022274369994,0.0026607250597988383,255.725,7671750.0
14.962356560944274,0.002985382618917933,255.423,7662690.0
21.13489039836654,0.002985382618917933,256.525,7695749.999999999
29.853826189179404,0.002985382618917933,256.883,7706489.999999999
33.49654391578298,0.002985382618917933,256.135,7684050.0
37.58374042884437,0.002985382618917933,254.678,7640340.0
42.169650342858226,0.002985382618917933,255.881,7676430.0
47.315125896148174,0.002985382618917933,512.9540000000001,15388620.000000002
53.088444423098466,0.002985382618917933,1024.095,30722850.0
59.56621435290149,0.002985382618917933,511.76899999999995,15353069.999999998
66.83439175686115,0.002985382618917933,1535.9279999999999,46077840.0
84.13951416452004,0.002985382618917933,1794.496,53834880.0
94.40608762859158,0.002985382618917933,510.54900000000004,15316470.000000002
105.92537251772973,0.002985382618917933,1282.519,38475570.0
118.85022274370104,0.002985382618917933,1534.8870000000002,46046610.00000001
133.3521432163324,0.002985382618917933,2306.101,69183030.0
149.62356560944465,0.002985382618917933,1536.086,46082580.0
167.8804018122547,0.002985382618917933,4867.93,146037900.0
188.36490894898174,0.002985382618917933,5379.098000000001,161372940.00000003
211.3489039836628,0.002985382618917933,7935.068,238052040.0
237.13737056616552,0.002985382618917933,7939.186999999999,238175609.99999997
266.0725059798836,0.002985382618917933,9474.199999999999,284225999.99999994
298.5382618917933,0.002985382618917933,10246.066,307381980.0
334.9654391578307,0.002985382618917933,11780.837,353425110.0
375.8374042884401,0.002985382618917933,22285.100000000006,668553000.0000001
421.6965034285823,0.002985382618917933,28161.37100000001,844841130.0000004
473.15125896148606,0.002985382618917933,30731.64900000001,921949470.0000002
530.8844442309858,0.002985382618917933,30986.223000000013,929586690.0000004
595.6621435290127,0.002985382618917933,45088.143,1352644290.0
668.3439175686067,0.002985382618917933,44828.238,1344847140.0
749.8942093324558,0.002985382618917933,57893.69800000001,1736810940.0000002
841.395141645206,0.002985382618917933,60450.885,1813526550.0
944.0608762859226,0.002985382618917933,68633.18800000001,2058995640.0000002
1059.2537251772887,0.002985382618917933,74293.52799999998,2228805839.9999995
1188.502227437003,0.002985382618917933,87590.51200000003,2627715360.000001
1333.521432163324,0.002985382618917933,76320.95300000001,2289628590.0000005
1496.2356560944527,0.002985382618917933,77336.376,2320091280.0
1678.8040181225674,0.002985382618917933,69410.569,2082317070.0
1883.6490894897943,0.002985382618917933,55062.52600000001,1651875780.0000005
2113.4890398366174,0.002985382618917933,42253.03500000002,1267591050.0000005
2371.373705661655,0.002985382618917933,33296.346000000005,998890380.0000001
2660.7250597988495,0.002985382618917933,29449.679,883490370.0
2985.3826189179845,0.002985382618917933,23299.449999999997,698983499.9999999
3349.6543915782518,0.002985382618917933,15628.619000000002,468858570.00000006
3758.3740428843894,0.002985382618917933,10248.043999999998,307441319.99999994
4216.965034285822,0.002985382618917933,9988.348,299650440.0
4731.51258961488,0.002985382618917933,4865.349,145960470.0
5308.844442309939,0.002985382618917933,3076.0170000000003,92280510.00000001
5956.621435290042,0.002985382618917933,1279.5200000000002,38385600.00000001
6683.43917568604,0.002985382618917933,768.01,23040300.0
7498.942093324558,0.002985382618917933,1025.248,30757440.0
11.885022274370238,0.0033496543915783068,256.207,7686210.0
14.962356560944274,0.0033496543915783068,255.808,7674240.0
23.71373705661655,0.0033496543915783068,255.805,7674150.0
29.853826189179404,0.0033496543915783068,769.7710000000001,23093130.000000004
33.49654391578298,0.0033496543915783068,256.502,7695060.0
37.58374042884437,0.0033496543915783068,255.865,7675950.0
42.169650342858226,0.0033496543915783068,770.3279999999999,23109839.999999996
47.315125896148174,0.0033496543915783068,768.91,23067300.0
53.088444423098466,0.0033496543915783068,512.7719999999999,15383159.999999998
59.56621435290149,0.0033496543915783068,256.908,7707240.0
66.83439175686115,0.0033496543915783068,512.909,15387270.0
74.98942093324558,0.0033496543915783068,1537.183,46115490.0
84.13951416452004,0.0033496543915783068,1791.7250000000004,53751750.00000001
94.40608762859158,0.0033496543915783068,1536.674,46100220.0
105.92537251772973,0.0033496543915783068,1793.2130000000002,53796390.00000001
118.85022274370104,0.0033496543915783068,1794.1119999999999,53823359.99999999
133.3521432163324,0.0033496543915783068,4607.679,138230370.0
149.62356560944465,0.0033496543915783068,5376.427000000001,161292810.00000003
167.8804018122547,0.0033496543915783068,4865.539,145966170.0
188.36490894898174,0.0033496543915783068,4870.177000000001,146105310.00000003
211.3489039836628,0.0033496543915783068,6914.756,207442680.0
237.13737056616552,0.0033496543915783068,11013.536000000002,330406080.00000006
266.0725059798836,0.0033496543915783068,11274.070999999998,338222129.99999994
298.5382618917933,0.0033496543915783068,16134.736000000004,484042080.0000001
334.9654391578307,0.0033496543915783068,22283.594000000005,668507820.0000001
375.8374042884401,0.0033496543915783068,24071.44,722143200.0
421.6965034285823,0.0033496543915783068,33040.16500000001,991204950.0000002
473.15125896148606,0.0033496543915783068,32266.478000000003,967994340.0000001
530.8844442309858,0.0033496543915783068,38934.421,1168032630.0
595.6621435290127,0.0033496543915783068,51740.64299999999,1552219289.9999998
668.3439175686067,0.0033496543915783068,53523.60000000002,1605708000.0000007
749.8942093324558,0.0033496543915783068,67103.519,2013105570.0
841.395141645206,0.0033496543915783068,81731.34900000002,2451940470.0000005
944.0608762859226,0.0033496543915783068,80662.80100000002,2419884030.0000005
1059.2537251772887,0.0033496543915783068,87859.41700000002,2635782510.0000005
1188.502227437003,0.0033496543915783068,80689.97499999999,2420699249.9999995
1333.521432163324,0.0033496543915783068,71180.52,2135415600.0000002
1496.2356560944527,0.0033496543915783068,71716.62199999999,2151498659.9999995
1678.8040181225674,0.0033496543915783068,59160.043000000005,1774801290.0000002
1883.6490894897943,0.0033496543915783068,48141.51499999999,1444245449.9999998
2113.4890398366174,0.0033496543915783068,39173.21600000001,1175196480.0000002
2371.373705661655,0.0033496543915783068,30991.31400000001,929739420.0000002
2660.7250597988495,0.0033496543915783068,23307.119000000002,699213570.0000001
2985.3826189179845,0.0033496543915783068,17674.362,530230860.0
3349.6543915782518,0.0033496543915783068,14086.059,422581770.0
3758.3740428843894,0.0033496543915783068,7685.543,230566290.0
4216.965034285822,0.0033496543915783068,5118.985,153569550.0
4731.51258961488,0.0033496543915783068,4867.143,146014290.0
5308.844442309939,0.0033496543915783068,1794.6470000000002,53839410.00000001
5956.621435290042,0.0033496543915783068,1791.3069999999998,53739209.99999999
6683.43917568604,0.0033496543915783068,1282.1170000000002,38463510.00000001
7498.942093324558,0.0033496543915783068,256.659,7699770.0
8413.951416452084,0.0033496543915783068,256.66200000000003,7699860.000000001
23.71373705661655,0.003758374042884405,256.501,7695029.999999999
33.49654391578298,0.003758374042884405,255.766,7672980.0
42.169650342858226,0.003758374042884405,512.293,15368790.0
47.315125896148174,0.003758374042884405,766.927,23007810.0
53.088444423098466,0.003758374042884405,1027.562,30826859.999999996
59.56621435290149,0.003758374042884405,512.8919999999999,15386759.999999998
66.83439175686115,0.003758374042884405,1280.394,38411820.0
74.98942093324558,0.003758374042884405,1025.72,30771600.0
84.13951416452004,0.003758374042884405,1793.0310000000002,53790930.00000001
94.40608762859158,0.003758374042884405,1538.746,46162380.0
105.92537251772973,0.003758374042884405,1536.861,46105830.0
118.85022274370104,0.003758374042884405,4351.421,130542630.00000001
133.3521432163324,0.003758374042884405,4352.714,130581420.0
149.62356560944465,0.003758374042884405,6659.275000000001,199778250.00000003
167.8804018122547,0.003758374042884405,9735.738000000001,292072140.00000006
188.36490894898174,0.003758374042884405,7679.97,230399100.0
211.3489039836628,0.003758374042884405,9479.45,284383500.0
237.13737056616552,0.003758374042884405,14091.224000000006,422736720.0000002
266.0725059798836,0.003758374042884405,16390.042999999998,491701289.99999994
298.5382618917933,0.003758374042884405,18692.53,560775900.0
334.9654391578307,0.003758374042884405,22538.892000000003,676166760.0000001
375.8374042884401,0.003758374042884405,30737.199000000008,922115970.0000002
421.6965034285823,0.003758374042884405,35856.40300000001,1075692090.0000005
473.15125896148606,0.003758374042884405,40473.55200000001,1214206560.0000002
530.8844442309858,0.003758374042884405,50723.21399999999,1521696419.9999998
595.6621435290127,0.003758374042884405,66071.294,1982138819.9999998
668.3439175686067,0.003758374042884405,66846.698,2005400940.0
749.8942093324558,0.003758374042884405,73251.046,2197531380.0
841.395141645206,0.003758374042884405,78637.201,2359116030.0
944.0608762859226,0.003758374042884405,88873.77099999998,2666213129.9999995
1059.2537251772887,0.003758374042884405,80678.49999999999,2420354999.9999995
1188.502227437003,0.003758374042884405,81946.95500000002,2458408650.0000005
1333.521432163324,0.003758374042884405,76318.182,2289545460.0
1496.2356560944527,0.003758374042884405,66843.29199999999,2005298759.9999995
1678.8040181225674,0.003758374042884405,58391.96100000001,1751758830.0000002
1883.6490894897943,0.003758374042884405,48900.523999999976,1467015719.9999993
2113.4890398366174,0.003758374042884405,33289.51,998685300.0000001
2371.373705661655,0.003758374042884405,17922.500999999993,537675029.9999998
2660.7250597988495,0.003758374042884405,17413.429999999993,522402899.99999976
2985.3826189179845,0.003758374042884405,15110.895999999999,453326879.99999994
3349.6543915782518,0.003758374042884405,10246.319,307389570.0
3758.3740428843894,0.003758374042884405,5123.971,153719130.0
4216.965034285822,0.003758374042884405,4868.762000000001,146062860.00000003
4731.51258961488,0.003758374042884405,2047.01,61410300.0
5308.844442309939,0.003758374042884405,1024.9360000000001,30748080.000000004
5956.621435290042,0.003758374042884405,514.497,15434909.999999998
6683.43917568604,0.003758374042884405,1022.912,30687360.0
7498.942093324558,0.003758374042884405,767.6980000000001,23030940.000000004
9440.608762859361,0.003758374042884405,256.659,7699770.0
13.33521432163324,0.004216965034285823,256.041,7681230.0
16.788040181225522,0.004216965034285823,255.981,7679430.0
23.71373705661655,0.004216965034285823,255.245,7657350.0
33.49654391578298,0.004216965034285823,255.981,7679430.0
37.58374042884437,0.004216965034285823,767.29,23018700.0
42.169650342858226,0.004216965034285823,256.14,7684200.0
47.315125896148174,0.004216965034285823,1023.5409999999999,30706230.0
53.088444423098466,0.004216965034285823,2304.126,69123780.0
59.56621435290149,0.004216965034285823,1536.428,46092840.0
66.83439175686115,0.004216965034285823,1281.4160000000002,38442480.00000001
74.98942093324558,0.004216965034285823,1535.8470000000002,46075410.00000001
84.13951416452004,0.004216965034285823,2307.88,69236400.0
94.40608762859158,0.004216965034285823,2304.39,69131700.0
105.92537251772973,0.004216965034285823,1537.431,46122930.0
118.85022274370104,0.004216965034285823,5892.8679999999995,176786039.99999997
133.3521432163324,0.004216965034285823,5376.820999999999,161304629.99999997
149.62356560944465,0.004216965034285823,4608.484,138254520.0
167.8804018122547,0.004216965034285823,6144.631000000001,184338930.00000003
188.36490894898174,0.004216965034285823,11014.590999999999,330437729.99999994
211.3489039836628,0.004216965034285823,11266.998000000003,338009940.0000001
237.13737056616552,0.004216965034285823,18698.405,560952150.0
266.0725059798836,0.004216965034285823,17413.182,522395460.0
298.5382618917933,0.004216965034285823,25355.266000000003,760657980.0000001
334.9654391578307,0.004216965034285823,30484.685,914540550.0
375.8374042884401,0.004216965034285823,46105.94399999999,1383178319.9999998
421.6965034285823,0.004216965034285823,44057.193,1321715790.0
473.15125896148606,0.004216965034285823,52769.87999999999,1583096399.9999998
530.8844442309858,0.004216965034285823,62736.79799999999,1882103939.9999995
595.6621435290127,0.004216965034285823,65305.48300000001,1959164490.0000002
668.3439175686067,0.004216965034285823,80415.989,2412479670.0
749.8942093324558,0.004216965034285823,80672.722,2420181660.0
841.395141645206,0.004216965034285823,83742.61600000004,2512278480.000001
944.0608762859226,0.004216965034285823,96304.03199999999,2889120959.9999995
1059.2537251772887,0.004216965034285823,90658.08100000002,2719742430.0000005
1188.502227437003,0.004216965034285823,72486.68700000002,2174600610.0000005
1333.521432163324,0.004216965034285823,67859.799,2035793970.0
1496.2356560944527,0.004216965034285823,55339.93999999998,1660198199.9999995
1678.8040181225674,0.004216965034285823,46865.475999999995,1405964279.9999998
1883.6490894897943,0.004216965034285823,36374.532000000014,1091235960.0000005
2113.4890398366174,0.004216965034285823,27655.728999999992,829671869.9999998
2371.373705661655,0.004216965034285823,22292.211999999996,668766359.9999999
2660.7250597988495,0.004216965034285823,14853.285,445598550.0
2985.3826189179845,0.004216965034285823,7946.647,238399410.0
3349.6543915782518,0.004216965034285823,6146.545,184396350.0
3758.3740428843894,0.004216965034285823,4612.479000000001,138374370.00000003
4216.965034285822,0.004216965034285823,1280.5410000000002,38416230.00000001
4731.51258961488,0.004216965034285823,1790.525,53715750.0
5308.844442309939,0.004216965034285823,767.663,23029890.0
5956.621435290042,0.004216965034285823,511.785,15353550.0
6683.43917568604,0.004216965034285823,255.674,7670220.0
7498.942093324558,0.004216965034285823,255.762,7672860.0
13335.21432163324,0.004216965034285823,256.255,7687650.0
8.413951416451917,0.004731512589614847,256.501,7695029.999999999
16.788040181225522,0.004731512589614847,255.766,7672980.0
18.83649089489811,0.004731512589614847,255.808,7674240.0
23.71373705661655,0.004731512589614847,256.185,7685550.0
26.60725059798806,0.004731512589614847,768.4789999999999,23054369.999999996
33.49654391578298,0.004731512589614847,1280.979,38429370.0
37.58374042884437,0.004731512589614847,256.908,7707240.0
42.169650342858226,0.004731512589614847,256.502,7695060.0
47.315125896148174,0.004731512589614847,255.805,7674150.0
53.088444423098466,0.004731512589614847,1789.7940000000003,53693820.00000001
59.56621435290149,0.004731512589614847,1534.8980000000001,46046940.00000001
66.83439175686115,0.004731512589614847,4612.396,138371880.0
74.98942093324558,0.004731512589614847,3075.2239999999997,92256719.99999999
84.13951416452004,0.004731512589614847,1792.0529999999999,53761590.0
94.40608762859158,0.004731512589614847,2819.0850000000005,84572550.00000001
105.92537251772973,0.004731512589614847,6664.610999999999,199938329.99999997
118.85022274370104,0.004731512589614847,5379.561000000001,161386830.00000003
133.3521432163324,0.004731512589614847,5637.161999999999,169114859.99999997
149.62356560944465,0.004731512589614847,10496.612,314898360.0
167.8804018122547,0.004731512589614847,10500.698999999999,315020969.99999994
188.36490894898174,0.004731512589614847,15623.895000000002,468716850.00000006
211.3489039836628,0.004731512589614847,16139.105,484173150.0
237.13737056616552,0.004731512589614847,20236.458,607093740.0
266.0725059798836,0.004731512589614847,26127.228000000003,783816840.0000001
298.5382618917933,0.004731512589614847,31764.737999999998,952942139.9999999
334.9654391578307,0.004731512589614847,40987.071,1229612130.0
375.8374042884401,0.004731512589614847,46357.336,1390720080.0
421.6965034285823,0.004731512589614847,59170.80500000001,1775124150.0000002
473.15125896148606,0.004731512589614847,56348.249999999985,1690447499.9999995
530.8844442309858,0.004731512589614847,73763.892,2212916760.0
595.6621435290127,0.004731512589614847,85014.04800000001,2550421440.0000005
668.3439175686067,0.004731512589614847,97587.25800000002,2927617740.0000005
749.8942093324558,0.004731512589614847,99134.32800000001,2974029840.0000005
841.395141645206,0.004731512589614847,88879.60300000003,2666388090.000001
944.0608762859226,0.004731512589614847,86061.03800000002,2581831140.0000005
1059.2537251772887,0.004731512589614847,80410.30200000001,2412309060.0000005
1188.502227437003,0.004731512589614847,74015.361,2220460830.0
1333.521432163324,0.004731512589614847,58399.07300000001,1751972190.0000002
1496.2356560944527,0.004731512589614847,50712.70000000001,1521381000.0000002
1678.8040181225674,0.004731512589614847,36113.55,1083406500.0
1883.6490894897943,0.004731512589614847,30987.342000000004,929620260.0000001
2113.4890398366174,0.004731512589614847,19718.937,591568110.0
2371.373705661655,0.004731512589614847,16387.912,491637360.0
2660.7250597988495,0.004731512589614847,10756.33,322689900.0
2985.3826189179845,0.004731512589614847,6146.721,184401630.0
3349.6543915782518,0.004731512589614847,5124.209000000001,153726270.00000003
3758.3740428843894,0.004731512589614847,5375.798999999999,161273969.99999997
4216.965034285822,0.004731512589614847,1279.4730000000002,38384190.00000001
4731.51258961488,0.004731512589614847,2307.656,69229680.0
5956.621435290042,0.004731512589614847,512.342,15370260.0
6683.43917568604,0.004731512589614847,256.97400000000005,7709220.000000001
9440.608762859361,0.004731512589614847,256.66,7699800.000000001
6.683439175686171,0.0053088444423098355,256.66,7699800.000000001
8.413951416451917,0.0053088444423098355,256.13599999999997,7684079.999999999
11.885022274370238,0.0053088444423098355,256.746,7702379.999999999
13.33521432163324,0.0053088444423098355,256.024,7680720.0
16.788040181225522,0.0053088444423098355,256.66200000000003,7699860.000000001
21.13489039836654,0.0053088444423098355,255.91,7677300.0
23.71373705661655,0.0053088444423098355,256.45,7693500.0
26.60725059798806,0.0053088444423098355,769.8230000000001,23094690.000000004
33.49654391578298,0.0053088444423098355,256.731,7701930.0
37.58374042884437,0.0053088444423098355,1281.192,38435760.0
42.169650342858226,0.0053088444423098355,1280.851,38425530.0
47.315125896148174,0.0053088444423098355,1535.9060000000002,46077180.00000001
53.088444423098466,0.0053088444423098355,1791.7720000000002,53753160.00000001
59.56621435290149,0.0053088444423098355,2306.157,69184710.0
66.83439175686115,0.0053088444423098355,2559.596,76787880.0
74.98942093324558,0.0053088444423098355,3071.999,92159970.0
84.13951416452004,0.0053088444423098355,4863.581,145907430.0
94.40608762859158,0.0053088444423098355,6401.675,192050250.0
105.92537251772973,0.0053088444423098355,6657.659000000001,199729770.00000003
118.85022274370104,0.0053088444423098355,4864.087,145922610.0
133.3521432163324,0.0053088444423098355,11525.583999999999,345767519.99999994
149.62356560944465,0.0053088444423098355,11525.103,345753090.0
167.8804018122547,0.0053088444423098355,9219.675000000001,276590250.00000006
188.36490894898174,0.0053088444423098355,18440.797000000006,553223910.0000001
211.3489039836628,0.0053088444423098355,18442.713,553281390.0
237.13737056616552,0.0053088444423098355,29458.299000000003,883748970.0000001
266.0725059798836,0.0053088444423098355,32525.762000000002,975772860.0000001
298.5382618917933,0.0053088444423098355,43024.74699999998,1290742409.9999995
334.9654391578307,0.0053088444423098355,43277.928,1298337840.0
375.8374042884401,0.0053088444423098355,56593.88199999999,1697816459.9999998
421.6965034285823,0.0053088444423098355,69927.698,2097830940.0
473.15125896148606,0.0053088444423098355,72741.997,2182259910.0
530.8844442309858,0.0053088444423098355,80181.47900000002,2405444370.0000005
595.6621435290127,0.0053088444423098355,96541.245,2896237350.0
668.3439175686067,0.0053088444423098355,97815.25900000002,2934457770.0000005
749.8942093324558,0.0053088444423098355,92469.447,2774083410.0
841.395141645206,0.0053088444423098355,87594.82800000001,2627844840.0000005
944.0608762859226,0.0053088444423098355,81195.91100000001,2435877330.0
1059.2537251772887,0.0053088444423098355,74784.297,2243528910.0
1188.502227437003,0.0053088444423098355,64297.912000000004,1928937360.0
1333.521432163324,0.0053088444423098355,50454.96100000002,1513648830.0000005
1496.2356560944527,0.0053088444423098355,44568.393,1337051790.0
1678.8040181225674,0.0053088444423098355,36626.583,1098797490.0
1883.6490894897943,0.0053088444423098355,16389.278,491678339.99999994
2113.4890398366174,0.0053088444423098355,16908.909000000003,507267270.0000001
2371.373705661655,0.0053088444423098355,11264.062999999998,337921889.99999994
2660.7250597988495,0.0053088444423098355,7686.478999999999,230594369.99999997
2985.3826189179845,0.0053088444423098355,5890.2300000000005,176706900.0
3349.6543915782518,0.0053088444423098355,3587.6630000000005,107629890.00000001
3758.3740428843894,0.0053088444423098355,2815.619,84468570.0
4216.965034285822,0.0053088444423098355,511.755,15352650.0
4731.51258961488,0.0053088444423098355,769.248,23077440.0
5956.621435290042,0.0053088444423098355,255.762,7672860.0
7498.942093324558,0.0053088444423098355,511.977,15359310.0
6.683439175686171,0.0059566214352901525,255.39200000000002,7661760.000000001
16.788040181225522,0.0059566214352901525,1025.639,30769169.999999996
18.83649089489811,0.0059566214352901525,768.7979999999999,23063939.999999996
23.71373705661655,0.0059566214352901525,256.188,7685640.0
26.60725059798806,0.0059566214352901525,1023.8379999999999,30715139.999999996
29.853826189179404,0.0059566214352901525,769.225,23076750.0
33.49654391578298,0.0059566214352901525,511.338,15340140.0
37.58374042884437,0.0059566214352901525,768.9250000000001,23067750.000000004
42.169650342858226,0.0059566214352901525,1022.764,30682920.0
47.315125896148174,0.0059566214352901525,512.724,15381720.000000002
53.088444423098466,0.0059566214352901525,1022.717,30681510.0
59.56621435290149,0.0059566214352901525,2559.8720000000003,76796160.00000001
66.83439175686115,0.0059566214352901525,2819.9770000000003,84599310.00000001
74.98942093324558,0.0059566214352901525,3328.9969999999994,99869909.99999999
84.13951416452004,0.0059566214352901525,3591.9089999999997,107757269.99999999
94.40608762859158,0.0059566214352901525,4863.977,145919310.0
105.92537251772973,0.0059566214352901525,6144.955000000002,184348650.00000006
118.85022274370104,0.0059566214352901525,9214.929,276447870.0
133.3521432163324,0.0059566214352901525,9214.55,276436500.0
149.62356560944465,0.0059566214352901525,17413.488999999998,522404669.99999994
167.8804018122547,0.0059566214352901525,19725.417,591762510.0
188.36490894898174,0.0059566214352901525,19460.933000000005,583827990.0000001
211.3489039836628,0.0059566214352901525,30471.119,914133570.0
237.13737056616552,0.0059566214352901525,31505.599000000013,945167970.0000004
266.0725059798836,0.0059566214352901525,46365.683,1390970490.0
298.5382618917933,0.0059566214352901525,48161.125,1444833750.0
334.9654391578307,0.0059566214352901525,63500.14300000001,1905004290.0000002
375.8374042884401,0.0059566214352901525,71710.64500000003,2151319350.000001
421.6965034285823,0.0059566214352901525,73510.858,2205325740.0
473.15125896148606,0.0059566214352901525,86581.34300000005,2597440290.0000014
530.8844442309858,0.0059566214352901525,87841.07800000001,2635232340.0000005
595.6621435290127,0.0059566214352901525,98865.85699999999,2965975709.9999995
668.3439175686067,0.0059566214352901525,94503.94100000002,2835118230.0000005
749.8942093324558,0.0059566214352901525,103492.83399999999,3104785019.9999995
841.395141645206,0.0059566214352901525,96821.27500000001,2904638250.0000005
944.0608762859226,0.0059566214352901525,83224.28899999999,2496728669.9999995
1059.2537251772887,0.0059566214352901525,67364.28899999999,2020928669.9999998
1188.502227437003,0.0059566214352901525,49950.19800000001,1498505940.0000002
1333.521432163324,0.0059566214352901525,41236.71700000001,1237101510.0000002
1496.2356560944527,0.0059566214352901525,35353.43300000001,1060602990.0000004
1678.8040181225674,0.0059566214352901525,27146.227000000006,814386810.0000002
1883.6490894897943,0.0059566214352901525,16128.352,483850560.0
2113.4890398366174,0.0059566214352901525,11013.756999999998,330412709.99999994
2371.373705661655,0.0059566214352901525,8967.247999999998,269017439.99999994
2660.7250597988495,0.0059566214352901525,6916.772999999999,207503189.99999997
2985.3826189179845,0.0059566214352901525,3586.782,107603460.0
3349.6543915782518,0.0059566214352901525,1790.9150000000004,53727450.000000015
3758.3740428843894,0.0059566214352901525,2303.692,69110760.0
4216.965034285822,0.0059566214352901525,1025.901,30777030.000000004
4731.51258961488,0.0059566214352901525,256.252,7687560.0
5956.621435290042,0.0059566214352901525,256.269,7688070.0
7498.942093324558,0.0059566214352901525,256.024,7680720.0
